****************************************
Report : cell
Design : zigbee
Version: O-2018.06-SP1
Date   : Mon Sep 21 04:46:20 2026
****************************************

Attributes
    b - black-box (unknown)
    h - hierarchical
    n - noncombinational
    u - contains unmapped logic
    E - extracted timing model
    Q - Quick timing model
    U - Unbound (missing)
    s - user size_only
    S - implicit size_only
    d - user dont_touch
    D - derived dont_touch
    o - synthetic operator


Cell                      Reference       Library          Attributes
--------------------------------------------------------------------------------
CTS_cts_buf_1160931607    NBUFFX8_LVT     saed32_lvt|saed32_lvt_std
CTS_cts_buf_1161431612    NBUFFX8_LVT     saed32_lvt|saed32_lvt_std
CTS_cts_buf_1161931617    NBUFFX8_LVT     saed32_lvt|saed32_lvt_std
CTS_cts_inv_1069130689    INVX4_LVT       saed32_lvt|saed32_lvt_std
CTS_cts_inv_1069230690    INVX2_HVT       saed32_hvt|saed32_hvt_std
CTS_cts_inv_1069330691    INVX4_LVT       saed32_lvt|saed32_lvt_std
CTS_cts_inv_1069430692    INVX4_LVT       saed32_lvt|saed32_lvt_std
CTS_cts_inv_1069530693    INVX2_HVT       saed32_hvt|saed32_hvt_std
CTS_cts_inv_1069630694    INVX4_LVT       saed32_lvt|saed32_lvt_std
CTS_cts_inv_1069730695    INVX4_LVT       saed32_lvt|saed32_lvt_std
CTS_cts_inv_1069830696    INVX2_LVT       saed32_lvt|saed32_lvt_std
CTS_cts_inv_1069930697    INVX2_LVT       saed32_lvt|saed32_lvt_std
CTS_cts_inv_1070030698    INVX2_RVT       saed32_rvt|saed32_rvt_std
CTS_cts_inv_1070130699    INVX4_LVT       saed32_lvt|saed32_lvt_std
CTS_cts_inv_1070230700    INVX4_RVT       saed32_rvt|saed32_rvt_std
CTS_cts_inv_1070330701    INVX4_LVT       saed32_lvt|saed32_lvt_std
CTS_cts_inv_1070430702    INVX4_LVT       saed32_lvt|saed32_lvt_std
CTS_cts_inv_1070530703    INVX2_RVT       saed32_rvt|saed32_rvt_std
CTS_cts_inv_1070630704    INVX4_LVT       saed32_lvt|saed32_lvt_std
CTS_cts_inv_1070730705    INVX2_HVT       saed32_hvt|saed32_hvt_std
CTS_cts_inv_1070830706    INVX2_LVT       saed32_lvt|saed32_lvt_std
CTS_cts_inv_1070930707    INVX2_HVT       saed32_hvt|saed32_hvt_std
CTS_cts_inv_1071030708    INVX2_HVT       saed32_hvt|saed32_hvt_std
CTS_cts_inv_1071130709    INVX2_LVT       saed32_lvt|saed32_lvt_std
CTS_cts_inv_1071230710    INVX2_LVT       saed32_lvt|saed32_lvt_std
CTS_cts_inv_1071330711    INVX8_HVT       saed32_hvt|saed32_hvt_std
CTS_cts_inv_1071430712    INVX8_LVT       saed32_lvt|saed32_lvt_std
CTS_cts_inv_1071530713    INVX2_LVT       saed32_lvt|saed32_lvt_std
CTS_cts_inv_1071630714    INVX4_LVT       saed32_lvt|saed32_lvt_std
CTS_cts_inv_1071730715    INVX4_LVT       saed32_lvt|saed32_lvt_std
CTS_cts_inv_1071830716    INVX4_LVT       saed32_lvt|saed32_lvt_std
CTS_cts_inv_1071930717    INVX4_LVT       saed32_lvt|saed32_lvt_std
CTS_cts_inv_1072030718    INVX4_LVT       saed32_lvt|saed32_lvt_std
CTS_cts_inv_1072130719    INVX4_HVT       saed32_hvt|saed32_hvt_std
CTS_cts_inv_1072230720    INVX4_LVT       saed32_lvt|saed32_lvt_std
CTS_cts_inv_1072330721    INVX8_LVT       saed32_lvt|saed32_lvt_std
CTS_cts_inv_1072430722    INVX16_HVT      saed32_hvt|saed32_hvt_std
CTS_cts_inv_1072530723    INVX4_RVT       saed32_rvt|saed32_rvt_std
CTS_cts_inv_1072630724    INVX16_RVT      saed32_rvt|saed32_rvt_std
CTS_cts_inv_1072730725    INVX8_LVT       saed32_lvt|saed32_lvt_std
CTS_cts_inv_1072830726    INVX8_RVT       saed32_rvt|saed32_rvt_std
CTS_cts_inv_1072930727    INVX2_LVT       saed32_lvt|saed32_lvt_std
CTS_cts_inv_1073030728    INVX2_LVT       saed32_lvt|saed32_lvt_std
CTS_cts_inv_1073130729    INVX2_HVT       saed32_hvt|saed32_hvt_std
CTS_cts_inv_1073230730    INVX8_LVT       saed32_lvt|saed32_lvt_std
CTS_cts_inv_1073330731    INVX2_LVT       saed32_lvt|saed32_lvt_std
CTS_cts_inv_1073430732    INVX4_LVT       saed32_lvt|saed32_lvt_std
CTS_cts_inv_1073530733    INVX8_LVT       saed32_lvt|saed32_lvt_std
CTS_cts_inv_1073630734    INVX4_LVT       saed32_lvt|saed32_lvt_std
CTS_cts_inv_1073730735    INVX8_LVT       saed32_lvt|saed32_lvt_std
CTS_cts_inv_1073830736    INVX4_HVT       saed32_hvt|saed32_hvt_std
CTS_cts_inv_1073930737    INVX4_LVT       saed32_lvt|saed32_lvt_std
CTS_cts_inv_1074030738    INVX16_RVT      saed32_rvt|saed32_rvt_std
CTS_cts_inv_1074130739    INVX4_LVT       saed32_lvt|saed32_lvt_std
CTS_cts_inv_1074230740    INVX4_LVT       saed32_lvt|saed32_lvt_std
CTS_cts_inv_1074330741    INVX2_RVT       saed32_rvt|saed32_rvt_std
CTS_cts_inv_1074530743    INVX2_LVT       saed32_lvt|saed32_lvt_std
CTS_cts_inv_1074630744    INVX4_LVT       saed32_lvt|saed32_lvt_std
CTS_cts_inv_1074730745    INVX4_LVT       saed32_lvt|saed32_lvt_std
CTS_cts_inv_1074830746    INVX8_LVT       saed32_lvt|saed32_lvt_std
CTS_cts_inv_1075030748    INVX2_HVT       saed32_hvt|saed32_hvt_std
CTS_cts_inv_1075130749    INVX4_LVT       saed32_lvt|saed32_lvt_std
CTS_cts_inv_1075230750    INVX2_HVT       saed32_hvt|saed32_hvt_std
CTS_cts_inv_1075330751    INVX2_HVT       saed32_hvt|saed32_hvt_std
CTS_cts_inv_1075530753    INVX4_RVT       saed32_rvt|saed32_rvt_std
CTS_cts_inv_1075630754    INVX2_LVT       saed32_lvt|saed32_lvt_std
CTS_cts_inv_1075730755    INVX2_HVT       saed32_hvt|saed32_hvt_std
CTS_cts_inv_1075930757    INVX4_LVT       saed32_lvt|saed32_lvt_std
CTS_cts_inv_1076030758    INVX2_HVT       saed32_hvt|saed32_hvt_std
CTS_cts_inv_1076130759    INVX4_LVT       saed32_lvt|saed32_lvt_std
CTS_cts_inv_1076230760    INVX2_LVT       saed32_lvt|saed32_lvt_std
CTS_cts_inv_1076330761    INVX8_HVT       saed32_hvt|saed32_hvt_std
CTS_cts_inv_1076430762    INVX2_HVT       saed32_hvt|saed32_hvt_std
CTS_cts_inv_1076530763    INVX2_HVT       saed32_hvt|saed32_hvt_std
CTS_cts_inv_1076630764    INVX2_LVT       saed32_lvt|saed32_lvt_std
CTS_cts_inv_1076730765    INVX2_RVT       saed32_rvt|saed32_rvt_std
CTS_cts_inv_1076830766    INVX2_RVT       saed32_rvt|saed32_rvt_std
CTS_cts_inv_1076930767    INVX2_LVT       saed32_lvt|saed32_lvt_std
CTS_cts_inv_1077030768    INVX4_LVT       saed32_lvt|saed32_lvt_std
CTS_cts_inv_1077130769    INVX2_HVT       saed32_hvt|saed32_hvt_std
CTS_cts_inv_1077230770    INVX2_HVT       saed32_hvt|saed32_hvt_std
CTS_cts_inv_1077330771    INVX2_LVT       saed32_lvt|saed32_lvt_std
CTS_cts_inv_1077430772    INVX4_RVT       saed32_rvt|saed32_rvt_std
CTS_cts_inv_1077530773    INVX4_LVT       saed32_lvt|saed32_lvt_std
CTS_cts_inv_1077630774    INVX2_HVT       saed32_hvt|saed32_hvt_std
CTS_cts_inv_1077730775    INVX2_HVT       saed32_hvt|saed32_hvt_std
CTS_cts_inv_1077830776    INVX8_LVT       saed32_lvt|saed32_lvt_std
CTS_cts_inv_1118031178    INVX4_LVT       saed32_lvt|saed32_lvt_std
CTS_cts_inv_1118131179    INVX4_LVT       saed32_lvt|saed32_lvt_std
CTS_cts_inv_1118231180    INVX4_LVT       saed32_lvt|saed32_lvt_std
CTS_cts_inv_1118331181    INVX8_LVT       saed32_lvt|saed32_lvt_std
CTS_cts_inv_1118431182    INVX4_LVT       saed32_lvt|saed32_lvt_std
CTS_cts_inv_1118531183    INVX4_LVT       saed32_lvt|saed32_lvt_std
CTS_cts_inv_1118631184    INVX4_RVT       saed32_rvt|saed32_rvt_std
CTS_cts_inv_1118731185    INVX4_LVT       saed32_lvt|saed32_lvt_std
CTS_cts_inv_1118831186    INVX4_LVT       saed32_lvt|saed32_lvt_std
CTS_cts_inv_1119031188    INVX4_LVT       saed32_lvt|saed32_lvt_std
CTS_cts_inv_1119131189    INVX8_LVT       saed32_lvt|saed32_lvt_std
CTS_cts_inv_1119331191    INVX8_LVT       saed32_lvt|saed32_lvt_std
CTS_cts_inv_1119431192    INVX4_LVT       saed32_lvt|saed32_lvt_std
CTS_cts_inv_1119531193    INVX8_LVT       saed32_lvt|saed32_lvt_std
CTS_cts_inv_1119631194    INVX4_LVT       saed32_lvt|saed32_lvt_std
CTS_cts_inv_1119731195    INVX4_LVT       saed32_lvt|saed32_lvt_std
CTS_cts_inv_1119831196    INVX8_LVT       saed32_lvt|saed32_lvt_std
CTS_cts_inv_1119931197    INVX8_LVT       saed32_lvt|saed32_lvt_std
CTS_cts_inv_1120031198    INVX8_LVT       saed32_lvt|saed32_lvt_std
CTS_cts_inv_1120131199    INVX4_LVT       saed32_lvt|saed32_lvt_std
CTS_cts_inv_1120231200    INVX8_LVT       saed32_lvt|saed32_lvt_std
CTS_cts_inv_1120331201    INVX8_LVT       saed32_lvt|saed32_lvt_std
CTS_cts_inv_1120431202    INVX8_LVT       saed32_lvt|saed32_lvt_std
CTS_cts_inv_1120631204    INVX16_RVT      saed32_rvt|saed32_rvt_std
CTS_cts_inv_1120731205    INVX8_RVT       saed32_rvt|saed32_rvt_std
CTS_cts_inv_1120831206    INVX8_RVT       saed32_rvt|saed32_rvt_std
CTS_cts_inv_1120931207    INVX4_LVT       saed32_lvt|saed32_lvt_std
CTS_cts_inv_1121031208    INVX8_LVT       saed32_lvt|saed32_lvt_std
CTS_cts_inv_1121131209    INVX4_LVT       saed32_lvt|saed32_lvt_std
CTS_cts_inv_1121231210    INVX4_LVT       saed32_lvt|saed32_lvt_std
CTS_cts_inv_1121331211    INVX4_LVT       saed32_lvt|saed32_lvt_std
CTS_cts_inv_1121431212    INVX4_LVT       saed32_lvt|saed32_lvt_std
CTS_cts_inv_1121631214    INVX4_LVT       saed32_lvt|saed32_lvt_std
CTS_cts_inv_1121731215    INVX4_LVT       saed32_lvt|saed32_lvt_std
CTS_cts_inv_1121831216    INVX4_LVT       saed32_lvt|saed32_lvt_std
CTS_cts_inv_1121931217    INVX16_LVT      saed32_lvt|saed32_lvt_std
CTS_cts_inv_1122031218    INVX4_LVT       saed32_lvt|saed32_lvt_std
CTS_cts_inv_1122131219    INVX4_LVT       saed32_lvt|saed32_lvt_std
CTS_cts_inv_1122231220    INVX8_LVT       saed32_lvt|saed32_lvt_std
CTS_cts_inv_1122331221    INVX8_LVT       saed32_lvt|saed32_lvt_std
CTS_cts_inv_1122431222    INVX8_LVT       saed32_lvt|saed32_lvt_std
CTS_cts_inv_1122531223    INVX4_LVT       saed32_lvt|saed32_lvt_std
CTS_cts_inv_1122631224    INVX4_LVT       saed32_lvt|saed32_lvt_std
CTS_cts_inv_1137131369    INVX4_LVT       saed32_lvt|saed32_lvt_std
CTS_cts_inv_1137231370    INVX4_LVT       saed32_lvt|saed32_lvt_std
CTS_cts_inv_1137331371    INVX8_LVT       saed32_lvt|saed32_lvt_std
CTS_cts_inv_1137431372    INVX16_RVT      saed32_rvt|saed32_rvt_std
CTS_cts_inv_1137531373    INVX8_LVT       saed32_lvt|saed32_lvt_std
CTS_cts_inv_1137731375    INVX8_LVT       saed32_lvt|saed32_lvt_std
CTS_cts_inv_1137831376    INVX8_LVT       saed32_lvt|saed32_lvt_std
CTS_cts_inv_1137931377    INVX8_LVT       saed32_lvt|saed32_lvt_std
CTS_cts_inv_1138031378    INVX8_LVT       saed32_lvt|saed32_lvt_std
CTS_cts_inv_1138131379    INVX8_LVT       saed32_lvt|saed32_lvt_std
CTS_cts_inv_1138231380    INVX8_HVT       saed32_hvt|saed32_hvt_std
CTS_cts_inv_1138331381    INVX8_LVT       saed32_lvt|saed32_lvt_std
CTS_cts_inv_1138431382    INVX4_LVT       saed32_lvt|saed32_lvt_std
CTS_cts_inv_1138531383    INVX4_LVT       saed32_lvt|saed32_lvt_std
CTS_cts_inv_1138631384    INVX8_LVT       saed32_lvt|saed32_lvt_std
CTS_cts_inv_1138731385    INVX8_LVT       saed32_lvt|saed32_lvt_std
CTS_cts_inv_1138831386    INVX8_LVT       saed32_lvt|saed32_lvt_std
CTS_cts_inv_1138931387    INVX4_LVT       saed32_lvt|saed32_lvt_std
CTS_cts_inv_1139031388    INVX8_HVT       saed32_hvt|saed32_hvt_std
CTS_cts_inv_1139131389    INVX8_LVT       saed32_lvt|saed32_lvt_std
CTS_cts_inv_1139231390    INVX8_LVT       saed32_lvt|saed32_lvt_std
CTS_cts_inv_1139331391    INVX16_LVT      saed32_lvt|saed32_lvt_std
CTS_cts_inv_1139431392    INVX8_LVT       saed32_lvt|saed32_lvt_std
CTS_cts_inv_1146931467    INVX16_LVT      saed32_lvt|saed32_lvt_std
CTS_cts_inv_1147031468    INVX4_LVT       saed32_lvt|saed32_lvt_std
CTS_cts_inv_1147131469    INVX16_RVT      saed32_rvt|saed32_rvt_std
CTS_cts_inv_1147231470    INVX8_LVT       saed32_lvt|saed32_lvt_std
CTS_cts_inv_1147331471    INVX8_LVT       saed32_lvt|saed32_lvt_std
CTS_cts_inv_1147431472    INVX8_LVT       saed32_lvt|saed32_lvt_std
CTS_cts_inv_1147531473    INVX8_LVT       saed32_lvt|saed32_lvt_std
CTS_cts_inv_1147631474    INVX8_RVT       saed32_rvt|saed32_rvt_std
CTS_cts_inv_1147731475    INVX8_LVT       saed32_lvt|saed32_lvt_std
CTS_cts_inv_1147831476    INVX8_LVT       saed32_lvt|saed32_lvt_std
CTS_cts_inv_1147931477    INVX8_LVT       saed32_lvt|saed32_lvt_std
CTS_cts_inv_1148031478    INVX8_LVT       saed32_lvt|saed32_lvt_std
CTS_cts_inv_1148131479    INVX8_LVT       saed32_lvt|saed32_lvt_std
CTS_cts_inv_1148231480    INVX16_LVT      saed32_lvt|saed32_lvt_std
CTS_cts_inv_1151931517    INVX16_LVT      saed32_lvt|saed32_lvt_std
CTS_cts_inv_1152031518    INVX8_LVT       saed32_lvt|saed32_lvt_std
CTS_cts_inv_1152131519    INVX8_LVT       saed32_lvt|saed32_lvt_std
CTS_cts_inv_1152231520    INVX8_RVT       saed32_rvt|saed32_rvt_std
CTS_cts_inv_1152331521    INVX8_LVT       saed32_lvt|saed32_lvt_std
CTS_cts_inv_1152431522    INVX8_LVT       saed32_lvt|saed32_lvt_std
CTS_cts_inv_1152531523    INVX8_LVT       saed32_lvt|saed32_lvt_std
CTS_cts_inv_1152631524    INVX8_LVT       saed32_lvt|saed32_lvt_std
CTS_cts_inv_1155031548    INVX8_LVT       saed32_lvt|saed32_lvt_std
CTS_cts_inv_1155131549    INVX8_LVT       saed32_lvt|saed32_lvt_std
CTS_cts_inv_1155231550    INVX8_LVT       saed32_lvt|saed32_lvt_std
CTS_cts_inv_1155331551    INVX8_LVT       saed32_lvt|saed32_lvt_std
CTS_cts_inv_1155431552    INVX8_LVT       saed32_lvt|saed32_lvt_std
CTS_cts_inv_1155531553    INVX8_LVT       saed32_lvt|saed32_lvt_std
CTS_cts_inv_1157131569    INVX8_LVT       saed32_lvt|saed32_lvt_std
CTS_cts_inv_1157231570    INVX4_LVT       saed32_lvt|saed32_lvt_std
CTS_cts_inv_1157331571    INVX8_LVT       saed32_lvt|saed32_lvt_std
CTS_cts_inv_1157431572    INVX16_LVT      saed32_lvt|saed32_lvt_std
CTS_cts_inv_1158731585    INVX8_LVT       saed32_lvt|saed32_lvt_std
CTS_cts_inv_1158831586    INVX8_LVT       saed32_lvt|saed32_lvt_std
CTS_cts_inv_1158931587    INVX16_LVT      saed32_lvt|saed32_lvt_std
CTS_cts_inv_1159831596    INVX8_LVT       saed32_lvt|saed32_lvt_std
CTS_cts_inv_1159931597    INVX8_LVT       saed32_lvt|saed32_lvt_std
CTS_cts_inv_1160431602    INVX8_LVT       saed32_lvt|saed32_lvt_std
CTS_cts_inv_723527233     INVX2_LVT       saed32_lvt|saed32_lvt_std
CTS_cts_inv_723627234     INVX2_HVT       saed32_hvt|saed32_hvt_std
CTS_cts_inv_723727235     INVX2_RVT       saed32_rvt|saed32_rvt_std
CTS_cts_inv_723827236     INVX2_HVT       saed32_hvt|saed32_hvt_std
CTS_cts_inv_723927237     INVX2_HVT       saed32_hvt|saed32_hvt_std
CTS_cts_inv_724027238     INVX2_HVT       saed32_hvt|saed32_hvt_std
CTS_cts_inv_724127239     INVX2_RVT       saed32_rvt|saed32_rvt_std
CTS_cts_inv_724227240     INVX2_RVT       saed32_rvt|saed32_rvt_std
CTS_cts_inv_724327241     INVX2_HVT       saed32_hvt|saed32_hvt_std
CTS_cts_inv_724427242     INVX2_HVT       saed32_hvt|saed32_hvt_std
CTS_cts_inv_724527243     INVX2_HVT       saed32_hvt|saed32_hvt_std
CTS_cts_inv_724627244     INVX2_HVT       saed32_hvt|saed32_hvt_std
CTS_cts_inv_724727245     INVX2_LVT       saed32_lvt|saed32_lvt_std
CTS_cts_inv_724827246     INVX2_HVT       saed32_hvt|saed32_hvt_std
CTS_cts_inv_724927247     INVX2_HVT       saed32_hvt|saed32_hvt_std
CTS_cts_inv_725027248     INVX2_HVT       saed32_hvt|saed32_hvt_std
CTS_cts_inv_725127249     INVX2_HVT       saed32_hvt|saed32_hvt_std
CTS_cts_inv_725227250     INVX2_HVT       saed32_hvt|saed32_hvt_std
CTS_cts_inv_725327251     INVX2_RVT       saed32_rvt|saed32_rvt_std
CTS_cts_inv_725427252     INVX2_HVT       saed32_hvt|saed32_hvt_std
CTS_cts_inv_725527253     INVX2_HVT       saed32_hvt|saed32_hvt_std
CTS_cts_inv_725627254     INVX2_RVT       saed32_rvt|saed32_rvt_std
CTS_cts_inv_725727255     INVX2_RVT       saed32_rvt|saed32_rvt_std
CTS_cts_inv_725827256     INVX2_HVT       saed32_hvt|saed32_hvt_std
CTS_cts_inv_725927257     INVX2_HVT       saed32_hvt|saed32_hvt_std
CTS_cts_inv_726027258     INVX2_RVT       saed32_rvt|saed32_rvt_std
CTS_cts_inv_726127259     INVX2_HVT       saed32_hvt|saed32_hvt_std
CTS_cts_inv_726227260     INVX2_LVT       saed32_lvt|saed32_lvt_std
CTS_cts_inv_726327261     INVX2_RVT       saed32_rvt|saed32_rvt_std
CTS_cts_inv_726427262     INVX2_RVT       saed32_rvt|saed32_rvt_std
CTS_cts_inv_726527263     INVX2_HVT       saed32_hvt|saed32_hvt_std
CTS_cts_inv_726627264     INVX2_HVT       saed32_hvt|saed32_hvt_std
CTS_cts_inv_726727265     INVX2_RVT       saed32_rvt|saed32_rvt_std
CTS_cts_inv_726827266     INVX2_RVT       saed32_rvt|saed32_rvt_std
CTS_cts_inv_726927267     INVX2_HVT       saed32_hvt|saed32_hvt_std
CTS_cts_inv_727027268     INVX2_RVT       saed32_rvt|saed32_rvt_std
CTS_cts_inv_727127269     INVX2_HVT       saed32_hvt|saed32_hvt_std
CTS_cts_inv_727227270     INVX2_HVT       saed32_hvt|saed32_hvt_std
CTS_cts_inv_727327271     INVX2_HVT       saed32_hvt|saed32_hvt_std
CTS_cts_inv_727427272     INVX2_RVT       saed32_rvt|saed32_rvt_std
CTS_cts_inv_727527273     INVX2_HVT       saed32_hvt|saed32_hvt_std
CTS_cts_inv_727627274     INVX2_RVT       saed32_rvt|saed32_rvt_std
CTS_cts_inv_727727275     INVX2_HVT       saed32_hvt|saed32_hvt_std
CTS_cts_inv_727827276     INVX2_LVT       saed32_lvt|saed32_lvt_std
CTS_cts_inv_727927277     INVX2_HVT       saed32_hvt|saed32_hvt_std
CTS_cts_inv_728027278     INVX2_RVT       saed32_rvt|saed32_rvt_std
CTS_cts_inv_728127279     INVX2_HVT       saed32_hvt|saed32_hvt_std
CTS_cts_inv_728227280     INVX2_LVT       saed32_lvt|saed32_lvt_std
CTS_cts_inv_728327281     INVX2_HVT       saed32_hvt|saed32_hvt_std
CTS_cts_inv_728427282     INVX2_HVT       saed32_hvt|saed32_hvt_std
CTS_cts_inv_728527283     INVX2_RVT       saed32_rvt|saed32_rvt_std
CTS_cts_inv_728627284     INVX2_LVT       saed32_lvt|saed32_lvt_std
CTS_cts_inv_728727285     INVX2_LVT       saed32_lvt|saed32_lvt_std
CTS_cts_inv_728827286     INVX2_HVT       saed32_hvt|saed32_hvt_std
CTS_cts_inv_728927287     INVX2_HVT       saed32_hvt|saed32_hvt_std
CTS_cts_inv_729027288     INVX2_HVT       saed32_hvt|saed32_hvt_std
CTS_cts_inv_729127289     INVX2_HVT       saed32_hvt|saed32_hvt_std
CTS_cts_inv_729227290     INVX2_LVT       saed32_lvt|saed32_lvt_std
CTS_cts_inv_729327291     INVX2_HVT       saed32_hvt|saed32_hvt_std
CTS_cts_inv_729427292     INVX2_RVT       saed32_rvt|saed32_rvt_std
CTS_cts_inv_729527293     INVX2_RVT       saed32_rvt|saed32_rvt_std
CTS_cts_inv_729627294     INVX2_HVT       saed32_hvt|saed32_hvt_std
CTS_cts_inv_729727295     INVX2_HVT       saed32_hvt|saed32_hvt_std
CTS_cts_inv_729827296     INVX2_RVT       saed32_rvt|saed32_rvt_std
CTS_cts_inv_729927297     INVX2_HVT       saed32_hvt|saed32_hvt_std
CTS_cts_inv_730027298     INVX2_HVT       saed32_hvt|saed32_hvt_std
CTS_cts_inv_730127299     INVX2_HVT       saed32_hvt|saed32_hvt_std
CTS_cts_inv_730227300     INVX2_RVT       saed32_rvt|saed32_rvt_std
CTS_cts_inv_730327301     INVX2_HVT       saed32_hvt|saed32_hvt_std
CTS_cts_inv_730427302     INVX2_HVT       saed32_hvt|saed32_hvt_std
CTS_cts_inv_730527303     INVX2_RVT       saed32_rvt|saed32_rvt_std
CTS_cts_inv_730627304     INVX2_LVT       saed32_lvt|saed32_lvt_std
CTS_cts_inv_730727305     INVX2_HVT       saed32_hvt|saed32_hvt_std
CTS_cts_inv_730827306     INVX2_HVT       saed32_hvt|saed32_hvt_std
CTS_cts_inv_730927307     INVX2_HVT       saed32_hvt|saed32_hvt_std
CTS_cts_inv_731027308     INVX2_HVT       saed32_hvt|saed32_hvt_std
CTS_cts_inv_731127309     INVX2_HVT       saed32_hvt|saed32_hvt_std
CTS_cts_inv_731227310     INVX2_RVT       saed32_rvt|saed32_rvt_std
CTS_cts_inv_731327311     INVX2_HVT       saed32_hvt|saed32_hvt_std
CTS_cts_inv_731427312     INVX2_HVT       saed32_hvt|saed32_hvt_std
CTS_cts_inv_731527313     INVX2_HVT       saed32_hvt|saed32_hvt_std
CTS_cts_inv_731627314     INVX2_RVT       saed32_rvt|saed32_rvt_std
CTS_cts_inv_731727315     INVX2_HVT       saed32_hvt|saed32_hvt_std
CTS_cts_inv_731827316     INVX2_HVT       saed32_hvt|saed32_hvt_std
CTS_cts_inv_731927317     INVX2_HVT       saed32_hvt|saed32_hvt_std
CTS_cts_inv_732027318     INVX2_LVT       saed32_lvt|saed32_lvt_std
CTS_cts_inv_732127319     INVX2_HVT       saed32_hvt|saed32_hvt_std
CTS_cts_inv_732227320     INVX2_HVT       saed32_hvt|saed32_hvt_std
CTS_cts_inv_732327321     INVX2_LVT       saed32_lvt|saed32_lvt_std
CTS_cts_inv_732427322     INVX2_LVT       saed32_lvt|saed32_lvt_std
CTS_cts_inv_732527323     INVX2_HVT       saed32_hvt|saed32_hvt_std
CTS_cts_inv_732627324     INVX2_HVT       saed32_hvt|saed32_hvt_std
CTS_cts_inv_732727325     INVX2_RVT       saed32_rvt|saed32_rvt_std
CTS_cts_inv_732827326     INVX2_HVT       saed32_hvt|saed32_hvt_std
CTS_cts_inv_732927327     INVX2_HVT       saed32_hvt|saed32_hvt_std
CTS_cts_inv_733027328     INVX2_HVT       saed32_hvt|saed32_hvt_std
CTS_cts_inv_733127329     INVX2_RVT       saed32_rvt|saed32_rvt_std
CTS_cts_inv_733227330     INVX2_HVT       saed32_hvt|saed32_hvt_std
CTS_cts_inv_733327331     INVX2_HVT       saed32_hvt|saed32_hvt_std
CTS_cts_inv_733427332     INVX2_HVT       saed32_hvt|saed32_hvt_std
CTS_cts_inv_733527333     INVX2_HVT       saed32_hvt|saed32_hvt_std
CTS_cts_inv_733627334     INVX2_HVT       saed32_hvt|saed32_hvt_std
CTS_cts_inv_733727335     INVX2_HVT       saed32_hvt|saed32_hvt_std
CTS_cts_inv_733827336     INVX2_HVT       saed32_hvt|saed32_hvt_std
CTS_cts_inv_733927337     INVX4_HVT       saed32_hvt|saed32_hvt_std
CTS_cts_inv_734027338     INVX2_HVT       saed32_hvt|saed32_hvt_std
CTS_cts_inv_734127339     INVX2_HVT       saed32_hvt|saed32_hvt_std
CTS_cts_inv_734227340     INVX2_HVT       saed32_hvt|saed32_hvt_std
CTS_cts_inv_734327341     INVX2_RVT       saed32_rvt|saed32_rvt_std
CTS_cts_inv_734427342     INVX2_LVT       saed32_lvt|saed32_lvt_std
CTS_cts_inv_734527343     INVX2_HVT       saed32_hvt|saed32_hvt_std
CTS_cts_inv_734627344     INVX2_HVT       saed32_hvt|saed32_hvt_std
CTS_cts_inv_734727345     INVX2_HVT       saed32_hvt|saed32_hvt_std
CTS_cts_inv_734827346     INVX2_HVT       saed32_hvt|saed32_hvt_std
CTS_cts_inv_734927347     INVX2_HVT       saed32_hvt|saed32_hvt_std
CTS_cts_inv_735027348     INVX2_HVT       saed32_hvt|saed32_hvt_std
CTS_cts_inv_735127349     INVX2_RVT       saed32_rvt|saed32_rvt_std
CTS_cts_inv_735227350     INVX2_HVT       saed32_hvt|saed32_hvt_std
CTS_cts_inv_735327351     INVX2_RVT       saed32_rvt|saed32_rvt_std
CTS_cts_inv_735427352     INVX2_HVT       saed32_hvt|saed32_hvt_std
CTS_cts_inv_735527353     INVX2_HVT       saed32_hvt|saed32_hvt_std
CTS_cts_inv_735627354     INVX2_RVT       saed32_rvt|saed32_rvt_std
CTS_cts_inv_735727355     INVX2_HVT       saed32_hvt|saed32_hvt_std
CTS_cts_inv_735827356     INVX2_RVT       saed32_rvt|saed32_rvt_std
CTS_cts_inv_735927357     INVX2_HVT       saed32_hvt|saed32_hvt_std
CTS_cts_inv_736027358     INVX2_HVT       saed32_hvt|saed32_hvt_std
CTS_cts_inv_736127359     INVX2_HVT       saed32_hvt|saed32_hvt_std
CTS_cts_inv_736227360     INVX2_HVT       saed32_hvt|saed32_hvt_std
CTS_cts_inv_736327361     INVX2_HVT       saed32_hvt|saed32_hvt_std
CTS_cts_inv_736427362     INVX2_LVT       saed32_lvt|saed32_lvt_std
CTS_cts_inv_736527363     INVX2_HVT       saed32_hvt|saed32_hvt_std
CTS_cts_inv_736627364     INVX2_RVT       saed32_rvt|saed32_rvt_std
CTS_cts_inv_736727365     INVX2_HVT       saed32_hvt|saed32_hvt_std
CTS_cts_inv_736827366     INVX2_HVT       saed32_hvt|saed32_hvt_std
CTS_cts_inv_736927367     INVX2_HVT       saed32_hvt|saed32_hvt_std
CTS_cts_inv_737027368     INVX2_HVT       saed32_hvt|saed32_hvt_std
CTS_cts_inv_737127369     INVX2_HVT       saed32_hvt|saed32_hvt_std
CTS_cts_inv_737227370     INVX2_HVT       saed32_hvt|saed32_hvt_std
CTS_cts_inv_737327371     INVX2_RVT       saed32_rvt|saed32_rvt_std
CTS_cts_inv_737427372     INVX2_RVT       saed32_rvt|saed32_rvt_std
CTS_cts_inv_737527373     INVX2_HVT       saed32_hvt|saed32_hvt_std
CTS_cts_inv_737627374     INVX2_HVT       saed32_hvt|saed32_hvt_std
CTS_cts_inv_737727375     INVX2_HVT       saed32_hvt|saed32_hvt_std
CTS_cts_inv_737827376     INVX2_HVT       saed32_hvt|saed32_hvt_std
CTS_cts_inv_737927377     INVX2_HVT       saed32_hvt|saed32_hvt_std
CTS_cts_inv_738027378     INVX2_HVT       saed32_hvt|saed32_hvt_std
CTS_cts_inv_738127379     INVX2_LVT       saed32_lvt|saed32_lvt_std
CTS_cts_inv_738227380     INVX2_HVT       saed32_hvt|saed32_hvt_std
CTS_cts_inv_738327381     INVX2_HVT       saed32_hvt|saed32_hvt_std
CTS_cts_inv_738427382     INVX2_HVT       saed32_hvt|saed32_hvt_std
CTS_cts_inv_738527383     INVX2_LVT       saed32_lvt|saed32_lvt_std
CTS_cts_inv_738627384     INVX2_HVT       saed32_hvt|saed32_hvt_std
CTS_cts_inv_738727385     INVX2_LVT       saed32_lvt|saed32_lvt_std
CTS_cts_inv_738827386     INVX2_RVT       saed32_rvt|saed32_rvt_std
CTS_cts_inv_738927387     INVX2_HVT       saed32_hvt|saed32_hvt_std
CTS_cts_inv_739027388     INVX2_HVT       saed32_hvt|saed32_hvt_std
CTS_cts_inv_739127389     INVX2_RVT       saed32_rvt|saed32_rvt_std
CTS_cts_inv_739227390     INVX2_HVT       saed32_hvt|saed32_hvt_std
CTS_cts_inv_739327391     INVX2_LVT       saed32_lvt|saed32_lvt_std
CTS_cts_inv_739427392     INVX2_RVT       saed32_rvt|saed32_rvt_std
CTS_cts_inv_739527393     INVX2_HVT       saed32_hvt|saed32_hvt_std
CTS_cts_inv_739627394     INVX2_HVT       saed32_hvt|saed32_hvt_std
CTS_cts_inv_739727395     INVX2_HVT       saed32_hvt|saed32_hvt_std
CTS_cts_inv_739827396     INVX2_HVT       saed32_hvt|saed32_hvt_std
CTS_cts_inv_739927397     INVX2_HVT       saed32_hvt|saed32_hvt_std
CTS_cts_inv_740027398     INVX2_HVT       saed32_hvt|saed32_hvt_std
CTS_cts_inv_740127399     INVX2_RVT       saed32_rvt|saed32_rvt_std
CTS_cts_inv_740227400     INVX2_HVT       saed32_hvt|saed32_hvt_std
CTS_cts_inv_740327401     INVX2_HVT       saed32_hvt|saed32_hvt_std
CTS_cts_inv_740427402     INVX2_HVT       saed32_hvt|saed32_hvt_std
CTS_cts_inv_740527403     INVX2_LVT       saed32_lvt|saed32_lvt_std
CTS_cts_inv_740627404     INVX2_HVT       saed32_hvt|saed32_hvt_std
CTS_cts_inv_740727405     INVX2_RVT       saed32_rvt|saed32_rvt_std
CTS_cts_inv_740827406     INVX2_HVT       saed32_hvt|saed32_hvt_std
CTS_cts_inv_740927407     INVX2_HVT       saed32_hvt|saed32_hvt_std
CTS_cts_inv_741027408     INVX2_HVT       saed32_hvt|saed32_hvt_std
CTS_cts_inv_741127409     INVX2_HVT       saed32_hvt|saed32_hvt_std
CTS_cts_inv_741227410     INVX2_RVT       saed32_rvt|saed32_rvt_std
CTS_cts_inv_741327411     INVX2_HVT       saed32_hvt|saed32_hvt_std
CTS_cts_inv_741427412     INVX2_HVT       saed32_hvt|saed32_hvt_std
CTS_cts_inv_741527413     INVX2_HVT       saed32_hvt|saed32_hvt_std
CTS_cts_inv_741627414     INVX2_LVT       saed32_lvt|saed32_lvt_std
CTS_cts_inv_741727415     INVX2_HVT       saed32_hvt|saed32_hvt_std
CTS_cts_inv_741827416     INVX2_HVT       saed32_hvt|saed32_hvt_std
CTS_cts_inv_741927417     INVX2_HVT       saed32_hvt|saed32_hvt_std
CTS_cts_inv_742027418     INVX2_HVT       saed32_hvt|saed32_hvt_std
CTS_cts_inv_742127419     INVX2_HVT       saed32_hvt|saed32_hvt_std
CTS_cts_inv_742227420     INVX2_LVT       saed32_lvt|saed32_lvt_std
CTS_cts_inv_742327421     INVX2_HVT       saed32_hvt|saed32_hvt_std
CTS_cts_inv_742427422     INVX2_LVT       saed32_lvt|saed32_lvt_std
CTS_cts_inv_742527423     INVX2_HVT       saed32_hvt|saed32_hvt_std
CTS_cts_inv_742627424     INVX2_LVT       saed32_lvt|saed32_lvt_std
CTS_cts_inv_742727425     INVX2_HVT       saed32_hvt|saed32_hvt_std
CTS_cts_inv_742827426     INVX2_RVT       saed32_rvt|saed32_rvt_std
CTS_cts_inv_742927427     INVX2_HVT       saed32_hvt|saed32_hvt_std
CTS_cts_inv_743027428     INVX2_HVT       saed32_hvt|saed32_hvt_std
CTS_cts_inv_743127429     INVX2_HVT       saed32_hvt|saed32_hvt_std
CTS_cts_inv_743227430     INVX2_HVT       saed32_hvt|saed32_hvt_std
CTS_cts_inv_743327431     INVX2_HVT       saed32_hvt|saed32_hvt_std
CTS_cts_inv_743427432     INVX2_LVT       saed32_lvt|saed32_lvt_std
CTS_cts_inv_743527433     INVX2_HVT       saed32_hvt|saed32_hvt_std
CTS_cts_inv_743627434     INVX2_HVT       saed32_hvt|saed32_hvt_std
CTS_cts_inv_743727435     INVX2_RVT       saed32_rvt|saed32_rvt_std
CTS_cts_inv_743827436     INVX2_RVT       saed32_rvt|saed32_rvt_std
CTS_cts_inv_743927437     INVX2_RVT       saed32_rvt|saed32_rvt_std
CTS_cts_inv_744027438     INVX2_RVT       saed32_rvt|saed32_rvt_std
CTS_cts_inv_744127439     INVX2_LVT       saed32_lvt|saed32_lvt_std
CTS_cts_inv_744227440     INVX2_HVT       saed32_hvt|saed32_hvt_std
CTS_cts_inv_744327441     INVX2_RVT       saed32_rvt|saed32_rvt_std
CTS_cts_inv_744427442     INVX2_RVT       saed32_rvt|saed32_rvt_std
CTS_cts_inv_744527443     INVX2_RVT       saed32_rvt|saed32_rvt_std
CTS_cts_inv_744627444     INVX2_HVT       saed32_hvt|saed32_hvt_std
CTS_cts_inv_744727445     INVX2_HVT       saed32_hvt|saed32_hvt_std
CTS_cts_inv_744827446     INVX2_HVT       saed32_hvt|saed32_hvt_std
CTS_cts_inv_744927447     INVX2_HVT       saed32_hvt|saed32_hvt_std
CTS_cts_inv_745027448     INVX2_RVT       saed32_rvt|saed32_rvt_std
CTS_cts_inv_745127449     INVX2_HVT       saed32_hvt|saed32_hvt_std
CTS_cts_inv_745227450     INVX2_RVT       saed32_rvt|saed32_rvt_std
CTS_cts_inv_745327451     INVX2_HVT       saed32_hvt|saed32_hvt_std
CTS_cts_inv_745427452     INVX2_RVT       saed32_rvt|saed32_rvt_std
CTS_cts_inv_745527453     INVX2_RVT       saed32_rvt|saed32_rvt_std
CTS_cts_inv_745627454     INVX2_LVT       saed32_lvt|saed32_lvt_std
CTS_cts_inv_745727455     INVX2_HVT       saed32_hvt|saed32_hvt_std
CTS_cts_inv_745827456     INVX2_HVT       saed32_hvt|saed32_hvt_std
CTS_cts_inv_745927457     INVX2_HVT       saed32_hvt|saed32_hvt_std
CTS_cts_inv_746027458     INVX2_HVT       saed32_hvt|saed32_hvt_std
CTS_cts_inv_746127459     INVX2_HVT       saed32_hvt|saed32_hvt_std
CTS_cts_inv_746227460     INVX2_LVT       saed32_lvt|saed32_lvt_std
CTS_cts_inv_746327461     INVX2_HVT       saed32_hvt|saed32_hvt_std
CTS_cts_inv_746427462     INVX2_LVT       saed32_lvt|saed32_lvt_std
CTS_cts_inv_746527463     INVX2_RVT       saed32_rvt|saed32_rvt_std
CTS_cts_inv_746627464     INVX2_LVT       saed32_lvt|saed32_lvt_std
CTS_cts_inv_746727465     INVX2_HVT       saed32_hvt|saed32_hvt_std
CTS_cts_inv_746827466     INVX2_RVT       saed32_rvt|saed32_rvt_std
CTS_cts_inv_746927467     INVX2_HVT       saed32_hvt|saed32_hvt_std
CTS_cts_inv_747027468     INVX2_HVT       saed32_hvt|saed32_hvt_std
CTS_cts_inv_747127469     INVX2_HVT       saed32_hvt|saed32_hvt_std
CTS_cts_inv_747227470     INVX2_RVT       saed32_rvt|saed32_rvt_std
CTS_cts_inv_747327471     INVX2_HVT       saed32_hvt|saed32_hvt_std
CTS_cts_inv_747427472     INVX2_RVT       saed32_rvt|saed32_rvt_std
CTS_cts_inv_747527473     INVX2_RVT       saed32_rvt|saed32_rvt_std
CTS_cts_inv_747627474     INVX2_HVT       saed32_hvt|saed32_hvt_std
CTS_cts_inv_747727475     INVX2_HVT       saed32_hvt|saed32_hvt_std
CTS_cts_inv_747827476     INVX2_HVT       saed32_hvt|saed32_hvt_std
CTS_cts_inv_747927477     INVX2_HVT       saed32_hvt|saed32_hvt_std
CTS_cts_inv_748027478     INVX2_HVT       saed32_hvt|saed32_hvt_std
CTS_cts_inv_748127479     INVX2_LVT       saed32_lvt|saed32_lvt_std
CTS_cts_inv_748227480     INVX2_HVT       saed32_hvt|saed32_hvt_std
CTS_cts_inv_748327481     INVX2_HVT       saed32_hvt|saed32_hvt_std
CTS_cts_inv_748427482     INVX2_HVT       saed32_hvt|saed32_hvt_std
CTS_cts_inv_748527483     INVX2_HVT       saed32_hvt|saed32_hvt_std
CTS_cts_inv_748627484     INVX2_HVT       saed32_hvt|saed32_hvt_std
CTS_cts_inv_748727485     INVX2_HVT       saed32_hvt|saed32_hvt_std
CTS_cts_inv_748827486     INVX2_HVT       saed32_hvt|saed32_hvt_std
CTS_cts_inv_748927487     INVX2_LVT       saed32_lvt|saed32_lvt_std
CTS_cts_inv_749027488     INVX2_RVT       saed32_rvt|saed32_rvt_std
CTS_cts_inv_749127489     INVX2_RVT       saed32_rvt|saed32_rvt_std
CTS_cts_inv_749227490     INVX2_RVT       saed32_rvt|saed32_rvt_std
CTS_cts_inv_749327491     INVX2_HVT       saed32_hvt|saed32_hvt_std
CTS_cts_inv_749427492     INVX2_HVT       saed32_hvt|saed32_hvt_std
CTS_cts_inv_749527493     INVX2_LVT       saed32_lvt|saed32_lvt_std
CTS_cts_inv_749627494     INVX2_HVT       saed32_hvt|saed32_hvt_std
CTS_cts_inv_749727495     INVX2_RVT       saed32_rvt|saed32_rvt_std
CTS_cts_inv_749827496     INVX2_HVT       saed32_hvt|saed32_hvt_std
CTS_cts_inv_749927497     INVX2_HVT       saed32_hvt|saed32_hvt_std
CTS_cts_inv_750027498     INVX2_HVT       saed32_hvt|saed32_hvt_std
CTS_cts_inv_750127499     INVX2_HVT       saed32_hvt|saed32_hvt_std
CTS_cts_inv_750227500     INVX2_HVT       saed32_hvt|saed32_hvt_std
CTS_cts_inv_750327501     INVX2_HVT       saed32_hvt|saed32_hvt_std
CTS_cts_inv_750427502     INVX2_RVT       saed32_rvt|saed32_rvt_std
CTS_cts_inv_750527503     INVX2_HVT       saed32_hvt|saed32_hvt_std
CTS_cts_inv_750627504     INVX2_HVT       saed32_hvt|saed32_hvt_std
CTS_cts_inv_750727505     INVX2_HVT       saed32_hvt|saed32_hvt_std
CTS_cts_inv_750827506     INVX2_HVT       saed32_hvt|saed32_hvt_std
CTS_cts_inv_750927507     INVX2_HVT       saed32_hvt|saed32_hvt_std
CTS_cts_inv_751027508     INVX2_HVT       saed32_hvt|saed32_hvt_std
CTS_cts_inv_751127509     INVX2_HVT       saed32_hvt|saed32_hvt_std
CTS_cts_inv_751227510     INVX2_HVT       saed32_hvt|saed32_hvt_std
CTS_cts_inv_751327511     INVX2_LVT       saed32_lvt|saed32_lvt_std
CTS_cts_inv_751427512     INVX4_LVT       saed32_lvt|saed32_lvt_std
CTS_cts_inv_751527513     INVX2_HVT       saed32_hvt|saed32_hvt_std
CTS_cts_inv_751627514     INVX2_RVT       saed32_rvt|saed32_rvt_std
CTS_cts_inv_751727515     INVX2_LVT       saed32_lvt|saed32_lvt_std
CTS_cts_inv_751827516     INVX4_LVT       saed32_lvt|saed32_lvt_std
CTS_cts_inv_751927517     INVX2_LVT       saed32_lvt|saed32_lvt_std
CTS_cts_inv_752027518     INVX2_HVT       saed32_hvt|saed32_hvt_std
CTS_cts_inv_752127519     INVX2_RVT       saed32_rvt|saed32_rvt_std
CTS_cts_inv_752227520     INVX2_HVT       saed32_hvt|saed32_hvt_std
CTS_cts_inv_752327521     INVX2_HVT       saed32_hvt|saed32_hvt_std
CTS_cts_inv_752427522     INVX2_HVT       saed32_hvt|saed32_hvt_std
CTS_cts_inv_752527523     INVX2_RVT       saed32_rvt|saed32_rvt_std
CTS_cts_inv_752627524     INVX2_HVT       saed32_hvt|saed32_hvt_std
CTS_cts_inv_752727525     INVX2_HVT       saed32_hvt|saed32_hvt_std
CTS_cts_inv_752827526     INVX2_RVT       saed32_rvt|saed32_rvt_std
CTS_cts_inv_752927527     INVX2_RVT       saed32_rvt|saed32_rvt_std
CTS_cts_inv_753027528     INVX2_RVT       saed32_rvt|saed32_rvt_std
CTS_cts_inv_753127529     INVX2_HVT       saed32_hvt|saed32_hvt_std
CTS_cts_inv_753227530     INVX2_HVT       saed32_hvt|saed32_hvt_std
CTS_cts_inv_753327531     INVX2_HVT       saed32_hvt|saed32_hvt_std
CTS_cts_inv_753427532     INVX2_HVT       saed32_hvt|saed32_hvt_std
CTS_cts_inv_753527533     INVX2_HVT       saed32_hvt|saed32_hvt_std
CTS_cts_inv_753627534     INVX2_LVT       saed32_lvt|saed32_lvt_std
CTS_cts_inv_753727535     INVX2_HVT       saed32_hvt|saed32_hvt_std
CTS_cts_inv_753827536     INVX2_RVT       saed32_rvt|saed32_rvt_std
CTS_cts_inv_753927537     INVX2_HVT       saed32_hvt|saed32_hvt_std
CTS_cts_inv_754027538     INVX2_HVT       saed32_hvt|saed32_hvt_std
CTS_cts_inv_754127539     INVX2_HVT       saed32_hvt|saed32_hvt_std
CTS_cts_inv_754227540     INVX2_HVT       saed32_hvt|saed32_hvt_std
CTS_cts_inv_754327541     INVX2_LVT       saed32_lvt|saed32_lvt_std
CTS_cts_inv_754427542     INVX2_HVT       saed32_hvt|saed32_hvt_std
CTS_cts_inv_754527543     INVX2_HVT       saed32_hvt|saed32_hvt_std
CTS_cts_inv_754627544     INVX2_HVT       saed32_hvt|saed32_hvt_std
CTS_cts_inv_754727545     INVX2_LVT       saed32_lvt|saed32_lvt_std
CTS_cts_inv_754827546     INVX2_HVT       saed32_hvt|saed32_hvt_std
CTS_cts_inv_754927547     INVX2_RVT       saed32_rvt|saed32_rvt_std
CTS_cts_inv_755027548     INVX2_HVT       saed32_hvt|saed32_hvt_std
CTS_cts_inv_755127549     INVX2_RVT       saed32_rvt|saed32_rvt_std
CTS_cts_inv_755227550     INVX2_HVT       saed32_hvt|saed32_hvt_std
CTS_cts_inv_755327551     INVX2_HVT       saed32_hvt|saed32_hvt_std
CTS_cts_inv_755427552     INVX2_HVT       saed32_hvt|saed32_hvt_std
CTS_cts_inv_755527553     INVX2_HVT       saed32_hvt|saed32_hvt_std
CTS_cts_inv_755627554     INVX2_HVT       saed32_hvt|saed32_hvt_std
CTS_cts_inv_755727555     INVX2_HVT       saed32_hvt|saed32_hvt_std
CTS_cts_inv_755827556     INVX2_HVT       saed32_hvt|saed32_hvt_std
CTS_cts_inv_755927557     INVX2_RVT       saed32_rvt|saed32_rvt_std
CTS_cts_inv_756027558     INVX2_RVT       saed32_rvt|saed32_rvt_std
CTS_cts_inv_756127559     INVX2_HVT       saed32_hvt|saed32_hvt_std
CTS_cts_inv_756227560     INVX2_HVT       saed32_hvt|saed32_hvt_std
CTS_cts_inv_756327561     INVX2_HVT       saed32_hvt|saed32_hvt_std
CTS_cts_inv_756427562     INVX2_LVT       saed32_lvt|saed32_lvt_std
CTS_cts_inv_756527563     INVX2_HVT       saed32_hvt|saed32_hvt_std
CTS_cts_inv_756627564     INVX2_HVT       saed32_hvt|saed32_hvt_std
CTS_cts_inv_756727565     INVX2_RVT       saed32_rvt|saed32_rvt_std
CTS_cts_inv_756827566     INVX2_HVT       saed32_hvt|saed32_hvt_std
CTS_cts_inv_756927567     INVX2_RVT       saed32_rvt|saed32_rvt_std
CTS_cts_inv_757027568     INVX2_LVT       saed32_lvt|saed32_lvt_std
CTS_cts_inv_757127569     INVX2_HVT       saed32_hvt|saed32_hvt_std
CTS_cts_inv_757227570     INVX2_RVT       saed32_rvt|saed32_rvt_std
CTS_cts_inv_757327571     INVX2_HVT       saed32_hvt|saed32_hvt_std
CTS_cts_inv_757427572     INVX2_HVT       saed32_hvt|saed32_hvt_std
CTS_cts_inv_757527573     INVX2_HVT       saed32_hvt|saed32_hvt_std
CTS_cts_inv_757627574     INVX2_HVT       saed32_hvt|saed32_hvt_std
CTS_cts_inv_757727575     INVX2_HVT       saed32_hvt|saed32_hvt_std
CTS_cts_inv_757827576     INVX2_RVT       saed32_rvt|saed32_rvt_std
CTS_cts_inv_757927577     INVX2_HVT       saed32_hvt|saed32_hvt_std
CTS_cts_inv_758027578     INVX2_HVT       saed32_hvt|saed32_hvt_std
CTS_cts_inv_758127579     INVX2_HVT       saed32_hvt|saed32_hvt_std
CTS_cts_inv_758227580     INVX2_HVT       saed32_hvt|saed32_hvt_std
CTS_cts_inv_758327581     INVX2_HVT       saed32_hvt|saed32_hvt_std
CTS_cts_inv_758427582     INVX2_RVT       saed32_rvt|saed32_rvt_std
CTS_cts_inv_758527583     INVX2_HVT       saed32_hvt|saed32_hvt_std
CTS_cts_inv_758627584     INVX2_RVT       saed32_rvt|saed32_rvt_std
CTS_cts_inv_758727585     INVX2_RVT       saed32_rvt|saed32_rvt_std
CTS_cts_inv_758827586     INVX2_HVT       saed32_hvt|saed32_hvt_std
CTS_cts_inv_758927587     INVX2_HVT       saed32_hvt|saed32_hvt_std
CTS_cts_inv_759027588     INVX2_HVT       saed32_hvt|saed32_hvt_std
CTS_cts_inv_759127589     INVX2_HVT       saed32_hvt|saed32_hvt_std
CTS_cts_inv_759227590     INVX2_RVT       saed32_rvt|saed32_rvt_std
CTS_cts_inv_759327591     INVX4_LVT       saed32_lvt|saed32_lvt_std
CTS_cts_inv_759427592     INVX2_HVT       saed32_hvt|saed32_hvt_std
CTS_cts_inv_759527593     INVX2_LVT       saed32_lvt|saed32_lvt_std
CTS_cts_inv_759627594     INVX2_HVT       saed32_hvt|saed32_hvt_std
CTS_cts_inv_759727595     INVX2_HVT       saed32_hvt|saed32_hvt_std
CTS_cts_inv_759827596     INVX2_HVT       saed32_hvt|saed32_hvt_std
CTS_cts_inv_759927597     INVX2_RVT       saed32_rvt|saed32_rvt_std
CTS_cts_inv_760027598     INVX2_HVT       saed32_hvt|saed32_hvt_std
CTS_cts_inv_760127599     INVX2_HVT       saed32_hvt|saed32_hvt_std
CTS_cts_inv_760227600     INVX2_HVT       saed32_hvt|saed32_hvt_std
CTS_cts_inv_760327601     INVX2_HVT       saed32_hvt|saed32_hvt_std
CTS_cts_inv_760427602     INVX2_RVT       saed32_rvt|saed32_rvt_std
CTS_cts_inv_760527603     INVX2_HVT       saed32_hvt|saed32_hvt_std
CTS_cts_inv_760627604     INVX2_HVT       saed32_hvt|saed32_hvt_std
CTS_cts_inv_760727605     INVX2_HVT       saed32_hvt|saed32_hvt_std
CTS_cts_inv_760827606     INVX2_HVT       saed32_hvt|saed32_hvt_std
CTS_cts_inv_760927607     INVX2_HVT       saed32_hvt|saed32_hvt_std
CTS_cts_inv_761027608     INVX2_HVT       saed32_hvt|saed32_hvt_std
CTS_cts_inv_761127609     INVX2_HVT       saed32_hvt|saed32_hvt_std
CTS_cts_inv_761227610     INVX2_HVT       saed32_hvt|saed32_hvt_std
CTS_cts_inv_761327611     INVX2_RVT       saed32_rvt|saed32_rvt_std
CTS_cts_inv_761427612     INVX2_HVT       saed32_hvt|saed32_hvt_std
CTS_cts_inv_761527613     INVX2_HVT       saed32_hvt|saed32_hvt_std
CTS_cts_inv_761627614     INVX2_RVT       saed32_rvt|saed32_rvt_std
CTS_cts_inv_761727615     INVX2_RVT       saed32_rvt|saed32_rvt_std
CTS_cts_inv_761827616     INVX2_HVT       saed32_hvt|saed32_hvt_std
CTS_cts_inv_761927617     INVX2_HVT       saed32_hvt|saed32_hvt_std
CTS_cts_inv_762027618     INVX2_LVT       saed32_lvt|saed32_lvt_std
CTS_cts_inv_762127619     INVX4_LVT       saed32_lvt|saed32_lvt_std
CTS_cts_inv_762227620     INVX2_LVT       saed32_lvt|saed32_lvt_std
CTS_cts_inv_762327621     INVX2_HVT       saed32_hvt|saed32_hvt_std
CTS_cts_inv_762427622     INVX2_LVT       saed32_lvt|saed32_lvt_std
CTS_cts_inv_762527623     INVX2_HVT       saed32_hvt|saed32_hvt_std
CTS_cts_inv_762627624     INVX2_RVT       saed32_rvt|saed32_rvt_std
CTS_cts_inv_762727625     INVX2_HVT       saed32_hvt|saed32_hvt_std
CTS_cts_inv_762827626     INVX2_RVT       saed32_rvt|saed32_rvt_std
CTS_cts_inv_762927627     INVX2_HVT       saed32_hvt|saed32_hvt_std
CTS_cts_inv_763027628     INVX2_HVT       saed32_hvt|saed32_hvt_std
CTS_cts_inv_763127629     INVX2_LVT       saed32_lvt|saed32_lvt_std
CTS_cts_inv_763227630     INVX2_HVT       saed32_hvt|saed32_hvt_std
CTS_cts_inv_763327631     INVX2_HVT       saed32_hvt|saed32_hvt_std
CTS_cts_inv_763427632     INVX2_HVT       saed32_hvt|saed32_hvt_std
CTS_cts_inv_763527633     INVX2_HVT       saed32_hvt|saed32_hvt_std
CTS_cts_inv_763627634     INVX2_HVT       saed32_hvt|saed32_hvt_std
CTS_cts_inv_763727635     INVX2_LVT       saed32_lvt|saed32_lvt_std
CTS_cts_inv_763827636     INVX2_RVT       saed32_rvt|saed32_rvt_std
CTS_cts_inv_763927637     INVX2_HVT       saed32_hvt|saed32_hvt_std
CTS_cts_inv_764027638     INVX2_LVT       saed32_lvt|saed32_lvt_std
CTS_cts_inv_764127639     INVX2_HVT       saed32_hvt|saed32_hvt_std
CTS_cts_inv_764227640     INVX2_HVT       saed32_hvt|saed32_hvt_std
CTS_cts_inv_764327641     INVX2_HVT       saed32_hvt|saed32_hvt_std
CTS_cts_inv_764427642     INVX2_HVT       saed32_hvt|saed32_hvt_std
CTS_cts_inv_764527643     INVX2_HVT       saed32_hvt|saed32_hvt_std
CTS_cts_inv_764627644     INVX2_HVT       saed32_hvt|saed32_hvt_std
CTS_cts_inv_764727645     INVX2_HVT       saed32_hvt|saed32_hvt_std
CTS_cts_inv_764827646     INVX2_RVT       saed32_rvt|saed32_rvt_std
CTS_cts_inv_764927647     INVX2_HVT       saed32_hvt|saed32_hvt_std
CTS_cts_inv_765027648     INVX2_HVT       saed32_hvt|saed32_hvt_std
CTS_cts_inv_765127649     INVX2_RVT       saed32_rvt|saed32_rvt_std
CTS_cts_inv_765227650     INVX2_HVT       saed32_hvt|saed32_hvt_std
CTS_cts_inv_765327651     INVX2_HVT       saed32_hvt|saed32_hvt_std
CTS_cts_inv_765427652     INVX2_HVT       saed32_hvt|saed32_hvt_std
CTS_cts_inv_765527653     INVX2_LVT       saed32_lvt|saed32_lvt_std
CTS_cts_inv_765627654     INVX2_HVT       saed32_hvt|saed32_hvt_std
CTS_cts_inv_765727655     INVX2_HVT       saed32_hvt|saed32_hvt_std
CTS_cts_inv_765827656     INVX2_HVT       saed32_hvt|saed32_hvt_std
CTS_cts_inv_765927657     INVX2_HVT       saed32_hvt|saed32_hvt_std
CTS_cts_inv_766027658     INVX2_HVT       saed32_hvt|saed32_hvt_std
CTS_cts_inv_766127659     INVX2_HVT       saed32_hvt|saed32_hvt_std
CTS_cts_inv_766227660     INVX2_RVT       saed32_rvt|saed32_rvt_std
CTS_cts_inv_766327661     INVX2_HVT       saed32_hvt|saed32_hvt_std
CTS_cts_inv_766427662     INVX2_HVT       saed32_hvt|saed32_hvt_std
CTS_cts_inv_766527663     INVX2_RVT       saed32_rvt|saed32_rvt_std
CTS_cts_inv_766627664     INVX2_HVT       saed32_hvt|saed32_hvt_std
CTS_cts_inv_766727665     INVX2_RVT       saed32_rvt|saed32_rvt_std
CTS_cts_inv_766827666     INVX2_HVT       saed32_hvt|saed32_hvt_std
CTS_cts_inv_766927667     INVX2_RVT       saed32_rvt|saed32_rvt_std
CTS_cts_inv_767027668     INVX2_RVT       saed32_rvt|saed32_rvt_std
CTS_cts_inv_767127669     INVX2_LVT       saed32_lvt|saed32_lvt_std
CTS_cts_inv_767227670     INVX2_HVT       saed32_hvt|saed32_hvt_std
CTS_cts_inv_767327671     INVX2_HVT       saed32_hvt|saed32_hvt_std
CTS_cts_inv_767427672     INVX2_HVT       saed32_hvt|saed32_hvt_std
CTS_cts_inv_767527673     INVX2_HVT       saed32_hvt|saed32_hvt_std
CTS_cts_inv_767627674     INVX2_HVT       saed32_hvt|saed32_hvt_std
CTS_cts_inv_767727675     INVX2_HVT       saed32_hvt|saed32_hvt_std
CTS_cts_inv_767827676     INVX2_HVT       saed32_hvt|saed32_hvt_std
CTS_cts_inv_767927677     INVX2_HVT       saed32_hvt|saed32_hvt_std
CTS_cts_inv_768027678     INVX2_LVT       saed32_lvt|saed32_lvt_std
CTS_cts_inv_768127679     INVX2_HVT       saed32_hvt|saed32_hvt_std
CTS_cts_inv_768227680     INVX2_HVT       saed32_hvt|saed32_hvt_std
CTS_cts_inv_768327681     INVX2_HVT       saed32_hvt|saed32_hvt_std
CTS_cts_inv_768427682     INVX2_HVT       saed32_hvt|saed32_hvt_std
CTS_cts_inv_768527683     INVX2_HVT       saed32_hvt|saed32_hvt_std
CTS_cts_inv_768627684     INVX2_LVT       saed32_lvt|saed32_lvt_std
CTS_cts_inv_768727685     INVX2_LVT       saed32_lvt|saed32_lvt_std
CTS_cts_inv_768827686     INVX2_HVT       saed32_hvt|saed32_hvt_std
CTS_cts_inv_768927687     INVX2_HVT       saed32_hvt|saed32_hvt_std
CTS_cts_inv_769027688     INVX2_HVT       saed32_hvt|saed32_hvt_std
CTS_cts_inv_769127689     INVX2_HVT       saed32_hvt|saed32_hvt_std
CTS_cts_inv_769227690     INVX2_HVT       saed32_hvt|saed32_hvt_std
CTS_cts_inv_769327691     INVX2_LVT       saed32_lvt|saed32_lvt_std
CTS_cts_inv_769427692     INVX2_HVT       saed32_hvt|saed32_hvt_std
CTS_cts_inv_769527693     INVX2_RVT       saed32_rvt|saed32_rvt_std
CTS_cts_inv_769627694     INVX2_HVT       saed32_hvt|saed32_hvt_std
CTS_cts_inv_769727695     INVX2_HVT       saed32_hvt|saed32_hvt_std
CTS_cts_inv_769827696     INVX2_HVT       saed32_hvt|saed32_hvt_std
CTS_cts_inv_769927697     INVX2_HVT       saed32_hvt|saed32_hvt_std
CTS_cts_inv_770027698     INVX2_LVT       saed32_lvt|saed32_lvt_std
CTS_cts_inv_770127699     INVX2_HVT       saed32_hvt|saed32_hvt_std
CTS_cts_inv_770227700     INVX2_HVT       saed32_hvt|saed32_hvt_std
CTS_cts_inv_770327701     INVX2_RVT       saed32_rvt|saed32_rvt_std
CTS_cts_inv_770427702     INVX2_RVT       saed32_rvt|saed32_rvt_std
CTS_cts_inv_770527703     INVX2_HVT       saed32_hvt|saed32_hvt_std
CTS_cts_inv_770627704     INVX2_HVT       saed32_hvt|saed32_hvt_std
CTS_cts_inv_770727705     INVX2_HVT       saed32_hvt|saed32_hvt_std
CTS_cts_inv_770827706     INVX2_HVT       saed32_hvt|saed32_hvt_std
CTS_cts_inv_770927707     INVX2_RVT       saed32_rvt|saed32_rvt_std
CTS_cts_inv_771027708     INVX2_HVT       saed32_hvt|saed32_hvt_std
CTS_cts_inv_771127709     INVX2_RVT       saed32_rvt|saed32_rvt_std
CTS_cts_inv_771227710     INVX2_HVT       saed32_hvt|saed32_hvt_std
CTS_cts_inv_771327711     INVX2_HVT       saed32_hvt|saed32_hvt_std
CTS_cts_inv_771427712     INVX2_HVT       saed32_hvt|saed32_hvt_std
CTS_cts_inv_771527713     INVX2_HVT       saed32_hvt|saed32_hvt_std
CTS_cts_inv_771627714     INVX2_LVT       saed32_lvt|saed32_lvt_std
CTS_cts_inv_771727715     INVX2_LVT       saed32_lvt|saed32_lvt_std
CTS_cts_inv_771827716     INVX2_LVT       saed32_lvt|saed32_lvt_std
CTS_cts_inv_771927717     INVX2_HVT       saed32_hvt|saed32_hvt_std
CTS_cts_inv_772027718     INVX2_LVT       saed32_lvt|saed32_lvt_std
CTS_cts_inv_772127719     INVX2_HVT       saed32_hvt|saed32_hvt_std
CTS_cts_inv_772227720     INVX2_HVT       saed32_hvt|saed32_hvt_std
CTS_cts_inv_772327721     INVX2_HVT       saed32_hvt|saed32_hvt_std
CTS_cts_inv_772427722     INVX2_HVT       saed32_hvt|saed32_hvt_std
CTS_cts_inv_772527723     INVX2_RVT       saed32_rvt|saed32_rvt_std
CTS_cts_inv_772627724     INVX2_RVT       saed32_rvt|saed32_rvt_std
CTS_cts_inv_772727725     INVX2_HVT       saed32_hvt|saed32_hvt_std
CTS_cts_inv_772827726     INVX2_HVT       saed32_hvt|saed32_hvt_std
CTS_cts_inv_772927727     INVX2_HVT       saed32_hvt|saed32_hvt_std
CTS_cts_inv_773027728     INVX2_LVT       saed32_lvt|saed32_lvt_std
CTS_cts_inv_773127729     INVX2_HVT       saed32_hvt|saed32_hvt_std
CTS_cts_inv_773227730     INVX2_HVT       saed32_hvt|saed32_hvt_std
CTS_cts_inv_773327731     INVX2_HVT       saed32_hvt|saed32_hvt_std
CTS_cts_inv_773427732     INVX2_HVT       saed32_hvt|saed32_hvt_std
CTS_cts_inv_773527733     INVX2_RVT       saed32_rvt|saed32_rvt_std
CTS_cts_inv_773627734     INVX2_HVT       saed32_hvt|saed32_hvt_std
CTS_cts_inv_773727735     INVX2_HVT       saed32_hvt|saed32_hvt_std
CTS_cts_inv_773827736     INVX2_HVT       saed32_hvt|saed32_hvt_std
CTS_cts_inv_773927737     INVX2_HVT       saed32_hvt|saed32_hvt_std
CTS_cts_inv_774027738     INVX2_RVT       saed32_rvt|saed32_rvt_std
CTS_cts_inv_774127739     INVX2_LVT       saed32_lvt|saed32_lvt_std
CTS_cts_inv_774227740     INVX2_HVT       saed32_hvt|saed32_hvt_std
CTS_cts_inv_774327741     INVX2_HVT       saed32_hvt|saed32_hvt_std
CTS_cts_inv_774427742     INVX2_LVT       saed32_lvt|saed32_lvt_std
CTS_cts_inv_774527743     INVX2_HVT       saed32_hvt|saed32_hvt_std
CTS_cts_inv_774627744     INVX2_LVT       saed32_lvt|saed32_lvt_std
CTS_cts_inv_774727745     INVX2_RVT       saed32_rvt|saed32_rvt_std
CTS_cts_inv_774827746     INVX2_HVT       saed32_hvt|saed32_hvt_std
CTS_cts_inv_774927747     INVX2_RVT       saed32_rvt|saed32_rvt_std
CTS_cts_inv_775027748     INVX2_HVT       saed32_hvt|saed32_hvt_std
CTS_cts_inv_775127749     INVX2_HVT       saed32_hvt|saed32_hvt_std
CTS_cts_inv_775227750     INVX2_HVT       saed32_hvt|saed32_hvt_std
CTS_cts_inv_775327751     INVX2_RVT       saed32_rvt|saed32_rvt_std
CTS_cts_inv_775427752     INVX2_HVT       saed32_hvt|saed32_hvt_std
CTS_cts_inv_775527753     INVX2_HVT       saed32_hvt|saed32_hvt_std
CTS_cts_inv_775627754     INVX2_HVT       saed32_hvt|saed32_hvt_std
CTS_cts_inv_775727755     INVX2_RVT       saed32_rvt|saed32_rvt_std
CTS_cts_inv_775827756     INVX2_HVT       saed32_hvt|saed32_hvt_std
CTS_cts_inv_775927757     INVX2_HVT       saed32_hvt|saed32_hvt_std
CTS_cts_inv_776027758     INVX2_HVT       saed32_hvt|saed32_hvt_std
CTS_cts_inv_776127759     INVX2_LVT       saed32_lvt|saed32_lvt_std
CTS_cts_inv_776227760     INVX2_HVT       saed32_hvt|saed32_hvt_std
CTS_cts_inv_776327761     INVX2_LVT       saed32_lvt|saed32_lvt_std
CTS_cts_inv_776427762     INVX2_RVT       saed32_rvt|saed32_rvt_std
CTS_cts_inv_776527763     INVX2_HVT       saed32_hvt|saed32_hvt_std
CTS_cts_inv_776627764     INVX2_HVT       saed32_hvt|saed32_hvt_std
CTS_cts_inv_776727765     INVX2_LVT       saed32_lvt|saed32_lvt_std
CTS_cts_inv_776827766     INVX2_RVT       saed32_rvt|saed32_rvt_std
CTS_cts_inv_776927767     INVX2_LVT       saed32_lvt|saed32_lvt_std
CTS_cts_inv_777027768     INVX2_HVT       saed32_hvt|saed32_hvt_std
CTS_cts_inv_777127769     INVX2_RVT       saed32_rvt|saed32_rvt_std
CTS_cts_inv_777227770     INVX2_HVT       saed32_hvt|saed32_hvt_std
CTS_cts_inv_777327771     INVX2_LVT       saed32_lvt|saed32_lvt_std
CTS_cts_inv_777427772     INVX2_HVT       saed32_hvt|saed32_hvt_std
CTS_cts_inv_777527773     INVX2_HVT       saed32_hvt|saed32_hvt_std
CTS_cts_inv_777627774     INVX2_RVT       saed32_rvt|saed32_rvt_std
CTS_cts_inv_777727775     INVX2_RVT       saed32_rvt|saed32_rvt_std
CTS_cts_inv_777827776     INVX2_HVT       saed32_hvt|saed32_hvt_std
CTS_cts_inv_777927777     INVX2_HVT       saed32_hvt|saed32_hvt_std
CTS_cts_inv_778027778     INVX2_LVT       saed32_lvt|saed32_lvt_std
CTS_cts_inv_778127779     INVX2_HVT       saed32_hvt|saed32_hvt_std
CTS_cts_inv_778227780     INVX2_HVT       saed32_hvt|saed32_hvt_std
CTS_cts_inv_778327781     INVX2_HVT       saed32_hvt|saed32_hvt_std
CTS_cts_inv_778427782     INVX2_HVT       saed32_hvt|saed32_hvt_std
CTS_cts_inv_778527783     IBUFFX4_RVT     saed32_rvt|saed32_rvt_std
CTS_cts_inv_778627784     INVX2_HVT       saed32_hvt|saed32_hvt_std
CTS_cts_inv_778727785     INVX2_LVT       saed32_lvt|saed32_lvt_std
CTS_cts_inv_778827786     INVX2_HVT       saed32_hvt|saed32_hvt_std
CTS_cts_inv_778927787     INVX2_HVT       saed32_hvt|saed32_hvt_std
CTS_cts_inv_779027788     INVX2_HVT       saed32_hvt|saed32_hvt_std
CTS_cts_inv_779127789     IBUFFX4_RVT     saed32_rvt|saed32_rvt_std
CTS_cts_inv_779227790     INVX2_HVT       saed32_hvt|saed32_hvt_std
CTS_cts_inv_779327791     INVX2_HVT       saed32_hvt|saed32_hvt_std
CTS_cts_inv_779427792     INVX2_HVT       saed32_hvt|saed32_hvt_std
CTS_cts_inv_779527793     IBUFFX8_HVT     saed32_hvt|saed32_hvt_std
CTS_cts_inv_779627794     INVX2_LVT       saed32_lvt|saed32_lvt_std
CTS_cts_inv_779727795     INVX2_HVT       saed32_hvt|saed32_hvt_std
CTS_cts_inv_779827796     INVX2_HVT       saed32_hvt|saed32_hvt_std
CTS_cts_inv_779927797     INVX2_HVT       saed32_hvt|saed32_hvt_std
CTS_cts_inv_780027798     INVX2_RVT       saed32_rvt|saed32_rvt_std
CTS_cts_inv_780127799     INVX2_HVT       saed32_hvt|saed32_hvt_std
CTS_cts_inv_780227800     INVX2_HVT       saed32_hvt|saed32_hvt_std
CTS_cts_inv_780327801     INVX2_HVT       saed32_hvt|saed32_hvt_std
CTS_cts_inv_780427802     INVX2_RVT       saed32_rvt|saed32_rvt_std
CTS_cts_inv_780527803     INVX2_HVT       saed32_hvt|saed32_hvt_std
CTS_cts_inv_780627804     INVX2_HVT       saed32_hvt|saed32_hvt_std
CTS_cts_inv_780727805     INVX2_HVT       saed32_hvt|saed32_hvt_std
CTS_cts_inv_780827806     INVX2_HVT       saed32_hvt|saed32_hvt_std
CTS_cts_inv_780927807     INVX2_HVT       saed32_hvt|saed32_hvt_std
CTS_cts_inv_781027808     INVX2_HVT       saed32_hvt|saed32_hvt_std
CTS_cts_inv_781127809     INVX2_LVT       saed32_lvt|saed32_lvt_std
CTS_cts_inv_781227810     INVX2_RVT       saed32_rvt|saed32_rvt_std
CTS_cts_inv_781327811     INVX2_RVT       saed32_rvt|saed32_rvt_std
CTS_cts_inv_781427812     INVX2_RVT       saed32_rvt|saed32_rvt_std
CTS_cts_inv_781527813     INVX2_HVT       saed32_hvt|saed32_hvt_std
CTS_cts_inv_781627814     IBUFFX2_LVT     saed32_lvt|saed32_lvt_std
CTS_cts_inv_781727815     INVX2_RVT       saed32_rvt|saed32_rvt_std
CTS_cts_inv_781827816     INVX2_HVT       saed32_hvt|saed32_hvt_std
CTS_cts_inv_781927817     INVX2_HVT       saed32_hvt|saed32_hvt_std
CTS_cts_inv_782027818     INVX2_HVT       saed32_hvt|saed32_hvt_std
CTS_cts_inv_782127819     INVX2_HVT       saed32_hvt|saed32_hvt_std
CTS_cts_inv_782227820     INVX2_HVT       saed32_hvt|saed32_hvt_std
CTS_cts_inv_782327821     INVX2_RVT       saed32_rvt|saed32_rvt_std
CTS_cts_inv_782427822     INVX2_HVT       saed32_hvt|saed32_hvt_std
CTS_cts_inv_782527823     INVX2_RVT       saed32_rvt|saed32_rvt_std
CTS_cts_inv_782627824     INVX2_HVT       saed32_hvt|saed32_hvt_std
CTS_cts_inv_782727825     IBUFFX2_RVT     saed32_rvt|saed32_rvt_std
CTS_cts_inv_782827826     INVX2_RVT       saed32_rvt|saed32_rvt_std
CTS_cts_inv_782927827     INVX2_HVT       saed32_hvt|saed32_hvt_std
CTS_cts_inv_783027828     INVX2_HVT       saed32_hvt|saed32_hvt_std
CTS_cts_inv_783127829     INVX2_HVT       saed32_hvt|saed32_hvt_std
CTS_cts_inv_783227830     INVX2_HVT       saed32_hvt|saed32_hvt_std
CTS_cts_inv_783327831     INVX2_LVT       saed32_lvt|saed32_lvt_std
CTS_cts_inv_783427832     INVX2_RVT       saed32_rvt|saed32_rvt_std
CTS_cts_inv_783527833     INVX2_LVT       saed32_lvt|saed32_lvt_std
CTS_cts_inv_783627834     INVX2_HVT       saed32_hvt|saed32_hvt_std
CTS_cts_inv_783727835     INVX2_LVT       saed32_lvt|saed32_lvt_std
CTS_cts_inv_783827836     INVX2_HVT       saed32_hvt|saed32_hvt_std
CTS_cts_inv_783927837     INVX2_HVT       saed32_hvt|saed32_hvt_std
CTS_cts_inv_784027838     INVX2_RVT       saed32_rvt|saed32_rvt_std
CTS_cts_inv_784127839     INVX4_LVT       saed32_lvt|saed32_lvt_std
CTS_cts_inv_784227840     INVX2_LVT       saed32_lvt|saed32_lvt_std
CTS_cts_inv_784327841     INVX2_HVT       saed32_hvt|saed32_hvt_std
CTS_cts_inv_784427842     INVX2_HVT       saed32_hvt|saed32_hvt_std
CTS_cts_inv_784527843     INVX2_RVT       saed32_rvt|saed32_rvt_std
CTS_cts_inv_784627844     INVX2_HVT       saed32_hvt|saed32_hvt_std
CTS_cts_inv_784727845     INVX2_HVT       saed32_hvt|saed32_hvt_std
CTS_cts_inv_784827846     INVX2_RVT       saed32_rvt|saed32_rvt_std
CTS_cts_inv_784927847     INVX2_HVT       saed32_hvt|saed32_hvt_std
CTS_cts_inv_785027848     INVX2_HVT       saed32_hvt|saed32_hvt_std
CTS_cts_inv_785127849     INVX2_HVT       saed32_hvt|saed32_hvt_std
CTS_cts_inv_785227850     INVX2_LVT       saed32_lvt|saed32_lvt_std
CTS_cts_inv_785327851     INVX2_LVT       saed32_lvt|saed32_lvt_std
CTS_cts_inv_785427852     INVX2_HVT       saed32_hvt|saed32_hvt_std
CTS_cts_inv_785527853     INVX2_HVT       saed32_hvt|saed32_hvt_std
CTS_cts_inv_785627854     INVX2_HVT       saed32_hvt|saed32_hvt_std
CTS_cts_inv_785727855     INVX2_HVT       saed32_hvt|saed32_hvt_std
CTS_cts_inv_785827856     INVX2_HVT       saed32_hvt|saed32_hvt_std
CTS_cts_inv_785927857     INVX2_HVT       saed32_hvt|saed32_hvt_std
CTS_cts_inv_786027858     INVX2_LVT       saed32_lvt|saed32_lvt_std
CTS_cts_inv_786127859     INVX2_HVT       saed32_hvt|saed32_hvt_std
CTS_cts_inv_786227860     INVX2_HVT       saed32_hvt|saed32_hvt_std
CTS_cts_inv_786327861     INVX2_HVT       saed32_hvt|saed32_hvt_std
CTS_cts_inv_786427862     INVX2_LVT       saed32_lvt|saed32_lvt_std
CTS_cts_inv_786527863     INVX2_HVT       saed32_hvt|saed32_hvt_std
CTS_cts_inv_786627864     INVX2_LVT       saed32_lvt|saed32_lvt_std
CTS_cts_inv_786727865     INVX2_RVT       saed32_rvt|saed32_rvt_std
CTS_cts_inv_786827866     INVX2_LVT       saed32_lvt|saed32_lvt_std
CTS_cts_inv_786927867     INVX2_HVT       saed32_hvt|saed32_hvt_std
CTS_cts_inv_787027868     INVX2_HVT       saed32_hvt|saed32_hvt_std
CTS_cts_inv_787127869     INVX2_HVT       saed32_hvt|saed32_hvt_std
CTS_cts_inv_787227870     INVX2_RVT       saed32_rvt|saed32_rvt_std
CTS_cts_inv_787327871     INVX2_RVT       saed32_rvt|saed32_rvt_std
CTS_cts_inv_787427872     INVX2_HVT       saed32_hvt|saed32_hvt_std
CTS_cts_inv_787527873     INVX2_HVT       saed32_hvt|saed32_hvt_std
CTS_cts_inv_787627874     INVX2_LVT       saed32_lvt|saed32_lvt_std
CTS_cts_inv_787727875     INVX2_LVT       saed32_lvt|saed32_lvt_std
CTS_cts_inv_787827876     INVX2_RVT       saed32_rvt|saed32_rvt_std
CTS_cts_inv_787927877     INVX2_RVT       saed32_rvt|saed32_rvt_std
CTS_cts_inv_788027878     INVX2_RVT       saed32_rvt|saed32_rvt_std
CTS_cts_inv_788127879     INVX2_LVT       saed32_lvt|saed32_lvt_std
CTS_cts_inv_788227880     INVX2_LVT       saed32_lvt|saed32_lvt_std
CTS_cts_inv_788327881     INVX2_HVT       saed32_hvt|saed32_hvt_std
CTS_cts_inv_788427882     INVX2_LVT       saed32_lvt|saed32_lvt_std
CTS_cts_inv_788527883     INVX2_HVT       saed32_hvt|saed32_hvt_std
CTS_cts_inv_788627884     INVX2_HVT       saed32_hvt|saed32_hvt_std
CTS_cts_inv_788727885     INVX2_HVT       saed32_hvt|saed32_hvt_std
CTS_cts_inv_788827886     INVX2_RVT       saed32_rvt|saed32_rvt_std
CTS_cts_inv_788927887     INVX2_HVT       saed32_hvt|saed32_hvt_std
CTS_cts_inv_789027888     INVX2_HVT       saed32_hvt|saed32_hvt_std
CTS_cts_inv_789127889     INVX2_HVT       saed32_hvt|saed32_hvt_std
CTS_cts_inv_789227890     INVX2_HVT       saed32_hvt|saed32_hvt_std
CTS_cts_inv_789327891     INVX2_HVT       saed32_hvt|saed32_hvt_std
CTS_cts_inv_789427892     IBUFFX2_RVT     saed32_rvt|saed32_rvt_std
CTS_cts_inv_789527893     INVX2_HVT       saed32_hvt|saed32_hvt_std
CTS_cts_inv_789627894     INVX2_HVT       saed32_hvt|saed32_hvt_std
CTS_cts_inv_789727895     INVX2_HVT       saed32_hvt|saed32_hvt_std
CTS_cts_inv_789827896     INVX2_RVT       saed32_rvt|saed32_rvt_std
CTS_cts_inv_789927897     INVX2_HVT       saed32_hvt|saed32_hvt_std
CTS_cts_inv_790027898     INVX2_HVT       saed32_hvt|saed32_hvt_std
CTS_cts_inv_790127899     IBUFFX2_RVT     saed32_rvt|saed32_rvt_std
CTS_cts_inv_790227900     INVX2_HVT       saed32_hvt|saed32_hvt_std
CTS_cts_inv_790327901     INVX2_HVT       saed32_hvt|saed32_hvt_std
CTS_cts_inv_790427902     INVX2_HVT       saed32_hvt|saed32_hvt_std
CTS_cts_inv_790527903     INVX2_HVT       saed32_hvt|saed32_hvt_std
CTS_cts_inv_790627904     INVX2_HVT       saed32_hvt|saed32_hvt_std
CTS_cts_inv_790727905     INVX2_HVT       saed32_hvt|saed32_hvt_std
CTS_cts_inv_790827906     INVX2_RVT       saed32_rvt|saed32_rvt_std
CTS_cts_inv_790927907     INVX2_HVT       saed32_hvt|saed32_hvt_std
CTS_cts_inv_791027908     INVX2_HVT       saed32_hvt|saed32_hvt_std
CTS_cts_inv_791127909     INVX2_HVT       saed32_hvt|saed32_hvt_std
CTS_cts_inv_791227910     INVX2_HVT       saed32_hvt|saed32_hvt_std
CTS_cts_inv_791327911     INVX2_LVT       saed32_lvt|saed32_lvt_std
CTS_cts_inv_791427912     INVX2_HVT       saed32_hvt|saed32_hvt_std
CTS_cts_inv_791527913     INVX2_HVT       saed32_hvt|saed32_hvt_std
CTS_cts_inv_791627914     INVX2_HVT       saed32_hvt|saed32_hvt_std
CTS_cts_inv_791727915     INVX2_HVT       saed32_hvt|saed32_hvt_std
CTS_cts_inv_791827916     INVX2_LVT       saed32_lvt|saed32_lvt_std
CTS_cts_inv_791927917     INVX4_HVT       saed32_hvt|saed32_hvt_std
CTS_cts_inv_792027918     INVX2_HVT       saed32_hvt|saed32_hvt_std
CTS_cts_inv_792127919     INVX2_HVT       saed32_hvt|saed32_hvt_std
CTS_cts_inv_792227920     INVX2_HVT       saed32_hvt|saed32_hvt_std
CTS_cts_inv_792327921     INVX2_LVT       saed32_lvt|saed32_lvt_std
CTS_cts_inv_792427922     INVX2_LVT       saed32_lvt|saed32_lvt_std
CTS_cts_inv_792527923     INVX2_HVT       saed32_hvt|saed32_hvt_std
CTS_cts_inv_792627924     IBUFFX2_RVT     saed32_rvt|saed32_rvt_std
CTS_cts_inv_792727925     INVX2_RVT       saed32_rvt|saed32_rvt_std
CTS_cts_inv_792827926     INVX2_RVT       saed32_rvt|saed32_rvt_std
CTS_cts_inv_792927927     INVX2_HVT       saed32_hvt|saed32_hvt_std
CTS_cts_inv_793027928     INVX2_HVT       saed32_hvt|saed32_hvt_std
CTS_cts_inv_793127929     INVX2_RVT       saed32_rvt|saed32_rvt_std
CTS_cts_inv_793227930     INVX2_HVT       saed32_hvt|saed32_hvt_std
CTS_cts_inv_793327931     INVX2_HVT       saed32_hvt|saed32_hvt_std
CTS_cts_inv_793427932     INVX2_RVT       saed32_rvt|saed32_rvt_std
CTS_cts_inv_793527933     INVX2_HVT       saed32_hvt|saed32_hvt_std
CTS_cts_inv_793627934     INVX2_HVT       saed32_hvt|saed32_hvt_std
CTS_cts_inv_793727935     INVX2_HVT       saed32_hvt|saed32_hvt_std
CTS_cts_inv_793827936     INVX2_RVT       saed32_rvt|saed32_rvt_std
CTS_cts_inv_793927937     IBUFFX2_RVT     saed32_rvt|saed32_rvt_std
CTS_cts_inv_794027938     INVX2_HVT       saed32_hvt|saed32_hvt_std
CTS_cts_inv_794127939     INVX2_HVT       saed32_hvt|saed32_hvt_std
CTS_cts_inv_794227940     INVX2_LVT       saed32_lvt|saed32_lvt_std
CTS_cts_inv_794327941     INVX2_HVT       saed32_hvt|saed32_hvt_std
CTS_cts_inv_794427942     INVX2_HVT       saed32_hvt|saed32_hvt_std
CTS_cts_inv_794527943     INVX2_RVT       saed32_rvt|saed32_rvt_std
CTS_cts_inv_794627944     INVX2_HVT       saed32_hvt|saed32_hvt_std
CTS_cts_inv_794727945     INVX2_RVT       saed32_rvt|saed32_rvt_std
CTS_cts_inv_794827946     INVX2_HVT       saed32_hvt|saed32_hvt_std
CTS_cts_inv_794927947     INVX2_HVT       saed32_hvt|saed32_hvt_std
CTS_cts_inv_795027948     INVX2_HVT       saed32_hvt|saed32_hvt_std
CTS_cts_inv_795127949     INVX2_HVT       saed32_hvt|saed32_hvt_std
CTS_cts_inv_795227950     INVX2_HVT       saed32_hvt|saed32_hvt_std
CTS_cts_inv_795327951     INVX2_HVT       saed32_hvt|saed32_hvt_std
CTS_cts_inv_795427952     INVX2_RVT       saed32_rvt|saed32_rvt_std
CTS_cts_inv_795527953     INVX2_HVT       saed32_hvt|saed32_hvt_std
CTS_cts_inv_795627954     INVX2_LVT       saed32_lvt|saed32_lvt_std
CTS_cts_inv_795727955     INVX2_HVT       saed32_hvt|saed32_hvt_std
CTS_cts_inv_795827956     INVX2_HVT       saed32_hvt|saed32_hvt_std
CTS_cts_inv_795927957     INVX2_HVT       saed32_hvt|saed32_hvt_std
CTS_cts_inv_796027958     IBUFFX2_RVT     saed32_rvt|saed32_rvt_std
CTS_cts_inv_796127959     INVX2_HVT       saed32_hvt|saed32_hvt_std
CTS_cts_inv_796227960     INVX2_HVT       saed32_hvt|saed32_hvt_std
CTS_cts_inv_796327961     INVX2_HVT       saed32_hvt|saed32_hvt_std
CTS_cts_inv_796427962     INVX2_LVT       saed32_lvt|saed32_lvt_std
CTS_cts_inv_796527963     INVX2_HVT       saed32_hvt|saed32_hvt_std
CTS_cts_inv_796627964     INVX2_RVT       saed32_rvt|saed32_rvt_std
CTS_cts_inv_796727965     INVX2_HVT       saed32_hvt|saed32_hvt_std
CTS_cts_inv_796827966     INVX2_RVT       saed32_rvt|saed32_rvt_std
CTS_cts_inv_796927967     INVX2_HVT       saed32_hvt|saed32_hvt_std
CTS_cts_inv_797027968     INVX2_HVT       saed32_hvt|saed32_hvt_std
CTS_cts_inv_797127969     INVX2_HVT       saed32_hvt|saed32_hvt_std
CTS_cts_inv_797227970     INVX2_LVT       saed32_lvt|saed32_lvt_std
CTS_cts_inv_797327971     INVX2_HVT       saed32_hvt|saed32_hvt_std
CTS_cts_inv_797427972     INVX2_HVT       saed32_hvt|saed32_hvt_std
CTS_cts_inv_797527973     INVX2_HVT       saed32_hvt|saed32_hvt_std
CTS_cts_inv_797627974     INVX2_HVT       saed32_hvt|saed32_hvt_std
CTS_cts_inv_797727975     INVX2_HVT       saed32_hvt|saed32_hvt_std
CTS_cts_inv_797827976     INVX2_HVT       saed32_hvt|saed32_hvt_std
CTS_cts_inv_797927977     INVX2_RVT       saed32_rvt|saed32_rvt_std
CTS_cts_inv_798027978     INVX2_HVT       saed32_hvt|saed32_hvt_std
CTS_cts_inv_798127979     INVX2_RVT       saed32_rvt|saed32_rvt_std
CTS_cts_inv_798227980     INVX2_RVT       saed32_rvt|saed32_rvt_std
CTS_cts_inv_798327981     INVX2_LVT       saed32_lvt|saed32_lvt_std
CTS_cts_inv_798427982     INVX2_HVT       saed32_hvt|saed32_hvt_std
CTS_cts_inv_798527983     INVX2_HVT       saed32_hvt|saed32_hvt_std
CTS_cts_inv_798627984     INVX2_HVT       saed32_hvt|saed32_hvt_std
CTS_cts_inv_798727985     INVX2_HVT       saed32_hvt|saed32_hvt_std
CTS_cts_inv_798827986     INVX2_HVT       saed32_hvt|saed32_hvt_std
CTS_cts_inv_798927987     INVX2_LVT       saed32_lvt|saed32_lvt_std
CTS_cts_inv_799027988     INVX2_HVT       saed32_hvt|saed32_hvt_std
CTS_cts_inv_799127989     INVX2_HVT       saed32_hvt|saed32_hvt_std
CTS_cts_inv_799227990     INVX2_HVT       saed32_hvt|saed32_hvt_std
CTS_cts_inv_799327991     INVX2_LVT       saed32_lvt|saed32_lvt_std
CTS_cts_inv_799427992     INVX2_HVT       saed32_hvt|saed32_hvt_std
CTS_cts_inv_799527993     INVX2_HVT       saed32_hvt|saed32_hvt_std
CTS_cts_inv_799627994     INVX2_RVT       saed32_rvt|saed32_rvt_std
CTS_cts_inv_799727995     INVX2_RVT       saed32_rvt|saed32_rvt_std
CTS_cts_inv_799827996     INVX2_RVT       saed32_rvt|saed32_rvt_std
CTS_cts_inv_799927997     INVX2_LVT       saed32_lvt|saed32_lvt_std
CTS_cts_inv_800027998     INVX2_LVT       saed32_lvt|saed32_lvt_std
CTS_cts_inv_800127999     INVX2_HVT       saed32_hvt|saed32_hvt_std
CTS_cts_inv_800228000     INVX2_HVT       saed32_hvt|saed32_hvt_std
CTS_cts_inv_800328001     INVX2_HVT       saed32_hvt|saed32_hvt_std
CTS_cts_inv_800428002     INVX2_HVT       saed32_hvt|saed32_hvt_std
CTS_cts_inv_800528003     INVX2_HVT       saed32_hvt|saed32_hvt_std
CTS_cts_inv_800628004     INVX2_HVT       saed32_hvt|saed32_hvt_std
CTS_cts_inv_800728005     INVX2_RVT       saed32_rvt|saed32_rvt_std
CTS_cts_inv_800828006     INVX2_HVT       saed32_hvt|saed32_hvt_std
CTS_cts_inv_800928007     INVX2_HVT       saed32_hvt|saed32_hvt_std
CTS_cts_inv_801028008     INVX2_HVT       saed32_hvt|saed32_hvt_std
CTS_cts_inv_801128009     INVX2_HVT       saed32_hvt|saed32_hvt_std
CTS_cts_inv_801228010     INVX2_RVT       saed32_rvt|saed32_rvt_std
CTS_cts_inv_801328011     INVX2_LVT       saed32_lvt|saed32_lvt_std
CTS_cts_inv_801428012     INVX2_HVT       saed32_hvt|saed32_hvt_std
CTS_cts_inv_801528013     IBUFFX2_RVT     saed32_rvt|saed32_rvt_std
CTS_cts_inv_801628014     INVX2_LVT       saed32_lvt|saed32_lvt_std
CTS_cts_inv_801728015     INVX2_HVT       saed32_hvt|saed32_hvt_std
CTS_cts_inv_801828016     INVX2_HVT       saed32_hvt|saed32_hvt_std
CTS_cts_inv_801928017     INVX2_HVT       saed32_hvt|saed32_hvt_std
CTS_cts_inv_802028018     INVX2_LVT       saed32_lvt|saed32_lvt_std
CTS_cts_inv_802128019     INVX2_HVT       saed32_hvt|saed32_hvt_std
CTS_cts_inv_802228020     INVX2_RVT       saed32_rvt|saed32_rvt_std
CTS_cts_inv_802328021     INVX2_HVT       saed32_hvt|saed32_hvt_std
CTS_cts_inv_802428022     INVX2_LVT       saed32_lvt|saed32_lvt_std
CTS_cts_inv_802528023     INVX2_RVT       saed32_rvt|saed32_rvt_std
CTS_cts_inv_802628024     INVX2_HVT       saed32_hvt|saed32_hvt_std
CTS_cts_inv_802728025     INVX2_HVT       saed32_hvt|saed32_hvt_std
CTS_cts_inv_802828026     INVX2_HVT       saed32_hvt|saed32_hvt_std
CTS_cts_inv_802928027     INVX2_HVT       saed32_hvt|saed32_hvt_std
CTS_cts_inv_803028028     INVX2_LVT       saed32_lvt|saed32_lvt_std
CTS_cts_inv_803128029     INVX2_HVT       saed32_hvt|saed32_hvt_std
CTS_cts_inv_803228030     INVX2_HVT       saed32_hvt|saed32_hvt_std
CTS_cts_inv_803328031     INVX2_HVT       saed32_hvt|saed32_hvt_std
CTS_cts_inv_803428032     INVX2_HVT       saed32_hvt|saed32_hvt_std
CTS_cts_inv_803528033     INVX2_HVT       saed32_hvt|saed32_hvt_std
CTS_cts_inv_803628034     INVX2_HVT       saed32_hvt|saed32_hvt_std
CTS_cts_inv_803728035     INVX2_RVT       saed32_rvt|saed32_rvt_std
CTS_cts_inv_803828036     INVX2_HVT       saed32_hvt|saed32_hvt_std
CTS_cts_inv_803928037     INVX2_HVT       saed32_hvt|saed32_hvt_std
CTS_cts_inv_804028038     INVX2_LVT       saed32_lvt|saed32_lvt_std
CTS_cts_inv_804128039     INVX2_HVT       saed32_hvt|saed32_hvt_std
CTS_cts_inv_804228040     INVX2_RVT       saed32_rvt|saed32_rvt_std
CTS_cts_inv_804328041     INVX2_HVT       saed32_hvt|saed32_hvt_std
CTS_cts_inv_804428042     INVX2_RVT       saed32_rvt|saed32_rvt_std
CTS_cts_inv_804528043     IBUFFX2_HVT     saed32_hvt|saed32_hvt_std
CTS_cts_inv_804628044     INVX2_HVT       saed32_hvt|saed32_hvt_std
CTS_cts_inv_804728045     INVX2_RVT       saed32_rvt|saed32_rvt_std
CTS_cts_inv_804828046     INVX2_HVT       saed32_hvt|saed32_hvt_std
CTS_cts_inv_804928047     INVX2_HVT       saed32_hvt|saed32_hvt_std
CTS_cts_inv_805028048     INVX2_HVT       saed32_hvt|saed32_hvt_std
CTS_cts_inv_805128049     INVX2_RVT       saed32_rvt|saed32_rvt_std
CTS_cts_inv_805228050     INVX2_RVT       saed32_rvt|saed32_rvt_std
CTS_cts_inv_805328051     INVX2_HVT       saed32_hvt|saed32_hvt_std
CTS_cts_inv_805428052     INVX2_HVT       saed32_hvt|saed32_hvt_std
CTS_cts_inv_805528053     INVX2_HVT       saed32_hvt|saed32_hvt_std
CTS_cts_inv_805628054     INVX2_HVT       saed32_hvt|saed32_hvt_std
CTS_cts_inv_805728055     INVX2_HVT       saed32_hvt|saed32_hvt_std
CTS_cts_inv_805828056     INVX2_RVT       saed32_rvt|saed32_rvt_std
CTS_cts_inv_805928057     INVX2_HVT       saed32_hvt|saed32_hvt_std
CTS_cts_inv_806028058     INVX4_HVT       saed32_hvt|saed32_hvt_std
CTS_cts_inv_806128059     INVX2_RVT       saed32_rvt|saed32_rvt_std
CTS_cts_inv_806228060     INVX2_HVT       saed32_hvt|saed32_hvt_std
CTS_cts_inv_806328061     INVX2_HVT       saed32_hvt|saed32_hvt_std
CTS_cts_inv_806428062     INVX2_HVT       saed32_hvt|saed32_hvt_std
CTS_cts_inv_806528063     INVX2_RVT       saed32_rvt|saed32_rvt_std
CTS_cts_inv_806628064     IBUFFX2_RVT     saed32_rvt|saed32_rvt_std
CTS_cts_inv_806728065     INVX2_HVT       saed32_hvt|saed32_hvt_std
CTS_cts_inv_806828066     INVX2_HVT       saed32_hvt|saed32_hvt_std
CTS_cts_inv_806928067     INVX2_HVT       saed32_hvt|saed32_hvt_std
CTS_cts_inv_807028068     INVX2_HVT       saed32_hvt|saed32_hvt_std
CTS_cts_inv_807128069     INVX2_HVT       saed32_hvt|saed32_hvt_std
CTS_cts_inv_807228070     INVX2_RVT       saed32_rvt|saed32_rvt_std
CTS_cts_inv_807328071     INVX2_LVT       saed32_lvt|saed32_lvt_std
CTS_cts_inv_807428072     INVX2_RVT       saed32_rvt|saed32_rvt_std
CTS_cts_inv_807528073     IBUFFX2_LVT     saed32_lvt|saed32_lvt_std
CTS_cts_inv_807628074     INVX2_HVT       saed32_hvt|saed32_hvt_std
CTS_cts_inv_807728075     INVX2_HVT       saed32_hvt|saed32_hvt_std
CTS_cts_inv_807828076     INVX2_HVT       saed32_hvt|saed32_hvt_std
CTS_cts_inv_807928077     INVX2_HVT       saed32_hvt|saed32_hvt_std
CTS_cts_inv_808028078     INVX2_RVT       saed32_rvt|saed32_rvt_std
CTS_cts_inv_808128079     INVX2_HVT       saed32_hvt|saed32_hvt_std
CTS_cts_inv_808228080     INVX2_HVT       saed32_hvt|saed32_hvt_std
CTS_cts_inv_808328081     INVX2_HVT       saed32_hvt|saed32_hvt_std
CTS_cts_inv_808428082     INVX2_RVT       saed32_rvt|saed32_rvt_std
CTS_cts_inv_808528083     INVX2_HVT       saed32_hvt|saed32_hvt_std
CTS_cts_inv_808628084     INVX2_RVT       saed32_rvt|saed32_rvt_std
CTS_cts_inv_808728085     INVX2_LVT       saed32_lvt|saed32_lvt_std
CTS_cts_inv_808828086     INVX2_LVT       saed32_lvt|saed32_lvt_std
CTS_cts_inv_808928087     INVX2_LVT       saed32_lvt|saed32_lvt_std
CTS_cts_inv_809028088     INVX2_HVT       saed32_hvt|saed32_hvt_std
CTS_cts_inv_809128089     INVX2_RVT       saed32_rvt|saed32_rvt_std
CTS_cts_inv_809228090     INVX2_HVT       saed32_hvt|saed32_hvt_std
CTS_cts_inv_809328091     INVX2_HVT       saed32_hvt|saed32_hvt_std
CTS_cts_inv_809428092     INVX2_HVT       saed32_hvt|saed32_hvt_std
CTS_cts_inv_809528093     INVX2_HVT       saed32_hvt|saed32_hvt_std
CTS_cts_inv_809628094     INVX2_HVT       saed32_hvt|saed32_hvt_std
CTS_cts_inv_809728095     INVX2_HVT       saed32_hvt|saed32_hvt_std
CTS_cts_inv_809828096     INVX2_HVT       saed32_hvt|saed32_hvt_std
CTS_cts_inv_809928097     INVX2_RVT       saed32_rvt|saed32_rvt_std
CTS_cts_inv_810028098     INVX2_RVT       saed32_rvt|saed32_rvt_std
CTS_cts_inv_810128099     INVX2_RVT       saed32_rvt|saed32_rvt_std
CTS_cts_inv_810228100     INVX2_LVT       saed32_lvt|saed32_lvt_std
CTS_cts_inv_810328101     INVX2_HVT       saed32_hvt|saed32_hvt_std
CTS_cts_inv_810428102     INVX2_RVT       saed32_rvt|saed32_rvt_std
CTS_cts_inv_810528103     INVX2_RVT       saed32_rvt|saed32_rvt_std
CTS_cts_inv_810628104     INVX2_RVT       saed32_rvt|saed32_rvt_std
CTS_cts_inv_810728105     INVX2_HVT       saed32_hvt|saed32_hvt_std
CTS_cts_inv_810828106     INVX2_RVT       saed32_rvt|saed32_rvt_std
CTS_cts_inv_810928107     INVX2_HVT       saed32_hvt|saed32_hvt_std
CTS_cts_inv_811028108     INVX2_HVT       saed32_hvt|saed32_hvt_std
CTS_cts_inv_811128109     INVX2_HVT       saed32_hvt|saed32_hvt_std
CTS_cts_inv_811228110     INVX2_HVT       saed32_hvt|saed32_hvt_std
CTS_cts_inv_811328111     INVX2_HVT       saed32_hvt|saed32_hvt_std
CTS_cts_inv_811428112     INVX2_HVT       saed32_hvt|saed32_hvt_std
CTS_cts_inv_811528113     INVX2_LVT       saed32_lvt|saed32_lvt_std
CTS_cts_inv_811628114     INVX2_HVT       saed32_hvt|saed32_hvt_std
CTS_cts_inv_811728115     INVX2_HVT       saed32_hvt|saed32_hvt_std
CTS_cts_inv_811828116     INVX2_LVT       saed32_lvt|saed32_lvt_std
CTS_cts_inv_811928117     IBUFFX2_RVT     saed32_rvt|saed32_rvt_std
CTS_cts_inv_812028118     INVX2_HVT       saed32_hvt|saed32_hvt_std
CTS_cts_inv_812128119     INVX2_HVT       saed32_hvt|saed32_hvt_std
CTS_cts_inv_812228120     INVX2_RVT       saed32_rvt|saed32_rvt_std
CTS_cts_inv_812328121     INVX2_HVT       saed32_hvt|saed32_hvt_std
CTS_cts_inv_812428122     INVX2_HVT       saed32_hvt|saed32_hvt_std
CTS_cts_inv_812528123     INVX2_HVT       saed32_hvt|saed32_hvt_std
CTS_cts_inv_812628124     INVX2_HVT       saed32_hvt|saed32_hvt_std
CTS_cts_inv_812728125     INVX2_LVT       saed32_lvt|saed32_lvt_std
CTS_cts_inv_812828126     INVX2_HVT       saed32_hvt|saed32_hvt_std
CTS_cts_inv_812928127     INVX2_LVT       saed32_lvt|saed32_lvt_std
CTS_cts_inv_813028128     INVX2_HVT       saed32_hvt|saed32_hvt_std
CTS_cts_inv_813128129     INVX2_RVT       saed32_rvt|saed32_rvt_std
CTS_cts_inv_813228130     IBUFFX2_RVT     saed32_rvt|saed32_rvt_std
CTS_cts_inv_813328131     INVX2_HVT       saed32_hvt|saed32_hvt_std
CTS_cts_inv_813428132     INVX2_HVT       saed32_hvt|saed32_hvt_std
CTS_cts_inv_813528133     INVX2_HVT       saed32_hvt|saed32_hvt_std
CTS_cts_inv_813628134     INVX2_HVT       saed32_hvt|saed32_hvt_std
CTS_cts_inv_813728135     IBUFFX2_HVT     saed32_hvt|saed32_hvt_std
CTS_cts_inv_813828136     INVX2_RVT       saed32_rvt|saed32_rvt_std
CTS_cts_inv_813928137     INVX2_HVT       saed32_hvt|saed32_hvt_std
CTS_cts_inv_814028138     INVX2_LVT       saed32_lvt|saed32_lvt_std
CTS_cts_inv_814128139     INVX2_HVT       saed32_hvt|saed32_hvt_std
CTS_cts_inv_814228140     INVX2_LVT       saed32_lvt|saed32_lvt_std
CTS_cts_inv_814328141     INVX2_HVT       saed32_hvt|saed32_hvt_std
CTS_cts_inv_814428142     INVX2_LVT       saed32_lvt|saed32_lvt_std
CTS_cts_inv_814528143     INVX2_HVT       saed32_hvt|saed32_hvt_std
CTS_cts_inv_814628144     INVX2_HVT       saed32_hvt|saed32_hvt_std
CTS_cts_inv_814728145     INVX2_HVT       saed32_hvt|saed32_hvt_std
CTS_cts_inv_814828146     INVX2_HVT       saed32_hvt|saed32_hvt_std
CTS_cts_inv_814928147     INVX2_HVT       saed32_hvt|saed32_hvt_std
CTS_cts_inv_815028148     INVX2_HVT       saed32_hvt|saed32_hvt_std
CTS_cts_inv_815128149     INVX2_HVT       saed32_hvt|saed32_hvt_std
CTS_cts_inv_815228150     INVX2_HVT       saed32_hvt|saed32_hvt_std
CTS_cts_inv_815328151     INVX2_HVT       saed32_hvt|saed32_hvt_std
CTS_cts_inv_815428152     INVX2_LVT       saed32_lvt|saed32_lvt_std
CTS_cts_inv_815528153     INVX2_HVT       saed32_hvt|saed32_hvt_std
CTS_cts_inv_815628154     INVX2_HVT       saed32_hvt|saed32_hvt_std
CTS_cts_inv_815728155     INVX2_HVT       saed32_hvt|saed32_hvt_std
CTS_cts_inv_815828156     INVX2_HVT       saed32_hvt|saed32_hvt_std
CTS_cts_inv_815928157     INVX2_HVT       saed32_hvt|saed32_hvt_std
CTS_cts_inv_816028158     INVX2_HVT       saed32_hvt|saed32_hvt_std
CTS_cts_inv_816128159     INVX2_HVT       saed32_hvt|saed32_hvt_std
CTS_cts_inv_816228160     INVX2_RVT       saed32_rvt|saed32_rvt_std
CTS_cts_inv_816328161     INVX2_HVT       saed32_hvt|saed32_hvt_std
CTS_cts_inv_816428162     INVX2_HVT       saed32_hvt|saed32_hvt_std
CTS_cts_inv_816528163     INVX4_LVT       saed32_lvt|saed32_lvt_std
CTS_cts_inv_816628164     INVX2_HVT       saed32_hvt|saed32_hvt_std
CTS_cts_inv_816728165     INVX2_LVT       saed32_lvt|saed32_lvt_std
CTS_cts_inv_816828166     INVX2_HVT       saed32_hvt|saed32_hvt_std
CTS_cts_inv_816928167     INVX2_RVT       saed32_rvt|saed32_rvt_std
CTS_cts_inv_817028168     INVX2_HVT       saed32_hvt|saed32_hvt_std
CTS_cts_inv_817128169     INVX2_LVT       saed32_lvt|saed32_lvt_std
CTS_cts_inv_817228170     INVX2_HVT       saed32_hvt|saed32_hvt_std
CTS_cts_inv_817328171     INVX2_LVT       saed32_lvt|saed32_lvt_std
CTS_cts_inv_817428172     INVX2_LVT       saed32_lvt|saed32_lvt_std
CTS_cts_inv_817528173     INVX2_RVT       saed32_rvt|saed32_rvt_std
CTS_cts_inv_817628174     INVX2_HVT       saed32_hvt|saed32_hvt_std
CTS_cts_inv_817728175     INVX2_LVT       saed32_lvt|saed32_lvt_std
CTS_cts_inv_817828176     INVX2_HVT       saed32_hvt|saed32_hvt_std
CTS_cts_inv_817928177     INVX2_LVT       saed32_lvt|saed32_lvt_std
CTS_cts_inv_818028178     IBUFFX2_HVT     saed32_hvt|saed32_hvt_std
CTS_cts_inv_818128179     INVX2_LVT       saed32_lvt|saed32_lvt_std
CTS_cts_inv_818228180     INVX2_LVT       saed32_lvt|saed32_lvt_std
CTS_cts_inv_818328181     INVX2_RVT       saed32_rvt|saed32_rvt_std
CTS_cts_inv_818428182     INVX2_LVT       saed32_lvt|saed32_lvt_std
CTS_cts_inv_818528183     INVX2_HVT       saed32_hvt|saed32_hvt_std
CTS_cts_inv_818628184     INVX2_HVT       saed32_hvt|saed32_hvt_std
CTS_cts_inv_818728185     INVX2_HVT       saed32_hvt|saed32_hvt_std
CTS_cts_inv_818828186     INVX2_HVT       saed32_hvt|saed32_hvt_std
CTS_cts_inv_818928187     INVX2_LVT       saed32_lvt|saed32_lvt_std
CTS_cts_inv_819028188     INVX2_RVT       saed32_rvt|saed32_rvt_std
CTS_cts_inv_819128189     INVX2_RVT       saed32_rvt|saed32_rvt_std
CTS_cts_inv_819228190     INVX2_RVT       saed32_rvt|saed32_rvt_std
CTS_cts_inv_819328191     INVX2_HVT       saed32_hvt|saed32_hvt_std
CTS_cts_inv_819428192     INVX2_HVT       saed32_hvt|saed32_hvt_std
CTS_cts_inv_819528193     INVX2_HVT       saed32_hvt|saed32_hvt_std
CTS_cts_inv_819628194     INVX2_LVT       saed32_lvt|saed32_lvt_std
CTS_cts_inv_819728195     INVX2_HVT       saed32_hvt|saed32_hvt_std
CTS_cts_inv_819828196     INVX2_HVT       saed32_hvt|saed32_hvt_std
CTS_cts_inv_819928197     INVX2_HVT       saed32_hvt|saed32_hvt_std
CTS_cts_inv_820028198     INVX2_RVT       saed32_rvt|saed32_rvt_std
CTS_cts_inv_820128199     INVX2_HVT       saed32_hvt|saed32_hvt_std
CTS_cts_inv_820228200     INVX2_HVT       saed32_hvt|saed32_hvt_std
CTS_cts_inv_820328201     IBUFFX8_HVT     saed32_hvt|saed32_hvt_std
CTS_cts_inv_820428202     INVX2_HVT       saed32_hvt|saed32_hvt_std
CTS_cts_inv_820528203     INVX2_HVT       saed32_hvt|saed32_hvt_std
CTS_cts_inv_820628204     INVX4_LVT       saed32_lvt|saed32_lvt_std
CTS_cts_inv_820728205     IBUFFX2_HVT     saed32_hvt|saed32_hvt_std
CTS_cts_inv_820828206     INVX2_HVT       saed32_hvt|saed32_hvt_std
CTS_cts_inv_820928207     IBUFFX4_RVT     saed32_rvt|saed32_rvt_std
CTS_cts_inv_821028208     INVX4_RVT       saed32_rvt|saed32_rvt_std
CTS_cts_inv_821128209     INVX2_HVT       saed32_hvt|saed32_hvt_std
CTS_cts_inv_821228210     INVX2_LVT       saed32_lvt|saed32_lvt_std
CTS_cts_inv_821328211     INVX2_LVT       saed32_lvt|saed32_lvt_std
CTS_cts_inv_821428212     INVX2_HVT       saed32_hvt|saed32_hvt_std
CTS_cts_inv_821528213     INVX2_HVT       saed32_hvt|saed32_hvt_std
CTS_cts_inv_821628214     INVX8_LVT       saed32_lvt|saed32_lvt_std
CTS_cts_inv_821728215     INVX2_HVT       saed32_hvt|saed32_hvt_std
CTS_cts_inv_821828216     INVX2_HVT       saed32_hvt|saed32_hvt_std
CTS_cts_inv_821928217     INVX2_HVT       saed32_hvt|saed32_hvt_std
CTS_cts_inv_822028218     INVX2_HVT       saed32_hvt|saed32_hvt_std
CTS_cts_inv_822128219     INVX2_RVT       saed32_rvt|saed32_rvt_std
CTS_cts_inv_822228220     INVX2_HVT       saed32_hvt|saed32_hvt_std
CTS_cts_inv_822328221     INVX2_RVT       saed32_rvt|saed32_rvt_std
CTS_cts_inv_822428222     INVX2_HVT       saed32_hvt|saed32_hvt_std
CTS_cts_inv_822528223     INVX2_HVT       saed32_hvt|saed32_hvt_std
CTS_cts_inv_822628224     INVX2_RVT       saed32_rvt|saed32_rvt_std
CTS_cts_inv_822728225     INVX2_HVT       saed32_hvt|saed32_hvt_std
CTS_cts_inv_822828226     INVX2_HVT       saed32_hvt|saed32_hvt_std
CTS_cts_inv_822928227     INVX2_HVT       saed32_hvt|saed32_hvt_std
CTS_cts_inv_823028228     INVX2_LVT       saed32_lvt|saed32_lvt_std
CTS_cts_inv_823128229     IBUFFX2_RVT     saed32_rvt|saed32_rvt_std
CTS_cts_inv_823228230     INVX2_HVT       saed32_hvt|saed32_hvt_std
CTS_cts_inv_823328231     INVX2_HVT       saed32_hvt|saed32_hvt_std
CTS_cts_inv_823428232     INVX2_HVT       saed32_hvt|saed32_hvt_std
CTS_cts_inv_823528233     INVX2_HVT       saed32_hvt|saed32_hvt_std
CTS_cts_inv_823628234     INVX2_HVT       saed32_hvt|saed32_hvt_std
CTS_cts_inv_823728235     INVX4_LVT       saed32_lvt|saed32_lvt_std
CTS_cts_inv_823828236     INVX2_HVT       saed32_hvt|saed32_hvt_std
CTS_cts_inv_823928237     INVX2_HVT       saed32_hvt|saed32_hvt_std
CTS_cts_inv_824028238     INVX4_LVT       saed32_lvt|saed32_lvt_std
CTS_cts_inv_824128239     IBUFFX2_RVT     saed32_rvt|saed32_rvt_std
CTS_cts_inv_824228240     INVX2_RVT       saed32_rvt|saed32_rvt_std
CTS_cts_inv_824328241     INVX2_HVT       saed32_hvt|saed32_hvt_std
CTS_cts_inv_824428242     INVX2_HVT       saed32_hvt|saed32_hvt_std
CTS_cts_inv_824528243     INVX2_HVT       saed32_hvt|saed32_hvt_std
CTS_cts_inv_824628244     INVX2_HVT       saed32_hvt|saed32_hvt_std
CTS_cts_inv_824728245     INVX2_HVT       saed32_hvt|saed32_hvt_std
CTS_cts_inv_824828246     INVX2_LVT       saed32_lvt|saed32_lvt_std
CTS_cts_inv_824928247     INVX4_HVT       saed32_hvt|saed32_hvt_std
CTS_cts_inv_825028248     INVX2_HVT       saed32_hvt|saed32_hvt_std
CTS_cts_inv_825128249     IBUFFX2_RVT     saed32_rvt|saed32_rvt_std
CTS_cts_inv_825228250     INVX2_HVT       saed32_hvt|saed32_hvt_std
CTS_cts_inv_825328251     INVX2_RVT       saed32_rvt|saed32_rvt_std
CTS_cts_inv_825428252     INVX2_HVT       saed32_hvt|saed32_hvt_std
CTS_cts_inv_825528253     INVX4_LVT       saed32_lvt|saed32_lvt_std
CTS_cts_inv_825628254     INVX2_HVT       saed32_hvt|saed32_hvt_std
CTS_cts_inv_825728255     INVX2_HVT       saed32_hvt|saed32_hvt_std
CTS_cts_inv_825828256     INVX2_HVT       saed32_hvt|saed32_hvt_std
CTS_cts_inv_825928257     INVX2_HVT       saed32_hvt|saed32_hvt_std
CTS_cts_inv_826028258     INVX2_HVT       saed32_hvt|saed32_hvt_std
CTS_cts_inv_826128259     INVX2_HVT       saed32_hvt|saed32_hvt_std
CTS_cts_inv_826228260     INVX2_HVT       saed32_hvt|saed32_hvt_std
CTS_cts_inv_826328261     INVX2_HVT       saed32_hvt|saed32_hvt_std
CTS_cts_inv_826428262     INVX2_HVT       saed32_hvt|saed32_hvt_std
CTS_cts_inv_826528263     INVX2_HVT       saed32_hvt|saed32_hvt_std
CTS_cts_inv_826628264     INVX2_HVT       saed32_hvt|saed32_hvt_std
CTS_cts_inv_826728265     INVX2_HVT       saed32_hvt|saed32_hvt_std
CTS_cts_inv_826828266     IBUFFX2_RVT     saed32_rvt|saed32_rvt_std
CTS_cts_inv_826928267     INVX4_LVT       saed32_lvt|saed32_lvt_std
CTS_cts_inv_827028268     INVX2_LVT       saed32_lvt|saed32_lvt_std
CTS_cts_inv_827128269     IBUFFX2_HVT     saed32_hvt|saed32_hvt_std
CTS_cts_inv_827228270     INVX2_RVT       saed32_rvt|saed32_rvt_std
CTS_cts_inv_827328271     INVX2_HVT       saed32_hvt|saed32_hvt_std
CTS_cts_inv_827428272     INVX2_LVT       saed32_lvt|saed32_lvt_std
CTS_cts_inv_827528273     IBUFFX4_RVT     saed32_rvt|saed32_rvt_std
CTS_cts_inv_827628274     INVX2_HVT       saed32_hvt|saed32_hvt_std
CTS_cts_inv_827728275     INVX2_HVT       saed32_hvt|saed32_hvt_std
CTS_cts_inv_827828276     INVX2_HVT       saed32_hvt|saed32_hvt_std
CTS_cts_inv_827928277     IBUFFX2_HVT     saed32_hvt|saed32_hvt_std
CTS_cts_inv_828028278     INVX4_LVT       saed32_lvt|saed32_lvt_std
CTS_cts_inv_828128279     INVX2_HVT       saed32_hvt|saed32_hvt_std
CTS_cts_inv_828228280     INVX2_HVT       saed32_hvt|saed32_hvt_std
CTS_cts_inv_828328281     INVX2_LVT       saed32_lvt|saed32_lvt_std
CTS_cts_inv_828428282     INVX4_LVT       saed32_lvt|saed32_lvt_std
CTS_cts_inv_828528283     INVX2_HVT       saed32_hvt|saed32_hvt_std
CTS_cts_inv_828628284     INVX4_LVT       saed32_lvt|saed32_lvt_std
CTS_cts_inv_828728285     INVX2_HVT       saed32_hvt|saed32_hvt_std
CTS_cts_inv_828828286     INVX2_LVT       saed32_lvt|saed32_lvt_std
CTS_cts_inv_828928287     INVX2_HVT       saed32_hvt|saed32_hvt_std
CTS_cts_inv_829028288     INVX2_HVT       saed32_hvt|saed32_hvt_std
CTS_cts_inv_829128289     INVX2_LVT       saed32_lvt|saed32_lvt_std
CTS_cts_inv_829228290     INVX2_HVT       saed32_hvt|saed32_hvt_std
CTS_cts_inv_829328291     INVX2_HVT       saed32_hvt|saed32_hvt_std
CTS_cts_inv_829428292     INVX2_HVT       saed32_hvt|saed32_hvt_std
CTS_cts_inv_829528293     INVX2_HVT       saed32_hvt|saed32_hvt_std
CTS_cts_inv_829628294     INVX2_HVT       saed32_hvt|saed32_hvt_std
CTS_cts_inv_829728295     INVX2_HVT       saed32_hvt|saed32_hvt_std
CTS_cts_inv_829828296     INVX2_HVT       saed32_hvt|saed32_hvt_std
CTS_cts_inv_829928297     INVX2_HVT       saed32_hvt|saed32_hvt_std
CTS_cts_inv_830028298     INVX2_HVT       saed32_hvt|saed32_hvt_std
CTS_cts_inv_830128299     INVX2_HVT       saed32_hvt|saed32_hvt_std
CTS_cts_inv_830228300     INVX2_HVT       saed32_hvt|saed32_hvt_std
CTS_cts_inv_830328301     INVX2_HVT       saed32_hvt|saed32_hvt_std
CTS_cts_inv_830428302     INVX2_HVT       saed32_hvt|saed32_hvt_std
CTS_cts_inv_830528303     INVX2_HVT       saed32_hvt|saed32_hvt_std
CTS_cts_inv_830628304     IBUFFX2_RVT     saed32_rvt|saed32_rvt_std
CTS_cts_inv_830728305     INVX2_HVT       saed32_hvt|saed32_hvt_std
CTS_cts_inv_830828306     INVX2_HVT       saed32_hvt|saed32_hvt_std
CTS_cts_inv_830928307     INVX2_HVT       saed32_hvt|saed32_hvt_std
CTS_cts_inv_831028308     INVX2_HVT       saed32_hvt|saed32_hvt_std
CTS_cts_inv_831128309     INVX2_HVT       saed32_hvt|saed32_hvt_std
CTS_cts_inv_831228310     INVX2_HVT       saed32_hvt|saed32_hvt_std
CTS_cts_inv_831328311     INVX2_HVT       saed32_hvt|saed32_hvt_std
CTS_cts_inv_831428312     IBUFFX2_LVT     saed32_lvt|saed32_lvt_std
CTS_cts_inv_831528313     INVX2_HVT       saed32_hvt|saed32_hvt_std
CTS_cts_inv_831628314     INVX2_LVT       saed32_lvt|saed32_lvt_std
CTS_cts_inv_831728315     INVX2_HVT       saed32_hvt|saed32_hvt_std
CTS_cts_inv_831828316     INVX2_HVT       saed32_hvt|saed32_hvt_std
CTS_cts_inv_831928317     INVX2_HVT       saed32_hvt|saed32_hvt_std
CTS_cts_inv_832028318     INVX2_LVT       saed32_lvt|saed32_lvt_std
CTS_cts_inv_832128319     INVX2_LVT       saed32_lvt|saed32_lvt_std
CTS_cts_inv_832228320     INVX2_LVT       saed32_lvt|saed32_lvt_std
CTS_cts_inv_832328321     INVX4_LVT       saed32_lvt|saed32_lvt_std
CTS_cts_inv_832428322     INVX2_HVT       saed32_hvt|saed32_hvt_std
CTS_cts_inv_832528323     INVX2_HVT       saed32_hvt|saed32_hvt_std
CTS_cts_inv_832628324     IBUFFX2_RVT     saed32_rvt|saed32_rvt_std
CTS_cts_inv_832728325     INVX2_HVT       saed32_hvt|saed32_hvt_std
CTS_cts_inv_832828326     INVX2_HVT       saed32_hvt|saed32_hvt_std
CTS_cts_inv_832928327     INVX2_HVT       saed32_hvt|saed32_hvt_std
CTS_cts_inv_833028328     INVX2_HVT       saed32_hvt|saed32_hvt_std
CTS_cts_inv_833128329     INVX2_HVT       saed32_hvt|saed32_hvt_std
CTS_cts_inv_833228330     INVX2_HVT       saed32_hvt|saed32_hvt_std
CTS_cts_inv_833328331     IBUFFX2_HVT     saed32_hvt|saed32_hvt_std
CTS_cts_inv_833428332     INVX2_HVT       saed32_hvt|saed32_hvt_std
CTS_cts_inv_833528333     INVX2_LVT       saed32_lvt|saed32_lvt_std
CTS_cts_inv_833628334     INVX2_HVT       saed32_hvt|saed32_hvt_std
CTS_cts_inv_833728335     IBUFFX2_HVT     saed32_hvt|saed32_hvt_std
CTS_cts_inv_833828336     INVX2_HVT       saed32_hvt|saed32_hvt_std
CTS_cts_inv_833928337     INVX2_HVT       saed32_hvt|saed32_hvt_std
CTS_cts_inv_834028338     INVX2_HVT       saed32_hvt|saed32_hvt_std
CTS_cts_inv_834128339     INVX4_LVT       saed32_lvt|saed32_lvt_std
CTS_cts_inv_834228340     INVX2_HVT       saed32_hvt|saed32_hvt_std
CTS_cts_inv_834328341     INVX2_HVT       saed32_hvt|saed32_hvt_std
CTS_cts_inv_834428342     INVX2_HVT       saed32_hvt|saed32_hvt_std
CTS_cts_inv_834528343     INVX2_HVT       saed32_hvt|saed32_hvt_std
CTS_cts_inv_834628344     INVX2_HVT       saed32_hvt|saed32_hvt_std
CTS_cts_inv_834728345     INVX2_LVT       saed32_lvt|saed32_lvt_std
CTS_cts_inv_834828346     IBUFFX2_HVT     saed32_hvt|saed32_hvt_std
CTS_cts_inv_834928347     IBUFFX2_HVT     saed32_hvt|saed32_hvt_std
CTS_cts_inv_835028348     INVX2_HVT       saed32_hvt|saed32_hvt_std
CTS_cts_inv_835128349     INVX2_HVT       saed32_hvt|saed32_hvt_std
CTS_cts_inv_835228350     INVX2_HVT       saed32_hvt|saed32_hvt_std
CTS_cts_inv_835328351     INVX2_HVT       saed32_hvt|saed32_hvt_std
CTS_cts_inv_835428352     INVX2_HVT       saed32_hvt|saed32_hvt_std
CTS_cts_inv_835528353     INVX2_LVT       saed32_lvt|saed32_lvt_std
CTS_cts_inv_835628354     INVX2_HVT       saed32_hvt|saed32_hvt_std
CTS_cts_inv_835728355     INVX2_HVT       saed32_hvt|saed32_hvt_std
CTS_cts_inv_835828356     INVX2_RVT       saed32_rvt|saed32_rvt_std
CTS_cts_inv_835928357     INVX2_HVT       saed32_hvt|saed32_hvt_std
CTS_cts_inv_836028358     INVX2_HVT       saed32_hvt|saed32_hvt_std
CTS_cts_inv_836128359     INVX2_HVT       saed32_hvt|saed32_hvt_std
CTS_cts_inv_836228360     INVX2_HVT       saed32_hvt|saed32_hvt_std
CTS_cts_inv_836328361     INVX2_RVT       saed32_rvt|saed32_rvt_std
CTS_cts_inv_836428362     INVX2_HVT       saed32_hvt|saed32_hvt_std
CTS_cts_inv_836528363     IBUFFX2_RVT     saed32_rvt|saed32_rvt_std
CTS_cts_inv_836628364     INVX2_HVT       saed32_hvt|saed32_hvt_std
CTS_cts_inv_836728365     INVX2_HVT       saed32_hvt|saed32_hvt_std
CTS_cts_inv_836828366     INVX4_LVT       saed32_lvt|saed32_lvt_std
CTS_cts_inv_836928367     INVX4_LVT       saed32_lvt|saed32_lvt_std
CTS_cts_inv_837028368     INVX2_HVT       saed32_hvt|saed32_hvt_std
CTS_cts_inv_837128369     INVX2_RVT       saed32_rvt|saed32_rvt_std
CTS_cts_inv_837228370     INVX2_HVT       saed32_hvt|saed32_hvt_std
CTS_cts_inv_837328371     INVX2_HVT       saed32_hvt|saed32_hvt_std
CTS_cts_inv_837428372     INVX2_HVT       saed32_hvt|saed32_hvt_std
CTS_cts_inv_837528373     INVX2_HVT       saed32_hvt|saed32_hvt_std
CTS_cts_inv_837628374     INVX2_LVT       saed32_lvt|saed32_lvt_std
CTS_cts_inv_837728375     INVX2_LVT       saed32_lvt|saed32_lvt_std
CTS_cts_inv_837828376     INVX2_HVT       saed32_hvt|saed32_hvt_std
CTS_cts_inv_837928377     INVX2_HVT       saed32_hvt|saed32_hvt_std
CTS_cts_inv_838028378     INVX2_HVT       saed32_hvt|saed32_hvt_std
CTS_cts_inv_838128379     INVX4_LVT       saed32_lvt|saed32_lvt_std
CTS_cts_inv_838228380     INVX2_HVT       saed32_hvt|saed32_hvt_std
CTS_cts_inv_838328381     INVX2_RVT       saed32_rvt|saed32_rvt_std
CTS_cts_inv_838428382     INVX2_LVT       saed32_lvt|saed32_lvt_std
CTS_cts_inv_838528383     INVX2_HVT       saed32_hvt|saed32_hvt_std
CTS_cts_inv_838628384     INVX4_LVT       saed32_lvt|saed32_lvt_std
CTS_cts_inv_838728385     INVX2_HVT       saed32_hvt|saed32_hvt_std
CTS_cts_inv_838828386     INVX2_HVT       saed32_hvt|saed32_hvt_std
CTS_cts_inv_838928387     INVX2_RVT       saed32_rvt|saed32_rvt_std
CTS_cts_inv_839028388     INVX2_HVT       saed32_hvt|saed32_hvt_std
CTS_cts_inv_839128389     INVX2_RVT       saed32_rvt|saed32_rvt_std
CTS_cts_inv_839228390     INVX2_HVT       saed32_hvt|saed32_hvt_std
CTS_cts_inv_839328391     INVX2_HVT       saed32_hvt|saed32_hvt_std
CTS_cts_inv_839428392     INVX2_HVT       saed32_hvt|saed32_hvt_std
CTS_cts_inv_839528393     INVX2_HVT       saed32_hvt|saed32_hvt_std
CTS_cts_inv_839628394     INVX2_HVT       saed32_hvt|saed32_hvt_std
CTS_cts_inv_839728395     INVX2_HVT       saed32_hvt|saed32_hvt_std
CTS_cts_inv_839828396     INVX2_HVT       saed32_hvt|saed32_hvt_std
CTS_cts_inv_839928397     INVX2_HVT       saed32_hvt|saed32_hvt_std
CTS_cts_inv_840028398     INVX2_RVT       saed32_rvt|saed32_rvt_std
CTS_cts_inv_840128399     INVX2_HVT       saed32_hvt|saed32_hvt_std
CTS_cts_inv_840228400     INVX2_LVT       saed32_lvt|saed32_lvt_std
CTS_cts_inv_840328401     INVX2_RVT       saed32_rvt|saed32_rvt_std
CTS_cts_inv_840428402     INVX2_HVT       saed32_hvt|saed32_hvt_std
CTS_cts_inv_840528403     INVX2_HVT       saed32_hvt|saed32_hvt_std
CTS_cts_inv_840628404     INVX2_RVT       saed32_rvt|saed32_rvt_std
CTS_cts_inv_840728405     INVX2_RVT       saed32_rvt|saed32_rvt_std
CTS_cts_inv_840828406     INVX2_HVT       saed32_hvt|saed32_hvt_std
CTS_cts_inv_840928407     INVX2_HVT       saed32_hvt|saed32_hvt_std
CTS_cts_inv_841028408     INVX2_RVT       saed32_rvt|saed32_rvt_std
CTS_cts_inv_841128409     INVX2_HVT       saed32_hvt|saed32_hvt_std
CTS_cts_inv_841228410     INVX2_HVT       saed32_hvt|saed32_hvt_std
CTS_cts_inv_841328411     INVX2_HVT       saed32_hvt|saed32_hvt_std
CTS_cts_inv_841428412     INVX2_HVT       saed32_hvt|saed32_hvt_std
CTS_cts_inv_841528413     INVX2_HVT       saed32_hvt|saed32_hvt_std
CTS_cts_inv_841628414     INVX2_HVT       saed32_hvt|saed32_hvt_std
CTS_cts_inv_841728415     INVX2_HVT       saed32_hvt|saed32_hvt_std
CTS_cts_inv_841828416     INVX2_HVT       saed32_hvt|saed32_hvt_std
CTS_cts_inv_841928417     INVX2_LVT       saed32_lvt|saed32_lvt_std
CTS_cts_inv_842028418     INVX4_RVT       saed32_rvt|saed32_rvt_std
CTS_cts_inv_842128419     INVX2_LVT       saed32_lvt|saed32_lvt_std
CTS_cts_inv_842228420     INVX2_HVT       saed32_hvt|saed32_hvt_std
CTS_cts_inv_842328421     INVX2_RVT       saed32_rvt|saed32_rvt_std
CTS_cts_inv_842428422     INVX2_HVT       saed32_hvt|saed32_hvt_std
CTS_cts_inv_842528423     INVX4_HVT       saed32_hvt|saed32_hvt_std
CTS_cts_inv_842628424     INVX2_RVT       saed32_rvt|saed32_rvt_std
CTS_cts_inv_842728425     INVX2_HVT       saed32_hvt|saed32_hvt_std
CTS_cts_inv_842828426     INVX2_HVT       saed32_hvt|saed32_hvt_std
CTS_cts_inv_842928427     INVX2_LVT       saed32_lvt|saed32_lvt_std
CTS_cts_inv_843028428     INVX2_LVT       saed32_lvt|saed32_lvt_std
CTS_cts_inv_843128429     INVX2_HVT       saed32_hvt|saed32_hvt_std
CTS_cts_inv_843228430     INVX2_HVT       saed32_hvt|saed32_hvt_std
CTS_cts_inv_843328431     INVX2_HVT       saed32_hvt|saed32_hvt_std
CTS_cts_inv_843428432     INVX2_LVT       saed32_lvt|saed32_lvt_std
CTS_cts_inv_843528433     INVX2_LVT       saed32_lvt|saed32_lvt_std
CTS_cts_inv_843628434     INVX2_HVT       saed32_hvt|saed32_hvt_std
CTS_cts_inv_843728435     INVX2_LVT       saed32_lvt|saed32_lvt_std
CTS_cts_inv_843828436     INVX2_HVT       saed32_hvt|saed32_hvt_std
CTS_cts_inv_843928437     INVX2_HVT       saed32_hvt|saed32_hvt_std
CTS_cts_inv_844028438     INVX2_HVT       saed32_hvt|saed32_hvt_std
CTS_cts_inv_844128439     INVX2_LVT       saed32_lvt|saed32_lvt_std
CTS_cts_inv_844228440     INVX2_LVT       saed32_lvt|saed32_lvt_std
CTS_cts_inv_844328441     INVX2_LVT       saed32_lvt|saed32_lvt_std
CTS_cts_inv_844428442     INVX2_LVT       saed32_lvt|saed32_lvt_std
CTS_cts_inv_844528443     INVX2_LVT       saed32_lvt|saed32_lvt_std
CTS_cts_inv_844628444     INVX2_LVT       saed32_lvt|saed32_lvt_std
CTS_cts_inv_844728445     INVX2_RVT       saed32_rvt|saed32_rvt_std
CTS_cts_inv_844828446     INVX2_HVT       saed32_hvt|saed32_hvt_std
CTS_cts_inv_844928447     INVX4_HVT       saed32_hvt|saed32_hvt_std
CTS_cts_inv_845028448     INVX2_HVT       saed32_hvt|saed32_hvt_std
CTS_cts_inv_845128449     INVX2_RVT       saed32_rvt|saed32_rvt_std
CTS_cts_inv_845228450     INVX2_RVT       saed32_rvt|saed32_rvt_std
CTS_cts_inv_845328451     INVX2_HVT       saed32_hvt|saed32_hvt_std
CTS_cts_inv_845428452     INVX2_HVT       saed32_hvt|saed32_hvt_std
CTS_cts_inv_845528453     INVX2_HVT       saed32_hvt|saed32_hvt_std
CTS_cts_inv_845628454     INVX2_HVT       saed32_hvt|saed32_hvt_std
CTS_cts_inv_845728455     INVX2_HVT       saed32_hvt|saed32_hvt_std
CTS_cts_inv_845828456     INVX2_HVT       saed32_hvt|saed32_hvt_std
CTS_cts_inv_845928457     INVX2_HVT       saed32_hvt|saed32_hvt_std
CTS_cts_inv_846028458     INVX2_HVT       saed32_hvt|saed32_hvt_std
CTS_cts_inv_846128459     INVX2_HVT       saed32_hvt|saed32_hvt_std
CTS_cts_inv_846228460     INVX2_LVT       saed32_lvt|saed32_lvt_std
CTS_cts_inv_846328461     INVX2_LVT       saed32_lvt|saed32_lvt_std
CTS_cts_inv_846428462     INVX2_HVT       saed32_hvt|saed32_hvt_std
CTS_cts_inv_846528463     INVX2_HVT       saed32_hvt|saed32_hvt_std
CTS_cts_inv_971729715     INVX2_HVT       saed32_hvt|saed32_hvt_std
CTS_cts_inv_971829716     INVX2_HVT       saed32_hvt|saed32_hvt_std
CTS_cts_inv_971929717     INVX2_HVT       saed32_hvt|saed32_hvt_std
CTS_cts_inv_972029718     INVX2_LVT       saed32_lvt|saed32_lvt_std
CTS_cts_inv_972129719     INVX2_HVT       saed32_hvt|saed32_hvt_std
CTS_cts_inv_972229720     INVX2_HVT       saed32_hvt|saed32_hvt_std
CTS_cts_inv_972329721     INVX2_HVT       saed32_hvt|saed32_hvt_std
CTS_cts_inv_972429722     INVX2_LVT       saed32_lvt|saed32_lvt_std
CTS_cts_inv_972529723     IBUFFX2_LVT     saed32_lvt|saed32_lvt_std
CTS_cts_inv_972629724     INVX2_LVT       saed32_lvt|saed32_lvt_std
CTS_cts_inv_972729725     INVX2_HVT       saed32_hvt|saed32_hvt_std
CTS_cts_inv_972829726     INVX2_HVT       saed32_hvt|saed32_hvt_std
CTS_cts_inv_972929727     INVX2_HVT       saed32_hvt|saed32_hvt_std
CTS_cts_inv_973029728     INVX2_RVT       saed32_rvt|saed32_rvt_std
CTS_cts_inv_973129729     INVX2_LVT       saed32_lvt|saed32_lvt_std
CTS_cts_inv_973229730     INVX2_HVT       saed32_hvt|saed32_hvt_std
CTS_cts_inv_973329731     INVX2_LVT       saed32_lvt|saed32_lvt_std
CTS_cts_inv_973429732     INVX2_HVT       saed32_hvt|saed32_hvt_std
CTS_cts_inv_973529733     INVX2_HVT       saed32_hvt|saed32_hvt_std
CTS_cts_inv_973629734     INVX2_LVT       saed32_lvt|saed32_lvt_std
CTS_cts_inv_973729735     INVX2_HVT       saed32_hvt|saed32_hvt_std
CTS_cts_inv_973829736     INVX2_HVT       saed32_hvt|saed32_hvt_std
CTS_cts_inv_973929737     INVX2_HVT       saed32_hvt|saed32_hvt_std
CTS_cts_inv_974029738     INVX2_HVT       saed32_hvt|saed32_hvt_std
CTS_cts_inv_974129739     INVX2_LVT       saed32_lvt|saed32_lvt_std
CTS_cts_inv_974229740     INVX2_HVT       saed32_hvt|saed32_hvt_std
CTS_cts_inv_974329741     INVX2_HVT       saed32_hvt|saed32_hvt_std
CTS_cts_inv_974429742     INVX2_HVT       saed32_hvt|saed32_hvt_std
CTS_cts_inv_974529743     INVX2_LVT       saed32_lvt|saed32_lvt_std
CTS_cts_inv_974629744     INVX2_LVT       saed32_lvt|saed32_lvt_std
CTS_cts_inv_974729745     INVX2_HVT       saed32_hvt|saed32_hvt_std
CTS_cts_inv_974829746     INVX2_LVT       saed32_lvt|saed32_lvt_std
CTS_cts_inv_974929747     INVX2_RVT       saed32_rvt|saed32_rvt_std
CTS_cts_inv_975029748     INVX2_RVT       saed32_rvt|saed32_rvt_std
CTS_cts_inv_975129749     INVX2_HVT       saed32_hvt|saed32_hvt_std
CTS_cts_inv_975229750     INVX4_LVT       saed32_lvt|saed32_lvt_std
CTS_cts_inv_975329751     INVX2_HVT       saed32_hvt|saed32_hvt_std
CTS_cts_inv_975429752     INVX2_HVT       saed32_hvt|saed32_hvt_std
CTS_cts_inv_975529753     INVX2_HVT       saed32_hvt|saed32_hvt_std
CTS_cts_inv_975629754     INVX4_RVT       saed32_rvt|saed32_rvt_std
CTS_cts_inv_975729755     INVX2_HVT       saed32_hvt|saed32_hvt_std
CTS_cts_inv_975829756     INVX2_RVT       saed32_rvt|saed32_rvt_std
CTS_cts_inv_975929757     INVX2_HVT       saed32_hvt|saed32_hvt_std
CTS_cts_inv_976029758     INVX2_LVT       saed32_lvt|saed32_lvt_std
CTS_cts_inv_976129759     INVX2_HVT       saed32_hvt|saed32_hvt_std
CTS_cts_inv_976229760     INVX2_LVT       saed32_lvt|saed32_lvt_std
CTS_cts_inv_976329761     INVX4_RVT       saed32_rvt|saed32_rvt_std
CTS_cts_inv_976429762     INVX2_LVT       saed32_lvt|saed32_lvt_std
CTS_cts_inv_976529763     INVX4_HVT       saed32_hvt|saed32_hvt_std
CTS_cts_inv_976629764     INVX2_LVT       saed32_lvt|saed32_lvt_std
CTS_cts_inv_976729765     INVX2_RVT       saed32_rvt|saed32_rvt_std
CTS_cts_inv_976829766     INVX2_HVT       saed32_hvt|saed32_hvt_std
CTS_cts_inv_976929767     IBUFFX2_LVT     saed32_lvt|saed32_lvt_std
CTS_cts_inv_977029768     INVX2_HVT       saed32_hvt|saed32_hvt_std
CTS_cts_inv_977129769     INVX2_LVT       saed32_lvt|saed32_lvt_std
CTS_cts_inv_977229770     INVX2_HVT       saed32_hvt|saed32_hvt_std
CTS_cts_inv_977329771     INVX2_RVT       saed32_rvt|saed32_rvt_std
CTS_cts_inv_977429772     INVX2_HVT       saed32_hvt|saed32_hvt_std
CTS_cts_inv_977529773     INVX2_HVT       saed32_hvt|saed32_hvt_std
CTS_cts_inv_977629774     INVX4_RVT       saed32_rvt|saed32_rvt_std
CTS_cts_inv_977729775     INVX2_LVT       saed32_lvt|saed32_lvt_std
CTS_cts_inv_977829776     INVX4_LVT       saed32_lvt|saed32_lvt_std
CTS_cts_inv_977929777     INVX2_HVT       saed32_hvt|saed32_hvt_std
CTS_cts_inv_978029778     INVX2_HVT       saed32_hvt|saed32_hvt_std
CTS_cts_inv_978129779     INVX2_HVT       saed32_hvt|saed32_hvt_std
CTS_cts_inv_978229780     IBUFFX2_LVT     saed32_lvt|saed32_lvt_std
CTS_cts_inv_978329781     INVX2_HVT       saed32_hvt|saed32_hvt_std
CTS_cts_inv_978429782     INVX2_HVT       saed32_hvt|saed32_hvt_std
CTS_cts_inv_978529783     IBUFFX2_LVT     saed32_lvt|saed32_lvt_std
CTS_cts_inv_978629784     INVX2_HVT       saed32_hvt|saed32_hvt_std
CTS_cts_inv_978729785     INVX4_LVT       saed32_lvt|saed32_lvt_std
CTS_cts_inv_978829786     IBUFFX2_LVT     saed32_lvt|saed32_lvt_std
CTS_cts_inv_978929787     INVX2_LVT       saed32_lvt|saed32_lvt_std
CTS_cts_inv_979029788     INVX4_RVT       saed32_rvt|saed32_rvt_std
CTS_cts_inv_979129789     INVX4_LVT       saed32_lvt|saed32_lvt_std
CTS_cts_inv_979229790     INVX2_LVT       saed32_lvt|saed32_lvt_std
CTS_cts_inv_979329791     INVX2_HVT       saed32_hvt|saed32_hvt_std
CTS_cts_inv_979429792     INVX2_HVT       saed32_hvt|saed32_hvt_std
CTS_cts_inv_979529793     INVX2_LVT       saed32_lvt|saed32_lvt_std
CTS_cts_inv_979629794     INVX2_RVT       saed32_rvt|saed32_rvt_std
CTS_cts_inv_979729795     INVX4_RVT       saed32_rvt|saed32_rvt_std
CTS_cts_inv_979829796     INVX2_LVT       saed32_lvt|saed32_lvt_std
CTS_cts_inv_979929797     INVX2_RVT       saed32_rvt|saed32_rvt_std
CTS_cts_inv_980029798     IBUFFX2_LVT     saed32_lvt|saed32_lvt_std
CTS_cts_inv_980129799     INVX2_LVT       saed32_lvt|saed32_lvt_std
CTS_cts_inv_980229800     INVX2_LVT       saed32_lvt|saed32_lvt_std
CTS_cts_inv_980329801     INVX2_LVT       saed32_lvt|saed32_lvt_std
CTS_cts_inv_980429802     INVX2_RVT       saed32_rvt|saed32_rvt_std
CTS_cts_inv_980529803     INVX2_HVT       saed32_hvt|saed32_hvt_std
CTS_cts_inv_980629804     INVX2_HVT       saed32_hvt|saed32_hvt_std
CTS_cts_inv_980729805     INVX4_HVT       saed32_hvt|saed32_hvt_std
CTS_cts_inv_980829806     INVX2_HVT       saed32_hvt|saed32_hvt_std
CTS_cts_inv_980929807     INVX2_HVT       saed32_hvt|saed32_hvt_std
CTS_cts_inv_981029808     INVX4_HVT       saed32_hvt|saed32_hvt_std
CTS_cts_inv_981129809     INVX2_RVT       saed32_rvt|saed32_rvt_std
CTS_cts_inv_981229810     INVX2_LVT       saed32_lvt|saed32_lvt_std
CTS_cts_inv_981329811     INVX2_LVT       saed32_lvt|saed32_lvt_std
CTS_cts_inv_981429812     IBUFFX16_RVT    saed32_rvt|saed32_rvt_std
CTS_cts_inv_981529813     INVX2_HVT       saed32_hvt|saed32_hvt_std
CTS_cts_inv_981629814     IBUFFX2_LVT     saed32_lvt|saed32_lvt_std
CTS_cts_inv_981729815     INVX2_RVT       saed32_rvt|saed32_rvt_std
CTS_cts_inv_981829816     INVX2_LVT       saed32_lvt|saed32_lvt_std
CTS_cts_inv_981929817     INVX2_HVT       saed32_hvt|saed32_hvt_std
CTS_cts_inv_982029818     IBUFFX2_LVT     saed32_lvt|saed32_lvt_std
CTS_cts_inv_982129819     IBUFFX2_LVT     saed32_lvt|saed32_lvt_std
CTS_cts_inv_982229820     INVX2_HVT       saed32_hvt|saed32_hvt_std
CTS_cts_inv_982329821     INVX2_RVT       saed32_rvt|saed32_rvt_std
CTS_cts_inv_982429822     INVX2_HVT       saed32_hvt|saed32_hvt_std
CTS_cts_inv_982529823     INVX2_RVT       saed32_rvt|saed32_rvt_std
CTS_cts_inv_982629824     INVX2_HVT       saed32_hvt|saed32_hvt_std
CTS_cts_inv_982729825     IBUFFX2_LVT     saed32_lvt|saed32_lvt_std
CTS_cts_inv_982829826     INVX2_LVT       saed32_lvt|saed32_lvt_std
CTS_cts_inv_982929827     IBUFFX2_LVT     saed32_lvt|saed32_lvt_std
CTS_cts_inv_983029828     IBUFFX2_LVT     saed32_lvt|saed32_lvt_std
CTS_cts_inv_983129829     INVX2_HVT       saed32_hvt|saed32_hvt_std
CTS_cts_inv_983229830     INVX2_RVT       saed32_rvt|saed32_rvt_std
CTS_cts_inv_983329831     INVX2_LVT       saed32_lvt|saed32_lvt_std
CTS_cts_inv_983429832     IBUFFX2_LVT     saed32_lvt|saed32_lvt_std
CTS_cts_inv_983529833     INVX2_LVT       saed32_lvt|saed32_lvt_std
CTS_cts_inv_983629834     INVX2_HVT       saed32_hvt|saed32_hvt_std
CTS_cts_inv_983729835     INVX2_HVT       saed32_hvt|saed32_hvt_std
CTS_cts_inv_983829836     INVX2_HVT       saed32_hvt|saed32_hvt_std
CTS_cts_inv_983929837     INVX2_HVT       saed32_hvt|saed32_hvt_std
CTS_cts_inv_984029838     INVX4_RVT       saed32_rvt|saed32_rvt_std
CTS_cts_inv_984129839     INVX2_LVT       saed32_lvt|saed32_lvt_std
CTS_cts_inv_984229840     INVX4_RVT       saed32_rvt|saed32_rvt_std
CTS_cts_inv_984329841     INVX2_HVT       saed32_hvt|saed32_hvt_std
CTS_cts_inv_984429842     INVX2_LVT       saed32_lvt|saed32_lvt_std
CTS_cts_inv_984529843     INVX2_LVT       saed32_lvt|saed32_lvt_std
CTS_cts_inv_984629844     INVX4_HVT       saed32_hvt|saed32_hvt_std
CTS_cts_inv_984729845     INVX2_HVT       saed32_hvt|saed32_hvt_std
CTS_cts_inv_984829846     INVX2_LVT       saed32_lvt|saed32_lvt_std
CTS_cts_inv_984929847     INVX4_RVT       saed32_rvt|saed32_rvt_std
CTS_cts_inv_985029848     INVX2_LVT       saed32_lvt|saed32_lvt_std
CTS_cts_inv_985129849     INVX2_RVT       saed32_rvt|saed32_rvt_std
CTS_cts_inv_985229850     IBUFFX2_LVT     saed32_lvt|saed32_lvt_std
CTS_cts_inv_985329851     IBUFFX2_LVT     saed32_lvt|saed32_lvt_std
CTS_cts_inv_985429852     INVX2_LVT       saed32_lvt|saed32_lvt_std
CTS_cts_inv_985529853     INVX4_RVT       saed32_rvt|saed32_rvt_std
CTS_cts_inv_985629854     INVX4_LVT       saed32_lvt|saed32_lvt_std
CTS_cts_inv_985729855     INVX2_RVT       saed32_rvt|saed32_rvt_std
CTS_cts_inv_985829856     INVX8_RVT       saed32_rvt|saed32_rvt_std
CTS_cts_inv_985929857     INVX2_LVT       saed32_lvt|saed32_lvt_std
CTS_cts_inv_986029858     INVX2_LVT       saed32_lvt|saed32_lvt_std
CTS_cts_inv_986129859     INVX2_HVT       saed32_hvt|saed32_hvt_std
CTS_cts_inv_986229860     INVX2_HVT       saed32_hvt|saed32_hvt_std
CTS_cts_inv_986329861     IBUFFX2_LVT     saed32_lvt|saed32_lvt_std
CTS_cts_inv_986429862     INVX2_RVT       saed32_rvt|saed32_rvt_std
CTS_cts_inv_986529863     INVX2_LVT       saed32_lvt|saed32_lvt_std
CTS_cts_inv_986629864     INVX2_LVT       saed32_lvt|saed32_lvt_std
CTS_cts_inv_986729865     INVX2_LVT       saed32_lvt|saed32_lvt_std
CTS_cts_inv_986829866     INVX2_HVT       saed32_hvt|saed32_hvt_std
CTS_cts_inv_986929867     INVX2_RVT       saed32_rvt|saed32_rvt_std
CTS_cts_inv_987029868     INVX2_LVT       saed32_lvt|saed32_lvt_std
CTS_cts_inv_987129869     INVX2_HVT       saed32_hvt|saed32_hvt_std
CTS_cts_inv_987229870     INVX2_HVT       saed32_hvt|saed32_hvt_std
CTS_cts_inv_987329871     INVX2_HVT       saed32_hvt|saed32_hvt_std
CTS_cts_inv_987429872     INVX2_LVT       saed32_lvt|saed32_lvt_std
CTS_cts_inv_987529873     INVX8_HVT       saed32_hvt|saed32_hvt_std
CTS_cts_inv_987629874     INVX2_RVT       saed32_rvt|saed32_rvt_std
CTS_cts_inv_987729875     INVX2_HVT       saed32_hvt|saed32_hvt_std
CTS_cts_inv_987829876     INVX2_HVT       saed32_hvt|saed32_hvt_std
CTS_cts_inv_987929877     INVX2_HVT       saed32_hvt|saed32_hvt_std
CTS_cts_inv_988029878     INVX4_HVT       saed32_hvt|saed32_hvt_std
CTS_cts_inv_988129879     INVX2_HVT       saed32_hvt|saed32_hvt_std
CTS_cts_inv_988229880     INVX2_LVT       saed32_lvt|saed32_lvt_std
CTS_cts_inv_988329881     INVX2_HVT       saed32_hvt|saed32_hvt_std
CTS_cts_inv_988429882     INVX16_RVT      saed32_rvt|saed32_rvt_std
CTS_cts_inv_988529883     INVX2_RVT       saed32_rvt|saed32_rvt_std
CTS_cts_inv_988629884     INVX2_RVT       saed32_rvt|saed32_rvt_std
CTS_cts_inv_988729885     INVX2_HVT       saed32_hvt|saed32_hvt_std
CTS_cts_inv_988829886     INVX2_HVT       saed32_hvt|saed32_hvt_std
CTS_cts_inv_988929887     INVX2_LVT       saed32_lvt|saed32_lvt_std
CTS_cts_inv_989029888     INVX2_LVT       saed32_lvt|saed32_lvt_std
CTS_cts_inv_989129889     IBUFFX2_LVT     saed32_lvt|saed32_lvt_std
CTS_cts_inv_989229890     INVX4_LVT       saed32_lvt|saed32_lvt_std
CTS_cts_inv_989329891     INVX2_HVT       saed32_hvt|saed32_hvt_std
CTS_cts_inv_989429892     INVX2_HVT       saed32_hvt|saed32_hvt_std
CTS_cts_inv_989529893     INVX2_RVT       saed32_rvt|saed32_rvt_std
CTS_cts_inv_989629894     INVX2_HVT       saed32_hvt|saed32_hvt_std
CTS_cts_inv_989729895     INVX2_LVT       saed32_lvt|saed32_lvt_std
CTS_cts_inv_989829896     INVX4_LVT       saed32_lvt|saed32_lvt_std
CTS_cts_inv_989929897     INVX2_LVT       saed32_lvt|saed32_lvt_std
CTS_cts_inv_990029898     INVX2_HVT       saed32_hvt|saed32_hvt_std
CTS_cts_inv_990129899     INVX2_HVT       saed32_hvt|saed32_hvt_std
CTS_cts_inv_990229900     INVX2_RVT       saed32_rvt|saed32_rvt_std
CTS_cts_inv_990329901     INVX4_RVT       saed32_rvt|saed32_rvt_std
CTS_cts_inv_990429902     INVX2_HVT       saed32_hvt|saed32_hvt_std
CTS_cts_inv_990529903     INVX2_LVT       saed32_lvt|saed32_lvt_std
CTS_cts_inv_990629904     INVX2_LVT       saed32_lvt|saed32_lvt_std
CTS_cts_inv_990729905     IBUFFX2_LVT     saed32_lvt|saed32_lvt_std
CTS_cts_inv_990829906     INVX2_HVT       saed32_hvt|saed32_hvt_std
CTS_cts_inv_990929907     INVX2_LVT       saed32_lvt|saed32_lvt_std
CTS_cts_inv_991029908     INVX2_RVT       saed32_rvt|saed32_rvt_std
CTS_cts_inv_991129909     INVX2_RVT       saed32_rvt|saed32_rvt_std
CTS_cts_inv_991229910     INVX2_RVT       saed32_rvt|saed32_rvt_std
CTS_cts_inv_991329911     INVX2_LVT       saed32_lvt|saed32_lvt_std
CTS_cts_inv_991429912     INVX2_LVT       saed32_lvt|saed32_lvt_std
CTS_cts_inv_991529913     IBUFFX8_LVT     saed32_lvt|saed32_lvt_std
CTS_cts_inv_991629914     INVX2_LVT       saed32_lvt|saed32_lvt_std
CTS_cts_inv_991729915     INVX2_LVT       saed32_lvt|saed32_lvt_std
CTS_cts_inv_991829916     INVX4_LVT       saed32_lvt|saed32_lvt_std
CTS_cts_inv_991929917     INVX4_LVT       saed32_lvt|saed32_lvt_std
CTS_cts_inv_992029918     INVX2_LVT       saed32_lvt|saed32_lvt_std
CTS_cts_inv_992129919     INVX4_LVT       saed32_lvt|saed32_lvt_std
CTS_cts_inv_992229920     INVX2_RVT       saed32_rvt|saed32_rvt_std
CTS_cts_inv_992329921     INVX2_LVT       saed32_lvt|saed32_lvt_std
CTS_cts_inv_992429922     INVX2_RVT       saed32_rvt|saed32_rvt_std
CTS_cts_inv_992529923     INVX2_HVT       saed32_hvt|saed32_hvt_std
CTS_cts_inv_992629924     INVX2_LVT       saed32_lvt|saed32_lvt_std
CTS_cts_inv_992729925     INVX2_HVT       saed32_hvt|saed32_hvt_std
CTS_cts_inv_992829926     INVX4_LVT       saed32_lvt|saed32_lvt_std
CTS_cts_inv_992929927     INVX2_LVT       saed32_lvt|saed32_lvt_std
CTS_cts_inv_993029928     INVX2_HVT       saed32_hvt|saed32_hvt_std
CTS_cts_inv_993129929     INVX4_LVT       saed32_lvt|saed32_lvt_std
CTS_cts_inv_993229930     INVX2_HVT       saed32_hvt|saed32_hvt_std
CTS_cts_inv_993329931     INVX2_HVT       saed32_hvt|saed32_hvt_std
CTS_cts_inv_993429932     INVX2_LVT       saed32_lvt|saed32_lvt_std
CTS_cts_inv_993529933     INVX4_LVT       saed32_lvt|saed32_lvt_std
CTS_cts_inv_993629934     INVX4_LVT       saed32_lvt|saed32_lvt_std
CTS_cts_inv_993729935     INVX2_HVT       saed32_hvt|saed32_hvt_std
CTS_cts_inv_993829936     INVX2_LVT       saed32_lvt|saed32_lvt_std
CTS_cts_inv_993929937     INVX2_LVT       saed32_lvt|saed32_lvt_std
CTS_cts_inv_994029938     INVX2_LVT       saed32_lvt|saed32_lvt_std
CTS_cts_inv_994129939     INVX2_LVT       saed32_lvt|saed32_lvt_std
CTS_cts_inv_994229940     INVX2_LVT       saed32_lvt|saed32_lvt_std
CTS_cts_inv_994329941     INVX4_LVT       saed32_lvt|saed32_lvt_std
CTS_cts_inv_994429942     INVX8_RVT       saed32_rvt|saed32_rvt_std
CTS_cts_inv_994529943     INVX2_LVT       saed32_lvt|saed32_lvt_std
CTS_cts_inv_994629944     INVX2_RVT       saed32_rvt|saed32_rvt_std
CTS_cts_inv_994729945     INVX2_LVT       saed32_lvt|saed32_lvt_std
CTS_cts_inv_994829946     INVX2_LVT       saed32_lvt|saed32_lvt_std
CTS_cts_inv_994929947     INVX8_LVT       saed32_lvt|saed32_lvt_std
CTS_cts_inv_995029948     INVX2_LVT       saed32_lvt|saed32_lvt_std
CTS_cts_inv_995129949     INVX2_LVT       saed32_lvt|saed32_lvt_std
CTS_cts_inv_995229950     INVX2_LVT       saed32_lvt|saed32_lvt_std
CTS_cts_inv_995329951     INVX2_HVT       saed32_hvt|saed32_hvt_std
CTS_cts_inv_995429952     INVX4_LVT       saed32_lvt|saed32_lvt_std
CTS_cts_inv_995529953     INVX4_RVT       saed32_rvt|saed32_rvt_std
CTS_cts_inv_995629954     INVX2_LVT       saed32_lvt|saed32_lvt_std
CTS_cts_inv_995729955     INVX2_LVT       saed32_lvt|saed32_lvt_std
CTS_cts_inv_995829956     INVX2_LVT       saed32_lvt|saed32_lvt_std
CTS_cts_inv_995929957     INVX2_HVT       saed32_hvt|saed32_hvt_std
CTS_cts_inv_996029958     INVX2_LVT       saed32_lvt|saed32_lvt_std
CTS_cts_inv_996129959     INVX2_LVT       saed32_lvt|saed32_lvt_std
CTS_cts_inv_996229960     INVX8_LVT       saed32_lvt|saed32_lvt_std
CTS_cts_inv_996329961     INVX2_HVT       saed32_hvt|saed32_hvt_std
CTS_cts_inv_996429962     INVX4_RVT       saed32_rvt|saed32_rvt_std
CTS_cts_inv_996529963     INVX8_LVT       saed32_lvt|saed32_lvt_std
CTS_cts_inv_996629964     INVX2_LVT       saed32_lvt|saed32_lvt_std
CTS_cts_inv_996729965     INVX2_HVT       saed32_hvt|saed32_hvt_std
CTS_cts_inv_996829966     INVX2_RVT       saed32_rvt|saed32_rvt_std
CTS_cts_inv_996929967     INVX2_LVT       saed32_lvt|saed32_lvt_std
CTS_cts_inv_997029968     INVX4_RVT       saed32_rvt|saed32_rvt_std
CTS_cts_inv_997129969     INVX2_LVT       saed32_lvt|saed32_lvt_std
CTS_cts_inv_997229970     INVX2_HVT       saed32_hvt|saed32_hvt_std
CTS_cts_inv_997329971     INVX2_RVT       saed32_rvt|saed32_rvt_std
CTS_cts_inv_997429972     INVX2_RVT       saed32_rvt|saed32_rvt_std
CTS_cts_inv_997529973     INVX2_HVT       saed32_hvt|saed32_hvt_std
CTS_cts_inv_997629974     INVX2_RVT       saed32_rvt|saed32_rvt_std
CTS_cts_inv_997729975     INVX2_RVT       saed32_rvt|saed32_rvt_std
CTS_cts_inv_997829976     INVX2_HVT       saed32_hvt|saed32_hvt_std
CTS_cts_inv_997929977     IBUFFX2_LVT     saed32_lvt|saed32_lvt_std
DEMUX                     e_o_demux_46                     h
DQPSK_CSK                 dqpsk_csk_top_46_1024_2_6        h
OPT_copt_h_inst_31968     DELLN3X2_HVT    saed32_hvt|saed32_hvt_std
OPT_copt_h_inst_31969     DELLN3X2_HVT    saed32_hvt|saed32_hvt_std
OPT_copt_h_inst_40846     DELLN3X2_HVT    saed32_hvt|saed32_hvt_std
OPT_copt_h_inst_40847     DELLN3X2_HVT    saed32_hvt|saed32_hvt_std
OPT_copt_h_inst_40848     NBUFFX4_HVT     saed32_hvt|saed32_hvt_std
OPT_copt_h_inst_40849     DELLN3X2_HVT    saed32_hvt|saed32_hvt_std
OPT_copt_h_inst_40850     DELLN3X2_HVT    saed32_hvt|saed32_hvt_std
OPT_copt_h_inst_40851     DELLN3X2_HVT    saed32_hvt|saed32_hvt_std
OPT_copt_h_inst_40852     DELLN3X2_HVT    saed32_hvt|saed32_hvt_std
OPT_copt_h_inst_40853     NBUFFX4_HVT     saed32_hvt|saed32_hvt_std
OPT_copt_h_inst_40854     DELLN3X2_HVT    saed32_hvt|saed32_hvt_std
OPT_copt_h_inst_40855     DELLN3X2_HVT    saed32_hvt|saed32_hvt_std
OPT_copt_h_inst_40856     NBUFFX4_HVT     saed32_hvt|saed32_hvt_std
OPT_copt_h_inst_40857     DELLN3X2_HVT    saed32_hvt|saed32_hvt_std
OPT_copt_h_inst_40858     DELLN3X2_HVT    saed32_hvt|saed32_hvt_std
OPT_copt_h_inst_40859     DELLN3X2_HVT    saed32_hvt|saed32_hvt_std
OPT_copt_h_inst_40860     DELLN3X2_HVT    saed32_hvt|saed32_hvt_std
OPT_copt_h_inst_40861     DELLN3X2_HVT    saed32_hvt|saed32_hvt_std
OPT_copt_h_inst_40862     DELLN3X2_HVT    saed32_hvt|saed32_hvt_std
OPT_optlc_31691           TIEH_HVT        saed32_hvt|saed32_hvt_std
OPT_optlc_31692           TIEH_HVT        saed32_hvt|saed32_hvt_std
OPT_optlc_31693           TIEH_HVT        saed32_hvt|saed32_hvt_std
OPT_optlc_31694           TIEH_HVT        saed32_hvt|saed32_hvt_std
OPT_optlc_31695           TIEH_HVT        saed32_hvt|saed32_hvt_std
OPT_optlc_31696           TIEH_HVT        saed32_hvt|saed32_hvt_std
OPT_optlc_31697           TIEH_HVT        saed32_hvt|saed32_hvt_std
OPT_optlc_31698           TIEH_HVT        saed32_hvt|saed32_hvt_std
OPT_optlc_31699           TIEH_HVT        saed32_hvt|saed32_hvt_std
OPT_optlc_31700           TIEH_HVT        saed32_hvt|saed32_hvt_std
OPT_optlc_31701           TIEH_HVT        saed32_hvt|saed32_hvt_std
OPT_optlc_31702           TIEH_HVT        saed32_hvt|saed32_hvt_std
OPT_optlc_31703           TIEH_HVT        saed32_hvt|saed32_hvt_std
OPT_optlc_31704           TIEH_HVT        saed32_hvt|saed32_hvt_std
OPT_optlc_31705           TIEH_HVT        saed32_hvt|saed32_hvt_std
OPT_optlc_31706           TIEH_HVT        saed32_hvt|saed32_hvt_std
OPT_optlc_31707           TIEH_HVT        saed32_hvt|saed32_hvt_std
OPT_optlc_31708           TIEH_HVT        saed32_hvt|saed32_hvt_std
OPT_optlc_31709           TIEH_HVT        saed32_hvt|saed32_hvt_std
OPT_optlc_31710           TIEH_HVT        saed32_hvt|saed32_hvt_std
OPT_optlc_31711           TIEH_HVT        saed32_hvt|saed32_hvt_std
OPT_optlc_31712           TIEH_HVT        saed32_hvt|saed32_hvt_std
OPT_optlc_31713           TIEH_HVT        saed32_hvt|saed32_hvt_std
OPT_optlc_31714           TIEH_HVT        saed32_hvt|saed32_hvt_std
OPT_optlc_31715           TIEH_HVT        saed32_hvt|saed32_hvt_std
OPT_optlc_31716           TIEH_HVT        saed32_hvt|saed32_hvt_std
OPT_optlc_31717           TIEH_HVT        saed32_hvt|saed32_hvt_std
OPT_optlc_31718           TIEH_HVT        saed32_hvt|saed32_hvt_std
OPT_optlc_31719           TIEH_HVT        saed32_hvt|saed32_hvt_std
OPT_optlc_31720           TIEH_HVT        saed32_hvt|saed32_hvt_std
OPT_optlc_31721           TIEH_HVT        saed32_hvt|saed32_hvt_std
OPT_optlc_31722           TIEH_HVT        saed32_hvt|saed32_hvt_std
OPT_optlc_31723           TIEH_HVT        saed32_hvt|saed32_hvt_std
OPT_optlc_31724           TIEH_HVT        saed32_hvt|saed32_hvt_std
OPT_optlc_31725           TIEH_HVT        saed32_hvt|saed32_hvt_std
OPT_optlc_31726           TIEH_HVT        saed32_hvt|saed32_hvt_std
OPT_optlc_31727           TIEH_HVT        saed32_hvt|saed32_hvt_std
OPT_optlc_31728           TIEH_HVT        saed32_hvt|saed32_hvt_std
OPT_optlc_31729           TIEH_HVT        saed32_hvt|saed32_hvt_std
OPT_optlc_31730           TIEH_HVT        saed32_hvt|saed32_hvt_std
OPT_optlc_31731           TIEH_HVT        saed32_hvt|saed32_hvt_std
OPT_optlc_31732           TIEH_HVT        saed32_hvt|saed32_hvt_std
OPT_optlc_31733           TIEH_HVT        saed32_hvt|saed32_hvt_std
OPT_optlc_31734           TIEH_HVT        saed32_hvt|saed32_hvt_std
OPT_optlc_31735           TIEH_HVT        saed32_hvt|saed32_hvt_std
OPT_optlc_31736           TIEH_HVT        saed32_hvt|saed32_hvt_std
OPT_optlc_31737           TIEH_HVT        saed32_hvt|saed32_hvt_std
OPT_optlc_31738           TIEH_HVT        saed32_hvt|saed32_hvt_std
OPT_optlc_31739           TIEH_HVT        saed32_hvt|saed32_hvt_std
OPT_optlc_31740           TIEH_HVT        saed32_hvt|saed32_hvt_std
OPT_optlc_31741           TIEH_HVT        saed32_hvt|saed32_hvt_std
OPT_optlc_31742           TIEH_HVT        saed32_hvt|saed32_hvt_std
OPT_optlc_31743           TIEH_HVT        saed32_hvt|saed32_hvt_std
OPT_optlc_31744           TIEH_HVT        saed32_hvt|saed32_hvt_std
OPT_optlc_31745           TIEH_HVT        saed32_hvt|saed32_hvt_std
OPT_optlc_31746           TIEH_HVT        saed32_hvt|saed32_hvt_std
OPT_optlc_31747           TIEH_HVT        saed32_hvt|saed32_hvt_std
OPT_optlc_31748           TIEH_HVT        saed32_hvt|saed32_hvt_std
OPT_optlc_31749           TIEH_HVT        saed32_hvt|saed32_hvt_std
OPT_optlc_31750           TIEH_HVT        saed32_hvt|saed32_hvt_std
OPT_optlc_31751           TIEH_HVT        saed32_hvt|saed32_hvt_std
OPT_optlc_31752           TIEH_HVT        saed32_hvt|saed32_hvt_std
OPT_optlc_31753           TIEH_HVT        saed32_hvt|saed32_hvt_std
OPT_optlc_31754           TIEH_HVT        saed32_hvt|saed32_hvt_std
OPT_optlc_31755           TIEH_HVT        saed32_hvt|saed32_hvt_std
OPT_optlc_31756           TIEH_HVT        saed32_hvt|saed32_hvt_std
OPT_optlc_31757           TIEH_HVT        saed32_hvt|saed32_hvt_std
OPT_optlc_31758           TIEH_HVT        saed32_hvt|saed32_hvt_std
OPT_optlc_31759           TIEH_HVT        saed32_hvt|saed32_hvt_std
OPT_optlc_31760           TIEH_HVT        saed32_hvt|saed32_hvt_std
OPT_optlc_31761           TIEH_HVT        saed32_hvt|saed32_hvt_std
OPT_optlc_31762           TIEH_HVT        saed32_hvt|saed32_hvt_std
OPT_optlc_31763           TIEH_HVT        saed32_hvt|saed32_hvt_std
OPT_optlc_31764           TIEH_HVT        saed32_hvt|saed32_hvt_std
OPT_optlc_31765           TIEH_HVT        saed32_hvt|saed32_hvt_std
OPT_optlc_31766           TIEH_HVT        saed32_hvt|saed32_hvt_std
OPT_optlc_31767           TIEH_HVT        saed32_hvt|saed32_hvt_std
OPT_optlc_31768           TIEH_HVT        saed32_hvt|saed32_hvt_std
OPT_optlc_31769           TIEH_HVT        saed32_hvt|saed32_hvt_std
OPT_optlc_31770           TIEH_HVT        saed32_hvt|saed32_hvt_std
OPT_optlc_31771           TIEH_HVT        saed32_hvt|saed32_hvt_std
OPT_optlc_31772           TIEH_HVT        saed32_hvt|saed32_hvt_std
OPT_optlc_31773           TIEH_HVT        saed32_hvt|saed32_hvt_std
OPT_optlc_31774           TIEH_HVT        saed32_hvt|saed32_hvt_std
OPT_optlc_31775           TIEH_HVT        saed32_hvt|saed32_hvt_std
OPT_optlc_31776           TIEH_HVT        saed32_hvt|saed32_hvt_std
OPT_optlc_31777           TIEH_HVT        saed32_hvt|saed32_hvt_std
OPT_optlc_31778           TIEH_HVT        saed32_hvt|saed32_hvt_std
OPT_optlc_31779           TIEH_HVT        saed32_hvt|saed32_hvt_std
OPT_optlc_31780           TIEH_HVT        saed32_hvt|saed32_hvt_std
OPT_optlc_31781           TIEH_HVT        saed32_hvt|saed32_hvt_std
OPT_optlc_31782           TIEH_HVT        saed32_hvt|saed32_hvt_std
OPT_optlc_31783           TIEH_HVT        saed32_hvt|saed32_hvt_std
OPT_optlc_31784           TIEH_HVT        saed32_hvt|saed32_hvt_std
OPT_optlc_31785           TIEH_HVT        saed32_hvt|saed32_hvt_std
OPT_optlc_31786           TIEH_HVT        saed32_hvt|saed32_hvt_std
OPT_optlc_31787           TIEH_HVT        saed32_hvt|saed32_hvt_std
OPT_optlc_31788           TIEH_HVT        saed32_hvt|saed32_hvt_std
OPT_optlc_31789           TIEH_HVT        saed32_hvt|saed32_hvt_std
OPT_optlc_31790           TIEH_HVT        saed32_hvt|saed32_hvt_std
OPT_optlc_31791           TIEH_HVT        saed32_hvt|saed32_hvt_std
OPT_optlc_31792           TIEH_HVT        saed32_hvt|saed32_hvt_std
OPT_optlc_31793           TIEH_HVT        saed32_hvt|saed32_hvt_std
OPT_optlc_31794           TIEH_HVT        saed32_hvt|saed32_hvt_std
OPT_optlc_31795           TIEH_HVT        saed32_hvt|saed32_hvt_std
OPT_optlc_31796           TIEH_HVT        saed32_hvt|saed32_hvt_std
OPT_optlc_31797           TIEH_HVT        saed32_hvt|saed32_hvt_std
OPT_optlc_31798           TIEH_HVT        saed32_hvt|saed32_hvt_std
OPT_optlc_31799           TIEH_HVT        saed32_hvt|saed32_hvt_std
OPT_optlc_31800           TIEH_HVT        saed32_hvt|saed32_hvt_std
OPT_optlc_31801           TIEH_HVT        saed32_hvt|saed32_hvt_std
OPT_optlc_31802           TIEH_HVT        saed32_hvt|saed32_hvt_std
OPT_optlc_31803           TIEH_HVT        saed32_hvt|saed32_hvt_std
OPT_optlc_31804           TIEH_HVT        saed32_hvt|saed32_hvt_std
OPT_optlc_31805           TIEH_HVT        saed32_hvt|saed32_hvt_std
OPT_optlc_31806           TIEH_HVT        saed32_hvt|saed32_hvt_std
OPT_optlc_31807           TIEH_HVT        saed32_hvt|saed32_hvt_std
OPT_optlc_31808           TIEH_HVT        saed32_hvt|saed32_hvt_std
OPT_optlc_31809           TIEH_HVT        saed32_hvt|saed32_hvt_std
OPT_optlc_31810           TIEH_HVT        saed32_hvt|saed32_hvt_std
OPT_optlc_31811           TIEH_HVT        saed32_hvt|saed32_hvt_std
OPT_optlc_31812           TIEH_HVT        saed32_hvt|saed32_hvt_std
OPT_optlc_31813           TIEH_HVT        saed32_hvt|saed32_hvt_std
OPT_optlc_31814           TIEH_HVT        saed32_hvt|saed32_hvt_std
OPT_optlc_31815           TIEH_HVT        saed32_hvt|saed32_hvt_std
OPT_optlc_31816           TIEH_HVT        saed32_hvt|saed32_hvt_std
OPT_optlc_31817           TIEH_HVT        saed32_hvt|saed32_hvt_std
OPT_optlc_31818           TIEH_HVT        saed32_hvt|saed32_hvt_std
OPT_optlc_31819           TIEH_HVT        saed32_hvt|saed32_hvt_std
OPT_optlc_31820           TIEH_HVT        saed32_hvt|saed32_hvt_std
OPT_optlc_31821           TIEH_HVT        saed32_hvt|saed32_hvt_std
OPT_optlc_31822           TIEH_HVT        saed32_hvt|saed32_hvt_std
OPT_optlc_31823           TIEH_HVT        saed32_hvt|saed32_hvt_std
OPT_optlc_31824           TIEH_HVT        saed32_hvt|saed32_hvt_std
OPT_optlc_31825           TIEH_HVT        saed32_hvt|saed32_hvt_std
OPT_optlc_31826           TIEH_HVT        saed32_hvt|saed32_hvt_std
OPT_optlc_31827           TIEH_HVT        saed32_hvt|saed32_hvt_std
OPT_optlc_31828           TIEH_HVT        saed32_hvt|saed32_hvt_std
OPT_optlc_31829           TIEH_HVT        saed32_hvt|saed32_hvt_std
OPT_optlc_31830           TIEH_HVT        saed32_hvt|saed32_hvt_std
OPT_optlc_31831           TIEH_HVT        saed32_hvt|saed32_hvt_std
OPT_optlc_31832           TIEH_HVT        saed32_hvt|saed32_hvt_std
OPT_optlc_31833           TIEH_HVT        saed32_hvt|saed32_hvt_std
OPT_optlc_31834           TIEH_HVT        saed32_hvt|saed32_hvt_std
OPT_optlc_31835           TIEH_HVT        saed32_hvt|saed32_hvt_std
OPT_optlc_31836           TIEH_HVT        saed32_hvt|saed32_hvt_std
OPT_optlc_31837           TIEH_HVT        saed32_hvt|saed32_hvt_std
OPT_optlc_31838           TIEH_HVT        saed32_hvt|saed32_hvt_std
OPT_optlc_31839           TIEH_HVT        saed32_hvt|saed32_hvt_std
OPT_optlc_31840           TIEH_HVT        saed32_hvt|saed32_hvt_std
OPT_optlc_31841           TIEH_HVT        saed32_hvt|saed32_hvt_std
OPT_optlc_31842           TIEH_HVT        saed32_hvt|saed32_hvt_std
OPT_optlc_31843           TIEH_HVT        saed32_hvt|saed32_hvt_std
OPT_optlc_31844           TIEH_HVT        saed32_hvt|saed32_hvt_std
OPT_optlc_31845           TIEH_HVT        saed32_hvt|saed32_hvt_std
OPT_optlc_31846           TIEH_HVT        saed32_hvt|saed32_hvt_std
OPT_optlc_31847           TIEH_HVT        saed32_hvt|saed32_hvt_std
OPT_optlc_31848           TIEH_HVT        saed32_hvt|saed32_hvt_std
OPT_optlc_31849           TIEH_HVT        saed32_hvt|saed32_hvt_std
OPT_optlc_31850           TIEH_HVT        saed32_hvt|saed32_hvt_std
OPT_optlc_31851           TIEH_HVT        saed32_hvt|saed32_hvt_std
OPT_optlc_31852           TIEH_HVT        saed32_hvt|saed32_hvt_std
OPT_optlc_31853           TIEH_HVT        saed32_hvt|saed32_hvt_std
OPT_optlc_31854           TIEH_HVT        saed32_hvt|saed32_hvt_std
OPT_optlc_31855           TIEH_HVT        saed32_hvt|saed32_hvt_std
OPT_optlc_31856           TIEH_HVT        saed32_hvt|saed32_hvt_std
OPT_optlc_31857           TIEH_HVT        saed32_hvt|saed32_hvt_std
OPT_optlc_31858           TIEH_HVT        saed32_hvt|saed32_hvt_std
OPT_optlc_31859           TIEH_HVT        saed32_hvt|saed32_hvt_std
OPT_optlc_31860           TIEH_HVT        saed32_hvt|saed32_hvt_std
OPT_optlc_31861           TIEH_HVT        saed32_hvt|saed32_hvt_std
OPT_optlc_31862           TIEH_HVT        saed32_hvt|saed32_hvt_std
OPT_optlc_31863           TIEH_HVT        saed32_hvt|saed32_hvt_std
OPT_optlc_31864           TIEH_HVT        saed32_hvt|saed32_hvt_std
OPT_optlc_31865           TIEH_HVT        saed32_hvt|saed32_hvt_std
OPT_optlc_31866           TIEH_HVT        saed32_hvt|saed32_hvt_std
OPT_optlc_31867           TIEH_HVT        saed32_hvt|saed32_hvt_std
OPT_optlc_31868           TIEH_HVT        saed32_hvt|saed32_hvt_std
OPT_optlc_31869           TIEH_HVT        saed32_hvt|saed32_hvt_std
OPT_optlc_31870           TIEH_HVT        saed32_hvt|saed32_hvt_std
OPT_optlc_31871           TIEH_HVT        saed32_hvt|saed32_hvt_std
OPT_optlc_31872           TIEH_HVT        saed32_hvt|saed32_hvt_std
OPT_optlc_31873           TIEH_HVT        saed32_hvt|saed32_hvt_std
OPT_optlc_31874           TIEH_HVT        saed32_hvt|saed32_hvt_std
OPT_optlc_31875           TIEH_HVT        saed32_hvt|saed32_hvt_std
OPT_optlc_31876           TIEH_HVT        saed32_hvt|saed32_hvt_std
OPT_optlc_31877           TIEH_HVT        saed32_hvt|saed32_hvt_std
OPT_optlc_31878           TIEH_HVT        saed32_hvt|saed32_hvt_std
OPT_optlc_31879           TIEH_HVT        saed32_hvt|saed32_hvt_std
OPT_optlc_31881           TIEL_HVT        saed32_hvt|saed32_hvt_std
OPT_optlc_31882           TIEL_HVT        saed32_hvt|saed32_hvt_std
OPT_optlc_31883           TIEL_HVT        saed32_hvt|saed32_hvt_std
OPT_optlc_31884           TIEL_HVT        saed32_hvt|saed32_hvt_std
OPT_optlc_31885           TIEL_HVT        saed32_hvt|saed32_hvt_std
OPT_optlc_31886           TIEL_HVT        saed32_hvt|saed32_hvt_std
OPT_optlc_31887           TIEL_HVT        saed32_hvt|saed32_hvt_std
OPT_optlc_31888           TIEL_HVT        saed32_hvt|saed32_hvt_std
OPT_optlc_31889           TIEL_HVT        saed32_hvt|saed32_hvt_std
OPT_optlc_31890           TIEL_HVT        saed32_hvt|saed32_hvt_std
OPT_optlc_31891           TIEL_HVT        saed32_hvt|saed32_hvt_std
OPT_optlc_31892           TIEL_HVT        saed32_hvt|saed32_hvt_std
OPT_optlc_31893           TIEL_HVT        saed32_hvt|saed32_hvt_std
OPT_optlc_31894           TIEL_HVT        saed32_hvt|saed32_hvt_std
OPT_optlc_31895           TIEL_HVT        saed32_hvt|saed32_hvt_std
OPT_optlc_31896           TIEL_HVT        saed32_hvt|saed32_hvt_std
OPT_optlc_31897           TIEL_HVT        saed32_hvt|saed32_hvt_std
OPT_optlc_31898           TIEL_HVT        saed32_hvt|saed32_hvt_std
OPT_optlc_31899           TIEL_HVT        saed32_hvt|saed32_hvt_std
OPT_optlc_31900           TIEL_HVT        saed32_hvt|saed32_hvt_std
OPT_optlc_31901           TIEL_HVT        saed32_hvt|saed32_hvt_std
OPT_optlc_31902           TIEL_HVT        saed32_hvt|saed32_hvt_std
OPT_optlc_31903           TIEL_HVT        saed32_hvt|saed32_hvt_std
OPT_optlc_31904           TIEL_HVT        saed32_hvt|saed32_hvt_std
OPT_optlc_31905           TIEL_HVT        saed32_hvt|saed32_hvt_std
OPT_optlc_31906           TIEL_HVT        saed32_hvt|saed32_hvt_std
OPT_optlc_31907           TIEL_HVT        saed32_hvt|saed32_hvt_std
OPT_optlc_31908           TIEL_HVT        saed32_hvt|saed32_hvt_std
OPT_optlc_31909           TIEL_HVT        saed32_hvt|saed32_hvt_std
OPT_optlc_31910           TIEL_HVT        saed32_hvt|saed32_hvt_std
OPT_optlc_31911           TIEL_HVT        saed32_hvt|saed32_hvt_std
OPT_optlc_31912           TIEL_HVT        saed32_hvt|saed32_hvt_std
OPT_optlc_31913           TIEL_HVT        saed32_hvt|saed32_hvt_std
OPT_optlc_31914           TIEL_HVT        saed32_hvt|saed32_hvt_std
OPT_optlc_31915           TIEL_HVT        saed32_hvt|saed32_hvt_std
OPT_optlc_31916           TIEL_HVT        saed32_hvt|saed32_hvt_std
OPT_optlc_31917           TIEL_HVT        saed32_hvt|saed32_hvt_std
OPT_optlc_31918           TIEL_HVT        saed32_hvt|saed32_hvt_std
OPT_optlc_31919           TIEL_HVT        saed32_hvt|saed32_hvt_std
OPT_optlc_31920           TIEL_HVT        saed32_hvt|saed32_hvt_std
OPT_optlc_31921           TIEL_HVT        saed32_hvt|saed32_hvt_std
OPT_optlc_31922           TIEL_HVT        saed32_hvt|saed32_hvt_std
OPT_optlc_31923           TIEL_HVT        saed32_hvt|saed32_hvt_std
OPT_optlc_31924           TIEL_HVT        saed32_hvt|saed32_hvt_std
OPT_optlc_31925           TIEL_HVT        saed32_hvt|saed32_hvt_std
OPT_optlc_31926           TIEL_HVT        saed32_hvt|saed32_hvt_std
OPT_optlc_31927           TIEL_HVT        saed32_hvt|saed32_hvt_std
OPT_optlc_31928           TIEL_HVT        saed32_hvt|saed32_hvt_std
OPT_optlc_31929           TIEL_HVT        saed32_hvt|saed32_hvt_std
PLACE_HFSINV_11215_5357   INVX2_RVT       saed32_rvt|saed32_rvt_std
PLACE_HFSINV_1362_627     INVX2_RVT       saed32_rvt|saed32_rvt_std
PLACE_HFSINV_141_5396     INVX2_RVT       saed32_rvt|saed32_rvt_std
PLACE_HFSINV_1612_5393    INVX4_RVT       saed32_rvt|saed32_rvt_std
PLACE_HFSINV_19796_5385   INVX8_RVT       saed32_rvt|saed32_rvt_std
PLACE_HFSINV_198_760      INVX1_RVT       saed32_rvt|saed32_rvt_std
PLACE_HFSINV_203_621      INVX1_RVT       saed32_rvt|saed32_rvt_std
PLACE_HFSINV_216_622      INVX1_RVT       saed32_rvt|saed32_rvt_std
PLACE_HFSINV_243_711      INVX1_RVT       saed32_rvt|saed32_rvt_std
PLACE_HFSINV_246_918      INVX1_RVT       saed32_rvt|saed32_rvt_std
PLACE_HFSINV_2850_5365    INVX1_RVT       saed32_rvt|saed32_rvt_std
PLACE_HFSINV_292_626      INVX2_RVT       saed32_rvt|saed32_rvt_std
PLACE_HFSINV_302_766      INVX2_RVT       saed32_rvt|saed32_rvt_std
PLACE_HFSINV_3035_5367    INVX1_RVT       saed32_rvt|saed32_rvt_std
PLACE_HFSINV_31_705       INVX1_RVT       saed32_rvt|saed32_rvt_std
PLACE_HFSINV_391_767      INVX1_RVT       saed32_rvt|saed32_rvt_std
PLACE_HFSINV_4402_5374    INVX1_RVT       saed32_rvt|saed32_rvt_std
PLACE_HFSINV_4467_5375    INVX1_RVT       saed32_rvt|saed32_rvt_std
PLACE_HFSINV_4577_5376    INVX1_RVT       saed32_rvt|saed32_rvt_std
PLACE_HFSINV_458_5397     INVX16_LVT      saed32_lvt|saed32_lvt_std
PLACE_HFSINV_4695_5377    INVX1_RVT       saed32_rvt|saed32_rvt_std
PLACE_HFSINV_50_822       INVX1_RVT       saed32_rvt|saed32_rvt_std
PLACE_HFSINV_5843_1022    INVX1_RVT       saed32_rvt|saed32_rvt_std
PLACE_HFSINV_6000_5384    INVX2_RVT       saed32_rvt|saed32_rvt_std
PLACE_HFSINV_6068_5363    INVX2_RVT       saed32_rvt|saed32_rvt_std
PLACE_HFSINV_635_5398     INVX2_RVT       saed32_rvt|saed32_rvt_std
PLACE_HFSINV_8810_5343    INVX1_RVT       saed32_rvt|saed32_rvt_std
PLACE_HFSINV_896_823      INVX2_RVT       saed32_rvt|saed32_rvt_std
PLACE_HFSINV_9063_5338    INVX1_RVT       saed32_rvt|saed32_rvt_std
PLACE_HFSINV_9131_5340    INVX1_RVT       saed32_rvt|saed32_rvt_std
PLACE_HFSINV_9183_5341    INVX1_RVT       saed32_rvt|saed32_rvt_std
PLACE_HFSINV_9590_5345    INVX1_RVT       saed32_rvt|saed32_rvt_std
PayLoad_Counter           payload_counter_payload_w8_max_payload_length127
                                                           h
QPSK                      QPSK_mapper                      h
ZeroPadding               zeropadding_8_46_127_12          h
my_controller             controller_46_127                h
payload_ram               FIFO_mem_FIFO_WIDTH8_FIFO_DEPTH128
                                                           h
spare_cell_0              NAND2X1_HVT     saed32_hvt|saed32_hvt_std
                                                           d
spare_cell_0_0            INVX1_HVT       saed32_hvt|saed32_hvt_std
                                                           d
spare_cell_0_1            INVX1_HVT       saed32_hvt|saed32_hvt_std
                                                           d
spare_cell_0_2            INVX1_HVT       saed32_hvt|saed32_hvt_std
                                                           d
spare_cell_0_3            INVX1_HVT       saed32_hvt|saed32_hvt_std
                                                           d
spare_cell_1              NAND2X1_HVT     saed32_hvt|saed32_hvt_std
                                                           d
spare_cell_1_0            MUX21X1_HVT     saed32_hvt|saed32_hvt_std
                                                           d
spare_cell_1_1            MUX21X1_HVT     saed32_hvt|saed32_hvt_std
                                                           d
spare_cell_1_2            MUX21X1_HVT     saed32_hvt|saed32_hvt_std
                                                           d
spare_cell_1_3            MUX21X1_HVT     saed32_hvt|saed32_hvt_std
                                                           d
spare_cell_2              NAND2X1_HVT     saed32_hvt|saed32_hvt_std
                                                           d
spare_cell_2_0            OR2X1_HVT       saed32_hvt|saed32_hvt_std
                                                           d
spare_cell_2_1            OR2X1_HVT       saed32_hvt|saed32_hvt_std
                                                           d
spare_cell_2_2            OR2X1_HVT       saed32_hvt|saed32_hvt_std
                                                           d
spare_cell_3              NAND2X1_HVT     saed32_hvt|saed32_hvt_std
                                                           d
spare_cell_3_0            SDFFX1_HVT      saed32_hvt|saed32_hvt_std
                                                           n, d
spare_cell_3_1            SDFFX1_HVT      saed32_hvt|saed32_hvt_std
                                                           n, d
spare_cell_3_2            SDFFX1_HVT      saed32_hvt|saed32_hvt_std
                                                           n, d
symbol_mapper_to_ppdu     top_sym_to_ppdu_46               h
--------------------------------------------------------------------------------
Total 2000 cells

1
