****************************************
Report : net
Design : zigbee
Version: O-2018.06-SP1
Date   : Mon Sep 21 04:46:21 2026
****************************************

Attributes
    d - user dont_touch
    D - derived dont_touch


Net                 Fanout    Fanin   Pins         Attributes
--------------------------------------------------------------------------------
*Logic0*                 0        0      0         
PLACE_HFSNET_5231        5        1      6         
PLACE_HFSNET_5233        2        1      3         
PLACE_HFSNET_5234        5        1      6         
PLACE_HFSNET_5235        5        1      6         
PLACE_HFSNET_5236        4        1      5         
PLACE_HFSNET_5247        4        1      5         
PLACE_HFSNET_5248        5        1      6         
PLACE_HFSNET_5249        3        1      4         
PLACE_HFSNET_5251        3        1      4         
PLACE_HFSNET_5255        4        1      5         
PLACE_HFSNET_5256        1        1      2         
PLACE_HFSNET_5257        3        1      4         
PLACE_HFSNET_5258        1        1      2         
PLACE_HFSNET_5263        5        1      6         
PLACE_HFSNET_5264        5        1      6         
PLACE_HFSNET_5269        5        1      6         
PLACE_HFSNET_5273        3        1      4         
PLACE_HFSNET_5275        1        1      2         
PLACE_HFSNET_553         3        1      4         
PLACE_HFSNET_554         1        1      2         
PLACE_HFSNET_557         5        1      6         
PLACE_HFSNET_558         5        1      6         
PLACE_HFSNET_592         1        1      2         
PLACE_HFSNET_637         5        1      6         
PLACE_HFSNET_643         2        1      3         
PLACE_HFSNET_644         1        1      2         
PLACE_HFSNET_692         3        1      4         
PLACE_HFSNET_693         1        1      2         
PLACE_HFSNET_699         5        1      6         
PLACE_HFSNET_700         1        1      2         
PLACE_HFSNET_747         1        1      2         
PLACE_HFSNET_755         5        1      6         
PLACE_HFSNET_756         4        1      5         
PLACE_HFSNET_799         1        1      2         
PLACE_HFSNET_851         3        1      4         
PLACE_HFSNET_852         1        1      2         
PLACE_HFSNET_905         2        1      3         
PLACE_HFSNET_956         2        1      3         
PLACE_HFSNET_957         1        1      2         
VDD                      0        0      0         
VSS                      0        0      0         
clk                      1        1      2         D
copt_net_13106           3        1      4         
copt_net_13107           1        1      2         
copt_net_13108           5        1      6         
copt_net_13109           1        1      2         
copt_net_13110           1        1      2         
copt_net_13111           5        1      6         
copt_net_13112           1        1      2         
copt_net_13113           5        1      6         
copt_net_13114           1        1      2         
copt_net_13115           1        1      2         
copt_net_13116           5        1      6         
copt_net_13117           1        1      2         
copt_net_13118           1        1      2         
copt_net_13119           2        1      3         
copt_net_13120           1        1      2         
copt_net_13121           3        1      4         
copt_net_13122           1        1      2         
copt_net_4235            1        1      2         
copt_net_4236            1        1      2         
counter_wren             2        1      3         
ctsbuf_net_10003300      5        1      6         D
ctsbuf_net_10013301      5        1      6         D
ctsbuf_net_10023302      5        1      6         D
ctsbuf_net_1002400       5        1      6         D
ctsbuf_net_10033303      5        1      6         D
ctsbuf_net_10043304      5        1      6         D
ctsbuf_net_10053305      5        1      6         D
ctsbuf_net_10063306      5        1      6         D
ctsbuf_net_10073307      5        1      6         D
ctsbuf_net_10083308      5        1      6         D
ctsbuf_net_10093309      5        1      6         D
ctsbuf_net_10103310      5        1      6         D
ctsbuf_net_10113311      5        1      6         D
ctsbuf_net_10123312      5        1      6         D
ctsbuf_net_1012401       5        1      6         D
ctsbuf_net_10133313      5        1      6         D
ctsbuf_net_10143314      5        1      6         D
ctsbuf_net_10153315      5        1      6         D
ctsbuf_net_10163316      5        1      6         D
ctsbuf_net_10173317      5        1      6         D
ctsbuf_net_10183318      5        1      6         D
ctsbuf_net_10193319      5        1      6         D
ctsbuf_net_10203320      5        1      6         D
ctsbuf_net_10213321      5        1      6         D
ctsbuf_net_10223322      5        1      6         D
ctsbuf_net_1022402       5        1      6         D
ctsbuf_net_102310        5        1      6         D
ctsbuf_net_10233323      5        1      6         D
ctsbuf_net_10243324      5        1      6         D
ctsbuf_net_10253325      5        1      6         D
ctsbuf_net_10263326      5        1      6         D
ctsbuf_net_10273327      5        1      6         D
ctsbuf_net_10283328      5        1      6         D
ctsbuf_net_10293329      5        1      6         D
ctsbuf_net_10303330      5        1      6         D
ctsbuf_net_10313331      5        1      6         D
ctsbuf_net_10323332      5        1      6         D
ctsbuf_net_1032403       5        1      6         D
ctsbuf_net_10333333      5        1      6         D
ctsbuf_net_10343334      5        1      6         D
ctsbuf_net_10353335      5        1      6         D
ctsbuf_net_10363336      5        1      6         D
ctsbuf_net_10373337      5        1      6         D
ctsbuf_net_10383338      5        1      6         D
ctsbuf_net_10393339      5        1      6         D
ctsbuf_net_10403340      5        1      6         D
ctsbuf_net_10413341      5        1      6         D
ctsbuf_net_10423342      5        1      6         D
ctsbuf_net_1042404       5        1      6         D
ctsbuf_net_10433343      5        1      6         D
ctsbuf_net_10443344      5        1      6         D
ctsbuf_net_10453345      5        1      6         D
ctsbuf_net_10463346      5        1      6         D
ctsbuf_net_10473347      5        1      6         D
ctsbuf_net_10483348      5        1      6         D
ctsbuf_net_10493349      5        1      6         D
ctsbuf_net_10503350      5        1      6         D
ctsbuf_net_10513351      5        1      6         D
ctsbuf_net_10523352      5        1      6         D
ctsbuf_net_1052405       5        1      6         D
ctsbuf_net_10533353      5        1      6         D
ctsbuf_net_10543354      5        1      6         D
ctsbuf_net_10553355      5        1      6         D
ctsbuf_net_10563356      5        1      6         D
ctsbuf_net_10573357      5        1      6         D
ctsbuf_net_10583358      5        1      6         D
ctsbuf_net_10593359      5        1      6         D
ctsbuf_net_10603360      5        1      6         D
ctsbuf_net_10613361      5        1      6         D
ctsbuf_net_10623362      5        1      6         D
ctsbuf_net_1062406       5        1      6         D
ctsbuf_net_10633363      5        1      6         D
ctsbuf_net_10643364      5        1      6         D
ctsbuf_net_10653365      5        1      6         D
ctsbuf_net_10663366      5        1      6         D
ctsbuf_net_10673367      5        1      6         D
ctsbuf_net_10683368      5        1      6         D
ctsbuf_net_10693369      5        1      6         D
ctsbuf_net_10703370      5        1      6         D
ctsbuf_net_10713371      5        1      6         D
ctsbuf_net_10723372      5        1      6         D
ctsbuf_net_1072407       5        1      6         D
ctsbuf_net_10733373      5        1      6         D
ctsbuf_net_10743374      5        1      6         D
ctsbuf_net_10753375      5        1      6         D
ctsbuf_net_10763376      5        1      6         D
ctsbuf_net_10773377      5        1      6         D
ctsbuf_net_10783378      5        1      6         D
ctsbuf_net_10793379      5        1      6         D
ctsbuf_net_10803380      5        1      6         D
ctsbuf_net_10813381      5        1      6         D
ctsbuf_net_10823382      5        1      6         D
ctsbuf_net_1082408       5        1      6         D
ctsbuf_net_10833383      5        1      6         D
ctsbuf_net_10843384      5        1      6         D
ctsbuf_net_10853385      5        1      6         D
ctsbuf_net_10863386      5        1      6         D
ctsbuf_net_10873387      5        1      6         D
ctsbuf_net_10883388      5        1      6         D
ctsbuf_net_10893389      5        1      6         D
ctsbuf_net_10903390      5        1      6         D
ctsbuf_net_10913391      5        1      6         D
ctsbuf_net_10923392      5        1      6         D
ctsbuf_net_1092409       5        1      6         D
ctsbuf_net_10933393      5        1      6         D
ctsbuf_net_10943394      5        1      6         D
ctsbuf_net_10953395      5        1      6         D
ctsbuf_net_10963396      5        1      6         D
ctsbuf_net_10973397      5        1      6         D
ctsbuf_net_10983398      5        1      6         D
ctsbuf_net_10993399      5        1      6         D
ctsbuf_net_11003400      5        1      6         D
ctsbuf_net_11013401      5        1      6         D
ctsbuf_net_11023402      5        1      6         D
ctsbuf_net_1102410       5        1      6         D
ctsbuf_net_11033403      5        1      6         D
ctsbuf_net_11043404      5        1      6         D
ctsbuf_net_11053405      5        1      6         D
ctsbuf_net_11063406      5        1      6         D
ctsbuf_net_11073407      5        1      6         D
ctsbuf_net_11083408      5        1      6         D
ctsbuf_net_11093409      5        1      6         D
ctsbuf_net_11103410      5        1      6         D
ctsbuf_net_11113411      5        1      6         D
ctsbuf_net_11123412      5        1      6         D
ctsbuf_net_1112411       5        1      6         D
ctsbuf_net_11133413      5        1      6         D
ctsbuf_net_11143414      5        1      6         D
ctsbuf_net_11153415      5        1      6         D
ctsbuf_net_11163416      5        1      6         D
ctsbuf_net_11173417      5        1      6         D
ctsbuf_net_11183418      5        1      6         D
ctsbuf_net_11193419      5        1      6         D
ctsbuf_net_11203420      5        1      6         D
ctsbuf_net_11213421      5        1      6         D
ctsbuf_net_11223422      5        1      6         D
ctsbuf_net_1122412       5        1      6         D
ctsbuf_net_112311        5        1      6         D
ctsbuf_net_11233423      5        1      6         D
ctsbuf_net_11243424      5        1      6         D
ctsbuf_net_11253425      5        1      6         D
ctsbuf_net_11263426      5        1      6         D
ctsbuf_net_11273427      5        1      6         D
ctsbuf_net_11283428      5        1      6         D
ctsbuf_net_11293429      5        1      6         D
ctsbuf_net_11303430      5        1      6         D
ctsbuf_net_11313431      5        1      6         D
ctsbuf_net_11323432      5        1      6         D
ctsbuf_net_1132413       5        1      6         D
ctsbuf_net_11333433      5        1      6         D
ctsbuf_net_11343434      5        1      6         D
ctsbuf_net_11353435      5        1      6         D
ctsbuf_net_11363436      5        1      6         D
ctsbuf_net_11373437      5        1      6         D
ctsbuf_net_11383438      5        1      6         D
ctsbuf_net_11393439      5        1      6         D
ctsbuf_net_11403440      5        1      6         D
ctsbuf_net_11413441      5        1      6         D
ctsbuf_net_11423442      5        1      6         D
ctsbuf_net_1142414       5        1      6         D
ctsbuf_net_11433443      5        1      6         D
ctsbuf_net_11443444      5        1      6         D
ctsbuf_net_11453445      5        1      6         D
ctsbuf_net_11463446      5        1      6         D
ctsbuf_net_11473447      5        1      6         D
ctsbuf_net_11483448      5        1      6         D
ctsbuf_net_11493449      5        1      6         D
ctsbuf_net_11503450      5        1      6         D
ctsbuf_net_11513451      5        1      6         D
ctsbuf_net_11523452      5        1      6         D
ctsbuf_net_1152415       5        1      6         D
ctsbuf_net_11533453      5        1      6         D
ctsbuf_net_11543454      5        1      6         D
ctsbuf_net_11553455      5        1      6         D
ctsbuf_net_11563456      5        1      6         D
ctsbuf_net_11573457      5        1      6         D
ctsbuf_net_11583458      5        1      6         D
ctsbuf_net_11593459      5        1      6         D
ctsbuf_net_11603460      5        1      6         D
ctsbuf_net_11613461      5        1      6         D
ctsbuf_net_11623462      5        1      6         D
ctsbuf_net_1162416       5        1      6         D
ctsbuf_net_11633463      5        1      6         D
ctsbuf_net_11643464      5        1      6         D
ctsbuf_net_11653465      5        1      6         D
ctsbuf_net_11663466      5        1      6         D
ctsbuf_net_11673467      5        1      6         D
ctsbuf_net_11683468      5        1      6         D
ctsbuf_net_11693469      5        1      6         D
ctsbuf_net_11703470      5        1      6         D
ctsbuf_net_11713471      5        1      6         D
ctsbuf_net_11723472      5        1      6         D
ctsbuf_net_1172417       5        1      6         D
ctsbuf_net_11733473      5        1      6         D
ctsbuf_net_11743474      5        1      6         D
ctsbuf_net_11753475      5        1      6         D
ctsbuf_net_11763476      5        1      6         D
ctsbuf_net_11773477      5        1      6         D
ctsbuf_net_11783478      5        1      6         D
ctsbuf_net_11793479      5        1      6         D
ctsbuf_net_11803480      5        1      6         D
ctsbuf_net_11813481      5        1      6         D
ctsbuf_net_11823482      5        1      6         D
ctsbuf_net_1182418       5        1      6         D
ctsbuf_net_11833483      5        1      6         D
ctsbuf_net_11843484      5        1      6         D
ctsbuf_net_11853485      5        1      6         D
ctsbuf_net_11863486      5        1      6         D
ctsbuf_net_11873487      5        1      6         D
ctsbuf_net_11883488      5        1      6         D
ctsbuf_net_11893489      5        1      6         D
ctsbuf_net_11903490      5        1      6         D
ctsbuf_net_11913491      5        1      6         D
ctsbuf_net_11923492      5        1      6         D
ctsbuf_net_1192419       5        1      6         D
ctsbuf_net_11933493      5        1      6         D
ctsbuf_net_11943494      5        1      6         D
ctsbuf_net_11953495      5        1      6         D
ctsbuf_net_11963496      5        1      6         D
ctsbuf_net_11973497      5        1      6         D
ctsbuf_net_11983498      5        1      6         D
ctsbuf_net_11993499      5        1      6         D
ctsbuf_net_12003500      5        1      6         D
ctsbuf_net_12013501      5        1      6         D
ctsbuf_net_12023502      5        1      6         D
ctsbuf_net_1202420       5        1      6         D
ctsbuf_net_12033503      5        1      6         D
ctsbuf_net_12043504      5        1      6         D
ctsbuf_net_12053505      5        1      6         D
ctsbuf_net_12063506      5        1      6         D
ctsbuf_net_12073507      5        1      6         D
ctsbuf_net_12083508      5        1      6         D
ctsbuf_net_12093509      5        1      6         D
ctsbuf_net_12103510      5        1      6         D
ctsbuf_net_12113511      5        1      6         D
ctsbuf_net_12123512      5        1      6         D
ctsbuf_net_1212421       5        1      6         D
ctsbuf_net_12133513      5        1      6         D
ctsbuf_net_12143514      5        1      6         D
ctsbuf_net_12153515      5        1      6         D
ctsbuf_net_12163516      5        1      6         D
ctsbuf_net_12173517      5        1      6         D
ctsbuf_net_12183518      5        1      6         D
ctsbuf_net_12193519      5        1      6         D
ctsbuf_net_12203520      5        1      6         D
ctsbuf_net_12213521      5        1      6         D
ctsbuf_net_12223522      5        1      6         D
ctsbuf_net_1222422       5        1      6         D
ctsbuf_net_122312        5        1      6         D
ctsbuf_net_12233523      5        1      6         D
ctsbuf_net_12243524      4        1      5         D
ctsbuf_net_12253525      5        1      6         D
ctsbuf_net_12263526      5        1      6         D
ctsbuf_net_12273527      5        1      6         D
ctsbuf_net_12283528      5        1      6         D
ctsbuf_net_12293529      5        1      6         D
ctsbuf_net_12301         5        1      6         D
ctsbuf_net_12303530      5        1      6         D
ctsbuf_net_12313531      5        1      6         D
ctsbuf_net_12323532      3        1      4         D
ctsbuf_net_1232423       5        1      6         D
ctsbuf_net_12333533      3        1      4         D
ctsbuf_net_12343534      3        1      4         D
ctsbuf_net_12353535      2        1      3         D
ctsbuf_net_12363536      3        1      4         D
ctsbuf_net_12373537      3        1      4         D
ctsbuf_net_12383538      3        1      4         D
ctsbuf_net_12393539      3        1      4         D
ctsbuf_net_12403540      3        1      4         D
ctsbuf_net_12413541      2        1      3         D
ctsbuf_net_12423542      3        1      4         D
ctsbuf_net_1242424       5        1      6         D
ctsbuf_net_12433543      3        1      4         D
ctsbuf_net_12443544      3        1      4         D
ctsbuf_net_12453545      2        1      3         D
ctsbuf_net_12463546      3        1      4         D
ctsbuf_net_12473547      2        1      3         D
ctsbuf_net_12483548      4        1      5         D
ctsbuf_net_12493549      3        1      4         D
ctsbuf_net_12503550      3        1      4         D
ctsbuf_net_12513551      3        1      4         D
ctsbuf_net_12523552      3        1      4         D
ctsbuf_net_1252425       5        1      6         D
ctsbuf_net_12533553      3        1      4         D
ctsbuf_net_12543554      2        1      3         D
ctsbuf_net_12553555      3        1      4         D
ctsbuf_net_12563556      3        1      4         D
ctsbuf_net_12573557      3        1      4         D
ctsbuf_net_12583558      3        1      4         D
ctsbuf_net_12593559      3        1      4         D
ctsbuf_net_12603560      4        1      5         D
ctsbuf_net_12613561      5        1      6         D
ctsbuf_net_12623562      4        1      5         D
ctsbuf_net_1262426       5        1      6         D
ctsbuf_net_12633563      3        1      4         D
ctsbuf_net_12643564      2        1      3         D
ctsbuf_net_12653565      4        1      5         D
ctsbuf_net_12663566      3        1      4         D
ctsbuf_net_12673567      5        1      6         D
ctsbuf_net_12683568      4        1      5         D
ctsbuf_net_12693569      3        1      4         D
ctsbuf_net_12703570      3        1      4         D
ctsbuf_net_12713571      5        1      6         D
ctsbuf_net_12723572      4        1      5         D
ctsbuf_net_1272427       5        1      6         D
ctsbuf_net_12733573      3        1      4         D
ctsbuf_net_12743574      3        1      4         D
ctsbuf_net_12753575      5        1      6         D
ctsbuf_net_12763576      5        1      6         D
ctsbuf_net_12773577      4        1      5         D
ctsbuf_net_12783578      5        1      6         D
ctsbuf_net_12793579      5        1      6         D
ctsbuf_net_12803580      5        1      6         D
ctsbuf_net_12813581      5        1      6         D
ctsbuf_net_12823582      5        1      6         D
ctsbuf_net_1282428       5        1      6         D
ctsbuf_net_12833583      5        1      6         D
ctsbuf_net_12843584      5        1      6         D
ctsbuf_net_12853585      5        1      6         D
ctsbuf_net_12863586      5        1      6         D
ctsbuf_net_12873587      5        1      6         D
ctsbuf_net_12883588      5        1      6         D
ctsbuf_net_12893589      5        1      6         D
ctsbuf_net_12903590      5        1      6         D
ctsbuf_net_12913591      5        1      6         D
ctsbuf_net_12923592      5        1      6         D
ctsbuf_net_1292429       5        1      6         D
ctsbuf_net_12933593      5        1      6         D
ctsbuf_net_12943594      5        1      6         D
ctsbuf_net_12953595      5        1      6         D
ctsbuf_net_12963596      5        1      6         D
ctsbuf_net_12973597      5        1      6         D
ctsbuf_net_12983598      5        1      6         D
ctsbuf_net_12993599      5        1      6         D
ctsbuf_net_13003600      5        1      6         D
ctsbuf_net_13013601      5        1      6         D
ctsbuf_net_13023602      5        1      6         D
ctsbuf_net_1302430       5        1      6         D
ctsbuf_net_13033603      5        1      6         D
ctsbuf_net_13043604      5        1      6         D
ctsbuf_net_13053605      5        1      6         D
ctsbuf_net_13063606      5        1      6         D
ctsbuf_net_13073607      5        1      6         D
ctsbuf_net_13083608      5        1      6         D
ctsbuf_net_13093609      5        1      6         D
ctsbuf_net_13103610      5        1      6         D
ctsbuf_net_13113611      5        1      6         D
ctsbuf_net_13123612      5        1      6         D
ctsbuf_net_1312431       5        1      6         D
ctsbuf_net_13133613      5        1      6         D
ctsbuf_net_13143614      5        1      6         D
ctsbuf_net_13153615      5        1      6         D
ctsbuf_net_13163616      5        1      6         D
ctsbuf_net_13173617      5        1      6         D
ctsbuf_net_13183618      5        1      6         D
ctsbuf_net_13193619      5        1      6         D
ctsbuf_net_13203620      5        1      6         D
ctsbuf_net_13213621      5        1      6         D
ctsbuf_net_13223622      5        1      6         D
ctsbuf_net_1322432       5        1      6         D
ctsbuf_net_132313        5        1      6         D
ctsbuf_net_13233623      5        1      6         D
ctsbuf_net_13243624      5        1      6         D
ctsbuf_net_13253625      5        1      6         D
ctsbuf_net_13263626      5        1      6         D
ctsbuf_net_13273627      5        1      6         D
ctsbuf_net_13283628      5        1      6         D
ctsbuf_net_13293629      5        1      6         D
ctsbuf_net_13303630      5        1      6         D
ctsbuf_net_13313631      5        1      6         D
ctsbuf_net_13323632      5        1      6         D
ctsbuf_net_1332433       5        1      6         D
ctsbuf_net_13333633      5        1      6         D
ctsbuf_net_13343634      5        1      6         D
ctsbuf_net_13353635      5        1      6         D
ctsbuf_net_13363636      5        1      6         D
ctsbuf_net_13373637      5        1      6         D
ctsbuf_net_13383638      5        1      6         D
ctsbuf_net_13393639      5        1      6         D
ctsbuf_net_13403640      5        1      6         D
ctsbuf_net_13413641      5        1      6         D
ctsbuf_net_13423642      5        1      6         D
ctsbuf_net_1342434       5        1      6         D
ctsbuf_net_13433643      5        1      6         D
ctsbuf_net_13443644      5        1      6         D
ctsbuf_net_13453645      5        1      6         D
ctsbuf_net_13463646      5        1      6         D
ctsbuf_net_13473647      5        1      6         D
ctsbuf_net_13483648      5        1      6         D
ctsbuf_net_13493649      5        1      6         D
ctsbuf_net_13503650      5        1      6         D
ctsbuf_net_13513651      5        1      6         D
ctsbuf_net_13523652      5        1      6         D
ctsbuf_net_1352435       5        1      6         D
ctsbuf_net_13533653      5        1      6         D
ctsbuf_net_13543654      5        1      6         D
ctsbuf_net_13553655      5        1      6         D
ctsbuf_net_13563656      5        1      6         D
ctsbuf_net_13573657      5        1      6         D
ctsbuf_net_13583658      5        1      6         D
ctsbuf_net_13593659      5        1      6         D
ctsbuf_net_13603660      5        1      6         D
ctsbuf_net_13613661      5        1      6         D
ctsbuf_net_13623662      5        1      6         D
ctsbuf_net_1362436       5        1      6         D
ctsbuf_net_13633663      5        1      6         D
ctsbuf_net_13643664      5        1      6         D
ctsbuf_net_13653665      5        1      6         D
ctsbuf_net_13663666      5        1      6         D
ctsbuf_net_13673667      5        1      6         D
ctsbuf_net_13683668      5        1      6         D
ctsbuf_net_13693669      5        1      6         D
ctsbuf_net_13703670      5        1      6         D
ctsbuf_net_13713671      5        1      6         D
ctsbuf_net_13723672      5        1      6         D
ctsbuf_net_1372437       5        1      6         D
ctsbuf_net_13733673      5        1      6         D
ctsbuf_net_13743674      5        1      6         D
ctsbuf_net_13753675      5        1      6         D
ctsbuf_net_13763676      5        1      6         D
ctsbuf_net_13773677      5        1      6         D
ctsbuf_net_13783678      5        1      6         D
ctsbuf_net_13793679      5        1      6         D
ctsbuf_net_13803680      5        1      6         D
ctsbuf_net_13813681      5        1      6         D
ctsbuf_net_13823682      5        1      6         D
ctsbuf_net_1382438       5        1      6         D
ctsbuf_net_13833683      5        1      6         D
ctsbuf_net_13843684      5        1      6         D
ctsbuf_net_13853685      5        1      6         D
ctsbuf_net_13863686      5        1      6         D
ctsbuf_net_13873687      5        1      6         D
ctsbuf_net_13883688      5        1      6         D
ctsbuf_net_13893689      5        1      6         D
ctsbuf_net_13903690      5        1      6         D
ctsbuf_net_13913691      5        1      6         D
ctsbuf_net_13923692      5        1      6         D
ctsbuf_net_1392439       5        1      6         D
ctsbuf_net_13933693      5        1      6         D
ctsbuf_net_13943694      5        1      6         D
ctsbuf_net_13953695      5        1      6         D
ctsbuf_net_13963696      5        1      6         D
ctsbuf_net_13973697      5        1      6         D
ctsbuf_net_13983698      5        1      6         D
ctsbuf_net_13993699      5        1      6         D
ctsbuf_net_14003700      5        1      6         D
ctsbuf_net_14013701      5        1      6         D
ctsbuf_net_14023702      5        1      6         D
ctsbuf_net_1402440       5        1      6         D
ctsbuf_net_14033703      5        1      6         D
ctsbuf_net_14043704      5        1      6         D
ctsbuf_net_14053705      5        1      6         D
ctsbuf_net_14063706      5        1      6         D
ctsbuf_net_14073707      5        1      6         D
ctsbuf_net_14083708      5        1      6         D
ctsbuf_net_14093709      5        1      6         D
ctsbuf_net_14103710      5        1      6         D
ctsbuf_net_14113711      5        1      6         D
ctsbuf_net_14123712      5        1      6         D
ctsbuf_net_1412441       5        1      6         D
ctsbuf_net_14133713      5        1      6         D
ctsbuf_net_14143714      5        1      6         D
ctsbuf_net_14153715      5        1      6         D
ctsbuf_net_14163716      5        1      6         D
ctsbuf_net_14173717      5        1      6         D
ctsbuf_net_14183718      5        1      6         D
ctsbuf_net_14193719      5        1      6         D
ctsbuf_net_14203720      5        1      6         D
ctsbuf_net_14213721      5        1      6         D
ctsbuf_net_14223722      5        1      6         D
ctsbuf_net_1422442       5        1      6         D
ctsbuf_net_142314        5        1      6         D
ctsbuf_net_14233723      5        1      6         D
ctsbuf_net_14243724      5        1      6         D
ctsbuf_net_14253725      5        1      6         D
ctsbuf_net_14263726      5        1      6         D
ctsbuf_net_14273727      5        1      6         D
ctsbuf_net_14283728      5        1      6         D
ctsbuf_net_14293729      5        1      6         D
ctsbuf_net_14303730      5        1      6         D
ctsbuf_net_14313731      5        1      6         D
ctsbuf_net_14323732      5        1      6         D
ctsbuf_net_1432443       5        1      6         D
ctsbuf_net_14333733      5        1      6         D
ctsbuf_net_14343734      5        1      6         D
ctsbuf_net_14353735      5        1      6         D
ctsbuf_net_14363736      5        1      6         D
ctsbuf_net_14373737      5        1      6         D
ctsbuf_net_14383738      5        1      6         D
ctsbuf_net_14393739      5        1      6         D
ctsbuf_net_14403740      5        1      6         D
ctsbuf_net_14413741      5        1      6         D
ctsbuf_net_14423742      5        1      6         D
ctsbuf_net_1442444       5        1      6         D
ctsbuf_net_14433743      5        1      6         D
ctsbuf_net_14443744      5        1      6         D
ctsbuf_net_14453745      5        1      6         D
ctsbuf_net_14463746      5        1      6         D
ctsbuf_net_14473747      5        1      6         D
ctsbuf_net_14483748      5        1      6         D
ctsbuf_net_14493749      5        1      6         D
ctsbuf_net_14503750      5        1      6         D
ctsbuf_net_14513751      5        1      6         D
ctsbuf_net_14523752      5        1      6         D
ctsbuf_net_1452445       5        1      6         D
ctsbuf_net_14533753      5        1      6         D
ctsbuf_net_14543754      5        1      6         D
ctsbuf_net_14553755      5        1      6         D
ctsbuf_net_14563756      5        1      6         D
ctsbuf_net_14573757      5        1      6         D
ctsbuf_net_14583758      5        1      6         D
ctsbuf_net_14593759      5        1      6         D
ctsbuf_net_14603760      5        1      6         D
ctsbuf_net_14613761      5        1      6         D
ctsbuf_net_14623762      5        1      6         D
ctsbuf_net_1462446       5        1      6         D
ctsbuf_net_14633763      5        1      6         D
ctsbuf_net_14643764      5        1      6         D
ctsbuf_net_14653765      5        1      6         D
ctsbuf_net_14663766      5        1      6         D
ctsbuf_net_14673767      5        1      6         D
ctsbuf_net_14683768      5        1      6         D
ctsbuf_net_14693769      5        1      6         D
ctsbuf_net_14703770      5        1      6         D
ctsbuf_net_14713771      5        1      6         D
ctsbuf_net_14723772      5        1      6         D
ctsbuf_net_1472447       5        1      6         D
ctsbuf_net_14733773      5        1      6         D
ctsbuf_net_14743774      5        1      6         D
ctsbuf_net_14753775      5        1      6         D
ctsbuf_net_14763776      5        1      6         D
ctsbuf_net_14773777      5        1      6         D
ctsbuf_net_14783778      5        1      6         D
ctsbuf_net_14793779      5        1      6         D
ctsbuf_net_14803780      5        1      6         D
ctsbuf_net_14813781      5        1      6         D
ctsbuf_net_14823782      5        1      6         D
ctsbuf_net_1482448       5        1      6         D
ctsbuf_net_14833783      5        1      6         D
ctsbuf_net_14843784      5        1      6         D
ctsbuf_net_14853785      5        1      6         D
ctsbuf_net_14863786      5        1      6         D
ctsbuf_net_14873787      5        1      6         D
ctsbuf_net_14883788      5        1      6         D
ctsbuf_net_14893789      5        1      6         D
ctsbuf_net_14903790      4        1      5         D
ctsbuf_net_14913791      5        1      6         D
ctsbuf_net_14923792      5        1      6         D
ctsbuf_net_1492449       5        1      6         D
ctsbuf_net_14933793      5        1      6         D
ctsbuf_net_14943794      3        1      4         D
ctsbuf_net_14953795      2        1      3         D
ctsbuf_net_14963796      2        1      3         D
ctsbuf_net_14973797      2        1      3         D
ctsbuf_net_14983798      3        1      4         D
ctsbuf_net_14993799      2        1      3         D
ctsbuf_net_15003800      2        1      3         D
ctsbuf_net_15013801      3        1      4         D
ctsbuf_net_15023802      2        1      3         D
ctsbuf_net_1502450       5        1      6         D
ctsbuf_net_15033803      3        1      4         D
ctsbuf_net_15043804      3        1      4         D
ctsbuf_net_15053805      3        1      4         D
ctsbuf_net_15063806      3        1      4         D
ctsbuf_net_15073807      2        1      3         D
ctsbuf_net_15083808      2        1      3         D
ctsbuf_net_15093809      3        1      4         D
ctsbuf_net_15103810      2        1      3         D
ctsbuf_net_15113811      2        1      3         D
ctsbuf_net_15123812      3        1      4         D
ctsbuf_net_1512451       5        1      6         D
ctsbuf_net_15133813      3        1      4         D
ctsbuf_net_15143814      3        1      4         D
ctsbuf_net_15153815      5        1      6         D
ctsbuf_net_15163816      4        1      5         D
ctsbuf_net_15173817      3        1      4         D
ctsbuf_net_15183818      4        1      5         D
ctsbuf_net_15193819      4        1      5         D
ctsbuf_net_15203820      4        1      5         D
ctsbuf_net_15213821      4        1      5         D
ctsbuf_net_15223822      4        1      5         D
ctsbuf_net_1522452       5        1      6         D
ctsbuf_net_152315        5        1      6         D
ctsbuf_net_15233823      4        1      5         D
ctsbuf_net_15243824      3        1      4         D
ctsbuf_net_15253825      4        1      5         D
ctsbuf_net_15263826      2        1      3         D
ctsbuf_net_15273827      5        1      6         D
ctsbuf_net_15283828      5        1      6         D
ctsbuf_net_15293829      4        1      5         D
ctsbuf_net_15303830      4        1      5         D
ctsbuf_net_15313831      5        1      6         D
ctsbuf_net_15323832      5        1      6         D
ctsbuf_net_1532453       5        1      6         D
ctsbuf_net_15333833      3        1      4         D
ctsbuf_net_15343834      2        1      3         D
ctsbuf_net_15353835      3        1      4         D
ctsbuf_net_15363836      5        1      6         D
ctsbuf_net_15373837      2        1      3         D
ctsbuf_net_15383838      5        1      6         D
ctsbuf_net_15393839      5        1      6         D
ctsbuf_net_15403840      4        1      5         D
ctsbuf_net_15413841      4        1      5         D
ctsbuf_net_15423842      3        1      4         D
ctsbuf_net_1542454       5        1      6         D
ctsbuf_net_15433843      3        1      4         D
ctsbuf_net_15443844      3        1      4         D
ctsbuf_net_15453845      4        1      5         D
ctsbuf_net_15463846      4        1      5         D
ctsbuf_net_15473847      3        1      4         D
ctsbuf_net_15493849      3        1      4         D
ctsbuf_net_15503850      4        1      5         D
ctsbuf_net_15513851      3        1      4         D
ctsbuf_net_15523852      3        1      4         D
ctsbuf_net_1552455       5        1      6         D
ctsbuf_net_15543854      3        1      4         D
ctsbuf_net_15553855      3        1      4         D
ctsbuf_net_15563856      3        1      4         D
ctsbuf_net_15573857      1        1      2         D
ctsbuf_net_15593859      2        1      3         D
ctsbuf_net_15603860      2        1      3         D
ctsbuf_net_15613861      2        1      3         D
ctsbuf_net_1562456       5        1      6         D
ctsbuf_net_15633863      3        1      4         D
ctsbuf_net_15643864      2        1      3         D
ctsbuf_net_15653865      3        1      4         D
ctsbuf_net_15663866      2        1      3         D
ctsbuf_net_15673867      2        1      3         D
ctsbuf_net_15683868      3        1      4         D
ctsbuf_net_15693869      3        1      4         D
ctsbuf_net_15703870      2        1      3         D
ctsbuf_net_15713871      3        1      4         D
ctsbuf_net_15723872      2        1      3         D
ctsbuf_net_1572457       5        1      6         D
ctsbuf_net_15733873      2        1      3         D
ctsbuf_net_15743874      3        1      4         D
ctsbuf_net_15753875      3        1      4         D
ctsbuf_net_15763876      3        1      4         D
ctsbuf_net_15773877      2        1      3         D
ctsbuf_net_15783878      2        1      3         D
ctsbuf_net_15793879      3        1      4         D
ctsbuf_net_15803880      3        1      4         D
ctsbuf_net_15813881      3        1      4         D
ctsbuf_net_15823882      2        1      3         D
ctsbuf_net_1582458       5        1      6         D
ctsbuf_net_15833883      2        1      3         D
ctsbuf_net_15843884      3        1      4         D
ctsbuf_net_15853885      2        1      3         D
ctsbuf_net_15863886      2        1      3         D
ctsbuf_net_15873887      2        1      3         D
ctsbuf_net_15883888      2        1      3         D
ctsbuf_net_15893889      2        1      3         D
ctsbuf_net_15903890      2        1      3         D
ctsbuf_net_15913891      2        1      3         D
ctsbuf_net_1592459       5        1      6         D
ctsbuf_net_15933893      2        1      3         D
ctsbuf_net_15943894      2        1      3         D
ctsbuf_net_15963896      1        1      2         D
ctsbuf_net_15973897      2        1      3         D
ctsbuf_net_15983898      2        1      3         D
ctsbuf_net_15993899      2        1      3         D
ctsbuf_net_16003900      1        1      2         D
ctsbuf_net_16013901      2        1      3         D
ctsbuf_net_16023902      2        1      3         D
ctsbuf_net_1602460       5        1      6         D
ctsbuf_net_16033903      2        1      3         D
ctsbuf_net_16043904      1        1      2         D
ctsbuf_net_16053905      2        1      3         D
ctsbuf_net_16063906      1        1      2         D
ctsbuf_net_16073907      2        1      3         D
ctsbuf_net_16093909      2        1      3         D
ctsbuf_net_16103910      2        1      3         D
ctsbuf_net_16113911      2        1      3         D
ctsbuf_net_16123912      1        1      2         D
ctsbuf_net_1612461       5        1      6         D
ctsbuf_net_16133913      2        1      3         D
ctsbuf_net_16143914      2        1      3         D
ctsbuf_net_16153915      2        1      3         D
ctsbuf_net_16163916      2        1      3         D
ctsbuf_net_16173917      2        1      3         D
ctsbuf_net_16193919      2        1      3         D
ctsbuf_net_16203920      2        1      3         D
ctsbuf_net_16213921      3        1      4         D
ctsbuf_net_16223922      2        1      3         D
ctsbuf_net_1622462       5        1      6         D
ctsbuf_net_162316        5        1      6         D
ctsbuf_net_16233923      2        1      3         D
ctsbuf_net_16243924      2        1      3         D
ctsbuf_net_16253925      2        1      3         D
ctsbuf_net_16263926      1        1      2         D
ctsbuf_net_16273927      2        1      3         D
ctsbuf_net_16283928      2        1      3         D
ctsbuf_net_16293929      1        1      2         D
ctsbuf_net_16303930      2        1      3         D
ctsbuf_net_16313931      2        1      3         D
ctsbuf_net_16323932      3        1      4         D
ctsbuf_net_1632463       5        1      6         D
ctsbuf_net_16333933      3        1      4         D
ctsbuf_net_16343934      2        1      3         D
ctsbuf_net_16363936      2        1      3         D
ctsbuf_net_16373937      2        1      3         D
ctsbuf_net_16383938      2        1      3         D
ctsbuf_net_16393939      2        1      3         D
ctsbuf_net_16403940      1        1      2         D
ctsbuf_net_16413941      2        1      3         D
ctsbuf_net_16423942      4        1      5         D
ctsbuf_net_1642464       5        1      6         D
ctsbuf_net_16433943      2        1      3         D
ctsbuf_net_16443944      1        1      2         D
ctsbuf_net_16453945      2        1      3         D
ctsbuf_net_16463946      1        1      2         D
ctsbuf_net_16473947      2        1      3         D
ctsbuf_net_16483948      2        1      3         D
ctsbuf_net_16493949      5        1      6         D
ctsbuf_net_16503950      2        1      3         D
ctsbuf_net_16513951      2        1      3         D
ctsbuf_net_16523952      3        1      4         D
ctsbuf_net_1652465       5        1      6         D
ctsbuf_net_16533953      1        1      2         D
ctsbuf_net_16543954      2        1      3         D
ctsbuf_net_16553955      1        1      2         D
ctsbuf_net_16563956      1        1      2         D
ctsbuf_net_16573957      2        1      3         D
ctsbuf_net_16583958      3        1      4         D
ctsbuf_net_16593959      3        1      4         D
ctsbuf_net_16603960      1        1      2         D
ctsbuf_net_16613961      2        1      3         D
ctsbuf_net_16623962      1        1      2         D
ctsbuf_net_1662466       5        1      6         D
ctsbuf_net_16633963      2        1      3         D
ctsbuf_net_16643964      2        1      3         D
ctsbuf_net_16653965      2        1      3         D
ctsbuf_net_16663966      2        1      3         D
ctsbuf_net_16673967      2        1      3         D
ctsbuf_net_16683968      2        1      3         D
ctsbuf_net_16693969      2        1      3         D
ctsbuf_net_16703970      2        1      3         D
ctsbuf_net_16713971      1        1      2         D
ctsbuf_net_16723972      1        1      2         D
ctsbuf_net_1672467       5        1      6         D
ctsbuf_net_16733973      3        1      4         D
ctsbuf_net_16743974      2        1      3         D
ctsbuf_net_16753975      1        1      2         D
ctsbuf_net_16763976      1        1      2         D
ctsbuf_net_16773977      1        1      2         D
ctsbuf_net_16783978      1        1      2         D
ctsbuf_net_16793979      2        1      3         D
ctsbuf_net_16803980      1        1      2         D
ctsbuf_net_16813981      2        1      3         D
ctsbuf_net_16823982      2        1      3         D
ctsbuf_net_1682468       5        1      6         D
ctsbuf_net_16833983      1        1      2         D
ctsbuf_net_16843984      1        1      2         D
ctsbuf_net_16853985      2        1      3         D
ctsbuf_net_16863986      2        1      3         D
ctsbuf_net_16873987      1        1      2         D
ctsbuf_net_16883988      1        1      2         D
ctsbuf_net_16893989      2        1      3         D
ctsbuf_net_16903990      1        1      2         D
ctsbuf_net_16913991      2        1      3         D
ctsbuf_net_16923992      1        1      2         D
ctsbuf_net_1692469       5        1      6         D
ctsbuf_net_16933993      1        1      2         D
ctsbuf_net_16943994      1        1      2         D
ctsbuf_net_1702470       5        1      6         D
ctsbuf_net_1712471       5        1      6         D
ctsbuf_net_1722472       5        1      6         D
ctsbuf_net_172317        5        1      6         D
ctsbuf_net_1732473       5        1      6         D
ctsbuf_net_1742474       5        1      6         D
ctsbuf_net_1752475       5        1      6         D
ctsbuf_net_1762476       5        1      6         D
ctsbuf_net_1772477       5        1      6         D
ctsbuf_net_1782478       5        1      6         D
ctsbuf_net_1792479       5        1      6         D
ctsbuf_net_1802480       5        1      6         D
ctsbuf_net_1812481       5        1      6         D
ctsbuf_net_1822482       5        1      6         D
ctsbuf_net_182318        5        1      6         D
ctsbuf_net_1832483       5        1      6         D
ctsbuf_net_1842484       5        1      6         D
ctsbuf_net_1852485       5        1      6         D
ctsbuf_net_1862486       5        1      6         D
ctsbuf_net_1872487       5        1      6         D
ctsbuf_net_1882488       5        1      6         D
ctsbuf_net_1892489       5        1      6         D
ctsbuf_net_1902490       5        1      6         D
ctsbuf_net_1912491       5        1      6         D
ctsbuf_net_1922492       5        1      6         D
ctsbuf_net_192319        5        1      6         D
ctsbuf_net_1932493       5        1      6         D
ctsbuf_net_1942494       5        1      6         D
ctsbuf_net_1952495       5        1      6         D
ctsbuf_net_1962496       5        1      6         D
ctsbuf_net_1972497       5        1      6         D
ctsbuf_net_1982498       5        1      6         D
ctsbuf_net_1992499       5        1      6         D
ctsbuf_net_2002500       5        1      6         D
ctsbuf_net_2012501       5        1      6         D
ctsbuf_net_2022502       5        1      6         D
ctsbuf_net_202320        5        1      6         D
ctsbuf_net_2032503       5        1      6         D
ctsbuf_net_2042504       5        1      6         D
ctsbuf_net_2052505       5        1      6         D
ctsbuf_net_2062506       5        1      6         D
ctsbuf_net_2072507       5        1      6         D
ctsbuf_net_2082508       5        1      6         D
ctsbuf_net_2092509       5        1      6         D
ctsbuf_net_2102510       5        1      6         D
ctsbuf_net_2112511       5        1      6         D
ctsbuf_net_2122512       5        1      6         D
ctsbuf_net_212321        5        1      6         D
ctsbuf_net_2132513       5        1      6         D
ctsbuf_net_2142514       5        1      6         D
ctsbuf_net_2152515       5        1      6         D
ctsbuf_net_2162516       5        1      6         D
ctsbuf_net_2172517       5        1      6         D
ctsbuf_net_2182518       5        1      6         D
ctsbuf_net_2192519       5        1      6         D
ctsbuf_net_2202520       5        1      6         D
ctsbuf_net_2212521       5        1      6         D
ctsbuf_net_2222522       5        1      6         D
ctsbuf_net_222322        5        1      6         D
ctsbuf_net_22302         5        1      6         D
ctsbuf_net_2232523       5        1      6         D
ctsbuf_net_2242524       5        1      6         D
ctsbuf_net_2252525       5        1      6         D
ctsbuf_net_2262526       5        1      6         D
ctsbuf_net_2272527       5        1      6         D
ctsbuf_net_2282528       5        1      6         D
ctsbuf_net_2292529       5        1      6         D
ctsbuf_net_2302530       5        1      6         D
ctsbuf_net_2312531       5        1      6         D
ctsbuf_net_2322532       5        1      6         D
ctsbuf_net_232323        5        1      6         D
ctsbuf_net_2332533       5        1      6         D
ctsbuf_net_2342534       5        1      6         D
ctsbuf_net_2352535       5        1      6         D
ctsbuf_net_2362536       5        1      6         D
ctsbuf_net_2372537       5        1      6         D
ctsbuf_net_2382538       5        1      6         D
ctsbuf_net_2392539       5        1      6         D
ctsbuf_net_2402540       5        1      6         D
ctsbuf_net_2412541       5        1      6         D
ctsbuf_net_2422542       5        1      6         D
ctsbuf_net_242324        5        1      6         D
ctsbuf_net_2432543       5        1      6         D
ctsbuf_net_2442544       5        1      6         D
ctsbuf_net_2452545       5        1      6         D
ctsbuf_net_2462546       5        1      6         D
ctsbuf_net_2472547       5        1      6         D
ctsbuf_net_2482548       5        1      6         D
ctsbuf_net_2492549       5        1      6         D
ctsbuf_net_2502550       5        1      6         D
ctsbuf_net_2512551       5        1      6         D
ctsbuf_net_2522552       5        1      6         D
ctsbuf_net_252325        5        1      6         D
ctsbuf_net_2532553       5        1      6         D
ctsbuf_net_2542554       5        1      6         D
ctsbuf_net_2552555       5        1      6         D
ctsbuf_net_2562556       5        1      6         D
ctsbuf_net_2572557       5        1      6         D
ctsbuf_net_2582558       5        1      6         D
ctsbuf_net_2592559       5        1      6         D
ctsbuf_net_2602560       5        1      6         D
ctsbuf_net_2612561       5        1      6         D
ctsbuf_net_2622562       5        1      6         D
ctsbuf_net_262326        5        1      6         D
ctsbuf_net_2632563       5        1      6         D
ctsbuf_net_2642564       5        1      6         D
ctsbuf_net_2652565       5        1      6         D
ctsbuf_net_2662566       5        1      6         D
ctsbuf_net_2672567       5        1      6         D
ctsbuf_net_2682568       5        1      6         D
ctsbuf_net_2692569       5        1      6         D
ctsbuf_net_2702570       5        1      6         D
ctsbuf_net_2712571       5        1      6         D
ctsbuf_net_2722572       5        1      6         D
ctsbuf_net_272327        5        1      6         D
ctsbuf_net_2732573       5        1      6         D
ctsbuf_net_2742574       5        1      6         D
ctsbuf_net_2752575       5        1      6         D
ctsbuf_net_2762576       5        1      6         D
ctsbuf_net_2772577       5        1      6         D
ctsbuf_net_2782578       5        1      6         D
ctsbuf_net_2792579       5        1      6         D
ctsbuf_net_2802580       5        1      6         D
ctsbuf_net_2812581       5        1      6         D
ctsbuf_net_2822582       5        1      6         D
ctsbuf_net_282328        5        1      6         D
ctsbuf_net_2832583       5        1      6         D
ctsbuf_net_2842584       5        1      6         D
ctsbuf_net_2852585       5        1      6         D
ctsbuf_net_2862586       5        1      6         D
ctsbuf_net_2872587       5        1      6         D
ctsbuf_net_2882588       5        1      6         D
ctsbuf_net_2892589       5        1      6         D
ctsbuf_net_2902590       5        1      6         D
ctsbuf_net_2912591       5        1      6         D
ctsbuf_net_2922592       5        1      6         D
ctsbuf_net_292329        5        1      6         D
ctsbuf_net_2932593       5        1      6         D
ctsbuf_net_2942594       5        1      6         D
ctsbuf_net_2952595       5        1      6         D
ctsbuf_net_2962596       5        1      6         D
ctsbuf_net_2972597       5        1      6         D
ctsbuf_net_2982598       5        1      6         D
ctsbuf_net_2992599       5        1      6         D
ctsbuf_net_3002600       5        1      6         D
ctsbuf_net_3012601       5        1      6         D
ctsbuf_net_3022602       5        1      6         D
ctsbuf_net_302330        5        1      6         D
ctsbuf_net_3032603       5        1      6         D
ctsbuf_net_3042604       5        1      6         D
ctsbuf_net_3052605       5        1      6         D
ctsbuf_net_3062606       5        1      6         D
ctsbuf_net_3072607       5        1      6         D
ctsbuf_net_3082608       5        1      6         D
ctsbuf_net_3092609       5        1      6         D
ctsbuf_net_3102610       5        1      6         D
ctsbuf_net_3112611       5        1      6         D
ctsbuf_net_3122612       5        1      6         D
ctsbuf_net_312331        5        1      6         D
ctsbuf_net_3132613       5        1      6         D
ctsbuf_net_3142614       5        1      6         D
ctsbuf_net_3152615       5        1      6         D
ctsbuf_net_3162616       5        1      6         D
ctsbuf_net_3172617       5        1      6         D
ctsbuf_net_3182618       5        1      6         D
ctsbuf_net_3192619       5        1      6         D
ctsbuf_net_3202620       5        1      6         D
ctsbuf_net_3212621       5        1      6         D
ctsbuf_net_3222622       5        1      6         D
ctsbuf_net_322332        5        1      6         D
ctsbuf_net_32303         5        1      6         D
ctsbuf_net_3232623       5        1      6         D
ctsbuf_net_3242624       5        1      6         D
ctsbuf_net_3252625       5        1      6         D
ctsbuf_net_3262626       5        1      6         D
ctsbuf_net_3272627       5        1      6         D
ctsbuf_net_3282628       5        1      6         D
ctsbuf_net_3292629       5        1      6         D
ctsbuf_net_3302630       5        1      6         D
ctsbuf_net_3312631       5        1      6         D
ctsbuf_net_3322632       5        1      6         D
ctsbuf_net_332333        5        1      6         D
ctsbuf_net_3332633       5        1      6         D
ctsbuf_net_3342634       5        1      6         D
ctsbuf_net_3352635       5        1      6         D
ctsbuf_net_3362636       5        1      6         D
ctsbuf_net_3372637       5        1      6         D
ctsbuf_net_3382638       5        1      6         D
ctsbuf_net_3392639       5        1      6         D
ctsbuf_net_3402640       5        1      6         D
ctsbuf_net_3412641       5        1      6         D
ctsbuf_net_3422642       5        1      6         D
ctsbuf_net_342334        5        1      6         D
ctsbuf_net_3432643       5        1      6         D
ctsbuf_net_3442644       5        1      6         D
ctsbuf_net_3452645       5        1      6         D
ctsbuf_net_3462646       5        1      6         D
ctsbuf_net_3472647       5        1      6         D
ctsbuf_net_3482648       5        1      6         D
ctsbuf_net_3492649       5        1      6         D
ctsbuf_net_3502650       5        1      6         D
ctsbuf_net_3512651       5        1      6         D
ctsbuf_net_3522652       5        1      6         D
ctsbuf_net_352335        5        1      6         D
ctsbuf_net_3532653       5        1      6         D
ctsbuf_net_3542654       5        1      6         D
ctsbuf_net_3552655       5        1      6         D
ctsbuf_net_3562656       5        1      6         D
ctsbuf_net_3572657       5        1      6         D
ctsbuf_net_3582658       5        1      6         D
ctsbuf_net_3592659       5        1      6         D
ctsbuf_net_3602660       5        1      6         D
ctsbuf_net_3612661       5        1      6         D
ctsbuf_net_3622662       5        1      6         D
ctsbuf_net_362336        5        1      6         D
ctsbuf_net_3632663       5        1      6         D
ctsbuf_net_3642664       5        1      6         D
ctsbuf_net_3652665       5        1      6         D
ctsbuf_net_3662666       5        1      6         D
ctsbuf_net_3672667       5        1      6         D
ctsbuf_net_3682668       5        1      6         D
ctsbuf_net_3692669       5        1      6         D
ctsbuf_net_3702670       5        1      6         D
ctsbuf_net_3712671       5        1      6         D
ctsbuf_net_3722672       5        1      6         D
ctsbuf_net_372337        5        1      6         D
ctsbuf_net_3732673       5        1      6         D
ctsbuf_net_3742674       5        1      6         D
ctsbuf_net_3752675       5        1      6         D
ctsbuf_net_3762676       5        1      6         D
ctsbuf_net_3772677       5        1      6         D
ctsbuf_net_3782678       5        1      6         D
ctsbuf_net_3792679       5        1      6         D
ctsbuf_net_3802680       5        1      6         D
ctsbuf_net_3812681       5        1      6         D
ctsbuf_net_3822682       5        1      6         D
ctsbuf_net_382338        5        1      6         D
ctsbuf_net_3832683       5        1      6         D
ctsbuf_net_3842684       5        1      6         D
ctsbuf_net_3852685       5        1      6         D
ctsbuf_net_3862686       5        1      6         D
ctsbuf_net_3872687       5        1      6         D
ctsbuf_net_3882688       5        1      6         D
ctsbuf_net_3892689       5        1      6         D
ctsbuf_net_3902690       5        1      6         D
ctsbuf_net_3912691       5        1      6         D
ctsbuf_net_3922692       5        1      6         D
ctsbuf_net_392339        5        1      6         D
ctsbuf_net_3932693       5        1      6         D
ctsbuf_net_3942694       5        1      6         D
ctsbuf_net_3952695       5        1      6         D
ctsbuf_net_3962696       5        1      6         D
ctsbuf_net_3972697       5        1      6         D
ctsbuf_net_3982698       5        1      6         D
ctsbuf_net_3992699       5        1      6         D
ctsbuf_net_4002700       5        1      6         D
ctsbuf_net_4012701       5        1      6         D
ctsbuf_net_4022702       5        1      6         D
ctsbuf_net_402340        5        1      6         D
ctsbuf_net_4032703       5        1      6         D
ctsbuf_net_4042704       5        1      6         D
ctsbuf_net_4052705       5        1      6         D
ctsbuf_net_4062706       5        1      6         D
ctsbuf_net_4072707       5        1      6         D
ctsbuf_net_4082708       5        1      6         D
ctsbuf_net_4092709       5        1      6         D
ctsbuf_net_4102710       5        1      6         D
ctsbuf_net_4112711       5        1      6         D
ctsbuf_net_4122712       5        1      6         D
ctsbuf_net_412341        5        1      6         D
ctsbuf_net_4132713       5        1      6         D
ctsbuf_net_4142714       5        1      6         D
ctsbuf_net_4152715       5        1      6         D
ctsbuf_net_4162716       5        1      6         D
ctsbuf_net_4172717       5        1      6         D
ctsbuf_net_4182718       5        1      6         D
ctsbuf_net_4192719       5        1      6         D
ctsbuf_net_4202720       5        1      6         D
ctsbuf_net_4212721       5        1      6         D
ctsbuf_net_4222722       5        1      6         D
ctsbuf_net_422342        5        1      6         D
ctsbuf_net_42304         5        1      6         D
ctsbuf_net_4232723       5        1      6         D
ctsbuf_net_4242724       5        1      6         D
ctsbuf_net_4252725       5        1      6         D
ctsbuf_net_4262726       5        1      6         D
ctsbuf_net_4272727       5        1      6         D
ctsbuf_net_4282728       5        1      6         D
ctsbuf_net_4292729       5        1      6         D
ctsbuf_net_4302730       5        1      6         D
ctsbuf_net_4312731       5        1      6         D
ctsbuf_net_4322732       5        1      6         D
ctsbuf_net_432343        5        1      6         D
ctsbuf_net_4332733       5        1      6         D
ctsbuf_net_4342734       5        1      6         D
ctsbuf_net_4352735       5        1      6         D
ctsbuf_net_4362736       5        1      6         D
ctsbuf_net_4372737       5        1      6         D
ctsbuf_net_4382738       5        1      6         D
ctsbuf_net_4392739       5        1      6         D
ctsbuf_net_4402740       5        1      6         D
ctsbuf_net_4412741       5        1      6         D
ctsbuf_net_4422742       5        1      6         D
ctsbuf_net_442344        5        1      6         D
ctsbuf_net_4432743       5        1      6         D
ctsbuf_net_4442744       5        1      6         D
ctsbuf_net_4452745       5        1      6         D
ctsbuf_net_4462746       5        1      6         D
ctsbuf_net_4472747       5        1      6         D
ctsbuf_net_4482748       5        1      6         D
ctsbuf_net_4492749       5        1      6         D
ctsbuf_net_4502750       5        1      6         D
ctsbuf_net_4512751       5        1      6         D
ctsbuf_net_4522752       5        1      6         D
ctsbuf_net_452345        5        1      6         D
ctsbuf_net_4532753       5        1      6         D
ctsbuf_net_4542754       5        1      6         D
ctsbuf_net_4552755       5        1      6         D
ctsbuf_net_4562756       5        1      6         D
ctsbuf_net_4572757       5        1      6         D
ctsbuf_net_4582758       5        1      6         D
ctsbuf_net_4592759       5        1      6         D
ctsbuf_net_4602760       5        1      6         D
ctsbuf_net_4612761       5        1      6         D
ctsbuf_net_4622762       5        1      6         D
ctsbuf_net_462346        5        1      6         D
ctsbuf_net_4632763       5        1      6         D
ctsbuf_net_4642764       5        1      6         D
ctsbuf_net_4652765       5        1      6         D
ctsbuf_net_4662766       5        1      6         D
ctsbuf_net_4672767       5        1      6         D
ctsbuf_net_4682768       5        1      6         D
ctsbuf_net_4692769       5        1      6         D
ctsbuf_net_4702770       5        1      6         D
ctsbuf_net_4712771       5        1      6         D
ctsbuf_net_4722772       5        1      6         D
ctsbuf_net_472347        5        1      6         D
ctsbuf_net_4732773       5        1      6         D
ctsbuf_net_4742774       5        1      6         D
ctsbuf_net_4752775       5        1      6         D
ctsbuf_net_4762776       5        1      6         D
ctsbuf_net_4772777       5        1      6         D
ctsbuf_net_4782778       5        1      6         D
ctsbuf_net_4792779       5        1      6         D
ctsbuf_net_4802780       5        1      6         D
ctsbuf_net_4812781       5        1      6         D
ctsbuf_net_4822782       5        1      6         D
ctsbuf_net_482348        5        1      6         D
ctsbuf_net_4832783       5        1      6         D
ctsbuf_net_4842784       5        1      6         D
ctsbuf_net_4852785       5        1      6         D
ctsbuf_net_4862786       5        1      6         D
ctsbuf_net_4872787       5        1      6         D
ctsbuf_net_4882788       5        1      6         D
ctsbuf_net_4892789       5        1      6         D
ctsbuf_net_4902790       5        1      6         D
ctsbuf_net_4912791       5        1      6         D
ctsbuf_net_4922792       5        1      6         D
ctsbuf_net_492349        5        1      6         D
ctsbuf_net_4932793       5        1      6         D
ctsbuf_net_4942794       5        1      6         D
ctsbuf_net_4952795       5        1      6         D
ctsbuf_net_4962796       5        1      6         D
ctsbuf_net_4972797       5        1      6         D
ctsbuf_net_4982798       5        1      6         D
ctsbuf_net_4992799       5        1      6         D
ctsbuf_net_5002800       5        1      6         D
ctsbuf_net_5012801       5        1      6         D
ctsbuf_net_5022802       5        1      6         D
ctsbuf_net_502350        5        1      6         D
ctsbuf_net_5032803       5        1      6         D
ctsbuf_net_5042804       5        1      6         D
ctsbuf_net_5052805       5        1      6         D
ctsbuf_net_5062806       5        1      6         D
ctsbuf_net_5072807       5        1      6         D
ctsbuf_net_5082808       5        1      6         D
ctsbuf_net_5092809       5        1      6         D
ctsbuf_net_5102810       5        1      6         D
ctsbuf_net_5112811       5        1      6         D
ctsbuf_net_5122812       5        1      6         D
ctsbuf_net_512351        5        1      6         D
ctsbuf_net_5132813       5        1      6         D
ctsbuf_net_5142814       5        1      6         D
ctsbuf_net_5152815       5        1      6         D
ctsbuf_net_5162816       5        1      6         D
ctsbuf_net_5172817       5        1      6         D
ctsbuf_net_5182818       5        1      6         D
ctsbuf_net_5192819       5        1      6         D
ctsbuf_net_5202820       5        1      6         D
ctsbuf_net_5212821       5        1      6         D
ctsbuf_net_5222822       5        1      6         D
ctsbuf_net_522352        5        1      6         D
ctsbuf_net_52305         5        1      6         D
ctsbuf_net_5232823       5        1      6         D
ctsbuf_net_5242824       5        1      6         D
ctsbuf_net_5252825       5        1      6         D
ctsbuf_net_5262826       5        1      6         D
ctsbuf_net_5272827       5        1      6         D
ctsbuf_net_5282828       5        1      6         D
ctsbuf_net_5292829       5        1      6         D
ctsbuf_net_5302830       5        1      6         D
ctsbuf_net_5312831       5        1      6         D
ctsbuf_net_5322832       5        1      6         D
ctsbuf_net_532353        5        1      6         D
ctsbuf_net_5332833       5        1      6         D
ctsbuf_net_5342834       5        1      6         D
ctsbuf_net_5352835       5        1      6         D
ctsbuf_net_5362836       5        1      6         D
ctsbuf_net_5372837       5        1      6         D
ctsbuf_net_5382838       5        1      6         D
ctsbuf_net_5392839       5        1      6         D
ctsbuf_net_5402840       5        1      6         D
ctsbuf_net_5412841       5        1      6         D
ctsbuf_net_5422842       5        1      6         D
ctsbuf_net_542354        5        1      6         D
ctsbuf_net_5432843       5        1      6         D
ctsbuf_net_5442844       5        1      6         D
ctsbuf_net_5452845       5        1      6         D
ctsbuf_net_5462846       5        1      6         D
ctsbuf_net_5472847       5        1      6         D
ctsbuf_net_5482848       5        1      6         D
ctsbuf_net_5492849       5        1      6         D
ctsbuf_net_5502850       5        1      6         D
ctsbuf_net_5512851       5        1      6         D
ctsbuf_net_5522852       5        1      6         D
ctsbuf_net_552355        5        1      6         D
ctsbuf_net_5532853       5        1      6         D
ctsbuf_net_5542854       5        1      6         D
ctsbuf_net_5552855       5        1      6         D
ctsbuf_net_5562856       5        1      6         D
ctsbuf_net_5572857       5        1      6         D
ctsbuf_net_5582858       5        1      6         D
ctsbuf_net_5592859       5        1      6         D
ctsbuf_net_5602860       5        1      6         D
ctsbuf_net_5612861       5        1      6         D
ctsbuf_net_5622862       5        1      6         D
ctsbuf_net_562356        5        1      6         D
ctsbuf_net_5632863       5        1      6         D
ctsbuf_net_5642864       5        1      6         D
ctsbuf_net_5652865       5        1      6         D
ctsbuf_net_5662866       5        1      6         D
ctsbuf_net_5672867       5        1      6         D
ctsbuf_net_5682868       5        1      6         D
ctsbuf_net_5692869       5        1      6         D
ctsbuf_net_5702870       5        1      6         D
ctsbuf_net_5712871       5        1      6         D
ctsbuf_net_5722872       5        1      6         D
ctsbuf_net_572357        5        1      6         D
ctsbuf_net_5732873       5        1      6         D
ctsbuf_net_5742874       5        1      6         D
ctsbuf_net_5752875       5        1      6         D
ctsbuf_net_5762876       5        1      6         D
ctsbuf_net_5772877       5        1      6         D
ctsbuf_net_5782878       5        1      6         D
ctsbuf_net_5792879       5        1      6         D
ctsbuf_net_5802880       5        1      6         D
ctsbuf_net_5812881       5        1      6         D
ctsbuf_net_5822882       5        1      6         D
ctsbuf_net_582358        5        1      6         D
ctsbuf_net_5832883       5        1      6         D
ctsbuf_net_5842884       5        1      6         D
ctsbuf_net_5852885       5        1      6         D
ctsbuf_net_5862886       5        1      6         D
ctsbuf_net_5872887       5        1      6         D
ctsbuf_net_5882888       5        1      6         D
ctsbuf_net_5892889       5        1      6         D
ctsbuf_net_5902890       5        1      6         D
ctsbuf_net_5912891       5        1      6         D
ctsbuf_net_5922892       5        1      6         D
ctsbuf_net_592359        5        1      6         D
ctsbuf_net_5932893       5        1      6         D
ctsbuf_net_5942894       5        1      6         D
ctsbuf_net_5952895       5        1      6         D
ctsbuf_net_5962896       5        1      6         D
ctsbuf_net_5972897       5        1      6         D
ctsbuf_net_5982898       5        1      6         D
ctsbuf_net_5992899       5        1      6         D
ctsbuf_net_6002900       5        1      6         D
ctsbuf_net_6012901       5        1      6         D
ctsbuf_net_6022902       5        1      6         D
ctsbuf_net_602360        5        1      6         D
ctsbuf_net_6032903       5        1      6         D
ctsbuf_net_6042904       5        1      6         D
ctsbuf_net_6052905       5        1      6         D
ctsbuf_net_6062906       5        1      6         D
ctsbuf_net_6072907       5        1      6         D
ctsbuf_net_6082908       5        1      6         D
ctsbuf_net_6092909       5        1      6         D
ctsbuf_net_6102910       5        1      6         D
ctsbuf_net_6112911       5        1      6         D
ctsbuf_net_6122912       5        1      6         D
ctsbuf_net_612361        5        1      6         D
ctsbuf_net_6132913       5        1      6         D
ctsbuf_net_6142914       5        1      6         D
ctsbuf_net_6152915       5        1      6         D
ctsbuf_net_6162916       5        1      6         D
ctsbuf_net_6172917       5        1      6         D
ctsbuf_net_6182918       5        1      6         D
ctsbuf_net_6192919       5        1      6         D
ctsbuf_net_6202920       5        1      6         D
ctsbuf_net_6212921       5        1      6         D
ctsbuf_net_6222922       5        1      6         D
ctsbuf_net_622362        5        1      6         D
ctsbuf_net_62306         5        1      6         D
ctsbuf_net_6232923       5        1      6         D
ctsbuf_net_6242924       5        1      6         D
ctsbuf_net_6252925       5        1      6         D
ctsbuf_net_6262926       5        1      6         D
ctsbuf_net_6272927       5        1      6         D
ctsbuf_net_6282928       5        1      6         D
ctsbuf_net_6292929       5        1      6         D
ctsbuf_net_6302930       5        1      6         D
ctsbuf_net_6312931       5        1      6         D
ctsbuf_net_6322932       5        1      6         D
ctsbuf_net_632363        5        1      6         D
ctsbuf_net_6332933       5        1      6         D
ctsbuf_net_6342934       5        1      6         D
ctsbuf_net_6352935       5        1      6         D
ctsbuf_net_6362936       5        1      6         D
ctsbuf_net_6372937       5        1      6         D
ctsbuf_net_6382938       5        1      6         D
ctsbuf_net_6392939       5        1      6         D
ctsbuf_net_6402940       5        1      6         D
ctsbuf_net_6412941       5        1      6         D
ctsbuf_net_6422942       5        1      6         D
ctsbuf_net_642364        5        1      6         D
ctsbuf_net_6432943       5        1      6         D
ctsbuf_net_6442944       5        1      6         D
ctsbuf_net_6452945       5        1      6         D
ctsbuf_net_6462946       5        1      6         D
ctsbuf_net_6472947       5        1      6         D
ctsbuf_net_6482948       5        1      6         D
ctsbuf_net_6492949       5        1      6         D
ctsbuf_net_6502950       5        1      6         D
ctsbuf_net_6512951       5        1      6         D
ctsbuf_net_6522952       5        1      6         D
ctsbuf_net_652365        5        1      6         D
ctsbuf_net_6532953       5        1      6         D
ctsbuf_net_6542954       5        1      6         D
ctsbuf_net_6552955       5        1      6         D
ctsbuf_net_6562956       5        1      6         D
ctsbuf_net_6572957       5        1      6         D
ctsbuf_net_6582958       5        1      6         D
ctsbuf_net_6592959       5        1      6         D
ctsbuf_net_6602960       5        1      6         D
ctsbuf_net_6612961       5        1      6         D
ctsbuf_net_6622962       5        1      6         D
ctsbuf_net_662366        5        1      6         D
ctsbuf_net_6632963       5        1      6         D
ctsbuf_net_6642964       5        1      6         D
ctsbuf_net_6652965       5        1      6         D
ctsbuf_net_6662966       5        1      6         D
ctsbuf_net_6672967       5        1      6         D
ctsbuf_net_6682968       5        1      6         D
ctsbuf_net_6692969       5        1      6         D
ctsbuf_net_6702970       5        1      6         D
ctsbuf_net_6712971       5        1      6         D
ctsbuf_net_6722972       5        1      6         D
ctsbuf_net_672367        5        1      6         D
ctsbuf_net_6732973       5        1      6         D
ctsbuf_net_6742974       5        1      6         D
ctsbuf_net_6752975       5        1      6         D
ctsbuf_net_6762976       5        1      6         D
ctsbuf_net_6772977       5        1      6         D
ctsbuf_net_6782978       5        1      6         D
ctsbuf_net_6792979       5        1      6         D
ctsbuf_net_6802980       5        1      6         D
ctsbuf_net_6812981       5        1      6         D
ctsbuf_net_6822982       5        1      6         D
ctsbuf_net_682368        5        1      6         D
ctsbuf_net_6832983       5        1      6         D
ctsbuf_net_6842984       5        1      6         D
ctsbuf_net_6852985       5        1      6         D
ctsbuf_net_6862986       5        1      6         D
ctsbuf_net_6872987       5        1      6         D
ctsbuf_net_6882988       5        1      6         D
ctsbuf_net_6892989       5        1      6         D
ctsbuf_net_6902990       5        1      6         D
ctsbuf_net_6912991       5        1      6         D
ctsbuf_net_6922992       5        1      6         D
ctsbuf_net_692369        5        1      6         D
ctsbuf_net_6932993       5        1      6         D
ctsbuf_net_6942994       5        1      6         D
ctsbuf_net_6952995       5        1      6         D
ctsbuf_net_6962996       5        1      6         D
ctsbuf_net_6972997       5        1      6         D
ctsbuf_net_6982998       5        1      6         D
ctsbuf_net_6992999       5        1      6         D
ctsbuf_net_7003000       5        1      6         D
ctsbuf_net_7013001       5        1      6         D
ctsbuf_net_7023002       5        1      6         D
ctsbuf_net_702370        5        1      6         D
ctsbuf_net_7033003       5        1      6         D
ctsbuf_net_7043004       5        1      6         D
ctsbuf_net_7053005       5        1      6         D
ctsbuf_net_7063006       5        1      6         D
ctsbuf_net_7073007       5        1      6         D
ctsbuf_net_7083008       5        1      6         D
ctsbuf_net_7093009       5        1      6         D
ctsbuf_net_7103010       5        1      6         D
ctsbuf_net_7113011       5        1      6         D
ctsbuf_net_7123012       5        1      6         D
ctsbuf_net_712371        5        1      6         D
ctsbuf_net_7133013       5        1      6         D
ctsbuf_net_7143014       5        1      6         D
ctsbuf_net_7153015       5        1      6         D
ctsbuf_net_7163016       5        1      6         D
ctsbuf_net_7173017       5        1      6         D
ctsbuf_net_7183018       5        1      6         D
ctsbuf_net_7193019       5        1      6         D
ctsbuf_net_7203020       5        1      6         D
ctsbuf_net_7213021       5        1      6         D
ctsbuf_net_7223022       5        1      6         D
ctsbuf_net_722372        5        1      6         D
ctsbuf_net_72307         5        1      6         D
ctsbuf_net_7233023       5        1      6         D
ctsbuf_net_7243024       5        1      6         D
ctsbuf_net_7253025       5        1      6         D
ctsbuf_net_7263026       5        1      6         D
ctsbuf_net_7273027       5        1      6         D
ctsbuf_net_7283028       5        1      6         D
ctsbuf_net_7293029       5        1      6         D
ctsbuf_net_7303030       5        1      6         D
ctsbuf_net_7313031       5        1      6         D
ctsbuf_net_7323032       5        1      6         D
ctsbuf_net_732373        5        1      6         D
ctsbuf_net_7333033       5        1      6         D
ctsbuf_net_7343034       5        1      6         D
ctsbuf_net_7353035       5        1      6         D
ctsbuf_net_7363036       5        1      6         D
ctsbuf_net_7373037       5        1      6         D
ctsbuf_net_7383038       5        1      6         D
ctsbuf_net_7393039       5        1      6         D
ctsbuf_net_7403040       5        1      6         D
ctsbuf_net_7413041       5        1      6         D
ctsbuf_net_7423042       5        1      6         D
ctsbuf_net_742374        5        1      6         D
ctsbuf_net_7433043       5        1      6         D
ctsbuf_net_7443044       5        1      6         D
ctsbuf_net_7453045       5        1      6         D
ctsbuf_net_7463046       5        1      6         D
ctsbuf_net_7473047       5        1      6         D
ctsbuf_net_7483048       5        1      6         D
ctsbuf_net_7493049       5        1      6         D
ctsbuf_net_7503050       5        1      6         D
ctsbuf_net_7513051       5        1      6         D
ctsbuf_net_7523052       5        1      6         D
ctsbuf_net_752375        5        1      6         D
ctsbuf_net_7533053       5        1      6         D
ctsbuf_net_7543054       5        1      6         D
ctsbuf_net_7553055       5        1      6         D
ctsbuf_net_7563056       5        1      6         D
ctsbuf_net_7573057       5        1      6         D
ctsbuf_net_7583058       5        1      6         D
ctsbuf_net_7593059       5        1      6         D
ctsbuf_net_7603060       5        1      6         D
ctsbuf_net_7613061       5        1      6         D
ctsbuf_net_7623062       5        1      6         D
ctsbuf_net_762376        5        1      6         D
ctsbuf_net_7633063       5        1      6         D
ctsbuf_net_7643064       5        1      6         D
ctsbuf_net_7653065       5        1      6         D
ctsbuf_net_7663066       5        1      6         D
ctsbuf_net_7673067       5        1      6         D
ctsbuf_net_7683068       5        1      6         D
ctsbuf_net_7693069       5        1      6         D
ctsbuf_net_7703070       5        1      6         D
ctsbuf_net_7713071       5        1      6         D
ctsbuf_net_7723072       5        1      6         D
ctsbuf_net_772377        5        1      6         D
ctsbuf_net_7733073       5        1      6         D
ctsbuf_net_7743074       5        1      6         D
ctsbuf_net_7753075       5        1      6         D
ctsbuf_net_7763076       5        1      6         D
ctsbuf_net_7773077       5        1      6         D
ctsbuf_net_7783078       5        1      6         D
ctsbuf_net_7793079       5        1      6         D
ctsbuf_net_7803080       5        1      6         D
ctsbuf_net_7813081       5        1      6         D
ctsbuf_net_7823082       5        1      6         D
ctsbuf_net_782378        5        1      6         D
ctsbuf_net_7833083       5        1      6         D
ctsbuf_net_7843084       5        1      6         D
ctsbuf_net_7853085       5        1      6         D
ctsbuf_net_7863086       5        1      6         D
ctsbuf_net_7873087       5        1      6         D
ctsbuf_net_7883088       5        1      6         D
ctsbuf_net_7893089       5        1      6         D
ctsbuf_net_7903090       5        1      6         D
ctsbuf_net_7913091       5        1      6         D
ctsbuf_net_7923092       5        1      6         D
ctsbuf_net_792379        5        1      6         D
ctsbuf_net_7933093       5        1      6         D
ctsbuf_net_7943094       5        1      6         D
ctsbuf_net_7953095       5        1      6         D
ctsbuf_net_7963096       5        1      6         D
ctsbuf_net_7973097       5        1      6         D
ctsbuf_net_7983098       5        1      6         D
ctsbuf_net_7993099       5        1      6         D
ctsbuf_net_8003100       5        1      6         D
ctsbuf_net_8013101       5        1      6         D
ctsbuf_net_8023102       5        1      6         D
ctsbuf_net_802380        5        1      6         D
ctsbuf_net_8033103       5        1      6         D
ctsbuf_net_8043104       5        1      6         D
ctsbuf_net_8053105       5        1      6         D
ctsbuf_net_8063106       5        1      6         D
ctsbuf_net_8073107       5        1      6         D
ctsbuf_net_8083108       5        1      6         D
ctsbuf_net_8093109       5        1      6         D
ctsbuf_net_8103110       5        1      6         D
ctsbuf_net_8113111       5        1      6         D
ctsbuf_net_8123112       5        1      6         D
ctsbuf_net_812381        5        1      6         D
ctsbuf_net_8133113       5        1      6         D
ctsbuf_net_8143114       5        1      6         D
ctsbuf_net_8153115       5        1      6         D
ctsbuf_net_8163116       5        1      6         D
ctsbuf_net_8173117       5        1      6         D
ctsbuf_net_8183118       5        1      6         D
ctsbuf_net_8193119       5        1      6         D
ctsbuf_net_8203120       5        1      6         D
ctsbuf_net_8213121       5        1      6         D
ctsbuf_net_8223122       5        1      6         D
ctsbuf_net_822382        5        1      6         D
ctsbuf_net_82308         5        1      6         D
ctsbuf_net_8233123       5        1      6         D
ctsbuf_net_8243124       5        1      6         D
ctsbuf_net_8253125       5        1      6         D
ctsbuf_net_8263126       5        1      6         D
ctsbuf_net_8273127       5        1      6         D
ctsbuf_net_8283128       5        1      6         D
ctsbuf_net_8293129       5        1      6         D
ctsbuf_net_8303130       5        1      6         D
ctsbuf_net_8313131       5        1      6         D
ctsbuf_net_8323132       5        1      6         D
ctsbuf_net_832383        5        1      6         D
ctsbuf_net_8333133       5        1      6         D
ctsbuf_net_8343134       5        1      6         D
ctsbuf_net_8353135       5        1      6         D
ctsbuf_net_8363136       5        1      6         D
ctsbuf_net_8373137       5        1      6         D
ctsbuf_net_8383138       5        1      6         D
ctsbuf_net_8393139       5        1      6         D
ctsbuf_net_8403140       5        1      6         D
ctsbuf_net_8413141       5        1      6         D
ctsbuf_net_8423142       5        1      6         D
ctsbuf_net_842384        5        1      6         D
ctsbuf_net_8433143       5        1      6         D
ctsbuf_net_8443144       5        1      6         D
ctsbuf_net_8453145       5        1      6         D
ctsbuf_net_8463146       5        1      6         D
ctsbuf_net_8473147       5        1      6         D
ctsbuf_net_8483148       5        1      6         D
ctsbuf_net_8493149       5        1      6         D
ctsbuf_net_8503150       5        1      6         D
ctsbuf_net_8513151       5        1      6         D
ctsbuf_net_8523152       5        1      6         D
ctsbuf_net_852385        5        1      6         D
ctsbuf_net_8533153       5        1      6         D
ctsbuf_net_8543154       5        1      6         D
ctsbuf_net_8553155       5        1      6         D
ctsbuf_net_8563156       5        1      6         D
ctsbuf_net_8573157       5        1      6         D
ctsbuf_net_8583158       5        1      6         D
ctsbuf_net_8593159       5        1      6         D
ctsbuf_net_8603160       5        1      6         D
ctsbuf_net_8613161       5        1      6         D
ctsbuf_net_8623162       5        1      6         D
ctsbuf_net_862386        5        1      6         D
ctsbuf_net_8633163       5        1      6         D
ctsbuf_net_8643164       5        1      6         D
ctsbuf_net_8653165       5        1      6         D
ctsbuf_net_8663166       5        1      6         D
ctsbuf_net_8673167       5        1      6         D
ctsbuf_net_8683168       5        1      6         D
ctsbuf_net_8693169       5        1      6         D
ctsbuf_net_8703170       5        1      6         D
ctsbuf_net_8713171       5        1      6         D
ctsbuf_net_8723172       5        1      6         D
ctsbuf_net_872387        5        1      6         D
ctsbuf_net_8733173       5        1      6         D
ctsbuf_net_8743174       5        1      6         D
ctsbuf_net_8753175       5        1      6         D
ctsbuf_net_8763176       5        1      6         D
ctsbuf_net_8773177       5        1      6         D
ctsbuf_net_8783178       5        1      6         D
ctsbuf_net_8793179       5        1      6         D
ctsbuf_net_8803180       5        1      6         D
ctsbuf_net_8813181       5        1      6         D
ctsbuf_net_8823182       5        1      6         D
ctsbuf_net_882388        5        1      6         D
ctsbuf_net_8833183       5        1      6         D
ctsbuf_net_8843184       5        1      6         D
ctsbuf_net_8853185       5        1      6         D
ctsbuf_net_8863186       5        1      6         D
ctsbuf_net_8873187       5        1      6         D
ctsbuf_net_8883188       5        1      6         D
ctsbuf_net_8893189       5        1      6         D
ctsbuf_net_8903190       5        1      6         D
ctsbuf_net_8913191       5        1      6         D
ctsbuf_net_8923192       5        1      6         D
ctsbuf_net_892389        5        1      6         D
ctsbuf_net_8933193       5        1      6         D
ctsbuf_net_8943194       5        1      6         D
ctsbuf_net_8953195       5        1      6         D
ctsbuf_net_8963196       5        1      6         D
ctsbuf_net_8973197       5        1      6         D
ctsbuf_net_8983198       5        1      6         D
ctsbuf_net_8993199       5        1      6         D
ctsbuf_net_9003200       5        1      6         D
ctsbuf_net_9013201       5        1      6         D
ctsbuf_net_9023202       5        1      6         D
ctsbuf_net_902390        5        1      6         D
ctsbuf_net_9033203       5        1      6         D
ctsbuf_net_9043204       5        1      6         D
ctsbuf_net_9053205       5        1      6         D
ctsbuf_net_9063206       5        1      6         D
ctsbuf_net_9073207       5        1      6         D
ctsbuf_net_9083208       5        1      6         D
ctsbuf_net_9093209       5        1      6         D
ctsbuf_net_9103210       5        1      6         D
ctsbuf_net_9113211       5        1      6         D
ctsbuf_net_9123212       5        1      6         D
ctsbuf_net_912391        5        1      6         D
ctsbuf_net_9133213       5        1      6         D
ctsbuf_net_9143214       5        1      6         D
ctsbuf_net_9153215       5        1      6         D
ctsbuf_net_9163216       5        1      6         D
ctsbuf_net_9173217       5        1      6         D
ctsbuf_net_9183218       5        1      6         D
ctsbuf_net_9193219       5        1      6         D
ctsbuf_net_9203220       5        1      6         D
ctsbuf_net_9213221       5        1      6         D
ctsbuf_net_9223222       5        1      6         D
ctsbuf_net_922392        5        1      6         D
ctsbuf_net_92309         5        1      6         D
ctsbuf_net_9233223       5        1      6         D
ctsbuf_net_9243224       5        1      6         D
ctsbuf_net_9253225       5        1      6         D
ctsbuf_net_9263226       5        1      6         D
ctsbuf_net_9273227       5        1      6         D
ctsbuf_net_9283228       5        1      6         D
ctsbuf_net_9293229       5        1      6         D
ctsbuf_net_9303230       5        1      6         D
ctsbuf_net_9313231       5        1      6         D
ctsbuf_net_9323232       5        1      6         D
ctsbuf_net_932393        5        1      6         D
ctsbuf_net_9333233       5        1      6         D
ctsbuf_net_9343234       5        1      6         D
ctsbuf_net_9353235       5        1      6         D
ctsbuf_net_9363236       5        1      6         D
ctsbuf_net_9373237       5        1      6         D
ctsbuf_net_9383238       5        1      6         D
ctsbuf_net_9393239       5        1      6         D
ctsbuf_net_9403240       5        1      6         D
ctsbuf_net_9413241       5        1      6         D
ctsbuf_net_9423242       5        1      6         D
ctsbuf_net_942394        5        1      6         D
ctsbuf_net_9433243       5        1      6         D
ctsbuf_net_9443244       5        1      6         D
ctsbuf_net_9453245       5        1      6         D
ctsbuf_net_9463246       5        1      6         D
ctsbuf_net_9473247       5        1      6         D
ctsbuf_net_9483248       5        1      6         D
ctsbuf_net_9493249       5        1      6         D
ctsbuf_net_9503250       5        1      6         D
ctsbuf_net_9513251       5        1      6         D
ctsbuf_net_9523252       5        1      6         D
ctsbuf_net_952395        5        1      6         D
ctsbuf_net_9533253       5        1      6         D
ctsbuf_net_9543254       5        1      6         D
ctsbuf_net_9553255       5        1      6         D
ctsbuf_net_9563256       5        1      6         D
ctsbuf_net_9573257       5        1      6         D
ctsbuf_net_9583258       5        1      6         D
ctsbuf_net_9593259       5        1      6         D
ctsbuf_net_9603260       5        1      6         D
ctsbuf_net_9613261       5        1      6         D
ctsbuf_net_9623262       5        1      6         D
ctsbuf_net_962396        5        1      6         D
ctsbuf_net_9633263       5        1      6         D
ctsbuf_net_9643264       5        1      6         D
ctsbuf_net_9653265       5        1      6         D
ctsbuf_net_9663266       5        1      6         D
ctsbuf_net_9673267       5        1      6         D
ctsbuf_net_9683268       5        1      6         D
ctsbuf_net_9693269       5        1      6         D
ctsbuf_net_9703270       5        1      6         D
ctsbuf_net_9713271       5        1      6         D
ctsbuf_net_9723272       5        1      6         D
ctsbuf_net_972397        5        1      6         D
ctsbuf_net_9733273       5        1      6         D
ctsbuf_net_9743274       5        1      6         D
ctsbuf_net_9753275       5        1      6         D
ctsbuf_net_9763276       5        1      6         D
ctsbuf_net_9773277       5        1      6         D
ctsbuf_net_9783278       5        1      6         D
ctsbuf_net_9793279       5        1      6         D
ctsbuf_net_9803280       5        1      6         D
ctsbuf_net_9813281       5        1      6         D
ctsbuf_net_9823282       5        1      6         D
ctsbuf_net_982398        5        1      6         D
ctsbuf_net_9833283       5        1      6         D
ctsbuf_net_9843284       5        1      6         D
ctsbuf_net_9853285       5        1      6         D
ctsbuf_net_9863286       5        1      6         D
ctsbuf_net_9873287       5        1      6         D
ctsbuf_net_9883288       5        1      6         D
ctsbuf_net_9893289       5        1      6         D
ctsbuf_net_9903290       5        1      6         D
ctsbuf_net_9913291       5        1      6         D
ctsbuf_net_9923292       5        1      6         D
ctsbuf_net_992399        5        1      6         D
ctsbuf_net_9933293       5        1      6         D
ctsbuf_net_9943294       5        1      6         D
ctsbuf_net_9953295       5        1      6         D
ctsbuf_net_9963296       5        1      6         D
ctsbuf_net_9973297       5        1      6         D
ctsbuf_net_9983298       5        1      6         D
ctsbuf_net_9993299       5        1      6         D
demux_valid              1        1      2         
e_demux_branch[0]        1        1      2         
e_demux_branch[1]        1        1      2         
e_demux_branch[2]        1        1      2         
n3                       1        1      2         
o_demux_branch[0]        1        1      2         
o_demux_branch[1]        1        1      2         
o_demux_branch[2]        1        1      2         
optlc_net_3995           1        1      2         
optlc_net_3996           1        1      2         
optlc_net_3997           1        1      2         
optlc_net_3998           1        1      2         
optlc_net_3999           1        1      2         
optlc_net_4000           1        1      2         
optlc_net_4001           1        1      2         
optlc_net_4002           1        1      2         
optlc_net_4003           1        1      2         
optlc_net_4004           1        1      2         
optlc_net_4005           1        1      2         
optlc_net_4006           1        1      2         
optlc_net_4007           1        1      2         
optlc_net_4008           1        1      2         
optlc_net_4009           1        1      2         
optlc_net_4010           1        1      2         
optlc_net_4011           1        1      2         
optlc_net_4012           1        1      2         
optlc_net_4013           1        1      2         
optlc_net_4014           1        1      2         
optlc_net_4015           1        1      2         
optlc_net_4016           1        1      2         
optlc_net_4017           1        1      2         
optlc_net_4018           1        1      2         
optlc_net_4019           1        1      2         
optlc_net_4020           1        1      2         
optlc_net_4021           1        1      2         
optlc_net_4022           1        1      2         
optlc_net_4023           1        1      2         
optlc_net_4024           1        1      2         
optlc_net_4025           1        1      2         
optlc_net_4026           1        1      2         
optlc_net_4027           1        1      2         
optlc_net_4028           1        1      2         
optlc_net_4029           1        1      2         
optlc_net_4030           1        1      2         
optlc_net_4031           1        1      2         
optlc_net_4032           1        1      2         
optlc_net_4033           1        1      2         
optlc_net_4034           1        1      2         
optlc_net_4035           1        1      2         
optlc_net_4036           1        1      2         
optlc_net_4037           1        1      2         
optlc_net_4038           1        1      2         
optlc_net_4039           1        1      2         
optlc_net_4040           1        1      2         
optlc_net_4041           1        1      2         
optlc_net_4042           1        1      2         
optlc_net_4043           1        1      2         
optlc_net_4044           1        1      2         
optlc_net_4045           1        1      2         
optlc_net_4046           1        1      2         
optlc_net_4047           1        1      2         
optlc_net_4048           1        1      2         
optlc_net_4049           1        1      2         
optlc_net_4050           1        1      2         
optlc_net_4051           1        1      2         
optlc_net_4052           1        1      2         
optlc_net_4053           1        1      2         
optlc_net_4054           1        1      2         
optlc_net_4055           1        1      2         
optlc_net_4056           1        1      2         
optlc_net_4057           1        1      2         
optlc_net_4058           1        1      2         
optlc_net_4059           1        1      2         
optlc_net_4060           1        1      2         
optlc_net_4061           1        1      2         
optlc_net_4062           1        1      2         
optlc_net_4063           1        1      2         
optlc_net_4064           1        1      2         
optlc_net_4065           1        1      2         
optlc_net_4066           1        1      2         
optlc_net_4067           1        1      2         
optlc_net_4068           1        1      2         
optlc_net_4069           1        1      2         
optlc_net_4070           1        1      2         
optlc_net_4071           1        1      2         
optlc_net_4072           1        1      2         
optlc_net_4073           1        1      2         
optlc_net_4074           1        1      2         
optlc_net_4075           1        1      2         
optlc_net_4076           1        1      2         
optlc_net_4077           1        1      2         
optlc_net_4078           1        1      2         
optlc_net_4079           1        1      2         
optlc_net_4080           1        1      2         
optlc_net_4081           1        1      2         
optlc_net_4082           1        1      2         
optlc_net_4083           1        1      2         
optlc_net_4084           1        1      2         
optlc_net_4085           1        1      2         
optlc_net_4086           1        1      2         
optlc_net_4087           1        1      2         
optlc_net_4088           1        1      2         
optlc_net_4089           1        1      2         
optlc_net_4090           1        1      2         
optlc_net_4091           1        1      2         
optlc_net_4092           1        1      2         
optlc_net_4093           1        1      2         
optlc_net_4094           1        1      2         
optlc_net_4095           1        1      2         
optlc_net_4096           1        1      2         
optlc_net_4097           1        1      2         
optlc_net_4098           1        1      2         
optlc_net_4099           1        1      2         
optlc_net_4100           1        1      2         
optlc_net_4101           1        1      2         
optlc_net_4102           1        1      2         
optlc_net_4103           1        1      2         
optlc_net_4104           1        1      2         
optlc_net_4105           1        1      2         
optlc_net_4106           1        1      2         
optlc_net_4107           1        1      2         
optlc_net_4108           1        1      2         
optlc_net_4109           1        1      2         
optlc_net_4110           1        1      2         
optlc_net_4111           1        1      2         
optlc_net_4112           1        1      2         
optlc_net_4113           1        1      2         
optlc_net_4114           1        1      2         
optlc_net_4115           1        1      2         
optlc_net_4116           1        1      2         
optlc_net_4117           1        1      2         
optlc_net_4118           1        1      2         
optlc_net_4119           1        1      2         
optlc_net_4120           1        1      2         
optlc_net_4121           1        1      2         
optlc_net_4122           1        1      2         
optlc_net_4123           1        1      2         
optlc_net_4124           1        1      2         
optlc_net_4125           1        1      2         
optlc_net_4126           1        1      2         
optlc_net_4127           1        1      2         
optlc_net_4128           1        1      2         
optlc_net_4129           1        1      2         
optlc_net_4130           1        1      2         
optlc_net_4131           1        1      2         
optlc_net_4132           1        1      2         
optlc_net_4133           1        1      2         
optlc_net_4134           1        1      2         
optlc_net_4135           1        1      2         
optlc_net_4136           1        1      2         
optlc_net_4137           1        1      2         
optlc_net_4138           1        1      2         
optlc_net_4139           1        1      2         
optlc_net_4140           1        1      2         
optlc_net_4141           1        1      2         
optlc_net_4142           1        1      2         
optlc_net_4143           1        1      2         
optlc_net_4144           1        1      2         
optlc_net_4145           1        1      2         
optlc_net_4146           1        1      2         
optlc_net_4147           1        1      2         
optlc_net_4148           1        1      2         
optlc_net_4149           1        1      2         
optlc_net_4150           1        1      2         
optlc_net_4151           1        1      2         
optlc_net_4152           1        1      2         
optlc_net_4153           1        1      2         
optlc_net_4154           1        1      2         
optlc_net_4155           1        1      2         
optlc_net_4156           1        1      2         
optlc_net_4157           1        1      2         
optlc_net_4158           1        1      2         
optlc_net_4159           1        1      2         
optlc_net_4160           1        1      2         
optlc_net_4161           1        1      2         
optlc_net_4162           1        1      2         
optlc_net_4163           1        1      2         
optlc_net_4164           1        1      2         
optlc_net_4165           1        1      2         
optlc_net_4166           1        1      2         
optlc_net_4167           1        1      2         
optlc_net_4168           1        1      2         
optlc_net_4169           1        1      2         
optlc_net_4170           1        1      2         
optlc_net_4171           1        1      2         
optlc_net_4172           1        1      2         
optlc_net_4173           1        1      2         
optlc_net_4174           1        1      2         
optlc_net_4175           1        1      2         
optlc_net_4176           1        1      2         
optlc_net_4177           1        1      2         
optlc_net_4178           1        1      2         
optlc_net_4179           1        1      2         
optlc_net_4180           1        1      2         
optlc_net_4181           1        1      2         
optlc_net_4182           1        1      2         
optlc_net_4183           1        1      2         
optlc_net_4184           1        1      2         
optlc_net_4185           1        1      2         
optlc_net_4186           1        1      2         
optlc_net_4187           1        1      2         
optlc_net_4188           1        1      2         
optlc_net_4189           1        1      2         
optlc_net_4190           1        1      2         
optlc_net_4191           1        1      2         
optlc_net_4192           1        1      2         
optlc_net_4193           1        1      2         
optlc_net_4194           1        1      2         
optlc_net_4195           1        1      2         
optlc_net_4196           1        1      2         
optlc_net_4197           1        1      2         
optlc_net_4198           1        1      2         
optlc_net_4199           1        1      2         
optlc_net_4200           1        1      2         
optlc_net_4201           1        1      2         
optlc_net_4202           1        1      2         
optlc_net_4203           1        1      2         
optlc_net_4204           1        1      2         
optlc_net_4205           1        1      2         
optlc_net_4206           1        1      2         
optlc_net_4207           1        1      2         
optlc_net_4208           1        1      2         
optlc_net_4209           1        1      2         
optlc_net_4210           1        1      2         
optlc_net_4211           1        1      2         
optlc_net_4212           1        1      2         
optlc_net_4213           1        1      2         
optlc_net_4214           1        1      2         
optlc_net_4215           1        1      2         
optlc_net_4216           1        1      2         
optlc_net_4217           1        1      2         
optlc_net_4218           1        1      2         
optlc_net_4219           1        1      2         
optlc_net_4220           1        1      2         
optlc_net_4221           1        1      2         
optlc_net_4222           1        1      2         
optlc_net_4223           1        1      2         
optlc_net_4224           1        1      2         
optlc_net_4225           1        1      2         
optlc_net_4226           1        1      2         
optlc_net_4227           1        1      2         
optlc_net_4228           1        1      2         
optlc_net_4229           1        1      2         
optlc_net_4230           1        1      2         
optlc_net_4231           1        1      2         
optlc_net_4232           1        1      2         
payload[0]               1        1      2         
payload[1]               1        1      2         
payload[2]               1        1      2         
payload[3]               1        1      2         
payload[4]               1        1      2         
payload[5]               1        1      2         
payload[6]               1        1      2         
payload[7]               1        1      2         
payload_fifo_empty       2        1      3         
payload_fifo_full        1        1      2         
payload_fifo_out[0]      2        1      3         
payload_fifo_out[1]      2        1      3         
payload_fifo_out[2]      2        1      3         
payload_fifo_out[3]      2        1      3         
payload_fifo_out[4]      2        1      3         
payload_fifo_out[5]      2        1      3         
payload_fifo_out[6]      2        1      3         
payload_fifo_out[7]      2        1      3         
payload_length[0]        4        1      5         
payload_length[1]        4        1      5         
payload_length[2]        3        1      4         
payload_length[3]        3        1      4         
payload_length[4]        3        1      4         
payload_length[5]        3        1      4         
payload_length[6]        3        1      4         
ppdu_i                   1        1      2         
ppdu_q                   2        1      3         
ppdu_valid               1        1      2         
qpsk_imag_o[0]           2        1      3         
qpsk_imag_o[1]           3        1      4         
qpsk_real_o[0]           5        1      6         
qpsk_real_o[1]           3        1      4         
qpsk_valid               1        1      2         
rst_n                    4        1      5         
start_tx                 4        1      5         
tx_done                  3        1      4         
tx_imag[0]               1        1      2         
tx_imag[1]               1        1      2         
tx_imag[2]               1        1      2         
tx_imag[3]               1        1      2         
tx_imag[4]               1        1      2         
tx_imag[5]               1        1      2         
tx_imag[6]               1        1      2         
tx_imag[7]               1        1      2         
tx_real[0]               1        1      2         
tx_real[1]               1        1      2         
tx_real[2]               1        1      2         
tx_real[3]               1        1      2         
tx_real[4]               1        1      2         
tx_real[5]               1        1      2         
tx_real[6]               1        1      2         
tx_real[7]               1        1      2         
zeropadding_en           3        1      4         
zeropadding_nextitem
                         2        1      3         
zeropadding_out          3        1      4         
zeropadding_valid        5        1      6         

Attributes
    d - user dont_touch
    D - derived dont_touch

--------------------------------------------------------------------------------
Total 2050 nets       8352     2047   10399
Maximum                  5        1      6
Average               4.07     1.00   5.07
1
