**************************************************
Report         : passing_points

Reference      : ref:/WORK/zigbee
Implementation : imp:/WORK/zigbee
Version        : L-2016.03-SP1
Date           : Sun Sep 20 00:45:51 2026
**************************************************

6171 Passing compare points:

  Ref  DFF        ref:/WORK/zigbee/DEMUX/e_bits_reg[0]
  Impl DFF        imp:/WORK/zigbee/DEMUX/e_bits_reg[0]_inst

  Ref  DFF        ref:/WORK/zigbee/DEMUX/e_bits_reg[1]
  Impl DFF        imp:/WORK/zigbee/DEMUX/e_bits_reg[1]_inst

  Ref  DFF        ref:/WORK/zigbee/DEMUX/e_bits_reg[2]
  Impl DFF        imp:/WORK/zigbee/DEMUX/e_bits_reg[2]_inst

  Ref  DFF        ref:/WORK/zigbee/DEMUX/e_bits_reg_reg[0]
  Impl DFF        imp:/WORK/zigbee/DEMUX/e_bits_reg_reg[0]

  Ref  DFF        ref:/WORK/zigbee/DEMUX/e_bits_reg_reg[1]
  Impl DFF        imp:/WORK/zigbee/DEMUX/e_bits_reg_reg[1]

  Ref  DFF        ref:/WORK/zigbee/DEMUX/e_bits_reg_reg[2]
  Impl DFF        imp:/WORK/zigbee/DEMUX/e_bits_reg_reg[2]

  Ref  DFF        ref:/WORK/zigbee/DEMUX/e_counter_reg[0]
  Impl DFF        imp:/WORK/zigbee/DEMUX/e_counter_reg[0]

  Ref  DFF        ref:/WORK/zigbee/DEMUX/e_counter_reg[1]
  Impl DFF        imp:/WORK/zigbee/DEMUX/e_counter_reg[1]

  Ref  DFF        ref:/WORK/zigbee/DEMUX/o_bits_reg[0]
  Impl DFF        imp:/WORK/zigbee/DEMUX/o_bits_reg[0]_inst

  Ref  DFF        ref:/WORK/zigbee/DEMUX/o_bits_reg[1]
  Impl DFF        imp:/WORK/zigbee/DEMUX/o_bits_reg[1]_inst

  Ref  DFF        ref:/WORK/zigbee/DEMUX/o_bits_reg[2]
  Impl DFF        imp:/WORK/zigbee/DEMUX/o_bits_reg[2]_inst

  Ref  DFF        ref:/WORK/zigbee/DEMUX/o_bits_reg_reg[0]
  Impl DFF        imp:/WORK/zigbee/DEMUX/o_bits_reg_reg[0]

  Ref  DFF        ref:/WORK/zigbee/DEMUX/o_bits_reg_reg[1]
  Impl DFF        imp:/WORK/zigbee/DEMUX/o_bits_reg_reg[1]

  Ref  DFF        ref:/WORK/zigbee/DEMUX/o_bits_reg_reg[2]
  Impl DFF        imp:/WORK/zigbee/DEMUX/o_bits_reg_reg[2]

  Ref  DFF        ref:/WORK/zigbee/DEMUX/o_counter_reg[0]
  Impl DFF        imp:/WORK/zigbee/DEMUX/o_counter_reg[0]

  Ref  DFF        ref:/WORK/zigbee/DEMUX/o_counter_reg[1]
  Impl DFF        imp:/WORK/zigbee/DEMUX/o_counter_reg[1]

  Ref  DFF        ref:/WORK/zigbee/DEMUX/odd_reg
  Impl DFF        imp:/WORK/zigbee/DEMUX/odd_reg

  Ref  DFF        ref:/WORK/zigbee/DEMUX/valid_reg
  Impl DFF        imp:/WORK/zigbee/DEMUX/valid_reg

  Ref  DFF        ref:/WORK/zigbee/DQPSK_CSK/CSK_GEN_DUT/addr_ptr_reg[0]
  Impl DFF        imp:/WORK/zigbee/DQPSK_CSK/CSK_GEN_DUT/addr_ptr_reg[0]

  Ref  DFF        ref:/WORK/zigbee/DQPSK_CSK/CSK_GEN_DUT/addr_ptr_reg[1]
  Impl DFF        imp:/WORK/zigbee/DQPSK_CSK/CSK_GEN_DUT/addr_ptr_reg[1]

  Ref  DFF        ref:/WORK/zigbee/DQPSK_CSK/CSK_GEN_DUT/addr_ptr_reg[2]
  Impl DFF        imp:/WORK/zigbee/DQPSK_CSK/CSK_GEN_DUT/addr_ptr_reg[2]

  Ref  DFF        ref:/WORK/zigbee/DQPSK_CSK/CSK_GEN_DUT/addr_ptr_reg[3]
  Impl DFF        imp:/WORK/zigbee/DQPSK_CSK/CSK_GEN_DUT/addr_ptr_reg[3]

  Ref  DFF        ref:/WORK/zigbee/DQPSK_CSK/CSK_GEN_DUT/addr_ptr_reg[4]
  Impl DFF        imp:/WORK/zigbee/DQPSK_CSK/CSK_GEN_DUT/addr_ptr_reg[4]

  Ref  DFF        ref:/WORK/zigbee/DQPSK_CSK/CSK_GEN_DUT/addr_ptr_reg[5]
  Impl DFF        imp:/WORK/zigbee/DQPSK_CSK/CSK_GEN_DUT/addr_ptr_reg[5]

  Ref  DFF        ref:/WORK/zigbee/DQPSK_CSK/CSK_GEN_DUT/addr_ptr_reg[6]
  Impl DFF        imp:/WORK/zigbee/DQPSK_CSK/CSK_GEN_DUT/addr_ptr_reg[6]

  Ref  DFF        ref:/WORK/zigbee/DQPSK_CSK/CSK_GEN_DUT/addr_ptr_reg[7]
  Impl DFF        imp:/WORK/zigbee/DQPSK_CSK/CSK_GEN_DUT/addr_ptr_reg[7]

  Ref  DFF        ref:/WORK/zigbee/DQPSK_CSK/CSK_GEN_DUT/boundary_d_reg
  Impl DFF        imp:/WORK/zigbee/DQPSK_CSK/CSK_GEN_DUT/boundary_d_reg

  Ref  DFF        ref:/WORK/zigbee/DQPSK_CSK/CSK_GEN_DUT/csk_out_i_reg[0]
  Impl DFF        imp:/WORK/zigbee/DQPSK_CSK/CSK_GEN_DUT/csk_out_i_reg[0]

  Ref  DFF        ref:/WORK/zigbee/DQPSK_CSK/CSK_GEN_DUT/csk_out_i_reg[1]
  Impl DFF        imp:/WORK/zigbee/DQPSK_CSK/CSK_GEN_DUT/csk_out_i_reg[1]

  Ref  DFF        ref:/WORK/zigbee/DQPSK_CSK/CSK_GEN_DUT/csk_out_i_reg[2]
  Impl DFF        imp:/WORK/zigbee/DQPSK_CSK/CSK_GEN_DUT/csk_out_i_reg[2]

  Ref  DFF        ref:/WORK/zigbee/DQPSK_CSK/CSK_GEN_DUT/csk_out_i_reg[3]
  Impl DFF        imp:/WORK/zigbee/DQPSK_CSK/CSK_GEN_DUT/csk_out_i_reg[3]

  Ref  DFF        ref:/WORK/zigbee/DQPSK_CSK/CSK_GEN_DUT/csk_out_i_reg[4]
  Impl DFF        imp:/WORK/zigbee/DQPSK_CSK/CSK_GEN_DUT/csk_out_i_reg[4]

  Ref  DFF        ref:/WORK/zigbee/DQPSK_CSK/CSK_GEN_DUT/csk_out_i_reg[5]
  Impl DFF        imp:/WORK/zigbee/DQPSK_CSK/CSK_GEN_DUT/csk_out_i_reg[5]

  Ref  DFF        ref:/WORK/zigbee/DQPSK_CSK/CSK_GEN_DUT/csk_out_r_reg[0]
  Impl DFF        imp:/WORK/zigbee/DQPSK_CSK/CSK_GEN_DUT/csk_out_r_reg[0]

  Ref  DFF        ref:/WORK/zigbee/DQPSK_CSK/CSK_GEN_DUT/csk_out_r_reg[1]
  Impl DFF        imp:/WORK/zigbee/DQPSK_CSK/CSK_GEN_DUT/csk_out_r_reg[1]

  Ref  DFF        ref:/WORK/zigbee/DQPSK_CSK/CSK_GEN_DUT/csk_out_r_reg[2]
  Impl DFF        imp:/WORK/zigbee/DQPSK_CSK/CSK_GEN_DUT/csk_out_r_reg[2]

  Ref  DFF        ref:/WORK/zigbee/DQPSK_CSK/CSK_GEN_DUT/csk_out_r_reg[3]
  Impl DFF        imp:/WORK/zigbee/DQPSK_CSK/CSK_GEN_DUT/csk_out_r_reg[3]

  Ref  DFF        ref:/WORK/zigbee/DQPSK_CSK/CSK_GEN_DUT/csk_out_r_reg[4]
  Impl DFF        imp:/WORK/zigbee/DQPSK_CSK/CSK_GEN_DUT/csk_out_r_reg[4]

  Ref  DFF        ref:/WORK/zigbee/DQPSK_CSK/CSK_GEN_DUT/csk_out_r_reg[5]
  Impl DFF        imp:/WORK/zigbee/DQPSK_CSK/CSK_GEN_DUT/csk_out_r_reg[5]

  Ref  DFF        ref:/WORK/zigbee/DQPSK_CSK/CSK_GEN_DUT/first_fetch_reg
  Impl DFF        imp:/WORK/zigbee/DQPSK_CSK/CSK_GEN_DUT/first_fetch_reg

  Ref  DFF        ref:/WORK/zigbee/DQPSK_CSK/CSK_GEN_DUT/running_reg
  Impl DFF        imp:/WORK/zigbee/DQPSK_CSK/CSK_GEN_DUT/running_reg

  Ref  DFF        ref:/WORK/zigbee/DQPSK_CSK/CSK_GEN_DUT/samble_cnt_reg[0]
  Impl DFF        imp:/WORK/zigbee/DQPSK_CSK/CSK_GEN_DUT/samble_cnt_reg[0]

  Ref  DFF        ref:/WORK/zigbee/DQPSK_CSK/CSK_GEN_DUT/samble_cnt_reg[1]
  Impl DFF        imp:/WORK/zigbee/DQPSK_CSK/CSK_GEN_DUT/samble_cnt_reg[1]

  Ref  DFF        ref:/WORK/zigbee/DQPSK_CSK/CSK_GEN_DUT/samble_cnt_reg[2]
  Impl DFF        imp:/WORK/zigbee/DQPSK_CSK/CSK_GEN_DUT/samble_cnt_reg[2]

  Ref  DFF        ref:/WORK/zigbee/DQPSK_CSK/CSK_GEN_DUT/samble_cnt_reg[3]
  Impl DFF        imp:/WORK/zigbee/DQPSK_CSK/CSK_GEN_DUT/samble_cnt_reg[3]

  Ref  DFF        ref:/WORK/zigbee/DQPSK_CSK/CSK_GEN_DUT/samble_cnt_reg[4]
  Impl DFF        imp:/WORK/zigbee/DQPSK_CSK/CSK_GEN_DUT/samble_cnt_reg[4]

  Ref  DFF        ref:/WORK/zigbee/DQPSK_CSK/CSK_GEN_DUT/samble_cnt_reg[5]
  Impl DFF        imp:/WORK/zigbee/DQPSK_CSK/CSK_GEN_DUT/samble_cnt_reg[5]

  Ref  DFF        ref:/WORK/zigbee/DQPSK_CSK/CSK_GEN_DUT/samble_cnt_reg[6]
  Impl DFF        imp:/WORK/zigbee/DQPSK_CSK/CSK_GEN_DUT/samble_cnt_reg[6]

  Ref  DFF        ref:/WORK/zigbee/DQPSK_CSK/CSK_GEN_DUT/which_gab_reg
  Impl DFF        imp:/WORK/zigbee/DQPSK_CSK/CSK_GEN_DUT/which_gab_reg

  Ref  DFF        ref:/WORK/zigbee/DQPSK_CSK/DQPSK_DUT/Imag_FF_reg[0][0]
  Impl DFF        imp:/WORK/zigbee/DQPSK_CSK/DQPSK_DUT/Imag_FF_reg[0][0]

  Ref  DFF        ref:/WORK/zigbee/DQPSK_CSK/DQPSK_DUT/Imag_FF_reg[0][1]
  Impl DFF        imp:/WORK/zigbee/DQPSK_CSK/DQPSK_DUT/Imag_FF_reg[0][1]

  Ref  DFF        ref:/WORK/zigbee/DQPSK_CSK/DQPSK_DUT/Imag_FF_reg[1][0]
  Impl DFF        imp:/WORK/zigbee/DQPSK_CSK/DQPSK_DUT/Imag_FF_reg[1][0]

  Ref  DFF        ref:/WORK/zigbee/DQPSK_CSK/DQPSK_DUT/Imag_FF_reg[1][1]
  Impl DFF        imp:/WORK/zigbee/DQPSK_CSK/DQPSK_DUT/Imag_FF_reg[1][1]

  Ref  DFF        ref:/WORK/zigbee/DQPSK_CSK/DQPSK_DUT/Imag_FF_reg[2][0]
  Impl DFF        imp:/WORK/zigbee/DQPSK_CSK/DQPSK_DUT/Imag_FF_reg[2][0]

  Ref  DFF        ref:/WORK/zigbee/DQPSK_CSK/DQPSK_DUT/Imag_FF_reg[2][1]
  Impl DFF        imp:/WORK/zigbee/DQPSK_CSK/DQPSK_DUT/Imag_FF_reg[2][1]

  Ref  DFF        ref:/WORK/zigbee/DQPSK_CSK/DQPSK_DUT/Imag_FF_reg[3][0]
  Impl DFF        imp:/WORK/zigbee/DQPSK_CSK/DQPSK_DUT/Imag_FF_reg[3][0]

  Ref  DFF        ref:/WORK/zigbee/DQPSK_CSK/DQPSK_DUT/Imag_FF_reg[3][1]
  Impl DFF        imp:/WORK/zigbee/DQPSK_CSK/DQPSK_DUT/Imag_FF_reg[3][1]

  Ref  DFF        ref:/WORK/zigbee/DQPSK_CSK/DQPSK_DUT/Imag_o_reg[0]
  Impl DFF        imp:/WORK/zigbee/DQPSK_CSK/DQPSK_DUT/Imag_o_reg[0]

  Ref  DFF        ref:/WORK/zigbee/DQPSK_CSK/DQPSK_DUT/Imag_o_reg[1]
  Impl DFF        imp:/WORK/zigbee/DQPSK_CSK/DQPSK_DUT/Imag_o_reg[1]

  Ref  DFF        ref:/WORK/zigbee/DQPSK_CSK/DQPSK_DUT/Real_FF_reg[0][0]
  Impl DFF        imp:/WORK/zigbee/DQPSK_CSK/DQPSK_DUT/Real_FF_reg[0][0]

  Ref  DFF        ref:/WORK/zigbee/DQPSK_CSK/DQPSK_DUT/Real_FF_reg[0][1]
  Impl DFF        imp:/WORK/zigbee/DQPSK_CSK/DQPSK_DUT/Real_FF_reg[0][1]

  Ref  DFF        ref:/WORK/zigbee/DQPSK_CSK/DQPSK_DUT/Real_FF_reg[1][0]
  Impl DFF        imp:/WORK/zigbee/DQPSK_CSK/DQPSK_DUT/Real_FF_reg[1][0]

  Ref  DFF        ref:/WORK/zigbee/DQPSK_CSK/DQPSK_DUT/Real_FF_reg[1][1]
  Impl DFF        imp:/WORK/zigbee/DQPSK_CSK/DQPSK_DUT/Real_FF_reg[1][1]

  Ref  DFF        ref:/WORK/zigbee/DQPSK_CSK/DQPSK_DUT/Real_FF_reg[2][0]
  Impl DFF        imp:/WORK/zigbee/DQPSK_CSK/DQPSK_DUT/Real_FF_reg[2][0]

  Ref  DFF        ref:/WORK/zigbee/DQPSK_CSK/DQPSK_DUT/Real_FF_reg[2][1]
  Impl DFF        imp:/WORK/zigbee/DQPSK_CSK/DQPSK_DUT/Real_FF_reg[2][1]

  Ref  DFF        ref:/WORK/zigbee/DQPSK_CSK/DQPSK_DUT/Real_FF_reg[3][0]
  Impl DFF        imp:/WORK/zigbee/DQPSK_CSK/DQPSK_DUT/Real_FF_reg[3][0]

  Ref  DFF        ref:/WORK/zigbee/DQPSK_CSK/DQPSK_DUT/Real_FF_reg[3][1]
  Impl DFF        imp:/WORK/zigbee/DQPSK_CSK/DQPSK_DUT/Real_FF_reg[3][1]

  Ref  DFF        ref:/WORK/zigbee/DQPSK_CSK/DQPSK_DUT/Real_o_reg[0]
  Impl DFF        imp:/WORK/zigbee/DQPSK_CSK/DQPSK_DUT/Real_o_reg[0]

  Ref  DFF        ref:/WORK/zigbee/DQPSK_CSK/DQPSK_DUT/Real_o_reg[1]
  Impl DFF        imp:/WORK/zigbee/DQPSK_CSK/DQPSK_DUT/Real_o_reg[1]

  Ref  DFF        ref:/WORK/zigbee/DQPSK_CSK/DQPSK_DUT/valid_reg
  Impl DFF        imp:/WORK/zigbee/DQPSK_CSK/DQPSK_DUT/valid_reg

  Ref  DFF        ref:/WORK/zigbee/DQPSK_CSK/Imag_Sync_FIFO/dout_reg[0]
  Impl DFF        imp:/WORK/zigbee/DQPSK_CSK/Imag_Sync_FIFO/dout_reg[0]

  Ref  DFF        ref:/WORK/zigbee/DQPSK_CSK/Imag_Sync_FIFO/dout_reg[1]
  Impl DFF        imp:/WORK/zigbee/DQPSK_CSK/Imag_Sync_FIFO/dout_reg[1]

  Ref  DFF        ref:/WORK/zigbee/DQPSK_CSK/Imag_Sync_FIFO/mem_reg[0][0]
  Impl DFF        imp:/WORK/zigbee/DQPSK_CSK/Imag_Sync_FIFO/mem_reg[0][0]

  Ref  DFF        ref:/WORK/zigbee/DQPSK_CSK/Imag_Sync_FIFO/mem_reg[0][1]
  Impl DFF        imp:/WORK/zigbee/DQPSK_CSK/Imag_Sync_FIFO/mem_reg[0][1]

  Ref  DFF        ref:/WORK/zigbee/DQPSK_CSK/Imag_Sync_FIFO/mem_reg[1000][0]
  Impl DFF        imp:/WORK/zigbee/DQPSK_CSK/Imag_Sync_FIFO/mem_reg[1000][0]

  Ref  DFF        ref:/WORK/zigbee/DQPSK_CSK/Imag_Sync_FIFO/mem_reg[1000][1]
  Impl DFF        imp:/WORK/zigbee/DQPSK_CSK/Imag_Sync_FIFO/mem_reg[1000][1]

  Ref  DFF        ref:/WORK/zigbee/DQPSK_CSK/Imag_Sync_FIFO/mem_reg[1001][0]
  Impl DFF        imp:/WORK/zigbee/DQPSK_CSK/Imag_Sync_FIFO/mem_reg[1001][0]

  Ref  DFF        ref:/WORK/zigbee/DQPSK_CSK/Imag_Sync_FIFO/mem_reg[1001][1]
  Impl DFF        imp:/WORK/zigbee/DQPSK_CSK/Imag_Sync_FIFO/mem_reg[1001][1]

  Ref  DFF        ref:/WORK/zigbee/DQPSK_CSK/Imag_Sync_FIFO/mem_reg[1002][0]
  Impl DFF        imp:/WORK/zigbee/DQPSK_CSK/Imag_Sync_FIFO/mem_reg[1002][0]

  Ref  DFF        ref:/WORK/zigbee/DQPSK_CSK/Imag_Sync_FIFO/mem_reg[1002][1]
  Impl DFF        imp:/WORK/zigbee/DQPSK_CSK/Imag_Sync_FIFO/mem_reg[1002][1]

  Ref  DFF        ref:/WORK/zigbee/DQPSK_CSK/Imag_Sync_FIFO/mem_reg[1003][0]
  Impl DFF        imp:/WORK/zigbee/DQPSK_CSK/Imag_Sync_FIFO/mem_reg[1003][0]

  Ref  DFF        ref:/WORK/zigbee/DQPSK_CSK/Imag_Sync_FIFO/mem_reg[1003][1]
  Impl DFF        imp:/WORK/zigbee/DQPSK_CSK/Imag_Sync_FIFO/mem_reg[1003][1]

  Ref  DFF        ref:/WORK/zigbee/DQPSK_CSK/Imag_Sync_FIFO/mem_reg[1004][0]
  Impl DFF        imp:/WORK/zigbee/DQPSK_CSK/Imag_Sync_FIFO/mem_reg[1004][0]

  Ref  DFF        ref:/WORK/zigbee/DQPSK_CSK/Imag_Sync_FIFO/mem_reg[1004][1]
  Impl DFF        imp:/WORK/zigbee/DQPSK_CSK/Imag_Sync_FIFO/mem_reg[1004][1]

  Ref  DFF        ref:/WORK/zigbee/DQPSK_CSK/Imag_Sync_FIFO/mem_reg[1005][0]
  Impl DFF        imp:/WORK/zigbee/DQPSK_CSK/Imag_Sync_FIFO/mem_reg[1005][0]

  Ref  DFF        ref:/WORK/zigbee/DQPSK_CSK/Imag_Sync_FIFO/mem_reg[1005][1]
  Impl DFF        imp:/WORK/zigbee/DQPSK_CSK/Imag_Sync_FIFO/mem_reg[1005][1]

  Ref  DFF        ref:/WORK/zigbee/DQPSK_CSK/Imag_Sync_FIFO/mem_reg[1006][0]
  Impl DFF        imp:/WORK/zigbee/DQPSK_CSK/Imag_Sync_FIFO/mem_reg[1006][0]

  Ref  DFF        ref:/WORK/zigbee/DQPSK_CSK/Imag_Sync_FIFO/mem_reg[1006][1]
  Impl DFF        imp:/WORK/zigbee/DQPSK_CSK/Imag_Sync_FIFO/mem_reg[1006][1]

  Ref  DFF        ref:/WORK/zigbee/DQPSK_CSK/Imag_Sync_FIFO/mem_reg[1007][0]
  Impl DFF        imp:/WORK/zigbee/DQPSK_CSK/Imag_Sync_FIFO/mem_reg[1007][0]

  Ref  DFF        ref:/WORK/zigbee/DQPSK_CSK/Imag_Sync_FIFO/mem_reg[1007][1]
  Impl DFF        imp:/WORK/zigbee/DQPSK_CSK/Imag_Sync_FIFO/mem_reg[1007][1]

  Ref  DFF        ref:/WORK/zigbee/DQPSK_CSK/Imag_Sync_FIFO/mem_reg[1008][0]
  Impl DFF        imp:/WORK/zigbee/DQPSK_CSK/Imag_Sync_FIFO/mem_reg[1008][0]

  Ref  DFF        ref:/WORK/zigbee/DQPSK_CSK/Imag_Sync_FIFO/mem_reg[1008][1]
  Impl DFF        imp:/WORK/zigbee/DQPSK_CSK/Imag_Sync_FIFO/mem_reg[1008][1]

  Ref  DFF        ref:/WORK/zigbee/DQPSK_CSK/Imag_Sync_FIFO/mem_reg[1009][0]
  Impl DFF        imp:/WORK/zigbee/DQPSK_CSK/Imag_Sync_FIFO/mem_reg[1009][0]

  Ref  DFF        ref:/WORK/zigbee/DQPSK_CSK/Imag_Sync_FIFO/mem_reg[1009][1]
  Impl DFF        imp:/WORK/zigbee/DQPSK_CSK/Imag_Sync_FIFO/mem_reg[1009][1]

  Ref  DFF        ref:/WORK/zigbee/DQPSK_CSK/Imag_Sync_FIFO/mem_reg[100][0]
  Impl DFF        imp:/WORK/zigbee/DQPSK_CSK/Imag_Sync_FIFO/mem_reg[100][0]

  Ref  DFF        ref:/WORK/zigbee/DQPSK_CSK/Imag_Sync_FIFO/mem_reg[100][1]
  Impl DFF        imp:/WORK/zigbee/DQPSK_CSK/Imag_Sync_FIFO/mem_reg[100][1]

  Ref  DFF        ref:/WORK/zigbee/DQPSK_CSK/Imag_Sync_FIFO/mem_reg[1010][0]
  Impl DFF        imp:/WORK/zigbee/DQPSK_CSK/Imag_Sync_FIFO/mem_reg[1010][0]

  Ref  DFF        ref:/WORK/zigbee/DQPSK_CSK/Imag_Sync_FIFO/mem_reg[1010][1]
  Impl DFF        imp:/WORK/zigbee/DQPSK_CSK/Imag_Sync_FIFO/mem_reg[1010][1]

  Ref  DFF        ref:/WORK/zigbee/DQPSK_CSK/Imag_Sync_FIFO/mem_reg[1011][0]
  Impl DFF        imp:/WORK/zigbee/DQPSK_CSK/Imag_Sync_FIFO/mem_reg[1011][0]

  Ref  DFF        ref:/WORK/zigbee/DQPSK_CSK/Imag_Sync_FIFO/mem_reg[1011][1]
  Impl DFF        imp:/WORK/zigbee/DQPSK_CSK/Imag_Sync_FIFO/mem_reg[1011][1]

  Ref  DFF        ref:/WORK/zigbee/DQPSK_CSK/Imag_Sync_FIFO/mem_reg[1012][0]
  Impl DFF        imp:/WORK/zigbee/DQPSK_CSK/Imag_Sync_FIFO/mem_reg[1012][0]

  Ref  DFF        ref:/WORK/zigbee/DQPSK_CSK/Imag_Sync_FIFO/mem_reg[1012][1]
  Impl DFF        imp:/WORK/zigbee/DQPSK_CSK/Imag_Sync_FIFO/mem_reg[1012][1]

  Ref  DFF        ref:/WORK/zigbee/DQPSK_CSK/Imag_Sync_FIFO/mem_reg[1013][0]
  Impl DFF        imp:/WORK/zigbee/DQPSK_CSK/Imag_Sync_FIFO/mem_reg[1013][0]

  Ref  DFF        ref:/WORK/zigbee/DQPSK_CSK/Imag_Sync_FIFO/mem_reg[1013][1]
  Impl DFF        imp:/WORK/zigbee/DQPSK_CSK/Imag_Sync_FIFO/mem_reg[1013][1]

  Ref  DFF        ref:/WORK/zigbee/DQPSK_CSK/Imag_Sync_FIFO/mem_reg[1014][0]
  Impl DFF        imp:/WORK/zigbee/DQPSK_CSK/Imag_Sync_FIFO/mem_reg[1014][0]

  Ref  DFF        ref:/WORK/zigbee/DQPSK_CSK/Imag_Sync_FIFO/mem_reg[1014][1]
  Impl DFF        imp:/WORK/zigbee/DQPSK_CSK/Imag_Sync_FIFO/mem_reg[1014][1]

  Ref  DFF        ref:/WORK/zigbee/DQPSK_CSK/Imag_Sync_FIFO/mem_reg[1015][0]
  Impl DFF        imp:/WORK/zigbee/DQPSK_CSK/Imag_Sync_FIFO/mem_reg[1015][0]

  Ref  DFF        ref:/WORK/zigbee/DQPSK_CSK/Imag_Sync_FIFO/mem_reg[1015][1]
  Impl DFF        imp:/WORK/zigbee/DQPSK_CSK/Imag_Sync_FIFO/mem_reg[1015][1]

  Ref  DFF        ref:/WORK/zigbee/DQPSK_CSK/Imag_Sync_FIFO/mem_reg[1016][0]
  Impl DFF        imp:/WORK/zigbee/DQPSK_CSK/Imag_Sync_FIFO/mem_reg[1016][0]

  Ref  DFF        ref:/WORK/zigbee/DQPSK_CSK/Imag_Sync_FIFO/mem_reg[1016][1]
  Impl DFF        imp:/WORK/zigbee/DQPSK_CSK/Imag_Sync_FIFO/mem_reg[1016][1]

  Ref  DFF        ref:/WORK/zigbee/DQPSK_CSK/Imag_Sync_FIFO/mem_reg[1017][0]
  Impl DFF        imp:/WORK/zigbee/DQPSK_CSK/Imag_Sync_FIFO/mem_reg[1017][0]

  Ref  DFF        ref:/WORK/zigbee/DQPSK_CSK/Imag_Sync_FIFO/mem_reg[1017][1]
  Impl DFF        imp:/WORK/zigbee/DQPSK_CSK/Imag_Sync_FIFO/mem_reg[1017][1]

  Ref  DFF        ref:/WORK/zigbee/DQPSK_CSK/Imag_Sync_FIFO/mem_reg[1018][0]
  Impl DFF        imp:/WORK/zigbee/DQPSK_CSK/Imag_Sync_FIFO/mem_reg[1018][0]

  Ref  DFF        ref:/WORK/zigbee/DQPSK_CSK/Imag_Sync_FIFO/mem_reg[1018][1]
  Impl DFF        imp:/WORK/zigbee/DQPSK_CSK/Imag_Sync_FIFO/mem_reg[1018][1]

  Ref  DFF        ref:/WORK/zigbee/DQPSK_CSK/Imag_Sync_FIFO/mem_reg[1019][0]
  Impl DFF        imp:/WORK/zigbee/DQPSK_CSK/Imag_Sync_FIFO/mem_reg[1019][0]

  Ref  DFF        ref:/WORK/zigbee/DQPSK_CSK/Imag_Sync_FIFO/mem_reg[1019][1]
  Impl DFF        imp:/WORK/zigbee/DQPSK_CSK/Imag_Sync_FIFO/mem_reg[1019][1]

  Ref  DFF        ref:/WORK/zigbee/DQPSK_CSK/Imag_Sync_FIFO/mem_reg[101][0]
  Impl DFF        imp:/WORK/zigbee/DQPSK_CSK/Imag_Sync_FIFO/mem_reg[101][0]

  Ref  DFF        ref:/WORK/zigbee/DQPSK_CSK/Imag_Sync_FIFO/mem_reg[101][1]
  Impl DFF        imp:/WORK/zigbee/DQPSK_CSK/Imag_Sync_FIFO/mem_reg[101][1]

  Ref  DFF        ref:/WORK/zigbee/DQPSK_CSK/Imag_Sync_FIFO/mem_reg[1020][0]
  Impl DFF        imp:/WORK/zigbee/DQPSK_CSK/Imag_Sync_FIFO/mem_reg[1020][0]

  Ref  DFF        ref:/WORK/zigbee/DQPSK_CSK/Imag_Sync_FIFO/mem_reg[1020][1]
  Impl DFF        imp:/WORK/zigbee/DQPSK_CSK/Imag_Sync_FIFO/mem_reg[1020][1]

  Ref  DFF        ref:/WORK/zigbee/DQPSK_CSK/Imag_Sync_FIFO/mem_reg[1021][0]
  Impl DFF        imp:/WORK/zigbee/DQPSK_CSK/Imag_Sync_FIFO/mem_reg[1021][0]

  Ref  DFF        ref:/WORK/zigbee/DQPSK_CSK/Imag_Sync_FIFO/mem_reg[1021][1]
  Impl DFF        imp:/WORK/zigbee/DQPSK_CSK/Imag_Sync_FIFO/mem_reg[1021][1]

  Ref  DFF        ref:/WORK/zigbee/DQPSK_CSK/Imag_Sync_FIFO/mem_reg[1022][0]
  Impl DFF        imp:/WORK/zigbee/DQPSK_CSK/Imag_Sync_FIFO/mem_reg[1022][0]

  Ref  DFF        ref:/WORK/zigbee/DQPSK_CSK/Imag_Sync_FIFO/mem_reg[1022][1]
  Impl DFF        imp:/WORK/zigbee/DQPSK_CSK/Imag_Sync_FIFO/mem_reg[1022][1]

  Ref  DFF        ref:/WORK/zigbee/DQPSK_CSK/Imag_Sync_FIFO/mem_reg[1023][0]
  Impl DFF        imp:/WORK/zigbee/DQPSK_CSK/Imag_Sync_FIFO/mem_reg[1023][0]

  Ref  DFF        ref:/WORK/zigbee/DQPSK_CSK/Imag_Sync_FIFO/mem_reg[1023][1]
  Impl DFF        imp:/WORK/zigbee/DQPSK_CSK/Imag_Sync_FIFO/mem_reg[1023][1]

  Ref  DFF        ref:/WORK/zigbee/DQPSK_CSK/Imag_Sync_FIFO/mem_reg[102][0]
  Impl DFF        imp:/WORK/zigbee/DQPSK_CSK/Imag_Sync_FIFO/mem_reg[102][0]

  Ref  DFF        ref:/WORK/zigbee/DQPSK_CSK/Imag_Sync_FIFO/mem_reg[102][1]
  Impl DFF        imp:/WORK/zigbee/DQPSK_CSK/Imag_Sync_FIFO/mem_reg[102][1]

  Ref  DFF        ref:/WORK/zigbee/DQPSK_CSK/Imag_Sync_FIFO/mem_reg[103][0]
  Impl DFF        imp:/WORK/zigbee/DQPSK_CSK/Imag_Sync_FIFO/mem_reg[103][0]

  Ref  DFF        ref:/WORK/zigbee/DQPSK_CSK/Imag_Sync_FIFO/mem_reg[103][1]
  Impl DFF        imp:/WORK/zigbee/DQPSK_CSK/Imag_Sync_FIFO/mem_reg[103][1]

  Ref  DFF        ref:/WORK/zigbee/DQPSK_CSK/Imag_Sync_FIFO/mem_reg[104][0]
  Impl DFF        imp:/WORK/zigbee/DQPSK_CSK/Imag_Sync_FIFO/mem_reg[104][0]

  Ref  DFF        ref:/WORK/zigbee/DQPSK_CSK/Imag_Sync_FIFO/mem_reg[104][1]
  Impl DFF        imp:/WORK/zigbee/DQPSK_CSK/Imag_Sync_FIFO/mem_reg[104][1]

  Ref  DFF        ref:/WORK/zigbee/DQPSK_CSK/Imag_Sync_FIFO/mem_reg[105][0]
  Impl DFF        imp:/WORK/zigbee/DQPSK_CSK/Imag_Sync_FIFO/mem_reg[105][0]

  Ref  DFF        ref:/WORK/zigbee/DQPSK_CSK/Imag_Sync_FIFO/mem_reg[105][1]
  Impl DFF        imp:/WORK/zigbee/DQPSK_CSK/Imag_Sync_FIFO/mem_reg[105][1]

  Ref  DFF        ref:/WORK/zigbee/DQPSK_CSK/Imag_Sync_FIFO/mem_reg[106][0]
  Impl DFF        imp:/WORK/zigbee/DQPSK_CSK/Imag_Sync_FIFO/mem_reg[106][0]

  Ref  DFF        ref:/WORK/zigbee/DQPSK_CSK/Imag_Sync_FIFO/mem_reg[106][1]
  Impl DFF        imp:/WORK/zigbee/DQPSK_CSK/Imag_Sync_FIFO/mem_reg[106][1]

  Ref  DFF        ref:/WORK/zigbee/DQPSK_CSK/Imag_Sync_FIFO/mem_reg[107][0]
  Impl DFF        imp:/WORK/zigbee/DQPSK_CSK/Imag_Sync_FIFO/mem_reg[107][0]

  Ref  DFF        ref:/WORK/zigbee/DQPSK_CSK/Imag_Sync_FIFO/mem_reg[107][1]
  Impl DFF        imp:/WORK/zigbee/DQPSK_CSK/Imag_Sync_FIFO/mem_reg[107][1]

  Ref  DFF        ref:/WORK/zigbee/DQPSK_CSK/Imag_Sync_FIFO/mem_reg[108][0]
  Impl DFF        imp:/WORK/zigbee/DQPSK_CSK/Imag_Sync_FIFO/mem_reg[108][0]

  Ref  DFF        ref:/WORK/zigbee/DQPSK_CSK/Imag_Sync_FIFO/mem_reg[108][1]
  Impl DFF        imp:/WORK/zigbee/DQPSK_CSK/Imag_Sync_FIFO/mem_reg[108][1]

  Ref  DFF        ref:/WORK/zigbee/DQPSK_CSK/Imag_Sync_FIFO/mem_reg[109][0]
  Impl DFF        imp:/WORK/zigbee/DQPSK_CSK/Imag_Sync_FIFO/mem_reg[109][0]

  Ref  DFF        ref:/WORK/zigbee/DQPSK_CSK/Imag_Sync_FIFO/mem_reg[109][1]
  Impl DFF        imp:/WORK/zigbee/DQPSK_CSK/Imag_Sync_FIFO/mem_reg[109][1]

  Ref  DFF        ref:/WORK/zigbee/DQPSK_CSK/Imag_Sync_FIFO/mem_reg[10][0]
  Impl DFF        imp:/WORK/zigbee/DQPSK_CSK/Imag_Sync_FIFO/mem_reg[10][0]

  Ref  DFF        ref:/WORK/zigbee/DQPSK_CSK/Imag_Sync_FIFO/mem_reg[10][1]
  Impl DFF        imp:/WORK/zigbee/DQPSK_CSK/Imag_Sync_FIFO/mem_reg[10][1]

  Ref  DFF        ref:/WORK/zigbee/DQPSK_CSK/Imag_Sync_FIFO/mem_reg[110][0]
  Impl DFF        imp:/WORK/zigbee/DQPSK_CSK/Imag_Sync_FIFO/mem_reg[110][0]

  Ref  DFF        ref:/WORK/zigbee/DQPSK_CSK/Imag_Sync_FIFO/mem_reg[110][1]
  Impl DFF        imp:/WORK/zigbee/DQPSK_CSK/Imag_Sync_FIFO/mem_reg[110][1]

  Ref  DFF        ref:/WORK/zigbee/DQPSK_CSK/Imag_Sync_FIFO/mem_reg[111][0]
  Impl DFF        imp:/WORK/zigbee/DQPSK_CSK/Imag_Sync_FIFO/mem_reg[111][0]

  Ref  DFF        ref:/WORK/zigbee/DQPSK_CSK/Imag_Sync_FIFO/mem_reg[111][1]
  Impl DFF        imp:/WORK/zigbee/DQPSK_CSK/Imag_Sync_FIFO/mem_reg[111][1]

  Ref  DFF        ref:/WORK/zigbee/DQPSK_CSK/Imag_Sync_FIFO/mem_reg[112][0]
  Impl DFF        imp:/WORK/zigbee/DQPSK_CSK/Imag_Sync_FIFO/mem_reg[112][0]

  Ref  DFF        ref:/WORK/zigbee/DQPSK_CSK/Imag_Sync_FIFO/mem_reg[112][1]
  Impl DFF        imp:/WORK/zigbee/DQPSK_CSK/Imag_Sync_FIFO/mem_reg[112][1]

  Ref  DFF        ref:/WORK/zigbee/DQPSK_CSK/Imag_Sync_FIFO/mem_reg[113][0]
  Impl DFF        imp:/WORK/zigbee/DQPSK_CSK/Imag_Sync_FIFO/mem_reg[113][0]

  Ref  DFF        ref:/WORK/zigbee/DQPSK_CSK/Imag_Sync_FIFO/mem_reg[113][1]
  Impl DFF        imp:/WORK/zigbee/DQPSK_CSK/Imag_Sync_FIFO/mem_reg[113][1]

  Ref  DFF        ref:/WORK/zigbee/DQPSK_CSK/Imag_Sync_FIFO/mem_reg[114][0]
  Impl DFF        imp:/WORK/zigbee/DQPSK_CSK/Imag_Sync_FIFO/mem_reg[114][0]

  Ref  DFF        ref:/WORK/zigbee/DQPSK_CSK/Imag_Sync_FIFO/mem_reg[114][1]
  Impl DFF        imp:/WORK/zigbee/DQPSK_CSK/Imag_Sync_FIFO/mem_reg[114][1]

  Ref  DFF        ref:/WORK/zigbee/DQPSK_CSK/Imag_Sync_FIFO/mem_reg[115][0]
  Impl DFF        imp:/WORK/zigbee/DQPSK_CSK/Imag_Sync_FIFO/mem_reg[115][0]

  Ref  DFF        ref:/WORK/zigbee/DQPSK_CSK/Imag_Sync_FIFO/mem_reg[115][1]
  Impl DFF        imp:/WORK/zigbee/DQPSK_CSK/Imag_Sync_FIFO/mem_reg[115][1]

  Ref  DFF        ref:/WORK/zigbee/DQPSK_CSK/Imag_Sync_FIFO/mem_reg[116][0]
  Impl DFF        imp:/WORK/zigbee/DQPSK_CSK/Imag_Sync_FIFO/mem_reg[116][0]

  Ref  DFF        ref:/WORK/zigbee/DQPSK_CSK/Imag_Sync_FIFO/mem_reg[116][1]
  Impl DFF        imp:/WORK/zigbee/DQPSK_CSK/Imag_Sync_FIFO/mem_reg[116][1]

  Ref  DFF        ref:/WORK/zigbee/DQPSK_CSK/Imag_Sync_FIFO/mem_reg[117][0]
  Impl DFF        imp:/WORK/zigbee/DQPSK_CSK/Imag_Sync_FIFO/mem_reg[117][0]

  Ref  DFF        ref:/WORK/zigbee/DQPSK_CSK/Imag_Sync_FIFO/mem_reg[117][1]
  Impl DFF        imp:/WORK/zigbee/DQPSK_CSK/Imag_Sync_FIFO/mem_reg[117][1]

  Ref  DFF        ref:/WORK/zigbee/DQPSK_CSK/Imag_Sync_FIFO/mem_reg[118][0]
  Impl DFF        imp:/WORK/zigbee/DQPSK_CSK/Imag_Sync_FIFO/mem_reg[118][0]

  Ref  DFF        ref:/WORK/zigbee/DQPSK_CSK/Imag_Sync_FIFO/mem_reg[118][1]
  Impl DFF        imp:/WORK/zigbee/DQPSK_CSK/Imag_Sync_FIFO/mem_reg[118][1]

  Ref  DFF        ref:/WORK/zigbee/DQPSK_CSK/Imag_Sync_FIFO/mem_reg[119][0]
  Impl DFF        imp:/WORK/zigbee/DQPSK_CSK/Imag_Sync_FIFO/mem_reg[119][0]

  Ref  DFF        ref:/WORK/zigbee/DQPSK_CSK/Imag_Sync_FIFO/mem_reg[119][1]
  Impl DFF        imp:/WORK/zigbee/DQPSK_CSK/Imag_Sync_FIFO/mem_reg[119][1]

  Ref  DFF        ref:/WORK/zigbee/DQPSK_CSK/Imag_Sync_FIFO/mem_reg[11][0]
  Impl DFF        imp:/WORK/zigbee/DQPSK_CSK/Imag_Sync_FIFO/mem_reg[11][0]

  Ref  DFF        ref:/WORK/zigbee/DQPSK_CSK/Imag_Sync_FIFO/mem_reg[11][1]
  Impl DFF        imp:/WORK/zigbee/DQPSK_CSK/Imag_Sync_FIFO/mem_reg[11][1]

  Ref  DFF        ref:/WORK/zigbee/DQPSK_CSK/Imag_Sync_FIFO/mem_reg[120][0]
  Impl DFF        imp:/WORK/zigbee/DQPSK_CSK/Imag_Sync_FIFO/mem_reg[120][0]

  Ref  DFF        ref:/WORK/zigbee/DQPSK_CSK/Imag_Sync_FIFO/mem_reg[120][1]
  Impl DFF        imp:/WORK/zigbee/DQPSK_CSK/Imag_Sync_FIFO/mem_reg[120][1]

  Ref  DFF        ref:/WORK/zigbee/DQPSK_CSK/Imag_Sync_FIFO/mem_reg[121][0]
  Impl DFF        imp:/WORK/zigbee/DQPSK_CSK/Imag_Sync_FIFO/mem_reg[121][0]

  Ref  DFF        ref:/WORK/zigbee/DQPSK_CSK/Imag_Sync_FIFO/mem_reg[121][1]
  Impl DFF        imp:/WORK/zigbee/DQPSK_CSK/Imag_Sync_FIFO/mem_reg[121][1]

  Ref  DFF        ref:/WORK/zigbee/DQPSK_CSK/Imag_Sync_FIFO/mem_reg[122][0]
  Impl DFF        imp:/WORK/zigbee/DQPSK_CSK/Imag_Sync_FIFO/mem_reg[122][0]

  Ref  DFF        ref:/WORK/zigbee/DQPSK_CSK/Imag_Sync_FIFO/mem_reg[122][1]
  Impl DFF        imp:/WORK/zigbee/DQPSK_CSK/Imag_Sync_FIFO/mem_reg[122][1]

  Ref  DFF        ref:/WORK/zigbee/DQPSK_CSK/Imag_Sync_FIFO/mem_reg[123][0]
  Impl DFF        imp:/WORK/zigbee/DQPSK_CSK/Imag_Sync_FIFO/mem_reg[123][0]

  Ref  DFF        ref:/WORK/zigbee/DQPSK_CSK/Imag_Sync_FIFO/mem_reg[123][1]
  Impl DFF        imp:/WORK/zigbee/DQPSK_CSK/Imag_Sync_FIFO/mem_reg[123][1]

  Ref  DFF        ref:/WORK/zigbee/DQPSK_CSK/Imag_Sync_FIFO/mem_reg[124][0]
  Impl DFF        imp:/WORK/zigbee/DQPSK_CSK/Imag_Sync_FIFO/mem_reg[124][0]

  Ref  DFF        ref:/WORK/zigbee/DQPSK_CSK/Imag_Sync_FIFO/mem_reg[124][1]
  Impl DFF        imp:/WORK/zigbee/DQPSK_CSK/Imag_Sync_FIFO/mem_reg[124][1]

  Ref  DFF        ref:/WORK/zigbee/DQPSK_CSK/Imag_Sync_FIFO/mem_reg[125][0]
  Impl DFF        imp:/WORK/zigbee/DQPSK_CSK/Imag_Sync_FIFO/mem_reg[125][0]

  Ref  DFF        ref:/WORK/zigbee/DQPSK_CSK/Imag_Sync_FIFO/mem_reg[125][1]
  Impl DFF        imp:/WORK/zigbee/DQPSK_CSK/Imag_Sync_FIFO/mem_reg[125][1]

  Ref  DFF        ref:/WORK/zigbee/DQPSK_CSK/Imag_Sync_FIFO/mem_reg[126][0]
  Impl DFF        imp:/WORK/zigbee/DQPSK_CSK/Imag_Sync_FIFO/mem_reg[126][0]

  Ref  DFF        ref:/WORK/zigbee/DQPSK_CSK/Imag_Sync_FIFO/mem_reg[126][1]
  Impl DFF        imp:/WORK/zigbee/DQPSK_CSK/Imag_Sync_FIFO/mem_reg[126][1]

  Ref  DFF        ref:/WORK/zigbee/DQPSK_CSK/Imag_Sync_FIFO/mem_reg[127][0]
  Impl DFF        imp:/WORK/zigbee/DQPSK_CSK/Imag_Sync_FIFO/mem_reg[127][0]

  Ref  DFF        ref:/WORK/zigbee/DQPSK_CSK/Imag_Sync_FIFO/mem_reg[127][1]
  Impl DFF        imp:/WORK/zigbee/DQPSK_CSK/Imag_Sync_FIFO/mem_reg[127][1]

  Ref  DFF        ref:/WORK/zigbee/DQPSK_CSK/Imag_Sync_FIFO/mem_reg[128][0]
  Impl DFF        imp:/WORK/zigbee/DQPSK_CSK/Imag_Sync_FIFO/mem_reg[128][0]

  Ref  DFF        ref:/WORK/zigbee/DQPSK_CSK/Imag_Sync_FIFO/mem_reg[128][1]
  Impl DFF        imp:/WORK/zigbee/DQPSK_CSK/Imag_Sync_FIFO/mem_reg[128][1]

  Ref  DFF        ref:/WORK/zigbee/DQPSK_CSK/Imag_Sync_FIFO/mem_reg[129][0]
  Impl DFF        imp:/WORK/zigbee/DQPSK_CSK/Imag_Sync_FIFO/mem_reg[129][0]

  Ref  DFF        ref:/WORK/zigbee/DQPSK_CSK/Imag_Sync_FIFO/mem_reg[129][1]
  Impl DFF        imp:/WORK/zigbee/DQPSK_CSK/Imag_Sync_FIFO/mem_reg[129][1]

  Ref  DFF        ref:/WORK/zigbee/DQPSK_CSK/Imag_Sync_FIFO/mem_reg[12][0]
  Impl DFF        imp:/WORK/zigbee/DQPSK_CSK/Imag_Sync_FIFO/mem_reg[12][0]

  Ref  DFF        ref:/WORK/zigbee/DQPSK_CSK/Imag_Sync_FIFO/mem_reg[12][1]
  Impl DFF        imp:/WORK/zigbee/DQPSK_CSK/Imag_Sync_FIFO/mem_reg[12][1]

  Ref  DFF        ref:/WORK/zigbee/DQPSK_CSK/Imag_Sync_FIFO/mem_reg[130][0]
  Impl DFF        imp:/WORK/zigbee/DQPSK_CSK/Imag_Sync_FIFO/mem_reg[130][0]

  Ref  DFF        ref:/WORK/zigbee/DQPSK_CSK/Imag_Sync_FIFO/mem_reg[130][1]
  Impl DFF        imp:/WORK/zigbee/DQPSK_CSK/Imag_Sync_FIFO/mem_reg[130][1]

  Ref  DFF        ref:/WORK/zigbee/DQPSK_CSK/Imag_Sync_FIFO/mem_reg[131][0]
  Impl DFF        imp:/WORK/zigbee/DQPSK_CSK/Imag_Sync_FIFO/mem_reg[131][0]

  Ref  DFF        ref:/WORK/zigbee/DQPSK_CSK/Imag_Sync_FIFO/mem_reg[131][1]
  Impl DFF        imp:/WORK/zigbee/DQPSK_CSK/Imag_Sync_FIFO/mem_reg[131][1]

  Ref  DFF        ref:/WORK/zigbee/DQPSK_CSK/Imag_Sync_FIFO/mem_reg[132][0]
  Impl DFF        imp:/WORK/zigbee/DQPSK_CSK/Imag_Sync_FIFO/mem_reg[132][0]

  Ref  DFF        ref:/WORK/zigbee/DQPSK_CSK/Imag_Sync_FIFO/mem_reg[132][1]
  Impl DFF        imp:/WORK/zigbee/DQPSK_CSK/Imag_Sync_FIFO/mem_reg[132][1]

  Ref  DFF        ref:/WORK/zigbee/DQPSK_CSK/Imag_Sync_FIFO/mem_reg[133][0]
  Impl DFF        imp:/WORK/zigbee/DQPSK_CSK/Imag_Sync_FIFO/mem_reg[133][0]

  Ref  DFF        ref:/WORK/zigbee/DQPSK_CSK/Imag_Sync_FIFO/mem_reg[133][1]
  Impl DFF        imp:/WORK/zigbee/DQPSK_CSK/Imag_Sync_FIFO/mem_reg[133][1]

  Ref  DFF        ref:/WORK/zigbee/DQPSK_CSK/Imag_Sync_FIFO/mem_reg[134][0]
  Impl DFF        imp:/WORK/zigbee/DQPSK_CSK/Imag_Sync_FIFO/mem_reg[134][0]

  Ref  DFF        ref:/WORK/zigbee/DQPSK_CSK/Imag_Sync_FIFO/mem_reg[134][1]
  Impl DFF        imp:/WORK/zigbee/DQPSK_CSK/Imag_Sync_FIFO/mem_reg[134][1]

  Ref  DFF        ref:/WORK/zigbee/DQPSK_CSK/Imag_Sync_FIFO/mem_reg[135][0]
  Impl DFF        imp:/WORK/zigbee/DQPSK_CSK/Imag_Sync_FIFO/mem_reg[135][0]

  Ref  DFF        ref:/WORK/zigbee/DQPSK_CSK/Imag_Sync_FIFO/mem_reg[135][1]
  Impl DFF        imp:/WORK/zigbee/DQPSK_CSK/Imag_Sync_FIFO/mem_reg[135][1]

  Ref  DFF        ref:/WORK/zigbee/DQPSK_CSK/Imag_Sync_FIFO/mem_reg[136][0]
  Impl DFF        imp:/WORK/zigbee/DQPSK_CSK/Imag_Sync_FIFO/mem_reg[136][0]

  Ref  DFF        ref:/WORK/zigbee/DQPSK_CSK/Imag_Sync_FIFO/mem_reg[136][1]
  Impl DFF        imp:/WORK/zigbee/DQPSK_CSK/Imag_Sync_FIFO/mem_reg[136][1]

  Ref  DFF        ref:/WORK/zigbee/DQPSK_CSK/Imag_Sync_FIFO/mem_reg[137][0]
  Impl DFF        imp:/WORK/zigbee/DQPSK_CSK/Imag_Sync_FIFO/mem_reg[137][0]

  Ref  DFF        ref:/WORK/zigbee/DQPSK_CSK/Imag_Sync_FIFO/mem_reg[137][1]
  Impl DFF        imp:/WORK/zigbee/DQPSK_CSK/Imag_Sync_FIFO/mem_reg[137][1]

  Ref  DFF        ref:/WORK/zigbee/DQPSK_CSK/Imag_Sync_FIFO/mem_reg[138][0]
  Impl DFF        imp:/WORK/zigbee/DQPSK_CSK/Imag_Sync_FIFO/mem_reg[138][0]

  Ref  DFF        ref:/WORK/zigbee/DQPSK_CSK/Imag_Sync_FIFO/mem_reg[138][1]
  Impl DFF        imp:/WORK/zigbee/DQPSK_CSK/Imag_Sync_FIFO/mem_reg[138][1]

  Ref  DFF        ref:/WORK/zigbee/DQPSK_CSK/Imag_Sync_FIFO/mem_reg[139][0]
  Impl DFF        imp:/WORK/zigbee/DQPSK_CSK/Imag_Sync_FIFO/mem_reg[139][0]

  Ref  DFF        ref:/WORK/zigbee/DQPSK_CSK/Imag_Sync_FIFO/mem_reg[139][1]
  Impl DFF        imp:/WORK/zigbee/DQPSK_CSK/Imag_Sync_FIFO/mem_reg[139][1]

  Ref  DFF        ref:/WORK/zigbee/DQPSK_CSK/Imag_Sync_FIFO/mem_reg[13][0]
  Impl DFF        imp:/WORK/zigbee/DQPSK_CSK/Imag_Sync_FIFO/mem_reg[13][0]

  Ref  DFF        ref:/WORK/zigbee/DQPSK_CSK/Imag_Sync_FIFO/mem_reg[13][1]
  Impl DFF        imp:/WORK/zigbee/DQPSK_CSK/Imag_Sync_FIFO/mem_reg[13][1]

  Ref  DFF        ref:/WORK/zigbee/DQPSK_CSK/Imag_Sync_FIFO/mem_reg[140][0]
  Impl DFF        imp:/WORK/zigbee/DQPSK_CSK/Imag_Sync_FIFO/mem_reg[140][0]

  Ref  DFF        ref:/WORK/zigbee/DQPSK_CSK/Imag_Sync_FIFO/mem_reg[140][1]
  Impl DFF        imp:/WORK/zigbee/DQPSK_CSK/Imag_Sync_FIFO/mem_reg[140][1]

  Ref  DFF        ref:/WORK/zigbee/DQPSK_CSK/Imag_Sync_FIFO/mem_reg[141][0]
  Impl DFF        imp:/WORK/zigbee/DQPSK_CSK/Imag_Sync_FIFO/mem_reg[141][0]

  Ref  DFF        ref:/WORK/zigbee/DQPSK_CSK/Imag_Sync_FIFO/mem_reg[141][1]
  Impl DFF        imp:/WORK/zigbee/DQPSK_CSK/Imag_Sync_FIFO/mem_reg[141][1]

  Ref  DFF        ref:/WORK/zigbee/DQPSK_CSK/Imag_Sync_FIFO/mem_reg[142][0]
  Impl DFF        imp:/WORK/zigbee/DQPSK_CSK/Imag_Sync_FIFO/mem_reg[142][0]

  Ref  DFF        ref:/WORK/zigbee/DQPSK_CSK/Imag_Sync_FIFO/mem_reg[142][1]
  Impl DFF        imp:/WORK/zigbee/DQPSK_CSK/Imag_Sync_FIFO/mem_reg[142][1]

  Ref  DFF        ref:/WORK/zigbee/DQPSK_CSK/Imag_Sync_FIFO/mem_reg[143][0]
  Impl DFF        imp:/WORK/zigbee/DQPSK_CSK/Imag_Sync_FIFO/mem_reg[143][0]

  Ref  DFF        ref:/WORK/zigbee/DQPSK_CSK/Imag_Sync_FIFO/mem_reg[143][1]
  Impl DFF        imp:/WORK/zigbee/DQPSK_CSK/Imag_Sync_FIFO/mem_reg[143][1]

  Ref  DFF        ref:/WORK/zigbee/DQPSK_CSK/Imag_Sync_FIFO/mem_reg[144][0]
  Impl DFF        imp:/WORK/zigbee/DQPSK_CSK/Imag_Sync_FIFO/mem_reg[144][0]

  Ref  DFF        ref:/WORK/zigbee/DQPSK_CSK/Imag_Sync_FIFO/mem_reg[144][1]
  Impl DFF        imp:/WORK/zigbee/DQPSK_CSK/Imag_Sync_FIFO/mem_reg[144][1]

  Ref  DFF        ref:/WORK/zigbee/DQPSK_CSK/Imag_Sync_FIFO/mem_reg[145][0]
  Impl DFF        imp:/WORK/zigbee/DQPSK_CSK/Imag_Sync_FIFO/mem_reg[145][0]

  Ref  DFF        ref:/WORK/zigbee/DQPSK_CSK/Imag_Sync_FIFO/mem_reg[145][1]
  Impl DFF        imp:/WORK/zigbee/DQPSK_CSK/Imag_Sync_FIFO/mem_reg[145][1]

  Ref  DFF        ref:/WORK/zigbee/DQPSK_CSK/Imag_Sync_FIFO/mem_reg[146][0]
  Impl DFF        imp:/WORK/zigbee/DQPSK_CSK/Imag_Sync_FIFO/mem_reg[146][0]

  Ref  DFF        ref:/WORK/zigbee/DQPSK_CSK/Imag_Sync_FIFO/mem_reg[146][1]
  Impl DFF        imp:/WORK/zigbee/DQPSK_CSK/Imag_Sync_FIFO/mem_reg[146][1]

  Ref  DFF        ref:/WORK/zigbee/DQPSK_CSK/Imag_Sync_FIFO/mem_reg[147][0]
  Impl DFF        imp:/WORK/zigbee/DQPSK_CSK/Imag_Sync_FIFO/mem_reg[147][0]

  Ref  DFF        ref:/WORK/zigbee/DQPSK_CSK/Imag_Sync_FIFO/mem_reg[147][1]
  Impl DFF        imp:/WORK/zigbee/DQPSK_CSK/Imag_Sync_FIFO/mem_reg[147][1]

  Ref  DFF        ref:/WORK/zigbee/DQPSK_CSK/Imag_Sync_FIFO/mem_reg[148][0]
  Impl DFF        imp:/WORK/zigbee/DQPSK_CSK/Imag_Sync_FIFO/mem_reg[148][0]

  Ref  DFF        ref:/WORK/zigbee/DQPSK_CSK/Imag_Sync_FIFO/mem_reg[148][1]
  Impl DFF        imp:/WORK/zigbee/DQPSK_CSK/Imag_Sync_FIFO/mem_reg[148][1]

  Ref  DFF        ref:/WORK/zigbee/DQPSK_CSK/Imag_Sync_FIFO/mem_reg[149][0]
  Impl DFF        imp:/WORK/zigbee/DQPSK_CSK/Imag_Sync_FIFO/mem_reg[149][0]

  Ref  DFF        ref:/WORK/zigbee/DQPSK_CSK/Imag_Sync_FIFO/mem_reg[149][1]
  Impl DFF        imp:/WORK/zigbee/DQPSK_CSK/Imag_Sync_FIFO/mem_reg[149][1]

  Ref  DFF        ref:/WORK/zigbee/DQPSK_CSK/Imag_Sync_FIFO/mem_reg[14][0]
  Impl DFF        imp:/WORK/zigbee/DQPSK_CSK/Imag_Sync_FIFO/mem_reg[14][0]

  Ref  DFF        ref:/WORK/zigbee/DQPSK_CSK/Imag_Sync_FIFO/mem_reg[14][1]
  Impl DFF        imp:/WORK/zigbee/DQPSK_CSK/Imag_Sync_FIFO/mem_reg[14][1]

  Ref  DFF        ref:/WORK/zigbee/DQPSK_CSK/Imag_Sync_FIFO/mem_reg[150][0]
  Impl DFF        imp:/WORK/zigbee/DQPSK_CSK/Imag_Sync_FIFO/mem_reg[150][0]

  Ref  DFF        ref:/WORK/zigbee/DQPSK_CSK/Imag_Sync_FIFO/mem_reg[150][1]
  Impl DFF        imp:/WORK/zigbee/DQPSK_CSK/Imag_Sync_FIFO/mem_reg[150][1]

  Ref  DFF        ref:/WORK/zigbee/DQPSK_CSK/Imag_Sync_FIFO/mem_reg[151][0]
  Impl DFF        imp:/WORK/zigbee/DQPSK_CSK/Imag_Sync_FIFO/mem_reg[151][0]

  Ref  DFF        ref:/WORK/zigbee/DQPSK_CSK/Imag_Sync_FIFO/mem_reg[151][1]
  Impl DFF        imp:/WORK/zigbee/DQPSK_CSK/Imag_Sync_FIFO/mem_reg[151][1]

  Ref  DFF        ref:/WORK/zigbee/DQPSK_CSK/Imag_Sync_FIFO/mem_reg[152][0]
  Impl DFF        imp:/WORK/zigbee/DQPSK_CSK/Imag_Sync_FIFO/mem_reg[152][0]

  Ref  DFF        ref:/WORK/zigbee/DQPSK_CSK/Imag_Sync_FIFO/mem_reg[152][1]
  Impl DFF        imp:/WORK/zigbee/DQPSK_CSK/Imag_Sync_FIFO/mem_reg[152][1]

  Ref  DFF        ref:/WORK/zigbee/DQPSK_CSK/Imag_Sync_FIFO/mem_reg[153][0]
  Impl DFF        imp:/WORK/zigbee/DQPSK_CSK/Imag_Sync_FIFO/mem_reg[153][0]

  Ref  DFF        ref:/WORK/zigbee/DQPSK_CSK/Imag_Sync_FIFO/mem_reg[153][1]
  Impl DFF        imp:/WORK/zigbee/DQPSK_CSK/Imag_Sync_FIFO/mem_reg[153][1]

  Ref  DFF        ref:/WORK/zigbee/DQPSK_CSK/Imag_Sync_FIFO/mem_reg[154][0]
  Impl DFF        imp:/WORK/zigbee/DQPSK_CSK/Imag_Sync_FIFO/mem_reg[154][0]

  Ref  DFF        ref:/WORK/zigbee/DQPSK_CSK/Imag_Sync_FIFO/mem_reg[154][1]
  Impl DFF        imp:/WORK/zigbee/DQPSK_CSK/Imag_Sync_FIFO/mem_reg[154][1]

  Ref  DFF        ref:/WORK/zigbee/DQPSK_CSK/Imag_Sync_FIFO/mem_reg[155][0]
  Impl DFF        imp:/WORK/zigbee/DQPSK_CSK/Imag_Sync_FIFO/mem_reg[155][0]

  Ref  DFF        ref:/WORK/zigbee/DQPSK_CSK/Imag_Sync_FIFO/mem_reg[155][1]
  Impl DFF        imp:/WORK/zigbee/DQPSK_CSK/Imag_Sync_FIFO/mem_reg[155][1]

  Ref  DFF        ref:/WORK/zigbee/DQPSK_CSK/Imag_Sync_FIFO/mem_reg[156][0]
  Impl DFF        imp:/WORK/zigbee/DQPSK_CSK/Imag_Sync_FIFO/mem_reg[156][0]

  Ref  DFF        ref:/WORK/zigbee/DQPSK_CSK/Imag_Sync_FIFO/mem_reg[156][1]
  Impl DFF        imp:/WORK/zigbee/DQPSK_CSK/Imag_Sync_FIFO/mem_reg[156][1]

  Ref  DFF        ref:/WORK/zigbee/DQPSK_CSK/Imag_Sync_FIFO/mem_reg[157][0]
  Impl DFF        imp:/WORK/zigbee/DQPSK_CSK/Imag_Sync_FIFO/mem_reg[157][0]

  Ref  DFF        ref:/WORK/zigbee/DQPSK_CSK/Imag_Sync_FIFO/mem_reg[157][1]
  Impl DFF        imp:/WORK/zigbee/DQPSK_CSK/Imag_Sync_FIFO/mem_reg[157][1]

  Ref  DFF        ref:/WORK/zigbee/DQPSK_CSK/Imag_Sync_FIFO/mem_reg[158][0]
  Impl DFF        imp:/WORK/zigbee/DQPSK_CSK/Imag_Sync_FIFO/mem_reg[158][0]

  Ref  DFF        ref:/WORK/zigbee/DQPSK_CSK/Imag_Sync_FIFO/mem_reg[158][1]
  Impl DFF        imp:/WORK/zigbee/DQPSK_CSK/Imag_Sync_FIFO/mem_reg[158][1]

  Ref  DFF        ref:/WORK/zigbee/DQPSK_CSK/Imag_Sync_FIFO/mem_reg[159][0]
  Impl DFF        imp:/WORK/zigbee/DQPSK_CSK/Imag_Sync_FIFO/mem_reg[159][0]

  Ref  DFF        ref:/WORK/zigbee/DQPSK_CSK/Imag_Sync_FIFO/mem_reg[159][1]
  Impl DFF        imp:/WORK/zigbee/DQPSK_CSK/Imag_Sync_FIFO/mem_reg[159][1]

  Ref  DFF        ref:/WORK/zigbee/DQPSK_CSK/Imag_Sync_FIFO/mem_reg[15][0]
  Impl DFF        imp:/WORK/zigbee/DQPSK_CSK/Imag_Sync_FIFO/mem_reg[15][0]

  Ref  DFF        ref:/WORK/zigbee/DQPSK_CSK/Imag_Sync_FIFO/mem_reg[15][1]
  Impl DFF        imp:/WORK/zigbee/DQPSK_CSK/Imag_Sync_FIFO/mem_reg[15][1]

  Ref  DFF        ref:/WORK/zigbee/DQPSK_CSK/Imag_Sync_FIFO/mem_reg[160][0]
  Impl DFF        imp:/WORK/zigbee/DQPSK_CSK/Imag_Sync_FIFO/mem_reg[160][0]

  Ref  DFF        ref:/WORK/zigbee/DQPSK_CSK/Imag_Sync_FIFO/mem_reg[160][1]
  Impl DFF        imp:/WORK/zigbee/DQPSK_CSK/Imag_Sync_FIFO/mem_reg[160][1]

  Ref  DFF        ref:/WORK/zigbee/DQPSK_CSK/Imag_Sync_FIFO/mem_reg[161][0]
  Impl DFF        imp:/WORK/zigbee/DQPSK_CSK/Imag_Sync_FIFO/mem_reg[161][0]

  Ref  DFF        ref:/WORK/zigbee/DQPSK_CSK/Imag_Sync_FIFO/mem_reg[161][1]
  Impl DFF        imp:/WORK/zigbee/DQPSK_CSK/Imag_Sync_FIFO/mem_reg[161][1]

  Ref  DFF        ref:/WORK/zigbee/DQPSK_CSK/Imag_Sync_FIFO/mem_reg[162][0]
  Impl DFF        imp:/WORK/zigbee/DQPSK_CSK/Imag_Sync_FIFO/mem_reg[162][0]

  Ref  DFF        ref:/WORK/zigbee/DQPSK_CSK/Imag_Sync_FIFO/mem_reg[162][1]
  Impl DFF        imp:/WORK/zigbee/DQPSK_CSK/Imag_Sync_FIFO/mem_reg[162][1]

  Ref  DFF        ref:/WORK/zigbee/DQPSK_CSK/Imag_Sync_FIFO/mem_reg[163][0]
  Impl DFF        imp:/WORK/zigbee/DQPSK_CSK/Imag_Sync_FIFO/mem_reg[163][0]

  Ref  DFF        ref:/WORK/zigbee/DQPSK_CSK/Imag_Sync_FIFO/mem_reg[163][1]
  Impl DFF        imp:/WORK/zigbee/DQPSK_CSK/Imag_Sync_FIFO/mem_reg[163][1]

  Ref  DFF        ref:/WORK/zigbee/DQPSK_CSK/Imag_Sync_FIFO/mem_reg[164][0]
  Impl DFF        imp:/WORK/zigbee/DQPSK_CSK/Imag_Sync_FIFO/mem_reg[164][0]

  Ref  DFF        ref:/WORK/zigbee/DQPSK_CSK/Imag_Sync_FIFO/mem_reg[164][1]
  Impl DFF        imp:/WORK/zigbee/DQPSK_CSK/Imag_Sync_FIFO/mem_reg[164][1]

  Ref  DFF        ref:/WORK/zigbee/DQPSK_CSK/Imag_Sync_FIFO/mem_reg[165][0]
  Impl DFF        imp:/WORK/zigbee/DQPSK_CSK/Imag_Sync_FIFO/mem_reg[165][0]

  Ref  DFF        ref:/WORK/zigbee/DQPSK_CSK/Imag_Sync_FIFO/mem_reg[165][1]
  Impl DFF        imp:/WORK/zigbee/DQPSK_CSK/Imag_Sync_FIFO/mem_reg[165][1]

  Ref  DFF        ref:/WORK/zigbee/DQPSK_CSK/Imag_Sync_FIFO/mem_reg[166][0]
  Impl DFF        imp:/WORK/zigbee/DQPSK_CSK/Imag_Sync_FIFO/mem_reg[166][0]

  Ref  DFF        ref:/WORK/zigbee/DQPSK_CSK/Imag_Sync_FIFO/mem_reg[166][1]
  Impl DFF        imp:/WORK/zigbee/DQPSK_CSK/Imag_Sync_FIFO/mem_reg[166][1]

  Ref  DFF        ref:/WORK/zigbee/DQPSK_CSK/Imag_Sync_FIFO/mem_reg[167][0]
  Impl DFF        imp:/WORK/zigbee/DQPSK_CSK/Imag_Sync_FIFO/mem_reg[167][0]

  Ref  DFF        ref:/WORK/zigbee/DQPSK_CSK/Imag_Sync_FIFO/mem_reg[167][1]
  Impl DFF        imp:/WORK/zigbee/DQPSK_CSK/Imag_Sync_FIFO/mem_reg[167][1]

  Ref  DFF        ref:/WORK/zigbee/DQPSK_CSK/Imag_Sync_FIFO/mem_reg[168][0]
  Impl DFF        imp:/WORK/zigbee/DQPSK_CSK/Imag_Sync_FIFO/mem_reg[168][0]

  Ref  DFF        ref:/WORK/zigbee/DQPSK_CSK/Imag_Sync_FIFO/mem_reg[168][1]
  Impl DFF        imp:/WORK/zigbee/DQPSK_CSK/Imag_Sync_FIFO/mem_reg[168][1]

  Ref  DFF        ref:/WORK/zigbee/DQPSK_CSK/Imag_Sync_FIFO/mem_reg[169][0]
  Impl DFF        imp:/WORK/zigbee/DQPSK_CSK/Imag_Sync_FIFO/mem_reg[169][0]

  Ref  DFF        ref:/WORK/zigbee/DQPSK_CSK/Imag_Sync_FIFO/mem_reg[169][1]
  Impl DFF        imp:/WORK/zigbee/DQPSK_CSK/Imag_Sync_FIFO/mem_reg[169][1]

  Ref  DFF        ref:/WORK/zigbee/DQPSK_CSK/Imag_Sync_FIFO/mem_reg[16][0]
  Impl DFF        imp:/WORK/zigbee/DQPSK_CSK/Imag_Sync_FIFO/mem_reg[16][0]

  Ref  DFF        ref:/WORK/zigbee/DQPSK_CSK/Imag_Sync_FIFO/mem_reg[16][1]
  Impl DFF        imp:/WORK/zigbee/DQPSK_CSK/Imag_Sync_FIFO/mem_reg[16][1]

  Ref  DFF        ref:/WORK/zigbee/DQPSK_CSK/Imag_Sync_FIFO/mem_reg[170][0]
  Impl DFF        imp:/WORK/zigbee/DQPSK_CSK/Imag_Sync_FIFO/mem_reg[170][0]

  Ref  DFF        ref:/WORK/zigbee/DQPSK_CSK/Imag_Sync_FIFO/mem_reg[170][1]
  Impl DFF        imp:/WORK/zigbee/DQPSK_CSK/Imag_Sync_FIFO/mem_reg[170][1]

  Ref  DFF        ref:/WORK/zigbee/DQPSK_CSK/Imag_Sync_FIFO/mem_reg[171][0]
  Impl DFF        imp:/WORK/zigbee/DQPSK_CSK/Imag_Sync_FIFO/mem_reg[171][0]

  Ref  DFF        ref:/WORK/zigbee/DQPSK_CSK/Imag_Sync_FIFO/mem_reg[171][1]
  Impl DFF        imp:/WORK/zigbee/DQPSK_CSK/Imag_Sync_FIFO/mem_reg[171][1]

  Ref  DFF        ref:/WORK/zigbee/DQPSK_CSK/Imag_Sync_FIFO/mem_reg[172][0]
  Impl DFF        imp:/WORK/zigbee/DQPSK_CSK/Imag_Sync_FIFO/mem_reg[172][0]

  Ref  DFF        ref:/WORK/zigbee/DQPSK_CSK/Imag_Sync_FIFO/mem_reg[172][1]
  Impl DFF        imp:/WORK/zigbee/DQPSK_CSK/Imag_Sync_FIFO/mem_reg[172][1]

  Ref  DFF        ref:/WORK/zigbee/DQPSK_CSK/Imag_Sync_FIFO/mem_reg[173][0]
  Impl DFF        imp:/WORK/zigbee/DQPSK_CSK/Imag_Sync_FIFO/mem_reg[173][0]

  Ref  DFF        ref:/WORK/zigbee/DQPSK_CSK/Imag_Sync_FIFO/mem_reg[173][1]
  Impl DFF        imp:/WORK/zigbee/DQPSK_CSK/Imag_Sync_FIFO/mem_reg[173][1]

  Ref  DFF        ref:/WORK/zigbee/DQPSK_CSK/Imag_Sync_FIFO/mem_reg[174][0]
  Impl DFF        imp:/WORK/zigbee/DQPSK_CSK/Imag_Sync_FIFO/mem_reg[174][0]

  Ref  DFF        ref:/WORK/zigbee/DQPSK_CSK/Imag_Sync_FIFO/mem_reg[174][1]
  Impl DFF        imp:/WORK/zigbee/DQPSK_CSK/Imag_Sync_FIFO/mem_reg[174][1]

  Ref  DFF        ref:/WORK/zigbee/DQPSK_CSK/Imag_Sync_FIFO/mem_reg[175][0]
  Impl DFF        imp:/WORK/zigbee/DQPSK_CSK/Imag_Sync_FIFO/mem_reg[175][0]

  Ref  DFF        ref:/WORK/zigbee/DQPSK_CSK/Imag_Sync_FIFO/mem_reg[175][1]
  Impl DFF        imp:/WORK/zigbee/DQPSK_CSK/Imag_Sync_FIFO/mem_reg[175][1]

  Ref  DFF        ref:/WORK/zigbee/DQPSK_CSK/Imag_Sync_FIFO/mem_reg[176][0]
  Impl DFF        imp:/WORK/zigbee/DQPSK_CSK/Imag_Sync_FIFO/mem_reg[176][0]

  Ref  DFF        ref:/WORK/zigbee/DQPSK_CSK/Imag_Sync_FIFO/mem_reg[176][1]
  Impl DFF        imp:/WORK/zigbee/DQPSK_CSK/Imag_Sync_FIFO/mem_reg[176][1]

  Ref  DFF        ref:/WORK/zigbee/DQPSK_CSK/Imag_Sync_FIFO/mem_reg[177][0]
  Impl DFF        imp:/WORK/zigbee/DQPSK_CSK/Imag_Sync_FIFO/mem_reg[177][0]

  Ref  DFF        ref:/WORK/zigbee/DQPSK_CSK/Imag_Sync_FIFO/mem_reg[177][1]
  Impl DFF        imp:/WORK/zigbee/DQPSK_CSK/Imag_Sync_FIFO/mem_reg[177][1]

  Ref  DFF        ref:/WORK/zigbee/DQPSK_CSK/Imag_Sync_FIFO/mem_reg[178][0]
  Impl DFF        imp:/WORK/zigbee/DQPSK_CSK/Imag_Sync_FIFO/mem_reg[178][0]

  Ref  DFF        ref:/WORK/zigbee/DQPSK_CSK/Imag_Sync_FIFO/mem_reg[178][1]
  Impl DFF        imp:/WORK/zigbee/DQPSK_CSK/Imag_Sync_FIFO/mem_reg[178][1]

  Ref  DFF        ref:/WORK/zigbee/DQPSK_CSK/Imag_Sync_FIFO/mem_reg[179][0]
  Impl DFF        imp:/WORK/zigbee/DQPSK_CSK/Imag_Sync_FIFO/mem_reg[179][0]

  Ref  DFF        ref:/WORK/zigbee/DQPSK_CSK/Imag_Sync_FIFO/mem_reg[179][1]
  Impl DFF        imp:/WORK/zigbee/DQPSK_CSK/Imag_Sync_FIFO/mem_reg[179][1]

  Ref  DFF        ref:/WORK/zigbee/DQPSK_CSK/Imag_Sync_FIFO/mem_reg[17][0]
  Impl DFF        imp:/WORK/zigbee/DQPSK_CSK/Imag_Sync_FIFO/mem_reg[17][0]

  Ref  DFF        ref:/WORK/zigbee/DQPSK_CSK/Imag_Sync_FIFO/mem_reg[17][1]
  Impl DFF        imp:/WORK/zigbee/DQPSK_CSK/Imag_Sync_FIFO/mem_reg[17][1]

  Ref  DFF        ref:/WORK/zigbee/DQPSK_CSK/Imag_Sync_FIFO/mem_reg[180][0]
  Impl DFF        imp:/WORK/zigbee/DQPSK_CSK/Imag_Sync_FIFO/mem_reg[180][0]

  Ref  DFF        ref:/WORK/zigbee/DQPSK_CSK/Imag_Sync_FIFO/mem_reg[180][1]
  Impl DFF        imp:/WORK/zigbee/DQPSK_CSK/Imag_Sync_FIFO/mem_reg[180][1]

  Ref  DFF        ref:/WORK/zigbee/DQPSK_CSK/Imag_Sync_FIFO/mem_reg[181][0]
  Impl DFF        imp:/WORK/zigbee/DQPSK_CSK/Imag_Sync_FIFO/mem_reg[181][0]

  Ref  DFF        ref:/WORK/zigbee/DQPSK_CSK/Imag_Sync_FIFO/mem_reg[181][1]
  Impl DFF        imp:/WORK/zigbee/DQPSK_CSK/Imag_Sync_FIFO/mem_reg[181][1]

  Ref  DFF        ref:/WORK/zigbee/DQPSK_CSK/Imag_Sync_FIFO/mem_reg[182][0]
  Impl DFF        imp:/WORK/zigbee/DQPSK_CSK/Imag_Sync_FIFO/mem_reg[182][0]

  Ref  DFF        ref:/WORK/zigbee/DQPSK_CSK/Imag_Sync_FIFO/mem_reg[182][1]
  Impl DFF        imp:/WORK/zigbee/DQPSK_CSK/Imag_Sync_FIFO/mem_reg[182][1]

  Ref  DFF        ref:/WORK/zigbee/DQPSK_CSK/Imag_Sync_FIFO/mem_reg[183][0]
  Impl DFF        imp:/WORK/zigbee/DQPSK_CSK/Imag_Sync_FIFO/mem_reg[183][0]

  Ref  DFF        ref:/WORK/zigbee/DQPSK_CSK/Imag_Sync_FIFO/mem_reg[183][1]
  Impl DFF        imp:/WORK/zigbee/DQPSK_CSK/Imag_Sync_FIFO/mem_reg[183][1]

  Ref  DFF        ref:/WORK/zigbee/DQPSK_CSK/Imag_Sync_FIFO/mem_reg[184][0]
  Impl DFF        imp:/WORK/zigbee/DQPSK_CSK/Imag_Sync_FIFO/mem_reg[184][0]

  Ref  DFF        ref:/WORK/zigbee/DQPSK_CSK/Imag_Sync_FIFO/mem_reg[184][1]
  Impl DFF        imp:/WORK/zigbee/DQPSK_CSK/Imag_Sync_FIFO/mem_reg[184][1]

  Ref  DFF        ref:/WORK/zigbee/DQPSK_CSK/Imag_Sync_FIFO/mem_reg[185][0]
  Impl DFF        imp:/WORK/zigbee/DQPSK_CSK/Imag_Sync_FIFO/mem_reg[185][0]

  Ref  DFF        ref:/WORK/zigbee/DQPSK_CSK/Imag_Sync_FIFO/mem_reg[185][1]
  Impl DFF        imp:/WORK/zigbee/DQPSK_CSK/Imag_Sync_FIFO/mem_reg[185][1]

  Ref  DFF        ref:/WORK/zigbee/DQPSK_CSK/Imag_Sync_FIFO/mem_reg[186][0]
  Impl DFF        imp:/WORK/zigbee/DQPSK_CSK/Imag_Sync_FIFO/mem_reg[186][0]

  Ref  DFF        ref:/WORK/zigbee/DQPSK_CSK/Imag_Sync_FIFO/mem_reg[186][1]
  Impl DFF        imp:/WORK/zigbee/DQPSK_CSK/Imag_Sync_FIFO/mem_reg[186][1]

  Ref  DFF        ref:/WORK/zigbee/DQPSK_CSK/Imag_Sync_FIFO/mem_reg[187][0]
  Impl DFF        imp:/WORK/zigbee/DQPSK_CSK/Imag_Sync_FIFO/mem_reg[187][0]

  Ref  DFF        ref:/WORK/zigbee/DQPSK_CSK/Imag_Sync_FIFO/mem_reg[187][1]
  Impl DFF        imp:/WORK/zigbee/DQPSK_CSK/Imag_Sync_FIFO/mem_reg[187][1]

  Ref  DFF        ref:/WORK/zigbee/DQPSK_CSK/Imag_Sync_FIFO/mem_reg[188][0]
  Impl DFF        imp:/WORK/zigbee/DQPSK_CSK/Imag_Sync_FIFO/mem_reg[188][0]

  Ref  DFF        ref:/WORK/zigbee/DQPSK_CSK/Imag_Sync_FIFO/mem_reg[188][1]
  Impl DFF        imp:/WORK/zigbee/DQPSK_CSK/Imag_Sync_FIFO/mem_reg[188][1]

  Ref  DFF        ref:/WORK/zigbee/DQPSK_CSK/Imag_Sync_FIFO/mem_reg[189][0]
  Impl DFF        imp:/WORK/zigbee/DQPSK_CSK/Imag_Sync_FIFO/mem_reg[189][0]

  Ref  DFF        ref:/WORK/zigbee/DQPSK_CSK/Imag_Sync_FIFO/mem_reg[189][1]
  Impl DFF        imp:/WORK/zigbee/DQPSK_CSK/Imag_Sync_FIFO/mem_reg[189][1]

  Ref  DFF        ref:/WORK/zigbee/DQPSK_CSK/Imag_Sync_FIFO/mem_reg[18][0]
  Impl DFF        imp:/WORK/zigbee/DQPSK_CSK/Imag_Sync_FIFO/mem_reg[18][0]

  Ref  DFF        ref:/WORK/zigbee/DQPSK_CSK/Imag_Sync_FIFO/mem_reg[18][1]
  Impl DFF        imp:/WORK/zigbee/DQPSK_CSK/Imag_Sync_FIFO/mem_reg[18][1]

  Ref  DFF        ref:/WORK/zigbee/DQPSK_CSK/Imag_Sync_FIFO/mem_reg[190][0]
  Impl DFF        imp:/WORK/zigbee/DQPSK_CSK/Imag_Sync_FIFO/mem_reg[190][0]

  Ref  DFF        ref:/WORK/zigbee/DQPSK_CSK/Imag_Sync_FIFO/mem_reg[190][1]
  Impl DFF        imp:/WORK/zigbee/DQPSK_CSK/Imag_Sync_FIFO/mem_reg[190][1]

  Ref  DFF        ref:/WORK/zigbee/DQPSK_CSK/Imag_Sync_FIFO/mem_reg[191][0]
  Impl DFF        imp:/WORK/zigbee/DQPSK_CSK/Imag_Sync_FIFO/mem_reg[191][0]

  Ref  DFF        ref:/WORK/zigbee/DQPSK_CSK/Imag_Sync_FIFO/mem_reg[191][1]
  Impl DFF        imp:/WORK/zigbee/DQPSK_CSK/Imag_Sync_FIFO/mem_reg[191][1]

  Ref  DFF        ref:/WORK/zigbee/DQPSK_CSK/Imag_Sync_FIFO/mem_reg[192][0]
  Impl DFF        imp:/WORK/zigbee/DQPSK_CSK/Imag_Sync_FIFO/mem_reg[192][0]

  Ref  DFF        ref:/WORK/zigbee/DQPSK_CSK/Imag_Sync_FIFO/mem_reg[192][1]
  Impl DFF        imp:/WORK/zigbee/DQPSK_CSK/Imag_Sync_FIFO/mem_reg[192][1]

  Ref  DFF        ref:/WORK/zigbee/DQPSK_CSK/Imag_Sync_FIFO/mem_reg[193][0]
  Impl DFF        imp:/WORK/zigbee/DQPSK_CSK/Imag_Sync_FIFO/mem_reg[193][0]

  Ref  DFF        ref:/WORK/zigbee/DQPSK_CSK/Imag_Sync_FIFO/mem_reg[193][1]
  Impl DFF        imp:/WORK/zigbee/DQPSK_CSK/Imag_Sync_FIFO/mem_reg[193][1]

  Ref  DFF        ref:/WORK/zigbee/DQPSK_CSK/Imag_Sync_FIFO/mem_reg[194][0]
  Impl DFF        imp:/WORK/zigbee/DQPSK_CSK/Imag_Sync_FIFO/mem_reg[194][0]

  Ref  DFF        ref:/WORK/zigbee/DQPSK_CSK/Imag_Sync_FIFO/mem_reg[194][1]
  Impl DFF        imp:/WORK/zigbee/DQPSK_CSK/Imag_Sync_FIFO/mem_reg[194][1]

  Ref  DFF        ref:/WORK/zigbee/DQPSK_CSK/Imag_Sync_FIFO/mem_reg[195][0]
  Impl DFF        imp:/WORK/zigbee/DQPSK_CSK/Imag_Sync_FIFO/mem_reg[195][0]

  Ref  DFF        ref:/WORK/zigbee/DQPSK_CSK/Imag_Sync_FIFO/mem_reg[195][1]
  Impl DFF        imp:/WORK/zigbee/DQPSK_CSK/Imag_Sync_FIFO/mem_reg[195][1]

  Ref  DFF        ref:/WORK/zigbee/DQPSK_CSK/Imag_Sync_FIFO/mem_reg[196][0]
  Impl DFF        imp:/WORK/zigbee/DQPSK_CSK/Imag_Sync_FIFO/mem_reg[196][0]

  Ref  DFF        ref:/WORK/zigbee/DQPSK_CSK/Imag_Sync_FIFO/mem_reg[196][1]
  Impl DFF        imp:/WORK/zigbee/DQPSK_CSK/Imag_Sync_FIFO/mem_reg[196][1]

  Ref  DFF        ref:/WORK/zigbee/DQPSK_CSK/Imag_Sync_FIFO/mem_reg[197][0]
  Impl DFF        imp:/WORK/zigbee/DQPSK_CSK/Imag_Sync_FIFO/mem_reg[197][0]

  Ref  DFF        ref:/WORK/zigbee/DQPSK_CSK/Imag_Sync_FIFO/mem_reg[197][1]
  Impl DFF        imp:/WORK/zigbee/DQPSK_CSK/Imag_Sync_FIFO/mem_reg[197][1]

  Ref  DFF        ref:/WORK/zigbee/DQPSK_CSK/Imag_Sync_FIFO/mem_reg[198][0]
  Impl DFF        imp:/WORK/zigbee/DQPSK_CSK/Imag_Sync_FIFO/mem_reg[198][0]

  Ref  DFF        ref:/WORK/zigbee/DQPSK_CSK/Imag_Sync_FIFO/mem_reg[198][1]
  Impl DFF        imp:/WORK/zigbee/DQPSK_CSK/Imag_Sync_FIFO/mem_reg[198][1]

  Ref  DFF        ref:/WORK/zigbee/DQPSK_CSK/Imag_Sync_FIFO/mem_reg[199][0]
  Impl DFF        imp:/WORK/zigbee/DQPSK_CSK/Imag_Sync_FIFO/mem_reg[199][0]

  Ref  DFF        ref:/WORK/zigbee/DQPSK_CSK/Imag_Sync_FIFO/mem_reg[199][1]
  Impl DFF        imp:/WORK/zigbee/DQPSK_CSK/Imag_Sync_FIFO/mem_reg[199][1]

  Ref  DFF        ref:/WORK/zigbee/DQPSK_CSK/Imag_Sync_FIFO/mem_reg[19][0]
  Impl DFF        imp:/WORK/zigbee/DQPSK_CSK/Imag_Sync_FIFO/mem_reg[19][0]

  Ref  DFF        ref:/WORK/zigbee/DQPSK_CSK/Imag_Sync_FIFO/mem_reg[19][1]
  Impl DFF        imp:/WORK/zigbee/DQPSK_CSK/Imag_Sync_FIFO/mem_reg[19][1]

  Ref  DFF        ref:/WORK/zigbee/DQPSK_CSK/Imag_Sync_FIFO/mem_reg[1][0]
  Impl DFF        imp:/WORK/zigbee/DQPSK_CSK/Imag_Sync_FIFO/mem_reg[1][0]

  Ref  DFF        ref:/WORK/zigbee/DQPSK_CSK/Imag_Sync_FIFO/mem_reg[1][1]
  Impl DFF        imp:/WORK/zigbee/DQPSK_CSK/Imag_Sync_FIFO/mem_reg[1][1]

  Ref  DFF        ref:/WORK/zigbee/DQPSK_CSK/Imag_Sync_FIFO/mem_reg[200][0]
  Impl DFF        imp:/WORK/zigbee/DQPSK_CSK/Imag_Sync_FIFO/mem_reg[200][0]

  Ref  DFF        ref:/WORK/zigbee/DQPSK_CSK/Imag_Sync_FIFO/mem_reg[200][1]
  Impl DFF        imp:/WORK/zigbee/DQPSK_CSK/Imag_Sync_FIFO/mem_reg[200][1]

  Ref  DFF        ref:/WORK/zigbee/DQPSK_CSK/Imag_Sync_FIFO/mem_reg[201][0]
  Impl DFF        imp:/WORK/zigbee/DQPSK_CSK/Imag_Sync_FIFO/mem_reg[201][0]

  Ref  DFF        ref:/WORK/zigbee/DQPSK_CSK/Imag_Sync_FIFO/mem_reg[201][1]
  Impl DFF        imp:/WORK/zigbee/DQPSK_CSK/Imag_Sync_FIFO/mem_reg[201][1]

  Ref  DFF        ref:/WORK/zigbee/DQPSK_CSK/Imag_Sync_FIFO/mem_reg[202][0]
  Impl DFF        imp:/WORK/zigbee/DQPSK_CSK/Imag_Sync_FIFO/mem_reg[202][0]

  Ref  DFF        ref:/WORK/zigbee/DQPSK_CSK/Imag_Sync_FIFO/mem_reg[202][1]
  Impl DFF        imp:/WORK/zigbee/DQPSK_CSK/Imag_Sync_FIFO/mem_reg[202][1]

  Ref  DFF        ref:/WORK/zigbee/DQPSK_CSK/Imag_Sync_FIFO/mem_reg[203][0]
  Impl DFF        imp:/WORK/zigbee/DQPSK_CSK/Imag_Sync_FIFO/mem_reg[203][0]

  Ref  DFF        ref:/WORK/zigbee/DQPSK_CSK/Imag_Sync_FIFO/mem_reg[203][1]
  Impl DFF        imp:/WORK/zigbee/DQPSK_CSK/Imag_Sync_FIFO/mem_reg[203][1]

  Ref  DFF        ref:/WORK/zigbee/DQPSK_CSK/Imag_Sync_FIFO/mem_reg[204][0]
  Impl DFF        imp:/WORK/zigbee/DQPSK_CSK/Imag_Sync_FIFO/mem_reg[204][0]

  Ref  DFF        ref:/WORK/zigbee/DQPSK_CSK/Imag_Sync_FIFO/mem_reg[204][1]
  Impl DFF        imp:/WORK/zigbee/DQPSK_CSK/Imag_Sync_FIFO/mem_reg[204][1]

  Ref  DFF        ref:/WORK/zigbee/DQPSK_CSK/Imag_Sync_FIFO/mem_reg[205][0]
  Impl DFF        imp:/WORK/zigbee/DQPSK_CSK/Imag_Sync_FIFO/mem_reg[205][0]

  Ref  DFF        ref:/WORK/zigbee/DQPSK_CSK/Imag_Sync_FIFO/mem_reg[205][1]
  Impl DFF        imp:/WORK/zigbee/DQPSK_CSK/Imag_Sync_FIFO/mem_reg[205][1]

  Ref  DFF        ref:/WORK/zigbee/DQPSK_CSK/Imag_Sync_FIFO/mem_reg[206][0]
  Impl DFF        imp:/WORK/zigbee/DQPSK_CSK/Imag_Sync_FIFO/mem_reg[206][0]

  Ref  DFF        ref:/WORK/zigbee/DQPSK_CSK/Imag_Sync_FIFO/mem_reg[206][1]
  Impl DFF        imp:/WORK/zigbee/DQPSK_CSK/Imag_Sync_FIFO/mem_reg[206][1]

  Ref  DFF        ref:/WORK/zigbee/DQPSK_CSK/Imag_Sync_FIFO/mem_reg[207][0]
  Impl DFF        imp:/WORK/zigbee/DQPSK_CSK/Imag_Sync_FIFO/mem_reg[207][0]

  Ref  DFF        ref:/WORK/zigbee/DQPSK_CSK/Imag_Sync_FIFO/mem_reg[207][1]
  Impl DFF        imp:/WORK/zigbee/DQPSK_CSK/Imag_Sync_FIFO/mem_reg[207][1]

  Ref  DFF        ref:/WORK/zigbee/DQPSK_CSK/Imag_Sync_FIFO/mem_reg[208][0]
  Impl DFF        imp:/WORK/zigbee/DQPSK_CSK/Imag_Sync_FIFO/mem_reg[208][0]

  Ref  DFF        ref:/WORK/zigbee/DQPSK_CSK/Imag_Sync_FIFO/mem_reg[208][1]
  Impl DFF        imp:/WORK/zigbee/DQPSK_CSK/Imag_Sync_FIFO/mem_reg[208][1]

  Ref  DFF        ref:/WORK/zigbee/DQPSK_CSK/Imag_Sync_FIFO/mem_reg[209][0]
  Impl DFF        imp:/WORK/zigbee/DQPSK_CSK/Imag_Sync_FIFO/mem_reg[209][0]

  Ref  DFF        ref:/WORK/zigbee/DQPSK_CSK/Imag_Sync_FIFO/mem_reg[209][1]
  Impl DFF        imp:/WORK/zigbee/DQPSK_CSK/Imag_Sync_FIFO/mem_reg[209][1]

  Ref  DFF        ref:/WORK/zigbee/DQPSK_CSK/Imag_Sync_FIFO/mem_reg[20][0]
  Impl DFF        imp:/WORK/zigbee/DQPSK_CSK/Imag_Sync_FIFO/mem_reg[20][0]

  Ref  DFF        ref:/WORK/zigbee/DQPSK_CSK/Imag_Sync_FIFO/mem_reg[20][1]
  Impl DFF        imp:/WORK/zigbee/DQPSK_CSK/Imag_Sync_FIFO/mem_reg[20][1]

  Ref  DFF        ref:/WORK/zigbee/DQPSK_CSK/Imag_Sync_FIFO/mem_reg[210][0]
  Impl DFF        imp:/WORK/zigbee/DQPSK_CSK/Imag_Sync_FIFO/mem_reg[210][0]

  Ref  DFF        ref:/WORK/zigbee/DQPSK_CSK/Imag_Sync_FIFO/mem_reg[210][1]
  Impl DFF        imp:/WORK/zigbee/DQPSK_CSK/Imag_Sync_FIFO/mem_reg[210][1]

  Ref  DFF        ref:/WORK/zigbee/DQPSK_CSK/Imag_Sync_FIFO/mem_reg[211][0]
  Impl DFF        imp:/WORK/zigbee/DQPSK_CSK/Imag_Sync_FIFO/mem_reg[211][0]

  Ref  DFF        ref:/WORK/zigbee/DQPSK_CSK/Imag_Sync_FIFO/mem_reg[211][1]
  Impl DFF        imp:/WORK/zigbee/DQPSK_CSK/Imag_Sync_FIFO/mem_reg[211][1]

  Ref  DFF        ref:/WORK/zigbee/DQPSK_CSK/Imag_Sync_FIFO/mem_reg[212][0]
  Impl DFF        imp:/WORK/zigbee/DQPSK_CSK/Imag_Sync_FIFO/mem_reg[212][0]

  Ref  DFF        ref:/WORK/zigbee/DQPSK_CSK/Imag_Sync_FIFO/mem_reg[212][1]
  Impl DFF        imp:/WORK/zigbee/DQPSK_CSK/Imag_Sync_FIFO/mem_reg[212][1]

  Ref  DFF        ref:/WORK/zigbee/DQPSK_CSK/Imag_Sync_FIFO/mem_reg[213][0]
  Impl DFF        imp:/WORK/zigbee/DQPSK_CSK/Imag_Sync_FIFO/mem_reg[213][0]

  Ref  DFF        ref:/WORK/zigbee/DQPSK_CSK/Imag_Sync_FIFO/mem_reg[213][1]
  Impl DFF        imp:/WORK/zigbee/DQPSK_CSK/Imag_Sync_FIFO/mem_reg[213][1]

  Ref  DFF        ref:/WORK/zigbee/DQPSK_CSK/Imag_Sync_FIFO/mem_reg[214][0]
  Impl DFF        imp:/WORK/zigbee/DQPSK_CSK/Imag_Sync_FIFO/mem_reg[214][0]

  Ref  DFF        ref:/WORK/zigbee/DQPSK_CSK/Imag_Sync_FIFO/mem_reg[214][1]
  Impl DFF        imp:/WORK/zigbee/DQPSK_CSK/Imag_Sync_FIFO/mem_reg[214][1]

  Ref  DFF        ref:/WORK/zigbee/DQPSK_CSK/Imag_Sync_FIFO/mem_reg[215][0]
  Impl DFF        imp:/WORK/zigbee/DQPSK_CSK/Imag_Sync_FIFO/mem_reg[215][0]

  Ref  DFF        ref:/WORK/zigbee/DQPSK_CSK/Imag_Sync_FIFO/mem_reg[215][1]
  Impl DFF        imp:/WORK/zigbee/DQPSK_CSK/Imag_Sync_FIFO/mem_reg[215][1]

  Ref  DFF        ref:/WORK/zigbee/DQPSK_CSK/Imag_Sync_FIFO/mem_reg[216][0]
  Impl DFF        imp:/WORK/zigbee/DQPSK_CSK/Imag_Sync_FIFO/mem_reg[216][0]

  Ref  DFF        ref:/WORK/zigbee/DQPSK_CSK/Imag_Sync_FIFO/mem_reg[216][1]
  Impl DFF        imp:/WORK/zigbee/DQPSK_CSK/Imag_Sync_FIFO/mem_reg[216][1]

  Ref  DFF        ref:/WORK/zigbee/DQPSK_CSK/Imag_Sync_FIFO/mem_reg[217][0]
  Impl DFF        imp:/WORK/zigbee/DQPSK_CSK/Imag_Sync_FIFO/mem_reg[217][0]

  Ref  DFF        ref:/WORK/zigbee/DQPSK_CSK/Imag_Sync_FIFO/mem_reg[217][1]
  Impl DFF        imp:/WORK/zigbee/DQPSK_CSK/Imag_Sync_FIFO/mem_reg[217][1]

  Ref  DFF        ref:/WORK/zigbee/DQPSK_CSK/Imag_Sync_FIFO/mem_reg[218][0]
  Impl DFF        imp:/WORK/zigbee/DQPSK_CSK/Imag_Sync_FIFO/mem_reg[218][0]

  Ref  DFF        ref:/WORK/zigbee/DQPSK_CSK/Imag_Sync_FIFO/mem_reg[218][1]
  Impl DFF        imp:/WORK/zigbee/DQPSK_CSK/Imag_Sync_FIFO/mem_reg[218][1]

  Ref  DFF        ref:/WORK/zigbee/DQPSK_CSK/Imag_Sync_FIFO/mem_reg[219][0]
  Impl DFF        imp:/WORK/zigbee/DQPSK_CSK/Imag_Sync_FIFO/mem_reg[219][0]

  Ref  DFF        ref:/WORK/zigbee/DQPSK_CSK/Imag_Sync_FIFO/mem_reg[219][1]
  Impl DFF        imp:/WORK/zigbee/DQPSK_CSK/Imag_Sync_FIFO/mem_reg[219][1]

  Ref  DFF        ref:/WORK/zigbee/DQPSK_CSK/Imag_Sync_FIFO/mem_reg[21][0]
  Impl DFF        imp:/WORK/zigbee/DQPSK_CSK/Imag_Sync_FIFO/mem_reg[21][0]

  Ref  DFF        ref:/WORK/zigbee/DQPSK_CSK/Imag_Sync_FIFO/mem_reg[21][1]
  Impl DFF        imp:/WORK/zigbee/DQPSK_CSK/Imag_Sync_FIFO/mem_reg[21][1]

  Ref  DFF        ref:/WORK/zigbee/DQPSK_CSK/Imag_Sync_FIFO/mem_reg[220][0]
  Impl DFF        imp:/WORK/zigbee/DQPSK_CSK/Imag_Sync_FIFO/mem_reg[220][0]

  Ref  DFF        ref:/WORK/zigbee/DQPSK_CSK/Imag_Sync_FIFO/mem_reg[220][1]
  Impl DFF        imp:/WORK/zigbee/DQPSK_CSK/Imag_Sync_FIFO/mem_reg[220][1]

  Ref  DFF        ref:/WORK/zigbee/DQPSK_CSK/Imag_Sync_FIFO/mem_reg[221][0]
  Impl DFF        imp:/WORK/zigbee/DQPSK_CSK/Imag_Sync_FIFO/mem_reg[221][0]

  Ref  DFF        ref:/WORK/zigbee/DQPSK_CSK/Imag_Sync_FIFO/mem_reg[221][1]
  Impl DFF        imp:/WORK/zigbee/DQPSK_CSK/Imag_Sync_FIFO/mem_reg[221][1]

  Ref  DFF        ref:/WORK/zigbee/DQPSK_CSK/Imag_Sync_FIFO/mem_reg[222][0]
  Impl DFF        imp:/WORK/zigbee/DQPSK_CSK/Imag_Sync_FIFO/mem_reg[222][0]

  Ref  DFF        ref:/WORK/zigbee/DQPSK_CSK/Imag_Sync_FIFO/mem_reg[222][1]
  Impl DFF        imp:/WORK/zigbee/DQPSK_CSK/Imag_Sync_FIFO/mem_reg[222][1]

  Ref  DFF        ref:/WORK/zigbee/DQPSK_CSK/Imag_Sync_FIFO/mem_reg[223][0]
  Impl DFF        imp:/WORK/zigbee/DQPSK_CSK/Imag_Sync_FIFO/mem_reg[223][0]

  Ref  DFF        ref:/WORK/zigbee/DQPSK_CSK/Imag_Sync_FIFO/mem_reg[223][1]
  Impl DFF        imp:/WORK/zigbee/DQPSK_CSK/Imag_Sync_FIFO/mem_reg[223][1]

  Ref  DFF        ref:/WORK/zigbee/DQPSK_CSK/Imag_Sync_FIFO/mem_reg[224][0]
  Impl DFF        imp:/WORK/zigbee/DQPSK_CSK/Imag_Sync_FIFO/mem_reg[224][0]

  Ref  DFF        ref:/WORK/zigbee/DQPSK_CSK/Imag_Sync_FIFO/mem_reg[224][1]
  Impl DFF        imp:/WORK/zigbee/DQPSK_CSK/Imag_Sync_FIFO/mem_reg[224][1]

  Ref  DFF        ref:/WORK/zigbee/DQPSK_CSK/Imag_Sync_FIFO/mem_reg[225][0]
  Impl DFF        imp:/WORK/zigbee/DQPSK_CSK/Imag_Sync_FIFO/mem_reg[225][0]

  Ref  DFF        ref:/WORK/zigbee/DQPSK_CSK/Imag_Sync_FIFO/mem_reg[225][1]
  Impl DFF        imp:/WORK/zigbee/DQPSK_CSK/Imag_Sync_FIFO/mem_reg[225][1]

  Ref  DFF        ref:/WORK/zigbee/DQPSK_CSK/Imag_Sync_FIFO/mem_reg[226][0]
  Impl DFF        imp:/WORK/zigbee/DQPSK_CSK/Imag_Sync_FIFO/mem_reg[226][0]

  Ref  DFF        ref:/WORK/zigbee/DQPSK_CSK/Imag_Sync_FIFO/mem_reg[226][1]
  Impl DFF        imp:/WORK/zigbee/DQPSK_CSK/Imag_Sync_FIFO/mem_reg[226][1]

  Ref  DFF        ref:/WORK/zigbee/DQPSK_CSK/Imag_Sync_FIFO/mem_reg[227][0]
  Impl DFF        imp:/WORK/zigbee/DQPSK_CSK/Imag_Sync_FIFO/mem_reg[227][0]

  Ref  DFF        ref:/WORK/zigbee/DQPSK_CSK/Imag_Sync_FIFO/mem_reg[227][1]
  Impl DFF        imp:/WORK/zigbee/DQPSK_CSK/Imag_Sync_FIFO/mem_reg[227][1]

  Ref  DFF        ref:/WORK/zigbee/DQPSK_CSK/Imag_Sync_FIFO/mem_reg[228][0]
  Impl DFF        imp:/WORK/zigbee/DQPSK_CSK/Imag_Sync_FIFO/mem_reg[228][0]

  Ref  DFF        ref:/WORK/zigbee/DQPSK_CSK/Imag_Sync_FIFO/mem_reg[228][1]
  Impl DFF        imp:/WORK/zigbee/DQPSK_CSK/Imag_Sync_FIFO/mem_reg[228][1]

  Ref  DFF        ref:/WORK/zigbee/DQPSK_CSK/Imag_Sync_FIFO/mem_reg[229][0]
  Impl DFF        imp:/WORK/zigbee/DQPSK_CSK/Imag_Sync_FIFO/mem_reg[229][0]

  Ref  DFF        ref:/WORK/zigbee/DQPSK_CSK/Imag_Sync_FIFO/mem_reg[229][1]
  Impl DFF        imp:/WORK/zigbee/DQPSK_CSK/Imag_Sync_FIFO/mem_reg[229][1]

  Ref  DFF        ref:/WORK/zigbee/DQPSK_CSK/Imag_Sync_FIFO/mem_reg[22][0]
  Impl DFF        imp:/WORK/zigbee/DQPSK_CSK/Imag_Sync_FIFO/mem_reg[22][0]

  Ref  DFF        ref:/WORK/zigbee/DQPSK_CSK/Imag_Sync_FIFO/mem_reg[22][1]
  Impl DFF        imp:/WORK/zigbee/DQPSK_CSK/Imag_Sync_FIFO/mem_reg[22][1]

  Ref  DFF        ref:/WORK/zigbee/DQPSK_CSK/Imag_Sync_FIFO/mem_reg[230][0]
  Impl DFF        imp:/WORK/zigbee/DQPSK_CSK/Imag_Sync_FIFO/mem_reg[230][0]

  Ref  DFF        ref:/WORK/zigbee/DQPSK_CSK/Imag_Sync_FIFO/mem_reg[230][1]
  Impl DFF        imp:/WORK/zigbee/DQPSK_CSK/Imag_Sync_FIFO/mem_reg[230][1]

  Ref  DFF        ref:/WORK/zigbee/DQPSK_CSK/Imag_Sync_FIFO/mem_reg[231][0]
  Impl DFF        imp:/WORK/zigbee/DQPSK_CSK/Imag_Sync_FIFO/mem_reg[231][0]

  Ref  DFF        ref:/WORK/zigbee/DQPSK_CSK/Imag_Sync_FIFO/mem_reg[231][1]
  Impl DFF        imp:/WORK/zigbee/DQPSK_CSK/Imag_Sync_FIFO/mem_reg[231][1]

  Ref  DFF        ref:/WORK/zigbee/DQPSK_CSK/Imag_Sync_FIFO/mem_reg[232][0]
  Impl DFF        imp:/WORK/zigbee/DQPSK_CSK/Imag_Sync_FIFO/mem_reg[232][0]

  Ref  DFF        ref:/WORK/zigbee/DQPSK_CSK/Imag_Sync_FIFO/mem_reg[232][1]
  Impl DFF        imp:/WORK/zigbee/DQPSK_CSK/Imag_Sync_FIFO/mem_reg[232][1]

  Ref  DFF        ref:/WORK/zigbee/DQPSK_CSK/Imag_Sync_FIFO/mem_reg[233][0]
  Impl DFF        imp:/WORK/zigbee/DQPSK_CSK/Imag_Sync_FIFO/mem_reg[233][0]

  Ref  DFF        ref:/WORK/zigbee/DQPSK_CSK/Imag_Sync_FIFO/mem_reg[233][1]
  Impl DFF        imp:/WORK/zigbee/DQPSK_CSK/Imag_Sync_FIFO/mem_reg[233][1]

  Ref  DFF        ref:/WORK/zigbee/DQPSK_CSK/Imag_Sync_FIFO/mem_reg[234][0]
  Impl DFF        imp:/WORK/zigbee/DQPSK_CSK/Imag_Sync_FIFO/mem_reg[234][0]

  Ref  DFF        ref:/WORK/zigbee/DQPSK_CSK/Imag_Sync_FIFO/mem_reg[234][1]
  Impl DFF        imp:/WORK/zigbee/DQPSK_CSK/Imag_Sync_FIFO/mem_reg[234][1]

  Ref  DFF        ref:/WORK/zigbee/DQPSK_CSK/Imag_Sync_FIFO/mem_reg[235][0]
  Impl DFF        imp:/WORK/zigbee/DQPSK_CSK/Imag_Sync_FIFO/mem_reg[235][0]

  Ref  DFF        ref:/WORK/zigbee/DQPSK_CSK/Imag_Sync_FIFO/mem_reg[235][1]
  Impl DFF        imp:/WORK/zigbee/DQPSK_CSK/Imag_Sync_FIFO/mem_reg[235][1]

  Ref  DFF        ref:/WORK/zigbee/DQPSK_CSK/Imag_Sync_FIFO/mem_reg[236][0]
  Impl DFF        imp:/WORK/zigbee/DQPSK_CSK/Imag_Sync_FIFO/mem_reg[236][0]

  Ref  DFF        ref:/WORK/zigbee/DQPSK_CSK/Imag_Sync_FIFO/mem_reg[236][1]
  Impl DFF        imp:/WORK/zigbee/DQPSK_CSK/Imag_Sync_FIFO/mem_reg[236][1]

  Ref  DFF        ref:/WORK/zigbee/DQPSK_CSK/Imag_Sync_FIFO/mem_reg[237][0]
  Impl DFF        imp:/WORK/zigbee/DQPSK_CSK/Imag_Sync_FIFO/mem_reg[237][0]

  Ref  DFF        ref:/WORK/zigbee/DQPSK_CSK/Imag_Sync_FIFO/mem_reg[237][1]
  Impl DFF        imp:/WORK/zigbee/DQPSK_CSK/Imag_Sync_FIFO/mem_reg[237][1]

  Ref  DFF        ref:/WORK/zigbee/DQPSK_CSK/Imag_Sync_FIFO/mem_reg[238][0]
  Impl DFF        imp:/WORK/zigbee/DQPSK_CSK/Imag_Sync_FIFO/mem_reg[238][0]

  Ref  DFF        ref:/WORK/zigbee/DQPSK_CSK/Imag_Sync_FIFO/mem_reg[238][1]
  Impl DFF        imp:/WORK/zigbee/DQPSK_CSK/Imag_Sync_FIFO/mem_reg[238][1]

  Ref  DFF        ref:/WORK/zigbee/DQPSK_CSK/Imag_Sync_FIFO/mem_reg[239][0]
  Impl DFF        imp:/WORK/zigbee/DQPSK_CSK/Imag_Sync_FIFO/mem_reg[239][0]

  Ref  DFF        ref:/WORK/zigbee/DQPSK_CSK/Imag_Sync_FIFO/mem_reg[239][1]
  Impl DFF        imp:/WORK/zigbee/DQPSK_CSK/Imag_Sync_FIFO/mem_reg[239][1]

  Ref  DFF        ref:/WORK/zigbee/DQPSK_CSK/Imag_Sync_FIFO/mem_reg[23][0]
  Impl DFF        imp:/WORK/zigbee/DQPSK_CSK/Imag_Sync_FIFO/mem_reg[23][0]

  Ref  DFF        ref:/WORK/zigbee/DQPSK_CSK/Imag_Sync_FIFO/mem_reg[23][1]
  Impl DFF        imp:/WORK/zigbee/DQPSK_CSK/Imag_Sync_FIFO/mem_reg[23][1]

  Ref  DFF        ref:/WORK/zigbee/DQPSK_CSK/Imag_Sync_FIFO/mem_reg[240][0]
  Impl DFF        imp:/WORK/zigbee/DQPSK_CSK/Imag_Sync_FIFO/mem_reg[240][0]

  Ref  DFF        ref:/WORK/zigbee/DQPSK_CSK/Imag_Sync_FIFO/mem_reg[240][1]
  Impl DFF        imp:/WORK/zigbee/DQPSK_CSK/Imag_Sync_FIFO/mem_reg[240][1]

  Ref  DFF        ref:/WORK/zigbee/DQPSK_CSK/Imag_Sync_FIFO/mem_reg[241][0]
  Impl DFF        imp:/WORK/zigbee/DQPSK_CSK/Imag_Sync_FIFO/mem_reg[241][0]

  Ref  DFF        ref:/WORK/zigbee/DQPSK_CSK/Imag_Sync_FIFO/mem_reg[241][1]
  Impl DFF        imp:/WORK/zigbee/DQPSK_CSK/Imag_Sync_FIFO/mem_reg[241][1]

  Ref  DFF        ref:/WORK/zigbee/DQPSK_CSK/Imag_Sync_FIFO/mem_reg[242][0]
  Impl DFF        imp:/WORK/zigbee/DQPSK_CSK/Imag_Sync_FIFO/mem_reg[242][0]

  Ref  DFF        ref:/WORK/zigbee/DQPSK_CSK/Imag_Sync_FIFO/mem_reg[242][1]
  Impl DFF        imp:/WORK/zigbee/DQPSK_CSK/Imag_Sync_FIFO/mem_reg[242][1]

  Ref  DFF        ref:/WORK/zigbee/DQPSK_CSK/Imag_Sync_FIFO/mem_reg[243][0]
  Impl DFF        imp:/WORK/zigbee/DQPSK_CSK/Imag_Sync_FIFO/mem_reg[243][0]

  Ref  DFF        ref:/WORK/zigbee/DQPSK_CSK/Imag_Sync_FIFO/mem_reg[243][1]
  Impl DFF        imp:/WORK/zigbee/DQPSK_CSK/Imag_Sync_FIFO/mem_reg[243][1]

  Ref  DFF        ref:/WORK/zigbee/DQPSK_CSK/Imag_Sync_FIFO/mem_reg[244][0]
  Impl DFF        imp:/WORK/zigbee/DQPSK_CSK/Imag_Sync_FIFO/mem_reg[244][0]

  Ref  DFF        ref:/WORK/zigbee/DQPSK_CSK/Imag_Sync_FIFO/mem_reg[244][1]
  Impl DFF        imp:/WORK/zigbee/DQPSK_CSK/Imag_Sync_FIFO/mem_reg[244][1]

  Ref  DFF        ref:/WORK/zigbee/DQPSK_CSK/Imag_Sync_FIFO/mem_reg[245][0]
  Impl DFF        imp:/WORK/zigbee/DQPSK_CSK/Imag_Sync_FIFO/mem_reg[245][0]

  Ref  DFF        ref:/WORK/zigbee/DQPSK_CSK/Imag_Sync_FIFO/mem_reg[245][1]
  Impl DFF        imp:/WORK/zigbee/DQPSK_CSK/Imag_Sync_FIFO/mem_reg[245][1]

  Ref  DFF        ref:/WORK/zigbee/DQPSK_CSK/Imag_Sync_FIFO/mem_reg[246][0]
  Impl DFF        imp:/WORK/zigbee/DQPSK_CSK/Imag_Sync_FIFO/mem_reg[246][0]

  Ref  DFF        ref:/WORK/zigbee/DQPSK_CSK/Imag_Sync_FIFO/mem_reg[246][1]
  Impl DFF        imp:/WORK/zigbee/DQPSK_CSK/Imag_Sync_FIFO/mem_reg[246][1]

  Ref  DFF        ref:/WORK/zigbee/DQPSK_CSK/Imag_Sync_FIFO/mem_reg[247][0]
  Impl DFF        imp:/WORK/zigbee/DQPSK_CSK/Imag_Sync_FIFO/mem_reg[247][0]

  Ref  DFF        ref:/WORK/zigbee/DQPSK_CSK/Imag_Sync_FIFO/mem_reg[247][1]
  Impl DFF        imp:/WORK/zigbee/DQPSK_CSK/Imag_Sync_FIFO/mem_reg[247][1]

  Ref  DFF        ref:/WORK/zigbee/DQPSK_CSK/Imag_Sync_FIFO/mem_reg[248][0]
  Impl DFF        imp:/WORK/zigbee/DQPSK_CSK/Imag_Sync_FIFO/mem_reg[248][0]

  Ref  DFF        ref:/WORK/zigbee/DQPSK_CSK/Imag_Sync_FIFO/mem_reg[248][1]
  Impl DFF        imp:/WORK/zigbee/DQPSK_CSK/Imag_Sync_FIFO/mem_reg[248][1]

  Ref  DFF        ref:/WORK/zigbee/DQPSK_CSK/Imag_Sync_FIFO/mem_reg[249][0]
  Impl DFF        imp:/WORK/zigbee/DQPSK_CSK/Imag_Sync_FIFO/mem_reg[249][0]

  Ref  DFF        ref:/WORK/zigbee/DQPSK_CSK/Imag_Sync_FIFO/mem_reg[249][1]
  Impl DFF        imp:/WORK/zigbee/DQPSK_CSK/Imag_Sync_FIFO/mem_reg[249][1]

  Ref  DFF        ref:/WORK/zigbee/DQPSK_CSK/Imag_Sync_FIFO/mem_reg[24][0]
  Impl DFF        imp:/WORK/zigbee/DQPSK_CSK/Imag_Sync_FIFO/mem_reg[24][0]

  Ref  DFF        ref:/WORK/zigbee/DQPSK_CSK/Imag_Sync_FIFO/mem_reg[24][1]
  Impl DFF        imp:/WORK/zigbee/DQPSK_CSK/Imag_Sync_FIFO/mem_reg[24][1]

  Ref  DFF        ref:/WORK/zigbee/DQPSK_CSK/Imag_Sync_FIFO/mem_reg[250][0]
  Impl DFF        imp:/WORK/zigbee/DQPSK_CSK/Imag_Sync_FIFO/mem_reg[250][0]

  Ref  DFF        ref:/WORK/zigbee/DQPSK_CSK/Imag_Sync_FIFO/mem_reg[250][1]
  Impl DFF        imp:/WORK/zigbee/DQPSK_CSK/Imag_Sync_FIFO/mem_reg[250][1]

  Ref  DFF        ref:/WORK/zigbee/DQPSK_CSK/Imag_Sync_FIFO/mem_reg[251][0]
  Impl DFF        imp:/WORK/zigbee/DQPSK_CSK/Imag_Sync_FIFO/mem_reg[251][0]

  Ref  DFF        ref:/WORK/zigbee/DQPSK_CSK/Imag_Sync_FIFO/mem_reg[251][1]
  Impl DFF        imp:/WORK/zigbee/DQPSK_CSK/Imag_Sync_FIFO/mem_reg[251][1]

  Ref  DFF        ref:/WORK/zigbee/DQPSK_CSK/Imag_Sync_FIFO/mem_reg[252][0]
  Impl DFF        imp:/WORK/zigbee/DQPSK_CSK/Imag_Sync_FIFO/mem_reg[252][0]

  Ref  DFF        ref:/WORK/zigbee/DQPSK_CSK/Imag_Sync_FIFO/mem_reg[252][1]
  Impl DFF        imp:/WORK/zigbee/DQPSK_CSK/Imag_Sync_FIFO/mem_reg[252][1]

  Ref  DFF        ref:/WORK/zigbee/DQPSK_CSK/Imag_Sync_FIFO/mem_reg[253][0]
  Impl DFF        imp:/WORK/zigbee/DQPSK_CSK/Imag_Sync_FIFO/mem_reg[253][0]

  Ref  DFF        ref:/WORK/zigbee/DQPSK_CSK/Imag_Sync_FIFO/mem_reg[253][1]
  Impl DFF        imp:/WORK/zigbee/DQPSK_CSK/Imag_Sync_FIFO/mem_reg[253][1]

  Ref  DFF        ref:/WORK/zigbee/DQPSK_CSK/Imag_Sync_FIFO/mem_reg[254][0]
  Impl DFF        imp:/WORK/zigbee/DQPSK_CSK/Imag_Sync_FIFO/mem_reg[254][0]

  Ref  DFF        ref:/WORK/zigbee/DQPSK_CSK/Imag_Sync_FIFO/mem_reg[254][1]
  Impl DFF        imp:/WORK/zigbee/DQPSK_CSK/Imag_Sync_FIFO/mem_reg[254][1]

  Ref  DFF        ref:/WORK/zigbee/DQPSK_CSK/Imag_Sync_FIFO/mem_reg[255][0]
  Impl DFF        imp:/WORK/zigbee/DQPSK_CSK/Imag_Sync_FIFO/mem_reg[255][0]

  Ref  DFF        ref:/WORK/zigbee/DQPSK_CSK/Imag_Sync_FIFO/mem_reg[255][1]
  Impl DFF        imp:/WORK/zigbee/DQPSK_CSK/Imag_Sync_FIFO/mem_reg[255][1]

  Ref  DFF        ref:/WORK/zigbee/DQPSK_CSK/Imag_Sync_FIFO/mem_reg[256][0]
  Impl DFF        imp:/WORK/zigbee/DQPSK_CSK/Imag_Sync_FIFO/mem_reg[256][0]

  Ref  DFF        ref:/WORK/zigbee/DQPSK_CSK/Imag_Sync_FIFO/mem_reg[256][1]
  Impl DFF        imp:/WORK/zigbee/DQPSK_CSK/Imag_Sync_FIFO/mem_reg[256][1]

  Ref  DFF        ref:/WORK/zigbee/DQPSK_CSK/Imag_Sync_FIFO/mem_reg[257][0]
  Impl DFF        imp:/WORK/zigbee/DQPSK_CSK/Imag_Sync_FIFO/mem_reg[257][0]

  Ref  DFF        ref:/WORK/zigbee/DQPSK_CSK/Imag_Sync_FIFO/mem_reg[257][1]
  Impl DFF        imp:/WORK/zigbee/DQPSK_CSK/Imag_Sync_FIFO/mem_reg[257][1]

  Ref  DFF        ref:/WORK/zigbee/DQPSK_CSK/Imag_Sync_FIFO/mem_reg[258][0]
  Impl DFF        imp:/WORK/zigbee/DQPSK_CSK/Imag_Sync_FIFO/mem_reg[258][0]

  Ref  DFF        ref:/WORK/zigbee/DQPSK_CSK/Imag_Sync_FIFO/mem_reg[258][1]
  Impl DFF        imp:/WORK/zigbee/DQPSK_CSK/Imag_Sync_FIFO/mem_reg[258][1]

  Ref  DFF        ref:/WORK/zigbee/DQPSK_CSK/Imag_Sync_FIFO/mem_reg[259][0]
  Impl DFF        imp:/WORK/zigbee/DQPSK_CSK/Imag_Sync_FIFO/mem_reg[259][0]

  Ref  DFF        ref:/WORK/zigbee/DQPSK_CSK/Imag_Sync_FIFO/mem_reg[259][1]
  Impl DFF        imp:/WORK/zigbee/DQPSK_CSK/Imag_Sync_FIFO/mem_reg[259][1]

  Ref  DFF        ref:/WORK/zigbee/DQPSK_CSK/Imag_Sync_FIFO/mem_reg[25][0]
  Impl DFF        imp:/WORK/zigbee/DQPSK_CSK/Imag_Sync_FIFO/mem_reg[25][0]

  Ref  DFF        ref:/WORK/zigbee/DQPSK_CSK/Imag_Sync_FIFO/mem_reg[25][1]
  Impl DFF        imp:/WORK/zigbee/DQPSK_CSK/Imag_Sync_FIFO/mem_reg[25][1]

  Ref  DFF        ref:/WORK/zigbee/DQPSK_CSK/Imag_Sync_FIFO/mem_reg[260][0]
  Impl DFF        imp:/WORK/zigbee/DQPSK_CSK/Imag_Sync_FIFO/mem_reg[260][0]

  Ref  DFF        ref:/WORK/zigbee/DQPSK_CSK/Imag_Sync_FIFO/mem_reg[260][1]
  Impl DFF        imp:/WORK/zigbee/DQPSK_CSK/Imag_Sync_FIFO/mem_reg[260][1]

  Ref  DFF        ref:/WORK/zigbee/DQPSK_CSK/Imag_Sync_FIFO/mem_reg[261][0]
  Impl DFF        imp:/WORK/zigbee/DQPSK_CSK/Imag_Sync_FIFO/mem_reg[261][0]

  Ref  DFF        ref:/WORK/zigbee/DQPSK_CSK/Imag_Sync_FIFO/mem_reg[261][1]
  Impl DFF        imp:/WORK/zigbee/DQPSK_CSK/Imag_Sync_FIFO/mem_reg[261][1]

  Ref  DFF        ref:/WORK/zigbee/DQPSK_CSK/Imag_Sync_FIFO/mem_reg[262][0]
  Impl DFF        imp:/WORK/zigbee/DQPSK_CSK/Imag_Sync_FIFO/mem_reg[262][0]

  Ref  DFF        ref:/WORK/zigbee/DQPSK_CSK/Imag_Sync_FIFO/mem_reg[262][1]
  Impl DFF        imp:/WORK/zigbee/DQPSK_CSK/Imag_Sync_FIFO/mem_reg[262][1]

  Ref  DFF        ref:/WORK/zigbee/DQPSK_CSK/Imag_Sync_FIFO/mem_reg[263][0]
  Impl DFF        imp:/WORK/zigbee/DQPSK_CSK/Imag_Sync_FIFO/mem_reg[263][0]

  Ref  DFF        ref:/WORK/zigbee/DQPSK_CSK/Imag_Sync_FIFO/mem_reg[263][1]
  Impl DFF        imp:/WORK/zigbee/DQPSK_CSK/Imag_Sync_FIFO/mem_reg[263][1]

  Ref  DFF        ref:/WORK/zigbee/DQPSK_CSK/Imag_Sync_FIFO/mem_reg[264][0]
  Impl DFF        imp:/WORK/zigbee/DQPSK_CSK/Imag_Sync_FIFO/mem_reg[264][0]

  Ref  DFF        ref:/WORK/zigbee/DQPSK_CSK/Imag_Sync_FIFO/mem_reg[264][1]
  Impl DFF        imp:/WORK/zigbee/DQPSK_CSK/Imag_Sync_FIFO/mem_reg[264][1]

  Ref  DFF        ref:/WORK/zigbee/DQPSK_CSK/Imag_Sync_FIFO/mem_reg[265][0]
  Impl DFF        imp:/WORK/zigbee/DQPSK_CSK/Imag_Sync_FIFO/mem_reg[265][0]

  Ref  DFF        ref:/WORK/zigbee/DQPSK_CSK/Imag_Sync_FIFO/mem_reg[265][1]
  Impl DFF        imp:/WORK/zigbee/DQPSK_CSK/Imag_Sync_FIFO/mem_reg[265][1]

  Ref  DFF        ref:/WORK/zigbee/DQPSK_CSK/Imag_Sync_FIFO/mem_reg[266][0]
  Impl DFF        imp:/WORK/zigbee/DQPSK_CSK/Imag_Sync_FIFO/mem_reg[266][0]

  Ref  DFF        ref:/WORK/zigbee/DQPSK_CSK/Imag_Sync_FIFO/mem_reg[266][1]
  Impl DFF        imp:/WORK/zigbee/DQPSK_CSK/Imag_Sync_FIFO/mem_reg[266][1]

  Ref  DFF        ref:/WORK/zigbee/DQPSK_CSK/Imag_Sync_FIFO/mem_reg[267][0]
  Impl DFF        imp:/WORK/zigbee/DQPSK_CSK/Imag_Sync_FIFO/mem_reg[267][0]

  Ref  DFF        ref:/WORK/zigbee/DQPSK_CSK/Imag_Sync_FIFO/mem_reg[267][1]
  Impl DFF        imp:/WORK/zigbee/DQPSK_CSK/Imag_Sync_FIFO/mem_reg[267][1]

  Ref  DFF        ref:/WORK/zigbee/DQPSK_CSK/Imag_Sync_FIFO/mem_reg[268][0]
  Impl DFF        imp:/WORK/zigbee/DQPSK_CSK/Imag_Sync_FIFO/mem_reg[268][0]

  Ref  DFF        ref:/WORK/zigbee/DQPSK_CSK/Imag_Sync_FIFO/mem_reg[268][1]
  Impl DFF        imp:/WORK/zigbee/DQPSK_CSK/Imag_Sync_FIFO/mem_reg[268][1]

  Ref  DFF        ref:/WORK/zigbee/DQPSK_CSK/Imag_Sync_FIFO/mem_reg[269][0]
  Impl DFF        imp:/WORK/zigbee/DQPSK_CSK/Imag_Sync_FIFO/mem_reg[269][0]

  Ref  DFF        ref:/WORK/zigbee/DQPSK_CSK/Imag_Sync_FIFO/mem_reg[269][1]
  Impl DFF        imp:/WORK/zigbee/DQPSK_CSK/Imag_Sync_FIFO/mem_reg[269][1]

  Ref  DFF        ref:/WORK/zigbee/DQPSK_CSK/Imag_Sync_FIFO/mem_reg[26][0]
  Impl DFF        imp:/WORK/zigbee/DQPSK_CSK/Imag_Sync_FIFO/mem_reg[26][0]

  Ref  DFF        ref:/WORK/zigbee/DQPSK_CSK/Imag_Sync_FIFO/mem_reg[26][1]
  Impl DFF        imp:/WORK/zigbee/DQPSK_CSK/Imag_Sync_FIFO/mem_reg[26][1]

  Ref  DFF        ref:/WORK/zigbee/DQPSK_CSK/Imag_Sync_FIFO/mem_reg[270][0]
  Impl DFF        imp:/WORK/zigbee/DQPSK_CSK/Imag_Sync_FIFO/mem_reg[270][0]

  Ref  DFF        ref:/WORK/zigbee/DQPSK_CSK/Imag_Sync_FIFO/mem_reg[270][1]
  Impl DFF        imp:/WORK/zigbee/DQPSK_CSK/Imag_Sync_FIFO/mem_reg[270][1]

  Ref  DFF        ref:/WORK/zigbee/DQPSK_CSK/Imag_Sync_FIFO/mem_reg[271][0]
  Impl DFF        imp:/WORK/zigbee/DQPSK_CSK/Imag_Sync_FIFO/mem_reg[271][0]

  Ref  DFF        ref:/WORK/zigbee/DQPSK_CSK/Imag_Sync_FIFO/mem_reg[271][1]
  Impl DFF        imp:/WORK/zigbee/DQPSK_CSK/Imag_Sync_FIFO/mem_reg[271][1]

  Ref  DFF        ref:/WORK/zigbee/DQPSK_CSK/Imag_Sync_FIFO/mem_reg[272][0]
  Impl DFF        imp:/WORK/zigbee/DQPSK_CSK/Imag_Sync_FIFO/mem_reg[272][0]

  Ref  DFF        ref:/WORK/zigbee/DQPSK_CSK/Imag_Sync_FIFO/mem_reg[272][1]
  Impl DFF        imp:/WORK/zigbee/DQPSK_CSK/Imag_Sync_FIFO/mem_reg[272][1]

  Ref  DFF        ref:/WORK/zigbee/DQPSK_CSK/Imag_Sync_FIFO/mem_reg[273][0]
  Impl DFF        imp:/WORK/zigbee/DQPSK_CSK/Imag_Sync_FIFO/mem_reg[273][0]

  Ref  DFF        ref:/WORK/zigbee/DQPSK_CSK/Imag_Sync_FIFO/mem_reg[273][1]
  Impl DFF        imp:/WORK/zigbee/DQPSK_CSK/Imag_Sync_FIFO/mem_reg[273][1]

  Ref  DFF        ref:/WORK/zigbee/DQPSK_CSK/Imag_Sync_FIFO/mem_reg[274][0]
  Impl DFF        imp:/WORK/zigbee/DQPSK_CSK/Imag_Sync_FIFO/mem_reg[274][0]

  Ref  DFF        ref:/WORK/zigbee/DQPSK_CSK/Imag_Sync_FIFO/mem_reg[274][1]
  Impl DFF        imp:/WORK/zigbee/DQPSK_CSK/Imag_Sync_FIFO/mem_reg[274][1]

  Ref  DFF        ref:/WORK/zigbee/DQPSK_CSK/Imag_Sync_FIFO/mem_reg[275][0]
  Impl DFF        imp:/WORK/zigbee/DQPSK_CSK/Imag_Sync_FIFO/mem_reg[275][0]

  Ref  DFF        ref:/WORK/zigbee/DQPSK_CSK/Imag_Sync_FIFO/mem_reg[275][1]
  Impl DFF        imp:/WORK/zigbee/DQPSK_CSK/Imag_Sync_FIFO/mem_reg[275][1]

  Ref  DFF        ref:/WORK/zigbee/DQPSK_CSK/Imag_Sync_FIFO/mem_reg[276][0]
  Impl DFF        imp:/WORK/zigbee/DQPSK_CSK/Imag_Sync_FIFO/mem_reg[276][0]

  Ref  DFF        ref:/WORK/zigbee/DQPSK_CSK/Imag_Sync_FIFO/mem_reg[276][1]
  Impl DFF        imp:/WORK/zigbee/DQPSK_CSK/Imag_Sync_FIFO/mem_reg[276][1]

  Ref  DFF        ref:/WORK/zigbee/DQPSK_CSK/Imag_Sync_FIFO/mem_reg[277][0]
  Impl DFF        imp:/WORK/zigbee/DQPSK_CSK/Imag_Sync_FIFO/mem_reg[277][0]

  Ref  DFF        ref:/WORK/zigbee/DQPSK_CSK/Imag_Sync_FIFO/mem_reg[277][1]
  Impl DFF        imp:/WORK/zigbee/DQPSK_CSK/Imag_Sync_FIFO/mem_reg[277][1]

  Ref  DFF        ref:/WORK/zigbee/DQPSK_CSK/Imag_Sync_FIFO/mem_reg[278][0]
  Impl DFF        imp:/WORK/zigbee/DQPSK_CSK/Imag_Sync_FIFO/mem_reg[278][0]

  Ref  DFF        ref:/WORK/zigbee/DQPSK_CSK/Imag_Sync_FIFO/mem_reg[278][1]
  Impl DFF        imp:/WORK/zigbee/DQPSK_CSK/Imag_Sync_FIFO/mem_reg[278][1]

  Ref  DFF        ref:/WORK/zigbee/DQPSK_CSK/Imag_Sync_FIFO/mem_reg[279][0]
  Impl DFF        imp:/WORK/zigbee/DQPSK_CSK/Imag_Sync_FIFO/mem_reg[279][0]

  Ref  DFF        ref:/WORK/zigbee/DQPSK_CSK/Imag_Sync_FIFO/mem_reg[279][1]
  Impl DFF        imp:/WORK/zigbee/DQPSK_CSK/Imag_Sync_FIFO/mem_reg[279][1]

  Ref  DFF        ref:/WORK/zigbee/DQPSK_CSK/Imag_Sync_FIFO/mem_reg[27][0]
  Impl DFF        imp:/WORK/zigbee/DQPSK_CSK/Imag_Sync_FIFO/mem_reg[27][0]

  Ref  DFF        ref:/WORK/zigbee/DQPSK_CSK/Imag_Sync_FIFO/mem_reg[27][1]
  Impl DFF        imp:/WORK/zigbee/DQPSK_CSK/Imag_Sync_FIFO/mem_reg[27][1]

  Ref  DFF        ref:/WORK/zigbee/DQPSK_CSK/Imag_Sync_FIFO/mem_reg[280][0]
  Impl DFF        imp:/WORK/zigbee/DQPSK_CSK/Imag_Sync_FIFO/mem_reg[280][0]

  Ref  DFF        ref:/WORK/zigbee/DQPSK_CSK/Imag_Sync_FIFO/mem_reg[280][1]
  Impl DFF        imp:/WORK/zigbee/DQPSK_CSK/Imag_Sync_FIFO/mem_reg[280][1]

  Ref  DFF        ref:/WORK/zigbee/DQPSK_CSK/Imag_Sync_FIFO/mem_reg[281][0]
  Impl DFF        imp:/WORK/zigbee/DQPSK_CSK/Imag_Sync_FIFO/mem_reg[281][0]

  Ref  DFF        ref:/WORK/zigbee/DQPSK_CSK/Imag_Sync_FIFO/mem_reg[281][1]
  Impl DFF        imp:/WORK/zigbee/DQPSK_CSK/Imag_Sync_FIFO/mem_reg[281][1]

  Ref  DFF        ref:/WORK/zigbee/DQPSK_CSK/Imag_Sync_FIFO/mem_reg[282][0]
  Impl DFF        imp:/WORK/zigbee/DQPSK_CSK/Imag_Sync_FIFO/mem_reg[282][0]

  Ref  DFF        ref:/WORK/zigbee/DQPSK_CSK/Imag_Sync_FIFO/mem_reg[282][1]
  Impl DFF        imp:/WORK/zigbee/DQPSK_CSK/Imag_Sync_FIFO/mem_reg[282][1]

  Ref  DFF        ref:/WORK/zigbee/DQPSK_CSK/Imag_Sync_FIFO/mem_reg[283][0]
  Impl DFF        imp:/WORK/zigbee/DQPSK_CSK/Imag_Sync_FIFO/mem_reg[283][0]

  Ref  DFF        ref:/WORK/zigbee/DQPSK_CSK/Imag_Sync_FIFO/mem_reg[283][1]
  Impl DFF        imp:/WORK/zigbee/DQPSK_CSK/Imag_Sync_FIFO/mem_reg[283][1]

  Ref  DFF        ref:/WORK/zigbee/DQPSK_CSK/Imag_Sync_FIFO/mem_reg[284][0]
  Impl DFF        imp:/WORK/zigbee/DQPSK_CSK/Imag_Sync_FIFO/mem_reg[284][0]

  Ref  DFF        ref:/WORK/zigbee/DQPSK_CSK/Imag_Sync_FIFO/mem_reg[284][1]
  Impl DFF        imp:/WORK/zigbee/DQPSK_CSK/Imag_Sync_FIFO/mem_reg[284][1]

  Ref  DFF        ref:/WORK/zigbee/DQPSK_CSK/Imag_Sync_FIFO/mem_reg[285][0]
  Impl DFF        imp:/WORK/zigbee/DQPSK_CSK/Imag_Sync_FIFO/mem_reg[285][0]

  Ref  DFF        ref:/WORK/zigbee/DQPSK_CSK/Imag_Sync_FIFO/mem_reg[285][1]
  Impl DFF        imp:/WORK/zigbee/DQPSK_CSK/Imag_Sync_FIFO/mem_reg[285][1]

  Ref  DFF        ref:/WORK/zigbee/DQPSK_CSK/Imag_Sync_FIFO/mem_reg[286][0]
  Impl DFF        imp:/WORK/zigbee/DQPSK_CSK/Imag_Sync_FIFO/mem_reg[286][0]

  Ref  DFF        ref:/WORK/zigbee/DQPSK_CSK/Imag_Sync_FIFO/mem_reg[286][1]
  Impl DFF        imp:/WORK/zigbee/DQPSK_CSK/Imag_Sync_FIFO/mem_reg[286][1]

  Ref  DFF        ref:/WORK/zigbee/DQPSK_CSK/Imag_Sync_FIFO/mem_reg[287][0]
  Impl DFF        imp:/WORK/zigbee/DQPSK_CSK/Imag_Sync_FIFO/mem_reg[287][0]

  Ref  DFF        ref:/WORK/zigbee/DQPSK_CSK/Imag_Sync_FIFO/mem_reg[287][1]
  Impl DFF        imp:/WORK/zigbee/DQPSK_CSK/Imag_Sync_FIFO/mem_reg[287][1]

  Ref  DFF        ref:/WORK/zigbee/DQPSK_CSK/Imag_Sync_FIFO/mem_reg[288][0]
  Impl DFF        imp:/WORK/zigbee/DQPSK_CSK/Imag_Sync_FIFO/mem_reg[288][0]

  Ref  DFF        ref:/WORK/zigbee/DQPSK_CSK/Imag_Sync_FIFO/mem_reg[288][1]
  Impl DFF        imp:/WORK/zigbee/DQPSK_CSK/Imag_Sync_FIFO/mem_reg[288][1]

  Ref  DFF        ref:/WORK/zigbee/DQPSK_CSK/Imag_Sync_FIFO/mem_reg[289][0]
  Impl DFF        imp:/WORK/zigbee/DQPSK_CSK/Imag_Sync_FIFO/mem_reg[289][0]

  Ref  DFF        ref:/WORK/zigbee/DQPSK_CSK/Imag_Sync_FIFO/mem_reg[289][1]
  Impl DFF        imp:/WORK/zigbee/DQPSK_CSK/Imag_Sync_FIFO/mem_reg[289][1]

  Ref  DFF        ref:/WORK/zigbee/DQPSK_CSK/Imag_Sync_FIFO/mem_reg[28][0]
  Impl DFF        imp:/WORK/zigbee/DQPSK_CSK/Imag_Sync_FIFO/mem_reg[28][0]

  Ref  DFF        ref:/WORK/zigbee/DQPSK_CSK/Imag_Sync_FIFO/mem_reg[28][1]
  Impl DFF        imp:/WORK/zigbee/DQPSK_CSK/Imag_Sync_FIFO/mem_reg[28][1]

  Ref  DFF        ref:/WORK/zigbee/DQPSK_CSK/Imag_Sync_FIFO/mem_reg[290][0]
  Impl DFF        imp:/WORK/zigbee/DQPSK_CSK/Imag_Sync_FIFO/mem_reg[290][0]

  Ref  DFF        ref:/WORK/zigbee/DQPSK_CSK/Imag_Sync_FIFO/mem_reg[290][1]
  Impl DFF        imp:/WORK/zigbee/DQPSK_CSK/Imag_Sync_FIFO/mem_reg[290][1]

  Ref  DFF        ref:/WORK/zigbee/DQPSK_CSK/Imag_Sync_FIFO/mem_reg[291][0]
  Impl DFF        imp:/WORK/zigbee/DQPSK_CSK/Imag_Sync_FIFO/mem_reg[291][0]

  Ref  DFF        ref:/WORK/zigbee/DQPSK_CSK/Imag_Sync_FIFO/mem_reg[291][1]
  Impl DFF        imp:/WORK/zigbee/DQPSK_CSK/Imag_Sync_FIFO/mem_reg[291][1]

  Ref  DFF        ref:/WORK/zigbee/DQPSK_CSK/Imag_Sync_FIFO/mem_reg[292][0]
  Impl DFF        imp:/WORK/zigbee/DQPSK_CSK/Imag_Sync_FIFO/mem_reg[292][0]

  Ref  DFF        ref:/WORK/zigbee/DQPSK_CSK/Imag_Sync_FIFO/mem_reg[292][1]
  Impl DFF        imp:/WORK/zigbee/DQPSK_CSK/Imag_Sync_FIFO/mem_reg[292][1]

  Ref  DFF        ref:/WORK/zigbee/DQPSK_CSK/Imag_Sync_FIFO/mem_reg[293][0]
  Impl DFF        imp:/WORK/zigbee/DQPSK_CSK/Imag_Sync_FIFO/mem_reg[293][0]

  Ref  DFF        ref:/WORK/zigbee/DQPSK_CSK/Imag_Sync_FIFO/mem_reg[293][1]
  Impl DFF        imp:/WORK/zigbee/DQPSK_CSK/Imag_Sync_FIFO/mem_reg[293][1]

  Ref  DFF        ref:/WORK/zigbee/DQPSK_CSK/Imag_Sync_FIFO/mem_reg[294][0]
  Impl DFF        imp:/WORK/zigbee/DQPSK_CSK/Imag_Sync_FIFO/mem_reg[294][0]

  Ref  DFF        ref:/WORK/zigbee/DQPSK_CSK/Imag_Sync_FIFO/mem_reg[294][1]
  Impl DFF        imp:/WORK/zigbee/DQPSK_CSK/Imag_Sync_FIFO/mem_reg[294][1]

  Ref  DFF        ref:/WORK/zigbee/DQPSK_CSK/Imag_Sync_FIFO/mem_reg[295][0]
  Impl DFF        imp:/WORK/zigbee/DQPSK_CSK/Imag_Sync_FIFO/mem_reg[295][0]

  Ref  DFF        ref:/WORK/zigbee/DQPSK_CSK/Imag_Sync_FIFO/mem_reg[295][1]
  Impl DFF        imp:/WORK/zigbee/DQPSK_CSK/Imag_Sync_FIFO/mem_reg[295][1]

  Ref  DFF        ref:/WORK/zigbee/DQPSK_CSK/Imag_Sync_FIFO/mem_reg[296][0]
  Impl DFF        imp:/WORK/zigbee/DQPSK_CSK/Imag_Sync_FIFO/mem_reg[296][0]

  Ref  DFF        ref:/WORK/zigbee/DQPSK_CSK/Imag_Sync_FIFO/mem_reg[296][1]
  Impl DFF        imp:/WORK/zigbee/DQPSK_CSK/Imag_Sync_FIFO/mem_reg[296][1]

  Ref  DFF        ref:/WORK/zigbee/DQPSK_CSK/Imag_Sync_FIFO/mem_reg[297][0]
  Impl DFF        imp:/WORK/zigbee/DQPSK_CSK/Imag_Sync_FIFO/mem_reg[297][0]

  Ref  DFF        ref:/WORK/zigbee/DQPSK_CSK/Imag_Sync_FIFO/mem_reg[297][1]
  Impl DFF        imp:/WORK/zigbee/DQPSK_CSK/Imag_Sync_FIFO/mem_reg[297][1]

  Ref  DFF        ref:/WORK/zigbee/DQPSK_CSK/Imag_Sync_FIFO/mem_reg[298][0]
  Impl DFF        imp:/WORK/zigbee/DQPSK_CSK/Imag_Sync_FIFO/mem_reg[298][0]

  Ref  DFF        ref:/WORK/zigbee/DQPSK_CSK/Imag_Sync_FIFO/mem_reg[298][1]
  Impl DFF        imp:/WORK/zigbee/DQPSK_CSK/Imag_Sync_FIFO/mem_reg[298][1]

  Ref  DFF        ref:/WORK/zigbee/DQPSK_CSK/Imag_Sync_FIFO/mem_reg[299][0]
  Impl DFF        imp:/WORK/zigbee/DQPSK_CSK/Imag_Sync_FIFO/mem_reg[299][0]

  Ref  DFF        ref:/WORK/zigbee/DQPSK_CSK/Imag_Sync_FIFO/mem_reg[299][1]
  Impl DFF        imp:/WORK/zigbee/DQPSK_CSK/Imag_Sync_FIFO/mem_reg[299][1]

  Ref  DFF        ref:/WORK/zigbee/DQPSK_CSK/Imag_Sync_FIFO/mem_reg[29][0]
  Impl DFF        imp:/WORK/zigbee/DQPSK_CSK/Imag_Sync_FIFO/mem_reg[29][0]

  Ref  DFF        ref:/WORK/zigbee/DQPSK_CSK/Imag_Sync_FIFO/mem_reg[29][1]
  Impl DFF        imp:/WORK/zigbee/DQPSK_CSK/Imag_Sync_FIFO/mem_reg[29][1]

  Ref  DFF        ref:/WORK/zigbee/DQPSK_CSK/Imag_Sync_FIFO/mem_reg[2][0]
  Impl DFF        imp:/WORK/zigbee/DQPSK_CSK/Imag_Sync_FIFO/mem_reg[2][0]

  Ref  DFF        ref:/WORK/zigbee/DQPSK_CSK/Imag_Sync_FIFO/mem_reg[2][1]
  Impl DFF        imp:/WORK/zigbee/DQPSK_CSK/Imag_Sync_FIFO/mem_reg[2][1]

  Ref  DFF        ref:/WORK/zigbee/DQPSK_CSK/Imag_Sync_FIFO/mem_reg[300][0]
  Impl DFF        imp:/WORK/zigbee/DQPSK_CSK/Imag_Sync_FIFO/mem_reg[300][0]

  Ref  DFF        ref:/WORK/zigbee/DQPSK_CSK/Imag_Sync_FIFO/mem_reg[300][1]
  Impl DFF        imp:/WORK/zigbee/DQPSK_CSK/Imag_Sync_FIFO/mem_reg[300][1]

  Ref  DFF        ref:/WORK/zigbee/DQPSK_CSK/Imag_Sync_FIFO/mem_reg[301][0]
  Impl DFF        imp:/WORK/zigbee/DQPSK_CSK/Imag_Sync_FIFO/mem_reg[301][0]

  Ref  DFF        ref:/WORK/zigbee/DQPSK_CSK/Imag_Sync_FIFO/mem_reg[301][1]
  Impl DFF        imp:/WORK/zigbee/DQPSK_CSK/Imag_Sync_FIFO/mem_reg[301][1]

  Ref  DFF        ref:/WORK/zigbee/DQPSK_CSK/Imag_Sync_FIFO/mem_reg[302][0]
  Impl DFF        imp:/WORK/zigbee/DQPSK_CSK/Imag_Sync_FIFO/mem_reg[302][0]

  Ref  DFF        ref:/WORK/zigbee/DQPSK_CSK/Imag_Sync_FIFO/mem_reg[302][1]
  Impl DFF        imp:/WORK/zigbee/DQPSK_CSK/Imag_Sync_FIFO/mem_reg[302][1]

  Ref  DFF        ref:/WORK/zigbee/DQPSK_CSK/Imag_Sync_FIFO/mem_reg[303][0]
  Impl DFF        imp:/WORK/zigbee/DQPSK_CSK/Imag_Sync_FIFO/mem_reg[303][0]

  Ref  DFF        ref:/WORK/zigbee/DQPSK_CSK/Imag_Sync_FIFO/mem_reg[303][1]
  Impl DFF        imp:/WORK/zigbee/DQPSK_CSK/Imag_Sync_FIFO/mem_reg[303][1]

  Ref  DFF        ref:/WORK/zigbee/DQPSK_CSK/Imag_Sync_FIFO/mem_reg[304][0]
  Impl DFF        imp:/WORK/zigbee/DQPSK_CSK/Imag_Sync_FIFO/mem_reg[304][0]

  Ref  DFF        ref:/WORK/zigbee/DQPSK_CSK/Imag_Sync_FIFO/mem_reg[304][1]
  Impl DFF        imp:/WORK/zigbee/DQPSK_CSK/Imag_Sync_FIFO/mem_reg[304][1]

  Ref  DFF        ref:/WORK/zigbee/DQPSK_CSK/Imag_Sync_FIFO/mem_reg[305][0]
  Impl DFF        imp:/WORK/zigbee/DQPSK_CSK/Imag_Sync_FIFO/mem_reg[305][0]

  Ref  DFF        ref:/WORK/zigbee/DQPSK_CSK/Imag_Sync_FIFO/mem_reg[305][1]
  Impl DFF        imp:/WORK/zigbee/DQPSK_CSK/Imag_Sync_FIFO/mem_reg[305][1]

  Ref  DFF        ref:/WORK/zigbee/DQPSK_CSK/Imag_Sync_FIFO/mem_reg[306][0]
  Impl DFF        imp:/WORK/zigbee/DQPSK_CSK/Imag_Sync_FIFO/mem_reg[306][0]

  Ref  DFF        ref:/WORK/zigbee/DQPSK_CSK/Imag_Sync_FIFO/mem_reg[306][1]
  Impl DFF        imp:/WORK/zigbee/DQPSK_CSK/Imag_Sync_FIFO/mem_reg[306][1]

  Ref  DFF        ref:/WORK/zigbee/DQPSK_CSK/Imag_Sync_FIFO/mem_reg[307][0]
  Impl DFF        imp:/WORK/zigbee/DQPSK_CSK/Imag_Sync_FIFO/mem_reg[307][0]

  Ref  DFF        ref:/WORK/zigbee/DQPSK_CSK/Imag_Sync_FIFO/mem_reg[307][1]
  Impl DFF        imp:/WORK/zigbee/DQPSK_CSK/Imag_Sync_FIFO/mem_reg[307][1]

  Ref  DFF        ref:/WORK/zigbee/DQPSK_CSK/Imag_Sync_FIFO/mem_reg[308][0]
  Impl DFF        imp:/WORK/zigbee/DQPSK_CSK/Imag_Sync_FIFO/mem_reg[308][0]

  Ref  DFF        ref:/WORK/zigbee/DQPSK_CSK/Imag_Sync_FIFO/mem_reg[308][1]
  Impl DFF        imp:/WORK/zigbee/DQPSK_CSK/Imag_Sync_FIFO/mem_reg[308][1]

  Ref  DFF        ref:/WORK/zigbee/DQPSK_CSK/Imag_Sync_FIFO/mem_reg[309][0]
  Impl DFF        imp:/WORK/zigbee/DQPSK_CSK/Imag_Sync_FIFO/mem_reg[309][0]

  Ref  DFF        ref:/WORK/zigbee/DQPSK_CSK/Imag_Sync_FIFO/mem_reg[309][1]
  Impl DFF        imp:/WORK/zigbee/DQPSK_CSK/Imag_Sync_FIFO/mem_reg[309][1]

  Ref  DFF        ref:/WORK/zigbee/DQPSK_CSK/Imag_Sync_FIFO/mem_reg[30][0]
  Impl DFF        imp:/WORK/zigbee/DQPSK_CSK/Imag_Sync_FIFO/mem_reg[30][0]

  Ref  DFF        ref:/WORK/zigbee/DQPSK_CSK/Imag_Sync_FIFO/mem_reg[30][1]
  Impl DFF        imp:/WORK/zigbee/DQPSK_CSK/Imag_Sync_FIFO/mem_reg[30][1]

  Ref  DFF        ref:/WORK/zigbee/DQPSK_CSK/Imag_Sync_FIFO/mem_reg[310][0]
  Impl DFF        imp:/WORK/zigbee/DQPSK_CSK/Imag_Sync_FIFO/mem_reg[310][0]

  Ref  DFF        ref:/WORK/zigbee/DQPSK_CSK/Imag_Sync_FIFO/mem_reg[310][1]
  Impl DFF        imp:/WORK/zigbee/DQPSK_CSK/Imag_Sync_FIFO/mem_reg[310][1]

  Ref  DFF        ref:/WORK/zigbee/DQPSK_CSK/Imag_Sync_FIFO/mem_reg[311][0]
  Impl DFF        imp:/WORK/zigbee/DQPSK_CSK/Imag_Sync_FIFO/mem_reg[311][0]

  Ref  DFF        ref:/WORK/zigbee/DQPSK_CSK/Imag_Sync_FIFO/mem_reg[311][1]
  Impl DFF        imp:/WORK/zigbee/DQPSK_CSK/Imag_Sync_FIFO/mem_reg[311][1]

  Ref  DFF        ref:/WORK/zigbee/DQPSK_CSK/Imag_Sync_FIFO/mem_reg[312][0]
  Impl DFF        imp:/WORK/zigbee/DQPSK_CSK/Imag_Sync_FIFO/mem_reg[312][0]

  Ref  DFF        ref:/WORK/zigbee/DQPSK_CSK/Imag_Sync_FIFO/mem_reg[312][1]
  Impl DFF        imp:/WORK/zigbee/DQPSK_CSK/Imag_Sync_FIFO/mem_reg[312][1]

  Ref  DFF        ref:/WORK/zigbee/DQPSK_CSK/Imag_Sync_FIFO/mem_reg[313][0]
  Impl DFF        imp:/WORK/zigbee/DQPSK_CSK/Imag_Sync_FIFO/mem_reg[313][0]

  Ref  DFF        ref:/WORK/zigbee/DQPSK_CSK/Imag_Sync_FIFO/mem_reg[313][1]
  Impl DFF        imp:/WORK/zigbee/DQPSK_CSK/Imag_Sync_FIFO/mem_reg[313][1]

  Ref  DFF        ref:/WORK/zigbee/DQPSK_CSK/Imag_Sync_FIFO/mem_reg[314][0]
  Impl DFF        imp:/WORK/zigbee/DQPSK_CSK/Imag_Sync_FIFO/mem_reg[314][0]

  Ref  DFF        ref:/WORK/zigbee/DQPSK_CSK/Imag_Sync_FIFO/mem_reg[314][1]
  Impl DFF        imp:/WORK/zigbee/DQPSK_CSK/Imag_Sync_FIFO/mem_reg[314][1]

  Ref  DFF        ref:/WORK/zigbee/DQPSK_CSK/Imag_Sync_FIFO/mem_reg[315][0]
  Impl DFF        imp:/WORK/zigbee/DQPSK_CSK/Imag_Sync_FIFO/mem_reg[315][0]

  Ref  DFF        ref:/WORK/zigbee/DQPSK_CSK/Imag_Sync_FIFO/mem_reg[315][1]
  Impl DFF        imp:/WORK/zigbee/DQPSK_CSK/Imag_Sync_FIFO/mem_reg[315][1]

  Ref  DFF        ref:/WORK/zigbee/DQPSK_CSK/Imag_Sync_FIFO/mem_reg[316][0]
  Impl DFF        imp:/WORK/zigbee/DQPSK_CSK/Imag_Sync_FIFO/mem_reg[316][0]

  Ref  DFF        ref:/WORK/zigbee/DQPSK_CSK/Imag_Sync_FIFO/mem_reg[316][1]
  Impl DFF        imp:/WORK/zigbee/DQPSK_CSK/Imag_Sync_FIFO/mem_reg[316][1]

  Ref  DFF        ref:/WORK/zigbee/DQPSK_CSK/Imag_Sync_FIFO/mem_reg[317][0]
  Impl DFF        imp:/WORK/zigbee/DQPSK_CSK/Imag_Sync_FIFO/mem_reg[317][0]

  Ref  DFF        ref:/WORK/zigbee/DQPSK_CSK/Imag_Sync_FIFO/mem_reg[317][1]
  Impl DFF        imp:/WORK/zigbee/DQPSK_CSK/Imag_Sync_FIFO/mem_reg[317][1]

  Ref  DFF        ref:/WORK/zigbee/DQPSK_CSK/Imag_Sync_FIFO/mem_reg[318][0]
  Impl DFF        imp:/WORK/zigbee/DQPSK_CSK/Imag_Sync_FIFO/mem_reg[318][0]

  Ref  DFF        ref:/WORK/zigbee/DQPSK_CSK/Imag_Sync_FIFO/mem_reg[318][1]
  Impl DFF        imp:/WORK/zigbee/DQPSK_CSK/Imag_Sync_FIFO/mem_reg[318][1]

  Ref  DFF        ref:/WORK/zigbee/DQPSK_CSK/Imag_Sync_FIFO/mem_reg[319][0]
  Impl DFF        imp:/WORK/zigbee/DQPSK_CSK/Imag_Sync_FIFO/mem_reg[319][0]

  Ref  DFF        ref:/WORK/zigbee/DQPSK_CSK/Imag_Sync_FIFO/mem_reg[319][1]
  Impl DFF        imp:/WORK/zigbee/DQPSK_CSK/Imag_Sync_FIFO/mem_reg[319][1]

  Ref  DFF        ref:/WORK/zigbee/DQPSK_CSK/Imag_Sync_FIFO/mem_reg[31][0]
  Impl DFF        imp:/WORK/zigbee/DQPSK_CSK/Imag_Sync_FIFO/mem_reg[31][0]

  Ref  DFF        ref:/WORK/zigbee/DQPSK_CSK/Imag_Sync_FIFO/mem_reg[31][1]
  Impl DFF        imp:/WORK/zigbee/DQPSK_CSK/Imag_Sync_FIFO/mem_reg[31][1]

  Ref  DFF        ref:/WORK/zigbee/DQPSK_CSK/Imag_Sync_FIFO/mem_reg[320][0]
  Impl DFF        imp:/WORK/zigbee/DQPSK_CSK/Imag_Sync_FIFO/mem_reg[320][0]

  Ref  DFF        ref:/WORK/zigbee/DQPSK_CSK/Imag_Sync_FIFO/mem_reg[320][1]
  Impl DFF        imp:/WORK/zigbee/DQPSK_CSK/Imag_Sync_FIFO/mem_reg[320][1]

  Ref  DFF        ref:/WORK/zigbee/DQPSK_CSK/Imag_Sync_FIFO/mem_reg[321][0]
  Impl DFF        imp:/WORK/zigbee/DQPSK_CSK/Imag_Sync_FIFO/mem_reg[321][0]

  Ref  DFF        ref:/WORK/zigbee/DQPSK_CSK/Imag_Sync_FIFO/mem_reg[321][1]
  Impl DFF        imp:/WORK/zigbee/DQPSK_CSK/Imag_Sync_FIFO/mem_reg[321][1]

  Ref  DFF        ref:/WORK/zigbee/DQPSK_CSK/Imag_Sync_FIFO/mem_reg[322][0]
  Impl DFF        imp:/WORK/zigbee/DQPSK_CSK/Imag_Sync_FIFO/mem_reg[322][0]

  Ref  DFF        ref:/WORK/zigbee/DQPSK_CSK/Imag_Sync_FIFO/mem_reg[322][1]
  Impl DFF        imp:/WORK/zigbee/DQPSK_CSK/Imag_Sync_FIFO/mem_reg[322][1]

  Ref  DFF        ref:/WORK/zigbee/DQPSK_CSK/Imag_Sync_FIFO/mem_reg[323][0]
  Impl DFF        imp:/WORK/zigbee/DQPSK_CSK/Imag_Sync_FIFO/mem_reg[323][0]

  Ref  DFF        ref:/WORK/zigbee/DQPSK_CSK/Imag_Sync_FIFO/mem_reg[323][1]
  Impl DFF        imp:/WORK/zigbee/DQPSK_CSK/Imag_Sync_FIFO/mem_reg[323][1]

  Ref  DFF        ref:/WORK/zigbee/DQPSK_CSK/Imag_Sync_FIFO/mem_reg[324][0]
  Impl DFF        imp:/WORK/zigbee/DQPSK_CSK/Imag_Sync_FIFO/mem_reg[324][0]

  Ref  DFF        ref:/WORK/zigbee/DQPSK_CSK/Imag_Sync_FIFO/mem_reg[324][1]
  Impl DFF        imp:/WORK/zigbee/DQPSK_CSK/Imag_Sync_FIFO/mem_reg[324][1]

  Ref  DFF        ref:/WORK/zigbee/DQPSK_CSK/Imag_Sync_FIFO/mem_reg[325][0]
  Impl DFF        imp:/WORK/zigbee/DQPSK_CSK/Imag_Sync_FIFO/mem_reg[325][0]

  Ref  DFF        ref:/WORK/zigbee/DQPSK_CSK/Imag_Sync_FIFO/mem_reg[325][1]
  Impl DFF        imp:/WORK/zigbee/DQPSK_CSK/Imag_Sync_FIFO/mem_reg[325][1]

  Ref  DFF        ref:/WORK/zigbee/DQPSK_CSK/Imag_Sync_FIFO/mem_reg[326][0]
  Impl DFF        imp:/WORK/zigbee/DQPSK_CSK/Imag_Sync_FIFO/mem_reg[326][0]

  Ref  DFF        ref:/WORK/zigbee/DQPSK_CSK/Imag_Sync_FIFO/mem_reg[326][1]
  Impl DFF        imp:/WORK/zigbee/DQPSK_CSK/Imag_Sync_FIFO/mem_reg[326][1]

  Ref  DFF        ref:/WORK/zigbee/DQPSK_CSK/Imag_Sync_FIFO/mem_reg[327][0]
  Impl DFF        imp:/WORK/zigbee/DQPSK_CSK/Imag_Sync_FIFO/mem_reg[327][0]

  Ref  DFF        ref:/WORK/zigbee/DQPSK_CSK/Imag_Sync_FIFO/mem_reg[327][1]
  Impl DFF        imp:/WORK/zigbee/DQPSK_CSK/Imag_Sync_FIFO/mem_reg[327][1]

  Ref  DFF        ref:/WORK/zigbee/DQPSK_CSK/Imag_Sync_FIFO/mem_reg[328][0]
  Impl DFF        imp:/WORK/zigbee/DQPSK_CSK/Imag_Sync_FIFO/mem_reg[328][0]

  Ref  DFF        ref:/WORK/zigbee/DQPSK_CSK/Imag_Sync_FIFO/mem_reg[328][1]
  Impl DFF        imp:/WORK/zigbee/DQPSK_CSK/Imag_Sync_FIFO/mem_reg[328][1]

  Ref  DFF        ref:/WORK/zigbee/DQPSK_CSK/Imag_Sync_FIFO/mem_reg[329][0]
  Impl DFF        imp:/WORK/zigbee/DQPSK_CSK/Imag_Sync_FIFO/mem_reg[329][0]

  Ref  DFF        ref:/WORK/zigbee/DQPSK_CSK/Imag_Sync_FIFO/mem_reg[329][1]
  Impl DFF        imp:/WORK/zigbee/DQPSK_CSK/Imag_Sync_FIFO/mem_reg[329][1]

  Ref  DFF        ref:/WORK/zigbee/DQPSK_CSK/Imag_Sync_FIFO/mem_reg[32][0]
  Impl DFF        imp:/WORK/zigbee/DQPSK_CSK/Imag_Sync_FIFO/mem_reg[32][0]

  Ref  DFF        ref:/WORK/zigbee/DQPSK_CSK/Imag_Sync_FIFO/mem_reg[32][1]
  Impl DFF        imp:/WORK/zigbee/DQPSK_CSK/Imag_Sync_FIFO/mem_reg[32][1]

  Ref  DFF        ref:/WORK/zigbee/DQPSK_CSK/Imag_Sync_FIFO/mem_reg[330][0]
  Impl DFF        imp:/WORK/zigbee/DQPSK_CSK/Imag_Sync_FIFO/mem_reg[330][0]

  Ref  DFF        ref:/WORK/zigbee/DQPSK_CSK/Imag_Sync_FIFO/mem_reg[330][1]
  Impl DFF        imp:/WORK/zigbee/DQPSK_CSK/Imag_Sync_FIFO/mem_reg[330][1]

  Ref  DFF        ref:/WORK/zigbee/DQPSK_CSK/Imag_Sync_FIFO/mem_reg[331][0]
  Impl DFF        imp:/WORK/zigbee/DQPSK_CSK/Imag_Sync_FIFO/mem_reg[331][0]

  Ref  DFF        ref:/WORK/zigbee/DQPSK_CSK/Imag_Sync_FIFO/mem_reg[331][1]
  Impl DFF        imp:/WORK/zigbee/DQPSK_CSK/Imag_Sync_FIFO/mem_reg[331][1]

  Ref  DFF        ref:/WORK/zigbee/DQPSK_CSK/Imag_Sync_FIFO/mem_reg[332][0]
  Impl DFF        imp:/WORK/zigbee/DQPSK_CSK/Imag_Sync_FIFO/mem_reg[332][0]

  Ref  DFF        ref:/WORK/zigbee/DQPSK_CSK/Imag_Sync_FIFO/mem_reg[332][1]
  Impl DFF        imp:/WORK/zigbee/DQPSK_CSK/Imag_Sync_FIFO/mem_reg[332][1]

  Ref  DFF        ref:/WORK/zigbee/DQPSK_CSK/Imag_Sync_FIFO/mem_reg[333][0]
  Impl DFF        imp:/WORK/zigbee/DQPSK_CSK/Imag_Sync_FIFO/mem_reg[333][0]

  Ref  DFF        ref:/WORK/zigbee/DQPSK_CSK/Imag_Sync_FIFO/mem_reg[333][1]
  Impl DFF        imp:/WORK/zigbee/DQPSK_CSK/Imag_Sync_FIFO/mem_reg[333][1]

  Ref  DFF        ref:/WORK/zigbee/DQPSK_CSK/Imag_Sync_FIFO/mem_reg[334][0]
  Impl DFF        imp:/WORK/zigbee/DQPSK_CSK/Imag_Sync_FIFO/mem_reg[334][0]

  Ref  DFF        ref:/WORK/zigbee/DQPSK_CSK/Imag_Sync_FIFO/mem_reg[334][1]
  Impl DFF        imp:/WORK/zigbee/DQPSK_CSK/Imag_Sync_FIFO/mem_reg[334][1]

  Ref  DFF        ref:/WORK/zigbee/DQPSK_CSK/Imag_Sync_FIFO/mem_reg[335][0]
  Impl DFF        imp:/WORK/zigbee/DQPSK_CSK/Imag_Sync_FIFO/mem_reg[335][0]

  Ref  DFF        ref:/WORK/zigbee/DQPSK_CSK/Imag_Sync_FIFO/mem_reg[335][1]
  Impl DFF        imp:/WORK/zigbee/DQPSK_CSK/Imag_Sync_FIFO/mem_reg[335][1]

  Ref  DFF        ref:/WORK/zigbee/DQPSK_CSK/Imag_Sync_FIFO/mem_reg[336][0]
  Impl DFF        imp:/WORK/zigbee/DQPSK_CSK/Imag_Sync_FIFO/mem_reg[336][0]

  Ref  DFF        ref:/WORK/zigbee/DQPSK_CSK/Imag_Sync_FIFO/mem_reg[336][1]
  Impl DFF        imp:/WORK/zigbee/DQPSK_CSK/Imag_Sync_FIFO/mem_reg[336][1]

  Ref  DFF        ref:/WORK/zigbee/DQPSK_CSK/Imag_Sync_FIFO/mem_reg[337][0]
  Impl DFF        imp:/WORK/zigbee/DQPSK_CSK/Imag_Sync_FIFO/mem_reg[337][0]

  Ref  DFF        ref:/WORK/zigbee/DQPSK_CSK/Imag_Sync_FIFO/mem_reg[337][1]
  Impl DFF        imp:/WORK/zigbee/DQPSK_CSK/Imag_Sync_FIFO/mem_reg[337][1]

  Ref  DFF        ref:/WORK/zigbee/DQPSK_CSK/Imag_Sync_FIFO/mem_reg[338][0]
  Impl DFF        imp:/WORK/zigbee/DQPSK_CSK/Imag_Sync_FIFO/mem_reg[338][0]

  Ref  DFF        ref:/WORK/zigbee/DQPSK_CSK/Imag_Sync_FIFO/mem_reg[338][1]
  Impl DFF        imp:/WORK/zigbee/DQPSK_CSK/Imag_Sync_FIFO/mem_reg[338][1]

  Ref  DFF        ref:/WORK/zigbee/DQPSK_CSK/Imag_Sync_FIFO/mem_reg[339][0]
  Impl DFF        imp:/WORK/zigbee/DQPSK_CSK/Imag_Sync_FIFO/mem_reg[339][0]

  Ref  DFF        ref:/WORK/zigbee/DQPSK_CSK/Imag_Sync_FIFO/mem_reg[339][1]
  Impl DFF        imp:/WORK/zigbee/DQPSK_CSK/Imag_Sync_FIFO/mem_reg[339][1]

  Ref  DFF        ref:/WORK/zigbee/DQPSK_CSK/Imag_Sync_FIFO/mem_reg[33][0]
  Impl DFF        imp:/WORK/zigbee/DQPSK_CSK/Imag_Sync_FIFO/mem_reg[33][0]

  Ref  DFF        ref:/WORK/zigbee/DQPSK_CSK/Imag_Sync_FIFO/mem_reg[33][1]
  Impl DFF        imp:/WORK/zigbee/DQPSK_CSK/Imag_Sync_FIFO/mem_reg[33][1]

  Ref  DFF        ref:/WORK/zigbee/DQPSK_CSK/Imag_Sync_FIFO/mem_reg[340][0]
  Impl DFF        imp:/WORK/zigbee/DQPSK_CSK/Imag_Sync_FIFO/mem_reg[340][0]

  Ref  DFF        ref:/WORK/zigbee/DQPSK_CSK/Imag_Sync_FIFO/mem_reg[340][1]
  Impl DFF        imp:/WORK/zigbee/DQPSK_CSK/Imag_Sync_FIFO/mem_reg[340][1]

  Ref  DFF        ref:/WORK/zigbee/DQPSK_CSK/Imag_Sync_FIFO/mem_reg[341][0]
  Impl DFF        imp:/WORK/zigbee/DQPSK_CSK/Imag_Sync_FIFO/mem_reg[341][0]

  Ref  DFF        ref:/WORK/zigbee/DQPSK_CSK/Imag_Sync_FIFO/mem_reg[341][1]
  Impl DFF        imp:/WORK/zigbee/DQPSK_CSK/Imag_Sync_FIFO/mem_reg[341][1]

  Ref  DFF        ref:/WORK/zigbee/DQPSK_CSK/Imag_Sync_FIFO/mem_reg[342][0]
  Impl DFF        imp:/WORK/zigbee/DQPSK_CSK/Imag_Sync_FIFO/mem_reg[342][0]

  Ref  DFF        ref:/WORK/zigbee/DQPSK_CSK/Imag_Sync_FIFO/mem_reg[342][1]
  Impl DFF        imp:/WORK/zigbee/DQPSK_CSK/Imag_Sync_FIFO/mem_reg[342][1]

  Ref  DFF        ref:/WORK/zigbee/DQPSK_CSK/Imag_Sync_FIFO/mem_reg[343][0]
  Impl DFF        imp:/WORK/zigbee/DQPSK_CSK/Imag_Sync_FIFO/mem_reg[343][0]

  Ref  DFF        ref:/WORK/zigbee/DQPSK_CSK/Imag_Sync_FIFO/mem_reg[343][1]
  Impl DFF        imp:/WORK/zigbee/DQPSK_CSK/Imag_Sync_FIFO/mem_reg[343][1]

  Ref  DFF        ref:/WORK/zigbee/DQPSK_CSK/Imag_Sync_FIFO/mem_reg[344][0]
  Impl DFF        imp:/WORK/zigbee/DQPSK_CSK/Imag_Sync_FIFO/mem_reg[344][0]

  Ref  DFF        ref:/WORK/zigbee/DQPSK_CSK/Imag_Sync_FIFO/mem_reg[344][1]
  Impl DFF        imp:/WORK/zigbee/DQPSK_CSK/Imag_Sync_FIFO/mem_reg[344][1]

  Ref  DFF        ref:/WORK/zigbee/DQPSK_CSK/Imag_Sync_FIFO/mem_reg[345][0]
  Impl DFF        imp:/WORK/zigbee/DQPSK_CSK/Imag_Sync_FIFO/mem_reg[345][0]

  Ref  DFF        ref:/WORK/zigbee/DQPSK_CSK/Imag_Sync_FIFO/mem_reg[345][1]
  Impl DFF        imp:/WORK/zigbee/DQPSK_CSK/Imag_Sync_FIFO/mem_reg[345][1]

  Ref  DFF        ref:/WORK/zigbee/DQPSK_CSK/Imag_Sync_FIFO/mem_reg[346][0]
  Impl DFF        imp:/WORK/zigbee/DQPSK_CSK/Imag_Sync_FIFO/mem_reg[346][0]

  Ref  DFF        ref:/WORK/zigbee/DQPSK_CSK/Imag_Sync_FIFO/mem_reg[346][1]
  Impl DFF        imp:/WORK/zigbee/DQPSK_CSK/Imag_Sync_FIFO/mem_reg[346][1]

  Ref  DFF        ref:/WORK/zigbee/DQPSK_CSK/Imag_Sync_FIFO/mem_reg[347][0]
  Impl DFF        imp:/WORK/zigbee/DQPSK_CSK/Imag_Sync_FIFO/mem_reg[347][0]

  Ref  DFF        ref:/WORK/zigbee/DQPSK_CSK/Imag_Sync_FIFO/mem_reg[347][1]
  Impl DFF        imp:/WORK/zigbee/DQPSK_CSK/Imag_Sync_FIFO/mem_reg[347][1]

  Ref  DFF        ref:/WORK/zigbee/DQPSK_CSK/Imag_Sync_FIFO/mem_reg[348][0]
  Impl DFF        imp:/WORK/zigbee/DQPSK_CSK/Imag_Sync_FIFO/mem_reg[348][0]

  Ref  DFF        ref:/WORK/zigbee/DQPSK_CSK/Imag_Sync_FIFO/mem_reg[348][1]
  Impl DFF        imp:/WORK/zigbee/DQPSK_CSK/Imag_Sync_FIFO/mem_reg[348][1]

  Ref  DFF        ref:/WORK/zigbee/DQPSK_CSK/Imag_Sync_FIFO/mem_reg[349][0]
  Impl DFF        imp:/WORK/zigbee/DQPSK_CSK/Imag_Sync_FIFO/mem_reg[349][0]

  Ref  DFF        ref:/WORK/zigbee/DQPSK_CSK/Imag_Sync_FIFO/mem_reg[349][1]
  Impl DFF        imp:/WORK/zigbee/DQPSK_CSK/Imag_Sync_FIFO/mem_reg[349][1]

  Ref  DFF        ref:/WORK/zigbee/DQPSK_CSK/Imag_Sync_FIFO/mem_reg[34][0]
  Impl DFF        imp:/WORK/zigbee/DQPSK_CSK/Imag_Sync_FIFO/mem_reg[34][0]

  Ref  DFF        ref:/WORK/zigbee/DQPSK_CSK/Imag_Sync_FIFO/mem_reg[34][1]
  Impl DFF        imp:/WORK/zigbee/DQPSK_CSK/Imag_Sync_FIFO/mem_reg[34][1]

  Ref  DFF        ref:/WORK/zigbee/DQPSK_CSK/Imag_Sync_FIFO/mem_reg[350][0]
  Impl DFF        imp:/WORK/zigbee/DQPSK_CSK/Imag_Sync_FIFO/mem_reg[350][0]

  Ref  DFF        ref:/WORK/zigbee/DQPSK_CSK/Imag_Sync_FIFO/mem_reg[350][1]
  Impl DFF        imp:/WORK/zigbee/DQPSK_CSK/Imag_Sync_FIFO/mem_reg[350][1]

  Ref  DFF        ref:/WORK/zigbee/DQPSK_CSK/Imag_Sync_FIFO/mem_reg[351][0]
  Impl DFF        imp:/WORK/zigbee/DQPSK_CSK/Imag_Sync_FIFO/mem_reg[351][0]

  Ref  DFF        ref:/WORK/zigbee/DQPSK_CSK/Imag_Sync_FIFO/mem_reg[351][1]
  Impl DFF        imp:/WORK/zigbee/DQPSK_CSK/Imag_Sync_FIFO/mem_reg[351][1]

  Ref  DFF        ref:/WORK/zigbee/DQPSK_CSK/Imag_Sync_FIFO/mem_reg[352][0]
  Impl DFF        imp:/WORK/zigbee/DQPSK_CSK/Imag_Sync_FIFO/mem_reg[352][0]

  Ref  DFF        ref:/WORK/zigbee/DQPSK_CSK/Imag_Sync_FIFO/mem_reg[352][1]
  Impl DFF        imp:/WORK/zigbee/DQPSK_CSK/Imag_Sync_FIFO/mem_reg[352][1]

  Ref  DFF        ref:/WORK/zigbee/DQPSK_CSK/Imag_Sync_FIFO/mem_reg[353][0]
  Impl DFF        imp:/WORK/zigbee/DQPSK_CSK/Imag_Sync_FIFO/mem_reg[353][0]

  Ref  DFF        ref:/WORK/zigbee/DQPSK_CSK/Imag_Sync_FIFO/mem_reg[353][1]
  Impl DFF        imp:/WORK/zigbee/DQPSK_CSK/Imag_Sync_FIFO/mem_reg[353][1]

  Ref  DFF        ref:/WORK/zigbee/DQPSK_CSK/Imag_Sync_FIFO/mem_reg[354][0]
  Impl DFF        imp:/WORK/zigbee/DQPSK_CSK/Imag_Sync_FIFO/mem_reg[354][0]

  Ref  DFF        ref:/WORK/zigbee/DQPSK_CSK/Imag_Sync_FIFO/mem_reg[354][1]
  Impl DFF        imp:/WORK/zigbee/DQPSK_CSK/Imag_Sync_FIFO/mem_reg[354][1]

  Ref  DFF        ref:/WORK/zigbee/DQPSK_CSK/Imag_Sync_FIFO/mem_reg[355][0]
  Impl DFF        imp:/WORK/zigbee/DQPSK_CSK/Imag_Sync_FIFO/mem_reg[355][0]

  Ref  DFF        ref:/WORK/zigbee/DQPSK_CSK/Imag_Sync_FIFO/mem_reg[355][1]
  Impl DFF        imp:/WORK/zigbee/DQPSK_CSK/Imag_Sync_FIFO/mem_reg[355][1]

  Ref  DFF        ref:/WORK/zigbee/DQPSK_CSK/Imag_Sync_FIFO/mem_reg[356][0]
  Impl DFF        imp:/WORK/zigbee/DQPSK_CSK/Imag_Sync_FIFO/mem_reg[356][0]

  Ref  DFF        ref:/WORK/zigbee/DQPSK_CSK/Imag_Sync_FIFO/mem_reg[356][1]
  Impl DFF        imp:/WORK/zigbee/DQPSK_CSK/Imag_Sync_FIFO/mem_reg[356][1]

  Ref  DFF        ref:/WORK/zigbee/DQPSK_CSK/Imag_Sync_FIFO/mem_reg[357][0]
  Impl DFF        imp:/WORK/zigbee/DQPSK_CSK/Imag_Sync_FIFO/mem_reg[357][0]

  Ref  DFF        ref:/WORK/zigbee/DQPSK_CSK/Imag_Sync_FIFO/mem_reg[357][1]
  Impl DFF        imp:/WORK/zigbee/DQPSK_CSK/Imag_Sync_FIFO/mem_reg[357][1]

  Ref  DFF        ref:/WORK/zigbee/DQPSK_CSK/Imag_Sync_FIFO/mem_reg[358][0]
  Impl DFF        imp:/WORK/zigbee/DQPSK_CSK/Imag_Sync_FIFO/mem_reg[358][0]

  Ref  DFF        ref:/WORK/zigbee/DQPSK_CSK/Imag_Sync_FIFO/mem_reg[358][1]
  Impl DFF        imp:/WORK/zigbee/DQPSK_CSK/Imag_Sync_FIFO/mem_reg[358][1]

  Ref  DFF        ref:/WORK/zigbee/DQPSK_CSK/Imag_Sync_FIFO/mem_reg[359][0]
  Impl DFF        imp:/WORK/zigbee/DQPSK_CSK/Imag_Sync_FIFO/mem_reg[359][0]

  Ref  DFF        ref:/WORK/zigbee/DQPSK_CSK/Imag_Sync_FIFO/mem_reg[359][1]
  Impl DFF        imp:/WORK/zigbee/DQPSK_CSK/Imag_Sync_FIFO/mem_reg[359][1]

  Ref  DFF        ref:/WORK/zigbee/DQPSK_CSK/Imag_Sync_FIFO/mem_reg[35][0]
  Impl DFF        imp:/WORK/zigbee/DQPSK_CSK/Imag_Sync_FIFO/mem_reg[35][0]

  Ref  DFF        ref:/WORK/zigbee/DQPSK_CSK/Imag_Sync_FIFO/mem_reg[35][1]
  Impl DFF        imp:/WORK/zigbee/DQPSK_CSK/Imag_Sync_FIFO/mem_reg[35][1]

  Ref  DFF        ref:/WORK/zigbee/DQPSK_CSK/Imag_Sync_FIFO/mem_reg[360][0]
  Impl DFF        imp:/WORK/zigbee/DQPSK_CSK/Imag_Sync_FIFO/mem_reg[360][0]

  Ref  DFF        ref:/WORK/zigbee/DQPSK_CSK/Imag_Sync_FIFO/mem_reg[360][1]
  Impl DFF        imp:/WORK/zigbee/DQPSK_CSK/Imag_Sync_FIFO/mem_reg[360][1]

  Ref  DFF        ref:/WORK/zigbee/DQPSK_CSK/Imag_Sync_FIFO/mem_reg[361][0]
  Impl DFF        imp:/WORK/zigbee/DQPSK_CSK/Imag_Sync_FIFO/mem_reg[361][0]

  Ref  DFF        ref:/WORK/zigbee/DQPSK_CSK/Imag_Sync_FIFO/mem_reg[361][1]
  Impl DFF        imp:/WORK/zigbee/DQPSK_CSK/Imag_Sync_FIFO/mem_reg[361][1]

  Ref  DFF        ref:/WORK/zigbee/DQPSK_CSK/Imag_Sync_FIFO/mem_reg[362][0]
  Impl DFF        imp:/WORK/zigbee/DQPSK_CSK/Imag_Sync_FIFO/mem_reg[362][0]

  Ref  DFF        ref:/WORK/zigbee/DQPSK_CSK/Imag_Sync_FIFO/mem_reg[362][1]
  Impl DFF        imp:/WORK/zigbee/DQPSK_CSK/Imag_Sync_FIFO/mem_reg[362][1]

  Ref  DFF        ref:/WORK/zigbee/DQPSK_CSK/Imag_Sync_FIFO/mem_reg[363][0]
  Impl DFF        imp:/WORK/zigbee/DQPSK_CSK/Imag_Sync_FIFO/mem_reg[363][0]

  Ref  DFF        ref:/WORK/zigbee/DQPSK_CSK/Imag_Sync_FIFO/mem_reg[363][1]
  Impl DFF        imp:/WORK/zigbee/DQPSK_CSK/Imag_Sync_FIFO/mem_reg[363][1]

  Ref  DFF        ref:/WORK/zigbee/DQPSK_CSK/Imag_Sync_FIFO/mem_reg[364][0]
  Impl DFF        imp:/WORK/zigbee/DQPSK_CSK/Imag_Sync_FIFO/mem_reg[364][0]

  Ref  DFF        ref:/WORK/zigbee/DQPSK_CSK/Imag_Sync_FIFO/mem_reg[364][1]
  Impl DFF        imp:/WORK/zigbee/DQPSK_CSK/Imag_Sync_FIFO/mem_reg[364][1]

  Ref  DFF        ref:/WORK/zigbee/DQPSK_CSK/Imag_Sync_FIFO/mem_reg[365][0]
  Impl DFF        imp:/WORK/zigbee/DQPSK_CSK/Imag_Sync_FIFO/mem_reg[365][0]

  Ref  DFF        ref:/WORK/zigbee/DQPSK_CSK/Imag_Sync_FIFO/mem_reg[365][1]
  Impl DFF        imp:/WORK/zigbee/DQPSK_CSK/Imag_Sync_FIFO/mem_reg[365][1]

  Ref  DFF        ref:/WORK/zigbee/DQPSK_CSK/Imag_Sync_FIFO/mem_reg[366][0]
  Impl DFF        imp:/WORK/zigbee/DQPSK_CSK/Imag_Sync_FIFO/mem_reg[366][0]

  Ref  DFF        ref:/WORK/zigbee/DQPSK_CSK/Imag_Sync_FIFO/mem_reg[366][1]
  Impl DFF        imp:/WORK/zigbee/DQPSK_CSK/Imag_Sync_FIFO/mem_reg[366][1]

  Ref  DFF        ref:/WORK/zigbee/DQPSK_CSK/Imag_Sync_FIFO/mem_reg[367][0]
  Impl DFF        imp:/WORK/zigbee/DQPSK_CSK/Imag_Sync_FIFO/mem_reg[367][0]

  Ref  DFF        ref:/WORK/zigbee/DQPSK_CSK/Imag_Sync_FIFO/mem_reg[367][1]
  Impl DFF        imp:/WORK/zigbee/DQPSK_CSK/Imag_Sync_FIFO/mem_reg[367][1]

  Ref  DFF        ref:/WORK/zigbee/DQPSK_CSK/Imag_Sync_FIFO/mem_reg[368][0]
  Impl DFF        imp:/WORK/zigbee/DQPSK_CSK/Imag_Sync_FIFO/mem_reg[368][0]

  Ref  DFF        ref:/WORK/zigbee/DQPSK_CSK/Imag_Sync_FIFO/mem_reg[368][1]
  Impl DFF        imp:/WORK/zigbee/DQPSK_CSK/Imag_Sync_FIFO/mem_reg[368][1]

  Ref  DFF        ref:/WORK/zigbee/DQPSK_CSK/Imag_Sync_FIFO/mem_reg[369][0]
  Impl DFF        imp:/WORK/zigbee/DQPSK_CSK/Imag_Sync_FIFO/mem_reg[369][0]

  Ref  DFF        ref:/WORK/zigbee/DQPSK_CSK/Imag_Sync_FIFO/mem_reg[369][1]
  Impl DFF        imp:/WORK/zigbee/DQPSK_CSK/Imag_Sync_FIFO/mem_reg[369][1]

  Ref  DFF        ref:/WORK/zigbee/DQPSK_CSK/Imag_Sync_FIFO/mem_reg[36][0]
  Impl DFF        imp:/WORK/zigbee/DQPSK_CSK/Imag_Sync_FIFO/mem_reg[36][0]

  Ref  DFF        ref:/WORK/zigbee/DQPSK_CSK/Imag_Sync_FIFO/mem_reg[36][1]
  Impl DFF        imp:/WORK/zigbee/DQPSK_CSK/Imag_Sync_FIFO/mem_reg[36][1]

  Ref  DFF        ref:/WORK/zigbee/DQPSK_CSK/Imag_Sync_FIFO/mem_reg[370][0]
  Impl DFF        imp:/WORK/zigbee/DQPSK_CSK/Imag_Sync_FIFO/mem_reg[370][0]

  Ref  DFF        ref:/WORK/zigbee/DQPSK_CSK/Imag_Sync_FIFO/mem_reg[370][1]
  Impl DFF        imp:/WORK/zigbee/DQPSK_CSK/Imag_Sync_FIFO/mem_reg[370][1]

  Ref  DFF        ref:/WORK/zigbee/DQPSK_CSK/Imag_Sync_FIFO/mem_reg[371][0]
  Impl DFF        imp:/WORK/zigbee/DQPSK_CSK/Imag_Sync_FIFO/mem_reg[371][0]

  Ref  DFF        ref:/WORK/zigbee/DQPSK_CSK/Imag_Sync_FIFO/mem_reg[371][1]
  Impl DFF        imp:/WORK/zigbee/DQPSK_CSK/Imag_Sync_FIFO/mem_reg[371][1]

  Ref  DFF        ref:/WORK/zigbee/DQPSK_CSK/Imag_Sync_FIFO/mem_reg[372][0]
  Impl DFF        imp:/WORK/zigbee/DQPSK_CSK/Imag_Sync_FIFO/mem_reg[372][0]

  Ref  DFF        ref:/WORK/zigbee/DQPSK_CSK/Imag_Sync_FIFO/mem_reg[372][1]
  Impl DFF        imp:/WORK/zigbee/DQPSK_CSK/Imag_Sync_FIFO/mem_reg[372][1]

  Ref  DFF        ref:/WORK/zigbee/DQPSK_CSK/Imag_Sync_FIFO/mem_reg[373][0]
  Impl DFF        imp:/WORK/zigbee/DQPSK_CSK/Imag_Sync_FIFO/mem_reg[373][0]

  Ref  DFF        ref:/WORK/zigbee/DQPSK_CSK/Imag_Sync_FIFO/mem_reg[373][1]
  Impl DFF        imp:/WORK/zigbee/DQPSK_CSK/Imag_Sync_FIFO/mem_reg[373][1]

  Ref  DFF        ref:/WORK/zigbee/DQPSK_CSK/Imag_Sync_FIFO/mem_reg[374][0]
  Impl DFF        imp:/WORK/zigbee/DQPSK_CSK/Imag_Sync_FIFO/mem_reg[374][0]

  Ref  DFF        ref:/WORK/zigbee/DQPSK_CSK/Imag_Sync_FIFO/mem_reg[374][1]
  Impl DFF        imp:/WORK/zigbee/DQPSK_CSK/Imag_Sync_FIFO/mem_reg[374][1]

  Ref  DFF        ref:/WORK/zigbee/DQPSK_CSK/Imag_Sync_FIFO/mem_reg[375][0]
  Impl DFF        imp:/WORK/zigbee/DQPSK_CSK/Imag_Sync_FIFO/mem_reg[375][0]

  Ref  DFF        ref:/WORK/zigbee/DQPSK_CSK/Imag_Sync_FIFO/mem_reg[375][1]
  Impl DFF        imp:/WORK/zigbee/DQPSK_CSK/Imag_Sync_FIFO/mem_reg[375][1]

  Ref  DFF        ref:/WORK/zigbee/DQPSK_CSK/Imag_Sync_FIFO/mem_reg[376][0]
  Impl DFF        imp:/WORK/zigbee/DQPSK_CSK/Imag_Sync_FIFO/mem_reg[376][0]

  Ref  DFF        ref:/WORK/zigbee/DQPSK_CSK/Imag_Sync_FIFO/mem_reg[376][1]
  Impl DFF        imp:/WORK/zigbee/DQPSK_CSK/Imag_Sync_FIFO/mem_reg[376][1]

  Ref  DFF        ref:/WORK/zigbee/DQPSK_CSK/Imag_Sync_FIFO/mem_reg[377][0]
  Impl DFF        imp:/WORK/zigbee/DQPSK_CSK/Imag_Sync_FIFO/mem_reg[377][0]

  Ref  DFF        ref:/WORK/zigbee/DQPSK_CSK/Imag_Sync_FIFO/mem_reg[377][1]
  Impl DFF        imp:/WORK/zigbee/DQPSK_CSK/Imag_Sync_FIFO/mem_reg[377][1]

  Ref  DFF        ref:/WORK/zigbee/DQPSK_CSK/Imag_Sync_FIFO/mem_reg[378][0]
  Impl DFF        imp:/WORK/zigbee/DQPSK_CSK/Imag_Sync_FIFO/mem_reg[378][0]

  Ref  DFF        ref:/WORK/zigbee/DQPSK_CSK/Imag_Sync_FIFO/mem_reg[378][1]
  Impl DFF        imp:/WORK/zigbee/DQPSK_CSK/Imag_Sync_FIFO/mem_reg[378][1]

  Ref  DFF        ref:/WORK/zigbee/DQPSK_CSK/Imag_Sync_FIFO/mem_reg[379][0]
  Impl DFF        imp:/WORK/zigbee/DQPSK_CSK/Imag_Sync_FIFO/mem_reg[379][0]

  Ref  DFF        ref:/WORK/zigbee/DQPSK_CSK/Imag_Sync_FIFO/mem_reg[379][1]
  Impl DFF        imp:/WORK/zigbee/DQPSK_CSK/Imag_Sync_FIFO/mem_reg[379][1]

  Ref  DFF        ref:/WORK/zigbee/DQPSK_CSK/Imag_Sync_FIFO/mem_reg[37][0]
  Impl DFF        imp:/WORK/zigbee/DQPSK_CSK/Imag_Sync_FIFO/mem_reg[37][0]

  Ref  DFF        ref:/WORK/zigbee/DQPSK_CSK/Imag_Sync_FIFO/mem_reg[37][1]
  Impl DFF        imp:/WORK/zigbee/DQPSK_CSK/Imag_Sync_FIFO/mem_reg[37][1]

  Ref  DFF        ref:/WORK/zigbee/DQPSK_CSK/Imag_Sync_FIFO/mem_reg[380][0]
  Impl DFF        imp:/WORK/zigbee/DQPSK_CSK/Imag_Sync_FIFO/mem_reg[380][0]

  Ref  DFF        ref:/WORK/zigbee/DQPSK_CSK/Imag_Sync_FIFO/mem_reg[380][1]
  Impl DFF        imp:/WORK/zigbee/DQPSK_CSK/Imag_Sync_FIFO/mem_reg[380][1]

  Ref  DFF        ref:/WORK/zigbee/DQPSK_CSK/Imag_Sync_FIFO/mem_reg[381][0]
  Impl DFF        imp:/WORK/zigbee/DQPSK_CSK/Imag_Sync_FIFO/mem_reg[381][0]

  Ref  DFF        ref:/WORK/zigbee/DQPSK_CSK/Imag_Sync_FIFO/mem_reg[381][1]
  Impl DFF        imp:/WORK/zigbee/DQPSK_CSK/Imag_Sync_FIFO/mem_reg[381][1]

  Ref  DFF        ref:/WORK/zigbee/DQPSK_CSK/Imag_Sync_FIFO/mem_reg[382][0]
  Impl DFF        imp:/WORK/zigbee/DQPSK_CSK/Imag_Sync_FIFO/mem_reg[382][0]

  Ref  DFF        ref:/WORK/zigbee/DQPSK_CSK/Imag_Sync_FIFO/mem_reg[382][1]
  Impl DFF        imp:/WORK/zigbee/DQPSK_CSK/Imag_Sync_FIFO/mem_reg[382][1]

  Ref  DFF        ref:/WORK/zigbee/DQPSK_CSK/Imag_Sync_FIFO/mem_reg[383][0]
  Impl DFF        imp:/WORK/zigbee/DQPSK_CSK/Imag_Sync_FIFO/mem_reg[383][0]

  Ref  DFF        ref:/WORK/zigbee/DQPSK_CSK/Imag_Sync_FIFO/mem_reg[383][1]
  Impl DFF        imp:/WORK/zigbee/DQPSK_CSK/Imag_Sync_FIFO/mem_reg[383][1]

  Ref  DFF        ref:/WORK/zigbee/DQPSK_CSK/Imag_Sync_FIFO/mem_reg[384][0]
  Impl DFF        imp:/WORK/zigbee/DQPSK_CSK/Imag_Sync_FIFO/mem_reg[384][0]

  Ref  DFF        ref:/WORK/zigbee/DQPSK_CSK/Imag_Sync_FIFO/mem_reg[384][1]
  Impl DFF        imp:/WORK/zigbee/DQPSK_CSK/Imag_Sync_FIFO/mem_reg[384][1]

  Ref  DFF        ref:/WORK/zigbee/DQPSK_CSK/Imag_Sync_FIFO/mem_reg[385][0]
  Impl DFF        imp:/WORK/zigbee/DQPSK_CSK/Imag_Sync_FIFO/mem_reg[385][0]

  Ref  DFF        ref:/WORK/zigbee/DQPSK_CSK/Imag_Sync_FIFO/mem_reg[385][1]
  Impl DFF        imp:/WORK/zigbee/DQPSK_CSK/Imag_Sync_FIFO/mem_reg[385][1]

  Ref  DFF        ref:/WORK/zigbee/DQPSK_CSK/Imag_Sync_FIFO/mem_reg[386][0]
  Impl DFF        imp:/WORK/zigbee/DQPSK_CSK/Imag_Sync_FIFO/mem_reg[386][0]

  Ref  DFF        ref:/WORK/zigbee/DQPSK_CSK/Imag_Sync_FIFO/mem_reg[386][1]
  Impl DFF        imp:/WORK/zigbee/DQPSK_CSK/Imag_Sync_FIFO/mem_reg[386][1]

  Ref  DFF        ref:/WORK/zigbee/DQPSK_CSK/Imag_Sync_FIFO/mem_reg[387][0]
  Impl DFF        imp:/WORK/zigbee/DQPSK_CSK/Imag_Sync_FIFO/mem_reg[387][0]

  Ref  DFF        ref:/WORK/zigbee/DQPSK_CSK/Imag_Sync_FIFO/mem_reg[387][1]
  Impl DFF        imp:/WORK/zigbee/DQPSK_CSK/Imag_Sync_FIFO/mem_reg[387][1]

  Ref  DFF        ref:/WORK/zigbee/DQPSK_CSK/Imag_Sync_FIFO/mem_reg[388][0]
  Impl DFF        imp:/WORK/zigbee/DQPSK_CSK/Imag_Sync_FIFO/mem_reg[388][0]

  Ref  DFF        ref:/WORK/zigbee/DQPSK_CSK/Imag_Sync_FIFO/mem_reg[388][1]
  Impl DFF        imp:/WORK/zigbee/DQPSK_CSK/Imag_Sync_FIFO/mem_reg[388][1]

  Ref  DFF        ref:/WORK/zigbee/DQPSK_CSK/Imag_Sync_FIFO/mem_reg[389][0]
  Impl DFF        imp:/WORK/zigbee/DQPSK_CSK/Imag_Sync_FIFO/mem_reg[389][0]

  Ref  DFF        ref:/WORK/zigbee/DQPSK_CSK/Imag_Sync_FIFO/mem_reg[389][1]
  Impl DFF        imp:/WORK/zigbee/DQPSK_CSK/Imag_Sync_FIFO/mem_reg[389][1]

  Ref  DFF        ref:/WORK/zigbee/DQPSK_CSK/Imag_Sync_FIFO/mem_reg[38][0]
  Impl DFF        imp:/WORK/zigbee/DQPSK_CSK/Imag_Sync_FIFO/mem_reg[38][0]

  Ref  DFF        ref:/WORK/zigbee/DQPSK_CSK/Imag_Sync_FIFO/mem_reg[38][1]
  Impl DFF        imp:/WORK/zigbee/DQPSK_CSK/Imag_Sync_FIFO/mem_reg[38][1]

  Ref  DFF        ref:/WORK/zigbee/DQPSK_CSK/Imag_Sync_FIFO/mem_reg[390][0]
  Impl DFF        imp:/WORK/zigbee/DQPSK_CSK/Imag_Sync_FIFO/mem_reg[390][0]

  Ref  DFF        ref:/WORK/zigbee/DQPSK_CSK/Imag_Sync_FIFO/mem_reg[390][1]
  Impl DFF        imp:/WORK/zigbee/DQPSK_CSK/Imag_Sync_FIFO/mem_reg[390][1]

  Ref  DFF        ref:/WORK/zigbee/DQPSK_CSK/Imag_Sync_FIFO/mem_reg[391][0]
  Impl DFF        imp:/WORK/zigbee/DQPSK_CSK/Imag_Sync_FIFO/mem_reg[391][0]

  Ref  DFF        ref:/WORK/zigbee/DQPSK_CSK/Imag_Sync_FIFO/mem_reg[391][1]
  Impl DFF        imp:/WORK/zigbee/DQPSK_CSK/Imag_Sync_FIFO/mem_reg[391][1]

  Ref  DFF        ref:/WORK/zigbee/DQPSK_CSK/Imag_Sync_FIFO/mem_reg[392][0]
  Impl DFF        imp:/WORK/zigbee/DQPSK_CSK/Imag_Sync_FIFO/mem_reg[392][0]

  Ref  DFF        ref:/WORK/zigbee/DQPSK_CSK/Imag_Sync_FIFO/mem_reg[392][1]
  Impl DFF        imp:/WORK/zigbee/DQPSK_CSK/Imag_Sync_FIFO/mem_reg[392][1]

  Ref  DFF        ref:/WORK/zigbee/DQPSK_CSK/Imag_Sync_FIFO/mem_reg[393][0]
  Impl DFF        imp:/WORK/zigbee/DQPSK_CSK/Imag_Sync_FIFO/mem_reg[393][0]

  Ref  DFF        ref:/WORK/zigbee/DQPSK_CSK/Imag_Sync_FIFO/mem_reg[393][1]
  Impl DFF        imp:/WORK/zigbee/DQPSK_CSK/Imag_Sync_FIFO/mem_reg[393][1]

  Ref  DFF        ref:/WORK/zigbee/DQPSK_CSK/Imag_Sync_FIFO/mem_reg[394][0]
  Impl DFF        imp:/WORK/zigbee/DQPSK_CSK/Imag_Sync_FIFO/mem_reg[394][0]

  Ref  DFF        ref:/WORK/zigbee/DQPSK_CSK/Imag_Sync_FIFO/mem_reg[394][1]
  Impl DFF        imp:/WORK/zigbee/DQPSK_CSK/Imag_Sync_FIFO/mem_reg[394][1]

  Ref  DFF        ref:/WORK/zigbee/DQPSK_CSK/Imag_Sync_FIFO/mem_reg[395][0]
  Impl DFF        imp:/WORK/zigbee/DQPSK_CSK/Imag_Sync_FIFO/mem_reg[395][0]

  Ref  DFF        ref:/WORK/zigbee/DQPSK_CSK/Imag_Sync_FIFO/mem_reg[395][1]
  Impl DFF        imp:/WORK/zigbee/DQPSK_CSK/Imag_Sync_FIFO/mem_reg[395][1]

  Ref  DFF        ref:/WORK/zigbee/DQPSK_CSK/Imag_Sync_FIFO/mem_reg[396][0]
  Impl DFF        imp:/WORK/zigbee/DQPSK_CSK/Imag_Sync_FIFO/mem_reg[396][0]

  Ref  DFF        ref:/WORK/zigbee/DQPSK_CSK/Imag_Sync_FIFO/mem_reg[396][1]
  Impl DFF        imp:/WORK/zigbee/DQPSK_CSK/Imag_Sync_FIFO/mem_reg[396][1]

  Ref  DFF        ref:/WORK/zigbee/DQPSK_CSK/Imag_Sync_FIFO/mem_reg[397][0]
  Impl DFF        imp:/WORK/zigbee/DQPSK_CSK/Imag_Sync_FIFO/mem_reg[397][0]

  Ref  DFF        ref:/WORK/zigbee/DQPSK_CSK/Imag_Sync_FIFO/mem_reg[397][1]
  Impl DFF        imp:/WORK/zigbee/DQPSK_CSK/Imag_Sync_FIFO/mem_reg[397][1]

  Ref  DFF        ref:/WORK/zigbee/DQPSK_CSK/Imag_Sync_FIFO/mem_reg[398][0]
  Impl DFF        imp:/WORK/zigbee/DQPSK_CSK/Imag_Sync_FIFO/mem_reg[398][0]

  Ref  DFF        ref:/WORK/zigbee/DQPSK_CSK/Imag_Sync_FIFO/mem_reg[398][1]
  Impl DFF        imp:/WORK/zigbee/DQPSK_CSK/Imag_Sync_FIFO/mem_reg[398][1]

  Ref  DFF        ref:/WORK/zigbee/DQPSK_CSK/Imag_Sync_FIFO/mem_reg[399][0]
  Impl DFF        imp:/WORK/zigbee/DQPSK_CSK/Imag_Sync_FIFO/mem_reg[399][0]

  Ref  DFF        ref:/WORK/zigbee/DQPSK_CSK/Imag_Sync_FIFO/mem_reg[399][1]
  Impl DFF        imp:/WORK/zigbee/DQPSK_CSK/Imag_Sync_FIFO/mem_reg[399][1]

  Ref  DFF        ref:/WORK/zigbee/DQPSK_CSK/Imag_Sync_FIFO/mem_reg[39][0]
  Impl DFF        imp:/WORK/zigbee/DQPSK_CSK/Imag_Sync_FIFO/mem_reg[39][0]

  Ref  DFF        ref:/WORK/zigbee/DQPSK_CSK/Imag_Sync_FIFO/mem_reg[39][1]
  Impl DFF        imp:/WORK/zigbee/DQPSK_CSK/Imag_Sync_FIFO/mem_reg[39][1]

  Ref  DFF        ref:/WORK/zigbee/DQPSK_CSK/Imag_Sync_FIFO/mem_reg[3][0]
  Impl DFF        imp:/WORK/zigbee/DQPSK_CSK/Imag_Sync_FIFO/mem_reg[3][0]

  Ref  DFF        ref:/WORK/zigbee/DQPSK_CSK/Imag_Sync_FIFO/mem_reg[3][1]
  Impl DFF        imp:/WORK/zigbee/DQPSK_CSK/Imag_Sync_FIFO/mem_reg[3][1]

  Ref  DFF        ref:/WORK/zigbee/DQPSK_CSK/Imag_Sync_FIFO/mem_reg[400][0]
  Impl DFF        imp:/WORK/zigbee/DQPSK_CSK/Imag_Sync_FIFO/mem_reg[400][0]

  Ref  DFF        ref:/WORK/zigbee/DQPSK_CSK/Imag_Sync_FIFO/mem_reg[400][1]
  Impl DFF        imp:/WORK/zigbee/DQPSK_CSK/Imag_Sync_FIFO/mem_reg[400][1]

  Ref  DFF        ref:/WORK/zigbee/DQPSK_CSK/Imag_Sync_FIFO/mem_reg[401][0]
  Impl DFF        imp:/WORK/zigbee/DQPSK_CSK/Imag_Sync_FIFO/mem_reg[401][0]

  Ref  DFF        ref:/WORK/zigbee/DQPSK_CSK/Imag_Sync_FIFO/mem_reg[401][1]
  Impl DFF        imp:/WORK/zigbee/DQPSK_CSK/Imag_Sync_FIFO/mem_reg[401][1]

  Ref  DFF        ref:/WORK/zigbee/DQPSK_CSK/Imag_Sync_FIFO/mem_reg[402][0]
  Impl DFF        imp:/WORK/zigbee/DQPSK_CSK/Imag_Sync_FIFO/mem_reg[402][0]

  Ref  DFF        ref:/WORK/zigbee/DQPSK_CSK/Imag_Sync_FIFO/mem_reg[402][1]
  Impl DFF        imp:/WORK/zigbee/DQPSK_CSK/Imag_Sync_FIFO/mem_reg[402][1]

  Ref  DFF        ref:/WORK/zigbee/DQPSK_CSK/Imag_Sync_FIFO/mem_reg[403][0]
  Impl DFF        imp:/WORK/zigbee/DQPSK_CSK/Imag_Sync_FIFO/mem_reg[403][0]

  Ref  DFF        ref:/WORK/zigbee/DQPSK_CSK/Imag_Sync_FIFO/mem_reg[403][1]
  Impl DFF        imp:/WORK/zigbee/DQPSK_CSK/Imag_Sync_FIFO/mem_reg[403][1]

  Ref  DFF        ref:/WORK/zigbee/DQPSK_CSK/Imag_Sync_FIFO/mem_reg[404][0]
  Impl DFF        imp:/WORK/zigbee/DQPSK_CSK/Imag_Sync_FIFO/mem_reg[404][0]

  Ref  DFF        ref:/WORK/zigbee/DQPSK_CSK/Imag_Sync_FIFO/mem_reg[404][1]
  Impl DFF        imp:/WORK/zigbee/DQPSK_CSK/Imag_Sync_FIFO/mem_reg[404][1]

  Ref  DFF        ref:/WORK/zigbee/DQPSK_CSK/Imag_Sync_FIFO/mem_reg[405][0]
  Impl DFF        imp:/WORK/zigbee/DQPSK_CSK/Imag_Sync_FIFO/mem_reg[405][0]

  Ref  DFF        ref:/WORK/zigbee/DQPSK_CSK/Imag_Sync_FIFO/mem_reg[405][1]
  Impl DFF        imp:/WORK/zigbee/DQPSK_CSK/Imag_Sync_FIFO/mem_reg[405][1]

  Ref  DFF        ref:/WORK/zigbee/DQPSK_CSK/Imag_Sync_FIFO/mem_reg[406][0]
  Impl DFF        imp:/WORK/zigbee/DQPSK_CSK/Imag_Sync_FIFO/mem_reg[406][0]

  Ref  DFF        ref:/WORK/zigbee/DQPSK_CSK/Imag_Sync_FIFO/mem_reg[406][1]
  Impl DFF        imp:/WORK/zigbee/DQPSK_CSK/Imag_Sync_FIFO/mem_reg[406][1]

  Ref  DFF        ref:/WORK/zigbee/DQPSK_CSK/Imag_Sync_FIFO/mem_reg[407][0]
  Impl DFF        imp:/WORK/zigbee/DQPSK_CSK/Imag_Sync_FIFO/mem_reg[407][0]

  Ref  DFF        ref:/WORK/zigbee/DQPSK_CSK/Imag_Sync_FIFO/mem_reg[407][1]
  Impl DFF        imp:/WORK/zigbee/DQPSK_CSK/Imag_Sync_FIFO/mem_reg[407][1]

  Ref  DFF        ref:/WORK/zigbee/DQPSK_CSK/Imag_Sync_FIFO/mem_reg[408][0]
  Impl DFF        imp:/WORK/zigbee/DQPSK_CSK/Imag_Sync_FIFO/mem_reg[408][0]

  Ref  DFF        ref:/WORK/zigbee/DQPSK_CSK/Imag_Sync_FIFO/mem_reg[408][1]
  Impl DFF        imp:/WORK/zigbee/DQPSK_CSK/Imag_Sync_FIFO/mem_reg[408][1]

  Ref  DFF        ref:/WORK/zigbee/DQPSK_CSK/Imag_Sync_FIFO/mem_reg[409][0]
  Impl DFF        imp:/WORK/zigbee/DQPSK_CSK/Imag_Sync_FIFO/mem_reg[409][0]

  Ref  DFF        ref:/WORK/zigbee/DQPSK_CSK/Imag_Sync_FIFO/mem_reg[409][1]
  Impl DFF        imp:/WORK/zigbee/DQPSK_CSK/Imag_Sync_FIFO/mem_reg[409][1]

  Ref  DFF        ref:/WORK/zigbee/DQPSK_CSK/Imag_Sync_FIFO/mem_reg[40][0]
  Impl DFF        imp:/WORK/zigbee/DQPSK_CSK/Imag_Sync_FIFO/mem_reg[40][0]

  Ref  DFF        ref:/WORK/zigbee/DQPSK_CSK/Imag_Sync_FIFO/mem_reg[40][1]
  Impl DFF        imp:/WORK/zigbee/DQPSK_CSK/Imag_Sync_FIFO/mem_reg[40][1]

  Ref  DFF        ref:/WORK/zigbee/DQPSK_CSK/Imag_Sync_FIFO/mem_reg[410][0]
  Impl DFF        imp:/WORK/zigbee/DQPSK_CSK/Imag_Sync_FIFO/mem_reg[410][0]

  Ref  DFF        ref:/WORK/zigbee/DQPSK_CSK/Imag_Sync_FIFO/mem_reg[410][1]
  Impl DFF        imp:/WORK/zigbee/DQPSK_CSK/Imag_Sync_FIFO/mem_reg[410][1]

  Ref  DFF        ref:/WORK/zigbee/DQPSK_CSK/Imag_Sync_FIFO/mem_reg[411][0]
  Impl DFF        imp:/WORK/zigbee/DQPSK_CSK/Imag_Sync_FIFO/mem_reg[411][0]

  Ref  DFF        ref:/WORK/zigbee/DQPSK_CSK/Imag_Sync_FIFO/mem_reg[411][1]
  Impl DFF        imp:/WORK/zigbee/DQPSK_CSK/Imag_Sync_FIFO/mem_reg[411][1]

  Ref  DFF        ref:/WORK/zigbee/DQPSK_CSK/Imag_Sync_FIFO/mem_reg[412][0]
  Impl DFF        imp:/WORK/zigbee/DQPSK_CSK/Imag_Sync_FIFO/mem_reg[412][0]

  Ref  DFF        ref:/WORK/zigbee/DQPSK_CSK/Imag_Sync_FIFO/mem_reg[412][1]
  Impl DFF        imp:/WORK/zigbee/DQPSK_CSK/Imag_Sync_FIFO/mem_reg[412][1]

  Ref  DFF        ref:/WORK/zigbee/DQPSK_CSK/Imag_Sync_FIFO/mem_reg[413][0]
  Impl DFF        imp:/WORK/zigbee/DQPSK_CSK/Imag_Sync_FIFO/mem_reg[413][0]

  Ref  DFF        ref:/WORK/zigbee/DQPSK_CSK/Imag_Sync_FIFO/mem_reg[413][1]
  Impl DFF        imp:/WORK/zigbee/DQPSK_CSK/Imag_Sync_FIFO/mem_reg[413][1]

  Ref  DFF        ref:/WORK/zigbee/DQPSK_CSK/Imag_Sync_FIFO/mem_reg[414][0]
  Impl DFF        imp:/WORK/zigbee/DQPSK_CSK/Imag_Sync_FIFO/mem_reg[414][0]

  Ref  DFF        ref:/WORK/zigbee/DQPSK_CSK/Imag_Sync_FIFO/mem_reg[414][1]
  Impl DFF        imp:/WORK/zigbee/DQPSK_CSK/Imag_Sync_FIFO/mem_reg[414][1]

  Ref  DFF        ref:/WORK/zigbee/DQPSK_CSK/Imag_Sync_FIFO/mem_reg[415][0]
  Impl DFF        imp:/WORK/zigbee/DQPSK_CSK/Imag_Sync_FIFO/mem_reg[415][0]

  Ref  DFF        ref:/WORK/zigbee/DQPSK_CSK/Imag_Sync_FIFO/mem_reg[415][1]
  Impl DFF        imp:/WORK/zigbee/DQPSK_CSK/Imag_Sync_FIFO/mem_reg[415][1]

  Ref  DFF        ref:/WORK/zigbee/DQPSK_CSK/Imag_Sync_FIFO/mem_reg[416][0]
  Impl DFF        imp:/WORK/zigbee/DQPSK_CSK/Imag_Sync_FIFO/mem_reg[416][0]

  Ref  DFF        ref:/WORK/zigbee/DQPSK_CSK/Imag_Sync_FIFO/mem_reg[416][1]
  Impl DFF        imp:/WORK/zigbee/DQPSK_CSK/Imag_Sync_FIFO/mem_reg[416][1]

  Ref  DFF        ref:/WORK/zigbee/DQPSK_CSK/Imag_Sync_FIFO/mem_reg[417][0]
  Impl DFF        imp:/WORK/zigbee/DQPSK_CSK/Imag_Sync_FIFO/mem_reg[417][0]

  Ref  DFF        ref:/WORK/zigbee/DQPSK_CSK/Imag_Sync_FIFO/mem_reg[417][1]
  Impl DFF        imp:/WORK/zigbee/DQPSK_CSK/Imag_Sync_FIFO/mem_reg[417][1]

  Ref  DFF        ref:/WORK/zigbee/DQPSK_CSK/Imag_Sync_FIFO/mem_reg[418][0]
  Impl DFF        imp:/WORK/zigbee/DQPSK_CSK/Imag_Sync_FIFO/mem_reg[418][0]

  Ref  DFF        ref:/WORK/zigbee/DQPSK_CSK/Imag_Sync_FIFO/mem_reg[418][1]
  Impl DFF        imp:/WORK/zigbee/DQPSK_CSK/Imag_Sync_FIFO/mem_reg[418][1]

  Ref  DFF        ref:/WORK/zigbee/DQPSK_CSK/Imag_Sync_FIFO/mem_reg[419][0]
  Impl DFF        imp:/WORK/zigbee/DQPSK_CSK/Imag_Sync_FIFO/mem_reg[419][0]

  Ref  DFF        ref:/WORK/zigbee/DQPSK_CSK/Imag_Sync_FIFO/mem_reg[419][1]
  Impl DFF        imp:/WORK/zigbee/DQPSK_CSK/Imag_Sync_FIFO/mem_reg[419][1]

  Ref  DFF        ref:/WORK/zigbee/DQPSK_CSK/Imag_Sync_FIFO/mem_reg[41][0]
  Impl DFF        imp:/WORK/zigbee/DQPSK_CSK/Imag_Sync_FIFO/mem_reg[41][0]

  Ref  DFF        ref:/WORK/zigbee/DQPSK_CSK/Imag_Sync_FIFO/mem_reg[41][1]
  Impl DFF        imp:/WORK/zigbee/DQPSK_CSK/Imag_Sync_FIFO/mem_reg[41][1]

  Ref  DFF        ref:/WORK/zigbee/DQPSK_CSK/Imag_Sync_FIFO/mem_reg[420][0]
  Impl DFF        imp:/WORK/zigbee/DQPSK_CSK/Imag_Sync_FIFO/mem_reg[420][0]

  Ref  DFF        ref:/WORK/zigbee/DQPSK_CSK/Imag_Sync_FIFO/mem_reg[420][1]
  Impl DFF        imp:/WORK/zigbee/DQPSK_CSK/Imag_Sync_FIFO/mem_reg[420][1]

  Ref  DFF        ref:/WORK/zigbee/DQPSK_CSK/Imag_Sync_FIFO/mem_reg[421][0]
  Impl DFF        imp:/WORK/zigbee/DQPSK_CSK/Imag_Sync_FIFO/mem_reg[421][0]

  Ref  DFF        ref:/WORK/zigbee/DQPSK_CSK/Imag_Sync_FIFO/mem_reg[421][1]
  Impl DFF        imp:/WORK/zigbee/DQPSK_CSK/Imag_Sync_FIFO/mem_reg[421][1]

  Ref  DFF        ref:/WORK/zigbee/DQPSK_CSK/Imag_Sync_FIFO/mem_reg[422][0]
  Impl DFF        imp:/WORK/zigbee/DQPSK_CSK/Imag_Sync_FIFO/mem_reg[422][0]

  Ref  DFF        ref:/WORK/zigbee/DQPSK_CSK/Imag_Sync_FIFO/mem_reg[422][1]
  Impl DFF        imp:/WORK/zigbee/DQPSK_CSK/Imag_Sync_FIFO/mem_reg[422][1]

  Ref  DFF        ref:/WORK/zigbee/DQPSK_CSK/Imag_Sync_FIFO/mem_reg[423][0]
  Impl DFF        imp:/WORK/zigbee/DQPSK_CSK/Imag_Sync_FIFO/mem_reg[423][0]

  Ref  DFF        ref:/WORK/zigbee/DQPSK_CSK/Imag_Sync_FIFO/mem_reg[423][1]
  Impl DFF        imp:/WORK/zigbee/DQPSK_CSK/Imag_Sync_FIFO/mem_reg[423][1]

  Ref  DFF        ref:/WORK/zigbee/DQPSK_CSK/Imag_Sync_FIFO/mem_reg[424][0]
  Impl DFF        imp:/WORK/zigbee/DQPSK_CSK/Imag_Sync_FIFO/mem_reg[424][0]

  Ref  DFF        ref:/WORK/zigbee/DQPSK_CSK/Imag_Sync_FIFO/mem_reg[424][1]
  Impl DFF        imp:/WORK/zigbee/DQPSK_CSK/Imag_Sync_FIFO/mem_reg[424][1]

  Ref  DFF        ref:/WORK/zigbee/DQPSK_CSK/Imag_Sync_FIFO/mem_reg[425][0]
  Impl DFF        imp:/WORK/zigbee/DQPSK_CSK/Imag_Sync_FIFO/mem_reg[425][0]

  Ref  DFF        ref:/WORK/zigbee/DQPSK_CSK/Imag_Sync_FIFO/mem_reg[425][1]
  Impl DFF        imp:/WORK/zigbee/DQPSK_CSK/Imag_Sync_FIFO/mem_reg[425][1]

  Ref  DFF        ref:/WORK/zigbee/DQPSK_CSK/Imag_Sync_FIFO/mem_reg[426][0]
  Impl DFF        imp:/WORK/zigbee/DQPSK_CSK/Imag_Sync_FIFO/mem_reg[426][0]

  Ref  DFF        ref:/WORK/zigbee/DQPSK_CSK/Imag_Sync_FIFO/mem_reg[426][1]
  Impl DFF        imp:/WORK/zigbee/DQPSK_CSK/Imag_Sync_FIFO/mem_reg[426][1]

  Ref  DFF        ref:/WORK/zigbee/DQPSK_CSK/Imag_Sync_FIFO/mem_reg[427][0]
  Impl DFF        imp:/WORK/zigbee/DQPSK_CSK/Imag_Sync_FIFO/mem_reg[427][0]

  Ref  DFF        ref:/WORK/zigbee/DQPSK_CSK/Imag_Sync_FIFO/mem_reg[427][1]
  Impl DFF        imp:/WORK/zigbee/DQPSK_CSK/Imag_Sync_FIFO/mem_reg[427][1]

  Ref  DFF        ref:/WORK/zigbee/DQPSK_CSK/Imag_Sync_FIFO/mem_reg[428][0]
  Impl DFF        imp:/WORK/zigbee/DQPSK_CSK/Imag_Sync_FIFO/mem_reg[428][0]

  Ref  DFF        ref:/WORK/zigbee/DQPSK_CSK/Imag_Sync_FIFO/mem_reg[428][1]
  Impl DFF        imp:/WORK/zigbee/DQPSK_CSK/Imag_Sync_FIFO/mem_reg[428][1]

  Ref  DFF        ref:/WORK/zigbee/DQPSK_CSK/Imag_Sync_FIFO/mem_reg[429][0]
  Impl DFF        imp:/WORK/zigbee/DQPSK_CSK/Imag_Sync_FIFO/mem_reg[429][0]

  Ref  DFF        ref:/WORK/zigbee/DQPSK_CSK/Imag_Sync_FIFO/mem_reg[429][1]
  Impl DFF        imp:/WORK/zigbee/DQPSK_CSK/Imag_Sync_FIFO/mem_reg[429][1]

  Ref  DFF        ref:/WORK/zigbee/DQPSK_CSK/Imag_Sync_FIFO/mem_reg[42][0]
  Impl DFF        imp:/WORK/zigbee/DQPSK_CSK/Imag_Sync_FIFO/mem_reg[42][0]

  Ref  DFF        ref:/WORK/zigbee/DQPSK_CSK/Imag_Sync_FIFO/mem_reg[42][1]
  Impl DFF        imp:/WORK/zigbee/DQPSK_CSK/Imag_Sync_FIFO/mem_reg[42][1]

  Ref  DFF        ref:/WORK/zigbee/DQPSK_CSK/Imag_Sync_FIFO/mem_reg[430][0]
  Impl DFF        imp:/WORK/zigbee/DQPSK_CSK/Imag_Sync_FIFO/mem_reg[430][0]

  Ref  DFF        ref:/WORK/zigbee/DQPSK_CSK/Imag_Sync_FIFO/mem_reg[430][1]
  Impl DFF        imp:/WORK/zigbee/DQPSK_CSK/Imag_Sync_FIFO/mem_reg[430][1]

  Ref  DFF        ref:/WORK/zigbee/DQPSK_CSK/Imag_Sync_FIFO/mem_reg[431][0]
  Impl DFF        imp:/WORK/zigbee/DQPSK_CSK/Imag_Sync_FIFO/mem_reg[431][0]

  Ref  DFF        ref:/WORK/zigbee/DQPSK_CSK/Imag_Sync_FIFO/mem_reg[431][1]
  Impl DFF        imp:/WORK/zigbee/DQPSK_CSK/Imag_Sync_FIFO/mem_reg[431][1]

  Ref  DFF        ref:/WORK/zigbee/DQPSK_CSK/Imag_Sync_FIFO/mem_reg[432][0]
  Impl DFF        imp:/WORK/zigbee/DQPSK_CSK/Imag_Sync_FIFO/mem_reg[432][0]

  Ref  DFF        ref:/WORK/zigbee/DQPSK_CSK/Imag_Sync_FIFO/mem_reg[432][1]
  Impl DFF        imp:/WORK/zigbee/DQPSK_CSK/Imag_Sync_FIFO/mem_reg[432][1]

  Ref  DFF        ref:/WORK/zigbee/DQPSK_CSK/Imag_Sync_FIFO/mem_reg[433][0]
  Impl DFF        imp:/WORK/zigbee/DQPSK_CSK/Imag_Sync_FIFO/mem_reg[433][0]

  Ref  DFF        ref:/WORK/zigbee/DQPSK_CSK/Imag_Sync_FIFO/mem_reg[433][1]
  Impl DFF        imp:/WORK/zigbee/DQPSK_CSK/Imag_Sync_FIFO/mem_reg[433][1]

  Ref  DFF        ref:/WORK/zigbee/DQPSK_CSK/Imag_Sync_FIFO/mem_reg[434][0]
  Impl DFF        imp:/WORK/zigbee/DQPSK_CSK/Imag_Sync_FIFO/mem_reg[434][0]

  Ref  DFF        ref:/WORK/zigbee/DQPSK_CSK/Imag_Sync_FIFO/mem_reg[434][1]
  Impl DFF        imp:/WORK/zigbee/DQPSK_CSK/Imag_Sync_FIFO/mem_reg[434][1]

  Ref  DFF        ref:/WORK/zigbee/DQPSK_CSK/Imag_Sync_FIFO/mem_reg[435][0]
  Impl DFF        imp:/WORK/zigbee/DQPSK_CSK/Imag_Sync_FIFO/mem_reg[435][0]

  Ref  DFF        ref:/WORK/zigbee/DQPSK_CSK/Imag_Sync_FIFO/mem_reg[435][1]
  Impl DFF        imp:/WORK/zigbee/DQPSK_CSK/Imag_Sync_FIFO/mem_reg[435][1]

  Ref  DFF        ref:/WORK/zigbee/DQPSK_CSK/Imag_Sync_FIFO/mem_reg[436][0]
  Impl DFF        imp:/WORK/zigbee/DQPSK_CSK/Imag_Sync_FIFO/mem_reg[436][0]

  Ref  DFF        ref:/WORK/zigbee/DQPSK_CSK/Imag_Sync_FIFO/mem_reg[436][1]
  Impl DFF        imp:/WORK/zigbee/DQPSK_CSK/Imag_Sync_FIFO/mem_reg[436][1]

  Ref  DFF        ref:/WORK/zigbee/DQPSK_CSK/Imag_Sync_FIFO/mem_reg[437][0]
  Impl DFF        imp:/WORK/zigbee/DQPSK_CSK/Imag_Sync_FIFO/mem_reg[437][0]

  Ref  DFF        ref:/WORK/zigbee/DQPSK_CSK/Imag_Sync_FIFO/mem_reg[437][1]
  Impl DFF        imp:/WORK/zigbee/DQPSK_CSK/Imag_Sync_FIFO/mem_reg[437][1]

  Ref  DFF        ref:/WORK/zigbee/DQPSK_CSK/Imag_Sync_FIFO/mem_reg[438][0]
  Impl DFF        imp:/WORK/zigbee/DQPSK_CSK/Imag_Sync_FIFO/mem_reg[438][0]

  Ref  DFF        ref:/WORK/zigbee/DQPSK_CSK/Imag_Sync_FIFO/mem_reg[438][1]
  Impl DFF        imp:/WORK/zigbee/DQPSK_CSK/Imag_Sync_FIFO/mem_reg[438][1]

  Ref  DFF        ref:/WORK/zigbee/DQPSK_CSK/Imag_Sync_FIFO/mem_reg[439][0]
  Impl DFF        imp:/WORK/zigbee/DQPSK_CSK/Imag_Sync_FIFO/mem_reg[439][0]

  Ref  DFF        ref:/WORK/zigbee/DQPSK_CSK/Imag_Sync_FIFO/mem_reg[439][1]
  Impl DFF        imp:/WORK/zigbee/DQPSK_CSK/Imag_Sync_FIFO/mem_reg[439][1]

  Ref  DFF        ref:/WORK/zigbee/DQPSK_CSK/Imag_Sync_FIFO/mem_reg[43][0]
  Impl DFF        imp:/WORK/zigbee/DQPSK_CSK/Imag_Sync_FIFO/mem_reg[43][0]

  Ref  DFF        ref:/WORK/zigbee/DQPSK_CSK/Imag_Sync_FIFO/mem_reg[43][1]
  Impl DFF        imp:/WORK/zigbee/DQPSK_CSK/Imag_Sync_FIFO/mem_reg[43][1]

  Ref  DFF        ref:/WORK/zigbee/DQPSK_CSK/Imag_Sync_FIFO/mem_reg[440][0]
  Impl DFF        imp:/WORK/zigbee/DQPSK_CSK/Imag_Sync_FIFO/mem_reg[440][0]

  Ref  DFF        ref:/WORK/zigbee/DQPSK_CSK/Imag_Sync_FIFO/mem_reg[440][1]
  Impl DFF        imp:/WORK/zigbee/DQPSK_CSK/Imag_Sync_FIFO/mem_reg[440][1]

  Ref  DFF        ref:/WORK/zigbee/DQPSK_CSK/Imag_Sync_FIFO/mem_reg[441][0]
  Impl DFF        imp:/WORK/zigbee/DQPSK_CSK/Imag_Sync_FIFO/mem_reg[441][0]

  Ref  DFF        ref:/WORK/zigbee/DQPSK_CSK/Imag_Sync_FIFO/mem_reg[441][1]
  Impl DFF        imp:/WORK/zigbee/DQPSK_CSK/Imag_Sync_FIFO/mem_reg[441][1]

  Ref  DFF        ref:/WORK/zigbee/DQPSK_CSK/Imag_Sync_FIFO/mem_reg[442][0]
  Impl DFF        imp:/WORK/zigbee/DQPSK_CSK/Imag_Sync_FIFO/mem_reg[442][0]

  Ref  DFF        ref:/WORK/zigbee/DQPSK_CSK/Imag_Sync_FIFO/mem_reg[442][1]
  Impl DFF        imp:/WORK/zigbee/DQPSK_CSK/Imag_Sync_FIFO/mem_reg[442][1]

  Ref  DFF        ref:/WORK/zigbee/DQPSK_CSK/Imag_Sync_FIFO/mem_reg[443][0]
  Impl DFF        imp:/WORK/zigbee/DQPSK_CSK/Imag_Sync_FIFO/mem_reg[443][0]

  Ref  DFF        ref:/WORK/zigbee/DQPSK_CSK/Imag_Sync_FIFO/mem_reg[443][1]
  Impl DFF        imp:/WORK/zigbee/DQPSK_CSK/Imag_Sync_FIFO/mem_reg[443][1]

  Ref  DFF        ref:/WORK/zigbee/DQPSK_CSK/Imag_Sync_FIFO/mem_reg[444][0]
  Impl DFF        imp:/WORK/zigbee/DQPSK_CSK/Imag_Sync_FIFO/mem_reg[444][0]

  Ref  DFF        ref:/WORK/zigbee/DQPSK_CSK/Imag_Sync_FIFO/mem_reg[444][1]
  Impl DFF        imp:/WORK/zigbee/DQPSK_CSK/Imag_Sync_FIFO/mem_reg[444][1]

  Ref  DFF        ref:/WORK/zigbee/DQPSK_CSK/Imag_Sync_FIFO/mem_reg[445][0]
  Impl DFF        imp:/WORK/zigbee/DQPSK_CSK/Imag_Sync_FIFO/mem_reg[445][0]

  Ref  DFF        ref:/WORK/zigbee/DQPSK_CSK/Imag_Sync_FIFO/mem_reg[445][1]
  Impl DFF        imp:/WORK/zigbee/DQPSK_CSK/Imag_Sync_FIFO/mem_reg[445][1]

  Ref  DFF        ref:/WORK/zigbee/DQPSK_CSK/Imag_Sync_FIFO/mem_reg[446][0]
  Impl DFF        imp:/WORK/zigbee/DQPSK_CSK/Imag_Sync_FIFO/mem_reg[446][0]

  Ref  DFF        ref:/WORK/zigbee/DQPSK_CSK/Imag_Sync_FIFO/mem_reg[446][1]
  Impl DFF        imp:/WORK/zigbee/DQPSK_CSK/Imag_Sync_FIFO/mem_reg[446][1]

  Ref  DFF        ref:/WORK/zigbee/DQPSK_CSK/Imag_Sync_FIFO/mem_reg[447][0]
  Impl DFF        imp:/WORK/zigbee/DQPSK_CSK/Imag_Sync_FIFO/mem_reg[447][0]

  Ref  DFF        ref:/WORK/zigbee/DQPSK_CSK/Imag_Sync_FIFO/mem_reg[447][1]
  Impl DFF        imp:/WORK/zigbee/DQPSK_CSK/Imag_Sync_FIFO/mem_reg[447][1]

  Ref  DFF        ref:/WORK/zigbee/DQPSK_CSK/Imag_Sync_FIFO/mem_reg[448][0]
  Impl DFF        imp:/WORK/zigbee/DQPSK_CSK/Imag_Sync_FIFO/mem_reg[448][0]

  Ref  DFF        ref:/WORK/zigbee/DQPSK_CSK/Imag_Sync_FIFO/mem_reg[448][1]
  Impl DFF        imp:/WORK/zigbee/DQPSK_CSK/Imag_Sync_FIFO/mem_reg[448][1]

  Ref  DFF        ref:/WORK/zigbee/DQPSK_CSK/Imag_Sync_FIFO/mem_reg[449][0]
  Impl DFF        imp:/WORK/zigbee/DQPSK_CSK/Imag_Sync_FIFO/mem_reg[449][0]

  Ref  DFF        ref:/WORK/zigbee/DQPSK_CSK/Imag_Sync_FIFO/mem_reg[449][1]
  Impl DFF        imp:/WORK/zigbee/DQPSK_CSK/Imag_Sync_FIFO/mem_reg[449][1]

  Ref  DFF        ref:/WORK/zigbee/DQPSK_CSK/Imag_Sync_FIFO/mem_reg[44][0]
  Impl DFF        imp:/WORK/zigbee/DQPSK_CSK/Imag_Sync_FIFO/mem_reg[44][0]

  Ref  DFF        ref:/WORK/zigbee/DQPSK_CSK/Imag_Sync_FIFO/mem_reg[44][1]
  Impl DFF        imp:/WORK/zigbee/DQPSK_CSK/Imag_Sync_FIFO/mem_reg[44][1]

  Ref  DFF        ref:/WORK/zigbee/DQPSK_CSK/Imag_Sync_FIFO/mem_reg[450][0]
  Impl DFF        imp:/WORK/zigbee/DQPSK_CSK/Imag_Sync_FIFO/mem_reg[450][0]

  Ref  DFF        ref:/WORK/zigbee/DQPSK_CSK/Imag_Sync_FIFO/mem_reg[450][1]
  Impl DFF        imp:/WORK/zigbee/DQPSK_CSK/Imag_Sync_FIFO/mem_reg[450][1]

  Ref  DFF        ref:/WORK/zigbee/DQPSK_CSK/Imag_Sync_FIFO/mem_reg[451][0]
  Impl DFF        imp:/WORK/zigbee/DQPSK_CSK/Imag_Sync_FIFO/mem_reg[451][0]

  Ref  DFF        ref:/WORK/zigbee/DQPSK_CSK/Imag_Sync_FIFO/mem_reg[451][1]
  Impl DFF        imp:/WORK/zigbee/DQPSK_CSK/Imag_Sync_FIFO/mem_reg[451][1]

  Ref  DFF        ref:/WORK/zigbee/DQPSK_CSK/Imag_Sync_FIFO/mem_reg[452][0]
  Impl DFF        imp:/WORK/zigbee/DQPSK_CSK/Imag_Sync_FIFO/mem_reg[452][0]

  Ref  DFF        ref:/WORK/zigbee/DQPSK_CSK/Imag_Sync_FIFO/mem_reg[452][1]
  Impl DFF        imp:/WORK/zigbee/DQPSK_CSK/Imag_Sync_FIFO/mem_reg[452][1]

  Ref  DFF        ref:/WORK/zigbee/DQPSK_CSK/Imag_Sync_FIFO/mem_reg[453][0]
  Impl DFF        imp:/WORK/zigbee/DQPSK_CSK/Imag_Sync_FIFO/mem_reg[453][0]

  Ref  DFF        ref:/WORK/zigbee/DQPSK_CSK/Imag_Sync_FIFO/mem_reg[453][1]
  Impl DFF        imp:/WORK/zigbee/DQPSK_CSK/Imag_Sync_FIFO/mem_reg[453][1]

  Ref  DFF        ref:/WORK/zigbee/DQPSK_CSK/Imag_Sync_FIFO/mem_reg[454][0]
  Impl DFF        imp:/WORK/zigbee/DQPSK_CSK/Imag_Sync_FIFO/mem_reg[454][0]

  Ref  DFF        ref:/WORK/zigbee/DQPSK_CSK/Imag_Sync_FIFO/mem_reg[454][1]
  Impl DFF        imp:/WORK/zigbee/DQPSK_CSK/Imag_Sync_FIFO/mem_reg[454][1]

  Ref  DFF        ref:/WORK/zigbee/DQPSK_CSK/Imag_Sync_FIFO/mem_reg[455][0]
  Impl DFF        imp:/WORK/zigbee/DQPSK_CSK/Imag_Sync_FIFO/mem_reg[455][0]

  Ref  DFF        ref:/WORK/zigbee/DQPSK_CSK/Imag_Sync_FIFO/mem_reg[455][1]
  Impl DFF        imp:/WORK/zigbee/DQPSK_CSK/Imag_Sync_FIFO/mem_reg[455][1]

  Ref  DFF        ref:/WORK/zigbee/DQPSK_CSK/Imag_Sync_FIFO/mem_reg[456][0]
  Impl DFF        imp:/WORK/zigbee/DQPSK_CSK/Imag_Sync_FIFO/mem_reg[456][0]

  Ref  DFF        ref:/WORK/zigbee/DQPSK_CSK/Imag_Sync_FIFO/mem_reg[456][1]
  Impl DFF        imp:/WORK/zigbee/DQPSK_CSK/Imag_Sync_FIFO/mem_reg[456][1]

  Ref  DFF        ref:/WORK/zigbee/DQPSK_CSK/Imag_Sync_FIFO/mem_reg[457][0]
  Impl DFF        imp:/WORK/zigbee/DQPSK_CSK/Imag_Sync_FIFO/mem_reg[457][0]

  Ref  DFF        ref:/WORK/zigbee/DQPSK_CSK/Imag_Sync_FIFO/mem_reg[457][1]
  Impl DFF        imp:/WORK/zigbee/DQPSK_CSK/Imag_Sync_FIFO/mem_reg[457][1]

  Ref  DFF        ref:/WORK/zigbee/DQPSK_CSK/Imag_Sync_FIFO/mem_reg[458][0]
  Impl DFF        imp:/WORK/zigbee/DQPSK_CSK/Imag_Sync_FIFO/mem_reg[458][0]

  Ref  DFF        ref:/WORK/zigbee/DQPSK_CSK/Imag_Sync_FIFO/mem_reg[458][1]
  Impl DFF        imp:/WORK/zigbee/DQPSK_CSK/Imag_Sync_FIFO/mem_reg[458][1]

  Ref  DFF        ref:/WORK/zigbee/DQPSK_CSK/Imag_Sync_FIFO/mem_reg[459][0]
  Impl DFF        imp:/WORK/zigbee/DQPSK_CSK/Imag_Sync_FIFO/mem_reg[459][0]

  Ref  DFF        ref:/WORK/zigbee/DQPSK_CSK/Imag_Sync_FIFO/mem_reg[459][1]
  Impl DFF        imp:/WORK/zigbee/DQPSK_CSK/Imag_Sync_FIFO/mem_reg[459][1]

  Ref  DFF        ref:/WORK/zigbee/DQPSK_CSK/Imag_Sync_FIFO/mem_reg[45][0]
  Impl DFF        imp:/WORK/zigbee/DQPSK_CSK/Imag_Sync_FIFO/mem_reg[45][0]

  Ref  DFF        ref:/WORK/zigbee/DQPSK_CSK/Imag_Sync_FIFO/mem_reg[45][1]
  Impl DFF        imp:/WORK/zigbee/DQPSK_CSK/Imag_Sync_FIFO/mem_reg[45][1]

  Ref  DFF        ref:/WORK/zigbee/DQPSK_CSK/Imag_Sync_FIFO/mem_reg[460][0]
  Impl DFF        imp:/WORK/zigbee/DQPSK_CSK/Imag_Sync_FIFO/mem_reg[460][0]

  Ref  DFF        ref:/WORK/zigbee/DQPSK_CSK/Imag_Sync_FIFO/mem_reg[460][1]
  Impl DFF        imp:/WORK/zigbee/DQPSK_CSK/Imag_Sync_FIFO/mem_reg[460][1]

  Ref  DFF        ref:/WORK/zigbee/DQPSK_CSK/Imag_Sync_FIFO/mem_reg[461][0]
  Impl DFF        imp:/WORK/zigbee/DQPSK_CSK/Imag_Sync_FIFO/mem_reg[461][0]

  Ref  DFF        ref:/WORK/zigbee/DQPSK_CSK/Imag_Sync_FIFO/mem_reg[461][1]
  Impl DFF        imp:/WORK/zigbee/DQPSK_CSK/Imag_Sync_FIFO/mem_reg[461][1]

  Ref  DFF        ref:/WORK/zigbee/DQPSK_CSK/Imag_Sync_FIFO/mem_reg[462][0]
  Impl DFF        imp:/WORK/zigbee/DQPSK_CSK/Imag_Sync_FIFO/mem_reg[462][0]

  Ref  DFF        ref:/WORK/zigbee/DQPSK_CSK/Imag_Sync_FIFO/mem_reg[462][1]
  Impl DFF        imp:/WORK/zigbee/DQPSK_CSK/Imag_Sync_FIFO/mem_reg[462][1]

  Ref  DFF        ref:/WORK/zigbee/DQPSK_CSK/Imag_Sync_FIFO/mem_reg[463][0]
  Impl DFF        imp:/WORK/zigbee/DQPSK_CSK/Imag_Sync_FIFO/mem_reg[463][0]

  Ref  DFF        ref:/WORK/zigbee/DQPSK_CSK/Imag_Sync_FIFO/mem_reg[463][1]
  Impl DFF        imp:/WORK/zigbee/DQPSK_CSK/Imag_Sync_FIFO/mem_reg[463][1]

  Ref  DFF        ref:/WORK/zigbee/DQPSK_CSK/Imag_Sync_FIFO/mem_reg[464][0]
  Impl DFF        imp:/WORK/zigbee/DQPSK_CSK/Imag_Sync_FIFO/mem_reg[464][0]

  Ref  DFF        ref:/WORK/zigbee/DQPSK_CSK/Imag_Sync_FIFO/mem_reg[464][1]
  Impl DFF        imp:/WORK/zigbee/DQPSK_CSK/Imag_Sync_FIFO/mem_reg[464][1]

  Ref  DFF        ref:/WORK/zigbee/DQPSK_CSK/Imag_Sync_FIFO/mem_reg[465][0]
  Impl DFF        imp:/WORK/zigbee/DQPSK_CSK/Imag_Sync_FIFO/mem_reg[465][0]

  Ref  DFF        ref:/WORK/zigbee/DQPSK_CSK/Imag_Sync_FIFO/mem_reg[465][1]
  Impl DFF        imp:/WORK/zigbee/DQPSK_CSK/Imag_Sync_FIFO/mem_reg[465][1]

  Ref  DFF        ref:/WORK/zigbee/DQPSK_CSK/Imag_Sync_FIFO/mem_reg[466][0]
  Impl DFF        imp:/WORK/zigbee/DQPSK_CSK/Imag_Sync_FIFO/mem_reg[466][0]

  Ref  DFF        ref:/WORK/zigbee/DQPSK_CSK/Imag_Sync_FIFO/mem_reg[466][1]
  Impl DFF        imp:/WORK/zigbee/DQPSK_CSK/Imag_Sync_FIFO/mem_reg[466][1]

  Ref  DFF        ref:/WORK/zigbee/DQPSK_CSK/Imag_Sync_FIFO/mem_reg[467][0]
  Impl DFF        imp:/WORK/zigbee/DQPSK_CSK/Imag_Sync_FIFO/mem_reg[467][0]

  Ref  DFF        ref:/WORK/zigbee/DQPSK_CSK/Imag_Sync_FIFO/mem_reg[467][1]
  Impl DFF        imp:/WORK/zigbee/DQPSK_CSK/Imag_Sync_FIFO/mem_reg[467][1]

  Ref  DFF        ref:/WORK/zigbee/DQPSK_CSK/Imag_Sync_FIFO/mem_reg[468][0]
  Impl DFF        imp:/WORK/zigbee/DQPSK_CSK/Imag_Sync_FIFO/mem_reg[468][0]

  Ref  DFF        ref:/WORK/zigbee/DQPSK_CSK/Imag_Sync_FIFO/mem_reg[468][1]
  Impl DFF        imp:/WORK/zigbee/DQPSK_CSK/Imag_Sync_FIFO/mem_reg[468][1]

  Ref  DFF        ref:/WORK/zigbee/DQPSK_CSK/Imag_Sync_FIFO/mem_reg[469][0]
  Impl DFF        imp:/WORK/zigbee/DQPSK_CSK/Imag_Sync_FIFO/mem_reg[469][0]

  Ref  DFF        ref:/WORK/zigbee/DQPSK_CSK/Imag_Sync_FIFO/mem_reg[469][1]
  Impl DFF        imp:/WORK/zigbee/DQPSK_CSK/Imag_Sync_FIFO/mem_reg[469][1]

  Ref  DFF        ref:/WORK/zigbee/DQPSK_CSK/Imag_Sync_FIFO/mem_reg[46][0]
  Impl DFF        imp:/WORK/zigbee/DQPSK_CSK/Imag_Sync_FIFO/mem_reg[46][0]

  Ref  DFF        ref:/WORK/zigbee/DQPSK_CSK/Imag_Sync_FIFO/mem_reg[46][1]
  Impl DFF        imp:/WORK/zigbee/DQPSK_CSK/Imag_Sync_FIFO/mem_reg[46][1]

  Ref  DFF        ref:/WORK/zigbee/DQPSK_CSK/Imag_Sync_FIFO/mem_reg[470][0]
  Impl DFF        imp:/WORK/zigbee/DQPSK_CSK/Imag_Sync_FIFO/mem_reg[470][0]

  Ref  DFF        ref:/WORK/zigbee/DQPSK_CSK/Imag_Sync_FIFO/mem_reg[470][1]
  Impl DFF        imp:/WORK/zigbee/DQPSK_CSK/Imag_Sync_FIFO/mem_reg[470][1]

  Ref  DFF        ref:/WORK/zigbee/DQPSK_CSK/Imag_Sync_FIFO/mem_reg[471][0]
  Impl DFF        imp:/WORK/zigbee/DQPSK_CSK/Imag_Sync_FIFO/mem_reg[471][0]

  Ref  DFF        ref:/WORK/zigbee/DQPSK_CSK/Imag_Sync_FIFO/mem_reg[471][1]
  Impl DFF        imp:/WORK/zigbee/DQPSK_CSK/Imag_Sync_FIFO/mem_reg[471][1]

  Ref  DFF        ref:/WORK/zigbee/DQPSK_CSK/Imag_Sync_FIFO/mem_reg[472][0]
  Impl DFF        imp:/WORK/zigbee/DQPSK_CSK/Imag_Sync_FIFO/mem_reg[472][0]

  Ref  DFF        ref:/WORK/zigbee/DQPSK_CSK/Imag_Sync_FIFO/mem_reg[472][1]
  Impl DFF        imp:/WORK/zigbee/DQPSK_CSK/Imag_Sync_FIFO/mem_reg[472][1]

  Ref  DFF        ref:/WORK/zigbee/DQPSK_CSK/Imag_Sync_FIFO/mem_reg[473][0]
  Impl DFF        imp:/WORK/zigbee/DQPSK_CSK/Imag_Sync_FIFO/mem_reg[473][0]

  Ref  DFF        ref:/WORK/zigbee/DQPSK_CSK/Imag_Sync_FIFO/mem_reg[473][1]
  Impl DFF        imp:/WORK/zigbee/DQPSK_CSK/Imag_Sync_FIFO/mem_reg[473][1]

  Ref  DFF        ref:/WORK/zigbee/DQPSK_CSK/Imag_Sync_FIFO/mem_reg[474][0]
  Impl DFF        imp:/WORK/zigbee/DQPSK_CSK/Imag_Sync_FIFO/mem_reg[474][0]

  Ref  DFF        ref:/WORK/zigbee/DQPSK_CSK/Imag_Sync_FIFO/mem_reg[474][1]
  Impl DFF        imp:/WORK/zigbee/DQPSK_CSK/Imag_Sync_FIFO/mem_reg[474][1]

  Ref  DFF        ref:/WORK/zigbee/DQPSK_CSK/Imag_Sync_FIFO/mem_reg[475][0]
  Impl DFF        imp:/WORK/zigbee/DQPSK_CSK/Imag_Sync_FIFO/mem_reg[475][0]

  Ref  DFF        ref:/WORK/zigbee/DQPSK_CSK/Imag_Sync_FIFO/mem_reg[475][1]
  Impl DFF        imp:/WORK/zigbee/DQPSK_CSK/Imag_Sync_FIFO/mem_reg[475][1]

  Ref  DFF        ref:/WORK/zigbee/DQPSK_CSK/Imag_Sync_FIFO/mem_reg[476][0]
  Impl DFF        imp:/WORK/zigbee/DQPSK_CSK/Imag_Sync_FIFO/mem_reg[476][0]

  Ref  DFF        ref:/WORK/zigbee/DQPSK_CSK/Imag_Sync_FIFO/mem_reg[476][1]
  Impl DFF        imp:/WORK/zigbee/DQPSK_CSK/Imag_Sync_FIFO/mem_reg[476][1]

  Ref  DFF        ref:/WORK/zigbee/DQPSK_CSK/Imag_Sync_FIFO/mem_reg[477][0]
  Impl DFF        imp:/WORK/zigbee/DQPSK_CSK/Imag_Sync_FIFO/mem_reg[477][0]

  Ref  DFF        ref:/WORK/zigbee/DQPSK_CSK/Imag_Sync_FIFO/mem_reg[477][1]
  Impl DFF        imp:/WORK/zigbee/DQPSK_CSK/Imag_Sync_FIFO/mem_reg[477][1]

  Ref  DFF        ref:/WORK/zigbee/DQPSK_CSK/Imag_Sync_FIFO/mem_reg[478][0]
  Impl DFF        imp:/WORK/zigbee/DQPSK_CSK/Imag_Sync_FIFO/mem_reg[478][0]

  Ref  DFF        ref:/WORK/zigbee/DQPSK_CSK/Imag_Sync_FIFO/mem_reg[478][1]
  Impl DFF        imp:/WORK/zigbee/DQPSK_CSK/Imag_Sync_FIFO/mem_reg[478][1]

  Ref  DFF        ref:/WORK/zigbee/DQPSK_CSK/Imag_Sync_FIFO/mem_reg[479][0]
  Impl DFF        imp:/WORK/zigbee/DQPSK_CSK/Imag_Sync_FIFO/mem_reg[479][0]

  Ref  DFF        ref:/WORK/zigbee/DQPSK_CSK/Imag_Sync_FIFO/mem_reg[479][1]
  Impl DFF        imp:/WORK/zigbee/DQPSK_CSK/Imag_Sync_FIFO/mem_reg[479][1]

  Ref  DFF        ref:/WORK/zigbee/DQPSK_CSK/Imag_Sync_FIFO/mem_reg[47][0]
  Impl DFF        imp:/WORK/zigbee/DQPSK_CSK/Imag_Sync_FIFO/mem_reg[47][0]

  Ref  DFF        ref:/WORK/zigbee/DQPSK_CSK/Imag_Sync_FIFO/mem_reg[47][1]
  Impl DFF        imp:/WORK/zigbee/DQPSK_CSK/Imag_Sync_FIFO/mem_reg[47][1]

  Ref  DFF        ref:/WORK/zigbee/DQPSK_CSK/Imag_Sync_FIFO/mem_reg[480][0]
  Impl DFF        imp:/WORK/zigbee/DQPSK_CSK/Imag_Sync_FIFO/mem_reg[480][0]

  Ref  DFF        ref:/WORK/zigbee/DQPSK_CSK/Imag_Sync_FIFO/mem_reg[480][1]
  Impl DFF        imp:/WORK/zigbee/DQPSK_CSK/Imag_Sync_FIFO/mem_reg[480][1]

  Ref  DFF        ref:/WORK/zigbee/DQPSK_CSK/Imag_Sync_FIFO/mem_reg[481][0]
  Impl DFF        imp:/WORK/zigbee/DQPSK_CSK/Imag_Sync_FIFO/mem_reg[481][0]

  Ref  DFF        ref:/WORK/zigbee/DQPSK_CSK/Imag_Sync_FIFO/mem_reg[481][1]
  Impl DFF        imp:/WORK/zigbee/DQPSK_CSK/Imag_Sync_FIFO/mem_reg[481][1]

  Ref  DFF        ref:/WORK/zigbee/DQPSK_CSK/Imag_Sync_FIFO/mem_reg[482][0]
  Impl DFF        imp:/WORK/zigbee/DQPSK_CSK/Imag_Sync_FIFO/mem_reg[482][0]

  Ref  DFF        ref:/WORK/zigbee/DQPSK_CSK/Imag_Sync_FIFO/mem_reg[482][1]
  Impl DFF        imp:/WORK/zigbee/DQPSK_CSK/Imag_Sync_FIFO/mem_reg[482][1]

  Ref  DFF        ref:/WORK/zigbee/DQPSK_CSK/Imag_Sync_FIFO/mem_reg[483][0]
  Impl DFF        imp:/WORK/zigbee/DQPSK_CSK/Imag_Sync_FIFO/mem_reg[483][0]

  Ref  DFF        ref:/WORK/zigbee/DQPSK_CSK/Imag_Sync_FIFO/mem_reg[483][1]
  Impl DFF        imp:/WORK/zigbee/DQPSK_CSK/Imag_Sync_FIFO/mem_reg[483][1]

  Ref  DFF        ref:/WORK/zigbee/DQPSK_CSK/Imag_Sync_FIFO/mem_reg[484][0]
  Impl DFF        imp:/WORK/zigbee/DQPSK_CSK/Imag_Sync_FIFO/mem_reg[484][0]

  Ref  DFF        ref:/WORK/zigbee/DQPSK_CSK/Imag_Sync_FIFO/mem_reg[484][1]
  Impl DFF        imp:/WORK/zigbee/DQPSK_CSK/Imag_Sync_FIFO/mem_reg[484][1]

  Ref  DFF        ref:/WORK/zigbee/DQPSK_CSK/Imag_Sync_FIFO/mem_reg[485][0]
  Impl DFF        imp:/WORK/zigbee/DQPSK_CSK/Imag_Sync_FIFO/mem_reg[485][0]

  Ref  DFF        ref:/WORK/zigbee/DQPSK_CSK/Imag_Sync_FIFO/mem_reg[485][1]
  Impl DFF        imp:/WORK/zigbee/DQPSK_CSK/Imag_Sync_FIFO/mem_reg[485][1]

  Ref  DFF        ref:/WORK/zigbee/DQPSK_CSK/Imag_Sync_FIFO/mem_reg[486][0]
  Impl DFF        imp:/WORK/zigbee/DQPSK_CSK/Imag_Sync_FIFO/mem_reg[486][0]

  Ref  DFF        ref:/WORK/zigbee/DQPSK_CSK/Imag_Sync_FIFO/mem_reg[486][1]
  Impl DFF        imp:/WORK/zigbee/DQPSK_CSK/Imag_Sync_FIFO/mem_reg[486][1]

  Ref  DFF        ref:/WORK/zigbee/DQPSK_CSK/Imag_Sync_FIFO/mem_reg[487][0]
  Impl DFF        imp:/WORK/zigbee/DQPSK_CSK/Imag_Sync_FIFO/mem_reg[487][0]

  Ref  DFF        ref:/WORK/zigbee/DQPSK_CSK/Imag_Sync_FIFO/mem_reg[487][1]
  Impl DFF        imp:/WORK/zigbee/DQPSK_CSK/Imag_Sync_FIFO/mem_reg[487][1]

  Ref  DFF        ref:/WORK/zigbee/DQPSK_CSK/Imag_Sync_FIFO/mem_reg[488][0]
  Impl DFF        imp:/WORK/zigbee/DQPSK_CSK/Imag_Sync_FIFO/mem_reg[488][0]

  Ref  DFF        ref:/WORK/zigbee/DQPSK_CSK/Imag_Sync_FIFO/mem_reg[488][1]
  Impl DFF        imp:/WORK/zigbee/DQPSK_CSK/Imag_Sync_FIFO/mem_reg[488][1]

  Ref  DFF        ref:/WORK/zigbee/DQPSK_CSK/Imag_Sync_FIFO/mem_reg[489][0]
  Impl DFF        imp:/WORK/zigbee/DQPSK_CSK/Imag_Sync_FIFO/mem_reg[489][0]

  Ref  DFF        ref:/WORK/zigbee/DQPSK_CSK/Imag_Sync_FIFO/mem_reg[489][1]
  Impl DFF        imp:/WORK/zigbee/DQPSK_CSK/Imag_Sync_FIFO/mem_reg[489][1]

  Ref  DFF        ref:/WORK/zigbee/DQPSK_CSK/Imag_Sync_FIFO/mem_reg[48][0]
  Impl DFF        imp:/WORK/zigbee/DQPSK_CSK/Imag_Sync_FIFO/mem_reg[48][0]

  Ref  DFF        ref:/WORK/zigbee/DQPSK_CSK/Imag_Sync_FIFO/mem_reg[48][1]
  Impl DFF        imp:/WORK/zigbee/DQPSK_CSK/Imag_Sync_FIFO/mem_reg[48][1]

  Ref  DFF        ref:/WORK/zigbee/DQPSK_CSK/Imag_Sync_FIFO/mem_reg[490][0]
  Impl DFF        imp:/WORK/zigbee/DQPSK_CSK/Imag_Sync_FIFO/mem_reg[490][0]

  Ref  DFF        ref:/WORK/zigbee/DQPSK_CSK/Imag_Sync_FIFO/mem_reg[490][1]
  Impl DFF        imp:/WORK/zigbee/DQPSK_CSK/Imag_Sync_FIFO/mem_reg[490][1]

  Ref  DFF        ref:/WORK/zigbee/DQPSK_CSK/Imag_Sync_FIFO/mem_reg[491][0]
  Impl DFF        imp:/WORK/zigbee/DQPSK_CSK/Imag_Sync_FIFO/mem_reg[491][0]

  Ref  DFF        ref:/WORK/zigbee/DQPSK_CSK/Imag_Sync_FIFO/mem_reg[491][1]
  Impl DFF        imp:/WORK/zigbee/DQPSK_CSK/Imag_Sync_FIFO/mem_reg[491][1]

  Ref  DFF        ref:/WORK/zigbee/DQPSK_CSK/Imag_Sync_FIFO/mem_reg[492][0]
  Impl DFF        imp:/WORK/zigbee/DQPSK_CSK/Imag_Sync_FIFO/mem_reg[492][0]

  Ref  DFF        ref:/WORK/zigbee/DQPSK_CSK/Imag_Sync_FIFO/mem_reg[492][1]
  Impl DFF        imp:/WORK/zigbee/DQPSK_CSK/Imag_Sync_FIFO/mem_reg[492][1]

  Ref  DFF        ref:/WORK/zigbee/DQPSK_CSK/Imag_Sync_FIFO/mem_reg[493][0]
  Impl DFF        imp:/WORK/zigbee/DQPSK_CSK/Imag_Sync_FIFO/mem_reg[493][0]

  Ref  DFF        ref:/WORK/zigbee/DQPSK_CSK/Imag_Sync_FIFO/mem_reg[493][1]
  Impl DFF        imp:/WORK/zigbee/DQPSK_CSK/Imag_Sync_FIFO/mem_reg[493][1]

  Ref  DFF        ref:/WORK/zigbee/DQPSK_CSK/Imag_Sync_FIFO/mem_reg[494][0]
  Impl DFF        imp:/WORK/zigbee/DQPSK_CSK/Imag_Sync_FIFO/mem_reg[494][0]

  Ref  DFF        ref:/WORK/zigbee/DQPSK_CSK/Imag_Sync_FIFO/mem_reg[494][1]
  Impl DFF        imp:/WORK/zigbee/DQPSK_CSK/Imag_Sync_FIFO/mem_reg[494][1]

  Ref  DFF        ref:/WORK/zigbee/DQPSK_CSK/Imag_Sync_FIFO/mem_reg[495][0]
  Impl DFF        imp:/WORK/zigbee/DQPSK_CSK/Imag_Sync_FIFO/mem_reg[495][0]

  Ref  DFF        ref:/WORK/zigbee/DQPSK_CSK/Imag_Sync_FIFO/mem_reg[495][1]
  Impl DFF        imp:/WORK/zigbee/DQPSK_CSK/Imag_Sync_FIFO/mem_reg[495][1]

  Ref  DFF        ref:/WORK/zigbee/DQPSK_CSK/Imag_Sync_FIFO/mem_reg[496][0]
  Impl DFF        imp:/WORK/zigbee/DQPSK_CSK/Imag_Sync_FIFO/mem_reg[496][0]

  Ref  DFF        ref:/WORK/zigbee/DQPSK_CSK/Imag_Sync_FIFO/mem_reg[496][1]
  Impl DFF        imp:/WORK/zigbee/DQPSK_CSK/Imag_Sync_FIFO/mem_reg[496][1]

  Ref  DFF        ref:/WORK/zigbee/DQPSK_CSK/Imag_Sync_FIFO/mem_reg[497][0]
  Impl DFF        imp:/WORK/zigbee/DQPSK_CSK/Imag_Sync_FIFO/mem_reg[497][0]

  Ref  DFF        ref:/WORK/zigbee/DQPSK_CSK/Imag_Sync_FIFO/mem_reg[497][1]
  Impl DFF        imp:/WORK/zigbee/DQPSK_CSK/Imag_Sync_FIFO/mem_reg[497][1]

  Ref  DFF        ref:/WORK/zigbee/DQPSK_CSK/Imag_Sync_FIFO/mem_reg[498][0]
  Impl DFF        imp:/WORK/zigbee/DQPSK_CSK/Imag_Sync_FIFO/mem_reg[498][0]

  Ref  DFF        ref:/WORK/zigbee/DQPSK_CSK/Imag_Sync_FIFO/mem_reg[498][1]
  Impl DFF        imp:/WORK/zigbee/DQPSK_CSK/Imag_Sync_FIFO/mem_reg[498][1]

  Ref  DFF        ref:/WORK/zigbee/DQPSK_CSK/Imag_Sync_FIFO/mem_reg[499][0]
  Impl DFF        imp:/WORK/zigbee/DQPSK_CSK/Imag_Sync_FIFO/mem_reg[499][0]

  Ref  DFF        ref:/WORK/zigbee/DQPSK_CSK/Imag_Sync_FIFO/mem_reg[499][1]
  Impl DFF        imp:/WORK/zigbee/DQPSK_CSK/Imag_Sync_FIFO/mem_reg[499][1]

  Ref  DFF        ref:/WORK/zigbee/DQPSK_CSK/Imag_Sync_FIFO/mem_reg[49][0]
  Impl DFF        imp:/WORK/zigbee/DQPSK_CSK/Imag_Sync_FIFO/mem_reg[49][0]

  Ref  DFF        ref:/WORK/zigbee/DQPSK_CSK/Imag_Sync_FIFO/mem_reg[49][1]
  Impl DFF        imp:/WORK/zigbee/DQPSK_CSK/Imag_Sync_FIFO/mem_reg[49][1]

  Ref  DFF        ref:/WORK/zigbee/DQPSK_CSK/Imag_Sync_FIFO/mem_reg[4][0]
  Impl DFF        imp:/WORK/zigbee/DQPSK_CSK/Imag_Sync_FIFO/mem_reg[4][0]

  Ref  DFF        ref:/WORK/zigbee/DQPSK_CSK/Imag_Sync_FIFO/mem_reg[4][1]
  Impl DFF        imp:/WORK/zigbee/DQPSK_CSK/Imag_Sync_FIFO/mem_reg[4][1]

  Ref  DFF        ref:/WORK/zigbee/DQPSK_CSK/Imag_Sync_FIFO/mem_reg[500][0]
  Impl DFF        imp:/WORK/zigbee/DQPSK_CSK/Imag_Sync_FIFO/mem_reg[500][0]

  Ref  DFF        ref:/WORK/zigbee/DQPSK_CSK/Imag_Sync_FIFO/mem_reg[500][1]
  Impl DFF        imp:/WORK/zigbee/DQPSK_CSK/Imag_Sync_FIFO/mem_reg[500][1]

  Ref  DFF        ref:/WORK/zigbee/DQPSK_CSK/Imag_Sync_FIFO/mem_reg[501][0]
  Impl DFF        imp:/WORK/zigbee/DQPSK_CSK/Imag_Sync_FIFO/mem_reg[501][0]

  Ref  DFF        ref:/WORK/zigbee/DQPSK_CSK/Imag_Sync_FIFO/mem_reg[501][1]
  Impl DFF        imp:/WORK/zigbee/DQPSK_CSK/Imag_Sync_FIFO/mem_reg[501][1]

  Ref  DFF        ref:/WORK/zigbee/DQPSK_CSK/Imag_Sync_FIFO/mem_reg[502][0]
  Impl DFF        imp:/WORK/zigbee/DQPSK_CSK/Imag_Sync_FIFO/mem_reg[502][0]

  Ref  DFF        ref:/WORK/zigbee/DQPSK_CSK/Imag_Sync_FIFO/mem_reg[502][1]
  Impl DFF        imp:/WORK/zigbee/DQPSK_CSK/Imag_Sync_FIFO/mem_reg[502][1]

  Ref  DFF        ref:/WORK/zigbee/DQPSK_CSK/Imag_Sync_FIFO/mem_reg[503][0]
  Impl DFF        imp:/WORK/zigbee/DQPSK_CSK/Imag_Sync_FIFO/mem_reg[503][0]

  Ref  DFF        ref:/WORK/zigbee/DQPSK_CSK/Imag_Sync_FIFO/mem_reg[503][1]
  Impl DFF        imp:/WORK/zigbee/DQPSK_CSK/Imag_Sync_FIFO/mem_reg[503][1]

  Ref  DFF        ref:/WORK/zigbee/DQPSK_CSK/Imag_Sync_FIFO/mem_reg[504][0]
  Impl DFF        imp:/WORK/zigbee/DQPSK_CSK/Imag_Sync_FIFO/mem_reg[504][0]

  Ref  DFF        ref:/WORK/zigbee/DQPSK_CSK/Imag_Sync_FIFO/mem_reg[504][1]
  Impl DFF        imp:/WORK/zigbee/DQPSK_CSK/Imag_Sync_FIFO/mem_reg[504][1]

  Ref  DFF        ref:/WORK/zigbee/DQPSK_CSK/Imag_Sync_FIFO/mem_reg[505][0]
  Impl DFF        imp:/WORK/zigbee/DQPSK_CSK/Imag_Sync_FIFO/mem_reg[505][0]

  Ref  DFF        ref:/WORK/zigbee/DQPSK_CSK/Imag_Sync_FIFO/mem_reg[505][1]
  Impl DFF        imp:/WORK/zigbee/DQPSK_CSK/Imag_Sync_FIFO/mem_reg[505][1]

  Ref  DFF        ref:/WORK/zigbee/DQPSK_CSK/Imag_Sync_FIFO/mem_reg[506][0]
  Impl DFF        imp:/WORK/zigbee/DQPSK_CSK/Imag_Sync_FIFO/mem_reg[506][0]

  Ref  DFF        ref:/WORK/zigbee/DQPSK_CSK/Imag_Sync_FIFO/mem_reg[506][1]
  Impl DFF        imp:/WORK/zigbee/DQPSK_CSK/Imag_Sync_FIFO/mem_reg[506][1]

  Ref  DFF        ref:/WORK/zigbee/DQPSK_CSK/Imag_Sync_FIFO/mem_reg[507][0]
  Impl DFF        imp:/WORK/zigbee/DQPSK_CSK/Imag_Sync_FIFO/mem_reg[507][0]

  Ref  DFF        ref:/WORK/zigbee/DQPSK_CSK/Imag_Sync_FIFO/mem_reg[507][1]
  Impl DFF        imp:/WORK/zigbee/DQPSK_CSK/Imag_Sync_FIFO/mem_reg[507][1]

  Ref  DFF        ref:/WORK/zigbee/DQPSK_CSK/Imag_Sync_FIFO/mem_reg[508][0]
  Impl DFF        imp:/WORK/zigbee/DQPSK_CSK/Imag_Sync_FIFO/mem_reg[508][0]

  Ref  DFF        ref:/WORK/zigbee/DQPSK_CSK/Imag_Sync_FIFO/mem_reg[508][1]
  Impl DFF        imp:/WORK/zigbee/DQPSK_CSK/Imag_Sync_FIFO/mem_reg[508][1]

  Ref  DFF        ref:/WORK/zigbee/DQPSK_CSK/Imag_Sync_FIFO/mem_reg[509][0]
  Impl DFF        imp:/WORK/zigbee/DQPSK_CSK/Imag_Sync_FIFO/mem_reg[509][0]

  Ref  DFF        ref:/WORK/zigbee/DQPSK_CSK/Imag_Sync_FIFO/mem_reg[509][1]
  Impl DFF        imp:/WORK/zigbee/DQPSK_CSK/Imag_Sync_FIFO/mem_reg[509][1]

  Ref  DFF        ref:/WORK/zigbee/DQPSK_CSK/Imag_Sync_FIFO/mem_reg[50][0]
  Impl DFF        imp:/WORK/zigbee/DQPSK_CSK/Imag_Sync_FIFO/mem_reg[50][0]

  Ref  DFF        ref:/WORK/zigbee/DQPSK_CSK/Imag_Sync_FIFO/mem_reg[50][1]
  Impl DFF        imp:/WORK/zigbee/DQPSK_CSK/Imag_Sync_FIFO/mem_reg[50][1]

  Ref  DFF        ref:/WORK/zigbee/DQPSK_CSK/Imag_Sync_FIFO/mem_reg[510][0]
  Impl DFF        imp:/WORK/zigbee/DQPSK_CSK/Imag_Sync_FIFO/mem_reg[510][0]

  Ref  DFF        ref:/WORK/zigbee/DQPSK_CSK/Imag_Sync_FIFO/mem_reg[510][1]
  Impl DFF        imp:/WORK/zigbee/DQPSK_CSK/Imag_Sync_FIFO/mem_reg[510][1]

  Ref  DFF        ref:/WORK/zigbee/DQPSK_CSK/Imag_Sync_FIFO/mem_reg[511][0]
  Impl DFF        imp:/WORK/zigbee/DQPSK_CSK/Imag_Sync_FIFO/mem_reg[511][0]

  Ref  DFF        ref:/WORK/zigbee/DQPSK_CSK/Imag_Sync_FIFO/mem_reg[511][1]
  Impl DFF        imp:/WORK/zigbee/DQPSK_CSK/Imag_Sync_FIFO/mem_reg[511][1]

  Ref  DFF        ref:/WORK/zigbee/DQPSK_CSK/Imag_Sync_FIFO/mem_reg[512][0]
  Impl DFF        imp:/WORK/zigbee/DQPSK_CSK/Imag_Sync_FIFO/mem_reg[512][0]

  Ref  DFF        ref:/WORK/zigbee/DQPSK_CSK/Imag_Sync_FIFO/mem_reg[512][1]
  Impl DFF        imp:/WORK/zigbee/DQPSK_CSK/Imag_Sync_FIFO/mem_reg[512][1]

  Ref  DFF        ref:/WORK/zigbee/DQPSK_CSK/Imag_Sync_FIFO/mem_reg[513][0]
  Impl DFF        imp:/WORK/zigbee/DQPSK_CSK/Imag_Sync_FIFO/mem_reg[513][0]

  Ref  DFF        ref:/WORK/zigbee/DQPSK_CSK/Imag_Sync_FIFO/mem_reg[513][1]
  Impl DFF        imp:/WORK/zigbee/DQPSK_CSK/Imag_Sync_FIFO/mem_reg[513][1]

  Ref  DFF        ref:/WORK/zigbee/DQPSK_CSK/Imag_Sync_FIFO/mem_reg[514][0]
  Impl DFF        imp:/WORK/zigbee/DQPSK_CSK/Imag_Sync_FIFO/mem_reg[514][0]

  Ref  DFF        ref:/WORK/zigbee/DQPSK_CSK/Imag_Sync_FIFO/mem_reg[514][1]
  Impl DFF        imp:/WORK/zigbee/DQPSK_CSK/Imag_Sync_FIFO/mem_reg[514][1]

  Ref  DFF        ref:/WORK/zigbee/DQPSK_CSK/Imag_Sync_FIFO/mem_reg[515][0]
  Impl DFF        imp:/WORK/zigbee/DQPSK_CSK/Imag_Sync_FIFO/mem_reg[515][0]

  Ref  DFF        ref:/WORK/zigbee/DQPSK_CSK/Imag_Sync_FIFO/mem_reg[515][1]
  Impl DFF        imp:/WORK/zigbee/DQPSK_CSK/Imag_Sync_FIFO/mem_reg[515][1]

  Ref  DFF        ref:/WORK/zigbee/DQPSK_CSK/Imag_Sync_FIFO/mem_reg[516][0]
  Impl DFF        imp:/WORK/zigbee/DQPSK_CSK/Imag_Sync_FIFO/mem_reg[516][0]

  Ref  DFF        ref:/WORK/zigbee/DQPSK_CSK/Imag_Sync_FIFO/mem_reg[516][1]
  Impl DFF        imp:/WORK/zigbee/DQPSK_CSK/Imag_Sync_FIFO/mem_reg[516][1]

  Ref  DFF        ref:/WORK/zigbee/DQPSK_CSK/Imag_Sync_FIFO/mem_reg[517][0]
  Impl DFF        imp:/WORK/zigbee/DQPSK_CSK/Imag_Sync_FIFO/mem_reg[517][0]

  Ref  DFF        ref:/WORK/zigbee/DQPSK_CSK/Imag_Sync_FIFO/mem_reg[517][1]
  Impl DFF        imp:/WORK/zigbee/DQPSK_CSK/Imag_Sync_FIFO/mem_reg[517][1]

  Ref  DFF        ref:/WORK/zigbee/DQPSK_CSK/Imag_Sync_FIFO/mem_reg[518][0]
  Impl DFF        imp:/WORK/zigbee/DQPSK_CSK/Imag_Sync_FIFO/mem_reg[518][0]

  Ref  DFF        ref:/WORK/zigbee/DQPSK_CSK/Imag_Sync_FIFO/mem_reg[518][1]
  Impl DFF        imp:/WORK/zigbee/DQPSK_CSK/Imag_Sync_FIFO/mem_reg[518][1]

  Ref  DFF        ref:/WORK/zigbee/DQPSK_CSK/Imag_Sync_FIFO/mem_reg[519][0]
  Impl DFF        imp:/WORK/zigbee/DQPSK_CSK/Imag_Sync_FIFO/mem_reg[519][0]

  Ref  DFF        ref:/WORK/zigbee/DQPSK_CSK/Imag_Sync_FIFO/mem_reg[519][1]
  Impl DFF        imp:/WORK/zigbee/DQPSK_CSK/Imag_Sync_FIFO/mem_reg[519][1]

  Ref  DFF        ref:/WORK/zigbee/DQPSK_CSK/Imag_Sync_FIFO/mem_reg[51][0]
  Impl DFF        imp:/WORK/zigbee/DQPSK_CSK/Imag_Sync_FIFO/mem_reg[51][0]

  Ref  DFF        ref:/WORK/zigbee/DQPSK_CSK/Imag_Sync_FIFO/mem_reg[51][1]
  Impl DFF        imp:/WORK/zigbee/DQPSK_CSK/Imag_Sync_FIFO/mem_reg[51][1]

  Ref  DFF        ref:/WORK/zigbee/DQPSK_CSK/Imag_Sync_FIFO/mem_reg[520][0]
  Impl DFF        imp:/WORK/zigbee/DQPSK_CSK/Imag_Sync_FIFO/mem_reg[520][0]

  Ref  DFF        ref:/WORK/zigbee/DQPSK_CSK/Imag_Sync_FIFO/mem_reg[520][1]
  Impl DFF        imp:/WORK/zigbee/DQPSK_CSK/Imag_Sync_FIFO/mem_reg[520][1]

  Ref  DFF        ref:/WORK/zigbee/DQPSK_CSK/Imag_Sync_FIFO/mem_reg[521][0]
  Impl DFF        imp:/WORK/zigbee/DQPSK_CSK/Imag_Sync_FIFO/mem_reg[521][0]

  Ref  DFF        ref:/WORK/zigbee/DQPSK_CSK/Imag_Sync_FIFO/mem_reg[521][1]
  Impl DFF        imp:/WORK/zigbee/DQPSK_CSK/Imag_Sync_FIFO/mem_reg[521][1]

  Ref  DFF        ref:/WORK/zigbee/DQPSK_CSK/Imag_Sync_FIFO/mem_reg[522][0]
  Impl DFF        imp:/WORK/zigbee/DQPSK_CSK/Imag_Sync_FIFO/mem_reg[522][0]

  Ref  DFF        ref:/WORK/zigbee/DQPSK_CSK/Imag_Sync_FIFO/mem_reg[522][1]
  Impl DFF        imp:/WORK/zigbee/DQPSK_CSK/Imag_Sync_FIFO/mem_reg[522][1]

  Ref  DFF        ref:/WORK/zigbee/DQPSK_CSK/Imag_Sync_FIFO/mem_reg[523][0]
  Impl DFF        imp:/WORK/zigbee/DQPSK_CSK/Imag_Sync_FIFO/mem_reg[523][0]

  Ref  DFF        ref:/WORK/zigbee/DQPSK_CSK/Imag_Sync_FIFO/mem_reg[523][1]
  Impl DFF        imp:/WORK/zigbee/DQPSK_CSK/Imag_Sync_FIFO/mem_reg[523][1]

  Ref  DFF        ref:/WORK/zigbee/DQPSK_CSK/Imag_Sync_FIFO/mem_reg[524][0]
  Impl DFF        imp:/WORK/zigbee/DQPSK_CSK/Imag_Sync_FIFO/mem_reg[524][0]

  Ref  DFF        ref:/WORK/zigbee/DQPSK_CSK/Imag_Sync_FIFO/mem_reg[524][1]
  Impl DFF        imp:/WORK/zigbee/DQPSK_CSK/Imag_Sync_FIFO/mem_reg[524][1]

  Ref  DFF        ref:/WORK/zigbee/DQPSK_CSK/Imag_Sync_FIFO/mem_reg[525][0]
  Impl DFF        imp:/WORK/zigbee/DQPSK_CSK/Imag_Sync_FIFO/mem_reg[525][0]

  Ref  DFF        ref:/WORK/zigbee/DQPSK_CSK/Imag_Sync_FIFO/mem_reg[525][1]
  Impl DFF        imp:/WORK/zigbee/DQPSK_CSK/Imag_Sync_FIFO/mem_reg[525][1]

  Ref  DFF        ref:/WORK/zigbee/DQPSK_CSK/Imag_Sync_FIFO/mem_reg[526][0]
  Impl DFF        imp:/WORK/zigbee/DQPSK_CSK/Imag_Sync_FIFO/mem_reg[526][0]

  Ref  DFF        ref:/WORK/zigbee/DQPSK_CSK/Imag_Sync_FIFO/mem_reg[526][1]
  Impl DFF        imp:/WORK/zigbee/DQPSK_CSK/Imag_Sync_FIFO/mem_reg[526][1]

  Ref  DFF        ref:/WORK/zigbee/DQPSK_CSK/Imag_Sync_FIFO/mem_reg[527][0]
  Impl DFF        imp:/WORK/zigbee/DQPSK_CSK/Imag_Sync_FIFO/mem_reg[527][0]

  Ref  DFF        ref:/WORK/zigbee/DQPSK_CSK/Imag_Sync_FIFO/mem_reg[527][1]
  Impl DFF        imp:/WORK/zigbee/DQPSK_CSK/Imag_Sync_FIFO/mem_reg[527][1]

  Ref  DFF        ref:/WORK/zigbee/DQPSK_CSK/Imag_Sync_FIFO/mem_reg[528][0]
  Impl DFF        imp:/WORK/zigbee/DQPSK_CSK/Imag_Sync_FIFO/mem_reg[528][0]

  Ref  DFF        ref:/WORK/zigbee/DQPSK_CSK/Imag_Sync_FIFO/mem_reg[528][1]
  Impl DFF        imp:/WORK/zigbee/DQPSK_CSK/Imag_Sync_FIFO/mem_reg[528][1]

  Ref  DFF        ref:/WORK/zigbee/DQPSK_CSK/Imag_Sync_FIFO/mem_reg[529][0]
  Impl DFF        imp:/WORK/zigbee/DQPSK_CSK/Imag_Sync_FIFO/mem_reg[529][0]

  Ref  DFF        ref:/WORK/zigbee/DQPSK_CSK/Imag_Sync_FIFO/mem_reg[529][1]
  Impl DFF        imp:/WORK/zigbee/DQPSK_CSK/Imag_Sync_FIFO/mem_reg[529][1]

  Ref  DFF        ref:/WORK/zigbee/DQPSK_CSK/Imag_Sync_FIFO/mem_reg[52][0]
  Impl DFF        imp:/WORK/zigbee/DQPSK_CSK/Imag_Sync_FIFO/mem_reg[52][0]

  Ref  DFF        ref:/WORK/zigbee/DQPSK_CSK/Imag_Sync_FIFO/mem_reg[52][1]
  Impl DFF        imp:/WORK/zigbee/DQPSK_CSK/Imag_Sync_FIFO/mem_reg[52][1]

  Ref  DFF        ref:/WORK/zigbee/DQPSK_CSK/Imag_Sync_FIFO/mem_reg[530][0]
  Impl DFF        imp:/WORK/zigbee/DQPSK_CSK/Imag_Sync_FIFO/mem_reg[530][0]

  Ref  DFF        ref:/WORK/zigbee/DQPSK_CSK/Imag_Sync_FIFO/mem_reg[530][1]
  Impl DFF        imp:/WORK/zigbee/DQPSK_CSK/Imag_Sync_FIFO/mem_reg[530][1]

  Ref  DFF        ref:/WORK/zigbee/DQPSK_CSK/Imag_Sync_FIFO/mem_reg[531][0]
  Impl DFF        imp:/WORK/zigbee/DQPSK_CSK/Imag_Sync_FIFO/mem_reg[531][0]

  Ref  DFF        ref:/WORK/zigbee/DQPSK_CSK/Imag_Sync_FIFO/mem_reg[531][1]
  Impl DFF        imp:/WORK/zigbee/DQPSK_CSK/Imag_Sync_FIFO/mem_reg[531][1]

  Ref  DFF        ref:/WORK/zigbee/DQPSK_CSK/Imag_Sync_FIFO/mem_reg[532][0]
  Impl DFF        imp:/WORK/zigbee/DQPSK_CSK/Imag_Sync_FIFO/mem_reg[532][0]

  Ref  DFF        ref:/WORK/zigbee/DQPSK_CSK/Imag_Sync_FIFO/mem_reg[532][1]
  Impl DFF        imp:/WORK/zigbee/DQPSK_CSK/Imag_Sync_FIFO/mem_reg[532][1]

  Ref  DFF        ref:/WORK/zigbee/DQPSK_CSK/Imag_Sync_FIFO/mem_reg[533][0]
  Impl DFF        imp:/WORK/zigbee/DQPSK_CSK/Imag_Sync_FIFO/mem_reg[533][0]

  Ref  DFF        ref:/WORK/zigbee/DQPSK_CSK/Imag_Sync_FIFO/mem_reg[533][1]
  Impl DFF        imp:/WORK/zigbee/DQPSK_CSK/Imag_Sync_FIFO/mem_reg[533][1]

  Ref  DFF        ref:/WORK/zigbee/DQPSK_CSK/Imag_Sync_FIFO/mem_reg[534][0]
  Impl DFF        imp:/WORK/zigbee/DQPSK_CSK/Imag_Sync_FIFO/mem_reg[534][0]

  Ref  DFF        ref:/WORK/zigbee/DQPSK_CSK/Imag_Sync_FIFO/mem_reg[534][1]
  Impl DFF        imp:/WORK/zigbee/DQPSK_CSK/Imag_Sync_FIFO/mem_reg[534][1]

  Ref  DFF        ref:/WORK/zigbee/DQPSK_CSK/Imag_Sync_FIFO/mem_reg[535][0]
  Impl DFF        imp:/WORK/zigbee/DQPSK_CSK/Imag_Sync_FIFO/mem_reg[535][0]

  Ref  DFF        ref:/WORK/zigbee/DQPSK_CSK/Imag_Sync_FIFO/mem_reg[535][1]
  Impl DFF        imp:/WORK/zigbee/DQPSK_CSK/Imag_Sync_FIFO/mem_reg[535][1]

  Ref  DFF        ref:/WORK/zigbee/DQPSK_CSK/Imag_Sync_FIFO/mem_reg[536][0]
  Impl DFF        imp:/WORK/zigbee/DQPSK_CSK/Imag_Sync_FIFO/mem_reg[536][0]

  Ref  DFF        ref:/WORK/zigbee/DQPSK_CSK/Imag_Sync_FIFO/mem_reg[536][1]
  Impl DFF        imp:/WORK/zigbee/DQPSK_CSK/Imag_Sync_FIFO/mem_reg[536][1]

  Ref  DFF        ref:/WORK/zigbee/DQPSK_CSK/Imag_Sync_FIFO/mem_reg[537][0]
  Impl DFF        imp:/WORK/zigbee/DQPSK_CSK/Imag_Sync_FIFO/mem_reg[537][0]

  Ref  DFF        ref:/WORK/zigbee/DQPSK_CSK/Imag_Sync_FIFO/mem_reg[537][1]
  Impl DFF        imp:/WORK/zigbee/DQPSK_CSK/Imag_Sync_FIFO/mem_reg[537][1]

  Ref  DFF        ref:/WORK/zigbee/DQPSK_CSK/Imag_Sync_FIFO/mem_reg[538][0]
  Impl DFF        imp:/WORK/zigbee/DQPSK_CSK/Imag_Sync_FIFO/mem_reg[538][0]

  Ref  DFF        ref:/WORK/zigbee/DQPSK_CSK/Imag_Sync_FIFO/mem_reg[538][1]
  Impl DFF        imp:/WORK/zigbee/DQPSK_CSK/Imag_Sync_FIFO/mem_reg[538][1]

  Ref  DFF        ref:/WORK/zigbee/DQPSK_CSK/Imag_Sync_FIFO/mem_reg[539][0]
  Impl DFF        imp:/WORK/zigbee/DQPSK_CSK/Imag_Sync_FIFO/mem_reg[539][0]

  Ref  DFF        ref:/WORK/zigbee/DQPSK_CSK/Imag_Sync_FIFO/mem_reg[539][1]
  Impl DFF        imp:/WORK/zigbee/DQPSK_CSK/Imag_Sync_FIFO/mem_reg[539][1]

  Ref  DFF        ref:/WORK/zigbee/DQPSK_CSK/Imag_Sync_FIFO/mem_reg[53][0]
  Impl DFF        imp:/WORK/zigbee/DQPSK_CSK/Imag_Sync_FIFO/mem_reg[53][0]

  Ref  DFF        ref:/WORK/zigbee/DQPSK_CSK/Imag_Sync_FIFO/mem_reg[53][1]
  Impl DFF        imp:/WORK/zigbee/DQPSK_CSK/Imag_Sync_FIFO/mem_reg[53][1]

  Ref  DFF        ref:/WORK/zigbee/DQPSK_CSK/Imag_Sync_FIFO/mem_reg[540][0]
  Impl DFF        imp:/WORK/zigbee/DQPSK_CSK/Imag_Sync_FIFO/mem_reg[540][0]

  Ref  DFF        ref:/WORK/zigbee/DQPSK_CSK/Imag_Sync_FIFO/mem_reg[540][1]
  Impl DFF        imp:/WORK/zigbee/DQPSK_CSK/Imag_Sync_FIFO/mem_reg[540][1]

  Ref  DFF        ref:/WORK/zigbee/DQPSK_CSK/Imag_Sync_FIFO/mem_reg[541][0]
  Impl DFF        imp:/WORK/zigbee/DQPSK_CSK/Imag_Sync_FIFO/mem_reg[541][0]

  Ref  DFF        ref:/WORK/zigbee/DQPSK_CSK/Imag_Sync_FIFO/mem_reg[541][1]
  Impl DFF        imp:/WORK/zigbee/DQPSK_CSK/Imag_Sync_FIFO/mem_reg[541][1]

  Ref  DFF        ref:/WORK/zigbee/DQPSK_CSK/Imag_Sync_FIFO/mem_reg[542][0]
  Impl DFF        imp:/WORK/zigbee/DQPSK_CSK/Imag_Sync_FIFO/mem_reg[542][0]

  Ref  DFF        ref:/WORK/zigbee/DQPSK_CSK/Imag_Sync_FIFO/mem_reg[542][1]
  Impl DFF        imp:/WORK/zigbee/DQPSK_CSK/Imag_Sync_FIFO/mem_reg[542][1]

  Ref  DFF        ref:/WORK/zigbee/DQPSK_CSK/Imag_Sync_FIFO/mem_reg[543][0]
  Impl DFF        imp:/WORK/zigbee/DQPSK_CSK/Imag_Sync_FIFO/mem_reg[543][0]

  Ref  DFF        ref:/WORK/zigbee/DQPSK_CSK/Imag_Sync_FIFO/mem_reg[543][1]
  Impl DFF        imp:/WORK/zigbee/DQPSK_CSK/Imag_Sync_FIFO/mem_reg[543][1]

  Ref  DFF        ref:/WORK/zigbee/DQPSK_CSK/Imag_Sync_FIFO/mem_reg[544][0]
  Impl DFF        imp:/WORK/zigbee/DQPSK_CSK/Imag_Sync_FIFO/mem_reg[544][0]

  Ref  DFF        ref:/WORK/zigbee/DQPSK_CSK/Imag_Sync_FIFO/mem_reg[544][1]
  Impl DFF        imp:/WORK/zigbee/DQPSK_CSK/Imag_Sync_FIFO/mem_reg[544][1]

  Ref  DFF        ref:/WORK/zigbee/DQPSK_CSK/Imag_Sync_FIFO/mem_reg[545][0]
  Impl DFF        imp:/WORK/zigbee/DQPSK_CSK/Imag_Sync_FIFO/mem_reg[545][0]

  Ref  DFF        ref:/WORK/zigbee/DQPSK_CSK/Imag_Sync_FIFO/mem_reg[545][1]
  Impl DFF        imp:/WORK/zigbee/DQPSK_CSK/Imag_Sync_FIFO/mem_reg[545][1]

  Ref  DFF        ref:/WORK/zigbee/DQPSK_CSK/Imag_Sync_FIFO/mem_reg[546][0]
  Impl DFF        imp:/WORK/zigbee/DQPSK_CSK/Imag_Sync_FIFO/mem_reg[546][0]

  Ref  DFF        ref:/WORK/zigbee/DQPSK_CSK/Imag_Sync_FIFO/mem_reg[546][1]
  Impl DFF        imp:/WORK/zigbee/DQPSK_CSK/Imag_Sync_FIFO/mem_reg[546][1]

  Ref  DFF        ref:/WORK/zigbee/DQPSK_CSK/Imag_Sync_FIFO/mem_reg[547][0]
  Impl DFF        imp:/WORK/zigbee/DQPSK_CSK/Imag_Sync_FIFO/mem_reg[547][0]

  Ref  DFF        ref:/WORK/zigbee/DQPSK_CSK/Imag_Sync_FIFO/mem_reg[547][1]
  Impl DFF        imp:/WORK/zigbee/DQPSK_CSK/Imag_Sync_FIFO/mem_reg[547][1]

  Ref  DFF        ref:/WORK/zigbee/DQPSK_CSK/Imag_Sync_FIFO/mem_reg[548][0]
  Impl DFF        imp:/WORK/zigbee/DQPSK_CSK/Imag_Sync_FIFO/mem_reg[548][0]

  Ref  DFF        ref:/WORK/zigbee/DQPSK_CSK/Imag_Sync_FIFO/mem_reg[548][1]
  Impl DFF        imp:/WORK/zigbee/DQPSK_CSK/Imag_Sync_FIFO/mem_reg[548][1]

  Ref  DFF        ref:/WORK/zigbee/DQPSK_CSK/Imag_Sync_FIFO/mem_reg[549][0]
  Impl DFF        imp:/WORK/zigbee/DQPSK_CSK/Imag_Sync_FIFO/mem_reg[549][0]

  Ref  DFF        ref:/WORK/zigbee/DQPSK_CSK/Imag_Sync_FIFO/mem_reg[549][1]
  Impl DFF        imp:/WORK/zigbee/DQPSK_CSK/Imag_Sync_FIFO/mem_reg[549][1]

  Ref  DFF        ref:/WORK/zigbee/DQPSK_CSK/Imag_Sync_FIFO/mem_reg[54][0]
  Impl DFF        imp:/WORK/zigbee/DQPSK_CSK/Imag_Sync_FIFO/mem_reg[54][0]

  Ref  DFF        ref:/WORK/zigbee/DQPSK_CSK/Imag_Sync_FIFO/mem_reg[54][1]
  Impl DFF        imp:/WORK/zigbee/DQPSK_CSK/Imag_Sync_FIFO/mem_reg[54][1]

  Ref  DFF        ref:/WORK/zigbee/DQPSK_CSK/Imag_Sync_FIFO/mem_reg[550][0]
  Impl DFF        imp:/WORK/zigbee/DQPSK_CSK/Imag_Sync_FIFO/mem_reg[550][0]

  Ref  DFF        ref:/WORK/zigbee/DQPSK_CSK/Imag_Sync_FIFO/mem_reg[550][1]
  Impl DFF        imp:/WORK/zigbee/DQPSK_CSK/Imag_Sync_FIFO/mem_reg[550][1]

  Ref  DFF        ref:/WORK/zigbee/DQPSK_CSK/Imag_Sync_FIFO/mem_reg[551][0]
  Impl DFF        imp:/WORK/zigbee/DQPSK_CSK/Imag_Sync_FIFO/mem_reg[551][0]

  Ref  DFF        ref:/WORK/zigbee/DQPSK_CSK/Imag_Sync_FIFO/mem_reg[551][1]
  Impl DFF        imp:/WORK/zigbee/DQPSK_CSK/Imag_Sync_FIFO/mem_reg[551][1]

  Ref  DFF        ref:/WORK/zigbee/DQPSK_CSK/Imag_Sync_FIFO/mem_reg[552][0]
  Impl DFF        imp:/WORK/zigbee/DQPSK_CSK/Imag_Sync_FIFO/mem_reg[552][0]

  Ref  DFF        ref:/WORK/zigbee/DQPSK_CSK/Imag_Sync_FIFO/mem_reg[552][1]
  Impl DFF        imp:/WORK/zigbee/DQPSK_CSK/Imag_Sync_FIFO/mem_reg[552][1]

  Ref  DFF        ref:/WORK/zigbee/DQPSK_CSK/Imag_Sync_FIFO/mem_reg[553][0]
  Impl DFF        imp:/WORK/zigbee/DQPSK_CSK/Imag_Sync_FIFO/mem_reg[553][0]

  Ref  DFF        ref:/WORK/zigbee/DQPSK_CSK/Imag_Sync_FIFO/mem_reg[553][1]
  Impl DFF        imp:/WORK/zigbee/DQPSK_CSK/Imag_Sync_FIFO/mem_reg[553][1]

  Ref  DFF        ref:/WORK/zigbee/DQPSK_CSK/Imag_Sync_FIFO/mem_reg[554][0]
  Impl DFF        imp:/WORK/zigbee/DQPSK_CSK/Imag_Sync_FIFO/mem_reg[554][0]

  Ref  DFF        ref:/WORK/zigbee/DQPSK_CSK/Imag_Sync_FIFO/mem_reg[554][1]
  Impl DFF        imp:/WORK/zigbee/DQPSK_CSK/Imag_Sync_FIFO/mem_reg[554][1]

  Ref  DFF        ref:/WORK/zigbee/DQPSK_CSK/Imag_Sync_FIFO/mem_reg[555][0]
  Impl DFF        imp:/WORK/zigbee/DQPSK_CSK/Imag_Sync_FIFO/mem_reg[555][0]

  Ref  DFF        ref:/WORK/zigbee/DQPSK_CSK/Imag_Sync_FIFO/mem_reg[555][1]
  Impl DFF        imp:/WORK/zigbee/DQPSK_CSK/Imag_Sync_FIFO/mem_reg[555][1]

  Ref  DFF        ref:/WORK/zigbee/DQPSK_CSK/Imag_Sync_FIFO/mem_reg[556][0]
  Impl DFF        imp:/WORK/zigbee/DQPSK_CSK/Imag_Sync_FIFO/mem_reg[556][0]

  Ref  DFF        ref:/WORK/zigbee/DQPSK_CSK/Imag_Sync_FIFO/mem_reg[556][1]
  Impl DFF        imp:/WORK/zigbee/DQPSK_CSK/Imag_Sync_FIFO/mem_reg[556][1]

  Ref  DFF        ref:/WORK/zigbee/DQPSK_CSK/Imag_Sync_FIFO/mem_reg[557][0]
  Impl DFF        imp:/WORK/zigbee/DQPSK_CSK/Imag_Sync_FIFO/mem_reg[557][0]

  Ref  DFF        ref:/WORK/zigbee/DQPSK_CSK/Imag_Sync_FIFO/mem_reg[557][1]
  Impl DFF        imp:/WORK/zigbee/DQPSK_CSK/Imag_Sync_FIFO/mem_reg[557][1]

  Ref  DFF        ref:/WORK/zigbee/DQPSK_CSK/Imag_Sync_FIFO/mem_reg[558][0]
  Impl DFF        imp:/WORK/zigbee/DQPSK_CSK/Imag_Sync_FIFO/mem_reg[558][0]

  Ref  DFF        ref:/WORK/zigbee/DQPSK_CSK/Imag_Sync_FIFO/mem_reg[558][1]
  Impl DFF        imp:/WORK/zigbee/DQPSK_CSK/Imag_Sync_FIFO/mem_reg[558][1]

  Ref  DFF        ref:/WORK/zigbee/DQPSK_CSK/Imag_Sync_FIFO/mem_reg[559][0]
  Impl DFF        imp:/WORK/zigbee/DQPSK_CSK/Imag_Sync_FIFO/mem_reg[559][0]

  Ref  DFF        ref:/WORK/zigbee/DQPSK_CSK/Imag_Sync_FIFO/mem_reg[559][1]
  Impl DFF        imp:/WORK/zigbee/DQPSK_CSK/Imag_Sync_FIFO/mem_reg[559][1]

  Ref  DFF        ref:/WORK/zigbee/DQPSK_CSK/Imag_Sync_FIFO/mem_reg[55][0]
  Impl DFF        imp:/WORK/zigbee/DQPSK_CSK/Imag_Sync_FIFO/mem_reg[55][0]

  Ref  DFF        ref:/WORK/zigbee/DQPSK_CSK/Imag_Sync_FIFO/mem_reg[55][1]
  Impl DFF        imp:/WORK/zigbee/DQPSK_CSK/Imag_Sync_FIFO/mem_reg[55][1]

  Ref  DFF        ref:/WORK/zigbee/DQPSK_CSK/Imag_Sync_FIFO/mem_reg[560][0]
  Impl DFF        imp:/WORK/zigbee/DQPSK_CSK/Imag_Sync_FIFO/mem_reg[560][0]

  Ref  DFF        ref:/WORK/zigbee/DQPSK_CSK/Imag_Sync_FIFO/mem_reg[560][1]
  Impl DFF        imp:/WORK/zigbee/DQPSK_CSK/Imag_Sync_FIFO/mem_reg[560][1]

  Ref  DFF        ref:/WORK/zigbee/DQPSK_CSK/Imag_Sync_FIFO/mem_reg[561][0]
  Impl DFF        imp:/WORK/zigbee/DQPSK_CSK/Imag_Sync_FIFO/mem_reg[561][0]

  Ref  DFF        ref:/WORK/zigbee/DQPSK_CSK/Imag_Sync_FIFO/mem_reg[561][1]
  Impl DFF        imp:/WORK/zigbee/DQPSK_CSK/Imag_Sync_FIFO/mem_reg[561][1]

  Ref  DFF        ref:/WORK/zigbee/DQPSK_CSK/Imag_Sync_FIFO/mem_reg[562][0]
  Impl DFF        imp:/WORK/zigbee/DQPSK_CSK/Imag_Sync_FIFO/mem_reg[562][0]

  Ref  DFF        ref:/WORK/zigbee/DQPSK_CSK/Imag_Sync_FIFO/mem_reg[562][1]
  Impl DFF        imp:/WORK/zigbee/DQPSK_CSK/Imag_Sync_FIFO/mem_reg[562][1]

  Ref  DFF        ref:/WORK/zigbee/DQPSK_CSK/Imag_Sync_FIFO/mem_reg[563][0]
  Impl DFF        imp:/WORK/zigbee/DQPSK_CSK/Imag_Sync_FIFO/mem_reg[563][0]

  Ref  DFF        ref:/WORK/zigbee/DQPSK_CSK/Imag_Sync_FIFO/mem_reg[563][1]
  Impl DFF        imp:/WORK/zigbee/DQPSK_CSK/Imag_Sync_FIFO/mem_reg[563][1]

  Ref  DFF        ref:/WORK/zigbee/DQPSK_CSK/Imag_Sync_FIFO/mem_reg[564][0]
  Impl DFF        imp:/WORK/zigbee/DQPSK_CSK/Imag_Sync_FIFO/mem_reg[564][0]

  Ref  DFF        ref:/WORK/zigbee/DQPSK_CSK/Imag_Sync_FIFO/mem_reg[564][1]
  Impl DFF        imp:/WORK/zigbee/DQPSK_CSK/Imag_Sync_FIFO/mem_reg[564][1]

  Ref  DFF        ref:/WORK/zigbee/DQPSK_CSK/Imag_Sync_FIFO/mem_reg[565][0]
  Impl DFF        imp:/WORK/zigbee/DQPSK_CSK/Imag_Sync_FIFO/mem_reg[565][0]

  Ref  DFF        ref:/WORK/zigbee/DQPSK_CSK/Imag_Sync_FIFO/mem_reg[565][1]
  Impl DFF        imp:/WORK/zigbee/DQPSK_CSK/Imag_Sync_FIFO/mem_reg[565][1]

  Ref  DFF        ref:/WORK/zigbee/DQPSK_CSK/Imag_Sync_FIFO/mem_reg[566][0]
  Impl DFF        imp:/WORK/zigbee/DQPSK_CSK/Imag_Sync_FIFO/mem_reg[566][0]

  Ref  DFF        ref:/WORK/zigbee/DQPSK_CSK/Imag_Sync_FIFO/mem_reg[566][1]
  Impl DFF        imp:/WORK/zigbee/DQPSK_CSK/Imag_Sync_FIFO/mem_reg[566][1]

  Ref  DFF        ref:/WORK/zigbee/DQPSK_CSK/Imag_Sync_FIFO/mem_reg[567][0]
  Impl DFF        imp:/WORK/zigbee/DQPSK_CSK/Imag_Sync_FIFO/mem_reg[567][0]

  Ref  DFF        ref:/WORK/zigbee/DQPSK_CSK/Imag_Sync_FIFO/mem_reg[567][1]
  Impl DFF        imp:/WORK/zigbee/DQPSK_CSK/Imag_Sync_FIFO/mem_reg[567][1]

  Ref  DFF        ref:/WORK/zigbee/DQPSK_CSK/Imag_Sync_FIFO/mem_reg[568][0]
  Impl DFF        imp:/WORK/zigbee/DQPSK_CSK/Imag_Sync_FIFO/mem_reg[568][0]

  Ref  DFF        ref:/WORK/zigbee/DQPSK_CSK/Imag_Sync_FIFO/mem_reg[568][1]
  Impl DFF        imp:/WORK/zigbee/DQPSK_CSK/Imag_Sync_FIFO/mem_reg[568][1]

  Ref  DFF        ref:/WORK/zigbee/DQPSK_CSK/Imag_Sync_FIFO/mem_reg[569][0]
  Impl DFF        imp:/WORK/zigbee/DQPSK_CSK/Imag_Sync_FIFO/mem_reg[569][0]

  Ref  DFF        ref:/WORK/zigbee/DQPSK_CSK/Imag_Sync_FIFO/mem_reg[569][1]
  Impl DFF        imp:/WORK/zigbee/DQPSK_CSK/Imag_Sync_FIFO/mem_reg[569][1]

  Ref  DFF        ref:/WORK/zigbee/DQPSK_CSK/Imag_Sync_FIFO/mem_reg[56][0]
  Impl DFF        imp:/WORK/zigbee/DQPSK_CSK/Imag_Sync_FIFO/mem_reg[56][0]

  Ref  DFF        ref:/WORK/zigbee/DQPSK_CSK/Imag_Sync_FIFO/mem_reg[56][1]
  Impl DFF        imp:/WORK/zigbee/DQPSK_CSK/Imag_Sync_FIFO/mem_reg[56][1]

  Ref  DFF        ref:/WORK/zigbee/DQPSK_CSK/Imag_Sync_FIFO/mem_reg[570][0]
  Impl DFF        imp:/WORK/zigbee/DQPSK_CSK/Imag_Sync_FIFO/mem_reg[570][0]

  Ref  DFF        ref:/WORK/zigbee/DQPSK_CSK/Imag_Sync_FIFO/mem_reg[570][1]
  Impl DFF        imp:/WORK/zigbee/DQPSK_CSK/Imag_Sync_FIFO/mem_reg[570][1]

  Ref  DFF        ref:/WORK/zigbee/DQPSK_CSK/Imag_Sync_FIFO/mem_reg[571][0]
  Impl DFF        imp:/WORK/zigbee/DQPSK_CSK/Imag_Sync_FIFO/mem_reg[571][0]

  Ref  DFF        ref:/WORK/zigbee/DQPSK_CSK/Imag_Sync_FIFO/mem_reg[571][1]
  Impl DFF        imp:/WORK/zigbee/DQPSK_CSK/Imag_Sync_FIFO/mem_reg[571][1]

  Ref  DFF        ref:/WORK/zigbee/DQPSK_CSK/Imag_Sync_FIFO/mem_reg[572][0]
  Impl DFF        imp:/WORK/zigbee/DQPSK_CSK/Imag_Sync_FIFO/mem_reg[572][0]

  Ref  DFF        ref:/WORK/zigbee/DQPSK_CSK/Imag_Sync_FIFO/mem_reg[572][1]
  Impl DFF        imp:/WORK/zigbee/DQPSK_CSK/Imag_Sync_FIFO/mem_reg[572][1]

  Ref  DFF        ref:/WORK/zigbee/DQPSK_CSK/Imag_Sync_FIFO/mem_reg[573][0]
  Impl DFF        imp:/WORK/zigbee/DQPSK_CSK/Imag_Sync_FIFO/mem_reg[573][0]

  Ref  DFF        ref:/WORK/zigbee/DQPSK_CSK/Imag_Sync_FIFO/mem_reg[573][1]
  Impl DFF        imp:/WORK/zigbee/DQPSK_CSK/Imag_Sync_FIFO/mem_reg[573][1]

  Ref  DFF        ref:/WORK/zigbee/DQPSK_CSK/Imag_Sync_FIFO/mem_reg[574][0]
  Impl DFF        imp:/WORK/zigbee/DQPSK_CSK/Imag_Sync_FIFO/mem_reg[574][0]

  Ref  DFF        ref:/WORK/zigbee/DQPSK_CSK/Imag_Sync_FIFO/mem_reg[574][1]
  Impl DFF        imp:/WORK/zigbee/DQPSK_CSK/Imag_Sync_FIFO/mem_reg[574][1]

  Ref  DFF        ref:/WORK/zigbee/DQPSK_CSK/Imag_Sync_FIFO/mem_reg[575][0]
  Impl DFF        imp:/WORK/zigbee/DQPSK_CSK/Imag_Sync_FIFO/mem_reg[575][0]

  Ref  DFF        ref:/WORK/zigbee/DQPSK_CSK/Imag_Sync_FIFO/mem_reg[575][1]
  Impl DFF        imp:/WORK/zigbee/DQPSK_CSK/Imag_Sync_FIFO/mem_reg[575][1]

  Ref  DFF        ref:/WORK/zigbee/DQPSK_CSK/Imag_Sync_FIFO/mem_reg[576][0]
  Impl DFF        imp:/WORK/zigbee/DQPSK_CSK/Imag_Sync_FIFO/mem_reg[576][0]

  Ref  DFF        ref:/WORK/zigbee/DQPSK_CSK/Imag_Sync_FIFO/mem_reg[576][1]
  Impl DFF        imp:/WORK/zigbee/DQPSK_CSK/Imag_Sync_FIFO/mem_reg[576][1]

  Ref  DFF        ref:/WORK/zigbee/DQPSK_CSK/Imag_Sync_FIFO/mem_reg[577][0]
  Impl DFF        imp:/WORK/zigbee/DQPSK_CSK/Imag_Sync_FIFO/mem_reg[577][0]

  Ref  DFF        ref:/WORK/zigbee/DQPSK_CSK/Imag_Sync_FIFO/mem_reg[577][1]
  Impl DFF        imp:/WORK/zigbee/DQPSK_CSK/Imag_Sync_FIFO/mem_reg[577][1]

  Ref  DFF        ref:/WORK/zigbee/DQPSK_CSK/Imag_Sync_FIFO/mem_reg[578][0]
  Impl DFF        imp:/WORK/zigbee/DQPSK_CSK/Imag_Sync_FIFO/mem_reg[578][0]

  Ref  DFF        ref:/WORK/zigbee/DQPSK_CSK/Imag_Sync_FIFO/mem_reg[578][1]
  Impl DFF        imp:/WORK/zigbee/DQPSK_CSK/Imag_Sync_FIFO/mem_reg[578][1]

  Ref  DFF        ref:/WORK/zigbee/DQPSK_CSK/Imag_Sync_FIFO/mem_reg[579][0]
  Impl DFF        imp:/WORK/zigbee/DQPSK_CSK/Imag_Sync_FIFO/mem_reg[579][0]

  Ref  DFF        ref:/WORK/zigbee/DQPSK_CSK/Imag_Sync_FIFO/mem_reg[579][1]
  Impl DFF        imp:/WORK/zigbee/DQPSK_CSK/Imag_Sync_FIFO/mem_reg[579][1]

  Ref  DFF        ref:/WORK/zigbee/DQPSK_CSK/Imag_Sync_FIFO/mem_reg[57][0]
  Impl DFF        imp:/WORK/zigbee/DQPSK_CSK/Imag_Sync_FIFO/mem_reg[57][0]

  Ref  DFF        ref:/WORK/zigbee/DQPSK_CSK/Imag_Sync_FIFO/mem_reg[57][1]
  Impl DFF        imp:/WORK/zigbee/DQPSK_CSK/Imag_Sync_FIFO/mem_reg[57][1]

  Ref  DFF        ref:/WORK/zigbee/DQPSK_CSK/Imag_Sync_FIFO/mem_reg[580][0]
  Impl DFF        imp:/WORK/zigbee/DQPSK_CSK/Imag_Sync_FIFO/mem_reg[580][0]

  Ref  DFF        ref:/WORK/zigbee/DQPSK_CSK/Imag_Sync_FIFO/mem_reg[580][1]
  Impl DFF        imp:/WORK/zigbee/DQPSK_CSK/Imag_Sync_FIFO/mem_reg[580][1]

  Ref  DFF        ref:/WORK/zigbee/DQPSK_CSK/Imag_Sync_FIFO/mem_reg[581][0]
  Impl DFF        imp:/WORK/zigbee/DQPSK_CSK/Imag_Sync_FIFO/mem_reg[581][0]

  Ref  DFF        ref:/WORK/zigbee/DQPSK_CSK/Imag_Sync_FIFO/mem_reg[581][1]
  Impl DFF        imp:/WORK/zigbee/DQPSK_CSK/Imag_Sync_FIFO/mem_reg[581][1]

  Ref  DFF        ref:/WORK/zigbee/DQPSK_CSK/Imag_Sync_FIFO/mem_reg[582][0]
  Impl DFF        imp:/WORK/zigbee/DQPSK_CSK/Imag_Sync_FIFO/mem_reg[582][0]

  Ref  DFF        ref:/WORK/zigbee/DQPSK_CSK/Imag_Sync_FIFO/mem_reg[582][1]
  Impl DFF        imp:/WORK/zigbee/DQPSK_CSK/Imag_Sync_FIFO/mem_reg[582][1]

  Ref  DFF        ref:/WORK/zigbee/DQPSK_CSK/Imag_Sync_FIFO/mem_reg[583][0]
  Impl DFF        imp:/WORK/zigbee/DQPSK_CSK/Imag_Sync_FIFO/mem_reg[583][0]

  Ref  DFF        ref:/WORK/zigbee/DQPSK_CSK/Imag_Sync_FIFO/mem_reg[583][1]
  Impl DFF        imp:/WORK/zigbee/DQPSK_CSK/Imag_Sync_FIFO/mem_reg[583][1]

  Ref  DFF        ref:/WORK/zigbee/DQPSK_CSK/Imag_Sync_FIFO/mem_reg[584][0]
  Impl DFF        imp:/WORK/zigbee/DQPSK_CSK/Imag_Sync_FIFO/mem_reg[584][0]

  Ref  DFF        ref:/WORK/zigbee/DQPSK_CSK/Imag_Sync_FIFO/mem_reg[584][1]
  Impl DFF        imp:/WORK/zigbee/DQPSK_CSK/Imag_Sync_FIFO/mem_reg[584][1]

  Ref  DFF        ref:/WORK/zigbee/DQPSK_CSK/Imag_Sync_FIFO/mem_reg[585][0]
  Impl DFF        imp:/WORK/zigbee/DQPSK_CSK/Imag_Sync_FIFO/mem_reg[585][0]

  Ref  DFF        ref:/WORK/zigbee/DQPSK_CSK/Imag_Sync_FIFO/mem_reg[585][1]
  Impl DFF        imp:/WORK/zigbee/DQPSK_CSK/Imag_Sync_FIFO/mem_reg[585][1]

  Ref  DFF        ref:/WORK/zigbee/DQPSK_CSK/Imag_Sync_FIFO/mem_reg[586][0]
  Impl DFF        imp:/WORK/zigbee/DQPSK_CSK/Imag_Sync_FIFO/mem_reg[586][0]

  Ref  DFF        ref:/WORK/zigbee/DQPSK_CSK/Imag_Sync_FIFO/mem_reg[586][1]
  Impl DFF        imp:/WORK/zigbee/DQPSK_CSK/Imag_Sync_FIFO/mem_reg[586][1]

  Ref  DFF        ref:/WORK/zigbee/DQPSK_CSK/Imag_Sync_FIFO/mem_reg[587][0]
  Impl DFF        imp:/WORK/zigbee/DQPSK_CSK/Imag_Sync_FIFO/mem_reg[587][0]

  Ref  DFF        ref:/WORK/zigbee/DQPSK_CSK/Imag_Sync_FIFO/mem_reg[587][1]
  Impl DFF        imp:/WORK/zigbee/DQPSK_CSK/Imag_Sync_FIFO/mem_reg[587][1]

  Ref  DFF        ref:/WORK/zigbee/DQPSK_CSK/Imag_Sync_FIFO/mem_reg[588][0]
  Impl DFF        imp:/WORK/zigbee/DQPSK_CSK/Imag_Sync_FIFO/mem_reg[588][0]

  Ref  DFF        ref:/WORK/zigbee/DQPSK_CSK/Imag_Sync_FIFO/mem_reg[588][1]
  Impl DFF        imp:/WORK/zigbee/DQPSK_CSK/Imag_Sync_FIFO/mem_reg[588][1]

  Ref  DFF        ref:/WORK/zigbee/DQPSK_CSK/Imag_Sync_FIFO/mem_reg[589][0]
  Impl DFF        imp:/WORK/zigbee/DQPSK_CSK/Imag_Sync_FIFO/mem_reg[589][0]

  Ref  DFF        ref:/WORK/zigbee/DQPSK_CSK/Imag_Sync_FIFO/mem_reg[589][1]
  Impl DFF        imp:/WORK/zigbee/DQPSK_CSK/Imag_Sync_FIFO/mem_reg[589][1]

  Ref  DFF        ref:/WORK/zigbee/DQPSK_CSK/Imag_Sync_FIFO/mem_reg[58][0]
  Impl DFF        imp:/WORK/zigbee/DQPSK_CSK/Imag_Sync_FIFO/mem_reg[58][0]

  Ref  DFF        ref:/WORK/zigbee/DQPSK_CSK/Imag_Sync_FIFO/mem_reg[58][1]
  Impl DFF        imp:/WORK/zigbee/DQPSK_CSK/Imag_Sync_FIFO/mem_reg[58][1]

  Ref  DFF        ref:/WORK/zigbee/DQPSK_CSK/Imag_Sync_FIFO/mem_reg[590][0]
  Impl DFF        imp:/WORK/zigbee/DQPSK_CSK/Imag_Sync_FIFO/mem_reg[590][0]

  Ref  DFF        ref:/WORK/zigbee/DQPSK_CSK/Imag_Sync_FIFO/mem_reg[590][1]
  Impl DFF        imp:/WORK/zigbee/DQPSK_CSK/Imag_Sync_FIFO/mem_reg[590][1]

  Ref  DFF        ref:/WORK/zigbee/DQPSK_CSK/Imag_Sync_FIFO/mem_reg[591][0]
  Impl DFF        imp:/WORK/zigbee/DQPSK_CSK/Imag_Sync_FIFO/mem_reg[591][0]

  Ref  DFF        ref:/WORK/zigbee/DQPSK_CSK/Imag_Sync_FIFO/mem_reg[591][1]
  Impl DFF        imp:/WORK/zigbee/DQPSK_CSK/Imag_Sync_FIFO/mem_reg[591][1]

  Ref  DFF        ref:/WORK/zigbee/DQPSK_CSK/Imag_Sync_FIFO/mem_reg[592][0]
  Impl DFF        imp:/WORK/zigbee/DQPSK_CSK/Imag_Sync_FIFO/mem_reg[592][0]

  Ref  DFF        ref:/WORK/zigbee/DQPSK_CSK/Imag_Sync_FIFO/mem_reg[592][1]
  Impl DFF        imp:/WORK/zigbee/DQPSK_CSK/Imag_Sync_FIFO/mem_reg[592][1]

  Ref  DFF        ref:/WORK/zigbee/DQPSK_CSK/Imag_Sync_FIFO/mem_reg[593][0]
  Impl DFF        imp:/WORK/zigbee/DQPSK_CSK/Imag_Sync_FIFO/mem_reg[593][0]

  Ref  DFF        ref:/WORK/zigbee/DQPSK_CSK/Imag_Sync_FIFO/mem_reg[593][1]
  Impl DFF        imp:/WORK/zigbee/DQPSK_CSK/Imag_Sync_FIFO/mem_reg[593][1]

  Ref  DFF        ref:/WORK/zigbee/DQPSK_CSK/Imag_Sync_FIFO/mem_reg[594][0]
  Impl DFF        imp:/WORK/zigbee/DQPSK_CSK/Imag_Sync_FIFO/mem_reg[594][0]

  Ref  DFF        ref:/WORK/zigbee/DQPSK_CSK/Imag_Sync_FIFO/mem_reg[594][1]
  Impl DFF        imp:/WORK/zigbee/DQPSK_CSK/Imag_Sync_FIFO/mem_reg[594][1]

  Ref  DFF        ref:/WORK/zigbee/DQPSK_CSK/Imag_Sync_FIFO/mem_reg[595][0]
  Impl DFF        imp:/WORK/zigbee/DQPSK_CSK/Imag_Sync_FIFO/mem_reg[595][0]

  Ref  DFF        ref:/WORK/zigbee/DQPSK_CSK/Imag_Sync_FIFO/mem_reg[595][1]
  Impl DFF        imp:/WORK/zigbee/DQPSK_CSK/Imag_Sync_FIFO/mem_reg[595][1]

  Ref  DFF        ref:/WORK/zigbee/DQPSK_CSK/Imag_Sync_FIFO/mem_reg[596][0]
  Impl DFF        imp:/WORK/zigbee/DQPSK_CSK/Imag_Sync_FIFO/mem_reg[596][0]

  Ref  DFF        ref:/WORK/zigbee/DQPSK_CSK/Imag_Sync_FIFO/mem_reg[596][1]
  Impl DFF        imp:/WORK/zigbee/DQPSK_CSK/Imag_Sync_FIFO/mem_reg[596][1]

  Ref  DFF        ref:/WORK/zigbee/DQPSK_CSK/Imag_Sync_FIFO/mem_reg[597][0]
  Impl DFF        imp:/WORK/zigbee/DQPSK_CSK/Imag_Sync_FIFO/mem_reg[597][0]

  Ref  DFF        ref:/WORK/zigbee/DQPSK_CSK/Imag_Sync_FIFO/mem_reg[597][1]
  Impl DFF        imp:/WORK/zigbee/DQPSK_CSK/Imag_Sync_FIFO/mem_reg[597][1]

  Ref  DFF        ref:/WORK/zigbee/DQPSK_CSK/Imag_Sync_FIFO/mem_reg[598][0]
  Impl DFF        imp:/WORK/zigbee/DQPSK_CSK/Imag_Sync_FIFO/mem_reg[598][0]

  Ref  DFF        ref:/WORK/zigbee/DQPSK_CSK/Imag_Sync_FIFO/mem_reg[598][1]
  Impl DFF        imp:/WORK/zigbee/DQPSK_CSK/Imag_Sync_FIFO/mem_reg[598][1]

  Ref  DFF        ref:/WORK/zigbee/DQPSK_CSK/Imag_Sync_FIFO/mem_reg[599][0]
  Impl DFF        imp:/WORK/zigbee/DQPSK_CSK/Imag_Sync_FIFO/mem_reg[599][0]

  Ref  DFF        ref:/WORK/zigbee/DQPSK_CSK/Imag_Sync_FIFO/mem_reg[599][1]
  Impl DFF        imp:/WORK/zigbee/DQPSK_CSK/Imag_Sync_FIFO/mem_reg[599][1]

  Ref  DFF        ref:/WORK/zigbee/DQPSK_CSK/Imag_Sync_FIFO/mem_reg[59][0]
  Impl DFF        imp:/WORK/zigbee/DQPSK_CSK/Imag_Sync_FIFO/mem_reg[59][0]

  Ref  DFF        ref:/WORK/zigbee/DQPSK_CSK/Imag_Sync_FIFO/mem_reg[59][1]
  Impl DFF        imp:/WORK/zigbee/DQPSK_CSK/Imag_Sync_FIFO/mem_reg[59][1]

  Ref  DFF        ref:/WORK/zigbee/DQPSK_CSK/Imag_Sync_FIFO/mem_reg[5][0]
  Impl DFF        imp:/WORK/zigbee/DQPSK_CSK/Imag_Sync_FIFO/mem_reg[5][0]

  Ref  DFF        ref:/WORK/zigbee/DQPSK_CSK/Imag_Sync_FIFO/mem_reg[5][1]
  Impl DFF        imp:/WORK/zigbee/DQPSK_CSK/Imag_Sync_FIFO/mem_reg[5][1]

  Ref  DFF        ref:/WORK/zigbee/DQPSK_CSK/Imag_Sync_FIFO/mem_reg[600][0]
  Impl DFF        imp:/WORK/zigbee/DQPSK_CSK/Imag_Sync_FIFO/mem_reg[600][0]

  Ref  DFF        ref:/WORK/zigbee/DQPSK_CSK/Imag_Sync_FIFO/mem_reg[600][1]
  Impl DFF        imp:/WORK/zigbee/DQPSK_CSK/Imag_Sync_FIFO/mem_reg[600][1]

  Ref  DFF        ref:/WORK/zigbee/DQPSK_CSK/Imag_Sync_FIFO/mem_reg[601][0]
  Impl DFF        imp:/WORK/zigbee/DQPSK_CSK/Imag_Sync_FIFO/mem_reg[601][0]

  Ref  DFF        ref:/WORK/zigbee/DQPSK_CSK/Imag_Sync_FIFO/mem_reg[601][1]
  Impl DFF        imp:/WORK/zigbee/DQPSK_CSK/Imag_Sync_FIFO/mem_reg[601][1]

  Ref  DFF        ref:/WORK/zigbee/DQPSK_CSK/Imag_Sync_FIFO/mem_reg[602][0]
  Impl DFF        imp:/WORK/zigbee/DQPSK_CSK/Imag_Sync_FIFO/mem_reg[602][0]

  Ref  DFF        ref:/WORK/zigbee/DQPSK_CSK/Imag_Sync_FIFO/mem_reg[602][1]
  Impl DFF        imp:/WORK/zigbee/DQPSK_CSK/Imag_Sync_FIFO/mem_reg[602][1]

  Ref  DFF        ref:/WORK/zigbee/DQPSK_CSK/Imag_Sync_FIFO/mem_reg[603][0]
  Impl DFF        imp:/WORK/zigbee/DQPSK_CSK/Imag_Sync_FIFO/mem_reg[603][0]

  Ref  DFF        ref:/WORK/zigbee/DQPSK_CSK/Imag_Sync_FIFO/mem_reg[603][1]
  Impl DFF        imp:/WORK/zigbee/DQPSK_CSK/Imag_Sync_FIFO/mem_reg[603][1]

  Ref  DFF        ref:/WORK/zigbee/DQPSK_CSK/Imag_Sync_FIFO/mem_reg[604][0]
  Impl DFF        imp:/WORK/zigbee/DQPSK_CSK/Imag_Sync_FIFO/mem_reg[604][0]

  Ref  DFF        ref:/WORK/zigbee/DQPSK_CSK/Imag_Sync_FIFO/mem_reg[604][1]
  Impl DFF        imp:/WORK/zigbee/DQPSK_CSK/Imag_Sync_FIFO/mem_reg[604][1]

  Ref  DFF        ref:/WORK/zigbee/DQPSK_CSK/Imag_Sync_FIFO/mem_reg[605][0]
  Impl DFF        imp:/WORK/zigbee/DQPSK_CSK/Imag_Sync_FIFO/mem_reg[605][0]

  Ref  DFF        ref:/WORK/zigbee/DQPSK_CSK/Imag_Sync_FIFO/mem_reg[605][1]
  Impl DFF        imp:/WORK/zigbee/DQPSK_CSK/Imag_Sync_FIFO/mem_reg[605][1]

  Ref  DFF        ref:/WORK/zigbee/DQPSK_CSK/Imag_Sync_FIFO/mem_reg[606][0]
  Impl DFF        imp:/WORK/zigbee/DQPSK_CSK/Imag_Sync_FIFO/mem_reg[606][0]

  Ref  DFF        ref:/WORK/zigbee/DQPSK_CSK/Imag_Sync_FIFO/mem_reg[606][1]
  Impl DFF        imp:/WORK/zigbee/DQPSK_CSK/Imag_Sync_FIFO/mem_reg[606][1]

  Ref  DFF        ref:/WORK/zigbee/DQPSK_CSK/Imag_Sync_FIFO/mem_reg[607][0]
  Impl DFF        imp:/WORK/zigbee/DQPSK_CSK/Imag_Sync_FIFO/mem_reg[607][0]

  Ref  DFF        ref:/WORK/zigbee/DQPSK_CSK/Imag_Sync_FIFO/mem_reg[607][1]
  Impl DFF        imp:/WORK/zigbee/DQPSK_CSK/Imag_Sync_FIFO/mem_reg[607][1]

  Ref  DFF        ref:/WORK/zigbee/DQPSK_CSK/Imag_Sync_FIFO/mem_reg[608][0]
  Impl DFF        imp:/WORK/zigbee/DQPSK_CSK/Imag_Sync_FIFO/mem_reg[608][0]

  Ref  DFF        ref:/WORK/zigbee/DQPSK_CSK/Imag_Sync_FIFO/mem_reg[608][1]
  Impl DFF        imp:/WORK/zigbee/DQPSK_CSK/Imag_Sync_FIFO/mem_reg[608][1]

  Ref  DFF        ref:/WORK/zigbee/DQPSK_CSK/Imag_Sync_FIFO/mem_reg[609][0]
  Impl DFF        imp:/WORK/zigbee/DQPSK_CSK/Imag_Sync_FIFO/mem_reg[609][0]

  Ref  DFF        ref:/WORK/zigbee/DQPSK_CSK/Imag_Sync_FIFO/mem_reg[609][1]
  Impl DFF        imp:/WORK/zigbee/DQPSK_CSK/Imag_Sync_FIFO/mem_reg[609][1]

  Ref  DFF        ref:/WORK/zigbee/DQPSK_CSK/Imag_Sync_FIFO/mem_reg[60][0]
  Impl DFF        imp:/WORK/zigbee/DQPSK_CSK/Imag_Sync_FIFO/mem_reg[60][0]

  Ref  DFF        ref:/WORK/zigbee/DQPSK_CSK/Imag_Sync_FIFO/mem_reg[60][1]
  Impl DFF        imp:/WORK/zigbee/DQPSK_CSK/Imag_Sync_FIFO/mem_reg[60][1]

  Ref  DFF        ref:/WORK/zigbee/DQPSK_CSK/Imag_Sync_FIFO/mem_reg[610][0]
  Impl DFF        imp:/WORK/zigbee/DQPSK_CSK/Imag_Sync_FIFO/mem_reg[610][0]

  Ref  DFF        ref:/WORK/zigbee/DQPSK_CSK/Imag_Sync_FIFO/mem_reg[610][1]
  Impl DFF        imp:/WORK/zigbee/DQPSK_CSK/Imag_Sync_FIFO/mem_reg[610][1]

  Ref  DFF        ref:/WORK/zigbee/DQPSK_CSK/Imag_Sync_FIFO/mem_reg[611][0]
  Impl DFF        imp:/WORK/zigbee/DQPSK_CSK/Imag_Sync_FIFO/mem_reg[611][0]

  Ref  DFF        ref:/WORK/zigbee/DQPSK_CSK/Imag_Sync_FIFO/mem_reg[611][1]
  Impl DFF        imp:/WORK/zigbee/DQPSK_CSK/Imag_Sync_FIFO/mem_reg[611][1]

  Ref  DFF        ref:/WORK/zigbee/DQPSK_CSK/Imag_Sync_FIFO/mem_reg[612][0]
  Impl DFF        imp:/WORK/zigbee/DQPSK_CSK/Imag_Sync_FIFO/mem_reg[612][0]

  Ref  DFF        ref:/WORK/zigbee/DQPSK_CSK/Imag_Sync_FIFO/mem_reg[612][1]
  Impl DFF        imp:/WORK/zigbee/DQPSK_CSK/Imag_Sync_FIFO/mem_reg[612][1]

  Ref  DFF        ref:/WORK/zigbee/DQPSK_CSK/Imag_Sync_FIFO/mem_reg[613][0]
  Impl DFF        imp:/WORK/zigbee/DQPSK_CSK/Imag_Sync_FIFO/mem_reg[613][0]

  Ref  DFF        ref:/WORK/zigbee/DQPSK_CSK/Imag_Sync_FIFO/mem_reg[613][1]
  Impl DFF        imp:/WORK/zigbee/DQPSK_CSK/Imag_Sync_FIFO/mem_reg[613][1]

  Ref  DFF        ref:/WORK/zigbee/DQPSK_CSK/Imag_Sync_FIFO/mem_reg[614][0]
  Impl DFF        imp:/WORK/zigbee/DQPSK_CSK/Imag_Sync_FIFO/mem_reg[614][0]

  Ref  DFF        ref:/WORK/zigbee/DQPSK_CSK/Imag_Sync_FIFO/mem_reg[614][1]
  Impl DFF        imp:/WORK/zigbee/DQPSK_CSK/Imag_Sync_FIFO/mem_reg[614][1]

  Ref  DFF        ref:/WORK/zigbee/DQPSK_CSK/Imag_Sync_FIFO/mem_reg[615][0]
  Impl DFF        imp:/WORK/zigbee/DQPSK_CSK/Imag_Sync_FIFO/mem_reg[615][0]

  Ref  DFF        ref:/WORK/zigbee/DQPSK_CSK/Imag_Sync_FIFO/mem_reg[615][1]
  Impl DFF        imp:/WORK/zigbee/DQPSK_CSK/Imag_Sync_FIFO/mem_reg[615][1]

  Ref  DFF        ref:/WORK/zigbee/DQPSK_CSK/Imag_Sync_FIFO/mem_reg[616][0]
  Impl DFF        imp:/WORK/zigbee/DQPSK_CSK/Imag_Sync_FIFO/mem_reg[616][0]

  Ref  DFF        ref:/WORK/zigbee/DQPSK_CSK/Imag_Sync_FIFO/mem_reg[616][1]
  Impl DFF        imp:/WORK/zigbee/DQPSK_CSK/Imag_Sync_FIFO/mem_reg[616][1]

  Ref  DFF        ref:/WORK/zigbee/DQPSK_CSK/Imag_Sync_FIFO/mem_reg[617][0]
  Impl DFF        imp:/WORK/zigbee/DQPSK_CSK/Imag_Sync_FIFO/mem_reg[617][0]

  Ref  DFF        ref:/WORK/zigbee/DQPSK_CSK/Imag_Sync_FIFO/mem_reg[617][1]
  Impl DFF        imp:/WORK/zigbee/DQPSK_CSK/Imag_Sync_FIFO/mem_reg[617][1]

  Ref  DFF        ref:/WORK/zigbee/DQPSK_CSK/Imag_Sync_FIFO/mem_reg[618][0]
  Impl DFF        imp:/WORK/zigbee/DQPSK_CSK/Imag_Sync_FIFO/mem_reg[618][0]

  Ref  DFF        ref:/WORK/zigbee/DQPSK_CSK/Imag_Sync_FIFO/mem_reg[618][1]
  Impl DFF        imp:/WORK/zigbee/DQPSK_CSK/Imag_Sync_FIFO/mem_reg[618][1]

  Ref  DFF        ref:/WORK/zigbee/DQPSK_CSK/Imag_Sync_FIFO/mem_reg[619][0]
  Impl DFF        imp:/WORK/zigbee/DQPSK_CSK/Imag_Sync_FIFO/mem_reg[619][0]

  Ref  DFF        ref:/WORK/zigbee/DQPSK_CSK/Imag_Sync_FIFO/mem_reg[619][1]
  Impl DFF        imp:/WORK/zigbee/DQPSK_CSK/Imag_Sync_FIFO/mem_reg[619][1]

  Ref  DFF        ref:/WORK/zigbee/DQPSK_CSK/Imag_Sync_FIFO/mem_reg[61][0]
  Impl DFF        imp:/WORK/zigbee/DQPSK_CSK/Imag_Sync_FIFO/mem_reg[61][0]

  Ref  DFF        ref:/WORK/zigbee/DQPSK_CSK/Imag_Sync_FIFO/mem_reg[61][1]
  Impl DFF        imp:/WORK/zigbee/DQPSK_CSK/Imag_Sync_FIFO/mem_reg[61][1]

  Ref  DFF        ref:/WORK/zigbee/DQPSK_CSK/Imag_Sync_FIFO/mem_reg[620][0]
  Impl DFF        imp:/WORK/zigbee/DQPSK_CSK/Imag_Sync_FIFO/mem_reg[620][0]

  Ref  DFF        ref:/WORK/zigbee/DQPSK_CSK/Imag_Sync_FIFO/mem_reg[620][1]
  Impl DFF        imp:/WORK/zigbee/DQPSK_CSK/Imag_Sync_FIFO/mem_reg[620][1]

  Ref  DFF        ref:/WORK/zigbee/DQPSK_CSK/Imag_Sync_FIFO/mem_reg[621][0]
  Impl DFF        imp:/WORK/zigbee/DQPSK_CSK/Imag_Sync_FIFO/mem_reg[621][0]

  Ref  DFF        ref:/WORK/zigbee/DQPSK_CSK/Imag_Sync_FIFO/mem_reg[621][1]
  Impl DFF        imp:/WORK/zigbee/DQPSK_CSK/Imag_Sync_FIFO/mem_reg[621][1]

  Ref  DFF        ref:/WORK/zigbee/DQPSK_CSK/Imag_Sync_FIFO/mem_reg[622][0]
  Impl DFF        imp:/WORK/zigbee/DQPSK_CSK/Imag_Sync_FIFO/mem_reg[622][0]

  Ref  DFF        ref:/WORK/zigbee/DQPSK_CSK/Imag_Sync_FIFO/mem_reg[622][1]
  Impl DFF        imp:/WORK/zigbee/DQPSK_CSK/Imag_Sync_FIFO/mem_reg[622][1]

  Ref  DFF        ref:/WORK/zigbee/DQPSK_CSK/Imag_Sync_FIFO/mem_reg[623][0]
  Impl DFF        imp:/WORK/zigbee/DQPSK_CSK/Imag_Sync_FIFO/mem_reg[623][0]

  Ref  DFF        ref:/WORK/zigbee/DQPSK_CSK/Imag_Sync_FIFO/mem_reg[623][1]
  Impl DFF        imp:/WORK/zigbee/DQPSK_CSK/Imag_Sync_FIFO/mem_reg[623][1]

  Ref  DFF        ref:/WORK/zigbee/DQPSK_CSK/Imag_Sync_FIFO/mem_reg[624][0]
  Impl DFF        imp:/WORK/zigbee/DQPSK_CSK/Imag_Sync_FIFO/mem_reg[624][0]

  Ref  DFF        ref:/WORK/zigbee/DQPSK_CSK/Imag_Sync_FIFO/mem_reg[624][1]
  Impl DFF        imp:/WORK/zigbee/DQPSK_CSK/Imag_Sync_FIFO/mem_reg[624][1]

  Ref  DFF        ref:/WORK/zigbee/DQPSK_CSK/Imag_Sync_FIFO/mem_reg[625][0]
  Impl DFF        imp:/WORK/zigbee/DQPSK_CSK/Imag_Sync_FIFO/mem_reg[625][0]

  Ref  DFF        ref:/WORK/zigbee/DQPSK_CSK/Imag_Sync_FIFO/mem_reg[625][1]
  Impl DFF        imp:/WORK/zigbee/DQPSK_CSK/Imag_Sync_FIFO/mem_reg[625][1]

  Ref  DFF        ref:/WORK/zigbee/DQPSK_CSK/Imag_Sync_FIFO/mem_reg[626][0]
  Impl DFF        imp:/WORK/zigbee/DQPSK_CSK/Imag_Sync_FIFO/mem_reg[626][0]

  Ref  DFF        ref:/WORK/zigbee/DQPSK_CSK/Imag_Sync_FIFO/mem_reg[626][1]
  Impl DFF        imp:/WORK/zigbee/DQPSK_CSK/Imag_Sync_FIFO/mem_reg[626][1]

  Ref  DFF        ref:/WORK/zigbee/DQPSK_CSK/Imag_Sync_FIFO/mem_reg[627][0]
  Impl DFF        imp:/WORK/zigbee/DQPSK_CSK/Imag_Sync_FIFO/mem_reg[627][0]

  Ref  DFF        ref:/WORK/zigbee/DQPSK_CSK/Imag_Sync_FIFO/mem_reg[627][1]
  Impl DFF        imp:/WORK/zigbee/DQPSK_CSK/Imag_Sync_FIFO/mem_reg[627][1]

  Ref  DFF        ref:/WORK/zigbee/DQPSK_CSK/Imag_Sync_FIFO/mem_reg[628][0]
  Impl DFF        imp:/WORK/zigbee/DQPSK_CSK/Imag_Sync_FIFO/mem_reg[628][0]

  Ref  DFF        ref:/WORK/zigbee/DQPSK_CSK/Imag_Sync_FIFO/mem_reg[628][1]
  Impl DFF        imp:/WORK/zigbee/DQPSK_CSK/Imag_Sync_FIFO/mem_reg[628][1]

  Ref  DFF        ref:/WORK/zigbee/DQPSK_CSK/Imag_Sync_FIFO/mem_reg[629][0]
  Impl DFF        imp:/WORK/zigbee/DQPSK_CSK/Imag_Sync_FIFO/mem_reg[629][0]

  Ref  DFF        ref:/WORK/zigbee/DQPSK_CSK/Imag_Sync_FIFO/mem_reg[629][1]
  Impl DFF        imp:/WORK/zigbee/DQPSK_CSK/Imag_Sync_FIFO/mem_reg[629][1]

  Ref  DFF        ref:/WORK/zigbee/DQPSK_CSK/Imag_Sync_FIFO/mem_reg[62][0]
  Impl DFF        imp:/WORK/zigbee/DQPSK_CSK/Imag_Sync_FIFO/mem_reg[62][0]

  Ref  DFF        ref:/WORK/zigbee/DQPSK_CSK/Imag_Sync_FIFO/mem_reg[62][1]
  Impl DFF        imp:/WORK/zigbee/DQPSK_CSK/Imag_Sync_FIFO/mem_reg[62][1]

  Ref  DFF        ref:/WORK/zigbee/DQPSK_CSK/Imag_Sync_FIFO/mem_reg[630][0]
  Impl DFF        imp:/WORK/zigbee/DQPSK_CSK/Imag_Sync_FIFO/mem_reg[630][0]

  Ref  DFF        ref:/WORK/zigbee/DQPSK_CSK/Imag_Sync_FIFO/mem_reg[630][1]
  Impl DFF        imp:/WORK/zigbee/DQPSK_CSK/Imag_Sync_FIFO/mem_reg[630][1]

  Ref  DFF        ref:/WORK/zigbee/DQPSK_CSK/Imag_Sync_FIFO/mem_reg[631][0]
  Impl DFF        imp:/WORK/zigbee/DQPSK_CSK/Imag_Sync_FIFO/mem_reg[631][0]

  Ref  DFF        ref:/WORK/zigbee/DQPSK_CSK/Imag_Sync_FIFO/mem_reg[631][1]
  Impl DFF        imp:/WORK/zigbee/DQPSK_CSK/Imag_Sync_FIFO/mem_reg[631][1]

  Ref  DFF        ref:/WORK/zigbee/DQPSK_CSK/Imag_Sync_FIFO/mem_reg[632][0]
  Impl DFF        imp:/WORK/zigbee/DQPSK_CSK/Imag_Sync_FIFO/mem_reg[632][0]

  Ref  DFF        ref:/WORK/zigbee/DQPSK_CSK/Imag_Sync_FIFO/mem_reg[632][1]
  Impl DFF        imp:/WORK/zigbee/DQPSK_CSK/Imag_Sync_FIFO/mem_reg[632][1]

  Ref  DFF        ref:/WORK/zigbee/DQPSK_CSK/Imag_Sync_FIFO/mem_reg[633][0]
  Impl DFF        imp:/WORK/zigbee/DQPSK_CSK/Imag_Sync_FIFO/mem_reg[633][0]

  Ref  DFF        ref:/WORK/zigbee/DQPSK_CSK/Imag_Sync_FIFO/mem_reg[633][1]
  Impl DFF        imp:/WORK/zigbee/DQPSK_CSK/Imag_Sync_FIFO/mem_reg[633][1]

  Ref  DFF        ref:/WORK/zigbee/DQPSK_CSK/Imag_Sync_FIFO/mem_reg[634][0]
  Impl DFF        imp:/WORK/zigbee/DQPSK_CSK/Imag_Sync_FIFO/mem_reg[634][0]

  Ref  DFF        ref:/WORK/zigbee/DQPSK_CSK/Imag_Sync_FIFO/mem_reg[634][1]
  Impl DFF        imp:/WORK/zigbee/DQPSK_CSK/Imag_Sync_FIFO/mem_reg[634][1]

  Ref  DFF        ref:/WORK/zigbee/DQPSK_CSK/Imag_Sync_FIFO/mem_reg[635][0]
  Impl DFF        imp:/WORK/zigbee/DQPSK_CSK/Imag_Sync_FIFO/mem_reg[635][0]

  Ref  DFF        ref:/WORK/zigbee/DQPSK_CSK/Imag_Sync_FIFO/mem_reg[635][1]
  Impl DFF        imp:/WORK/zigbee/DQPSK_CSK/Imag_Sync_FIFO/mem_reg[635][1]

  Ref  DFF        ref:/WORK/zigbee/DQPSK_CSK/Imag_Sync_FIFO/mem_reg[636][0]
  Impl DFF        imp:/WORK/zigbee/DQPSK_CSK/Imag_Sync_FIFO/mem_reg[636][0]

  Ref  DFF        ref:/WORK/zigbee/DQPSK_CSK/Imag_Sync_FIFO/mem_reg[636][1]
  Impl DFF        imp:/WORK/zigbee/DQPSK_CSK/Imag_Sync_FIFO/mem_reg[636][1]

  Ref  DFF        ref:/WORK/zigbee/DQPSK_CSK/Imag_Sync_FIFO/mem_reg[637][0]
  Impl DFF        imp:/WORK/zigbee/DQPSK_CSK/Imag_Sync_FIFO/mem_reg[637][0]

  Ref  DFF        ref:/WORK/zigbee/DQPSK_CSK/Imag_Sync_FIFO/mem_reg[637][1]
  Impl DFF        imp:/WORK/zigbee/DQPSK_CSK/Imag_Sync_FIFO/mem_reg[637][1]

  Ref  DFF        ref:/WORK/zigbee/DQPSK_CSK/Imag_Sync_FIFO/mem_reg[638][0]
  Impl DFF        imp:/WORK/zigbee/DQPSK_CSK/Imag_Sync_FIFO/mem_reg[638][0]

  Ref  DFF        ref:/WORK/zigbee/DQPSK_CSK/Imag_Sync_FIFO/mem_reg[638][1]
  Impl DFF        imp:/WORK/zigbee/DQPSK_CSK/Imag_Sync_FIFO/mem_reg[638][1]

  Ref  DFF        ref:/WORK/zigbee/DQPSK_CSK/Imag_Sync_FIFO/mem_reg[639][0]
  Impl DFF        imp:/WORK/zigbee/DQPSK_CSK/Imag_Sync_FIFO/mem_reg[639][0]

  Ref  DFF        ref:/WORK/zigbee/DQPSK_CSK/Imag_Sync_FIFO/mem_reg[639][1]
  Impl DFF        imp:/WORK/zigbee/DQPSK_CSK/Imag_Sync_FIFO/mem_reg[639][1]

  Ref  DFF        ref:/WORK/zigbee/DQPSK_CSK/Imag_Sync_FIFO/mem_reg[63][0]
  Impl DFF        imp:/WORK/zigbee/DQPSK_CSK/Imag_Sync_FIFO/mem_reg[63][0]

  Ref  DFF        ref:/WORK/zigbee/DQPSK_CSK/Imag_Sync_FIFO/mem_reg[63][1]
  Impl DFF        imp:/WORK/zigbee/DQPSK_CSK/Imag_Sync_FIFO/mem_reg[63][1]

  Ref  DFF        ref:/WORK/zigbee/DQPSK_CSK/Imag_Sync_FIFO/mem_reg[640][0]
  Impl DFF        imp:/WORK/zigbee/DQPSK_CSK/Imag_Sync_FIFO/mem_reg[640][0]

  Ref  DFF        ref:/WORK/zigbee/DQPSK_CSK/Imag_Sync_FIFO/mem_reg[640][1]
  Impl DFF        imp:/WORK/zigbee/DQPSK_CSK/Imag_Sync_FIFO/mem_reg[640][1]

  Ref  DFF        ref:/WORK/zigbee/DQPSK_CSK/Imag_Sync_FIFO/mem_reg[641][0]
  Impl DFF        imp:/WORK/zigbee/DQPSK_CSK/Imag_Sync_FIFO/mem_reg[641][0]

  Ref  DFF        ref:/WORK/zigbee/DQPSK_CSK/Imag_Sync_FIFO/mem_reg[641][1]
  Impl DFF        imp:/WORK/zigbee/DQPSK_CSK/Imag_Sync_FIFO/mem_reg[641][1]

  Ref  DFF        ref:/WORK/zigbee/DQPSK_CSK/Imag_Sync_FIFO/mem_reg[642][0]
  Impl DFF        imp:/WORK/zigbee/DQPSK_CSK/Imag_Sync_FIFO/mem_reg[642][0]

  Ref  DFF        ref:/WORK/zigbee/DQPSK_CSK/Imag_Sync_FIFO/mem_reg[642][1]
  Impl DFF        imp:/WORK/zigbee/DQPSK_CSK/Imag_Sync_FIFO/mem_reg[642][1]

  Ref  DFF        ref:/WORK/zigbee/DQPSK_CSK/Imag_Sync_FIFO/mem_reg[643][0]
  Impl DFF        imp:/WORK/zigbee/DQPSK_CSK/Imag_Sync_FIFO/mem_reg[643][0]

  Ref  DFF        ref:/WORK/zigbee/DQPSK_CSK/Imag_Sync_FIFO/mem_reg[643][1]
  Impl DFF        imp:/WORK/zigbee/DQPSK_CSK/Imag_Sync_FIFO/mem_reg[643][1]

  Ref  DFF        ref:/WORK/zigbee/DQPSK_CSK/Imag_Sync_FIFO/mem_reg[644][0]
  Impl DFF        imp:/WORK/zigbee/DQPSK_CSK/Imag_Sync_FIFO/mem_reg[644][0]

  Ref  DFF        ref:/WORK/zigbee/DQPSK_CSK/Imag_Sync_FIFO/mem_reg[644][1]
  Impl DFF        imp:/WORK/zigbee/DQPSK_CSK/Imag_Sync_FIFO/mem_reg[644][1]

  Ref  DFF        ref:/WORK/zigbee/DQPSK_CSK/Imag_Sync_FIFO/mem_reg[645][0]
  Impl DFF        imp:/WORK/zigbee/DQPSK_CSK/Imag_Sync_FIFO/mem_reg[645][0]

  Ref  DFF        ref:/WORK/zigbee/DQPSK_CSK/Imag_Sync_FIFO/mem_reg[645][1]
  Impl DFF        imp:/WORK/zigbee/DQPSK_CSK/Imag_Sync_FIFO/mem_reg[645][1]

  Ref  DFF        ref:/WORK/zigbee/DQPSK_CSK/Imag_Sync_FIFO/mem_reg[646][0]
  Impl DFF        imp:/WORK/zigbee/DQPSK_CSK/Imag_Sync_FIFO/mem_reg[646][0]

  Ref  DFF        ref:/WORK/zigbee/DQPSK_CSK/Imag_Sync_FIFO/mem_reg[646][1]
  Impl DFF        imp:/WORK/zigbee/DQPSK_CSK/Imag_Sync_FIFO/mem_reg[646][1]

  Ref  DFF        ref:/WORK/zigbee/DQPSK_CSK/Imag_Sync_FIFO/mem_reg[647][0]
  Impl DFF        imp:/WORK/zigbee/DQPSK_CSK/Imag_Sync_FIFO/mem_reg[647][0]

  Ref  DFF        ref:/WORK/zigbee/DQPSK_CSK/Imag_Sync_FIFO/mem_reg[647][1]
  Impl DFF        imp:/WORK/zigbee/DQPSK_CSK/Imag_Sync_FIFO/mem_reg[647][1]

  Ref  DFF        ref:/WORK/zigbee/DQPSK_CSK/Imag_Sync_FIFO/mem_reg[648][0]
  Impl DFF        imp:/WORK/zigbee/DQPSK_CSK/Imag_Sync_FIFO/mem_reg[648][0]

  Ref  DFF        ref:/WORK/zigbee/DQPSK_CSK/Imag_Sync_FIFO/mem_reg[648][1]
  Impl DFF        imp:/WORK/zigbee/DQPSK_CSK/Imag_Sync_FIFO/mem_reg[648][1]

  Ref  DFF        ref:/WORK/zigbee/DQPSK_CSK/Imag_Sync_FIFO/mem_reg[649][0]
  Impl DFF        imp:/WORK/zigbee/DQPSK_CSK/Imag_Sync_FIFO/mem_reg[649][0]

  Ref  DFF        ref:/WORK/zigbee/DQPSK_CSK/Imag_Sync_FIFO/mem_reg[649][1]
  Impl DFF        imp:/WORK/zigbee/DQPSK_CSK/Imag_Sync_FIFO/mem_reg[649][1]

  Ref  DFF        ref:/WORK/zigbee/DQPSK_CSK/Imag_Sync_FIFO/mem_reg[64][0]
  Impl DFF        imp:/WORK/zigbee/DQPSK_CSK/Imag_Sync_FIFO/mem_reg[64][0]

  Ref  DFF        ref:/WORK/zigbee/DQPSK_CSK/Imag_Sync_FIFO/mem_reg[64][1]
  Impl DFF        imp:/WORK/zigbee/DQPSK_CSK/Imag_Sync_FIFO/mem_reg[64][1]

  Ref  DFF        ref:/WORK/zigbee/DQPSK_CSK/Imag_Sync_FIFO/mem_reg[650][0]
  Impl DFF        imp:/WORK/zigbee/DQPSK_CSK/Imag_Sync_FIFO/mem_reg[650][0]

  Ref  DFF        ref:/WORK/zigbee/DQPSK_CSK/Imag_Sync_FIFO/mem_reg[650][1]
  Impl DFF        imp:/WORK/zigbee/DQPSK_CSK/Imag_Sync_FIFO/mem_reg[650][1]

  Ref  DFF        ref:/WORK/zigbee/DQPSK_CSK/Imag_Sync_FIFO/mem_reg[651][0]
  Impl DFF        imp:/WORK/zigbee/DQPSK_CSK/Imag_Sync_FIFO/mem_reg[651][0]

  Ref  DFF        ref:/WORK/zigbee/DQPSK_CSK/Imag_Sync_FIFO/mem_reg[651][1]
  Impl DFF        imp:/WORK/zigbee/DQPSK_CSK/Imag_Sync_FIFO/mem_reg[651][1]

  Ref  DFF        ref:/WORK/zigbee/DQPSK_CSK/Imag_Sync_FIFO/mem_reg[652][0]
  Impl DFF        imp:/WORK/zigbee/DQPSK_CSK/Imag_Sync_FIFO/mem_reg[652][0]

  Ref  DFF        ref:/WORK/zigbee/DQPSK_CSK/Imag_Sync_FIFO/mem_reg[652][1]
  Impl DFF        imp:/WORK/zigbee/DQPSK_CSK/Imag_Sync_FIFO/mem_reg[652][1]

  Ref  DFF        ref:/WORK/zigbee/DQPSK_CSK/Imag_Sync_FIFO/mem_reg[653][0]
  Impl DFF        imp:/WORK/zigbee/DQPSK_CSK/Imag_Sync_FIFO/mem_reg[653][0]

  Ref  DFF        ref:/WORK/zigbee/DQPSK_CSK/Imag_Sync_FIFO/mem_reg[653][1]
  Impl DFF        imp:/WORK/zigbee/DQPSK_CSK/Imag_Sync_FIFO/mem_reg[653][1]

  Ref  DFF        ref:/WORK/zigbee/DQPSK_CSK/Imag_Sync_FIFO/mem_reg[654][0]
  Impl DFF        imp:/WORK/zigbee/DQPSK_CSK/Imag_Sync_FIFO/mem_reg[654][0]

  Ref  DFF        ref:/WORK/zigbee/DQPSK_CSK/Imag_Sync_FIFO/mem_reg[654][1]
  Impl DFF        imp:/WORK/zigbee/DQPSK_CSK/Imag_Sync_FIFO/mem_reg[654][1]

  Ref  DFF        ref:/WORK/zigbee/DQPSK_CSK/Imag_Sync_FIFO/mem_reg[655][0]
  Impl DFF        imp:/WORK/zigbee/DQPSK_CSK/Imag_Sync_FIFO/mem_reg[655][0]

  Ref  DFF        ref:/WORK/zigbee/DQPSK_CSK/Imag_Sync_FIFO/mem_reg[655][1]
  Impl DFF        imp:/WORK/zigbee/DQPSK_CSK/Imag_Sync_FIFO/mem_reg[655][1]

  Ref  DFF        ref:/WORK/zigbee/DQPSK_CSK/Imag_Sync_FIFO/mem_reg[656][0]
  Impl DFF        imp:/WORK/zigbee/DQPSK_CSK/Imag_Sync_FIFO/mem_reg[656][0]

  Ref  DFF        ref:/WORK/zigbee/DQPSK_CSK/Imag_Sync_FIFO/mem_reg[656][1]
  Impl DFF        imp:/WORK/zigbee/DQPSK_CSK/Imag_Sync_FIFO/mem_reg[656][1]

  Ref  DFF        ref:/WORK/zigbee/DQPSK_CSK/Imag_Sync_FIFO/mem_reg[657][0]
  Impl DFF        imp:/WORK/zigbee/DQPSK_CSK/Imag_Sync_FIFO/mem_reg[657][0]

  Ref  DFF        ref:/WORK/zigbee/DQPSK_CSK/Imag_Sync_FIFO/mem_reg[657][1]
  Impl DFF        imp:/WORK/zigbee/DQPSK_CSK/Imag_Sync_FIFO/mem_reg[657][1]

  Ref  DFF        ref:/WORK/zigbee/DQPSK_CSK/Imag_Sync_FIFO/mem_reg[658][0]
  Impl DFF        imp:/WORK/zigbee/DQPSK_CSK/Imag_Sync_FIFO/mem_reg[658][0]

  Ref  DFF        ref:/WORK/zigbee/DQPSK_CSK/Imag_Sync_FIFO/mem_reg[658][1]
  Impl DFF        imp:/WORK/zigbee/DQPSK_CSK/Imag_Sync_FIFO/mem_reg[658][1]

  Ref  DFF        ref:/WORK/zigbee/DQPSK_CSK/Imag_Sync_FIFO/mem_reg[659][0]
  Impl DFF        imp:/WORK/zigbee/DQPSK_CSK/Imag_Sync_FIFO/mem_reg[659][0]

  Ref  DFF        ref:/WORK/zigbee/DQPSK_CSK/Imag_Sync_FIFO/mem_reg[659][1]
  Impl DFF        imp:/WORK/zigbee/DQPSK_CSK/Imag_Sync_FIFO/mem_reg[659][1]

  Ref  DFF        ref:/WORK/zigbee/DQPSK_CSK/Imag_Sync_FIFO/mem_reg[65][0]
  Impl DFF        imp:/WORK/zigbee/DQPSK_CSK/Imag_Sync_FIFO/mem_reg[65][0]

  Ref  DFF        ref:/WORK/zigbee/DQPSK_CSK/Imag_Sync_FIFO/mem_reg[65][1]
  Impl DFF        imp:/WORK/zigbee/DQPSK_CSK/Imag_Sync_FIFO/mem_reg[65][1]

  Ref  DFF        ref:/WORK/zigbee/DQPSK_CSK/Imag_Sync_FIFO/mem_reg[660][0]
  Impl DFF        imp:/WORK/zigbee/DQPSK_CSK/Imag_Sync_FIFO/mem_reg[660][0]

  Ref  DFF        ref:/WORK/zigbee/DQPSK_CSK/Imag_Sync_FIFO/mem_reg[660][1]
  Impl DFF        imp:/WORK/zigbee/DQPSK_CSK/Imag_Sync_FIFO/mem_reg[660][1]

  Ref  DFF        ref:/WORK/zigbee/DQPSK_CSK/Imag_Sync_FIFO/mem_reg[661][0]
  Impl DFF        imp:/WORK/zigbee/DQPSK_CSK/Imag_Sync_FIFO/mem_reg[661][0]

  Ref  DFF        ref:/WORK/zigbee/DQPSK_CSK/Imag_Sync_FIFO/mem_reg[661][1]
  Impl DFF        imp:/WORK/zigbee/DQPSK_CSK/Imag_Sync_FIFO/mem_reg[661][1]

  Ref  DFF        ref:/WORK/zigbee/DQPSK_CSK/Imag_Sync_FIFO/mem_reg[662][0]
  Impl DFF        imp:/WORK/zigbee/DQPSK_CSK/Imag_Sync_FIFO/mem_reg[662][0]

  Ref  DFF        ref:/WORK/zigbee/DQPSK_CSK/Imag_Sync_FIFO/mem_reg[662][1]
  Impl DFF        imp:/WORK/zigbee/DQPSK_CSK/Imag_Sync_FIFO/mem_reg[662][1]

  Ref  DFF        ref:/WORK/zigbee/DQPSK_CSK/Imag_Sync_FIFO/mem_reg[663][0]
  Impl DFF        imp:/WORK/zigbee/DQPSK_CSK/Imag_Sync_FIFO/mem_reg[663][0]

  Ref  DFF        ref:/WORK/zigbee/DQPSK_CSK/Imag_Sync_FIFO/mem_reg[663][1]
  Impl DFF        imp:/WORK/zigbee/DQPSK_CSK/Imag_Sync_FIFO/mem_reg[663][1]

  Ref  DFF        ref:/WORK/zigbee/DQPSK_CSK/Imag_Sync_FIFO/mem_reg[664][0]
  Impl DFF        imp:/WORK/zigbee/DQPSK_CSK/Imag_Sync_FIFO/mem_reg[664][0]

  Ref  DFF        ref:/WORK/zigbee/DQPSK_CSK/Imag_Sync_FIFO/mem_reg[664][1]
  Impl DFF        imp:/WORK/zigbee/DQPSK_CSK/Imag_Sync_FIFO/mem_reg[664][1]

  Ref  DFF        ref:/WORK/zigbee/DQPSK_CSK/Imag_Sync_FIFO/mem_reg[665][0]
  Impl DFF        imp:/WORK/zigbee/DQPSK_CSK/Imag_Sync_FIFO/mem_reg[665][0]

  Ref  DFF        ref:/WORK/zigbee/DQPSK_CSK/Imag_Sync_FIFO/mem_reg[665][1]
  Impl DFF        imp:/WORK/zigbee/DQPSK_CSK/Imag_Sync_FIFO/mem_reg[665][1]

  Ref  DFF        ref:/WORK/zigbee/DQPSK_CSK/Imag_Sync_FIFO/mem_reg[666][0]
  Impl DFF        imp:/WORK/zigbee/DQPSK_CSK/Imag_Sync_FIFO/mem_reg[666][0]

  Ref  DFF        ref:/WORK/zigbee/DQPSK_CSK/Imag_Sync_FIFO/mem_reg[666][1]
  Impl DFF        imp:/WORK/zigbee/DQPSK_CSK/Imag_Sync_FIFO/mem_reg[666][1]

  Ref  DFF        ref:/WORK/zigbee/DQPSK_CSK/Imag_Sync_FIFO/mem_reg[667][0]
  Impl DFF        imp:/WORK/zigbee/DQPSK_CSK/Imag_Sync_FIFO/mem_reg[667][0]

  Ref  DFF        ref:/WORK/zigbee/DQPSK_CSK/Imag_Sync_FIFO/mem_reg[667][1]
  Impl DFF        imp:/WORK/zigbee/DQPSK_CSK/Imag_Sync_FIFO/mem_reg[667][1]

  Ref  DFF        ref:/WORK/zigbee/DQPSK_CSK/Imag_Sync_FIFO/mem_reg[668][0]
  Impl DFF        imp:/WORK/zigbee/DQPSK_CSK/Imag_Sync_FIFO/mem_reg[668][0]

  Ref  DFF        ref:/WORK/zigbee/DQPSK_CSK/Imag_Sync_FIFO/mem_reg[668][1]
  Impl DFF        imp:/WORK/zigbee/DQPSK_CSK/Imag_Sync_FIFO/mem_reg[668][1]

  Ref  DFF        ref:/WORK/zigbee/DQPSK_CSK/Imag_Sync_FIFO/mem_reg[669][0]
  Impl DFF        imp:/WORK/zigbee/DQPSK_CSK/Imag_Sync_FIFO/mem_reg[669][0]

  Ref  DFF        ref:/WORK/zigbee/DQPSK_CSK/Imag_Sync_FIFO/mem_reg[669][1]
  Impl DFF        imp:/WORK/zigbee/DQPSK_CSK/Imag_Sync_FIFO/mem_reg[669][1]

  Ref  DFF        ref:/WORK/zigbee/DQPSK_CSK/Imag_Sync_FIFO/mem_reg[66][0]
  Impl DFF        imp:/WORK/zigbee/DQPSK_CSK/Imag_Sync_FIFO/mem_reg[66][0]

  Ref  DFF        ref:/WORK/zigbee/DQPSK_CSK/Imag_Sync_FIFO/mem_reg[66][1]
  Impl DFF        imp:/WORK/zigbee/DQPSK_CSK/Imag_Sync_FIFO/mem_reg[66][1]

  Ref  DFF        ref:/WORK/zigbee/DQPSK_CSK/Imag_Sync_FIFO/mem_reg[670][0]
  Impl DFF        imp:/WORK/zigbee/DQPSK_CSK/Imag_Sync_FIFO/mem_reg[670][0]

  Ref  DFF        ref:/WORK/zigbee/DQPSK_CSK/Imag_Sync_FIFO/mem_reg[670][1]
  Impl DFF        imp:/WORK/zigbee/DQPSK_CSK/Imag_Sync_FIFO/mem_reg[670][1]

  Ref  DFF        ref:/WORK/zigbee/DQPSK_CSK/Imag_Sync_FIFO/mem_reg[671][0]
  Impl DFF        imp:/WORK/zigbee/DQPSK_CSK/Imag_Sync_FIFO/mem_reg[671][0]

  Ref  DFF        ref:/WORK/zigbee/DQPSK_CSK/Imag_Sync_FIFO/mem_reg[671][1]
  Impl DFF        imp:/WORK/zigbee/DQPSK_CSK/Imag_Sync_FIFO/mem_reg[671][1]

  Ref  DFF        ref:/WORK/zigbee/DQPSK_CSK/Imag_Sync_FIFO/mem_reg[672][0]
  Impl DFF        imp:/WORK/zigbee/DQPSK_CSK/Imag_Sync_FIFO/mem_reg[672][0]

  Ref  DFF        ref:/WORK/zigbee/DQPSK_CSK/Imag_Sync_FIFO/mem_reg[672][1]
  Impl DFF        imp:/WORK/zigbee/DQPSK_CSK/Imag_Sync_FIFO/mem_reg[672][1]

  Ref  DFF        ref:/WORK/zigbee/DQPSK_CSK/Imag_Sync_FIFO/mem_reg[673][0]
  Impl DFF        imp:/WORK/zigbee/DQPSK_CSK/Imag_Sync_FIFO/mem_reg[673][0]

  Ref  DFF        ref:/WORK/zigbee/DQPSK_CSK/Imag_Sync_FIFO/mem_reg[673][1]
  Impl DFF        imp:/WORK/zigbee/DQPSK_CSK/Imag_Sync_FIFO/mem_reg[673][1]

  Ref  DFF        ref:/WORK/zigbee/DQPSK_CSK/Imag_Sync_FIFO/mem_reg[674][0]
  Impl DFF        imp:/WORK/zigbee/DQPSK_CSK/Imag_Sync_FIFO/mem_reg[674][0]

  Ref  DFF        ref:/WORK/zigbee/DQPSK_CSK/Imag_Sync_FIFO/mem_reg[674][1]
  Impl DFF        imp:/WORK/zigbee/DQPSK_CSK/Imag_Sync_FIFO/mem_reg[674][1]

  Ref  DFF        ref:/WORK/zigbee/DQPSK_CSK/Imag_Sync_FIFO/mem_reg[675][0]
  Impl DFF        imp:/WORK/zigbee/DQPSK_CSK/Imag_Sync_FIFO/mem_reg[675][0]

  Ref  DFF        ref:/WORK/zigbee/DQPSK_CSK/Imag_Sync_FIFO/mem_reg[675][1]
  Impl DFF        imp:/WORK/zigbee/DQPSK_CSK/Imag_Sync_FIFO/mem_reg[675][1]

  Ref  DFF        ref:/WORK/zigbee/DQPSK_CSK/Imag_Sync_FIFO/mem_reg[676][0]
  Impl DFF        imp:/WORK/zigbee/DQPSK_CSK/Imag_Sync_FIFO/mem_reg[676][0]

  Ref  DFF        ref:/WORK/zigbee/DQPSK_CSK/Imag_Sync_FIFO/mem_reg[676][1]
  Impl DFF        imp:/WORK/zigbee/DQPSK_CSK/Imag_Sync_FIFO/mem_reg[676][1]

  Ref  DFF        ref:/WORK/zigbee/DQPSK_CSK/Imag_Sync_FIFO/mem_reg[677][0]
  Impl DFF        imp:/WORK/zigbee/DQPSK_CSK/Imag_Sync_FIFO/mem_reg[677][0]

  Ref  DFF        ref:/WORK/zigbee/DQPSK_CSK/Imag_Sync_FIFO/mem_reg[677][1]
  Impl DFF        imp:/WORK/zigbee/DQPSK_CSK/Imag_Sync_FIFO/mem_reg[677][1]

  Ref  DFF        ref:/WORK/zigbee/DQPSK_CSK/Imag_Sync_FIFO/mem_reg[678][0]
  Impl DFF        imp:/WORK/zigbee/DQPSK_CSK/Imag_Sync_FIFO/mem_reg[678][0]

  Ref  DFF        ref:/WORK/zigbee/DQPSK_CSK/Imag_Sync_FIFO/mem_reg[678][1]
  Impl DFF        imp:/WORK/zigbee/DQPSK_CSK/Imag_Sync_FIFO/mem_reg[678][1]

  Ref  DFF        ref:/WORK/zigbee/DQPSK_CSK/Imag_Sync_FIFO/mem_reg[679][0]
  Impl DFF        imp:/WORK/zigbee/DQPSK_CSK/Imag_Sync_FIFO/mem_reg[679][0]

  Ref  DFF        ref:/WORK/zigbee/DQPSK_CSK/Imag_Sync_FIFO/mem_reg[679][1]
  Impl DFF        imp:/WORK/zigbee/DQPSK_CSK/Imag_Sync_FIFO/mem_reg[679][1]

  Ref  DFF        ref:/WORK/zigbee/DQPSK_CSK/Imag_Sync_FIFO/mem_reg[67][0]
  Impl DFF        imp:/WORK/zigbee/DQPSK_CSK/Imag_Sync_FIFO/mem_reg[67][0]

  Ref  DFF        ref:/WORK/zigbee/DQPSK_CSK/Imag_Sync_FIFO/mem_reg[67][1]
  Impl DFF        imp:/WORK/zigbee/DQPSK_CSK/Imag_Sync_FIFO/mem_reg[67][1]

  Ref  DFF        ref:/WORK/zigbee/DQPSK_CSK/Imag_Sync_FIFO/mem_reg[680][0]
  Impl DFF        imp:/WORK/zigbee/DQPSK_CSK/Imag_Sync_FIFO/mem_reg[680][0]

  Ref  DFF        ref:/WORK/zigbee/DQPSK_CSK/Imag_Sync_FIFO/mem_reg[680][1]
  Impl DFF        imp:/WORK/zigbee/DQPSK_CSK/Imag_Sync_FIFO/mem_reg[680][1]

  Ref  DFF        ref:/WORK/zigbee/DQPSK_CSK/Imag_Sync_FIFO/mem_reg[681][0]
  Impl DFF        imp:/WORK/zigbee/DQPSK_CSK/Imag_Sync_FIFO/mem_reg[681][0]

  Ref  DFF        ref:/WORK/zigbee/DQPSK_CSK/Imag_Sync_FIFO/mem_reg[681][1]
  Impl DFF        imp:/WORK/zigbee/DQPSK_CSK/Imag_Sync_FIFO/mem_reg[681][1]

  Ref  DFF        ref:/WORK/zigbee/DQPSK_CSK/Imag_Sync_FIFO/mem_reg[682][0]
  Impl DFF        imp:/WORK/zigbee/DQPSK_CSK/Imag_Sync_FIFO/mem_reg[682][0]

  Ref  DFF        ref:/WORK/zigbee/DQPSK_CSK/Imag_Sync_FIFO/mem_reg[682][1]
  Impl DFF        imp:/WORK/zigbee/DQPSK_CSK/Imag_Sync_FIFO/mem_reg[682][1]

  Ref  DFF        ref:/WORK/zigbee/DQPSK_CSK/Imag_Sync_FIFO/mem_reg[683][0]
  Impl DFF        imp:/WORK/zigbee/DQPSK_CSK/Imag_Sync_FIFO/mem_reg[683][0]

  Ref  DFF        ref:/WORK/zigbee/DQPSK_CSK/Imag_Sync_FIFO/mem_reg[683][1]
  Impl DFF        imp:/WORK/zigbee/DQPSK_CSK/Imag_Sync_FIFO/mem_reg[683][1]

  Ref  DFF        ref:/WORK/zigbee/DQPSK_CSK/Imag_Sync_FIFO/mem_reg[684][0]
  Impl DFF        imp:/WORK/zigbee/DQPSK_CSK/Imag_Sync_FIFO/mem_reg[684][0]

  Ref  DFF        ref:/WORK/zigbee/DQPSK_CSK/Imag_Sync_FIFO/mem_reg[684][1]
  Impl DFF        imp:/WORK/zigbee/DQPSK_CSK/Imag_Sync_FIFO/mem_reg[684][1]

  Ref  DFF        ref:/WORK/zigbee/DQPSK_CSK/Imag_Sync_FIFO/mem_reg[685][0]
  Impl DFF        imp:/WORK/zigbee/DQPSK_CSK/Imag_Sync_FIFO/mem_reg[685][0]

  Ref  DFF        ref:/WORK/zigbee/DQPSK_CSK/Imag_Sync_FIFO/mem_reg[685][1]
  Impl DFF        imp:/WORK/zigbee/DQPSK_CSK/Imag_Sync_FIFO/mem_reg[685][1]

  Ref  DFF        ref:/WORK/zigbee/DQPSK_CSK/Imag_Sync_FIFO/mem_reg[686][0]
  Impl DFF        imp:/WORK/zigbee/DQPSK_CSK/Imag_Sync_FIFO/mem_reg[686][0]

  Ref  DFF        ref:/WORK/zigbee/DQPSK_CSK/Imag_Sync_FIFO/mem_reg[686][1]
  Impl DFF        imp:/WORK/zigbee/DQPSK_CSK/Imag_Sync_FIFO/mem_reg[686][1]

  Ref  DFF        ref:/WORK/zigbee/DQPSK_CSK/Imag_Sync_FIFO/mem_reg[687][0]
  Impl DFF        imp:/WORK/zigbee/DQPSK_CSK/Imag_Sync_FIFO/mem_reg[687][0]

  Ref  DFF        ref:/WORK/zigbee/DQPSK_CSK/Imag_Sync_FIFO/mem_reg[687][1]
  Impl DFF        imp:/WORK/zigbee/DQPSK_CSK/Imag_Sync_FIFO/mem_reg[687][1]

  Ref  DFF        ref:/WORK/zigbee/DQPSK_CSK/Imag_Sync_FIFO/mem_reg[688][0]
  Impl DFF        imp:/WORK/zigbee/DQPSK_CSK/Imag_Sync_FIFO/mem_reg[688][0]

  Ref  DFF        ref:/WORK/zigbee/DQPSK_CSK/Imag_Sync_FIFO/mem_reg[688][1]
  Impl DFF        imp:/WORK/zigbee/DQPSK_CSK/Imag_Sync_FIFO/mem_reg[688][1]

  Ref  DFF        ref:/WORK/zigbee/DQPSK_CSK/Imag_Sync_FIFO/mem_reg[689][0]
  Impl DFF        imp:/WORK/zigbee/DQPSK_CSK/Imag_Sync_FIFO/mem_reg[689][0]

  Ref  DFF        ref:/WORK/zigbee/DQPSK_CSK/Imag_Sync_FIFO/mem_reg[689][1]
  Impl DFF        imp:/WORK/zigbee/DQPSK_CSK/Imag_Sync_FIFO/mem_reg[689][1]

  Ref  DFF        ref:/WORK/zigbee/DQPSK_CSK/Imag_Sync_FIFO/mem_reg[68][0]
  Impl DFF        imp:/WORK/zigbee/DQPSK_CSK/Imag_Sync_FIFO/mem_reg[68][0]

  Ref  DFF        ref:/WORK/zigbee/DQPSK_CSK/Imag_Sync_FIFO/mem_reg[68][1]
  Impl DFF        imp:/WORK/zigbee/DQPSK_CSK/Imag_Sync_FIFO/mem_reg[68][1]

  Ref  DFF        ref:/WORK/zigbee/DQPSK_CSK/Imag_Sync_FIFO/mem_reg[690][0]
  Impl DFF        imp:/WORK/zigbee/DQPSK_CSK/Imag_Sync_FIFO/mem_reg[690][0]

  Ref  DFF        ref:/WORK/zigbee/DQPSK_CSK/Imag_Sync_FIFO/mem_reg[690][1]
  Impl DFF        imp:/WORK/zigbee/DQPSK_CSK/Imag_Sync_FIFO/mem_reg[690][1]

  Ref  DFF        ref:/WORK/zigbee/DQPSK_CSK/Imag_Sync_FIFO/mem_reg[691][0]
  Impl DFF        imp:/WORK/zigbee/DQPSK_CSK/Imag_Sync_FIFO/mem_reg[691][0]

  Ref  DFF        ref:/WORK/zigbee/DQPSK_CSK/Imag_Sync_FIFO/mem_reg[691][1]
  Impl DFF        imp:/WORK/zigbee/DQPSK_CSK/Imag_Sync_FIFO/mem_reg[691][1]

  Ref  DFF        ref:/WORK/zigbee/DQPSK_CSK/Imag_Sync_FIFO/mem_reg[692][0]
  Impl DFF        imp:/WORK/zigbee/DQPSK_CSK/Imag_Sync_FIFO/mem_reg[692][0]

  Ref  DFF        ref:/WORK/zigbee/DQPSK_CSK/Imag_Sync_FIFO/mem_reg[692][1]
  Impl DFF        imp:/WORK/zigbee/DQPSK_CSK/Imag_Sync_FIFO/mem_reg[692][1]

  Ref  DFF        ref:/WORK/zigbee/DQPSK_CSK/Imag_Sync_FIFO/mem_reg[693][0]
  Impl DFF        imp:/WORK/zigbee/DQPSK_CSK/Imag_Sync_FIFO/mem_reg[693][0]

  Ref  DFF        ref:/WORK/zigbee/DQPSK_CSK/Imag_Sync_FIFO/mem_reg[693][1]
  Impl DFF        imp:/WORK/zigbee/DQPSK_CSK/Imag_Sync_FIFO/mem_reg[693][1]

  Ref  DFF        ref:/WORK/zigbee/DQPSK_CSK/Imag_Sync_FIFO/mem_reg[694][0]
  Impl DFF        imp:/WORK/zigbee/DQPSK_CSK/Imag_Sync_FIFO/mem_reg[694][0]

  Ref  DFF        ref:/WORK/zigbee/DQPSK_CSK/Imag_Sync_FIFO/mem_reg[694][1]
  Impl DFF        imp:/WORK/zigbee/DQPSK_CSK/Imag_Sync_FIFO/mem_reg[694][1]

  Ref  DFF        ref:/WORK/zigbee/DQPSK_CSK/Imag_Sync_FIFO/mem_reg[695][0]
  Impl DFF        imp:/WORK/zigbee/DQPSK_CSK/Imag_Sync_FIFO/mem_reg[695][0]

  Ref  DFF        ref:/WORK/zigbee/DQPSK_CSK/Imag_Sync_FIFO/mem_reg[695][1]
  Impl DFF        imp:/WORK/zigbee/DQPSK_CSK/Imag_Sync_FIFO/mem_reg[695][1]

  Ref  DFF        ref:/WORK/zigbee/DQPSK_CSK/Imag_Sync_FIFO/mem_reg[696][0]
  Impl DFF        imp:/WORK/zigbee/DQPSK_CSK/Imag_Sync_FIFO/mem_reg[696][0]

  Ref  DFF        ref:/WORK/zigbee/DQPSK_CSK/Imag_Sync_FIFO/mem_reg[696][1]
  Impl DFF        imp:/WORK/zigbee/DQPSK_CSK/Imag_Sync_FIFO/mem_reg[696][1]

  Ref  DFF        ref:/WORK/zigbee/DQPSK_CSK/Imag_Sync_FIFO/mem_reg[697][0]
  Impl DFF        imp:/WORK/zigbee/DQPSK_CSK/Imag_Sync_FIFO/mem_reg[697][0]

  Ref  DFF        ref:/WORK/zigbee/DQPSK_CSK/Imag_Sync_FIFO/mem_reg[697][1]
  Impl DFF        imp:/WORK/zigbee/DQPSK_CSK/Imag_Sync_FIFO/mem_reg[697][1]

  Ref  DFF        ref:/WORK/zigbee/DQPSK_CSK/Imag_Sync_FIFO/mem_reg[698][0]
  Impl DFF        imp:/WORK/zigbee/DQPSK_CSK/Imag_Sync_FIFO/mem_reg[698][0]

  Ref  DFF        ref:/WORK/zigbee/DQPSK_CSK/Imag_Sync_FIFO/mem_reg[698][1]
  Impl DFF        imp:/WORK/zigbee/DQPSK_CSK/Imag_Sync_FIFO/mem_reg[698][1]

  Ref  DFF        ref:/WORK/zigbee/DQPSK_CSK/Imag_Sync_FIFO/mem_reg[699][0]
  Impl DFF        imp:/WORK/zigbee/DQPSK_CSK/Imag_Sync_FIFO/mem_reg[699][0]

  Ref  DFF        ref:/WORK/zigbee/DQPSK_CSK/Imag_Sync_FIFO/mem_reg[699][1]
  Impl DFF        imp:/WORK/zigbee/DQPSK_CSK/Imag_Sync_FIFO/mem_reg[699][1]

  Ref  DFF        ref:/WORK/zigbee/DQPSK_CSK/Imag_Sync_FIFO/mem_reg[69][0]
  Impl DFF        imp:/WORK/zigbee/DQPSK_CSK/Imag_Sync_FIFO/mem_reg[69][0]

  Ref  DFF        ref:/WORK/zigbee/DQPSK_CSK/Imag_Sync_FIFO/mem_reg[69][1]
  Impl DFF        imp:/WORK/zigbee/DQPSK_CSK/Imag_Sync_FIFO/mem_reg[69][1]

  Ref  DFF        ref:/WORK/zigbee/DQPSK_CSK/Imag_Sync_FIFO/mem_reg[6][0]
  Impl DFF        imp:/WORK/zigbee/DQPSK_CSK/Imag_Sync_FIFO/mem_reg[6][0]

  Ref  DFF        ref:/WORK/zigbee/DQPSK_CSK/Imag_Sync_FIFO/mem_reg[6][1]
  Impl DFF        imp:/WORK/zigbee/DQPSK_CSK/Imag_Sync_FIFO/mem_reg[6][1]

  Ref  DFF        ref:/WORK/zigbee/DQPSK_CSK/Imag_Sync_FIFO/mem_reg[700][0]
  Impl DFF        imp:/WORK/zigbee/DQPSK_CSK/Imag_Sync_FIFO/mem_reg[700][0]

  Ref  DFF        ref:/WORK/zigbee/DQPSK_CSK/Imag_Sync_FIFO/mem_reg[700][1]
  Impl DFF        imp:/WORK/zigbee/DQPSK_CSK/Imag_Sync_FIFO/mem_reg[700][1]

  Ref  DFF        ref:/WORK/zigbee/DQPSK_CSK/Imag_Sync_FIFO/mem_reg[701][0]
  Impl DFF        imp:/WORK/zigbee/DQPSK_CSK/Imag_Sync_FIFO/mem_reg[701][0]

  Ref  DFF        ref:/WORK/zigbee/DQPSK_CSK/Imag_Sync_FIFO/mem_reg[701][1]
  Impl DFF        imp:/WORK/zigbee/DQPSK_CSK/Imag_Sync_FIFO/mem_reg[701][1]

  Ref  DFF        ref:/WORK/zigbee/DQPSK_CSK/Imag_Sync_FIFO/mem_reg[702][0]
  Impl DFF        imp:/WORK/zigbee/DQPSK_CSK/Imag_Sync_FIFO/mem_reg[702][0]

  Ref  DFF        ref:/WORK/zigbee/DQPSK_CSK/Imag_Sync_FIFO/mem_reg[702][1]
  Impl DFF        imp:/WORK/zigbee/DQPSK_CSK/Imag_Sync_FIFO/mem_reg[702][1]

  Ref  DFF        ref:/WORK/zigbee/DQPSK_CSK/Imag_Sync_FIFO/mem_reg[703][0]
  Impl DFF        imp:/WORK/zigbee/DQPSK_CSK/Imag_Sync_FIFO/mem_reg[703][0]

  Ref  DFF        ref:/WORK/zigbee/DQPSK_CSK/Imag_Sync_FIFO/mem_reg[703][1]
  Impl DFF        imp:/WORK/zigbee/DQPSK_CSK/Imag_Sync_FIFO/mem_reg[703][1]

  Ref  DFF        ref:/WORK/zigbee/DQPSK_CSK/Imag_Sync_FIFO/mem_reg[704][0]
  Impl DFF        imp:/WORK/zigbee/DQPSK_CSK/Imag_Sync_FIFO/mem_reg[704][0]

  Ref  DFF        ref:/WORK/zigbee/DQPSK_CSK/Imag_Sync_FIFO/mem_reg[704][1]
  Impl DFF        imp:/WORK/zigbee/DQPSK_CSK/Imag_Sync_FIFO/mem_reg[704][1]

  Ref  DFF        ref:/WORK/zigbee/DQPSK_CSK/Imag_Sync_FIFO/mem_reg[705][0]
  Impl DFF        imp:/WORK/zigbee/DQPSK_CSK/Imag_Sync_FIFO/mem_reg[705][0]

  Ref  DFF        ref:/WORK/zigbee/DQPSK_CSK/Imag_Sync_FIFO/mem_reg[705][1]
  Impl DFF        imp:/WORK/zigbee/DQPSK_CSK/Imag_Sync_FIFO/mem_reg[705][1]

  Ref  DFF        ref:/WORK/zigbee/DQPSK_CSK/Imag_Sync_FIFO/mem_reg[706][0]
  Impl DFF        imp:/WORK/zigbee/DQPSK_CSK/Imag_Sync_FIFO/mem_reg[706][0]

  Ref  DFF        ref:/WORK/zigbee/DQPSK_CSK/Imag_Sync_FIFO/mem_reg[706][1]
  Impl DFF        imp:/WORK/zigbee/DQPSK_CSK/Imag_Sync_FIFO/mem_reg[706][1]

  Ref  DFF        ref:/WORK/zigbee/DQPSK_CSK/Imag_Sync_FIFO/mem_reg[707][0]
  Impl DFF        imp:/WORK/zigbee/DQPSK_CSK/Imag_Sync_FIFO/mem_reg[707][0]

  Ref  DFF        ref:/WORK/zigbee/DQPSK_CSK/Imag_Sync_FIFO/mem_reg[707][1]
  Impl DFF        imp:/WORK/zigbee/DQPSK_CSK/Imag_Sync_FIFO/mem_reg[707][1]

  Ref  DFF        ref:/WORK/zigbee/DQPSK_CSK/Imag_Sync_FIFO/mem_reg[708][0]
  Impl DFF        imp:/WORK/zigbee/DQPSK_CSK/Imag_Sync_FIFO/mem_reg[708][0]

  Ref  DFF        ref:/WORK/zigbee/DQPSK_CSK/Imag_Sync_FIFO/mem_reg[708][1]
  Impl DFF        imp:/WORK/zigbee/DQPSK_CSK/Imag_Sync_FIFO/mem_reg[708][1]

  Ref  DFF        ref:/WORK/zigbee/DQPSK_CSK/Imag_Sync_FIFO/mem_reg[709][0]
  Impl DFF        imp:/WORK/zigbee/DQPSK_CSK/Imag_Sync_FIFO/mem_reg[709][0]

  Ref  DFF        ref:/WORK/zigbee/DQPSK_CSK/Imag_Sync_FIFO/mem_reg[709][1]
  Impl DFF        imp:/WORK/zigbee/DQPSK_CSK/Imag_Sync_FIFO/mem_reg[709][1]

  Ref  DFF        ref:/WORK/zigbee/DQPSK_CSK/Imag_Sync_FIFO/mem_reg[70][0]
  Impl DFF        imp:/WORK/zigbee/DQPSK_CSK/Imag_Sync_FIFO/mem_reg[70][0]

  Ref  DFF        ref:/WORK/zigbee/DQPSK_CSK/Imag_Sync_FIFO/mem_reg[70][1]
  Impl DFF        imp:/WORK/zigbee/DQPSK_CSK/Imag_Sync_FIFO/mem_reg[70][1]

  Ref  DFF        ref:/WORK/zigbee/DQPSK_CSK/Imag_Sync_FIFO/mem_reg[710][0]
  Impl DFF        imp:/WORK/zigbee/DQPSK_CSK/Imag_Sync_FIFO/mem_reg[710][0]

  Ref  DFF        ref:/WORK/zigbee/DQPSK_CSK/Imag_Sync_FIFO/mem_reg[710][1]
  Impl DFF        imp:/WORK/zigbee/DQPSK_CSK/Imag_Sync_FIFO/mem_reg[710][1]

  Ref  DFF        ref:/WORK/zigbee/DQPSK_CSK/Imag_Sync_FIFO/mem_reg[711][0]
  Impl DFF        imp:/WORK/zigbee/DQPSK_CSK/Imag_Sync_FIFO/mem_reg[711][0]

  Ref  DFF        ref:/WORK/zigbee/DQPSK_CSK/Imag_Sync_FIFO/mem_reg[711][1]
  Impl DFF        imp:/WORK/zigbee/DQPSK_CSK/Imag_Sync_FIFO/mem_reg[711][1]

  Ref  DFF        ref:/WORK/zigbee/DQPSK_CSK/Imag_Sync_FIFO/mem_reg[712][0]
  Impl DFF        imp:/WORK/zigbee/DQPSK_CSK/Imag_Sync_FIFO/mem_reg[712][0]

  Ref  DFF        ref:/WORK/zigbee/DQPSK_CSK/Imag_Sync_FIFO/mem_reg[712][1]
  Impl DFF        imp:/WORK/zigbee/DQPSK_CSK/Imag_Sync_FIFO/mem_reg[712][1]

  Ref  DFF        ref:/WORK/zigbee/DQPSK_CSK/Imag_Sync_FIFO/mem_reg[713][0]
  Impl DFF        imp:/WORK/zigbee/DQPSK_CSK/Imag_Sync_FIFO/mem_reg[713][0]

  Ref  DFF        ref:/WORK/zigbee/DQPSK_CSK/Imag_Sync_FIFO/mem_reg[713][1]
  Impl DFF        imp:/WORK/zigbee/DQPSK_CSK/Imag_Sync_FIFO/mem_reg[713][1]

  Ref  DFF        ref:/WORK/zigbee/DQPSK_CSK/Imag_Sync_FIFO/mem_reg[714][0]
  Impl DFF        imp:/WORK/zigbee/DQPSK_CSK/Imag_Sync_FIFO/mem_reg[714][0]

  Ref  DFF        ref:/WORK/zigbee/DQPSK_CSK/Imag_Sync_FIFO/mem_reg[714][1]
  Impl DFF        imp:/WORK/zigbee/DQPSK_CSK/Imag_Sync_FIFO/mem_reg[714][1]

  Ref  DFF        ref:/WORK/zigbee/DQPSK_CSK/Imag_Sync_FIFO/mem_reg[715][0]
  Impl DFF        imp:/WORK/zigbee/DQPSK_CSK/Imag_Sync_FIFO/mem_reg[715][0]

  Ref  DFF        ref:/WORK/zigbee/DQPSK_CSK/Imag_Sync_FIFO/mem_reg[715][1]
  Impl DFF        imp:/WORK/zigbee/DQPSK_CSK/Imag_Sync_FIFO/mem_reg[715][1]

  Ref  DFF        ref:/WORK/zigbee/DQPSK_CSK/Imag_Sync_FIFO/mem_reg[716][0]
  Impl DFF        imp:/WORK/zigbee/DQPSK_CSK/Imag_Sync_FIFO/mem_reg[716][0]

  Ref  DFF        ref:/WORK/zigbee/DQPSK_CSK/Imag_Sync_FIFO/mem_reg[716][1]
  Impl DFF        imp:/WORK/zigbee/DQPSK_CSK/Imag_Sync_FIFO/mem_reg[716][1]

  Ref  DFF        ref:/WORK/zigbee/DQPSK_CSK/Imag_Sync_FIFO/mem_reg[717][0]
  Impl DFF        imp:/WORK/zigbee/DQPSK_CSK/Imag_Sync_FIFO/mem_reg[717][0]

  Ref  DFF        ref:/WORK/zigbee/DQPSK_CSK/Imag_Sync_FIFO/mem_reg[717][1]
  Impl DFF        imp:/WORK/zigbee/DQPSK_CSK/Imag_Sync_FIFO/mem_reg[717][1]

  Ref  DFF        ref:/WORK/zigbee/DQPSK_CSK/Imag_Sync_FIFO/mem_reg[718][0]
  Impl DFF        imp:/WORK/zigbee/DQPSK_CSK/Imag_Sync_FIFO/mem_reg[718][0]

  Ref  DFF        ref:/WORK/zigbee/DQPSK_CSK/Imag_Sync_FIFO/mem_reg[718][1]
  Impl DFF        imp:/WORK/zigbee/DQPSK_CSK/Imag_Sync_FIFO/mem_reg[718][1]

  Ref  DFF        ref:/WORK/zigbee/DQPSK_CSK/Imag_Sync_FIFO/mem_reg[719][0]
  Impl DFF        imp:/WORK/zigbee/DQPSK_CSK/Imag_Sync_FIFO/mem_reg[719][0]

  Ref  DFF        ref:/WORK/zigbee/DQPSK_CSK/Imag_Sync_FIFO/mem_reg[719][1]
  Impl DFF        imp:/WORK/zigbee/DQPSK_CSK/Imag_Sync_FIFO/mem_reg[719][1]

  Ref  DFF        ref:/WORK/zigbee/DQPSK_CSK/Imag_Sync_FIFO/mem_reg[71][0]
  Impl DFF        imp:/WORK/zigbee/DQPSK_CSK/Imag_Sync_FIFO/mem_reg[71][0]

  Ref  DFF        ref:/WORK/zigbee/DQPSK_CSK/Imag_Sync_FIFO/mem_reg[71][1]
  Impl DFF        imp:/WORK/zigbee/DQPSK_CSK/Imag_Sync_FIFO/mem_reg[71][1]

  Ref  DFF        ref:/WORK/zigbee/DQPSK_CSK/Imag_Sync_FIFO/mem_reg[720][0]
  Impl DFF        imp:/WORK/zigbee/DQPSK_CSK/Imag_Sync_FIFO/mem_reg[720][0]

  Ref  DFF        ref:/WORK/zigbee/DQPSK_CSK/Imag_Sync_FIFO/mem_reg[720][1]
  Impl DFF        imp:/WORK/zigbee/DQPSK_CSK/Imag_Sync_FIFO/mem_reg[720][1]

  Ref  DFF        ref:/WORK/zigbee/DQPSK_CSK/Imag_Sync_FIFO/mem_reg[721][0]
  Impl DFF        imp:/WORK/zigbee/DQPSK_CSK/Imag_Sync_FIFO/mem_reg[721][0]

  Ref  DFF        ref:/WORK/zigbee/DQPSK_CSK/Imag_Sync_FIFO/mem_reg[721][1]
  Impl DFF        imp:/WORK/zigbee/DQPSK_CSK/Imag_Sync_FIFO/mem_reg[721][1]

  Ref  DFF        ref:/WORK/zigbee/DQPSK_CSK/Imag_Sync_FIFO/mem_reg[722][0]
  Impl DFF        imp:/WORK/zigbee/DQPSK_CSK/Imag_Sync_FIFO/mem_reg[722][0]

  Ref  DFF        ref:/WORK/zigbee/DQPSK_CSK/Imag_Sync_FIFO/mem_reg[722][1]
  Impl DFF        imp:/WORK/zigbee/DQPSK_CSK/Imag_Sync_FIFO/mem_reg[722][1]

  Ref  DFF        ref:/WORK/zigbee/DQPSK_CSK/Imag_Sync_FIFO/mem_reg[723][0]
  Impl DFF        imp:/WORK/zigbee/DQPSK_CSK/Imag_Sync_FIFO/mem_reg[723][0]

  Ref  DFF        ref:/WORK/zigbee/DQPSK_CSK/Imag_Sync_FIFO/mem_reg[723][1]
  Impl DFF        imp:/WORK/zigbee/DQPSK_CSK/Imag_Sync_FIFO/mem_reg[723][1]

  Ref  DFF        ref:/WORK/zigbee/DQPSK_CSK/Imag_Sync_FIFO/mem_reg[724][0]
  Impl DFF        imp:/WORK/zigbee/DQPSK_CSK/Imag_Sync_FIFO/mem_reg[724][0]

  Ref  DFF        ref:/WORK/zigbee/DQPSK_CSK/Imag_Sync_FIFO/mem_reg[724][1]
  Impl DFF        imp:/WORK/zigbee/DQPSK_CSK/Imag_Sync_FIFO/mem_reg[724][1]

  Ref  DFF        ref:/WORK/zigbee/DQPSK_CSK/Imag_Sync_FIFO/mem_reg[725][0]
  Impl DFF        imp:/WORK/zigbee/DQPSK_CSK/Imag_Sync_FIFO/mem_reg[725][0]

  Ref  DFF        ref:/WORK/zigbee/DQPSK_CSK/Imag_Sync_FIFO/mem_reg[725][1]
  Impl DFF        imp:/WORK/zigbee/DQPSK_CSK/Imag_Sync_FIFO/mem_reg[725][1]

  Ref  DFF        ref:/WORK/zigbee/DQPSK_CSK/Imag_Sync_FIFO/mem_reg[726][0]
  Impl DFF        imp:/WORK/zigbee/DQPSK_CSK/Imag_Sync_FIFO/mem_reg[726][0]

  Ref  DFF        ref:/WORK/zigbee/DQPSK_CSK/Imag_Sync_FIFO/mem_reg[726][1]
  Impl DFF        imp:/WORK/zigbee/DQPSK_CSK/Imag_Sync_FIFO/mem_reg[726][1]

  Ref  DFF        ref:/WORK/zigbee/DQPSK_CSK/Imag_Sync_FIFO/mem_reg[727][0]
  Impl DFF        imp:/WORK/zigbee/DQPSK_CSK/Imag_Sync_FIFO/mem_reg[727][0]

  Ref  DFF        ref:/WORK/zigbee/DQPSK_CSK/Imag_Sync_FIFO/mem_reg[727][1]
  Impl DFF        imp:/WORK/zigbee/DQPSK_CSK/Imag_Sync_FIFO/mem_reg[727][1]

  Ref  DFF        ref:/WORK/zigbee/DQPSK_CSK/Imag_Sync_FIFO/mem_reg[728][0]
  Impl DFF        imp:/WORK/zigbee/DQPSK_CSK/Imag_Sync_FIFO/mem_reg[728][0]

  Ref  DFF        ref:/WORK/zigbee/DQPSK_CSK/Imag_Sync_FIFO/mem_reg[728][1]
  Impl DFF        imp:/WORK/zigbee/DQPSK_CSK/Imag_Sync_FIFO/mem_reg[728][1]

  Ref  DFF        ref:/WORK/zigbee/DQPSK_CSK/Imag_Sync_FIFO/mem_reg[729][0]
  Impl DFF        imp:/WORK/zigbee/DQPSK_CSK/Imag_Sync_FIFO/mem_reg[729][0]

  Ref  DFF        ref:/WORK/zigbee/DQPSK_CSK/Imag_Sync_FIFO/mem_reg[729][1]
  Impl DFF        imp:/WORK/zigbee/DQPSK_CSK/Imag_Sync_FIFO/mem_reg[729][1]

  Ref  DFF        ref:/WORK/zigbee/DQPSK_CSK/Imag_Sync_FIFO/mem_reg[72][0]
  Impl DFF        imp:/WORK/zigbee/DQPSK_CSK/Imag_Sync_FIFO/mem_reg[72][0]

  Ref  DFF        ref:/WORK/zigbee/DQPSK_CSK/Imag_Sync_FIFO/mem_reg[72][1]
  Impl DFF        imp:/WORK/zigbee/DQPSK_CSK/Imag_Sync_FIFO/mem_reg[72][1]

  Ref  DFF        ref:/WORK/zigbee/DQPSK_CSK/Imag_Sync_FIFO/mem_reg[730][0]
  Impl DFF        imp:/WORK/zigbee/DQPSK_CSK/Imag_Sync_FIFO/mem_reg[730][0]

  Ref  DFF        ref:/WORK/zigbee/DQPSK_CSK/Imag_Sync_FIFO/mem_reg[730][1]
  Impl DFF        imp:/WORK/zigbee/DQPSK_CSK/Imag_Sync_FIFO/mem_reg[730][1]

  Ref  DFF        ref:/WORK/zigbee/DQPSK_CSK/Imag_Sync_FIFO/mem_reg[731][0]
  Impl DFF        imp:/WORK/zigbee/DQPSK_CSK/Imag_Sync_FIFO/mem_reg[731][0]

  Ref  DFF        ref:/WORK/zigbee/DQPSK_CSK/Imag_Sync_FIFO/mem_reg[731][1]
  Impl DFF        imp:/WORK/zigbee/DQPSK_CSK/Imag_Sync_FIFO/mem_reg[731][1]

  Ref  DFF        ref:/WORK/zigbee/DQPSK_CSK/Imag_Sync_FIFO/mem_reg[732][0]
  Impl DFF        imp:/WORK/zigbee/DQPSK_CSK/Imag_Sync_FIFO/mem_reg[732][0]

  Ref  DFF        ref:/WORK/zigbee/DQPSK_CSK/Imag_Sync_FIFO/mem_reg[732][1]
  Impl DFF        imp:/WORK/zigbee/DQPSK_CSK/Imag_Sync_FIFO/mem_reg[732][1]

  Ref  DFF        ref:/WORK/zigbee/DQPSK_CSK/Imag_Sync_FIFO/mem_reg[733][0]
  Impl DFF        imp:/WORK/zigbee/DQPSK_CSK/Imag_Sync_FIFO/mem_reg[733][0]

  Ref  DFF        ref:/WORK/zigbee/DQPSK_CSK/Imag_Sync_FIFO/mem_reg[733][1]
  Impl DFF        imp:/WORK/zigbee/DQPSK_CSK/Imag_Sync_FIFO/mem_reg[733][1]

  Ref  DFF        ref:/WORK/zigbee/DQPSK_CSK/Imag_Sync_FIFO/mem_reg[734][0]
  Impl DFF        imp:/WORK/zigbee/DQPSK_CSK/Imag_Sync_FIFO/mem_reg[734][0]

  Ref  DFF        ref:/WORK/zigbee/DQPSK_CSK/Imag_Sync_FIFO/mem_reg[734][1]
  Impl DFF        imp:/WORK/zigbee/DQPSK_CSK/Imag_Sync_FIFO/mem_reg[734][1]

  Ref  DFF        ref:/WORK/zigbee/DQPSK_CSK/Imag_Sync_FIFO/mem_reg[735][0]
  Impl DFF        imp:/WORK/zigbee/DQPSK_CSK/Imag_Sync_FIFO/mem_reg[735][0]

  Ref  DFF        ref:/WORK/zigbee/DQPSK_CSK/Imag_Sync_FIFO/mem_reg[735][1]
  Impl DFF        imp:/WORK/zigbee/DQPSK_CSK/Imag_Sync_FIFO/mem_reg[735][1]

  Ref  DFF        ref:/WORK/zigbee/DQPSK_CSK/Imag_Sync_FIFO/mem_reg[736][0]
  Impl DFF        imp:/WORK/zigbee/DQPSK_CSK/Imag_Sync_FIFO/mem_reg[736][0]

  Ref  DFF        ref:/WORK/zigbee/DQPSK_CSK/Imag_Sync_FIFO/mem_reg[736][1]
  Impl DFF        imp:/WORK/zigbee/DQPSK_CSK/Imag_Sync_FIFO/mem_reg[736][1]

  Ref  DFF        ref:/WORK/zigbee/DQPSK_CSK/Imag_Sync_FIFO/mem_reg[737][0]
  Impl DFF        imp:/WORK/zigbee/DQPSK_CSK/Imag_Sync_FIFO/mem_reg[737][0]

  Ref  DFF        ref:/WORK/zigbee/DQPSK_CSK/Imag_Sync_FIFO/mem_reg[737][1]
  Impl DFF        imp:/WORK/zigbee/DQPSK_CSK/Imag_Sync_FIFO/mem_reg[737][1]

  Ref  DFF        ref:/WORK/zigbee/DQPSK_CSK/Imag_Sync_FIFO/mem_reg[738][0]
  Impl DFF        imp:/WORK/zigbee/DQPSK_CSK/Imag_Sync_FIFO/mem_reg[738][0]

  Ref  DFF        ref:/WORK/zigbee/DQPSK_CSK/Imag_Sync_FIFO/mem_reg[738][1]
  Impl DFF        imp:/WORK/zigbee/DQPSK_CSK/Imag_Sync_FIFO/mem_reg[738][1]

  Ref  DFF        ref:/WORK/zigbee/DQPSK_CSK/Imag_Sync_FIFO/mem_reg[739][0]
  Impl DFF        imp:/WORK/zigbee/DQPSK_CSK/Imag_Sync_FIFO/mem_reg[739][0]

  Ref  DFF        ref:/WORK/zigbee/DQPSK_CSK/Imag_Sync_FIFO/mem_reg[739][1]
  Impl DFF        imp:/WORK/zigbee/DQPSK_CSK/Imag_Sync_FIFO/mem_reg[739][1]

  Ref  DFF        ref:/WORK/zigbee/DQPSK_CSK/Imag_Sync_FIFO/mem_reg[73][0]
  Impl DFF        imp:/WORK/zigbee/DQPSK_CSK/Imag_Sync_FIFO/mem_reg[73][0]

  Ref  DFF        ref:/WORK/zigbee/DQPSK_CSK/Imag_Sync_FIFO/mem_reg[73][1]
  Impl DFF        imp:/WORK/zigbee/DQPSK_CSK/Imag_Sync_FIFO/mem_reg[73][1]

  Ref  DFF        ref:/WORK/zigbee/DQPSK_CSK/Imag_Sync_FIFO/mem_reg[740][0]
  Impl DFF        imp:/WORK/zigbee/DQPSK_CSK/Imag_Sync_FIFO/mem_reg[740][0]

  Ref  DFF        ref:/WORK/zigbee/DQPSK_CSK/Imag_Sync_FIFO/mem_reg[740][1]
  Impl DFF        imp:/WORK/zigbee/DQPSK_CSK/Imag_Sync_FIFO/mem_reg[740][1]

  Ref  DFF        ref:/WORK/zigbee/DQPSK_CSK/Imag_Sync_FIFO/mem_reg[741][0]
  Impl DFF        imp:/WORK/zigbee/DQPSK_CSK/Imag_Sync_FIFO/mem_reg[741][0]

  Ref  DFF        ref:/WORK/zigbee/DQPSK_CSK/Imag_Sync_FIFO/mem_reg[741][1]
  Impl DFF        imp:/WORK/zigbee/DQPSK_CSK/Imag_Sync_FIFO/mem_reg[741][1]

  Ref  DFF        ref:/WORK/zigbee/DQPSK_CSK/Imag_Sync_FIFO/mem_reg[742][0]
  Impl DFF        imp:/WORK/zigbee/DQPSK_CSK/Imag_Sync_FIFO/mem_reg[742][0]

  Ref  DFF        ref:/WORK/zigbee/DQPSK_CSK/Imag_Sync_FIFO/mem_reg[742][1]
  Impl DFF        imp:/WORK/zigbee/DQPSK_CSK/Imag_Sync_FIFO/mem_reg[742][1]

  Ref  DFF        ref:/WORK/zigbee/DQPSK_CSK/Imag_Sync_FIFO/mem_reg[743][0]
  Impl DFF        imp:/WORK/zigbee/DQPSK_CSK/Imag_Sync_FIFO/mem_reg[743][0]

  Ref  DFF        ref:/WORK/zigbee/DQPSK_CSK/Imag_Sync_FIFO/mem_reg[743][1]
  Impl DFF        imp:/WORK/zigbee/DQPSK_CSK/Imag_Sync_FIFO/mem_reg[743][1]

  Ref  DFF        ref:/WORK/zigbee/DQPSK_CSK/Imag_Sync_FIFO/mem_reg[744][0]
  Impl DFF        imp:/WORK/zigbee/DQPSK_CSK/Imag_Sync_FIFO/mem_reg[744][0]

  Ref  DFF        ref:/WORK/zigbee/DQPSK_CSK/Imag_Sync_FIFO/mem_reg[744][1]
  Impl DFF        imp:/WORK/zigbee/DQPSK_CSK/Imag_Sync_FIFO/mem_reg[744][1]

  Ref  DFF        ref:/WORK/zigbee/DQPSK_CSK/Imag_Sync_FIFO/mem_reg[745][0]
  Impl DFF        imp:/WORK/zigbee/DQPSK_CSK/Imag_Sync_FIFO/mem_reg[745][0]

  Ref  DFF        ref:/WORK/zigbee/DQPSK_CSK/Imag_Sync_FIFO/mem_reg[745][1]
  Impl DFF        imp:/WORK/zigbee/DQPSK_CSK/Imag_Sync_FIFO/mem_reg[745][1]

  Ref  DFF        ref:/WORK/zigbee/DQPSK_CSK/Imag_Sync_FIFO/mem_reg[746][0]
  Impl DFF        imp:/WORK/zigbee/DQPSK_CSK/Imag_Sync_FIFO/mem_reg[746][0]

  Ref  DFF        ref:/WORK/zigbee/DQPSK_CSK/Imag_Sync_FIFO/mem_reg[746][1]
  Impl DFF        imp:/WORK/zigbee/DQPSK_CSK/Imag_Sync_FIFO/mem_reg[746][1]

  Ref  DFF        ref:/WORK/zigbee/DQPSK_CSK/Imag_Sync_FIFO/mem_reg[747][0]
  Impl DFF        imp:/WORK/zigbee/DQPSK_CSK/Imag_Sync_FIFO/mem_reg[747][0]

  Ref  DFF        ref:/WORK/zigbee/DQPSK_CSK/Imag_Sync_FIFO/mem_reg[747][1]
  Impl DFF        imp:/WORK/zigbee/DQPSK_CSK/Imag_Sync_FIFO/mem_reg[747][1]

  Ref  DFF        ref:/WORK/zigbee/DQPSK_CSK/Imag_Sync_FIFO/mem_reg[748][0]
  Impl DFF        imp:/WORK/zigbee/DQPSK_CSK/Imag_Sync_FIFO/mem_reg[748][0]

  Ref  DFF        ref:/WORK/zigbee/DQPSK_CSK/Imag_Sync_FIFO/mem_reg[748][1]
  Impl DFF        imp:/WORK/zigbee/DQPSK_CSK/Imag_Sync_FIFO/mem_reg[748][1]

  Ref  DFF        ref:/WORK/zigbee/DQPSK_CSK/Imag_Sync_FIFO/mem_reg[749][0]
  Impl DFF        imp:/WORK/zigbee/DQPSK_CSK/Imag_Sync_FIFO/mem_reg[749][0]

  Ref  DFF        ref:/WORK/zigbee/DQPSK_CSK/Imag_Sync_FIFO/mem_reg[749][1]
  Impl DFF        imp:/WORK/zigbee/DQPSK_CSK/Imag_Sync_FIFO/mem_reg[749][1]

  Ref  DFF        ref:/WORK/zigbee/DQPSK_CSK/Imag_Sync_FIFO/mem_reg[74][0]
  Impl DFF        imp:/WORK/zigbee/DQPSK_CSK/Imag_Sync_FIFO/mem_reg[74][0]

  Ref  DFF        ref:/WORK/zigbee/DQPSK_CSK/Imag_Sync_FIFO/mem_reg[74][1]
  Impl DFF        imp:/WORK/zigbee/DQPSK_CSK/Imag_Sync_FIFO/mem_reg[74][1]

  Ref  DFF        ref:/WORK/zigbee/DQPSK_CSK/Imag_Sync_FIFO/mem_reg[750][0]
  Impl DFF        imp:/WORK/zigbee/DQPSK_CSK/Imag_Sync_FIFO/mem_reg[750][0]

  Ref  DFF        ref:/WORK/zigbee/DQPSK_CSK/Imag_Sync_FIFO/mem_reg[750][1]
  Impl DFF        imp:/WORK/zigbee/DQPSK_CSK/Imag_Sync_FIFO/mem_reg[750][1]

  Ref  DFF        ref:/WORK/zigbee/DQPSK_CSK/Imag_Sync_FIFO/mem_reg[751][0]
  Impl DFF        imp:/WORK/zigbee/DQPSK_CSK/Imag_Sync_FIFO/mem_reg[751][0]

  Ref  DFF        ref:/WORK/zigbee/DQPSK_CSK/Imag_Sync_FIFO/mem_reg[751][1]
  Impl DFF        imp:/WORK/zigbee/DQPSK_CSK/Imag_Sync_FIFO/mem_reg[751][1]

  Ref  DFF        ref:/WORK/zigbee/DQPSK_CSK/Imag_Sync_FIFO/mem_reg[752][0]
  Impl DFF        imp:/WORK/zigbee/DQPSK_CSK/Imag_Sync_FIFO/mem_reg[752][0]

  Ref  DFF        ref:/WORK/zigbee/DQPSK_CSK/Imag_Sync_FIFO/mem_reg[752][1]
  Impl DFF        imp:/WORK/zigbee/DQPSK_CSK/Imag_Sync_FIFO/mem_reg[752][1]

  Ref  DFF        ref:/WORK/zigbee/DQPSK_CSK/Imag_Sync_FIFO/mem_reg[753][0]
  Impl DFF        imp:/WORK/zigbee/DQPSK_CSK/Imag_Sync_FIFO/mem_reg[753][0]

  Ref  DFF        ref:/WORK/zigbee/DQPSK_CSK/Imag_Sync_FIFO/mem_reg[753][1]
  Impl DFF        imp:/WORK/zigbee/DQPSK_CSK/Imag_Sync_FIFO/mem_reg[753][1]

  Ref  DFF        ref:/WORK/zigbee/DQPSK_CSK/Imag_Sync_FIFO/mem_reg[754][0]
  Impl DFF        imp:/WORK/zigbee/DQPSK_CSK/Imag_Sync_FIFO/mem_reg[754][0]

  Ref  DFF        ref:/WORK/zigbee/DQPSK_CSK/Imag_Sync_FIFO/mem_reg[754][1]
  Impl DFF        imp:/WORK/zigbee/DQPSK_CSK/Imag_Sync_FIFO/mem_reg[754][1]

  Ref  DFF        ref:/WORK/zigbee/DQPSK_CSK/Imag_Sync_FIFO/mem_reg[755][0]
  Impl DFF        imp:/WORK/zigbee/DQPSK_CSK/Imag_Sync_FIFO/mem_reg[755][0]

  Ref  DFF        ref:/WORK/zigbee/DQPSK_CSK/Imag_Sync_FIFO/mem_reg[755][1]
  Impl DFF        imp:/WORK/zigbee/DQPSK_CSK/Imag_Sync_FIFO/mem_reg[755][1]

  Ref  DFF        ref:/WORK/zigbee/DQPSK_CSK/Imag_Sync_FIFO/mem_reg[756][0]
  Impl DFF        imp:/WORK/zigbee/DQPSK_CSK/Imag_Sync_FIFO/mem_reg[756][0]

  Ref  DFF        ref:/WORK/zigbee/DQPSK_CSK/Imag_Sync_FIFO/mem_reg[756][1]
  Impl DFF        imp:/WORK/zigbee/DQPSK_CSK/Imag_Sync_FIFO/mem_reg[756][1]

  Ref  DFF        ref:/WORK/zigbee/DQPSK_CSK/Imag_Sync_FIFO/mem_reg[757][0]
  Impl DFF        imp:/WORK/zigbee/DQPSK_CSK/Imag_Sync_FIFO/mem_reg[757][0]

  Ref  DFF        ref:/WORK/zigbee/DQPSK_CSK/Imag_Sync_FIFO/mem_reg[757][1]
  Impl DFF        imp:/WORK/zigbee/DQPSK_CSK/Imag_Sync_FIFO/mem_reg[757][1]

  Ref  DFF        ref:/WORK/zigbee/DQPSK_CSK/Imag_Sync_FIFO/mem_reg[758][0]
  Impl DFF        imp:/WORK/zigbee/DQPSK_CSK/Imag_Sync_FIFO/mem_reg[758][0]

  Ref  DFF        ref:/WORK/zigbee/DQPSK_CSK/Imag_Sync_FIFO/mem_reg[758][1]
  Impl DFF        imp:/WORK/zigbee/DQPSK_CSK/Imag_Sync_FIFO/mem_reg[758][1]

  Ref  DFF        ref:/WORK/zigbee/DQPSK_CSK/Imag_Sync_FIFO/mem_reg[759][0]
  Impl DFF        imp:/WORK/zigbee/DQPSK_CSK/Imag_Sync_FIFO/mem_reg[759][0]

  Ref  DFF        ref:/WORK/zigbee/DQPSK_CSK/Imag_Sync_FIFO/mem_reg[759][1]
  Impl DFF        imp:/WORK/zigbee/DQPSK_CSK/Imag_Sync_FIFO/mem_reg[759][1]

  Ref  DFF        ref:/WORK/zigbee/DQPSK_CSK/Imag_Sync_FIFO/mem_reg[75][0]
  Impl DFF        imp:/WORK/zigbee/DQPSK_CSK/Imag_Sync_FIFO/mem_reg[75][0]

  Ref  DFF        ref:/WORK/zigbee/DQPSK_CSK/Imag_Sync_FIFO/mem_reg[75][1]
  Impl DFF        imp:/WORK/zigbee/DQPSK_CSK/Imag_Sync_FIFO/mem_reg[75][1]

  Ref  DFF        ref:/WORK/zigbee/DQPSK_CSK/Imag_Sync_FIFO/mem_reg[760][0]
  Impl DFF        imp:/WORK/zigbee/DQPSK_CSK/Imag_Sync_FIFO/mem_reg[760][0]

  Ref  DFF        ref:/WORK/zigbee/DQPSK_CSK/Imag_Sync_FIFO/mem_reg[760][1]
  Impl DFF        imp:/WORK/zigbee/DQPSK_CSK/Imag_Sync_FIFO/mem_reg[760][1]

  Ref  DFF        ref:/WORK/zigbee/DQPSK_CSK/Imag_Sync_FIFO/mem_reg[761][0]
  Impl DFF        imp:/WORK/zigbee/DQPSK_CSK/Imag_Sync_FIFO/mem_reg[761][0]

  Ref  DFF        ref:/WORK/zigbee/DQPSK_CSK/Imag_Sync_FIFO/mem_reg[761][1]
  Impl DFF        imp:/WORK/zigbee/DQPSK_CSK/Imag_Sync_FIFO/mem_reg[761][1]

  Ref  DFF        ref:/WORK/zigbee/DQPSK_CSK/Imag_Sync_FIFO/mem_reg[762][0]
  Impl DFF        imp:/WORK/zigbee/DQPSK_CSK/Imag_Sync_FIFO/mem_reg[762][0]

  Ref  DFF        ref:/WORK/zigbee/DQPSK_CSK/Imag_Sync_FIFO/mem_reg[762][1]
  Impl DFF        imp:/WORK/zigbee/DQPSK_CSK/Imag_Sync_FIFO/mem_reg[762][1]

  Ref  DFF        ref:/WORK/zigbee/DQPSK_CSK/Imag_Sync_FIFO/mem_reg[763][0]
  Impl DFF        imp:/WORK/zigbee/DQPSK_CSK/Imag_Sync_FIFO/mem_reg[763][0]

  Ref  DFF        ref:/WORK/zigbee/DQPSK_CSK/Imag_Sync_FIFO/mem_reg[763][1]
  Impl DFF        imp:/WORK/zigbee/DQPSK_CSK/Imag_Sync_FIFO/mem_reg[763][1]

  Ref  DFF        ref:/WORK/zigbee/DQPSK_CSK/Imag_Sync_FIFO/mem_reg[764][0]
  Impl DFF        imp:/WORK/zigbee/DQPSK_CSK/Imag_Sync_FIFO/mem_reg[764][0]

  Ref  DFF        ref:/WORK/zigbee/DQPSK_CSK/Imag_Sync_FIFO/mem_reg[764][1]
  Impl DFF        imp:/WORK/zigbee/DQPSK_CSK/Imag_Sync_FIFO/mem_reg[764][1]

  Ref  DFF        ref:/WORK/zigbee/DQPSK_CSK/Imag_Sync_FIFO/mem_reg[765][0]
  Impl DFF        imp:/WORK/zigbee/DQPSK_CSK/Imag_Sync_FIFO/mem_reg[765][0]

  Ref  DFF        ref:/WORK/zigbee/DQPSK_CSK/Imag_Sync_FIFO/mem_reg[765][1]
  Impl DFF        imp:/WORK/zigbee/DQPSK_CSK/Imag_Sync_FIFO/mem_reg[765][1]

  Ref  DFF        ref:/WORK/zigbee/DQPSK_CSK/Imag_Sync_FIFO/mem_reg[766][0]
  Impl DFF        imp:/WORK/zigbee/DQPSK_CSK/Imag_Sync_FIFO/mem_reg[766][0]

  Ref  DFF        ref:/WORK/zigbee/DQPSK_CSK/Imag_Sync_FIFO/mem_reg[766][1]
  Impl DFF        imp:/WORK/zigbee/DQPSK_CSK/Imag_Sync_FIFO/mem_reg[766][1]

  Ref  DFF        ref:/WORK/zigbee/DQPSK_CSK/Imag_Sync_FIFO/mem_reg[767][0]
  Impl DFF        imp:/WORK/zigbee/DQPSK_CSK/Imag_Sync_FIFO/mem_reg[767][0]

  Ref  DFF        ref:/WORK/zigbee/DQPSK_CSK/Imag_Sync_FIFO/mem_reg[767][1]
  Impl DFF        imp:/WORK/zigbee/DQPSK_CSK/Imag_Sync_FIFO/mem_reg[767][1]

  Ref  DFF        ref:/WORK/zigbee/DQPSK_CSK/Imag_Sync_FIFO/mem_reg[768][0]
  Impl DFF        imp:/WORK/zigbee/DQPSK_CSK/Imag_Sync_FIFO/mem_reg[768][0]

  Ref  DFF        ref:/WORK/zigbee/DQPSK_CSK/Imag_Sync_FIFO/mem_reg[768][1]
  Impl DFF        imp:/WORK/zigbee/DQPSK_CSK/Imag_Sync_FIFO/mem_reg[768][1]

  Ref  DFF        ref:/WORK/zigbee/DQPSK_CSK/Imag_Sync_FIFO/mem_reg[769][0]
  Impl DFF        imp:/WORK/zigbee/DQPSK_CSK/Imag_Sync_FIFO/mem_reg[769][0]

  Ref  DFF        ref:/WORK/zigbee/DQPSK_CSK/Imag_Sync_FIFO/mem_reg[769][1]
  Impl DFF        imp:/WORK/zigbee/DQPSK_CSK/Imag_Sync_FIFO/mem_reg[769][1]

  Ref  DFF        ref:/WORK/zigbee/DQPSK_CSK/Imag_Sync_FIFO/mem_reg[76][0]
  Impl DFF        imp:/WORK/zigbee/DQPSK_CSK/Imag_Sync_FIFO/mem_reg[76][0]

  Ref  DFF        ref:/WORK/zigbee/DQPSK_CSK/Imag_Sync_FIFO/mem_reg[76][1]
  Impl DFF        imp:/WORK/zigbee/DQPSK_CSK/Imag_Sync_FIFO/mem_reg[76][1]

  Ref  DFF        ref:/WORK/zigbee/DQPSK_CSK/Imag_Sync_FIFO/mem_reg[770][0]
  Impl DFF        imp:/WORK/zigbee/DQPSK_CSK/Imag_Sync_FIFO/mem_reg[770][0]

  Ref  DFF        ref:/WORK/zigbee/DQPSK_CSK/Imag_Sync_FIFO/mem_reg[770][1]
  Impl DFF        imp:/WORK/zigbee/DQPSK_CSK/Imag_Sync_FIFO/mem_reg[770][1]

  Ref  DFF        ref:/WORK/zigbee/DQPSK_CSK/Imag_Sync_FIFO/mem_reg[771][0]
  Impl DFF        imp:/WORK/zigbee/DQPSK_CSK/Imag_Sync_FIFO/mem_reg[771][0]

  Ref  DFF        ref:/WORK/zigbee/DQPSK_CSK/Imag_Sync_FIFO/mem_reg[771][1]
  Impl DFF        imp:/WORK/zigbee/DQPSK_CSK/Imag_Sync_FIFO/mem_reg[771][1]

  Ref  DFF        ref:/WORK/zigbee/DQPSK_CSK/Imag_Sync_FIFO/mem_reg[772][0]
  Impl DFF        imp:/WORK/zigbee/DQPSK_CSK/Imag_Sync_FIFO/mem_reg[772][0]

  Ref  DFF        ref:/WORK/zigbee/DQPSK_CSK/Imag_Sync_FIFO/mem_reg[772][1]
  Impl DFF        imp:/WORK/zigbee/DQPSK_CSK/Imag_Sync_FIFO/mem_reg[772][1]

  Ref  DFF        ref:/WORK/zigbee/DQPSK_CSK/Imag_Sync_FIFO/mem_reg[773][0]
  Impl DFF        imp:/WORK/zigbee/DQPSK_CSK/Imag_Sync_FIFO/mem_reg[773][0]

  Ref  DFF        ref:/WORK/zigbee/DQPSK_CSK/Imag_Sync_FIFO/mem_reg[773][1]
  Impl DFF        imp:/WORK/zigbee/DQPSK_CSK/Imag_Sync_FIFO/mem_reg[773][1]

  Ref  DFF        ref:/WORK/zigbee/DQPSK_CSK/Imag_Sync_FIFO/mem_reg[774][0]
  Impl DFF        imp:/WORK/zigbee/DQPSK_CSK/Imag_Sync_FIFO/mem_reg[774][0]

  Ref  DFF        ref:/WORK/zigbee/DQPSK_CSK/Imag_Sync_FIFO/mem_reg[774][1]
  Impl DFF        imp:/WORK/zigbee/DQPSK_CSK/Imag_Sync_FIFO/mem_reg[774][1]

  Ref  DFF        ref:/WORK/zigbee/DQPSK_CSK/Imag_Sync_FIFO/mem_reg[775][0]
  Impl DFF        imp:/WORK/zigbee/DQPSK_CSK/Imag_Sync_FIFO/mem_reg[775][0]

  Ref  DFF        ref:/WORK/zigbee/DQPSK_CSK/Imag_Sync_FIFO/mem_reg[775][1]
  Impl DFF        imp:/WORK/zigbee/DQPSK_CSK/Imag_Sync_FIFO/mem_reg[775][1]

  Ref  DFF        ref:/WORK/zigbee/DQPSK_CSK/Imag_Sync_FIFO/mem_reg[776][0]
  Impl DFF        imp:/WORK/zigbee/DQPSK_CSK/Imag_Sync_FIFO/mem_reg[776][0]

  Ref  DFF        ref:/WORK/zigbee/DQPSK_CSK/Imag_Sync_FIFO/mem_reg[776][1]
  Impl DFF        imp:/WORK/zigbee/DQPSK_CSK/Imag_Sync_FIFO/mem_reg[776][1]

  Ref  DFF        ref:/WORK/zigbee/DQPSK_CSK/Imag_Sync_FIFO/mem_reg[777][0]
  Impl DFF        imp:/WORK/zigbee/DQPSK_CSK/Imag_Sync_FIFO/mem_reg[777][0]

  Ref  DFF        ref:/WORK/zigbee/DQPSK_CSK/Imag_Sync_FIFO/mem_reg[777][1]
  Impl DFF        imp:/WORK/zigbee/DQPSK_CSK/Imag_Sync_FIFO/mem_reg[777][1]

  Ref  DFF        ref:/WORK/zigbee/DQPSK_CSK/Imag_Sync_FIFO/mem_reg[778][0]
  Impl DFF        imp:/WORK/zigbee/DQPSK_CSK/Imag_Sync_FIFO/mem_reg[778][0]

  Ref  DFF        ref:/WORK/zigbee/DQPSK_CSK/Imag_Sync_FIFO/mem_reg[778][1]
  Impl DFF        imp:/WORK/zigbee/DQPSK_CSK/Imag_Sync_FIFO/mem_reg[778][1]

  Ref  DFF        ref:/WORK/zigbee/DQPSK_CSK/Imag_Sync_FIFO/mem_reg[779][0]
  Impl DFF        imp:/WORK/zigbee/DQPSK_CSK/Imag_Sync_FIFO/mem_reg[779][0]

  Ref  DFF        ref:/WORK/zigbee/DQPSK_CSK/Imag_Sync_FIFO/mem_reg[779][1]
  Impl DFF        imp:/WORK/zigbee/DQPSK_CSK/Imag_Sync_FIFO/mem_reg[779][1]

  Ref  DFF        ref:/WORK/zigbee/DQPSK_CSK/Imag_Sync_FIFO/mem_reg[77][0]
  Impl DFF        imp:/WORK/zigbee/DQPSK_CSK/Imag_Sync_FIFO/mem_reg[77][0]

  Ref  DFF        ref:/WORK/zigbee/DQPSK_CSK/Imag_Sync_FIFO/mem_reg[77][1]
  Impl DFF        imp:/WORK/zigbee/DQPSK_CSK/Imag_Sync_FIFO/mem_reg[77][1]

  Ref  DFF        ref:/WORK/zigbee/DQPSK_CSK/Imag_Sync_FIFO/mem_reg[780][0]
  Impl DFF        imp:/WORK/zigbee/DQPSK_CSK/Imag_Sync_FIFO/mem_reg[780][0]

  Ref  DFF        ref:/WORK/zigbee/DQPSK_CSK/Imag_Sync_FIFO/mem_reg[780][1]
  Impl DFF        imp:/WORK/zigbee/DQPSK_CSK/Imag_Sync_FIFO/mem_reg[780][1]

  Ref  DFF        ref:/WORK/zigbee/DQPSK_CSK/Imag_Sync_FIFO/mem_reg[781][0]
  Impl DFF        imp:/WORK/zigbee/DQPSK_CSK/Imag_Sync_FIFO/mem_reg[781][0]

  Ref  DFF        ref:/WORK/zigbee/DQPSK_CSK/Imag_Sync_FIFO/mem_reg[781][1]
  Impl DFF        imp:/WORK/zigbee/DQPSK_CSK/Imag_Sync_FIFO/mem_reg[781][1]

  Ref  DFF        ref:/WORK/zigbee/DQPSK_CSK/Imag_Sync_FIFO/mem_reg[782][0]
  Impl DFF        imp:/WORK/zigbee/DQPSK_CSK/Imag_Sync_FIFO/mem_reg[782][0]

  Ref  DFF        ref:/WORK/zigbee/DQPSK_CSK/Imag_Sync_FIFO/mem_reg[782][1]
  Impl DFF        imp:/WORK/zigbee/DQPSK_CSK/Imag_Sync_FIFO/mem_reg[782][1]

  Ref  DFF        ref:/WORK/zigbee/DQPSK_CSK/Imag_Sync_FIFO/mem_reg[783][0]
  Impl DFF        imp:/WORK/zigbee/DQPSK_CSK/Imag_Sync_FIFO/mem_reg[783][0]

  Ref  DFF        ref:/WORK/zigbee/DQPSK_CSK/Imag_Sync_FIFO/mem_reg[783][1]
  Impl DFF        imp:/WORK/zigbee/DQPSK_CSK/Imag_Sync_FIFO/mem_reg[783][1]

  Ref  DFF        ref:/WORK/zigbee/DQPSK_CSK/Imag_Sync_FIFO/mem_reg[784][0]
  Impl DFF        imp:/WORK/zigbee/DQPSK_CSK/Imag_Sync_FIFO/mem_reg[784][0]

  Ref  DFF        ref:/WORK/zigbee/DQPSK_CSK/Imag_Sync_FIFO/mem_reg[784][1]
  Impl DFF        imp:/WORK/zigbee/DQPSK_CSK/Imag_Sync_FIFO/mem_reg[784][1]

  Ref  DFF        ref:/WORK/zigbee/DQPSK_CSK/Imag_Sync_FIFO/mem_reg[785][0]
  Impl DFF        imp:/WORK/zigbee/DQPSK_CSK/Imag_Sync_FIFO/mem_reg[785][0]

  Ref  DFF        ref:/WORK/zigbee/DQPSK_CSK/Imag_Sync_FIFO/mem_reg[785][1]
  Impl DFF        imp:/WORK/zigbee/DQPSK_CSK/Imag_Sync_FIFO/mem_reg[785][1]

  Ref  DFF        ref:/WORK/zigbee/DQPSK_CSK/Imag_Sync_FIFO/mem_reg[786][0]
  Impl DFF        imp:/WORK/zigbee/DQPSK_CSK/Imag_Sync_FIFO/mem_reg[786][0]

  Ref  DFF        ref:/WORK/zigbee/DQPSK_CSK/Imag_Sync_FIFO/mem_reg[786][1]
  Impl DFF        imp:/WORK/zigbee/DQPSK_CSK/Imag_Sync_FIFO/mem_reg[786][1]

  Ref  DFF        ref:/WORK/zigbee/DQPSK_CSK/Imag_Sync_FIFO/mem_reg[787][0]
  Impl DFF        imp:/WORK/zigbee/DQPSK_CSK/Imag_Sync_FIFO/mem_reg[787][0]

  Ref  DFF        ref:/WORK/zigbee/DQPSK_CSK/Imag_Sync_FIFO/mem_reg[787][1]
  Impl DFF        imp:/WORK/zigbee/DQPSK_CSK/Imag_Sync_FIFO/mem_reg[787][1]

  Ref  DFF        ref:/WORK/zigbee/DQPSK_CSK/Imag_Sync_FIFO/mem_reg[788][0]
  Impl DFF        imp:/WORK/zigbee/DQPSK_CSK/Imag_Sync_FIFO/mem_reg[788][0]

  Ref  DFF        ref:/WORK/zigbee/DQPSK_CSK/Imag_Sync_FIFO/mem_reg[788][1]
  Impl DFF        imp:/WORK/zigbee/DQPSK_CSK/Imag_Sync_FIFO/mem_reg[788][1]

  Ref  DFF        ref:/WORK/zigbee/DQPSK_CSK/Imag_Sync_FIFO/mem_reg[789][0]
  Impl DFF        imp:/WORK/zigbee/DQPSK_CSK/Imag_Sync_FIFO/mem_reg[789][0]

  Ref  DFF        ref:/WORK/zigbee/DQPSK_CSK/Imag_Sync_FIFO/mem_reg[789][1]
  Impl DFF        imp:/WORK/zigbee/DQPSK_CSK/Imag_Sync_FIFO/mem_reg[789][1]

  Ref  DFF        ref:/WORK/zigbee/DQPSK_CSK/Imag_Sync_FIFO/mem_reg[78][0]
  Impl DFF        imp:/WORK/zigbee/DQPSK_CSK/Imag_Sync_FIFO/mem_reg[78][0]

  Ref  DFF        ref:/WORK/zigbee/DQPSK_CSK/Imag_Sync_FIFO/mem_reg[78][1]
  Impl DFF        imp:/WORK/zigbee/DQPSK_CSK/Imag_Sync_FIFO/mem_reg[78][1]

  Ref  DFF        ref:/WORK/zigbee/DQPSK_CSK/Imag_Sync_FIFO/mem_reg[790][0]
  Impl DFF        imp:/WORK/zigbee/DQPSK_CSK/Imag_Sync_FIFO/mem_reg[790][0]

  Ref  DFF        ref:/WORK/zigbee/DQPSK_CSK/Imag_Sync_FIFO/mem_reg[790][1]
  Impl DFF        imp:/WORK/zigbee/DQPSK_CSK/Imag_Sync_FIFO/mem_reg[790][1]

  Ref  DFF        ref:/WORK/zigbee/DQPSK_CSK/Imag_Sync_FIFO/mem_reg[791][0]
  Impl DFF        imp:/WORK/zigbee/DQPSK_CSK/Imag_Sync_FIFO/mem_reg[791][0]

  Ref  DFF        ref:/WORK/zigbee/DQPSK_CSK/Imag_Sync_FIFO/mem_reg[791][1]
  Impl DFF        imp:/WORK/zigbee/DQPSK_CSK/Imag_Sync_FIFO/mem_reg[791][1]

  Ref  DFF        ref:/WORK/zigbee/DQPSK_CSK/Imag_Sync_FIFO/mem_reg[792][0]
  Impl DFF        imp:/WORK/zigbee/DQPSK_CSK/Imag_Sync_FIFO/mem_reg[792][0]

  Ref  DFF        ref:/WORK/zigbee/DQPSK_CSK/Imag_Sync_FIFO/mem_reg[792][1]
  Impl DFF        imp:/WORK/zigbee/DQPSK_CSK/Imag_Sync_FIFO/mem_reg[792][1]

  Ref  DFF        ref:/WORK/zigbee/DQPSK_CSK/Imag_Sync_FIFO/mem_reg[793][0]
  Impl DFF        imp:/WORK/zigbee/DQPSK_CSK/Imag_Sync_FIFO/mem_reg[793][0]

  Ref  DFF        ref:/WORK/zigbee/DQPSK_CSK/Imag_Sync_FIFO/mem_reg[793][1]
  Impl DFF        imp:/WORK/zigbee/DQPSK_CSK/Imag_Sync_FIFO/mem_reg[793][1]

  Ref  DFF        ref:/WORK/zigbee/DQPSK_CSK/Imag_Sync_FIFO/mem_reg[794][0]
  Impl DFF        imp:/WORK/zigbee/DQPSK_CSK/Imag_Sync_FIFO/mem_reg[794][0]

  Ref  DFF        ref:/WORK/zigbee/DQPSK_CSK/Imag_Sync_FIFO/mem_reg[794][1]
  Impl DFF        imp:/WORK/zigbee/DQPSK_CSK/Imag_Sync_FIFO/mem_reg[794][1]

  Ref  DFF        ref:/WORK/zigbee/DQPSK_CSK/Imag_Sync_FIFO/mem_reg[795][0]
  Impl DFF        imp:/WORK/zigbee/DQPSK_CSK/Imag_Sync_FIFO/mem_reg[795][0]

  Ref  DFF        ref:/WORK/zigbee/DQPSK_CSK/Imag_Sync_FIFO/mem_reg[795][1]
  Impl DFF        imp:/WORK/zigbee/DQPSK_CSK/Imag_Sync_FIFO/mem_reg[795][1]

  Ref  DFF        ref:/WORK/zigbee/DQPSK_CSK/Imag_Sync_FIFO/mem_reg[796][0]
  Impl DFF        imp:/WORK/zigbee/DQPSK_CSK/Imag_Sync_FIFO/mem_reg[796][0]

  Ref  DFF        ref:/WORK/zigbee/DQPSK_CSK/Imag_Sync_FIFO/mem_reg[796][1]
  Impl DFF        imp:/WORK/zigbee/DQPSK_CSK/Imag_Sync_FIFO/mem_reg[796][1]

  Ref  DFF        ref:/WORK/zigbee/DQPSK_CSK/Imag_Sync_FIFO/mem_reg[797][0]
  Impl DFF        imp:/WORK/zigbee/DQPSK_CSK/Imag_Sync_FIFO/mem_reg[797][0]

  Ref  DFF        ref:/WORK/zigbee/DQPSK_CSK/Imag_Sync_FIFO/mem_reg[797][1]
  Impl DFF        imp:/WORK/zigbee/DQPSK_CSK/Imag_Sync_FIFO/mem_reg[797][1]

  Ref  DFF        ref:/WORK/zigbee/DQPSK_CSK/Imag_Sync_FIFO/mem_reg[798][0]
  Impl DFF        imp:/WORK/zigbee/DQPSK_CSK/Imag_Sync_FIFO/mem_reg[798][0]

  Ref  DFF        ref:/WORK/zigbee/DQPSK_CSK/Imag_Sync_FIFO/mem_reg[798][1]
  Impl DFF        imp:/WORK/zigbee/DQPSK_CSK/Imag_Sync_FIFO/mem_reg[798][1]

  Ref  DFF        ref:/WORK/zigbee/DQPSK_CSK/Imag_Sync_FIFO/mem_reg[799][0]
  Impl DFF        imp:/WORK/zigbee/DQPSK_CSK/Imag_Sync_FIFO/mem_reg[799][0]

  Ref  DFF        ref:/WORK/zigbee/DQPSK_CSK/Imag_Sync_FIFO/mem_reg[799][1]
  Impl DFF        imp:/WORK/zigbee/DQPSK_CSK/Imag_Sync_FIFO/mem_reg[799][1]

  Ref  DFF        ref:/WORK/zigbee/DQPSK_CSK/Imag_Sync_FIFO/mem_reg[79][0]
  Impl DFF        imp:/WORK/zigbee/DQPSK_CSK/Imag_Sync_FIFO/mem_reg[79][0]

  Ref  DFF        ref:/WORK/zigbee/DQPSK_CSK/Imag_Sync_FIFO/mem_reg[79][1]
  Impl DFF        imp:/WORK/zigbee/DQPSK_CSK/Imag_Sync_FIFO/mem_reg[79][1]

  Ref  DFF        ref:/WORK/zigbee/DQPSK_CSK/Imag_Sync_FIFO/mem_reg[7][0]
  Impl DFF        imp:/WORK/zigbee/DQPSK_CSK/Imag_Sync_FIFO/mem_reg[7][0]

  Ref  DFF        ref:/WORK/zigbee/DQPSK_CSK/Imag_Sync_FIFO/mem_reg[7][1]
  Impl DFF        imp:/WORK/zigbee/DQPSK_CSK/Imag_Sync_FIFO/mem_reg[7][1]

  Ref  DFF        ref:/WORK/zigbee/DQPSK_CSK/Imag_Sync_FIFO/mem_reg[800][0]
  Impl DFF        imp:/WORK/zigbee/DQPSK_CSK/Imag_Sync_FIFO/mem_reg[800][0]

  Ref  DFF        ref:/WORK/zigbee/DQPSK_CSK/Imag_Sync_FIFO/mem_reg[800][1]
  Impl DFF        imp:/WORK/zigbee/DQPSK_CSK/Imag_Sync_FIFO/mem_reg[800][1]

  Ref  DFF        ref:/WORK/zigbee/DQPSK_CSK/Imag_Sync_FIFO/mem_reg[801][0]
  Impl DFF        imp:/WORK/zigbee/DQPSK_CSK/Imag_Sync_FIFO/mem_reg[801][0]

  Ref  DFF        ref:/WORK/zigbee/DQPSK_CSK/Imag_Sync_FIFO/mem_reg[801][1]
  Impl DFF        imp:/WORK/zigbee/DQPSK_CSK/Imag_Sync_FIFO/mem_reg[801][1]

  Ref  DFF        ref:/WORK/zigbee/DQPSK_CSK/Imag_Sync_FIFO/mem_reg[802][0]
  Impl DFF        imp:/WORK/zigbee/DQPSK_CSK/Imag_Sync_FIFO/mem_reg[802][0]

  Ref  DFF        ref:/WORK/zigbee/DQPSK_CSK/Imag_Sync_FIFO/mem_reg[802][1]
  Impl DFF        imp:/WORK/zigbee/DQPSK_CSK/Imag_Sync_FIFO/mem_reg[802][1]

  Ref  DFF        ref:/WORK/zigbee/DQPSK_CSK/Imag_Sync_FIFO/mem_reg[803][0]
  Impl DFF        imp:/WORK/zigbee/DQPSK_CSK/Imag_Sync_FIFO/mem_reg[803][0]

  Ref  DFF        ref:/WORK/zigbee/DQPSK_CSK/Imag_Sync_FIFO/mem_reg[803][1]
  Impl DFF        imp:/WORK/zigbee/DQPSK_CSK/Imag_Sync_FIFO/mem_reg[803][1]

  Ref  DFF        ref:/WORK/zigbee/DQPSK_CSK/Imag_Sync_FIFO/mem_reg[804][0]
  Impl DFF        imp:/WORK/zigbee/DQPSK_CSK/Imag_Sync_FIFO/mem_reg[804][0]

  Ref  DFF        ref:/WORK/zigbee/DQPSK_CSK/Imag_Sync_FIFO/mem_reg[804][1]
  Impl DFF        imp:/WORK/zigbee/DQPSK_CSK/Imag_Sync_FIFO/mem_reg[804][1]

  Ref  DFF        ref:/WORK/zigbee/DQPSK_CSK/Imag_Sync_FIFO/mem_reg[805][0]
  Impl DFF        imp:/WORK/zigbee/DQPSK_CSK/Imag_Sync_FIFO/mem_reg[805][0]

  Ref  DFF        ref:/WORK/zigbee/DQPSK_CSK/Imag_Sync_FIFO/mem_reg[805][1]
  Impl DFF        imp:/WORK/zigbee/DQPSK_CSK/Imag_Sync_FIFO/mem_reg[805][1]

  Ref  DFF        ref:/WORK/zigbee/DQPSK_CSK/Imag_Sync_FIFO/mem_reg[806][0]
  Impl DFF        imp:/WORK/zigbee/DQPSK_CSK/Imag_Sync_FIFO/mem_reg[806][0]

  Ref  DFF        ref:/WORK/zigbee/DQPSK_CSK/Imag_Sync_FIFO/mem_reg[806][1]
  Impl DFF        imp:/WORK/zigbee/DQPSK_CSK/Imag_Sync_FIFO/mem_reg[806][1]

  Ref  DFF        ref:/WORK/zigbee/DQPSK_CSK/Imag_Sync_FIFO/mem_reg[807][0]
  Impl DFF        imp:/WORK/zigbee/DQPSK_CSK/Imag_Sync_FIFO/mem_reg[807][0]

  Ref  DFF        ref:/WORK/zigbee/DQPSK_CSK/Imag_Sync_FIFO/mem_reg[807][1]
  Impl DFF        imp:/WORK/zigbee/DQPSK_CSK/Imag_Sync_FIFO/mem_reg[807][1]

  Ref  DFF        ref:/WORK/zigbee/DQPSK_CSK/Imag_Sync_FIFO/mem_reg[808][0]
  Impl DFF        imp:/WORK/zigbee/DQPSK_CSK/Imag_Sync_FIFO/mem_reg[808][0]

  Ref  DFF        ref:/WORK/zigbee/DQPSK_CSK/Imag_Sync_FIFO/mem_reg[808][1]
  Impl DFF        imp:/WORK/zigbee/DQPSK_CSK/Imag_Sync_FIFO/mem_reg[808][1]

  Ref  DFF        ref:/WORK/zigbee/DQPSK_CSK/Imag_Sync_FIFO/mem_reg[809][0]
  Impl DFF        imp:/WORK/zigbee/DQPSK_CSK/Imag_Sync_FIFO/mem_reg[809][0]

  Ref  DFF        ref:/WORK/zigbee/DQPSK_CSK/Imag_Sync_FIFO/mem_reg[809][1]
  Impl DFF        imp:/WORK/zigbee/DQPSK_CSK/Imag_Sync_FIFO/mem_reg[809][1]

  Ref  DFF        ref:/WORK/zigbee/DQPSK_CSK/Imag_Sync_FIFO/mem_reg[80][0]
  Impl DFF        imp:/WORK/zigbee/DQPSK_CSK/Imag_Sync_FIFO/mem_reg[80][0]

  Ref  DFF        ref:/WORK/zigbee/DQPSK_CSK/Imag_Sync_FIFO/mem_reg[80][1]
  Impl DFF        imp:/WORK/zigbee/DQPSK_CSK/Imag_Sync_FIFO/mem_reg[80][1]

  Ref  DFF        ref:/WORK/zigbee/DQPSK_CSK/Imag_Sync_FIFO/mem_reg[810][0]
  Impl DFF        imp:/WORK/zigbee/DQPSK_CSK/Imag_Sync_FIFO/mem_reg[810][0]

  Ref  DFF        ref:/WORK/zigbee/DQPSK_CSK/Imag_Sync_FIFO/mem_reg[810][1]
  Impl DFF        imp:/WORK/zigbee/DQPSK_CSK/Imag_Sync_FIFO/mem_reg[810][1]

  Ref  DFF        ref:/WORK/zigbee/DQPSK_CSK/Imag_Sync_FIFO/mem_reg[811][0]
  Impl DFF        imp:/WORK/zigbee/DQPSK_CSK/Imag_Sync_FIFO/mem_reg[811][0]

  Ref  DFF        ref:/WORK/zigbee/DQPSK_CSK/Imag_Sync_FIFO/mem_reg[811][1]
  Impl DFF        imp:/WORK/zigbee/DQPSK_CSK/Imag_Sync_FIFO/mem_reg[811][1]

  Ref  DFF        ref:/WORK/zigbee/DQPSK_CSK/Imag_Sync_FIFO/mem_reg[812][0]
  Impl DFF        imp:/WORK/zigbee/DQPSK_CSK/Imag_Sync_FIFO/mem_reg[812][0]

  Ref  DFF        ref:/WORK/zigbee/DQPSK_CSK/Imag_Sync_FIFO/mem_reg[812][1]
  Impl DFF        imp:/WORK/zigbee/DQPSK_CSK/Imag_Sync_FIFO/mem_reg[812][1]

  Ref  DFF        ref:/WORK/zigbee/DQPSK_CSK/Imag_Sync_FIFO/mem_reg[813][0]
  Impl DFF        imp:/WORK/zigbee/DQPSK_CSK/Imag_Sync_FIFO/mem_reg[813][0]

  Ref  DFF        ref:/WORK/zigbee/DQPSK_CSK/Imag_Sync_FIFO/mem_reg[813][1]
  Impl DFF        imp:/WORK/zigbee/DQPSK_CSK/Imag_Sync_FIFO/mem_reg[813][1]

  Ref  DFF        ref:/WORK/zigbee/DQPSK_CSK/Imag_Sync_FIFO/mem_reg[814][0]
  Impl DFF        imp:/WORK/zigbee/DQPSK_CSK/Imag_Sync_FIFO/mem_reg[814][0]

  Ref  DFF        ref:/WORK/zigbee/DQPSK_CSK/Imag_Sync_FIFO/mem_reg[814][1]
  Impl DFF        imp:/WORK/zigbee/DQPSK_CSK/Imag_Sync_FIFO/mem_reg[814][1]

  Ref  DFF        ref:/WORK/zigbee/DQPSK_CSK/Imag_Sync_FIFO/mem_reg[815][0]
  Impl DFF        imp:/WORK/zigbee/DQPSK_CSK/Imag_Sync_FIFO/mem_reg[815][0]

  Ref  DFF        ref:/WORK/zigbee/DQPSK_CSK/Imag_Sync_FIFO/mem_reg[815][1]
  Impl DFF        imp:/WORK/zigbee/DQPSK_CSK/Imag_Sync_FIFO/mem_reg[815][1]

  Ref  DFF        ref:/WORK/zigbee/DQPSK_CSK/Imag_Sync_FIFO/mem_reg[816][0]
  Impl DFF        imp:/WORK/zigbee/DQPSK_CSK/Imag_Sync_FIFO/mem_reg[816][0]

  Ref  DFF        ref:/WORK/zigbee/DQPSK_CSK/Imag_Sync_FIFO/mem_reg[816][1]
  Impl DFF        imp:/WORK/zigbee/DQPSK_CSK/Imag_Sync_FIFO/mem_reg[816][1]

  Ref  DFF        ref:/WORK/zigbee/DQPSK_CSK/Imag_Sync_FIFO/mem_reg[817][0]
  Impl DFF        imp:/WORK/zigbee/DQPSK_CSK/Imag_Sync_FIFO/mem_reg[817][0]

  Ref  DFF        ref:/WORK/zigbee/DQPSK_CSK/Imag_Sync_FIFO/mem_reg[817][1]
  Impl DFF        imp:/WORK/zigbee/DQPSK_CSK/Imag_Sync_FIFO/mem_reg[817][1]

  Ref  DFF        ref:/WORK/zigbee/DQPSK_CSK/Imag_Sync_FIFO/mem_reg[818][0]
  Impl DFF        imp:/WORK/zigbee/DQPSK_CSK/Imag_Sync_FIFO/mem_reg[818][0]

  Ref  DFF        ref:/WORK/zigbee/DQPSK_CSK/Imag_Sync_FIFO/mem_reg[818][1]
  Impl DFF        imp:/WORK/zigbee/DQPSK_CSK/Imag_Sync_FIFO/mem_reg[818][1]

  Ref  DFF        ref:/WORK/zigbee/DQPSK_CSK/Imag_Sync_FIFO/mem_reg[819][0]
  Impl DFF        imp:/WORK/zigbee/DQPSK_CSK/Imag_Sync_FIFO/mem_reg[819][0]

  Ref  DFF        ref:/WORK/zigbee/DQPSK_CSK/Imag_Sync_FIFO/mem_reg[819][1]
  Impl DFF        imp:/WORK/zigbee/DQPSK_CSK/Imag_Sync_FIFO/mem_reg[819][1]

  Ref  DFF        ref:/WORK/zigbee/DQPSK_CSK/Imag_Sync_FIFO/mem_reg[81][0]
  Impl DFF        imp:/WORK/zigbee/DQPSK_CSK/Imag_Sync_FIFO/mem_reg[81][0]

  Ref  DFF        ref:/WORK/zigbee/DQPSK_CSK/Imag_Sync_FIFO/mem_reg[81][1]
  Impl DFF        imp:/WORK/zigbee/DQPSK_CSK/Imag_Sync_FIFO/mem_reg[81][1]

  Ref  DFF        ref:/WORK/zigbee/DQPSK_CSK/Imag_Sync_FIFO/mem_reg[820][0]
  Impl DFF        imp:/WORK/zigbee/DQPSK_CSK/Imag_Sync_FIFO/mem_reg[820][0]

  Ref  DFF        ref:/WORK/zigbee/DQPSK_CSK/Imag_Sync_FIFO/mem_reg[820][1]
  Impl DFF        imp:/WORK/zigbee/DQPSK_CSK/Imag_Sync_FIFO/mem_reg[820][1]

  Ref  DFF        ref:/WORK/zigbee/DQPSK_CSK/Imag_Sync_FIFO/mem_reg[821][0]
  Impl DFF        imp:/WORK/zigbee/DQPSK_CSK/Imag_Sync_FIFO/mem_reg[821][0]

  Ref  DFF        ref:/WORK/zigbee/DQPSK_CSK/Imag_Sync_FIFO/mem_reg[821][1]
  Impl DFF        imp:/WORK/zigbee/DQPSK_CSK/Imag_Sync_FIFO/mem_reg[821][1]

  Ref  DFF        ref:/WORK/zigbee/DQPSK_CSK/Imag_Sync_FIFO/mem_reg[822][0]
  Impl DFF        imp:/WORK/zigbee/DQPSK_CSK/Imag_Sync_FIFO/mem_reg[822][0]

  Ref  DFF        ref:/WORK/zigbee/DQPSK_CSK/Imag_Sync_FIFO/mem_reg[822][1]
  Impl DFF        imp:/WORK/zigbee/DQPSK_CSK/Imag_Sync_FIFO/mem_reg[822][1]

  Ref  DFF        ref:/WORK/zigbee/DQPSK_CSK/Imag_Sync_FIFO/mem_reg[823][0]
  Impl DFF        imp:/WORK/zigbee/DQPSK_CSK/Imag_Sync_FIFO/mem_reg[823][0]

  Ref  DFF        ref:/WORK/zigbee/DQPSK_CSK/Imag_Sync_FIFO/mem_reg[823][1]
  Impl DFF        imp:/WORK/zigbee/DQPSK_CSK/Imag_Sync_FIFO/mem_reg[823][1]

  Ref  DFF        ref:/WORK/zigbee/DQPSK_CSK/Imag_Sync_FIFO/mem_reg[824][0]
  Impl DFF        imp:/WORK/zigbee/DQPSK_CSK/Imag_Sync_FIFO/mem_reg[824][0]

  Ref  DFF        ref:/WORK/zigbee/DQPSK_CSK/Imag_Sync_FIFO/mem_reg[824][1]
  Impl DFF        imp:/WORK/zigbee/DQPSK_CSK/Imag_Sync_FIFO/mem_reg[824][1]

  Ref  DFF        ref:/WORK/zigbee/DQPSK_CSK/Imag_Sync_FIFO/mem_reg[825][0]
  Impl DFF        imp:/WORK/zigbee/DQPSK_CSK/Imag_Sync_FIFO/mem_reg[825][0]

  Ref  DFF        ref:/WORK/zigbee/DQPSK_CSK/Imag_Sync_FIFO/mem_reg[825][1]
  Impl DFF        imp:/WORK/zigbee/DQPSK_CSK/Imag_Sync_FIFO/mem_reg[825][1]

  Ref  DFF        ref:/WORK/zigbee/DQPSK_CSK/Imag_Sync_FIFO/mem_reg[826][0]
  Impl DFF        imp:/WORK/zigbee/DQPSK_CSK/Imag_Sync_FIFO/mem_reg[826][0]

  Ref  DFF        ref:/WORK/zigbee/DQPSK_CSK/Imag_Sync_FIFO/mem_reg[826][1]
  Impl DFF        imp:/WORK/zigbee/DQPSK_CSK/Imag_Sync_FIFO/mem_reg[826][1]

  Ref  DFF        ref:/WORK/zigbee/DQPSK_CSK/Imag_Sync_FIFO/mem_reg[827][0]
  Impl DFF        imp:/WORK/zigbee/DQPSK_CSK/Imag_Sync_FIFO/mem_reg[827][0]

  Ref  DFF        ref:/WORK/zigbee/DQPSK_CSK/Imag_Sync_FIFO/mem_reg[827][1]
  Impl DFF        imp:/WORK/zigbee/DQPSK_CSK/Imag_Sync_FIFO/mem_reg[827][1]

  Ref  DFF        ref:/WORK/zigbee/DQPSK_CSK/Imag_Sync_FIFO/mem_reg[828][0]
  Impl DFF        imp:/WORK/zigbee/DQPSK_CSK/Imag_Sync_FIFO/mem_reg[828][0]

  Ref  DFF        ref:/WORK/zigbee/DQPSK_CSK/Imag_Sync_FIFO/mem_reg[828][1]
  Impl DFF        imp:/WORK/zigbee/DQPSK_CSK/Imag_Sync_FIFO/mem_reg[828][1]

  Ref  DFF        ref:/WORK/zigbee/DQPSK_CSK/Imag_Sync_FIFO/mem_reg[829][0]
  Impl DFF        imp:/WORK/zigbee/DQPSK_CSK/Imag_Sync_FIFO/mem_reg[829][0]

  Ref  DFF        ref:/WORK/zigbee/DQPSK_CSK/Imag_Sync_FIFO/mem_reg[829][1]
  Impl DFF        imp:/WORK/zigbee/DQPSK_CSK/Imag_Sync_FIFO/mem_reg[829][1]

  Ref  DFF        ref:/WORK/zigbee/DQPSK_CSK/Imag_Sync_FIFO/mem_reg[82][0]
  Impl DFF        imp:/WORK/zigbee/DQPSK_CSK/Imag_Sync_FIFO/mem_reg[82][0]

  Ref  DFF        ref:/WORK/zigbee/DQPSK_CSK/Imag_Sync_FIFO/mem_reg[82][1]
  Impl DFF        imp:/WORK/zigbee/DQPSK_CSK/Imag_Sync_FIFO/mem_reg[82][1]

  Ref  DFF        ref:/WORK/zigbee/DQPSK_CSK/Imag_Sync_FIFO/mem_reg[830][0]
  Impl DFF        imp:/WORK/zigbee/DQPSK_CSK/Imag_Sync_FIFO/mem_reg[830][0]

  Ref  DFF        ref:/WORK/zigbee/DQPSK_CSK/Imag_Sync_FIFO/mem_reg[830][1]
  Impl DFF        imp:/WORK/zigbee/DQPSK_CSK/Imag_Sync_FIFO/mem_reg[830][1]

  Ref  DFF        ref:/WORK/zigbee/DQPSK_CSK/Imag_Sync_FIFO/mem_reg[831][0]
  Impl DFF        imp:/WORK/zigbee/DQPSK_CSK/Imag_Sync_FIFO/mem_reg[831][0]

  Ref  DFF        ref:/WORK/zigbee/DQPSK_CSK/Imag_Sync_FIFO/mem_reg[831][1]
  Impl DFF        imp:/WORK/zigbee/DQPSK_CSK/Imag_Sync_FIFO/mem_reg[831][1]

  Ref  DFF        ref:/WORK/zigbee/DQPSK_CSK/Imag_Sync_FIFO/mem_reg[832][0]
  Impl DFF        imp:/WORK/zigbee/DQPSK_CSK/Imag_Sync_FIFO/mem_reg[832][0]

  Ref  DFF        ref:/WORK/zigbee/DQPSK_CSK/Imag_Sync_FIFO/mem_reg[832][1]
  Impl DFF        imp:/WORK/zigbee/DQPSK_CSK/Imag_Sync_FIFO/mem_reg[832][1]

  Ref  DFF        ref:/WORK/zigbee/DQPSK_CSK/Imag_Sync_FIFO/mem_reg[833][0]
  Impl DFF        imp:/WORK/zigbee/DQPSK_CSK/Imag_Sync_FIFO/mem_reg[833][0]

  Ref  DFF        ref:/WORK/zigbee/DQPSK_CSK/Imag_Sync_FIFO/mem_reg[833][1]
  Impl DFF        imp:/WORK/zigbee/DQPSK_CSK/Imag_Sync_FIFO/mem_reg[833][1]

  Ref  DFF        ref:/WORK/zigbee/DQPSK_CSK/Imag_Sync_FIFO/mem_reg[834][0]
  Impl DFF        imp:/WORK/zigbee/DQPSK_CSK/Imag_Sync_FIFO/mem_reg[834][0]

  Ref  DFF        ref:/WORK/zigbee/DQPSK_CSK/Imag_Sync_FIFO/mem_reg[834][1]
  Impl DFF        imp:/WORK/zigbee/DQPSK_CSK/Imag_Sync_FIFO/mem_reg[834][1]

  Ref  DFF        ref:/WORK/zigbee/DQPSK_CSK/Imag_Sync_FIFO/mem_reg[835][0]
  Impl DFF        imp:/WORK/zigbee/DQPSK_CSK/Imag_Sync_FIFO/mem_reg[835][0]

  Ref  DFF        ref:/WORK/zigbee/DQPSK_CSK/Imag_Sync_FIFO/mem_reg[835][1]
  Impl DFF        imp:/WORK/zigbee/DQPSK_CSK/Imag_Sync_FIFO/mem_reg[835][1]

  Ref  DFF        ref:/WORK/zigbee/DQPSK_CSK/Imag_Sync_FIFO/mem_reg[836][0]
  Impl DFF        imp:/WORK/zigbee/DQPSK_CSK/Imag_Sync_FIFO/mem_reg[836][0]

  Ref  DFF        ref:/WORK/zigbee/DQPSK_CSK/Imag_Sync_FIFO/mem_reg[836][1]
  Impl DFF        imp:/WORK/zigbee/DQPSK_CSK/Imag_Sync_FIFO/mem_reg[836][1]

  Ref  DFF        ref:/WORK/zigbee/DQPSK_CSK/Imag_Sync_FIFO/mem_reg[837][0]
  Impl DFF        imp:/WORK/zigbee/DQPSK_CSK/Imag_Sync_FIFO/mem_reg[837][0]

  Ref  DFF        ref:/WORK/zigbee/DQPSK_CSK/Imag_Sync_FIFO/mem_reg[837][1]
  Impl DFF        imp:/WORK/zigbee/DQPSK_CSK/Imag_Sync_FIFO/mem_reg[837][1]

  Ref  DFF        ref:/WORK/zigbee/DQPSK_CSK/Imag_Sync_FIFO/mem_reg[838][0]
  Impl DFF        imp:/WORK/zigbee/DQPSK_CSK/Imag_Sync_FIFO/mem_reg[838][0]

  Ref  DFF        ref:/WORK/zigbee/DQPSK_CSK/Imag_Sync_FIFO/mem_reg[838][1]
  Impl DFF        imp:/WORK/zigbee/DQPSK_CSK/Imag_Sync_FIFO/mem_reg[838][1]

  Ref  DFF        ref:/WORK/zigbee/DQPSK_CSK/Imag_Sync_FIFO/mem_reg[839][0]
  Impl DFF        imp:/WORK/zigbee/DQPSK_CSK/Imag_Sync_FIFO/mem_reg[839][0]

  Ref  DFF        ref:/WORK/zigbee/DQPSK_CSK/Imag_Sync_FIFO/mem_reg[839][1]
  Impl DFF        imp:/WORK/zigbee/DQPSK_CSK/Imag_Sync_FIFO/mem_reg[839][1]

  Ref  DFF        ref:/WORK/zigbee/DQPSK_CSK/Imag_Sync_FIFO/mem_reg[83][0]
  Impl DFF        imp:/WORK/zigbee/DQPSK_CSK/Imag_Sync_FIFO/mem_reg[83][0]

  Ref  DFF        ref:/WORK/zigbee/DQPSK_CSK/Imag_Sync_FIFO/mem_reg[83][1]
  Impl DFF        imp:/WORK/zigbee/DQPSK_CSK/Imag_Sync_FIFO/mem_reg[83][1]

  Ref  DFF        ref:/WORK/zigbee/DQPSK_CSK/Imag_Sync_FIFO/mem_reg[840][0]
  Impl DFF        imp:/WORK/zigbee/DQPSK_CSK/Imag_Sync_FIFO/mem_reg[840][0]

  Ref  DFF        ref:/WORK/zigbee/DQPSK_CSK/Imag_Sync_FIFO/mem_reg[840][1]
  Impl DFF        imp:/WORK/zigbee/DQPSK_CSK/Imag_Sync_FIFO/mem_reg[840][1]

  Ref  DFF        ref:/WORK/zigbee/DQPSK_CSK/Imag_Sync_FIFO/mem_reg[841][0]
  Impl DFF        imp:/WORK/zigbee/DQPSK_CSK/Imag_Sync_FIFO/mem_reg[841][0]

  Ref  DFF        ref:/WORK/zigbee/DQPSK_CSK/Imag_Sync_FIFO/mem_reg[841][1]
  Impl DFF        imp:/WORK/zigbee/DQPSK_CSK/Imag_Sync_FIFO/mem_reg[841][1]

  Ref  DFF        ref:/WORK/zigbee/DQPSK_CSK/Imag_Sync_FIFO/mem_reg[842][0]
  Impl DFF        imp:/WORK/zigbee/DQPSK_CSK/Imag_Sync_FIFO/mem_reg[842][0]

  Ref  DFF        ref:/WORK/zigbee/DQPSK_CSK/Imag_Sync_FIFO/mem_reg[842][1]
  Impl DFF        imp:/WORK/zigbee/DQPSK_CSK/Imag_Sync_FIFO/mem_reg[842][1]

  Ref  DFF        ref:/WORK/zigbee/DQPSK_CSK/Imag_Sync_FIFO/mem_reg[843][0]
  Impl DFF        imp:/WORK/zigbee/DQPSK_CSK/Imag_Sync_FIFO/mem_reg[843][0]

  Ref  DFF        ref:/WORK/zigbee/DQPSK_CSK/Imag_Sync_FIFO/mem_reg[843][1]
  Impl DFF        imp:/WORK/zigbee/DQPSK_CSK/Imag_Sync_FIFO/mem_reg[843][1]

  Ref  DFF        ref:/WORK/zigbee/DQPSK_CSK/Imag_Sync_FIFO/mem_reg[844][0]
  Impl DFF        imp:/WORK/zigbee/DQPSK_CSK/Imag_Sync_FIFO/mem_reg[844][0]

  Ref  DFF        ref:/WORK/zigbee/DQPSK_CSK/Imag_Sync_FIFO/mem_reg[844][1]
  Impl DFF        imp:/WORK/zigbee/DQPSK_CSK/Imag_Sync_FIFO/mem_reg[844][1]

  Ref  DFF        ref:/WORK/zigbee/DQPSK_CSK/Imag_Sync_FIFO/mem_reg[845][0]
  Impl DFF        imp:/WORK/zigbee/DQPSK_CSK/Imag_Sync_FIFO/mem_reg[845][0]

  Ref  DFF        ref:/WORK/zigbee/DQPSK_CSK/Imag_Sync_FIFO/mem_reg[845][1]
  Impl DFF        imp:/WORK/zigbee/DQPSK_CSK/Imag_Sync_FIFO/mem_reg[845][1]

  Ref  DFF        ref:/WORK/zigbee/DQPSK_CSK/Imag_Sync_FIFO/mem_reg[846][0]
  Impl DFF        imp:/WORK/zigbee/DQPSK_CSK/Imag_Sync_FIFO/mem_reg[846][0]

  Ref  DFF        ref:/WORK/zigbee/DQPSK_CSK/Imag_Sync_FIFO/mem_reg[846][1]
  Impl DFF        imp:/WORK/zigbee/DQPSK_CSK/Imag_Sync_FIFO/mem_reg[846][1]

  Ref  DFF        ref:/WORK/zigbee/DQPSK_CSK/Imag_Sync_FIFO/mem_reg[847][0]
  Impl DFF        imp:/WORK/zigbee/DQPSK_CSK/Imag_Sync_FIFO/mem_reg[847][0]

  Ref  DFF        ref:/WORK/zigbee/DQPSK_CSK/Imag_Sync_FIFO/mem_reg[847][1]
  Impl DFF        imp:/WORK/zigbee/DQPSK_CSK/Imag_Sync_FIFO/mem_reg[847][1]

  Ref  DFF        ref:/WORK/zigbee/DQPSK_CSK/Imag_Sync_FIFO/mem_reg[848][0]
  Impl DFF        imp:/WORK/zigbee/DQPSK_CSK/Imag_Sync_FIFO/mem_reg[848][0]

  Ref  DFF        ref:/WORK/zigbee/DQPSK_CSK/Imag_Sync_FIFO/mem_reg[848][1]
  Impl DFF        imp:/WORK/zigbee/DQPSK_CSK/Imag_Sync_FIFO/mem_reg[848][1]

  Ref  DFF        ref:/WORK/zigbee/DQPSK_CSK/Imag_Sync_FIFO/mem_reg[849][0]
  Impl DFF        imp:/WORK/zigbee/DQPSK_CSK/Imag_Sync_FIFO/mem_reg[849][0]

  Ref  DFF        ref:/WORK/zigbee/DQPSK_CSK/Imag_Sync_FIFO/mem_reg[849][1]
  Impl DFF        imp:/WORK/zigbee/DQPSK_CSK/Imag_Sync_FIFO/mem_reg[849][1]

  Ref  DFF        ref:/WORK/zigbee/DQPSK_CSK/Imag_Sync_FIFO/mem_reg[84][0]
  Impl DFF        imp:/WORK/zigbee/DQPSK_CSK/Imag_Sync_FIFO/mem_reg[84][0]

  Ref  DFF        ref:/WORK/zigbee/DQPSK_CSK/Imag_Sync_FIFO/mem_reg[84][1]
  Impl DFF        imp:/WORK/zigbee/DQPSK_CSK/Imag_Sync_FIFO/mem_reg[84][1]

  Ref  DFF        ref:/WORK/zigbee/DQPSK_CSK/Imag_Sync_FIFO/mem_reg[850][0]
  Impl DFF        imp:/WORK/zigbee/DQPSK_CSK/Imag_Sync_FIFO/mem_reg[850][0]

  Ref  DFF        ref:/WORK/zigbee/DQPSK_CSK/Imag_Sync_FIFO/mem_reg[850][1]
  Impl DFF        imp:/WORK/zigbee/DQPSK_CSK/Imag_Sync_FIFO/mem_reg[850][1]

  Ref  DFF        ref:/WORK/zigbee/DQPSK_CSK/Imag_Sync_FIFO/mem_reg[851][0]
  Impl DFF        imp:/WORK/zigbee/DQPSK_CSK/Imag_Sync_FIFO/mem_reg[851][0]

  Ref  DFF        ref:/WORK/zigbee/DQPSK_CSK/Imag_Sync_FIFO/mem_reg[851][1]
  Impl DFF        imp:/WORK/zigbee/DQPSK_CSK/Imag_Sync_FIFO/mem_reg[851][1]

  Ref  DFF        ref:/WORK/zigbee/DQPSK_CSK/Imag_Sync_FIFO/mem_reg[852][0]
  Impl DFF        imp:/WORK/zigbee/DQPSK_CSK/Imag_Sync_FIFO/mem_reg[852][0]

  Ref  DFF        ref:/WORK/zigbee/DQPSK_CSK/Imag_Sync_FIFO/mem_reg[852][1]
  Impl DFF        imp:/WORK/zigbee/DQPSK_CSK/Imag_Sync_FIFO/mem_reg[852][1]

  Ref  DFF        ref:/WORK/zigbee/DQPSK_CSK/Imag_Sync_FIFO/mem_reg[853][0]
  Impl DFF        imp:/WORK/zigbee/DQPSK_CSK/Imag_Sync_FIFO/mem_reg[853][0]

  Ref  DFF        ref:/WORK/zigbee/DQPSK_CSK/Imag_Sync_FIFO/mem_reg[853][1]
  Impl DFF        imp:/WORK/zigbee/DQPSK_CSK/Imag_Sync_FIFO/mem_reg[853][1]

  Ref  DFF        ref:/WORK/zigbee/DQPSK_CSK/Imag_Sync_FIFO/mem_reg[854][0]
  Impl DFF        imp:/WORK/zigbee/DQPSK_CSK/Imag_Sync_FIFO/mem_reg[854][0]

  Ref  DFF        ref:/WORK/zigbee/DQPSK_CSK/Imag_Sync_FIFO/mem_reg[854][1]
  Impl DFF        imp:/WORK/zigbee/DQPSK_CSK/Imag_Sync_FIFO/mem_reg[854][1]

  Ref  DFF        ref:/WORK/zigbee/DQPSK_CSK/Imag_Sync_FIFO/mem_reg[855][0]
  Impl DFF        imp:/WORK/zigbee/DQPSK_CSK/Imag_Sync_FIFO/mem_reg[855][0]

  Ref  DFF        ref:/WORK/zigbee/DQPSK_CSK/Imag_Sync_FIFO/mem_reg[855][1]
  Impl DFF        imp:/WORK/zigbee/DQPSK_CSK/Imag_Sync_FIFO/mem_reg[855][1]

  Ref  DFF        ref:/WORK/zigbee/DQPSK_CSK/Imag_Sync_FIFO/mem_reg[856][0]
  Impl DFF        imp:/WORK/zigbee/DQPSK_CSK/Imag_Sync_FIFO/mem_reg[856][0]

  Ref  DFF        ref:/WORK/zigbee/DQPSK_CSK/Imag_Sync_FIFO/mem_reg[856][1]
  Impl DFF        imp:/WORK/zigbee/DQPSK_CSK/Imag_Sync_FIFO/mem_reg[856][1]

  Ref  DFF        ref:/WORK/zigbee/DQPSK_CSK/Imag_Sync_FIFO/mem_reg[857][0]
  Impl DFF        imp:/WORK/zigbee/DQPSK_CSK/Imag_Sync_FIFO/mem_reg[857][0]

  Ref  DFF        ref:/WORK/zigbee/DQPSK_CSK/Imag_Sync_FIFO/mem_reg[857][1]
  Impl DFF        imp:/WORK/zigbee/DQPSK_CSK/Imag_Sync_FIFO/mem_reg[857][1]

  Ref  DFF        ref:/WORK/zigbee/DQPSK_CSK/Imag_Sync_FIFO/mem_reg[858][0]
  Impl DFF        imp:/WORK/zigbee/DQPSK_CSK/Imag_Sync_FIFO/mem_reg[858][0]

  Ref  DFF        ref:/WORK/zigbee/DQPSK_CSK/Imag_Sync_FIFO/mem_reg[858][1]
  Impl DFF        imp:/WORK/zigbee/DQPSK_CSK/Imag_Sync_FIFO/mem_reg[858][1]

  Ref  DFF        ref:/WORK/zigbee/DQPSK_CSK/Imag_Sync_FIFO/mem_reg[859][0]
  Impl DFF        imp:/WORK/zigbee/DQPSK_CSK/Imag_Sync_FIFO/mem_reg[859][0]

  Ref  DFF        ref:/WORK/zigbee/DQPSK_CSK/Imag_Sync_FIFO/mem_reg[859][1]
  Impl DFF        imp:/WORK/zigbee/DQPSK_CSK/Imag_Sync_FIFO/mem_reg[859][1]

  Ref  DFF        ref:/WORK/zigbee/DQPSK_CSK/Imag_Sync_FIFO/mem_reg[85][0]
  Impl DFF        imp:/WORK/zigbee/DQPSK_CSK/Imag_Sync_FIFO/mem_reg[85][0]

  Ref  DFF        ref:/WORK/zigbee/DQPSK_CSK/Imag_Sync_FIFO/mem_reg[85][1]
  Impl DFF        imp:/WORK/zigbee/DQPSK_CSK/Imag_Sync_FIFO/mem_reg[85][1]

  Ref  DFF        ref:/WORK/zigbee/DQPSK_CSK/Imag_Sync_FIFO/mem_reg[860][0]
  Impl DFF        imp:/WORK/zigbee/DQPSK_CSK/Imag_Sync_FIFO/mem_reg[860][0]

  Ref  DFF        ref:/WORK/zigbee/DQPSK_CSK/Imag_Sync_FIFO/mem_reg[860][1]
  Impl DFF        imp:/WORK/zigbee/DQPSK_CSK/Imag_Sync_FIFO/mem_reg[860][1]

  Ref  DFF        ref:/WORK/zigbee/DQPSK_CSK/Imag_Sync_FIFO/mem_reg[861][0]
  Impl DFF        imp:/WORK/zigbee/DQPSK_CSK/Imag_Sync_FIFO/mem_reg[861][0]

  Ref  DFF        ref:/WORK/zigbee/DQPSK_CSK/Imag_Sync_FIFO/mem_reg[861][1]
  Impl DFF        imp:/WORK/zigbee/DQPSK_CSK/Imag_Sync_FIFO/mem_reg[861][1]

  Ref  DFF        ref:/WORK/zigbee/DQPSK_CSK/Imag_Sync_FIFO/mem_reg[862][0]
  Impl DFF        imp:/WORK/zigbee/DQPSK_CSK/Imag_Sync_FIFO/mem_reg[862][0]

  Ref  DFF        ref:/WORK/zigbee/DQPSK_CSK/Imag_Sync_FIFO/mem_reg[862][1]
  Impl DFF        imp:/WORK/zigbee/DQPSK_CSK/Imag_Sync_FIFO/mem_reg[862][1]

  Ref  DFF        ref:/WORK/zigbee/DQPSK_CSK/Imag_Sync_FIFO/mem_reg[863][0]
  Impl DFF        imp:/WORK/zigbee/DQPSK_CSK/Imag_Sync_FIFO/mem_reg[863][0]

  Ref  DFF        ref:/WORK/zigbee/DQPSK_CSK/Imag_Sync_FIFO/mem_reg[863][1]
  Impl DFF        imp:/WORK/zigbee/DQPSK_CSK/Imag_Sync_FIFO/mem_reg[863][1]

  Ref  DFF        ref:/WORK/zigbee/DQPSK_CSK/Imag_Sync_FIFO/mem_reg[864][0]
  Impl DFF        imp:/WORK/zigbee/DQPSK_CSK/Imag_Sync_FIFO/mem_reg[864][0]

  Ref  DFF        ref:/WORK/zigbee/DQPSK_CSK/Imag_Sync_FIFO/mem_reg[864][1]
  Impl DFF        imp:/WORK/zigbee/DQPSK_CSK/Imag_Sync_FIFO/mem_reg[864][1]

  Ref  DFF        ref:/WORK/zigbee/DQPSK_CSK/Imag_Sync_FIFO/mem_reg[865][0]
  Impl DFF        imp:/WORK/zigbee/DQPSK_CSK/Imag_Sync_FIFO/mem_reg[865][0]

  Ref  DFF        ref:/WORK/zigbee/DQPSK_CSK/Imag_Sync_FIFO/mem_reg[865][1]
  Impl DFF        imp:/WORK/zigbee/DQPSK_CSK/Imag_Sync_FIFO/mem_reg[865][1]

  Ref  DFF        ref:/WORK/zigbee/DQPSK_CSK/Imag_Sync_FIFO/mem_reg[866][0]
  Impl DFF        imp:/WORK/zigbee/DQPSK_CSK/Imag_Sync_FIFO/mem_reg[866][0]

  Ref  DFF        ref:/WORK/zigbee/DQPSK_CSK/Imag_Sync_FIFO/mem_reg[866][1]
  Impl DFF        imp:/WORK/zigbee/DQPSK_CSK/Imag_Sync_FIFO/mem_reg[866][1]

  Ref  DFF        ref:/WORK/zigbee/DQPSK_CSK/Imag_Sync_FIFO/mem_reg[867][0]
  Impl DFF        imp:/WORK/zigbee/DQPSK_CSK/Imag_Sync_FIFO/mem_reg[867][0]

  Ref  DFF        ref:/WORK/zigbee/DQPSK_CSK/Imag_Sync_FIFO/mem_reg[867][1]
  Impl DFF        imp:/WORK/zigbee/DQPSK_CSK/Imag_Sync_FIFO/mem_reg[867][1]

  Ref  DFF        ref:/WORK/zigbee/DQPSK_CSK/Imag_Sync_FIFO/mem_reg[868][0]
  Impl DFF        imp:/WORK/zigbee/DQPSK_CSK/Imag_Sync_FIFO/mem_reg[868][0]

  Ref  DFF        ref:/WORK/zigbee/DQPSK_CSK/Imag_Sync_FIFO/mem_reg[868][1]
  Impl DFF        imp:/WORK/zigbee/DQPSK_CSK/Imag_Sync_FIFO/mem_reg[868][1]

  Ref  DFF        ref:/WORK/zigbee/DQPSK_CSK/Imag_Sync_FIFO/mem_reg[869][0]
  Impl DFF        imp:/WORK/zigbee/DQPSK_CSK/Imag_Sync_FIFO/mem_reg[869][0]

  Ref  DFF        ref:/WORK/zigbee/DQPSK_CSK/Imag_Sync_FIFO/mem_reg[869][1]
  Impl DFF        imp:/WORK/zigbee/DQPSK_CSK/Imag_Sync_FIFO/mem_reg[869][1]

  Ref  DFF        ref:/WORK/zigbee/DQPSK_CSK/Imag_Sync_FIFO/mem_reg[86][0]
  Impl DFF        imp:/WORK/zigbee/DQPSK_CSK/Imag_Sync_FIFO/mem_reg[86][0]

  Ref  DFF        ref:/WORK/zigbee/DQPSK_CSK/Imag_Sync_FIFO/mem_reg[86][1]
  Impl DFF        imp:/WORK/zigbee/DQPSK_CSK/Imag_Sync_FIFO/mem_reg[86][1]

  Ref  DFF        ref:/WORK/zigbee/DQPSK_CSK/Imag_Sync_FIFO/mem_reg[870][0]
  Impl DFF        imp:/WORK/zigbee/DQPSK_CSK/Imag_Sync_FIFO/mem_reg[870][0]

  Ref  DFF        ref:/WORK/zigbee/DQPSK_CSK/Imag_Sync_FIFO/mem_reg[870][1]
  Impl DFF        imp:/WORK/zigbee/DQPSK_CSK/Imag_Sync_FIFO/mem_reg[870][1]

  Ref  DFF        ref:/WORK/zigbee/DQPSK_CSK/Imag_Sync_FIFO/mem_reg[871][0]
  Impl DFF        imp:/WORK/zigbee/DQPSK_CSK/Imag_Sync_FIFO/mem_reg[871][0]

  Ref  DFF        ref:/WORK/zigbee/DQPSK_CSK/Imag_Sync_FIFO/mem_reg[871][1]
  Impl DFF        imp:/WORK/zigbee/DQPSK_CSK/Imag_Sync_FIFO/mem_reg[871][1]

  Ref  DFF        ref:/WORK/zigbee/DQPSK_CSK/Imag_Sync_FIFO/mem_reg[872][0]
  Impl DFF        imp:/WORK/zigbee/DQPSK_CSK/Imag_Sync_FIFO/mem_reg[872][0]

  Ref  DFF        ref:/WORK/zigbee/DQPSK_CSK/Imag_Sync_FIFO/mem_reg[872][1]
  Impl DFF        imp:/WORK/zigbee/DQPSK_CSK/Imag_Sync_FIFO/mem_reg[872][1]

  Ref  DFF        ref:/WORK/zigbee/DQPSK_CSK/Imag_Sync_FIFO/mem_reg[873][0]
  Impl DFF        imp:/WORK/zigbee/DQPSK_CSK/Imag_Sync_FIFO/mem_reg[873][0]

  Ref  DFF        ref:/WORK/zigbee/DQPSK_CSK/Imag_Sync_FIFO/mem_reg[873][1]
  Impl DFF        imp:/WORK/zigbee/DQPSK_CSK/Imag_Sync_FIFO/mem_reg[873][1]

  Ref  DFF        ref:/WORK/zigbee/DQPSK_CSK/Imag_Sync_FIFO/mem_reg[874][0]
  Impl DFF        imp:/WORK/zigbee/DQPSK_CSK/Imag_Sync_FIFO/mem_reg[874][0]

  Ref  DFF        ref:/WORK/zigbee/DQPSK_CSK/Imag_Sync_FIFO/mem_reg[874][1]
  Impl DFF        imp:/WORK/zigbee/DQPSK_CSK/Imag_Sync_FIFO/mem_reg[874][1]

  Ref  DFF        ref:/WORK/zigbee/DQPSK_CSK/Imag_Sync_FIFO/mem_reg[875][0]
  Impl DFF        imp:/WORK/zigbee/DQPSK_CSK/Imag_Sync_FIFO/mem_reg[875][0]

  Ref  DFF        ref:/WORK/zigbee/DQPSK_CSK/Imag_Sync_FIFO/mem_reg[875][1]
  Impl DFF        imp:/WORK/zigbee/DQPSK_CSK/Imag_Sync_FIFO/mem_reg[875][1]

  Ref  DFF        ref:/WORK/zigbee/DQPSK_CSK/Imag_Sync_FIFO/mem_reg[876][0]
  Impl DFF        imp:/WORK/zigbee/DQPSK_CSK/Imag_Sync_FIFO/mem_reg[876][0]

  Ref  DFF        ref:/WORK/zigbee/DQPSK_CSK/Imag_Sync_FIFO/mem_reg[876][1]
  Impl DFF        imp:/WORK/zigbee/DQPSK_CSK/Imag_Sync_FIFO/mem_reg[876][1]

  Ref  DFF        ref:/WORK/zigbee/DQPSK_CSK/Imag_Sync_FIFO/mem_reg[877][0]
  Impl DFF        imp:/WORK/zigbee/DQPSK_CSK/Imag_Sync_FIFO/mem_reg[877][0]

  Ref  DFF        ref:/WORK/zigbee/DQPSK_CSK/Imag_Sync_FIFO/mem_reg[877][1]
  Impl DFF        imp:/WORK/zigbee/DQPSK_CSK/Imag_Sync_FIFO/mem_reg[877][1]

  Ref  DFF        ref:/WORK/zigbee/DQPSK_CSK/Imag_Sync_FIFO/mem_reg[878][0]
  Impl DFF        imp:/WORK/zigbee/DQPSK_CSK/Imag_Sync_FIFO/mem_reg[878][0]

  Ref  DFF        ref:/WORK/zigbee/DQPSK_CSK/Imag_Sync_FIFO/mem_reg[878][1]
  Impl DFF        imp:/WORK/zigbee/DQPSK_CSK/Imag_Sync_FIFO/mem_reg[878][1]

  Ref  DFF        ref:/WORK/zigbee/DQPSK_CSK/Imag_Sync_FIFO/mem_reg[879][0]
  Impl DFF        imp:/WORK/zigbee/DQPSK_CSK/Imag_Sync_FIFO/mem_reg[879][0]

  Ref  DFF        ref:/WORK/zigbee/DQPSK_CSK/Imag_Sync_FIFO/mem_reg[879][1]
  Impl DFF        imp:/WORK/zigbee/DQPSK_CSK/Imag_Sync_FIFO/mem_reg[879][1]

  Ref  DFF        ref:/WORK/zigbee/DQPSK_CSK/Imag_Sync_FIFO/mem_reg[87][0]
  Impl DFF        imp:/WORK/zigbee/DQPSK_CSK/Imag_Sync_FIFO/mem_reg[87][0]

  Ref  DFF        ref:/WORK/zigbee/DQPSK_CSK/Imag_Sync_FIFO/mem_reg[87][1]
  Impl DFF        imp:/WORK/zigbee/DQPSK_CSK/Imag_Sync_FIFO/mem_reg[87][1]

  Ref  DFF        ref:/WORK/zigbee/DQPSK_CSK/Imag_Sync_FIFO/mem_reg[880][0]
  Impl DFF        imp:/WORK/zigbee/DQPSK_CSK/Imag_Sync_FIFO/mem_reg[880][0]

  Ref  DFF        ref:/WORK/zigbee/DQPSK_CSK/Imag_Sync_FIFO/mem_reg[880][1]
  Impl DFF        imp:/WORK/zigbee/DQPSK_CSK/Imag_Sync_FIFO/mem_reg[880][1]

  Ref  DFF        ref:/WORK/zigbee/DQPSK_CSK/Imag_Sync_FIFO/mem_reg[881][0]
  Impl DFF        imp:/WORK/zigbee/DQPSK_CSK/Imag_Sync_FIFO/mem_reg[881][0]

  Ref  DFF        ref:/WORK/zigbee/DQPSK_CSK/Imag_Sync_FIFO/mem_reg[881][1]
  Impl DFF        imp:/WORK/zigbee/DQPSK_CSK/Imag_Sync_FIFO/mem_reg[881][1]

  Ref  DFF        ref:/WORK/zigbee/DQPSK_CSK/Imag_Sync_FIFO/mem_reg[882][0]
  Impl DFF        imp:/WORK/zigbee/DQPSK_CSK/Imag_Sync_FIFO/mem_reg[882][0]

  Ref  DFF        ref:/WORK/zigbee/DQPSK_CSK/Imag_Sync_FIFO/mem_reg[882][1]
  Impl DFF        imp:/WORK/zigbee/DQPSK_CSK/Imag_Sync_FIFO/mem_reg[882][1]

  Ref  DFF        ref:/WORK/zigbee/DQPSK_CSK/Imag_Sync_FIFO/mem_reg[883][0]
  Impl DFF        imp:/WORK/zigbee/DQPSK_CSK/Imag_Sync_FIFO/mem_reg[883][0]

  Ref  DFF        ref:/WORK/zigbee/DQPSK_CSK/Imag_Sync_FIFO/mem_reg[883][1]
  Impl DFF        imp:/WORK/zigbee/DQPSK_CSK/Imag_Sync_FIFO/mem_reg[883][1]

  Ref  DFF        ref:/WORK/zigbee/DQPSK_CSK/Imag_Sync_FIFO/mem_reg[884][0]
  Impl DFF        imp:/WORK/zigbee/DQPSK_CSK/Imag_Sync_FIFO/mem_reg[884][0]

  Ref  DFF        ref:/WORK/zigbee/DQPSK_CSK/Imag_Sync_FIFO/mem_reg[884][1]
  Impl DFF        imp:/WORK/zigbee/DQPSK_CSK/Imag_Sync_FIFO/mem_reg[884][1]

  Ref  DFF        ref:/WORK/zigbee/DQPSK_CSK/Imag_Sync_FIFO/mem_reg[885][0]
  Impl DFF        imp:/WORK/zigbee/DQPSK_CSK/Imag_Sync_FIFO/mem_reg[885][0]

  Ref  DFF        ref:/WORK/zigbee/DQPSK_CSK/Imag_Sync_FIFO/mem_reg[885][1]
  Impl DFF        imp:/WORK/zigbee/DQPSK_CSK/Imag_Sync_FIFO/mem_reg[885][1]

  Ref  DFF        ref:/WORK/zigbee/DQPSK_CSK/Imag_Sync_FIFO/mem_reg[886][0]
  Impl DFF        imp:/WORK/zigbee/DQPSK_CSK/Imag_Sync_FIFO/mem_reg[886][0]

  Ref  DFF        ref:/WORK/zigbee/DQPSK_CSK/Imag_Sync_FIFO/mem_reg[886][1]
  Impl DFF        imp:/WORK/zigbee/DQPSK_CSK/Imag_Sync_FIFO/mem_reg[886][1]

  Ref  DFF        ref:/WORK/zigbee/DQPSK_CSK/Imag_Sync_FIFO/mem_reg[887][0]
  Impl DFF        imp:/WORK/zigbee/DQPSK_CSK/Imag_Sync_FIFO/mem_reg[887][0]

  Ref  DFF        ref:/WORK/zigbee/DQPSK_CSK/Imag_Sync_FIFO/mem_reg[887][1]
  Impl DFF        imp:/WORK/zigbee/DQPSK_CSK/Imag_Sync_FIFO/mem_reg[887][1]

  Ref  DFF        ref:/WORK/zigbee/DQPSK_CSK/Imag_Sync_FIFO/mem_reg[888][0]
  Impl DFF        imp:/WORK/zigbee/DQPSK_CSK/Imag_Sync_FIFO/mem_reg[888][0]

  Ref  DFF        ref:/WORK/zigbee/DQPSK_CSK/Imag_Sync_FIFO/mem_reg[888][1]
  Impl DFF        imp:/WORK/zigbee/DQPSK_CSK/Imag_Sync_FIFO/mem_reg[888][1]

  Ref  DFF        ref:/WORK/zigbee/DQPSK_CSK/Imag_Sync_FIFO/mem_reg[889][0]
  Impl DFF        imp:/WORK/zigbee/DQPSK_CSK/Imag_Sync_FIFO/mem_reg[889][0]

  Ref  DFF        ref:/WORK/zigbee/DQPSK_CSK/Imag_Sync_FIFO/mem_reg[889][1]
  Impl DFF        imp:/WORK/zigbee/DQPSK_CSK/Imag_Sync_FIFO/mem_reg[889][1]

  Ref  DFF        ref:/WORK/zigbee/DQPSK_CSK/Imag_Sync_FIFO/mem_reg[88][0]
  Impl DFF        imp:/WORK/zigbee/DQPSK_CSK/Imag_Sync_FIFO/mem_reg[88][0]

  Ref  DFF        ref:/WORK/zigbee/DQPSK_CSK/Imag_Sync_FIFO/mem_reg[88][1]
  Impl DFF        imp:/WORK/zigbee/DQPSK_CSK/Imag_Sync_FIFO/mem_reg[88][1]

  Ref  DFF        ref:/WORK/zigbee/DQPSK_CSK/Imag_Sync_FIFO/mem_reg[890][0]
  Impl DFF        imp:/WORK/zigbee/DQPSK_CSK/Imag_Sync_FIFO/mem_reg[890][0]

  Ref  DFF        ref:/WORK/zigbee/DQPSK_CSK/Imag_Sync_FIFO/mem_reg[890][1]
  Impl DFF        imp:/WORK/zigbee/DQPSK_CSK/Imag_Sync_FIFO/mem_reg[890][1]

  Ref  DFF        ref:/WORK/zigbee/DQPSK_CSK/Imag_Sync_FIFO/mem_reg[891][0]
  Impl DFF        imp:/WORK/zigbee/DQPSK_CSK/Imag_Sync_FIFO/mem_reg[891][0]

  Ref  DFF        ref:/WORK/zigbee/DQPSK_CSK/Imag_Sync_FIFO/mem_reg[891][1]
  Impl DFF        imp:/WORK/zigbee/DQPSK_CSK/Imag_Sync_FIFO/mem_reg[891][1]

  Ref  DFF        ref:/WORK/zigbee/DQPSK_CSK/Imag_Sync_FIFO/mem_reg[892][0]
  Impl DFF        imp:/WORK/zigbee/DQPSK_CSK/Imag_Sync_FIFO/mem_reg[892][0]

  Ref  DFF        ref:/WORK/zigbee/DQPSK_CSK/Imag_Sync_FIFO/mem_reg[892][1]
  Impl DFF        imp:/WORK/zigbee/DQPSK_CSK/Imag_Sync_FIFO/mem_reg[892][1]

  Ref  DFF        ref:/WORK/zigbee/DQPSK_CSK/Imag_Sync_FIFO/mem_reg[893][0]
  Impl DFF        imp:/WORK/zigbee/DQPSK_CSK/Imag_Sync_FIFO/mem_reg[893][0]

  Ref  DFF        ref:/WORK/zigbee/DQPSK_CSK/Imag_Sync_FIFO/mem_reg[893][1]
  Impl DFF        imp:/WORK/zigbee/DQPSK_CSK/Imag_Sync_FIFO/mem_reg[893][1]

  Ref  DFF        ref:/WORK/zigbee/DQPSK_CSK/Imag_Sync_FIFO/mem_reg[894][0]
  Impl DFF        imp:/WORK/zigbee/DQPSK_CSK/Imag_Sync_FIFO/mem_reg[894][0]

  Ref  DFF        ref:/WORK/zigbee/DQPSK_CSK/Imag_Sync_FIFO/mem_reg[894][1]
  Impl DFF        imp:/WORK/zigbee/DQPSK_CSK/Imag_Sync_FIFO/mem_reg[894][1]

  Ref  DFF        ref:/WORK/zigbee/DQPSK_CSK/Imag_Sync_FIFO/mem_reg[895][0]
  Impl DFF        imp:/WORK/zigbee/DQPSK_CSK/Imag_Sync_FIFO/mem_reg[895][0]

  Ref  DFF        ref:/WORK/zigbee/DQPSK_CSK/Imag_Sync_FIFO/mem_reg[895][1]
  Impl DFF        imp:/WORK/zigbee/DQPSK_CSK/Imag_Sync_FIFO/mem_reg[895][1]

  Ref  DFF        ref:/WORK/zigbee/DQPSK_CSK/Imag_Sync_FIFO/mem_reg[896][0]
  Impl DFF        imp:/WORK/zigbee/DQPSK_CSK/Imag_Sync_FIFO/mem_reg[896][0]

  Ref  DFF        ref:/WORK/zigbee/DQPSK_CSK/Imag_Sync_FIFO/mem_reg[896][1]
  Impl DFF        imp:/WORK/zigbee/DQPSK_CSK/Imag_Sync_FIFO/mem_reg[896][1]

  Ref  DFF        ref:/WORK/zigbee/DQPSK_CSK/Imag_Sync_FIFO/mem_reg[897][0]
  Impl DFF        imp:/WORK/zigbee/DQPSK_CSK/Imag_Sync_FIFO/mem_reg[897][0]

  Ref  DFF        ref:/WORK/zigbee/DQPSK_CSK/Imag_Sync_FIFO/mem_reg[897][1]
  Impl DFF        imp:/WORK/zigbee/DQPSK_CSK/Imag_Sync_FIFO/mem_reg[897][1]

  Ref  DFF        ref:/WORK/zigbee/DQPSK_CSK/Imag_Sync_FIFO/mem_reg[898][0]
  Impl DFF        imp:/WORK/zigbee/DQPSK_CSK/Imag_Sync_FIFO/mem_reg[898][0]

  Ref  DFF        ref:/WORK/zigbee/DQPSK_CSK/Imag_Sync_FIFO/mem_reg[898][1]
  Impl DFF        imp:/WORK/zigbee/DQPSK_CSK/Imag_Sync_FIFO/mem_reg[898][1]

  Ref  DFF        ref:/WORK/zigbee/DQPSK_CSK/Imag_Sync_FIFO/mem_reg[899][0]
  Impl DFF        imp:/WORK/zigbee/DQPSK_CSK/Imag_Sync_FIFO/mem_reg[899][0]

  Ref  DFF        ref:/WORK/zigbee/DQPSK_CSK/Imag_Sync_FIFO/mem_reg[899][1]
  Impl DFF        imp:/WORK/zigbee/DQPSK_CSK/Imag_Sync_FIFO/mem_reg[899][1]

  Ref  DFF        ref:/WORK/zigbee/DQPSK_CSK/Imag_Sync_FIFO/mem_reg[89][0]
  Impl DFF        imp:/WORK/zigbee/DQPSK_CSK/Imag_Sync_FIFO/mem_reg[89][0]

  Ref  DFF        ref:/WORK/zigbee/DQPSK_CSK/Imag_Sync_FIFO/mem_reg[89][1]
  Impl DFF        imp:/WORK/zigbee/DQPSK_CSK/Imag_Sync_FIFO/mem_reg[89][1]

  Ref  DFF        ref:/WORK/zigbee/DQPSK_CSK/Imag_Sync_FIFO/mem_reg[8][0]
  Impl DFF        imp:/WORK/zigbee/DQPSK_CSK/Imag_Sync_FIFO/mem_reg[8][0]

  Ref  DFF        ref:/WORK/zigbee/DQPSK_CSK/Imag_Sync_FIFO/mem_reg[8][1]
  Impl DFF        imp:/WORK/zigbee/DQPSK_CSK/Imag_Sync_FIFO/mem_reg[8][1]

  Ref  DFF        ref:/WORK/zigbee/DQPSK_CSK/Imag_Sync_FIFO/mem_reg[900][0]
  Impl DFF        imp:/WORK/zigbee/DQPSK_CSK/Imag_Sync_FIFO/mem_reg[900][0]

  Ref  DFF        ref:/WORK/zigbee/DQPSK_CSK/Imag_Sync_FIFO/mem_reg[900][1]
  Impl DFF        imp:/WORK/zigbee/DQPSK_CSK/Imag_Sync_FIFO/mem_reg[900][1]

  Ref  DFF        ref:/WORK/zigbee/DQPSK_CSK/Imag_Sync_FIFO/mem_reg[901][0]
  Impl DFF        imp:/WORK/zigbee/DQPSK_CSK/Imag_Sync_FIFO/mem_reg[901][0]

  Ref  DFF        ref:/WORK/zigbee/DQPSK_CSK/Imag_Sync_FIFO/mem_reg[901][1]
  Impl DFF        imp:/WORK/zigbee/DQPSK_CSK/Imag_Sync_FIFO/mem_reg[901][1]

  Ref  DFF        ref:/WORK/zigbee/DQPSK_CSK/Imag_Sync_FIFO/mem_reg[902][0]
  Impl DFF        imp:/WORK/zigbee/DQPSK_CSK/Imag_Sync_FIFO/mem_reg[902][0]

  Ref  DFF        ref:/WORK/zigbee/DQPSK_CSK/Imag_Sync_FIFO/mem_reg[902][1]
  Impl DFF        imp:/WORK/zigbee/DQPSK_CSK/Imag_Sync_FIFO/mem_reg[902][1]

  Ref  DFF        ref:/WORK/zigbee/DQPSK_CSK/Imag_Sync_FIFO/mem_reg[903][0]
  Impl DFF        imp:/WORK/zigbee/DQPSK_CSK/Imag_Sync_FIFO/mem_reg[903][0]

  Ref  DFF        ref:/WORK/zigbee/DQPSK_CSK/Imag_Sync_FIFO/mem_reg[903][1]
  Impl DFF        imp:/WORK/zigbee/DQPSK_CSK/Imag_Sync_FIFO/mem_reg[903][1]

  Ref  DFF        ref:/WORK/zigbee/DQPSK_CSK/Imag_Sync_FIFO/mem_reg[904][0]
  Impl DFF        imp:/WORK/zigbee/DQPSK_CSK/Imag_Sync_FIFO/mem_reg[904][0]

  Ref  DFF        ref:/WORK/zigbee/DQPSK_CSK/Imag_Sync_FIFO/mem_reg[904][1]
  Impl DFF        imp:/WORK/zigbee/DQPSK_CSK/Imag_Sync_FIFO/mem_reg[904][1]

  Ref  DFF        ref:/WORK/zigbee/DQPSK_CSK/Imag_Sync_FIFO/mem_reg[905][0]
  Impl DFF        imp:/WORK/zigbee/DQPSK_CSK/Imag_Sync_FIFO/mem_reg[905][0]

  Ref  DFF        ref:/WORK/zigbee/DQPSK_CSK/Imag_Sync_FIFO/mem_reg[905][1]
  Impl DFF        imp:/WORK/zigbee/DQPSK_CSK/Imag_Sync_FIFO/mem_reg[905][1]

  Ref  DFF        ref:/WORK/zigbee/DQPSK_CSK/Imag_Sync_FIFO/mem_reg[906][0]
  Impl DFF        imp:/WORK/zigbee/DQPSK_CSK/Imag_Sync_FIFO/mem_reg[906][0]

  Ref  DFF        ref:/WORK/zigbee/DQPSK_CSK/Imag_Sync_FIFO/mem_reg[906][1]
  Impl DFF        imp:/WORK/zigbee/DQPSK_CSK/Imag_Sync_FIFO/mem_reg[906][1]

  Ref  DFF        ref:/WORK/zigbee/DQPSK_CSK/Imag_Sync_FIFO/mem_reg[907][0]
  Impl DFF        imp:/WORK/zigbee/DQPSK_CSK/Imag_Sync_FIFO/mem_reg[907][0]

  Ref  DFF        ref:/WORK/zigbee/DQPSK_CSK/Imag_Sync_FIFO/mem_reg[907][1]
  Impl DFF        imp:/WORK/zigbee/DQPSK_CSK/Imag_Sync_FIFO/mem_reg[907][1]

  Ref  DFF        ref:/WORK/zigbee/DQPSK_CSK/Imag_Sync_FIFO/mem_reg[908][0]
  Impl DFF        imp:/WORK/zigbee/DQPSK_CSK/Imag_Sync_FIFO/mem_reg[908][0]

  Ref  DFF        ref:/WORK/zigbee/DQPSK_CSK/Imag_Sync_FIFO/mem_reg[908][1]
  Impl DFF        imp:/WORK/zigbee/DQPSK_CSK/Imag_Sync_FIFO/mem_reg[908][1]

  Ref  DFF        ref:/WORK/zigbee/DQPSK_CSK/Imag_Sync_FIFO/mem_reg[909][0]
  Impl DFF        imp:/WORK/zigbee/DQPSK_CSK/Imag_Sync_FIFO/mem_reg[909][0]

  Ref  DFF        ref:/WORK/zigbee/DQPSK_CSK/Imag_Sync_FIFO/mem_reg[909][1]
  Impl DFF        imp:/WORK/zigbee/DQPSK_CSK/Imag_Sync_FIFO/mem_reg[909][1]

  Ref  DFF        ref:/WORK/zigbee/DQPSK_CSK/Imag_Sync_FIFO/mem_reg[90][0]
  Impl DFF        imp:/WORK/zigbee/DQPSK_CSK/Imag_Sync_FIFO/mem_reg[90][0]

  Ref  DFF        ref:/WORK/zigbee/DQPSK_CSK/Imag_Sync_FIFO/mem_reg[90][1]
  Impl DFF        imp:/WORK/zigbee/DQPSK_CSK/Imag_Sync_FIFO/mem_reg[90][1]

  Ref  DFF        ref:/WORK/zigbee/DQPSK_CSK/Imag_Sync_FIFO/mem_reg[910][0]
  Impl DFF        imp:/WORK/zigbee/DQPSK_CSK/Imag_Sync_FIFO/mem_reg[910][0]

  Ref  DFF        ref:/WORK/zigbee/DQPSK_CSK/Imag_Sync_FIFO/mem_reg[910][1]
  Impl DFF        imp:/WORK/zigbee/DQPSK_CSK/Imag_Sync_FIFO/mem_reg[910][1]

  Ref  DFF        ref:/WORK/zigbee/DQPSK_CSK/Imag_Sync_FIFO/mem_reg[911][0]
  Impl DFF        imp:/WORK/zigbee/DQPSK_CSK/Imag_Sync_FIFO/mem_reg[911][0]

  Ref  DFF        ref:/WORK/zigbee/DQPSK_CSK/Imag_Sync_FIFO/mem_reg[911][1]
  Impl DFF        imp:/WORK/zigbee/DQPSK_CSK/Imag_Sync_FIFO/mem_reg[911][1]

  Ref  DFF        ref:/WORK/zigbee/DQPSK_CSK/Imag_Sync_FIFO/mem_reg[912][0]
  Impl DFF        imp:/WORK/zigbee/DQPSK_CSK/Imag_Sync_FIFO/mem_reg[912][0]

  Ref  DFF        ref:/WORK/zigbee/DQPSK_CSK/Imag_Sync_FIFO/mem_reg[912][1]
  Impl DFF        imp:/WORK/zigbee/DQPSK_CSK/Imag_Sync_FIFO/mem_reg[912][1]

  Ref  DFF        ref:/WORK/zigbee/DQPSK_CSK/Imag_Sync_FIFO/mem_reg[913][0]
  Impl DFF        imp:/WORK/zigbee/DQPSK_CSK/Imag_Sync_FIFO/mem_reg[913][0]

  Ref  DFF        ref:/WORK/zigbee/DQPSK_CSK/Imag_Sync_FIFO/mem_reg[913][1]
  Impl DFF        imp:/WORK/zigbee/DQPSK_CSK/Imag_Sync_FIFO/mem_reg[913][1]

  Ref  DFF        ref:/WORK/zigbee/DQPSK_CSK/Imag_Sync_FIFO/mem_reg[914][0]
  Impl DFF        imp:/WORK/zigbee/DQPSK_CSK/Imag_Sync_FIFO/mem_reg[914][0]

  Ref  DFF        ref:/WORK/zigbee/DQPSK_CSK/Imag_Sync_FIFO/mem_reg[914][1]
  Impl DFF        imp:/WORK/zigbee/DQPSK_CSK/Imag_Sync_FIFO/mem_reg[914][1]

  Ref  DFF        ref:/WORK/zigbee/DQPSK_CSK/Imag_Sync_FIFO/mem_reg[915][0]
  Impl DFF        imp:/WORK/zigbee/DQPSK_CSK/Imag_Sync_FIFO/mem_reg[915][0]

  Ref  DFF        ref:/WORK/zigbee/DQPSK_CSK/Imag_Sync_FIFO/mem_reg[915][1]
  Impl DFF        imp:/WORK/zigbee/DQPSK_CSK/Imag_Sync_FIFO/mem_reg[915][1]

  Ref  DFF        ref:/WORK/zigbee/DQPSK_CSK/Imag_Sync_FIFO/mem_reg[916][0]
  Impl DFF        imp:/WORK/zigbee/DQPSK_CSK/Imag_Sync_FIFO/mem_reg[916][0]

  Ref  DFF        ref:/WORK/zigbee/DQPSK_CSK/Imag_Sync_FIFO/mem_reg[916][1]
  Impl DFF        imp:/WORK/zigbee/DQPSK_CSK/Imag_Sync_FIFO/mem_reg[916][1]

  Ref  DFF        ref:/WORK/zigbee/DQPSK_CSK/Imag_Sync_FIFO/mem_reg[917][0]
  Impl DFF        imp:/WORK/zigbee/DQPSK_CSK/Imag_Sync_FIFO/mem_reg[917][0]

  Ref  DFF        ref:/WORK/zigbee/DQPSK_CSK/Imag_Sync_FIFO/mem_reg[917][1]
  Impl DFF        imp:/WORK/zigbee/DQPSK_CSK/Imag_Sync_FIFO/mem_reg[917][1]

  Ref  DFF        ref:/WORK/zigbee/DQPSK_CSK/Imag_Sync_FIFO/mem_reg[918][0]
  Impl DFF        imp:/WORK/zigbee/DQPSK_CSK/Imag_Sync_FIFO/mem_reg[918][0]

  Ref  DFF        ref:/WORK/zigbee/DQPSK_CSK/Imag_Sync_FIFO/mem_reg[918][1]
  Impl DFF        imp:/WORK/zigbee/DQPSK_CSK/Imag_Sync_FIFO/mem_reg[918][1]

  Ref  DFF        ref:/WORK/zigbee/DQPSK_CSK/Imag_Sync_FIFO/mem_reg[919][0]
  Impl DFF        imp:/WORK/zigbee/DQPSK_CSK/Imag_Sync_FIFO/mem_reg[919][0]

  Ref  DFF        ref:/WORK/zigbee/DQPSK_CSK/Imag_Sync_FIFO/mem_reg[919][1]
  Impl DFF        imp:/WORK/zigbee/DQPSK_CSK/Imag_Sync_FIFO/mem_reg[919][1]

  Ref  DFF        ref:/WORK/zigbee/DQPSK_CSK/Imag_Sync_FIFO/mem_reg[91][0]
  Impl DFF        imp:/WORK/zigbee/DQPSK_CSK/Imag_Sync_FIFO/mem_reg[91][0]

  Ref  DFF        ref:/WORK/zigbee/DQPSK_CSK/Imag_Sync_FIFO/mem_reg[91][1]
  Impl DFF        imp:/WORK/zigbee/DQPSK_CSK/Imag_Sync_FIFO/mem_reg[91][1]

  Ref  DFF        ref:/WORK/zigbee/DQPSK_CSK/Imag_Sync_FIFO/mem_reg[920][0]
  Impl DFF        imp:/WORK/zigbee/DQPSK_CSK/Imag_Sync_FIFO/mem_reg[920][0]

  Ref  DFF        ref:/WORK/zigbee/DQPSK_CSK/Imag_Sync_FIFO/mem_reg[920][1]
  Impl DFF        imp:/WORK/zigbee/DQPSK_CSK/Imag_Sync_FIFO/mem_reg[920][1]

  Ref  DFF        ref:/WORK/zigbee/DQPSK_CSK/Imag_Sync_FIFO/mem_reg[921][0]
  Impl DFF        imp:/WORK/zigbee/DQPSK_CSK/Imag_Sync_FIFO/mem_reg[921][0]

  Ref  DFF        ref:/WORK/zigbee/DQPSK_CSK/Imag_Sync_FIFO/mem_reg[921][1]
  Impl DFF        imp:/WORK/zigbee/DQPSK_CSK/Imag_Sync_FIFO/mem_reg[921][1]

  Ref  DFF        ref:/WORK/zigbee/DQPSK_CSK/Imag_Sync_FIFO/mem_reg[922][0]
  Impl DFF        imp:/WORK/zigbee/DQPSK_CSK/Imag_Sync_FIFO/mem_reg[922][0]

  Ref  DFF        ref:/WORK/zigbee/DQPSK_CSK/Imag_Sync_FIFO/mem_reg[922][1]
  Impl DFF        imp:/WORK/zigbee/DQPSK_CSK/Imag_Sync_FIFO/mem_reg[922][1]

  Ref  DFF        ref:/WORK/zigbee/DQPSK_CSK/Imag_Sync_FIFO/mem_reg[923][0]
  Impl DFF        imp:/WORK/zigbee/DQPSK_CSK/Imag_Sync_FIFO/mem_reg[923][0]

  Ref  DFF        ref:/WORK/zigbee/DQPSK_CSK/Imag_Sync_FIFO/mem_reg[923][1]
  Impl DFF        imp:/WORK/zigbee/DQPSK_CSK/Imag_Sync_FIFO/mem_reg[923][1]

  Ref  DFF        ref:/WORK/zigbee/DQPSK_CSK/Imag_Sync_FIFO/mem_reg[924][0]
  Impl DFF        imp:/WORK/zigbee/DQPSK_CSK/Imag_Sync_FIFO/mem_reg[924][0]

  Ref  DFF        ref:/WORK/zigbee/DQPSK_CSK/Imag_Sync_FIFO/mem_reg[924][1]
  Impl DFF        imp:/WORK/zigbee/DQPSK_CSK/Imag_Sync_FIFO/mem_reg[924][1]

  Ref  DFF        ref:/WORK/zigbee/DQPSK_CSK/Imag_Sync_FIFO/mem_reg[925][0]
  Impl DFF        imp:/WORK/zigbee/DQPSK_CSK/Imag_Sync_FIFO/mem_reg[925][0]

  Ref  DFF        ref:/WORK/zigbee/DQPSK_CSK/Imag_Sync_FIFO/mem_reg[925][1]
  Impl DFF        imp:/WORK/zigbee/DQPSK_CSK/Imag_Sync_FIFO/mem_reg[925][1]

  Ref  DFF        ref:/WORK/zigbee/DQPSK_CSK/Imag_Sync_FIFO/mem_reg[926][0]
  Impl DFF        imp:/WORK/zigbee/DQPSK_CSK/Imag_Sync_FIFO/mem_reg[926][0]

  Ref  DFF        ref:/WORK/zigbee/DQPSK_CSK/Imag_Sync_FIFO/mem_reg[926][1]
  Impl DFF        imp:/WORK/zigbee/DQPSK_CSK/Imag_Sync_FIFO/mem_reg[926][1]

  Ref  DFF        ref:/WORK/zigbee/DQPSK_CSK/Imag_Sync_FIFO/mem_reg[927][0]
  Impl DFF        imp:/WORK/zigbee/DQPSK_CSK/Imag_Sync_FIFO/mem_reg[927][0]

  Ref  DFF        ref:/WORK/zigbee/DQPSK_CSK/Imag_Sync_FIFO/mem_reg[927][1]
  Impl DFF        imp:/WORK/zigbee/DQPSK_CSK/Imag_Sync_FIFO/mem_reg[927][1]

  Ref  DFF        ref:/WORK/zigbee/DQPSK_CSK/Imag_Sync_FIFO/mem_reg[928][0]
  Impl DFF        imp:/WORK/zigbee/DQPSK_CSK/Imag_Sync_FIFO/mem_reg[928][0]

  Ref  DFF        ref:/WORK/zigbee/DQPSK_CSK/Imag_Sync_FIFO/mem_reg[928][1]
  Impl DFF        imp:/WORK/zigbee/DQPSK_CSK/Imag_Sync_FIFO/mem_reg[928][1]

  Ref  DFF        ref:/WORK/zigbee/DQPSK_CSK/Imag_Sync_FIFO/mem_reg[929][0]
  Impl DFF        imp:/WORK/zigbee/DQPSK_CSK/Imag_Sync_FIFO/mem_reg[929][0]

  Ref  DFF        ref:/WORK/zigbee/DQPSK_CSK/Imag_Sync_FIFO/mem_reg[929][1]
  Impl DFF        imp:/WORK/zigbee/DQPSK_CSK/Imag_Sync_FIFO/mem_reg[929][1]

  Ref  DFF        ref:/WORK/zigbee/DQPSK_CSK/Imag_Sync_FIFO/mem_reg[92][0]
  Impl DFF        imp:/WORK/zigbee/DQPSK_CSK/Imag_Sync_FIFO/mem_reg[92][0]

  Ref  DFF        ref:/WORK/zigbee/DQPSK_CSK/Imag_Sync_FIFO/mem_reg[92][1]
  Impl DFF        imp:/WORK/zigbee/DQPSK_CSK/Imag_Sync_FIFO/mem_reg[92][1]

  Ref  DFF        ref:/WORK/zigbee/DQPSK_CSK/Imag_Sync_FIFO/mem_reg[930][0]
  Impl DFF        imp:/WORK/zigbee/DQPSK_CSK/Imag_Sync_FIFO/mem_reg[930][0]

  Ref  DFF        ref:/WORK/zigbee/DQPSK_CSK/Imag_Sync_FIFO/mem_reg[930][1]
  Impl DFF        imp:/WORK/zigbee/DQPSK_CSK/Imag_Sync_FIFO/mem_reg[930][1]

  Ref  DFF        ref:/WORK/zigbee/DQPSK_CSK/Imag_Sync_FIFO/mem_reg[931][0]
  Impl DFF        imp:/WORK/zigbee/DQPSK_CSK/Imag_Sync_FIFO/mem_reg[931][0]

  Ref  DFF        ref:/WORK/zigbee/DQPSK_CSK/Imag_Sync_FIFO/mem_reg[931][1]
  Impl DFF        imp:/WORK/zigbee/DQPSK_CSK/Imag_Sync_FIFO/mem_reg[931][1]

  Ref  DFF        ref:/WORK/zigbee/DQPSK_CSK/Imag_Sync_FIFO/mem_reg[932][0]
  Impl DFF        imp:/WORK/zigbee/DQPSK_CSK/Imag_Sync_FIFO/mem_reg[932][0]

  Ref  DFF        ref:/WORK/zigbee/DQPSK_CSK/Imag_Sync_FIFO/mem_reg[932][1]
  Impl DFF        imp:/WORK/zigbee/DQPSK_CSK/Imag_Sync_FIFO/mem_reg[932][1]

  Ref  DFF        ref:/WORK/zigbee/DQPSK_CSK/Imag_Sync_FIFO/mem_reg[933][0]
  Impl DFF        imp:/WORK/zigbee/DQPSK_CSK/Imag_Sync_FIFO/mem_reg[933][0]

  Ref  DFF        ref:/WORK/zigbee/DQPSK_CSK/Imag_Sync_FIFO/mem_reg[933][1]
  Impl DFF        imp:/WORK/zigbee/DQPSK_CSK/Imag_Sync_FIFO/mem_reg[933][1]

  Ref  DFF        ref:/WORK/zigbee/DQPSK_CSK/Imag_Sync_FIFO/mem_reg[934][0]
  Impl DFF        imp:/WORK/zigbee/DQPSK_CSK/Imag_Sync_FIFO/mem_reg[934][0]

  Ref  DFF        ref:/WORK/zigbee/DQPSK_CSK/Imag_Sync_FIFO/mem_reg[934][1]
  Impl DFF        imp:/WORK/zigbee/DQPSK_CSK/Imag_Sync_FIFO/mem_reg[934][1]

  Ref  DFF        ref:/WORK/zigbee/DQPSK_CSK/Imag_Sync_FIFO/mem_reg[935][0]
  Impl DFF        imp:/WORK/zigbee/DQPSK_CSK/Imag_Sync_FIFO/mem_reg[935][0]

  Ref  DFF        ref:/WORK/zigbee/DQPSK_CSK/Imag_Sync_FIFO/mem_reg[935][1]
  Impl DFF        imp:/WORK/zigbee/DQPSK_CSK/Imag_Sync_FIFO/mem_reg[935][1]

  Ref  DFF        ref:/WORK/zigbee/DQPSK_CSK/Imag_Sync_FIFO/mem_reg[936][0]
  Impl DFF        imp:/WORK/zigbee/DQPSK_CSK/Imag_Sync_FIFO/mem_reg[936][0]

  Ref  DFF        ref:/WORK/zigbee/DQPSK_CSK/Imag_Sync_FIFO/mem_reg[936][1]
  Impl DFF        imp:/WORK/zigbee/DQPSK_CSK/Imag_Sync_FIFO/mem_reg[936][1]

  Ref  DFF        ref:/WORK/zigbee/DQPSK_CSK/Imag_Sync_FIFO/mem_reg[937][0]
  Impl DFF        imp:/WORK/zigbee/DQPSK_CSK/Imag_Sync_FIFO/mem_reg[937][0]

  Ref  DFF        ref:/WORK/zigbee/DQPSK_CSK/Imag_Sync_FIFO/mem_reg[937][1]
  Impl DFF        imp:/WORK/zigbee/DQPSK_CSK/Imag_Sync_FIFO/mem_reg[937][1]

  Ref  DFF        ref:/WORK/zigbee/DQPSK_CSK/Imag_Sync_FIFO/mem_reg[938][0]
  Impl DFF        imp:/WORK/zigbee/DQPSK_CSK/Imag_Sync_FIFO/mem_reg[938][0]

  Ref  DFF        ref:/WORK/zigbee/DQPSK_CSK/Imag_Sync_FIFO/mem_reg[938][1]
  Impl DFF        imp:/WORK/zigbee/DQPSK_CSK/Imag_Sync_FIFO/mem_reg[938][1]

  Ref  DFF        ref:/WORK/zigbee/DQPSK_CSK/Imag_Sync_FIFO/mem_reg[939][0]
  Impl DFF        imp:/WORK/zigbee/DQPSK_CSK/Imag_Sync_FIFO/mem_reg[939][0]

  Ref  DFF        ref:/WORK/zigbee/DQPSK_CSK/Imag_Sync_FIFO/mem_reg[939][1]
  Impl DFF        imp:/WORK/zigbee/DQPSK_CSK/Imag_Sync_FIFO/mem_reg[939][1]

  Ref  DFF        ref:/WORK/zigbee/DQPSK_CSK/Imag_Sync_FIFO/mem_reg[93][0]
  Impl DFF        imp:/WORK/zigbee/DQPSK_CSK/Imag_Sync_FIFO/mem_reg[93][0]

  Ref  DFF        ref:/WORK/zigbee/DQPSK_CSK/Imag_Sync_FIFO/mem_reg[93][1]
  Impl DFF        imp:/WORK/zigbee/DQPSK_CSK/Imag_Sync_FIFO/mem_reg[93][1]

  Ref  DFF        ref:/WORK/zigbee/DQPSK_CSK/Imag_Sync_FIFO/mem_reg[940][0]
  Impl DFF        imp:/WORK/zigbee/DQPSK_CSK/Imag_Sync_FIFO/mem_reg[940][0]

  Ref  DFF        ref:/WORK/zigbee/DQPSK_CSK/Imag_Sync_FIFO/mem_reg[940][1]
  Impl DFF        imp:/WORK/zigbee/DQPSK_CSK/Imag_Sync_FIFO/mem_reg[940][1]

  Ref  DFF        ref:/WORK/zigbee/DQPSK_CSK/Imag_Sync_FIFO/mem_reg[941][0]
  Impl DFF        imp:/WORK/zigbee/DQPSK_CSK/Imag_Sync_FIFO/mem_reg[941][0]

  Ref  DFF        ref:/WORK/zigbee/DQPSK_CSK/Imag_Sync_FIFO/mem_reg[941][1]
  Impl DFF        imp:/WORK/zigbee/DQPSK_CSK/Imag_Sync_FIFO/mem_reg[941][1]

  Ref  DFF        ref:/WORK/zigbee/DQPSK_CSK/Imag_Sync_FIFO/mem_reg[942][0]
  Impl DFF        imp:/WORK/zigbee/DQPSK_CSK/Imag_Sync_FIFO/mem_reg[942][0]

  Ref  DFF        ref:/WORK/zigbee/DQPSK_CSK/Imag_Sync_FIFO/mem_reg[942][1]
  Impl DFF        imp:/WORK/zigbee/DQPSK_CSK/Imag_Sync_FIFO/mem_reg[942][1]

  Ref  DFF        ref:/WORK/zigbee/DQPSK_CSK/Imag_Sync_FIFO/mem_reg[943][0]
  Impl DFF        imp:/WORK/zigbee/DQPSK_CSK/Imag_Sync_FIFO/mem_reg[943][0]

  Ref  DFF        ref:/WORK/zigbee/DQPSK_CSK/Imag_Sync_FIFO/mem_reg[943][1]
  Impl DFF        imp:/WORK/zigbee/DQPSK_CSK/Imag_Sync_FIFO/mem_reg[943][1]

  Ref  DFF        ref:/WORK/zigbee/DQPSK_CSK/Imag_Sync_FIFO/mem_reg[944][0]
  Impl DFF        imp:/WORK/zigbee/DQPSK_CSK/Imag_Sync_FIFO/mem_reg[944][0]

  Ref  DFF        ref:/WORK/zigbee/DQPSK_CSK/Imag_Sync_FIFO/mem_reg[944][1]
  Impl DFF        imp:/WORK/zigbee/DQPSK_CSK/Imag_Sync_FIFO/mem_reg[944][1]

  Ref  DFF        ref:/WORK/zigbee/DQPSK_CSK/Imag_Sync_FIFO/mem_reg[945][0]
  Impl DFF        imp:/WORK/zigbee/DQPSK_CSK/Imag_Sync_FIFO/mem_reg[945][0]

  Ref  DFF        ref:/WORK/zigbee/DQPSK_CSK/Imag_Sync_FIFO/mem_reg[945][1]
  Impl DFF        imp:/WORK/zigbee/DQPSK_CSK/Imag_Sync_FIFO/mem_reg[945][1]

  Ref  DFF        ref:/WORK/zigbee/DQPSK_CSK/Imag_Sync_FIFO/mem_reg[946][0]
  Impl DFF        imp:/WORK/zigbee/DQPSK_CSK/Imag_Sync_FIFO/mem_reg[946][0]

  Ref  DFF        ref:/WORK/zigbee/DQPSK_CSK/Imag_Sync_FIFO/mem_reg[946][1]
  Impl DFF        imp:/WORK/zigbee/DQPSK_CSK/Imag_Sync_FIFO/mem_reg[946][1]

  Ref  DFF        ref:/WORK/zigbee/DQPSK_CSK/Imag_Sync_FIFO/mem_reg[947][0]
  Impl DFF        imp:/WORK/zigbee/DQPSK_CSK/Imag_Sync_FIFO/mem_reg[947][0]

  Ref  DFF        ref:/WORK/zigbee/DQPSK_CSK/Imag_Sync_FIFO/mem_reg[947][1]
  Impl DFF        imp:/WORK/zigbee/DQPSK_CSK/Imag_Sync_FIFO/mem_reg[947][1]

  Ref  DFF        ref:/WORK/zigbee/DQPSK_CSK/Imag_Sync_FIFO/mem_reg[948][0]
  Impl DFF        imp:/WORK/zigbee/DQPSK_CSK/Imag_Sync_FIFO/mem_reg[948][0]

  Ref  DFF        ref:/WORK/zigbee/DQPSK_CSK/Imag_Sync_FIFO/mem_reg[948][1]
  Impl DFF        imp:/WORK/zigbee/DQPSK_CSK/Imag_Sync_FIFO/mem_reg[948][1]

  Ref  DFF        ref:/WORK/zigbee/DQPSK_CSK/Imag_Sync_FIFO/mem_reg[949][0]
  Impl DFF        imp:/WORK/zigbee/DQPSK_CSK/Imag_Sync_FIFO/mem_reg[949][0]

  Ref  DFF        ref:/WORK/zigbee/DQPSK_CSK/Imag_Sync_FIFO/mem_reg[949][1]
  Impl DFF        imp:/WORK/zigbee/DQPSK_CSK/Imag_Sync_FIFO/mem_reg[949][1]

  Ref  DFF        ref:/WORK/zigbee/DQPSK_CSK/Imag_Sync_FIFO/mem_reg[94][0]
  Impl DFF        imp:/WORK/zigbee/DQPSK_CSK/Imag_Sync_FIFO/mem_reg[94][0]

  Ref  DFF        ref:/WORK/zigbee/DQPSK_CSK/Imag_Sync_FIFO/mem_reg[94][1]
  Impl DFF        imp:/WORK/zigbee/DQPSK_CSK/Imag_Sync_FIFO/mem_reg[94][1]

  Ref  DFF        ref:/WORK/zigbee/DQPSK_CSK/Imag_Sync_FIFO/mem_reg[950][0]
  Impl DFF        imp:/WORK/zigbee/DQPSK_CSK/Imag_Sync_FIFO/mem_reg[950][0]

  Ref  DFF        ref:/WORK/zigbee/DQPSK_CSK/Imag_Sync_FIFO/mem_reg[950][1]
  Impl DFF        imp:/WORK/zigbee/DQPSK_CSK/Imag_Sync_FIFO/mem_reg[950][1]

  Ref  DFF        ref:/WORK/zigbee/DQPSK_CSK/Imag_Sync_FIFO/mem_reg[951][0]
  Impl DFF        imp:/WORK/zigbee/DQPSK_CSK/Imag_Sync_FIFO/mem_reg[951][0]

  Ref  DFF        ref:/WORK/zigbee/DQPSK_CSK/Imag_Sync_FIFO/mem_reg[951][1]
  Impl DFF        imp:/WORK/zigbee/DQPSK_CSK/Imag_Sync_FIFO/mem_reg[951][1]

  Ref  DFF        ref:/WORK/zigbee/DQPSK_CSK/Imag_Sync_FIFO/mem_reg[952][0]
  Impl DFF        imp:/WORK/zigbee/DQPSK_CSK/Imag_Sync_FIFO/mem_reg[952][0]

  Ref  DFF        ref:/WORK/zigbee/DQPSK_CSK/Imag_Sync_FIFO/mem_reg[952][1]
  Impl DFF        imp:/WORK/zigbee/DQPSK_CSK/Imag_Sync_FIFO/mem_reg[952][1]

  Ref  DFF        ref:/WORK/zigbee/DQPSK_CSK/Imag_Sync_FIFO/mem_reg[953][0]
  Impl DFF        imp:/WORK/zigbee/DQPSK_CSK/Imag_Sync_FIFO/mem_reg[953][0]

  Ref  DFF        ref:/WORK/zigbee/DQPSK_CSK/Imag_Sync_FIFO/mem_reg[953][1]
  Impl DFF        imp:/WORK/zigbee/DQPSK_CSK/Imag_Sync_FIFO/mem_reg[953][1]

  Ref  DFF        ref:/WORK/zigbee/DQPSK_CSK/Imag_Sync_FIFO/mem_reg[954][0]
  Impl DFF        imp:/WORK/zigbee/DQPSK_CSK/Imag_Sync_FIFO/mem_reg[954][0]

  Ref  DFF        ref:/WORK/zigbee/DQPSK_CSK/Imag_Sync_FIFO/mem_reg[954][1]
  Impl DFF        imp:/WORK/zigbee/DQPSK_CSK/Imag_Sync_FIFO/mem_reg[954][1]

  Ref  DFF        ref:/WORK/zigbee/DQPSK_CSK/Imag_Sync_FIFO/mem_reg[955][0]
  Impl DFF        imp:/WORK/zigbee/DQPSK_CSK/Imag_Sync_FIFO/mem_reg[955][0]

  Ref  DFF        ref:/WORK/zigbee/DQPSK_CSK/Imag_Sync_FIFO/mem_reg[955][1]
  Impl DFF        imp:/WORK/zigbee/DQPSK_CSK/Imag_Sync_FIFO/mem_reg[955][1]

  Ref  DFF        ref:/WORK/zigbee/DQPSK_CSK/Imag_Sync_FIFO/mem_reg[956][0]
  Impl DFF        imp:/WORK/zigbee/DQPSK_CSK/Imag_Sync_FIFO/mem_reg[956][0]

  Ref  DFF        ref:/WORK/zigbee/DQPSK_CSK/Imag_Sync_FIFO/mem_reg[956][1]
  Impl DFF        imp:/WORK/zigbee/DQPSK_CSK/Imag_Sync_FIFO/mem_reg[956][1]

  Ref  DFF        ref:/WORK/zigbee/DQPSK_CSK/Imag_Sync_FIFO/mem_reg[957][0]
  Impl DFF        imp:/WORK/zigbee/DQPSK_CSK/Imag_Sync_FIFO/mem_reg[957][0]

  Ref  DFF        ref:/WORK/zigbee/DQPSK_CSK/Imag_Sync_FIFO/mem_reg[957][1]
  Impl DFF        imp:/WORK/zigbee/DQPSK_CSK/Imag_Sync_FIFO/mem_reg[957][1]

  Ref  DFF        ref:/WORK/zigbee/DQPSK_CSK/Imag_Sync_FIFO/mem_reg[958][0]
  Impl DFF        imp:/WORK/zigbee/DQPSK_CSK/Imag_Sync_FIFO/mem_reg[958][0]

  Ref  DFF        ref:/WORK/zigbee/DQPSK_CSK/Imag_Sync_FIFO/mem_reg[958][1]
  Impl DFF        imp:/WORK/zigbee/DQPSK_CSK/Imag_Sync_FIFO/mem_reg[958][1]

  Ref  DFF        ref:/WORK/zigbee/DQPSK_CSK/Imag_Sync_FIFO/mem_reg[959][0]
  Impl DFF        imp:/WORK/zigbee/DQPSK_CSK/Imag_Sync_FIFO/mem_reg[959][0]

  Ref  DFF        ref:/WORK/zigbee/DQPSK_CSK/Imag_Sync_FIFO/mem_reg[959][1]
  Impl DFF        imp:/WORK/zigbee/DQPSK_CSK/Imag_Sync_FIFO/mem_reg[959][1]

  Ref  DFF        ref:/WORK/zigbee/DQPSK_CSK/Imag_Sync_FIFO/mem_reg[95][0]
  Impl DFF        imp:/WORK/zigbee/DQPSK_CSK/Imag_Sync_FIFO/mem_reg[95][0]

  Ref  DFF        ref:/WORK/zigbee/DQPSK_CSK/Imag_Sync_FIFO/mem_reg[95][1]
  Impl DFF        imp:/WORK/zigbee/DQPSK_CSK/Imag_Sync_FIFO/mem_reg[95][1]

  Ref  DFF        ref:/WORK/zigbee/DQPSK_CSK/Imag_Sync_FIFO/mem_reg[960][0]
  Impl DFF        imp:/WORK/zigbee/DQPSK_CSK/Imag_Sync_FIFO/mem_reg[960][0]

  Ref  DFF        ref:/WORK/zigbee/DQPSK_CSK/Imag_Sync_FIFO/mem_reg[960][1]
  Impl DFF        imp:/WORK/zigbee/DQPSK_CSK/Imag_Sync_FIFO/mem_reg[960][1]

  Ref  DFF        ref:/WORK/zigbee/DQPSK_CSK/Imag_Sync_FIFO/mem_reg[961][0]
  Impl DFF        imp:/WORK/zigbee/DQPSK_CSK/Imag_Sync_FIFO/mem_reg[961][0]

  Ref  DFF        ref:/WORK/zigbee/DQPSK_CSK/Imag_Sync_FIFO/mem_reg[961][1]
  Impl DFF        imp:/WORK/zigbee/DQPSK_CSK/Imag_Sync_FIFO/mem_reg[961][1]

  Ref  DFF        ref:/WORK/zigbee/DQPSK_CSK/Imag_Sync_FIFO/mem_reg[962][0]
  Impl DFF        imp:/WORK/zigbee/DQPSK_CSK/Imag_Sync_FIFO/mem_reg[962][0]

  Ref  DFF        ref:/WORK/zigbee/DQPSK_CSK/Imag_Sync_FIFO/mem_reg[962][1]
  Impl DFF        imp:/WORK/zigbee/DQPSK_CSK/Imag_Sync_FIFO/mem_reg[962][1]

  Ref  DFF        ref:/WORK/zigbee/DQPSK_CSK/Imag_Sync_FIFO/mem_reg[963][0]
  Impl DFF        imp:/WORK/zigbee/DQPSK_CSK/Imag_Sync_FIFO/mem_reg[963][0]

  Ref  DFF        ref:/WORK/zigbee/DQPSK_CSK/Imag_Sync_FIFO/mem_reg[963][1]
  Impl DFF        imp:/WORK/zigbee/DQPSK_CSK/Imag_Sync_FIFO/mem_reg[963][1]

  Ref  DFF        ref:/WORK/zigbee/DQPSK_CSK/Imag_Sync_FIFO/mem_reg[964][0]
  Impl DFF        imp:/WORK/zigbee/DQPSK_CSK/Imag_Sync_FIFO/mem_reg[964][0]

  Ref  DFF        ref:/WORK/zigbee/DQPSK_CSK/Imag_Sync_FIFO/mem_reg[964][1]
  Impl DFF        imp:/WORK/zigbee/DQPSK_CSK/Imag_Sync_FIFO/mem_reg[964][1]

  Ref  DFF        ref:/WORK/zigbee/DQPSK_CSK/Imag_Sync_FIFO/mem_reg[965][0]
  Impl DFF        imp:/WORK/zigbee/DQPSK_CSK/Imag_Sync_FIFO/mem_reg[965][0]

  Ref  DFF        ref:/WORK/zigbee/DQPSK_CSK/Imag_Sync_FIFO/mem_reg[965][1]
  Impl DFF        imp:/WORK/zigbee/DQPSK_CSK/Imag_Sync_FIFO/mem_reg[965][1]

  Ref  DFF        ref:/WORK/zigbee/DQPSK_CSK/Imag_Sync_FIFO/mem_reg[966][0]
  Impl DFF        imp:/WORK/zigbee/DQPSK_CSK/Imag_Sync_FIFO/mem_reg[966][0]

  Ref  DFF        ref:/WORK/zigbee/DQPSK_CSK/Imag_Sync_FIFO/mem_reg[966][1]
  Impl DFF        imp:/WORK/zigbee/DQPSK_CSK/Imag_Sync_FIFO/mem_reg[966][1]

  Ref  DFF        ref:/WORK/zigbee/DQPSK_CSK/Imag_Sync_FIFO/mem_reg[967][0]
  Impl DFF        imp:/WORK/zigbee/DQPSK_CSK/Imag_Sync_FIFO/mem_reg[967][0]

  Ref  DFF        ref:/WORK/zigbee/DQPSK_CSK/Imag_Sync_FIFO/mem_reg[967][1]
  Impl DFF        imp:/WORK/zigbee/DQPSK_CSK/Imag_Sync_FIFO/mem_reg[967][1]

  Ref  DFF        ref:/WORK/zigbee/DQPSK_CSK/Imag_Sync_FIFO/mem_reg[968][0]
  Impl DFF        imp:/WORK/zigbee/DQPSK_CSK/Imag_Sync_FIFO/mem_reg[968][0]

  Ref  DFF        ref:/WORK/zigbee/DQPSK_CSK/Imag_Sync_FIFO/mem_reg[968][1]
  Impl DFF        imp:/WORK/zigbee/DQPSK_CSK/Imag_Sync_FIFO/mem_reg[968][1]

  Ref  DFF        ref:/WORK/zigbee/DQPSK_CSK/Imag_Sync_FIFO/mem_reg[969][0]
  Impl DFF        imp:/WORK/zigbee/DQPSK_CSK/Imag_Sync_FIFO/mem_reg[969][0]

  Ref  DFF        ref:/WORK/zigbee/DQPSK_CSK/Imag_Sync_FIFO/mem_reg[969][1]
  Impl DFF        imp:/WORK/zigbee/DQPSK_CSK/Imag_Sync_FIFO/mem_reg[969][1]

  Ref  DFF        ref:/WORK/zigbee/DQPSK_CSK/Imag_Sync_FIFO/mem_reg[96][0]
  Impl DFF        imp:/WORK/zigbee/DQPSK_CSK/Imag_Sync_FIFO/mem_reg[96][0]

  Ref  DFF        ref:/WORK/zigbee/DQPSK_CSK/Imag_Sync_FIFO/mem_reg[96][1]
  Impl DFF        imp:/WORK/zigbee/DQPSK_CSK/Imag_Sync_FIFO/mem_reg[96][1]

  Ref  DFF        ref:/WORK/zigbee/DQPSK_CSK/Imag_Sync_FIFO/mem_reg[970][0]
  Impl DFF        imp:/WORK/zigbee/DQPSK_CSK/Imag_Sync_FIFO/mem_reg[970][0]

  Ref  DFF        ref:/WORK/zigbee/DQPSK_CSK/Imag_Sync_FIFO/mem_reg[970][1]
  Impl DFF        imp:/WORK/zigbee/DQPSK_CSK/Imag_Sync_FIFO/mem_reg[970][1]

  Ref  DFF        ref:/WORK/zigbee/DQPSK_CSK/Imag_Sync_FIFO/mem_reg[971][0]
  Impl DFF        imp:/WORK/zigbee/DQPSK_CSK/Imag_Sync_FIFO/mem_reg[971][0]

  Ref  DFF        ref:/WORK/zigbee/DQPSK_CSK/Imag_Sync_FIFO/mem_reg[971][1]
  Impl DFF        imp:/WORK/zigbee/DQPSK_CSK/Imag_Sync_FIFO/mem_reg[971][1]

  Ref  DFF        ref:/WORK/zigbee/DQPSK_CSK/Imag_Sync_FIFO/mem_reg[972][0]
  Impl DFF        imp:/WORK/zigbee/DQPSK_CSK/Imag_Sync_FIFO/mem_reg[972][0]

  Ref  DFF        ref:/WORK/zigbee/DQPSK_CSK/Imag_Sync_FIFO/mem_reg[972][1]
  Impl DFF        imp:/WORK/zigbee/DQPSK_CSK/Imag_Sync_FIFO/mem_reg[972][1]

  Ref  DFF        ref:/WORK/zigbee/DQPSK_CSK/Imag_Sync_FIFO/mem_reg[973][0]
  Impl DFF        imp:/WORK/zigbee/DQPSK_CSK/Imag_Sync_FIFO/mem_reg[973][0]

  Ref  DFF        ref:/WORK/zigbee/DQPSK_CSK/Imag_Sync_FIFO/mem_reg[973][1]
  Impl DFF        imp:/WORK/zigbee/DQPSK_CSK/Imag_Sync_FIFO/mem_reg[973][1]

  Ref  DFF        ref:/WORK/zigbee/DQPSK_CSK/Imag_Sync_FIFO/mem_reg[974][0]
  Impl DFF        imp:/WORK/zigbee/DQPSK_CSK/Imag_Sync_FIFO/mem_reg[974][0]

  Ref  DFF        ref:/WORK/zigbee/DQPSK_CSK/Imag_Sync_FIFO/mem_reg[974][1]
  Impl DFF        imp:/WORK/zigbee/DQPSK_CSK/Imag_Sync_FIFO/mem_reg[974][1]

  Ref  DFF        ref:/WORK/zigbee/DQPSK_CSK/Imag_Sync_FIFO/mem_reg[975][0]
  Impl DFF        imp:/WORK/zigbee/DQPSK_CSK/Imag_Sync_FIFO/mem_reg[975][0]

  Ref  DFF        ref:/WORK/zigbee/DQPSK_CSK/Imag_Sync_FIFO/mem_reg[975][1]
  Impl DFF        imp:/WORK/zigbee/DQPSK_CSK/Imag_Sync_FIFO/mem_reg[975][1]

  Ref  DFF        ref:/WORK/zigbee/DQPSK_CSK/Imag_Sync_FIFO/mem_reg[976][0]
  Impl DFF        imp:/WORK/zigbee/DQPSK_CSK/Imag_Sync_FIFO/mem_reg[976][0]

  Ref  DFF        ref:/WORK/zigbee/DQPSK_CSK/Imag_Sync_FIFO/mem_reg[976][1]
  Impl DFF        imp:/WORK/zigbee/DQPSK_CSK/Imag_Sync_FIFO/mem_reg[976][1]

  Ref  DFF        ref:/WORK/zigbee/DQPSK_CSK/Imag_Sync_FIFO/mem_reg[977][0]
  Impl DFF        imp:/WORK/zigbee/DQPSK_CSK/Imag_Sync_FIFO/mem_reg[977][0]

  Ref  DFF        ref:/WORK/zigbee/DQPSK_CSK/Imag_Sync_FIFO/mem_reg[977][1]
  Impl DFF        imp:/WORK/zigbee/DQPSK_CSK/Imag_Sync_FIFO/mem_reg[977][1]

  Ref  DFF        ref:/WORK/zigbee/DQPSK_CSK/Imag_Sync_FIFO/mem_reg[978][0]
  Impl DFF        imp:/WORK/zigbee/DQPSK_CSK/Imag_Sync_FIFO/mem_reg[978][0]

  Ref  DFF        ref:/WORK/zigbee/DQPSK_CSK/Imag_Sync_FIFO/mem_reg[978][1]
  Impl DFF        imp:/WORK/zigbee/DQPSK_CSK/Imag_Sync_FIFO/mem_reg[978][1]

  Ref  DFF        ref:/WORK/zigbee/DQPSK_CSK/Imag_Sync_FIFO/mem_reg[979][0]
  Impl DFF        imp:/WORK/zigbee/DQPSK_CSK/Imag_Sync_FIFO/mem_reg[979][0]

  Ref  DFF        ref:/WORK/zigbee/DQPSK_CSK/Imag_Sync_FIFO/mem_reg[979][1]
  Impl DFF        imp:/WORK/zigbee/DQPSK_CSK/Imag_Sync_FIFO/mem_reg[979][1]

  Ref  DFF        ref:/WORK/zigbee/DQPSK_CSK/Imag_Sync_FIFO/mem_reg[97][0]
  Impl DFF        imp:/WORK/zigbee/DQPSK_CSK/Imag_Sync_FIFO/mem_reg[97][0]

  Ref  DFF        ref:/WORK/zigbee/DQPSK_CSK/Imag_Sync_FIFO/mem_reg[97][1]
  Impl DFF        imp:/WORK/zigbee/DQPSK_CSK/Imag_Sync_FIFO/mem_reg[97][1]

  Ref  DFF        ref:/WORK/zigbee/DQPSK_CSK/Imag_Sync_FIFO/mem_reg[980][0]
  Impl DFF        imp:/WORK/zigbee/DQPSK_CSK/Imag_Sync_FIFO/mem_reg[980][0]

  Ref  DFF        ref:/WORK/zigbee/DQPSK_CSK/Imag_Sync_FIFO/mem_reg[980][1]
  Impl DFF        imp:/WORK/zigbee/DQPSK_CSK/Imag_Sync_FIFO/mem_reg[980][1]

  Ref  DFF        ref:/WORK/zigbee/DQPSK_CSK/Imag_Sync_FIFO/mem_reg[981][0]
  Impl DFF        imp:/WORK/zigbee/DQPSK_CSK/Imag_Sync_FIFO/mem_reg[981][0]

  Ref  DFF        ref:/WORK/zigbee/DQPSK_CSK/Imag_Sync_FIFO/mem_reg[981][1]
  Impl DFF        imp:/WORK/zigbee/DQPSK_CSK/Imag_Sync_FIFO/mem_reg[981][1]

  Ref  DFF        ref:/WORK/zigbee/DQPSK_CSK/Imag_Sync_FIFO/mem_reg[982][0]
  Impl DFF        imp:/WORK/zigbee/DQPSK_CSK/Imag_Sync_FIFO/mem_reg[982][0]

  Ref  DFF        ref:/WORK/zigbee/DQPSK_CSK/Imag_Sync_FIFO/mem_reg[982][1]
  Impl DFF        imp:/WORK/zigbee/DQPSK_CSK/Imag_Sync_FIFO/mem_reg[982][1]

  Ref  DFF        ref:/WORK/zigbee/DQPSK_CSK/Imag_Sync_FIFO/mem_reg[983][0]
  Impl DFF        imp:/WORK/zigbee/DQPSK_CSK/Imag_Sync_FIFO/mem_reg[983][0]

  Ref  DFF        ref:/WORK/zigbee/DQPSK_CSK/Imag_Sync_FIFO/mem_reg[983][1]
  Impl DFF        imp:/WORK/zigbee/DQPSK_CSK/Imag_Sync_FIFO/mem_reg[983][1]

  Ref  DFF        ref:/WORK/zigbee/DQPSK_CSK/Imag_Sync_FIFO/mem_reg[984][0]
  Impl DFF        imp:/WORK/zigbee/DQPSK_CSK/Imag_Sync_FIFO/mem_reg[984][0]

  Ref  DFF        ref:/WORK/zigbee/DQPSK_CSK/Imag_Sync_FIFO/mem_reg[984][1]
  Impl DFF        imp:/WORK/zigbee/DQPSK_CSK/Imag_Sync_FIFO/mem_reg[984][1]

  Ref  DFF        ref:/WORK/zigbee/DQPSK_CSK/Imag_Sync_FIFO/mem_reg[985][0]
  Impl DFF        imp:/WORK/zigbee/DQPSK_CSK/Imag_Sync_FIFO/mem_reg[985][0]

  Ref  DFF        ref:/WORK/zigbee/DQPSK_CSK/Imag_Sync_FIFO/mem_reg[985][1]
  Impl DFF        imp:/WORK/zigbee/DQPSK_CSK/Imag_Sync_FIFO/mem_reg[985][1]

  Ref  DFF        ref:/WORK/zigbee/DQPSK_CSK/Imag_Sync_FIFO/mem_reg[986][0]
  Impl DFF        imp:/WORK/zigbee/DQPSK_CSK/Imag_Sync_FIFO/mem_reg[986][0]

  Ref  DFF        ref:/WORK/zigbee/DQPSK_CSK/Imag_Sync_FIFO/mem_reg[986][1]
  Impl DFF        imp:/WORK/zigbee/DQPSK_CSK/Imag_Sync_FIFO/mem_reg[986][1]

  Ref  DFF        ref:/WORK/zigbee/DQPSK_CSK/Imag_Sync_FIFO/mem_reg[987][0]
  Impl DFF        imp:/WORK/zigbee/DQPSK_CSK/Imag_Sync_FIFO/mem_reg[987][0]

  Ref  DFF        ref:/WORK/zigbee/DQPSK_CSK/Imag_Sync_FIFO/mem_reg[987][1]
  Impl DFF        imp:/WORK/zigbee/DQPSK_CSK/Imag_Sync_FIFO/mem_reg[987][1]

  Ref  DFF        ref:/WORK/zigbee/DQPSK_CSK/Imag_Sync_FIFO/mem_reg[988][0]
  Impl DFF        imp:/WORK/zigbee/DQPSK_CSK/Imag_Sync_FIFO/mem_reg[988][0]

  Ref  DFF        ref:/WORK/zigbee/DQPSK_CSK/Imag_Sync_FIFO/mem_reg[988][1]
  Impl DFF        imp:/WORK/zigbee/DQPSK_CSK/Imag_Sync_FIFO/mem_reg[988][1]

  Ref  DFF        ref:/WORK/zigbee/DQPSK_CSK/Imag_Sync_FIFO/mem_reg[989][0]
  Impl DFF        imp:/WORK/zigbee/DQPSK_CSK/Imag_Sync_FIFO/mem_reg[989][0]

  Ref  DFF        ref:/WORK/zigbee/DQPSK_CSK/Imag_Sync_FIFO/mem_reg[989][1]
  Impl DFF        imp:/WORK/zigbee/DQPSK_CSK/Imag_Sync_FIFO/mem_reg[989][1]

  Ref  DFF        ref:/WORK/zigbee/DQPSK_CSK/Imag_Sync_FIFO/mem_reg[98][0]
  Impl DFF        imp:/WORK/zigbee/DQPSK_CSK/Imag_Sync_FIFO/mem_reg[98][0]

  Ref  DFF        ref:/WORK/zigbee/DQPSK_CSK/Imag_Sync_FIFO/mem_reg[98][1]
  Impl DFF        imp:/WORK/zigbee/DQPSK_CSK/Imag_Sync_FIFO/mem_reg[98][1]

  Ref  DFF        ref:/WORK/zigbee/DQPSK_CSK/Imag_Sync_FIFO/mem_reg[990][0]
  Impl DFF        imp:/WORK/zigbee/DQPSK_CSK/Imag_Sync_FIFO/mem_reg[990][0]

  Ref  DFF        ref:/WORK/zigbee/DQPSK_CSK/Imag_Sync_FIFO/mem_reg[990][1]
  Impl DFF        imp:/WORK/zigbee/DQPSK_CSK/Imag_Sync_FIFO/mem_reg[990][1]

  Ref  DFF        ref:/WORK/zigbee/DQPSK_CSK/Imag_Sync_FIFO/mem_reg[991][0]
  Impl DFF        imp:/WORK/zigbee/DQPSK_CSK/Imag_Sync_FIFO/mem_reg[991][0]

  Ref  DFF        ref:/WORK/zigbee/DQPSK_CSK/Imag_Sync_FIFO/mem_reg[991][1]
  Impl DFF        imp:/WORK/zigbee/DQPSK_CSK/Imag_Sync_FIFO/mem_reg[991][1]

  Ref  DFF        ref:/WORK/zigbee/DQPSK_CSK/Imag_Sync_FIFO/mem_reg[992][0]
  Impl DFF        imp:/WORK/zigbee/DQPSK_CSK/Imag_Sync_FIFO/mem_reg[992][0]

  Ref  DFF        ref:/WORK/zigbee/DQPSK_CSK/Imag_Sync_FIFO/mem_reg[992][1]
  Impl DFF        imp:/WORK/zigbee/DQPSK_CSK/Imag_Sync_FIFO/mem_reg[992][1]

  Ref  DFF        ref:/WORK/zigbee/DQPSK_CSK/Imag_Sync_FIFO/mem_reg[993][0]
  Impl DFF        imp:/WORK/zigbee/DQPSK_CSK/Imag_Sync_FIFO/mem_reg[993][0]

  Ref  DFF        ref:/WORK/zigbee/DQPSK_CSK/Imag_Sync_FIFO/mem_reg[993][1]
  Impl DFF        imp:/WORK/zigbee/DQPSK_CSK/Imag_Sync_FIFO/mem_reg[993][1]

  Ref  DFF        ref:/WORK/zigbee/DQPSK_CSK/Imag_Sync_FIFO/mem_reg[994][0]
  Impl DFF        imp:/WORK/zigbee/DQPSK_CSK/Imag_Sync_FIFO/mem_reg[994][0]

  Ref  DFF        ref:/WORK/zigbee/DQPSK_CSK/Imag_Sync_FIFO/mem_reg[994][1]
  Impl DFF        imp:/WORK/zigbee/DQPSK_CSK/Imag_Sync_FIFO/mem_reg[994][1]

  Ref  DFF        ref:/WORK/zigbee/DQPSK_CSK/Imag_Sync_FIFO/mem_reg[995][0]
  Impl DFF        imp:/WORK/zigbee/DQPSK_CSK/Imag_Sync_FIFO/mem_reg[995][0]

  Ref  DFF        ref:/WORK/zigbee/DQPSK_CSK/Imag_Sync_FIFO/mem_reg[995][1]
  Impl DFF        imp:/WORK/zigbee/DQPSK_CSK/Imag_Sync_FIFO/mem_reg[995][1]

  Ref  DFF        ref:/WORK/zigbee/DQPSK_CSK/Imag_Sync_FIFO/mem_reg[996][0]
  Impl DFF        imp:/WORK/zigbee/DQPSK_CSK/Imag_Sync_FIFO/mem_reg[996][0]

  Ref  DFF        ref:/WORK/zigbee/DQPSK_CSK/Imag_Sync_FIFO/mem_reg[996][1]
  Impl DFF        imp:/WORK/zigbee/DQPSK_CSK/Imag_Sync_FIFO/mem_reg[996][1]

  Ref  DFF        ref:/WORK/zigbee/DQPSK_CSK/Imag_Sync_FIFO/mem_reg[997][0]
  Impl DFF        imp:/WORK/zigbee/DQPSK_CSK/Imag_Sync_FIFO/mem_reg[997][0]

  Ref  DFF        ref:/WORK/zigbee/DQPSK_CSK/Imag_Sync_FIFO/mem_reg[997][1]
  Impl DFF        imp:/WORK/zigbee/DQPSK_CSK/Imag_Sync_FIFO/mem_reg[997][1]

  Ref  DFF        ref:/WORK/zigbee/DQPSK_CSK/Imag_Sync_FIFO/mem_reg[998][0]
  Impl DFF        imp:/WORK/zigbee/DQPSK_CSK/Imag_Sync_FIFO/mem_reg[998][0]

  Ref  DFF        ref:/WORK/zigbee/DQPSK_CSK/Imag_Sync_FIFO/mem_reg[998][1]
  Impl DFF        imp:/WORK/zigbee/DQPSK_CSK/Imag_Sync_FIFO/mem_reg[998][1]

  Ref  DFF        ref:/WORK/zigbee/DQPSK_CSK/Imag_Sync_FIFO/mem_reg[999][0]
  Impl DFF        imp:/WORK/zigbee/DQPSK_CSK/Imag_Sync_FIFO/mem_reg[999][0]

  Ref  DFF        ref:/WORK/zigbee/DQPSK_CSK/Imag_Sync_FIFO/mem_reg[999][1]
  Impl DFF        imp:/WORK/zigbee/DQPSK_CSK/Imag_Sync_FIFO/mem_reg[999][1]

  Ref  DFF        ref:/WORK/zigbee/DQPSK_CSK/Imag_Sync_FIFO/mem_reg[99][0]
  Impl DFF        imp:/WORK/zigbee/DQPSK_CSK/Imag_Sync_FIFO/mem_reg[99][0]

  Ref  DFF        ref:/WORK/zigbee/DQPSK_CSK/Imag_Sync_FIFO/mem_reg[99][1]
  Impl DFF        imp:/WORK/zigbee/DQPSK_CSK/Imag_Sync_FIFO/mem_reg[99][1]

  Ref  DFF        ref:/WORK/zigbee/DQPSK_CSK/Imag_Sync_FIFO/mem_reg[9][0]
  Impl DFF        imp:/WORK/zigbee/DQPSK_CSK/Imag_Sync_FIFO/mem_reg[9][0]

  Ref  DFF        ref:/WORK/zigbee/DQPSK_CSK/Imag_Sync_FIFO/mem_reg[9][1]
  Impl DFF        imp:/WORK/zigbee/DQPSK_CSK/Imag_Sync_FIFO/mem_reg[9][1]

  Ref  DFF        ref:/WORK/zigbee/DQPSK_CSK/Imag_Sync_FIFO/rd_from_addr_reg[0]
  Impl DFF        imp:/WORK/zigbee/DQPSK_CSK/Imag_Sync_FIFO/rd_from_addr_reg[0]

  Ref  DFF        ref:/WORK/zigbee/DQPSK_CSK/Imag_Sync_FIFO/rd_from_addr_reg[10]
  Impl DFF        imp:/WORK/zigbee/DQPSK_CSK/Imag_Sync_FIFO/rd_from_addr_reg[10]

  Ref  DFF        ref:/WORK/zigbee/DQPSK_CSK/Imag_Sync_FIFO/rd_from_addr_reg[1]
  Impl DFF        imp:/WORK/zigbee/DQPSK_CSK/Imag_Sync_FIFO/rd_from_addr_reg[1]

  Ref  DFF        ref:/WORK/zigbee/DQPSK_CSK/Imag_Sync_FIFO/rd_from_addr_reg[2]
  Impl DFF        imp:/WORK/zigbee/DQPSK_CSK/Imag_Sync_FIFO/rd_from_addr_reg[2]

  Ref  DFF        ref:/WORK/zigbee/DQPSK_CSK/Imag_Sync_FIFO/rd_from_addr_reg[3]
  Impl DFF        imp:/WORK/zigbee/DQPSK_CSK/Imag_Sync_FIFO/rd_from_addr_reg[3]

  Ref  DFF        ref:/WORK/zigbee/DQPSK_CSK/Imag_Sync_FIFO/rd_from_addr_reg[4]
  Impl DFF        imp:/WORK/zigbee/DQPSK_CSK/Imag_Sync_FIFO/rd_from_addr_reg[4]

  Ref  DFF        ref:/WORK/zigbee/DQPSK_CSK/Imag_Sync_FIFO/rd_from_addr_reg[5]
  Impl DFF        imp:/WORK/zigbee/DQPSK_CSK/Imag_Sync_FIFO/rd_from_addr_reg[5]

  Ref  DFF        ref:/WORK/zigbee/DQPSK_CSK/Imag_Sync_FIFO/rd_from_addr_reg[6]
  Impl DFF        imp:/WORK/zigbee/DQPSK_CSK/Imag_Sync_FIFO/rd_from_addr_reg[6]

  Ref  DFF        ref:/WORK/zigbee/DQPSK_CSK/Imag_Sync_FIFO/rd_from_addr_reg[7]
  Impl DFF        imp:/WORK/zigbee/DQPSK_CSK/Imag_Sync_FIFO/rd_from_addr_reg[7]

  Ref  DFF        ref:/WORK/zigbee/DQPSK_CSK/Imag_Sync_FIFO/rd_from_addr_reg[8]
  Impl DFF        imp:/WORK/zigbee/DQPSK_CSK/Imag_Sync_FIFO/rd_from_addr_reg[8]

  Ref  DFF        ref:/WORK/zigbee/DQPSK_CSK/Imag_Sync_FIFO/rd_from_addr_reg[9]
  Impl DFF        imp:/WORK/zigbee/DQPSK_CSK/Imag_Sync_FIFO/rd_from_addr_reg[9]

  Ref  DFF        ref:/WORK/zigbee/DQPSK_CSK/Imag_Sync_FIFO/wr_in_addr_reg[0]
  Impl DFF        imp:/WORK/zigbee/DQPSK_CSK/Imag_Sync_FIFO/wr_in_addr_reg[0]

  Ref  DFF        ref:/WORK/zigbee/DQPSK_CSK/Imag_Sync_FIFO/wr_in_addr_reg[10]
  Impl DFF        imp:/WORK/zigbee/DQPSK_CSK/Imag_Sync_FIFO/wr_in_addr_reg[10]

  Ref  DFF        ref:/WORK/zigbee/DQPSK_CSK/Imag_Sync_FIFO/wr_in_addr_reg[1]
  Impl DFF        imp:/WORK/zigbee/DQPSK_CSK/Imag_Sync_FIFO/wr_in_addr_reg[1]

  Ref  DFF        ref:/WORK/zigbee/DQPSK_CSK/Imag_Sync_FIFO/wr_in_addr_reg[2]
  Impl DFF        imp:/WORK/zigbee/DQPSK_CSK/Imag_Sync_FIFO/wr_in_addr_reg[2]

  Ref  DFF        ref:/WORK/zigbee/DQPSK_CSK/Imag_Sync_FIFO/wr_in_addr_reg[3]
  Impl DFF        imp:/WORK/zigbee/DQPSK_CSK/Imag_Sync_FIFO/wr_in_addr_reg[3]

  Ref  DFF        ref:/WORK/zigbee/DQPSK_CSK/Imag_Sync_FIFO/wr_in_addr_reg[4]
  Impl DFF        imp:/WORK/zigbee/DQPSK_CSK/Imag_Sync_FIFO/wr_in_addr_reg[4]

  Ref  DFF        ref:/WORK/zigbee/DQPSK_CSK/Imag_Sync_FIFO/wr_in_addr_reg[5]
  Impl DFF        imp:/WORK/zigbee/DQPSK_CSK/Imag_Sync_FIFO/wr_in_addr_reg[5]

  Ref  DFF        ref:/WORK/zigbee/DQPSK_CSK/Imag_Sync_FIFO/wr_in_addr_reg[6]
  Impl DFF        imp:/WORK/zigbee/DQPSK_CSK/Imag_Sync_FIFO/wr_in_addr_reg[6]

  Ref  DFF        ref:/WORK/zigbee/DQPSK_CSK/Imag_Sync_FIFO/wr_in_addr_reg[7]
  Impl DFF        imp:/WORK/zigbee/DQPSK_CSK/Imag_Sync_FIFO/wr_in_addr_reg[7]

  Ref  DFF        ref:/WORK/zigbee/DQPSK_CSK/Imag_Sync_FIFO/wr_in_addr_reg[8]
  Impl DFF        imp:/WORK/zigbee/DQPSK_CSK/Imag_Sync_FIFO/wr_in_addr_reg[8]

  Ref  DFF        ref:/WORK/zigbee/DQPSK_CSK/Imag_Sync_FIFO/wr_in_addr_reg[9]
  Impl DFF        imp:/WORK/zigbee/DQPSK_CSK/Imag_Sync_FIFO/wr_in_addr_reg[9]

  Ref  DFF        ref:/WORK/zigbee/DQPSK_CSK/Real_Sync_FIFO/dout_reg[0]
  Impl DFF        imp:/WORK/zigbee/DQPSK_CSK/Real_Sync_FIFO/dout_reg[0]

  Ref  DFF        ref:/WORK/zigbee/DQPSK_CSK/Real_Sync_FIFO/dout_reg[1]
  Impl DFF        imp:/WORK/zigbee/DQPSK_CSK/Real_Sync_FIFO/dout_reg[1]

  Ref  DFF        ref:/WORK/zigbee/DQPSK_CSK/Real_Sync_FIFO/mem_reg[0][0]
  Impl DFF        imp:/WORK/zigbee/DQPSK_CSK/Real_Sync_FIFO/mem_reg[0][0]

  Ref  DFF        ref:/WORK/zigbee/DQPSK_CSK/Real_Sync_FIFO/mem_reg[0][1]
  Impl DFF        imp:/WORK/zigbee/DQPSK_CSK/Real_Sync_FIFO/mem_reg[0][1]

  Ref  DFF        ref:/WORK/zigbee/DQPSK_CSK/Real_Sync_FIFO/mem_reg[1000][0]
  Impl DFF        imp:/WORK/zigbee/DQPSK_CSK/Real_Sync_FIFO/mem_reg[1000][0]

  Ref  DFF        ref:/WORK/zigbee/DQPSK_CSK/Real_Sync_FIFO/mem_reg[1000][1]
  Impl DFF        imp:/WORK/zigbee/DQPSK_CSK/Real_Sync_FIFO/mem_reg[1000][1]

  Ref  DFF        ref:/WORK/zigbee/DQPSK_CSK/Real_Sync_FIFO/mem_reg[1001][0]
  Impl DFF        imp:/WORK/zigbee/DQPSK_CSK/Real_Sync_FIFO/mem_reg[1001][0]

  Ref  DFF        ref:/WORK/zigbee/DQPSK_CSK/Real_Sync_FIFO/mem_reg[1001][1]
  Impl DFF        imp:/WORK/zigbee/DQPSK_CSK/Real_Sync_FIFO/mem_reg[1001][1]

  Ref  DFF        ref:/WORK/zigbee/DQPSK_CSK/Real_Sync_FIFO/mem_reg[1002][0]
  Impl DFF        imp:/WORK/zigbee/DQPSK_CSK/Real_Sync_FIFO/mem_reg[1002][0]

  Ref  DFF        ref:/WORK/zigbee/DQPSK_CSK/Real_Sync_FIFO/mem_reg[1002][1]
  Impl DFF        imp:/WORK/zigbee/DQPSK_CSK/Real_Sync_FIFO/mem_reg[1002][1]

  Ref  DFF        ref:/WORK/zigbee/DQPSK_CSK/Real_Sync_FIFO/mem_reg[1003][0]
  Impl DFF        imp:/WORK/zigbee/DQPSK_CSK/Real_Sync_FIFO/mem_reg[1003][0]

  Ref  DFF        ref:/WORK/zigbee/DQPSK_CSK/Real_Sync_FIFO/mem_reg[1003][1]
  Impl DFF        imp:/WORK/zigbee/DQPSK_CSK/Real_Sync_FIFO/mem_reg[1003][1]

  Ref  DFF        ref:/WORK/zigbee/DQPSK_CSK/Real_Sync_FIFO/mem_reg[1004][0]
  Impl DFF        imp:/WORK/zigbee/DQPSK_CSK/Real_Sync_FIFO/mem_reg[1004][0]

  Ref  DFF        ref:/WORK/zigbee/DQPSK_CSK/Real_Sync_FIFO/mem_reg[1004][1]
  Impl DFF        imp:/WORK/zigbee/DQPSK_CSK/Real_Sync_FIFO/mem_reg[1004][1]

  Ref  DFF        ref:/WORK/zigbee/DQPSK_CSK/Real_Sync_FIFO/mem_reg[1005][0]
  Impl DFF        imp:/WORK/zigbee/DQPSK_CSK/Real_Sync_FIFO/mem_reg[1005][0]

  Ref  DFF        ref:/WORK/zigbee/DQPSK_CSK/Real_Sync_FIFO/mem_reg[1005][1]
  Impl DFF        imp:/WORK/zigbee/DQPSK_CSK/Real_Sync_FIFO/mem_reg[1005][1]

  Ref  DFF        ref:/WORK/zigbee/DQPSK_CSK/Real_Sync_FIFO/mem_reg[1006][0]
  Impl DFF        imp:/WORK/zigbee/DQPSK_CSK/Real_Sync_FIFO/mem_reg[1006][0]

  Ref  DFF        ref:/WORK/zigbee/DQPSK_CSK/Real_Sync_FIFO/mem_reg[1006][1]
  Impl DFF        imp:/WORK/zigbee/DQPSK_CSK/Real_Sync_FIFO/mem_reg[1006][1]

  Ref  DFF        ref:/WORK/zigbee/DQPSK_CSK/Real_Sync_FIFO/mem_reg[1007][0]
  Impl DFF        imp:/WORK/zigbee/DQPSK_CSK/Real_Sync_FIFO/mem_reg[1007][0]

  Ref  DFF        ref:/WORK/zigbee/DQPSK_CSK/Real_Sync_FIFO/mem_reg[1007][1]
  Impl DFF        imp:/WORK/zigbee/DQPSK_CSK/Real_Sync_FIFO/mem_reg[1007][1]

  Ref  DFF        ref:/WORK/zigbee/DQPSK_CSK/Real_Sync_FIFO/mem_reg[1008][0]
  Impl DFF        imp:/WORK/zigbee/DQPSK_CSK/Real_Sync_FIFO/mem_reg[1008][0]

  Ref  DFF        ref:/WORK/zigbee/DQPSK_CSK/Real_Sync_FIFO/mem_reg[1008][1]
  Impl DFF        imp:/WORK/zigbee/DQPSK_CSK/Real_Sync_FIFO/mem_reg[1008][1]

  Ref  DFF        ref:/WORK/zigbee/DQPSK_CSK/Real_Sync_FIFO/mem_reg[1009][0]
  Impl DFF        imp:/WORK/zigbee/DQPSK_CSK/Real_Sync_FIFO/mem_reg[1009][0]

  Ref  DFF        ref:/WORK/zigbee/DQPSK_CSK/Real_Sync_FIFO/mem_reg[1009][1]
  Impl DFF        imp:/WORK/zigbee/DQPSK_CSK/Real_Sync_FIFO/mem_reg[1009][1]

  Ref  DFF        ref:/WORK/zigbee/DQPSK_CSK/Real_Sync_FIFO/mem_reg[100][0]
  Impl DFF        imp:/WORK/zigbee/DQPSK_CSK/Real_Sync_FIFO/mem_reg[100][0]

  Ref  DFF        ref:/WORK/zigbee/DQPSK_CSK/Real_Sync_FIFO/mem_reg[100][1]
  Impl DFF        imp:/WORK/zigbee/DQPSK_CSK/Real_Sync_FIFO/mem_reg[100][1]

  Ref  DFF        ref:/WORK/zigbee/DQPSK_CSK/Real_Sync_FIFO/mem_reg[1010][0]
  Impl DFF        imp:/WORK/zigbee/DQPSK_CSK/Real_Sync_FIFO/mem_reg[1010][0]

  Ref  DFF        ref:/WORK/zigbee/DQPSK_CSK/Real_Sync_FIFO/mem_reg[1010][1]
  Impl DFF        imp:/WORK/zigbee/DQPSK_CSK/Real_Sync_FIFO/mem_reg[1010][1]

  Ref  DFF        ref:/WORK/zigbee/DQPSK_CSK/Real_Sync_FIFO/mem_reg[1011][0]
  Impl DFF        imp:/WORK/zigbee/DQPSK_CSK/Real_Sync_FIFO/mem_reg[1011][0]

  Ref  DFF        ref:/WORK/zigbee/DQPSK_CSK/Real_Sync_FIFO/mem_reg[1011][1]
  Impl DFF        imp:/WORK/zigbee/DQPSK_CSK/Real_Sync_FIFO/mem_reg[1011][1]

  Ref  DFF        ref:/WORK/zigbee/DQPSK_CSK/Real_Sync_FIFO/mem_reg[1012][0]
  Impl DFF        imp:/WORK/zigbee/DQPSK_CSK/Real_Sync_FIFO/mem_reg[1012][0]

  Ref  DFF        ref:/WORK/zigbee/DQPSK_CSK/Real_Sync_FIFO/mem_reg[1012][1]
  Impl DFF        imp:/WORK/zigbee/DQPSK_CSK/Real_Sync_FIFO/mem_reg[1012][1]

  Ref  DFF        ref:/WORK/zigbee/DQPSK_CSK/Real_Sync_FIFO/mem_reg[1013][0]
  Impl DFF        imp:/WORK/zigbee/DQPSK_CSK/Real_Sync_FIFO/mem_reg[1013][0]

  Ref  DFF        ref:/WORK/zigbee/DQPSK_CSK/Real_Sync_FIFO/mem_reg[1013][1]
  Impl DFF        imp:/WORK/zigbee/DQPSK_CSK/Real_Sync_FIFO/mem_reg[1013][1]

  Ref  DFF        ref:/WORK/zigbee/DQPSK_CSK/Real_Sync_FIFO/mem_reg[1014][0]
  Impl DFF        imp:/WORK/zigbee/DQPSK_CSK/Real_Sync_FIFO/mem_reg[1014][0]

  Ref  DFF        ref:/WORK/zigbee/DQPSK_CSK/Real_Sync_FIFO/mem_reg[1014][1]
  Impl DFF        imp:/WORK/zigbee/DQPSK_CSK/Real_Sync_FIFO/mem_reg[1014][1]

  Ref  DFF        ref:/WORK/zigbee/DQPSK_CSK/Real_Sync_FIFO/mem_reg[1015][0]
  Impl DFF        imp:/WORK/zigbee/DQPSK_CSK/Real_Sync_FIFO/mem_reg[1015][0]

  Ref  DFF        ref:/WORK/zigbee/DQPSK_CSK/Real_Sync_FIFO/mem_reg[1015][1]
  Impl DFF        imp:/WORK/zigbee/DQPSK_CSK/Real_Sync_FIFO/mem_reg[1015][1]

  Ref  DFF        ref:/WORK/zigbee/DQPSK_CSK/Real_Sync_FIFO/mem_reg[1016][0]
  Impl DFF        imp:/WORK/zigbee/DQPSK_CSK/Real_Sync_FIFO/mem_reg[1016][0]

  Ref  DFF        ref:/WORK/zigbee/DQPSK_CSK/Real_Sync_FIFO/mem_reg[1016][1]
  Impl DFF        imp:/WORK/zigbee/DQPSK_CSK/Real_Sync_FIFO/mem_reg[1016][1]

  Ref  DFF        ref:/WORK/zigbee/DQPSK_CSK/Real_Sync_FIFO/mem_reg[1017][0]
  Impl DFF        imp:/WORK/zigbee/DQPSK_CSK/Real_Sync_FIFO/mem_reg[1017][0]

  Ref  DFF        ref:/WORK/zigbee/DQPSK_CSK/Real_Sync_FIFO/mem_reg[1017][1]
  Impl DFF        imp:/WORK/zigbee/DQPSK_CSK/Real_Sync_FIFO/mem_reg[1017][1]

  Ref  DFF        ref:/WORK/zigbee/DQPSK_CSK/Real_Sync_FIFO/mem_reg[1018][0]
  Impl DFF        imp:/WORK/zigbee/DQPSK_CSK/Real_Sync_FIFO/mem_reg[1018][0]

  Ref  DFF        ref:/WORK/zigbee/DQPSK_CSK/Real_Sync_FIFO/mem_reg[1018][1]
  Impl DFF        imp:/WORK/zigbee/DQPSK_CSK/Real_Sync_FIFO/mem_reg[1018][1]

  Ref  DFF        ref:/WORK/zigbee/DQPSK_CSK/Real_Sync_FIFO/mem_reg[1019][0]
  Impl DFF        imp:/WORK/zigbee/DQPSK_CSK/Real_Sync_FIFO/mem_reg[1019][0]

  Ref  DFF        ref:/WORK/zigbee/DQPSK_CSK/Real_Sync_FIFO/mem_reg[1019][1]
  Impl DFF        imp:/WORK/zigbee/DQPSK_CSK/Real_Sync_FIFO/mem_reg[1019][1]

  Ref  DFF        ref:/WORK/zigbee/DQPSK_CSK/Real_Sync_FIFO/mem_reg[101][0]
  Impl DFF        imp:/WORK/zigbee/DQPSK_CSK/Real_Sync_FIFO/mem_reg[101][0]

  Ref  DFF        ref:/WORK/zigbee/DQPSK_CSK/Real_Sync_FIFO/mem_reg[101][1]
  Impl DFF        imp:/WORK/zigbee/DQPSK_CSK/Real_Sync_FIFO/mem_reg[101][1]

  Ref  DFF        ref:/WORK/zigbee/DQPSK_CSK/Real_Sync_FIFO/mem_reg[1020][0]
  Impl DFF        imp:/WORK/zigbee/DQPSK_CSK/Real_Sync_FIFO/mem_reg[1020][0]

  Ref  DFF        ref:/WORK/zigbee/DQPSK_CSK/Real_Sync_FIFO/mem_reg[1020][1]
  Impl DFF        imp:/WORK/zigbee/DQPSK_CSK/Real_Sync_FIFO/mem_reg[1020][1]

  Ref  DFF        ref:/WORK/zigbee/DQPSK_CSK/Real_Sync_FIFO/mem_reg[1021][0]
  Impl DFF        imp:/WORK/zigbee/DQPSK_CSK/Real_Sync_FIFO/mem_reg[1021][0]

  Ref  DFF        ref:/WORK/zigbee/DQPSK_CSK/Real_Sync_FIFO/mem_reg[1021][1]
  Impl DFF        imp:/WORK/zigbee/DQPSK_CSK/Real_Sync_FIFO/mem_reg[1021][1]

  Ref  DFF        ref:/WORK/zigbee/DQPSK_CSK/Real_Sync_FIFO/mem_reg[1022][0]
  Impl DFF        imp:/WORK/zigbee/DQPSK_CSK/Real_Sync_FIFO/mem_reg[1022][0]

  Ref  DFF        ref:/WORK/zigbee/DQPSK_CSK/Real_Sync_FIFO/mem_reg[1022][1]
  Impl DFF        imp:/WORK/zigbee/DQPSK_CSK/Real_Sync_FIFO/mem_reg[1022][1]

  Ref  DFF        ref:/WORK/zigbee/DQPSK_CSK/Real_Sync_FIFO/mem_reg[1023][0]
  Impl DFF        imp:/WORK/zigbee/DQPSK_CSK/Real_Sync_FIFO/mem_reg[1023][0]

  Ref  DFF        ref:/WORK/zigbee/DQPSK_CSK/Real_Sync_FIFO/mem_reg[1023][1]
  Impl DFF        imp:/WORK/zigbee/DQPSK_CSK/Real_Sync_FIFO/mem_reg[1023][1]

  Ref  DFF        ref:/WORK/zigbee/DQPSK_CSK/Real_Sync_FIFO/mem_reg[102][0]
  Impl DFF        imp:/WORK/zigbee/DQPSK_CSK/Real_Sync_FIFO/mem_reg[102][0]

  Ref  DFF        ref:/WORK/zigbee/DQPSK_CSK/Real_Sync_FIFO/mem_reg[102][1]
  Impl DFF        imp:/WORK/zigbee/DQPSK_CSK/Real_Sync_FIFO/mem_reg[102][1]

  Ref  DFF        ref:/WORK/zigbee/DQPSK_CSK/Real_Sync_FIFO/mem_reg[103][0]
  Impl DFF        imp:/WORK/zigbee/DQPSK_CSK/Real_Sync_FIFO/mem_reg[103][0]

  Ref  DFF        ref:/WORK/zigbee/DQPSK_CSK/Real_Sync_FIFO/mem_reg[103][1]
  Impl DFF        imp:/WORK/zigbee/DQPSK_CSK/Real_Sync_FIFO/mem_reg[103][1]

  Ref  DFF        ref:/WORK/zigbee/DQPSK_CSK/Real_Sync_FIFO/mem_reg[104][0]
  Impl DFF        imp:/WORK/zigbee/DQPSK_CSK/Real_Sync_FIFO/mem_reg[104][0]

  Ref  DFF        ref:/WORK/zigbee/DQPSK_CSK/Real_Sync_FIFO/mem_reg[104][1]
  Impl DFF        imp:/WORK/zigbee/DQPSK_CSK/Real_Sync_FIFO/mem_reg[104][1]

  Ref  DFF        ref:/WORK/zigbee/DQPSK_CSK/Real_Sync_FIFO/mem_reg[105][0]
  Impl DFF        imp:/WORK/zigbee/DQPSK_CSK/Real_Sync_FIFO/mem_reg[105][0]

  Ref  DFF        ref:/WORK/zigbee/DQPSK_CSK/Real_Sync_FIFO/mem_reg[105][1]
  Impl DFF        imp:/WORK/zigbee/DQPSK_CSK/Real_Sync_FIFO/mem_reg[105][1]

  Ref  DFF        ref:/WORK/zigbee/DQPSK_CSK/Real_Sync_FIFO/mem_reg[106][0]
  Impl DFF        imp:/WORK/zigbee/DQPSK_CSK/Real_Sync_FIFO/mem_reg[106][0]

  Ref  DFF        ref:/WORK/zigbee/DQPSK_CSK/Real_Sync_FIFO/mem_reg[106][1]
  Impl DFF        imp:/WORK/zigbee/DQPSK_CSK/Real_Sync_FIFO/mem_reg[106][1]

  Ref  DFF        ref:/WORK/zigbee/DQPSK_CSK/Real_Sync_FIFO/mem_reg[107][0]
  Impl DFF        imp:/WORK/zigbee/DQPSK_CSK/Real_Sync_FIFO/mem_reg[107][0]

  Ref  DFF        ref:/WORK/zigbee/DQPSK_CSK/Real_Sync_FIFO/mem_reg[107][1]
  Impl DFF        imp:/WORK/zigbee/DQPSK_CSK/Real_Sync_FIFO/mem_reg[107][1]

  Ref  DFF        ref:/WORK/zigbee/DQPSK_CSK/Real_Sync_FIFO/mem_reg[108][0]
  Impl DFF        imp:/WORK/zigbee/DQPSK_CSK/Real_Sync_FIFO/mem_reg[108][0]

  Ref  DFF        ref:/WORK/zigbee/DQPSK_CSK/Real_Sync_FIFO/mem_reg[108][1]
  Impl DFF        imp:/WORK/zigbee/DQPSK_CSK/Real_Sync_FIFO/mem_reg[108][1]

  Ref  DFF        ref:/WORK/zigbee/DQPSK_CSK/Real_Sync_FIFO/mem_reg[109][0]
  Impl DFF        imp:/WORK/zigbee/DQPSK_CSK/Real_Sync_FIFO/mem_reg[109][0]

  Ref  DFF        ref:/WORK/zigbee/DQPSK_CSK/Real_Sync_FIFO/mem_reg[109][1]
  Impl DFF        imp:/WORK/zigbee/DQPSK_CSK/Real_Sync_FIFO/mem_reg[109][1]

  Ref  DFF        ref:/WORK/zigbee/DQPSK_CSK/Real_Sync_FIFO/mem_reg[10][0]
  Impl DFF        imp:/WORK/zigbee/DQPSK_CSK/Real_Sync_FIFO/mem_reg[10][0]

  Ref  DFF        ref:/WORK/zigbee/DQPSK_CSK/Real_Sync_FIFO/mem_reg[10][1]
  Impl DFF        imp:/WORK/zigbee/DQPSK_CSK/Real_Sync_FIFO/mem_reg[10][1]

  Ref  DFF        ref:/WORK/zigbee/DQPSK_CSK/Real_Sync_FIFO/mem_reg[110][0]
  Impl DFF        imp:/WORK/zigbee/DQPSK_CSK/Real_Sync_FIFO/mem_reg[110][0]

  Ref  DFF        ref:/WORK/zigbee/DQPSK_CSK/Real_Sync_FIFO/mem_reg[110][1]
  Impl DFF        imp:/WORK/zigbee/DQPSK_CSK/Real_Sync_FIFO/mem_reg[110][1]

  Ref  DFF        ref:/WORK/zigbee/DQPSK_CSK/Real_Sync_FIFO/mem_reg[111][0]
  Impl DFF        imp:/WORK/zigbee/DQPSK_CSK/Real_Sync_FIFO/mem_reg[111][0]

  Ref  DFF        ref:/WORK/zigbee/DQPSK_CSK/Real_Sync_FIFO/mem_reg[111][1]
  Impl DFF        imp:/WORK/zigbee/DQPSK_CSK/Real_Sync_FIFO/mem_reg[111][1]

  Ref  DFF        ref:/WORK/zigbee/DQPSK_CSK/Real_Sync_FIFO/mem_reg[112][0]
  Impl DFF        imp:/WORK/zigbee/DQPSK_CSK/Real_Sync_FIFO/mem_reg[112][0]

  Ref  DFF        ref:/WORK/zigbee/DQPSK_CSK/Real_Sync_FIFO/mem_reg[112][1]
  Impl DFF        imp:/WORK/zigbee/DQPSK_CSK/Real_Sync_FIFO/mem_reg[112][1]

  Ref  DFF        ref:/WORK/zigbee/DQPSK_CSK/Real_Sync_FIFO/mem_reg[113][0]
  Impl DFF        imp:/WORK/zigbee/DQPSK_CSK/Real_Sync_FIFO/mem_reg[113][0]

  Ref  DFF        ref:/WORK/zigbee/DQPSK_CSK/Real_Sync_FIFO/mem_reg[113][1]
  Impl DFF        imp:/WORK/zigbee/DQPSK_CSK/Real_Sync_FIFO/mem_reg[113][1]

  Ref  DFF        ref:/WORK/zigbee/DQPSK_CSK/Real_Sync_FIFO/mem_reg[114][0]
  Impl DFF        imp:/WORK/zigbee/DQPSK_CSK/Real_Sync_FIFO/mem_reg[114][0]

  Ref  DFF        ref:/WORK/zigbee/DQPSK_CSK/Real_Sync_FIFO/mem_reg[114][1]
  Impl DFF        imp:/WORK/zigbee/DQPSK_CSK/Real_Sync_FIFO/mem_reg[114][1]

  Ref  DFF        ref:/WORK/zigbee/DQPSK_CSK/Real_Sync_FIFO/mem_reg[115][0]
  Impl DFF        imp:/WORK/zigbee/DQPSK_CSK/Real_Sync_FIFO/mem_reg[115][0]

  Ref  DFF        ref:/WORK/zigbee/DQPSK_CSK/Real_Sync_FIFO/mem_reg[115][1]
  Impl DFF        imp:/WORK/zigbee/DQPSK_CSK/Real_Sync_FIFO/mem_reg[115][1]

  Ref  DFF        ref:/WORK/zigbee/DQPSK_CSK/Real_Sync_FIFO/mem_reg[116][0]
  Impl DFF        imp:/WORK/zigbee/DQPSK_CSK/Real_Sync_FIFO/mem_reg[116][0]

  Ref  DFF        ref:/WORK/zigbee/DQPSK_CSK/Real_Sync_FIFO/mem_reg[116][1]
  Impl DFF        imp:/WORK/zigbee/DQPSK_CSK/Real_Sync_FIFO/mem_reg[116][1]

  Ref  DFF        ref:/WORK/zigbee/DQPSK_CSK/Real_Sync_FIFO/mem_reg[117][0]
  Impl DFF        imp:/WORK/zigbee/DQPSK_CSK/Real_Sync_FIFO/mem_reg[117][0]

  Ref  DFF        ref:/WORK/zigbee/DQPSK_CSK/Real_Sync_FIFO/mem_reg[117][1]
  Impl DFF        imp:/WORK/zigbee/DQPSK_CSK/Real_Sync_FIFO/mem_reg[117][1]

  Ref  DFF        ref:/WORK/zigbee/DQPSK_CSK/Real_Sync_FIFO/mem_reg[118][0]
  Impl DFF        imp:/WORK/zigbee/DQPSK_CSK/Real_Sync_FIFO/mem_reg[118][0]

  Ref  DFF        ref:/WORK/zigbee/DQPSK_CSK/Real_Sync_FIFO/mem_reg[118][1]
  Impl DFF        imp:/WORK/zigbee/DQPSK_CSK/Real_Sync_FIFO/mem_reg[118][1]

  Ref  DFF        ref:/WORK/zigbee/DQPSK_CSK/Real_Sync_FIFO/mem_reg[119][0]
  Impl DFF        imp:/WORK/zigbee/DQPSK_CSK/Real_Sync_FIFO/mem_reg[119][0]

  Ref  DFF        ref:/WORK/zigbee/DQPSK_CSK/Real_Sync_FIFO/mem_reg[119][1]
  Impl DFF        imp:/WORK/zigbee/DQPSK_CSK/Real_Sync_FIFO/mem_reg[119][1]

  Ref  DFF        ref:/WORK/zigbee/DQPSK_CSK/Real_Sync_FIFO/mem_reg[11][0]
  Impl DFF        imp:/WORK/zigbee/DQPSK_CSK/Real_Sync_FIFO/mem_reg[11][0]

  Ref  DFF        ref:/WORK/zigbee/DQPSK_CSK/Real_Sync_FIFO/mem_reg[11][1]
  Impl DFF        imp:/WORK/zigbee/DQPSK_CSK/Real_Sync_FIFO/mem_reg[11][1]

  Ref  DFF        ref:/WORK/zigbee/DQPSK_CSK/Real_Sync_FIFO/mem_reg[120][0]
  Impl DFF        imp:/WORK/zigbee/DQPSK_CSK/Real_Sync_FIFO/mem_reg[120][0]

  Ref  DFF        ref:/WORK/zigbee/DQPSK_CSK/Real_Sync_FIFO/mem_reg[120][1]
  Impl DFF        imp:/WORK/zigbee/DQPSK_CSK/Real_Sync_FIFO/mem_reg[120][1]

  Ref  DFF        ref:/WORK/zigbee/DQPSK_CSK/Real_Sync_FIFO/mem_reg[121][0]
  Impl DFF        imp:/WORK/zigbee/DQPSK_CSK/Real_Sync_FIFO/mem_reg[121][0]

  Ref  DFF        ref:/WORK/zigbee/DQPSK_CSK/Real_Sync_FIFO/mem_reg[121][1]
  Impl DFF        imp:/WORK/zigbee/DQPSK_CSK/Real_Sync_FIFO/mem_reg[121][1]

  Ref  DFF        ref:/WORK/zigbee/DQPSK_CSK/Real_Sync_FIFO/mem_reg[122][0]
  Impl DFF        imp:/WORK/zigbee/DQPSK_CSK/Real_Sync_FIFO/mem_reg[122][0]

  Ref  DFF        ref:/WORK/zigbee/DQPSK_CSK/Real_Sync_FIFO/mem_reg[122][1]
  Impl DFF        imp:/WORK/zigbee/DQPSK_CSK/Real_Sync_FIFO/mem_reg[122][1]

  Ref  DFF        ref:/WORK/zigbee/DQPSK_CSK/Real_Sync_FIFO/mem_reg[123][0]
  Impl DFF        imp:/WORK/zigbee/DQPSK_CSK/Real_Sync_FIFO/mem_reg[123][0]

  Ref  DFF        ref:/WORK/zigbee/DQPSK_CSK/Real_Sync_FIFO/mem_reg[123][1]
  Impl DFF        imp:/WORK/zigbee/DQPSK_CSK/Real_Sync_FIFO/mem_reg[123][1]

  Ref  DFF        ref:/WORK/zigbee/DQPSK_CSK/Real_Sync_FIFO/mem_reg[124][0]
  Impl DFF        imp:/WORK/zigbee/DQPSK_CSK/Real_Sync_FIFO/mem_reg[124][0]

  Ref  DFF        ref:/WORK/zigbee/DQPSK_CSK/Real_Sync_FIFO/mem_reg[124][1]
  Impl DFF        imp:/WORK/zigbee/DQPSK_CSK/Real_Sync_FIFO/mem_reg[124][1]

  Ref  DFF        ref:/WORK/zigbee/DQPSK_CSK/Real_Sync_FIFO/mem_reg[125][0]
  Impl DFF        imp:/WORK/zigbee/DQPSK_CSK/Real_Sync_FIFO/mem_reg[125][0]

  Ref  DFF        ref:/WORK/zigbee/DQPSK_CSK/Real_Sync_FIFO/mem_reg[125][1]
  Impl DFF        imp:/WORK/zigbee/DQPSK_CSK/Real_Sync_FIFO/mem_reg[125][1]

  Ref  DFF        ref:/WORK/zigbee/DQPSK_CSK/Real_Sync_FIFO/mem_reg[126][0]
  Impl DFF        imp:/WORK/zigbee/DQPSK_CSK/Real_Sync_FIFO/mem_reg[126][0]

  Ref  DFF        ref:/WORK/zigbee/DQPSK_CSK/Real_Sync_FIFO/mem_reg[126][1]
  Impl DFF        imp:/WORK/zigbee/DQPSK_CSK/Real_Sync_FIFO/mem_reg[126][1]

  Ref  DFF        ref:/WORK/zigbee/DQPSK_CSK/Real_Sync_FIFO/mem_reg[127][0]
  Impl DFF        imp:/WORK/zigbee/DQPSK_CSK/Real_Sync_FIFO/mem_reg[127][0]

  Ref  DFF        ref:/WORK/zigbee/DQPSK_CSK/Real_Sync_FIFO/mem_reg[127][1]
  Impl DFF        imp:/WORK/zigbee/DQPSK_CSK/Real_Sync_FIFO/mem_reg[127][1]

  Ref  DFF        ref:/WORK/zigbee/DQPSK_CSK/Real_Sync_FIFO/mem_reg[128][0]
  Impl DFF        imp:/WORK/zigbee/DQPSK_CSK/Real_Sync_FIFO/mem_reg[128][0]

  Ref  DFF        ref:/WORK/zigbee/DQPSK_CSK/Real_Sync_FIFO/mem_reg[128][1]
  Impl DFF        imp:/WORK/zigbee/DQPSK_CSK/Real_Sync_FIFO/mem_reg[128][1]

  Ref  DFF        ref:/WORK/zigbee/DQPSK_CSK/Real_Sync_FIFO/mem_reg[129][0]
  Impl DFF        imp:/WORK/zigbee/DQPSK_CSK/Real_Sync_FIFO/mem_reg[129][0]

  Ref  DFF        ref:/WORK/zigbee/DQPSK_CSK/Real_Sync_FIFO/mem_reg[129][1]
  Impl DFF        imp:/WORK/zigbee/DQPSK_CSK/Real_Sync_FIFO/mem_reg[129][1]

  Ref  DFF        ref:/WORK/zigbee/DQPSK_CSK/Real_Sync_FIFO/mem_reg[12][0]
  Impl DFF        imp:/WORK/zigbee/DQPSK_CSK/Real_Sync_FIFO/mem_reg[12][0]

  Ref  DFF        ref:/WORK/zigbee/DQPSK_CSK/Real_Sync_FIFO/mem_reg[12][1]
  Impl DFF        imp:/WORK/zigbee/DQPSK_CSK/Real_Sync_FIFO/mem_reg[12][1]

  Ref  DFF        ref:/WORK/zigbee/DQPSK_CSK/Real_Sync_FIFO/mem_reg[130][0]
  Impl DFF        imp:/WORK/zigbee/DQPSK_CSK/Real_Sync_FIFO/mem_reg[130][0]

  Ref  DFF        ref:/WORK/zigbee/DQPSK_CSK/Real_Sync_FIFO/mem_reg[130][1]
  Impl DFF        imp:/WORK/zigbee/DQPSK_CSK/Real_Sync_FIFO/mem_reg[130][1]

  Ref  DFF        ref:/WORK/zigbee/DQPSK_CSK/Real_Sync_FIFO/mem_reg[131][0]
  Impl DFF        imp:/WORK/zigbee/DQPSK_CSK/Real_Sync_FIFO/mem_reg[131][0]

  Ref  DFF        ref:/WORK/zigbee/DQPSK_CSK/Real_Sync_FIFO/mem_reg[131][1]
  Impl DFF        imp:/WORK/zigbee/DQPSK_CSK/Real_Sync_FIFO/mem_reg[131][1]

  Ref  DFF        ref:/WORK/zigbee/DQPSK_CSK/Real_Sync_FIFO/mem_reg[132][0]
  Impl DFF        imp:/WORK/zigbee/DQPSK_CSK/Real_Sync_FIFO/mem_reg[132][0]

  Ref  DFF        ref:/WORK/zigbee/DQPSK_CSK/Real_Sync_FIFO/mem_reg[132][1]
  Impl DFF        imp:/WORK/zigbee/DQPSK_CSK/Real_Sync_FIFO/mem_reg[132][1]

  Ref  DFF        ref:/WORK/zigbee/DQPSK_CSK/Real_Sync_FIFO/mem_reg[133][0]
  Impl DFF        imp:/WORK/zigbee/DQPSK_CSK/Real_Sync_FIFO/mem_reg[133][0]

  Ref  DFF        ref:/WORK/zigbee/DQPSK_CSK/Real_Sync_FIFO/mem_reg[133][1]
  Impl DFF        imp:/WORK/zigbee/DQPSK_CSK/Real_Sync_FIFO/mem_reg[133][1]

  Ref  DFF        ref:/WORK/zigbee/DQPSK_CSK/Real_Sync_FIFO/mem_reg[134][0]
  Impl DFF        imp:/WORK/zigbee/DQPSK_CSK/Real_Sync_FIFO/mem_reg[134][0]

  Ref  DFF        ref:/WORK/zigbee/DQPSK_CSK/Real_Sync_FIFO/mem_reg[134][1]
  Impl DFF        imp:/WORK/zigbee/DQPSK_CSK/Real_Sync_FIFO/mem_reg[134][1]

  Ref  DFF        ref:/WORK/zigbee/DQPSK_CSK/Real_Sync_FIFO/mem_reg[135][0]
  Impl DFF        imp:/WORK/zigbee/DQPSK_CSK/Real_Sync_FIFO/mem_reg[135][0]

  Ref  DFF        ref:/WORK/zigbee/DQPSK_CSK/Real_Sync_FIFO/mem_reg[135][1]
  Impl DFF        imp:/WORK/zigbee/DQPSK_CSK/Real_Sync_FIFO/mem_reg[135][1]

  Ref  DFF        ref:/WORK/zigbee/DQPSK_CSK/Real_Sync_FIFO/mem_reg[136][0]
  Impl DFF        imp:/WORK/zigbee/DQPSK_CSK/Real_Sync_FIFO/mem_reg[136][0]

  Ref  DFF        ref:/WORK/zigbee/DQPSK_CSK/Real_Sync_FIFO/mem_reg[136][1]
  Impl DFF        imp:/WORK/zigbee/DQPSK_CSK/Real_Sync_FIFO/mem_reg[136][1]

  Ref  DFF        ref:/WORK/zigbee/DQPSK_CSK/Real_Sync_FIFO/mem_reg[137][0]
  Impl DFF        imp:/WORK/zigbee/DQPSK_CSK/Real_Sync_FIFO/mem_reg[137][0]

  Ref  DFF        ref:/WORK/zigbee/DQPSK_CSK/Real_Sync_FIFO/mem_reg[137][1]
  Impl DFF        imp:/WORK/zigbee/DQPSK_CSK/Real_Sync_FIFO/mem_reg[137][1]

  Ref  DFF        ref:/WORK/zigbee/DQPSK_CSK/Real_Sync_FIFO/mem_reg[138][0]
  Impl DFF        imp:/WORK/zigbee/DQPSK_CSK/Real_Sync_FIFO/mem_reg[138][0]

  Ref  DFF        ref:/WORK/zigbee/DQPSK_CSK/Real_Sync_FIFO/mem_reg[138][1]
  Impl DFF        imp:/WORK/zigbee/DQPSK_CSK/Real_Sync_FIFO/mem_reg[138][1]

  Ref  DFF        ref:/WORK/zigbee/DQPSK_CSK/Real_Sync_FIFO/mem_reg[139][0]
  Impl DFF        imp:/WORK/zigbee/DQPSK_CSK/Real_Sync_FIFO/mem_reg[139][0]

  Ref  DFF        ref:/WORK/zigbee/DQPSK_CSK/Real_Sync_FIFO/mem_reg[139][1]
  Impl DFF        imp:/WORK/zigbee/DQPSK_CSK/Real_Sync_FIFO/mem_reg[139][1]

  Ref  DFF        ref:/WORK/zigbee/DQPSK_CSK/Real_Sync_FIFO/mem_reg[13][0]
  Impl DFF        imp:/WORK/zigbee/DQPSK_CSK/Real_Sync_FIFO/mem_reg[13][0]

  Ref  DFF        ref:/WORK/zigbee/DQPSK_CSK/Real_Sync_FIFO/mem_reg[13][1]
  Impl DFF        imp:/WORK/zigbee/DQPSK_CSK/Real_Sync_FIFO/mem_reg[13][1]

  Ref  DFF        ref:/WORK/zigbee/DQPSK_CSK/Real_Sync_FIFO/mem_reg[140][0]
  Impl DFF        imp:/WORK/zigbee/DQPSK_CSK/Real_Sync_FIFO/mem_reg[140][0]

  Ref  DFF        ref:/WORK/zigbee/DQPSK_CSK/Real_Sync_FIFO/mem_reg[140][1]
  Impl DFF        imp:/WORK/zigbee/DQPSK_CSK/Real_Sync_FIFO/mem_reg[140][1]

  Ref  DFF        ref:/WORK/zigbee/DQPSK_CSK/Real_Sync_FIFO/mem_reg[141][0]
  Impl DFF        imp:/WORK/zigbee/DQPSK_CSK/Real_Sync_FIFO/mem_reg[141][0]

  Ref  DFF        ref:/WORK/zigbee/DQPSK_CSK/Real_Sync_FIFO/mem_reg[141][1]
  Impl DFF        imp:/WORK/zigbee/DQPSK_CSK/Real_Sync_FIFO/mem_reg[141][1]

  Ref  DFF        ref:/WORK/zigbee/DQPSK_CSK/Real_Sync_FIFO/mem_reg[142][0]
  Impl DFF        imp:/WORK/zigbee/DQPSK_CSK/Real_Sync_FIFO/mem_reg[142][0]

  Ref  DFF        ref:/WORK/zigbee/DQPSK_CSK/Real_Sync_FIFO/mem_reg[142][1]
  Impl DFF        imp:/WORK/zigbee/DQPSK_CSK/Real_Sync_FIFO/mem_reg[142][1]

  Ref  DFF        ref:/WORK/zigbee/DQPSK_CSK/Real_Sync_FIFO/mem_reg[143][0]
  Impl DFF        imp:/WORK/zigbee/DQPSK_CSK/Real_Sync_FIFO/mem_reg[143][0]

  Ref  DFF        ref:/WORK/zigbee/DQPSK_CSK/Real_Sync_FIFO/mem_reg[143][1]
  Impl DFF        imp:/WORK/zigbee/DQPSK_CSK/Real_Sync_FIFO/mem_reg[143][1]

  Ref  DFF        ref:/WORK/zigbee/DQPSK_CSK/Real_Sync_FIFO/mem_reg[144][0]
  Impl DFF        imp:/WORK/zigbee/DQPSK_CSK/Real_Sync_FIFO/mem_reg[144][0]

  Ref  DFF        ref:/WORK/zigbee/DQPSK_CSK/Real_Sync_FIFO/mem_reg[144][1]
  Impl DFF        imp:/WORK/zigbee/DQPSK_CSK/Real_Sync_FIFO/mem_reg[144][1]

  Ref  DFF        ref:/WORK/zigbee/DQPSK_CSK/Real_Sync_FIFO/mem_reg[145][0]
  Impl DFF        imp:/WORK/zigbee/DQPSK_CSK/Real_Sync_FIFO/mem_reg[145][0]

  Ref  DFF        ref:/WORK/zigbee/DQPSK_CSK/Real_Sync_FIFO/mem_reg[145][1]
  Impl DFF        imp:/WORK/zigbee/DQPSK_CSK/Real_Sync_FIFO/mem_reg[145][1]

  Ref  DFF        ref:/WORK/zigbee/DQPSK_CSK/Real_Sync_FIFO/mem_reg[146][0]
  Impl DFF        imp:/WORK/zigbee/DQPSK_CSK/Real_Sync_FIFO/mem_reg[146][0]

  Ref  DFF        ref:/WORK/zigbee/DQPSK_CSK/Real_Sync_FIFO/mem_reg[146][1]
  Impl DFF        imp:/WORK/zigbee/DQPSK_CSK/Real_Sync_FIFO/mem_reg[146][1]

  Ref  DFF        ref:/WORK/zigbee/DQPSK_CSK/Real_Sync_FIFO/mem_reg[147][0]
  Impl DFF        imp:/WORK/zigbee/DQPSK_CSK/Real_Sync_FIFO/mem_reg[147][0]

  Ref  DFF        ref:/WORK/zigbee/DQPSK_CSK/Real_Sync_FIFO/mem_reg[147][1]
  Impl DFF        imp:/WORK/zigbee/DQPSK_CSK/Real_Sync_FIFO/mem_reg[147][1]

  Ref  DFF        ref:/WORK/zigbee/DQPSK_CSK/Real_Sync_FIFO/mem_reg[148][0]
  Impl DFF        imp:/WORK/zigbee/DQPSK_CSK/Real_Sync_FIFO/mem_reg[148][0]

  Ref  DFF        ref:/WORK/zigbee/DQPSK_CSK/Real_Sync_FIFO/mem_reg[148][1]
  Impl DFF        imp:/WORK/zigbee/DQPSK_CSK/Real_Sync_FIFO/mem_reg[148][1]

  Ref  DFF        ref:/WORK/zigbee/DQPSK_CSK/Real_Sync_FIFO/mem_reg[149][0]
  Impl DFF        imp:/WORK/zigbee/DQPSK_CSK/Real_Sync_FIFO/mem_reg[149][0]

  Ref  DFF        ref:/WORK/zigbee/DQPSK_CSK/Real_Sync_FIFO/mem_reg[149][1]
  Impl DFF        imp:/WORK/zigbee/DQPSK_CSK/Real_Sync_FIFO/mem_reg[149][1]

  Ref  DFF        ref:/WORK/zigbee/DQPSK_CSK/Real_Sync_FIFO/mem_reg[14][0]
  Impl DFF        imp:/WORK/zigbee/DQPSK_CSK/Real_Sync_FIFO/mem_reg[14][0]

  Ref  DFF        ref:/WORK/zigbee/DQPSK_CSK/Real_Sync_FIFO/mem_reg[14][1]
  Impl DFF        imp:/WORK/zigbee/DQPSK_CSK/Real_Sync_FIFO/mem_reg[14][1]

  Ref  DFF        ref:/WORK/zigbee/DQPSK_CSK/Real_Sync_FIFO/mem_reg[150][0]
  Impl DFF        imp:/WORK/zigbee/DQPSK_CSK/Real_Sync_FIFO/mem_reg[150][0]

  Ref  DFF        ref:/WORK/zigbee/DQPSK_CSK/Real_Sync_FIFO/mem_reg[150][1]
  Impl DFF        imp:/WORK/zigbee/DQPSK_CSK/Real_Sync_FIFO/mem_reg[150][1]

  Ref  DFF        ref:/WORK/zigbee/DQPSK_CSK/Real_Sync_FIFO/mem_reg[151][0]
  Impl DFF        imp:/WORK/zigbee/DQPSK_CSK/Real_Sync_FIFO/mem_reg[151][0]

  Ref  DFF        ref:/WORK/zigbee/DQPSK_CSK/Real_Sync_FIFO/mem_reg[151][1]
  Impl DFF        imp:/WORK/zigbee/DQPSK_CSK/Real_Sync_FIFO/mem_reg[151][1]

  Ref  DFF        ref:/WORK/zigbee/DQPSK_CSK/Real_Sync_FIFO/mem_reg[152][0]
  Impl DFF        imp:/WORK/zigbee/DQPSK_CSK/Real_Sync_FIFO/mem_reg[152][0]

  Ref  DFF        ref:/WORK/zigbee/DQPSK_CSK/Real_Sync_FIFO/mem_reg[152][1]
  Impl DFF        imp:/WORK/zigbee/DQPSK_CSK/Real_Sync_FIFO/mem_reg[152][1]

  Ref  DFF        ref:/WORK/zigbee/DQPSK_CSK/Real_Sync_FIFO/mem_reg[153][0]
  Impl DFF        imp:/WORK/zigbee/DQPSK_CSK/Real_Sync_FIFO/mem_reg[153][0]

  Ref  DFF        ref:/WORK/zigbee/DQPSK_CSK/Real_Sync_FIFO/mem_reg[153][1]
  Impl DFF        imp:/WORK/zigbee/DQPSK_CSK/Real_Sync_FIFO/mem_reg[153][1]

  Ref  DFF        ref:/WORK/zigbee/DQPSK_CSK/Real_Sync_FIFO/mem_reg[154][0]
  Impl DFF        imp:/WORK/zigbee/DQPSK_CSK/Real_Sync_FIFO/mem_reg[154][0]

  Ref  DFF        ref:/WORK/zigbee/DQPSK_CSK/Real_Sync_FIFO/mem_reg[154][1]
  Impl DFF        imp:/WORK/zigbee/DQPSK_CSK/Real_Sync_FIFO/mem_reg[154][1]

  Ref  DFF        ref:/WORK/zigbee/DQPSK_CSK/Real_Sync_FIFO/mem_reg[155][0]
  Impl DFF        imp:/WORK/zigbee/DQPSK_CSK/Real_Sync_FIFO/mem_reg[155][0]

  Ref  DFF        ref:/WORK/zigbee/DQPSK_CSK/Real_Sync_FIFO/mem_reg[155][1]
  Impl DFF        imp:/WORK/zigbee/DQPSK_CSK/Real_Sync_FIFO/mem_reg[155][1]

  Ref  DFF        ref:/WORK/zigbee/DQPSK_CSK/Real_Sync_FIFO/mem_reg[156][0]
  Impl DFF        imp:/WORK/zigbee/DQPSK_CSK/Real_Sync_FIFO/mem_reg[156][0]

  Ref  DFF        ref:/WORK/zigbee/DQPSK_CSK/Real_Sync_FIFO/mem_reg[156][1]
  Impl DFF        imp:/WORK/zigbee/DQPSK_CSK/Real_Sync_FIFO/mem_reg[156][1]

  Ref  DFF        ref:/WORK/zigbee/DQPSK_CSK/Real_Sync_FIFO/mem_reg[157][0]
  Impl DFF        imp:/WORK/zigbee/DQPSK_CSK/Real_Sync_FIFO/mem_reg[157][0]

  Ref  DFF        ref:/WORK/zigbee/DQPSK_CSK/Real_Sync_FIFO/mem_reg[157][1]
  Impl DFF        imp:/WORK/zigbee/DQPSK_CSK/Real_Sync_FIFO/mem_reg[157][1]

  Ref  DFF        ref:/WORK/zigbee/DQPSK_CSK/Real_Sync_FIFO/mem_reg[158][0]
  Impl DFF        imp:/WORK/zigbee/DQPSK_CSK/Real_Sync_FIFO/mem_reg[158][0]

  Ref  DFF        ref:/WORK/zigbee/DQPSK_CSK/Real_Sync_FIFO/mem_reg[158][1]
  Impl DFF        imp:/WORK/zigbee/DQPSK_CSK/Real_Sync_FIFO/mem_reg[158][1]

  Ref  DFF        ref:/WORK/zigbee/DQPSK_CSK/Real_Sync_FIFO/mem_reg[159][0]
  Impl DFF        imp:/WORK/zigbee/DQPSK_CSK/Real_Sync_FIFO/mem_reg[159][0]

  Ref  DFF        ref:/WORK/zigbee/DQPSK_CSK/Real_Sync_FIFO/mem_reg[159][1]
  Impl DFF        imp:/WORK/zigbee/DQPSK_CSK/Real_Sync_FIFO/mem_reg[159][1]

  Ref  DFF        ref:/WORK/zigbee/DQPSK_CSK/Real_Sync_FIFO/mem_reg[15][0]
  Impl DFF        imp:/WORK/zigbee/DQPSK_CSK/Real_Sync_FIFO/mem_reg[15][0]

  Ref  DFF        ref:/WORK/zigbee/DQPSK_CSK/Real_Sync_FIFO/mem_reg[15][1]
  Impl DFF        imp:/WORK/zigbee/DQPSK_CSK/Real_Sync_FIFO/mem_reg[15][1]

  Ref  DFF        ref:/WORK/zigbee/DQPSK_CSK/Real_Sync_FIFO/mem_reg[160][0]
  Impl DFF        imp:/WORK/zigbee/DQPSK_CSK/Real_Sync_FIFO/mem_reg[160][0]

  Ref  DFF        ref:/WORK/zigbee/DQPSK_CSK/Real_Sync_FIFO/mem_reg[160][1]
  Impl DFF        imp:/WORK/zigbee/DQPSK_CSK/Real_Sync_FIFO/mem_reg[160][1]

  Ref  DFF        ref:/WORK/zigbee/DQPSK_CSK/Real_Sync_FIFO/mem_reg[161][0]
  Impl DFF        imp:/WORK/zigbee/DQPSK_CSK/Real_Sync_FIFO/mem_reg[161][0]

  Ref  DFF        ref:/WORK/zigbee/DQPSK_CSK/Real_Sync_FIFO/mem_reg[161][1]
  Impl DFF        imp:/WORK/zigbee/DQPSK_CSK/Real_Sync_FIFO/mem_reg[161][1]

  Ref  DFF        ref:/WORK/zigbee/DQPSK_CSK/Real_Sync_FIFO/mem_reg[162][0]
  Impl DFF        imp:/WORK/zigbee/DQPSK_CSK/Real_Sync_FIFO/mem_reg[162][0]

  Ref  DFF        ref:/WORK/zigbee/DQPSK_CSK/Real_Sync_FIFO/mem_reg[162][1]
  Impl DFF        imp:/WORK/zigbee/DQPSK_CSK/Real_Sync_FIFO/mem_reg[162][1]

  Ref  DFF        ref:/WORK/zigbee/DQPSK_CSK/Real_Sync_FIFO/mem_reg[163][0]
  Impl DFF        imp:/WORK/zigbee/DQPSK_CSK/Real_Sync_FIFO/mem_reg[163][0]

  Ref  DFF        ref:/WORK/zigbee/DQPSK_CSK/Real_Sync_FIFO/mem_reg[163][1]
  Impl DFF        imp:/WORK/zigbee/DQPSK_CSK/Real_Sync_FIFO/mem_reg[163][1]

  Ref  DFF        ref:/WORK/zigbee/DQPSK_CSK/Real_Sync_FIFO/mem_reg[164][0]
  Impl DFF        imp:/WORK/zigbee/DQPSK_CSK/Real_Sync_FIFO/mem_reg[164][0]

  Ref  DFF        ref:/WORK/zigbee/DQPSK_CSK/Real_Sync_FIFO/mem_reg[164][1]
  Impl DFF        imp:/WORK/zigbee/DQPSK_CSK/Real_Sync_FIFO/mem_reg[164][1]

  Ref  DFF        ref:/WORK/zigbee/DQPSK_CSK/Real_Sync_FIFO/mem_reg[165][0]
  Impl DFF        imp:/WORK/zigbee/DQPSK_CSK/Real_Sync_FIFO/mem_reg[165][0]

  Ref  DFF        ref:/WORK/zigbee/DQPSK_CSK/Real_Sync_FIFO/mem_reg[165][1]
  Impl DFF        imp:/WORK/zigbee/DQPSK_CSK/Real_Sync_FIFO/mem_reg[165][1]

  Ref  DFF        ref:/WORK/zigbee/DQPSK_CSK/Real_Sync_FIFO/mem_reg[166][0]
  Impl DFF        imp:/WORK/zigbee/DQPSK_CSK/Real_Sync_FIFO/mem_reg[166][0]

  Ref  DFF        ref:/WORK/zigbee/DQPSK_CSK/Real_Sync_FIFO/mem_reg[166][1]
  Impl DFF        imp:/WORK/zigbee/DQPSK_CSK/Real_Sync_FIFO/mem_reg[166][1]

  Ref  DFF        ref:/WORK/zigbee/DQPSK_CSK/Real_Sync_FIFO/mem_reg[167][0]
  Impl DFF        imp:/WORK/zigbee/DQPSK_CSK/Real_Sync_FIFO/mem_reg[167][0]

  Ref  DFF        ref:/WORK/zigbee/DQPSK_CSK/Real_Sync_FIFO/mem_reg[167][1]
  Impl DFF        imp:/WORK/zigbee/DQPSK_CSK/Real_Sync_FIFO/mem_reg[167][1]

  Ref  DFF        ref:/WORK/zigbee/DQPSK_CSK/Real_Sync_FIFO/mem_reg[168][0]
  Impl DFF        imp:/WORK/zigbee/DQPSK_CSK/Real_Sync_FIFO/mem_reg[168][0]

  Ref  DFF        ref:/WORK/zigbee/DQPSK_CSK/Real_Sync_FIFO/mem_reg[168][1]
  Impl DFF        imp:/WORK/zigbee/DQPSK_CSK/Real_Sync_FIFO/mem_reg[168][1]

  Ref  DFF        ref:/WORK/zigbee/DQPSK_CSK/Real_Sync_FIFO/mem_reg[169][0]
  Impl DFF        imp:/WORK/zigbee/DQPSK_CSK/Real_Sync_FIFO/mem_reg[169][0]

  Ref  DFF        ref:/WORK/zigbee/DQPSK_CSK/Real_Sync_FIFO/mem_reg[169][1]
  Impl DFF        imp:/WORK/zigbee/DQPSK_CSK/Real_Sync_FIFO/mem_reg[169][1]

  Ref  DFF        ref:/WORK/zigbee/DQPSK_CSK/Real_Sync_FIFO/mem_reg[16][0]
  Impl DFF        imp:/WORK/zigbee/DQPSK_CSK/Real_Sync_FIFO/mem_reg[16][0]

  Ref  DFF        ref:/WORK/zigbee/DQPSK_CSK/Real_Sync_FIFO/mem_reg[16][1]
  Impl DFF        imp:/WORK/zigbee/DQPSK_CSK/Real_Sync_FIFO/mem_reg[16][1]

  Ref  DFF        ref:/WORK/zigbee/DQPSK_CSK/Real_Sync_FIFO/mem_reg[170][0]
  Impl DFF        imp:/WORK/zigbee/DQPSK_CSK/Real_Sync_FIFO/mem_reg[170][0]

  Ref  DFF        ref:/WORK/zigbee/DQPSK_CSK/Real_Sync_FIFO/mem_reg[170][1]
  Impl DFF        imp:/WORK/zigbee/DQPSK_CSK/Real_Sync_FIFO/mem_reg[170][1]

  Ref  DFF        ref:/WORK/zigbee/DQPSK_CSK/Real_Sync_FIFO/mem_reg[171][0]
  Impl DFF        imp:/WORK/zigbee/DQPSK_CSK/Real_Sync_FIFO/mem_reg[171][0]

  Ref  DFF        ref:/WORK/zigbee/DQPSK_CSK/Real_Sync_FIFO/mem_reg[171][1]
  Impl DFF        imp:/WORK/zigbee/DQPSK_CSK/Real_Sync_FIFO/mem_reg[171][1]

  Ref  DFF        ref:/WORK/zigbee/DQPSK_CSK/Real_Sync_FIFO/mem_reg[172][0]
  Impl DFF        imp:/WORK/zigbee/DQPSK_CSK/Real_Sync_FIFO/mem_reg[172][0]

  Ref  DFF        ref:/WORK/zigbee/DQPSK_CSK/Real_Sync_FIFO/mem_reg[172][1]
  Impl DFF        imp:/WORK/zigbee/DQPSK_CSK/Real_Sync_FIFO/mem_reg[172][1]

  Ref  DFF        ref:/WORK/zigbee/DQPSK_CSK/Real_Sync_FIFO/mem_reg[173][0]
  Impl DFF        imp:/WORK/zigbee/DQPSK_CSK/Real_Sync_FIFO/mem_reg[173][0]

  Ref  DFF        ref:/WORK/zigbee/DQPSK_CSK/Real_Sync_FIFO/mem_reg[173][1]
  Impl DFF        imp:/WORK/zigbee/DQPSK_CSK/Real_Sync_FIFO/mem_reg[173][1]

  Ref  DFF        ref:/WORK/zigbee/DQPSK_CSK/Real_Sync_FIFO/mem_reg[174][0]
  Impl DFF        imp:/WORK/zigbee/DQPSK_CSK/Real_Sync_FIFO/mem_reg[174][0]

  Ref  DFF        ref:/WORK/zigbee/DQPSK_CSK/Real_Sync_FIFO/mem_reg[174][1]
  Impl DFF        imp:/WORK/zigbee/DQPSK_CSK/Real_Sync_FIFO/mem_reg[174][1]

  Ref  DFF        ref:/WORK/zigbee/DQPSK_CSK/Real_Sync_FIFO/mem_reg[175][0]
  Impl DFF        imp:/WORK/zigbee/DQPSK_CSK/Real_Sync_FIFO/mem_reg[175][0]

  Ref  DFF        ref:/WORK/zigbee/DQPSK_CSK/Real_Sync_FIFO/mem_reg[175][1]
  Impl DFF        imp:/WORK/zigbee/DQPSK_CSK/Real_Sync_FIFO/mem_reg[175][1]

  Ref  DFF        ref:/WORK/zigbee/DQPSK_CSK/Real_Sync_FIFO/mem_reg[176][0]
  Impl DFF        imp:/WORK/zigbee/DQPSK_CSK/Real_Sync_FIFO/mem_reg[176][0]

  Ref  DFF        ref:/WORK/zigbee/DQPSK_CSK/Real_Sync_FIFO/mem_reg[176][1]
  Impl DFF        imp:/WORK/zigbee/DQPSK_CSK/Real_Sync_FIFO/mem_reg[176][1]

  Ref  DFF        ref:/WORK/zigbee/DQPSK_CSK/Real_Sync_FIFO/mem_reg[177][0]
  Impl DFF        imp:/WORK/zigbee/DQPSK_CSK/Real_Sync_FIFO/mem_reg[177][0]

  Ref  DFF        ref:/WORK/zigbee/DQPSK_CSK/Real_Sync_FIFO/mem_reg[177][1]
  Impl DFF        imp:/WORK/zigbee/DQPSK_CSK/Real_Sync_FIFO/mem_reg[177][1]

  Ref  DFF        ref:/WORK/zigbee/DQPSK_CSK/Real_Sync_FIFO/mem_reg[178][0]
  Impl DFF        imp:/WORK/zigbee/DQPSK_CSK/Real_Sync_FIFO/mem_reg[178][0]

  Ref  DFF        ref:/WORK/zigbee/DQPSK_CSK/Real_Sync_FIFO/mem_reg[178][1]
  Impl DFF        imp:/WORK/zigbee/DQPSK_CSK/Real_Sync_FIFO/mem_reg[178][1]

  Ref  DFF        ref:/WORK/zigbee/DQPSK_CSK/Real_Sync_FIFO/mem_reg[179][0]
  Impl DFF        imp:/WORK/zigbee/DQPSK_CSK/Real_Sync_FIFO/mem_reg[179][0]

  Ref  DFF        ref:/WORK/zigbee/DQPSK_CSK/Real_Sync_FIFO/mem_reg[179][1]
  Impl DFF        imp:/WORK/zigbee/DQPSK_CSK/Real_Sync_FIFO/mem_reg[179][1]

  Ref  DFF        ref:/WORK/zigbee/DQPSK_CSK/Real_Sync_FIFO/mem_reg[17][0]
  Impl DFF        imp:/WORK/zigbee/DQPSK_CSK/Real_Sync_FIFO/mem_reg[17][0]

  Ref  DFF        ref:/WORK/zigbee/DQPSK_CSK/Real_Sync_FIFO/mem_reg[17][1]
  Impl DFF        imp:/WORK/zigbee/DQPSK_CSK/Real_Sync_FIFO/mem_reg[17][1]

  Ref  DFF        ref:/WORK/zigbee/DQPSK_CSK/Real_Sync_FIFO/mem_reg[180][0]
  Impl DFF        imp:/WORK/zigbee/DQPSK_CSK/Real_Sync_FIFO/mem_reg[180][0]

  Ref  DFF        ref:/WORK/zigbee/DQPSK_CSK/Real_Sync_FIFO/mem_reg[180][1]
  Impl DFF        imp:/WORK/zigbee/DQPSK_CSK/Real_Sync_FIFO/mem_reg[180][1]

  Ref  DFF        ref:/WORK/zigbee/DQPSK_CSK/Real_Sync_FIFO/mem_reg[181][0]
  Impl DFF        imp:/WORK/zigbee/DQPSK_CSK/Real_Sync_FIFO/mem_reg[181][0]

  Ref  DFF        ref:/WORK/zigbee/DQPSK_CSK/Real_Sync_FIFO/mem_reg[181][1]
  Impl DFF        imp:/WORK/zigbee/DQPSK_CSK/Real_Sync_FIFO/mem_reg[181][1]

  Ref  DFF        ref:/WORK/zigbee/DQPSK_CSK/Real_Sync_FIFO/mem_reg[182][0]
  Impl DFF        imp:/WORK/zigbee/DQPSK_CSK/Real_Sync_FIFO/mem_reg[182][0]

  Ref  DFF        ref:/WORK/zigbee/DQPSK_CSK/Real_Sync_FIFO/mem_reg[182][1]
  Impl DFF        imp:/WORK/zigbee/DQPSK_CSK/Real_Sync_FIFO/mem_reg[182][1]

  Ref  DFF        ref:/WORK/zigbee/DQPSK_CSK/Real_Sync_FIFO/mem_reg[183][0]
  Impl DFF        imp:/WORK/zigbee/DQPSK_CSK/Real_Sync_FIFO/mem_reg[183][0]

  Ref  DFF        ref:/WORK/zigbee/DQPSK_CSK/Real_Sync_FIFO/mem_reg[183][1]
  Impl DFF        imp:/WORK/zigbee/DQPSK_CSK/Real_Sync_FIFO/mem_reg[183][1]

  Ref  DFF        ref:/WORK/zigbee/DQPSK_CSK/Real_Sync_FIFO/mem_reg[184][0]
  Impl DFF        imp:/WORK/zigbee/DQPSK_CSK/Real_Sync_FIFO/mem_reg[184][0]

  Ref  DFF        ref:/WORK/zigbee/DQPSK_CSK/Real_Sync_FIFO/mem_reg[184][1]
  Impl DFF        imp:/WORK/zigbee/DQPSK_CSK/Real_Sync_FIFO/mem_reg[184][1]

  Ref  DFF        ref:/WORK/zigbee/DQPSK_CSK/Real_Sync_FIFO/mem_reg[185][0]
  Impl DFF        imp:/WORK/zigbee/DQPSK_CSK/Real_Sync_FIFO/mem_reg[185][0]

  Ref  DFF        ref:/WORK/zigbee/DQPSK_CSK/Real_Sync_FIFO/mem_reg[185][1]
  Impl DFF        imp:/WORK/zigbee/DQPSK_CSK/Real_Sync_FIFO/mem_reg[185][1]

  Ref  DFF        ref:/WORK/zigbee/DQPSK_CSK/Real_Sync_FIFO/mem_reg[186][0]
  Impl DFF        imp:/WORK/zigbee/DQPSK_CSK/Real_Sync_FIFO/mem_reg[186][0]

  Ref  DFF        ref:/WORK/zigbee/DQPSK_CSK/Real_Sync_FIFO/mem_reg[186][1]
  Impl DFF        imp:/WORK/zigbee/DQPSK_CSK/Real_Sync_FIFO/mem_reg[186][1]

  Ref  DFF        ref:/WORK/zigbee/DQPSK_CSK/Real_Sync_FIFO/mem_reg[187][0]
  Impl DFF        imp:/WORK/zigbee/DQPSK_CSK/Real_Sync_FIFO/mem_reg[187][0]

  Ref  DFF        ref:/WORK/zigbee/DQPSK_CSK/Real_Sync_FIFO/mem_reg[187][1]
  Impl DFF        imp:/WORK/zigbee/DQPSK_CSK/Real_Sync_FIFO/mem_reg[187][1]

  Ref  DFF        ref:/WORK/zigbee/DQPSK_CSK/Real_Sync_FIFO/mem_reg[188][0]
  Impl DFF        imp:/WORK/zigbee/DQPSK_CSK/Real_Sync_FIFO/mem_reg[188][0]

  Ref  DFF        ref:/WORK/zigbee/DQPSK_CSK/Real_Sync_FIFO/mem_reg[188][1]
  Impl DFF        imp:/WORK/zigbee/DQPSK_CSK/Real_Sync_FIFO/mem_reg[188][1]

  Ref  DFF        ref:/WORK/zigbee/DQPSK_CSK/Real_Sync_FIFO/mem_reg[189][0]
  Impl DFF        imp:/WORK/zigbee/DQPSK_CSK/Real_Sync_FIFO/mem_reg[189][0]

  Ref  DFF        ref:/WORK/zigbee/DQPSK_CSK/Real_Sync_FIFO/mem_reg[189][1]
  Impl DFF        imp:/WORK/zigbee/DQPSK_CSK/Real_Sync_FIFO/mem_reg[189][1]

  Ref  DFF        ref:/WORK/zigbee/DQPSK_CSK/Real_Sync_FIFO/mem_reg[18][0]
  Impl DFF        imp:/WORK/zigbee/DQPSK_CSK/Real_Sync_FIFO/mem_reg[18][0]

  Ref  DFF        ref:/WORK/zigbee/DQPSK_CSK/Real_Sync_FIFO/mem_reg[18][1]
  Impl DFF        imp:/WORK/zigbee/DQPSK_CSK/Real_Sync_FIFO/mem_reg[18][1]

  Ref  DFF        ref:/WORK/zigbee/DQPSK_CSK/Real_Sync_FIFO/mem_reg[190][0]
  Impl DFF        imp:/WORK/zigbee/DQPSK_CSK/Real_Sync_FIFO/mem_reg[190][0]

  Ref  DFF        ref:/WORK/zigbee/DQPSK_CSK/Real_Sync_FIFO/mem_reg[190][1]
  Impl DFF        imp:/WORK/zigbee/DQPSK_CSK/Real_Sync_FIFO/mem_reg[190][1]

  Ref  DFF        ref:/WORK/zigbee/DQPSK_CSK/Real_Sync_FIFO/mem_reg[191][0]
  Impl DFF        imp:/WORK/zigbee/DQPSK_CSK/Real_Sync_FIFO/mem_reg[191][0]

  Ref  DFF        ref:/WORK/zigbee/DQPSK_CSK/Real_Sync_FIFO/mem_reg[191][1]
  Impl DFF        imp:/WORK/zigbee/DQPSK_CSK/Real_Sync_FIFO/mem_reg[191][1]

  Ref  DFF        ref:/WORK/zigbee/DQPSK_CSK/Real_Sync_FIFO/mem_reg[192][0]
  Impl DFF        imp:/WORK/zigbee/DQPSK_CSK/Real_Sync_FIFO/mem_reg[192][0]

  Ref  DFF        ref:/WORK/zigbee/DQPSK_CSK/Real_Sync_FIFO/mem_reg[192][1]
  Impl DFF        imp:/WORK/zigbee/DQPSK_CSK/Real_Sync_FIFO/mem_reg[192][1]

  Ref  DFF        ref:/WORK/zigbee/DQPSK_CSK/Real_Sync_FIFO/mem_reg[193][0]
  Impl DFF        imp:/WORK/zigbee/DQPSK_CSK/Real_Sync_FIFO/mem_reg[193][0]

  Ref  DFF        ref:/WORK/zigbee/DQPSK_CSK/Real_Sync_FIFO/mem_reg[193][1]
  Impl DFF        imp:/WORK/zigbee/DQPSK_CSK/Real_Sync_FIFO/mem_reg[193][1]

  Ref  DFF        ref:/WORK/zigbee/DQPSK_CSK/Real_Sync_FIFO/mem_reg[194][0]
  Impl DFF        imp:/WORK/zigbee/DQPSK_CSK/Real_Sync_FIFO/mem_reg[194][0]

  Ref  DFF        ref:/WORK/zigbee/DQPSK_CSK/Real_Sync_FIFO/mem_reg[194][1]
  Impl DFF        imp:/WORK/zigbee/DQPSK_CSK/Real_Sync_FIFO/mem_reg[194][1]

  Ref  DFF        ref:/WORK/zigbee/DQPSK_CSK/Real_Sync_FIFO/mem_reg[195][0]
  Impl DFF        imp:/WORK/zigbee/DQPSK_CSK/Real_Sync_FIFO/mem_reg[195][0]

  Ref  DFF        ref:/WORK/zigbee/DQPSK_CSK/Real_Sync_FIFO/mem_reg[195][1]
  Impl DFF        imp:/WORK/zigbee/DQPSK_CSK/Real_Sync_FIFO/mem_reg[195][1]

  Ref  DFF        ref:/WORK/zigbee/DQPSK_CSK/Real_Sync_FIFO/mem_reg[196][0]
  Impl DFF        imp:/WORK/zigbee/DQPSK_CSK/Real_Sync_FIFO/mem_reg[196][0]

  Ref  DFF        ref:/WORK/zigbee/DQPSK_CSK/Real_Sync_FIFO/mem_reg[196][1]
  Impl DFF        imp:/WORK/zigbee/DQPSK_CSK/Real_Sync_FIFO/mem_reg[196][1]

  Ref  DFF        ref:/WORK/zigbee/DQPSK_CSK/Real_Sync_FIFO/mem_reg[197][0]
  Impl DFF        imp:/WORK/zigbee/DQPSK_CSK/Real_Sync_FIFO/mem_reg[197][0]

  Ref  DFF        ref:/WORK/zigbee/DQPSK_CSK/Real_Sync_FIFO/mem_reg[197][1]
  Impl DFF        imp:/WORK/zigbee/DQPSK_CSK/Real_Sync_FIFO/mem_reg[197][1]

  Ref  DFF        ref:/WORK/zigbee/DQPSK_CSK/Real_Sync_FIFO/mem_reg[198][0]
  Impl DFF        imp:/WORK/zigbee/DQPSK_CSK/Real_Sync_FIFO/mem_reg[198][0]

  Ref  DFF        ref:/WORK/zigbee/DQPSK_CSK/Real_Sync_FIFO/mem_reg[198][1]
  Impl DFF        imp:/WORK/zigbee/DQPSK_CSK/Real_Sync_FIFO/mem_reg[198][1]

  Ref  DFF        ref:/WORK/zigbee/DQPSK_CSK/Real_Sync_FIFO/mem_reg[199][0]
  Impl DFF        imp:/WORK/zigbee/DQPSK_CSK/Real_Sync_FIFO/mem_reg[199][0]

  Ref  DFF        ref:/WORK/zigbee/DQPSK_CSK/Real_Sync_FIFO/mem_reg[199][1]
  Impl DFF        imp:/WORK/zigbee/DQPSK_CSK/Real_Sync_FIFO/mem_reg[199][1]

  Ref  DFF        ref:/WORK/zigbee/DQPSK_CSK/Real_Sync_FIFO/mem_reg[19][0]
  Impl DFF        imp:/WORK/zigbee/DQPSK_CSK/Real_Sync_FIFO/mem_reg[19][0]

  Ref  DFF        ref:/WORK/zigbee/DQPSK_CSK/Real_Sync_FIFO/mem_reg[19][1]
  Impl DFF        imp:/WORK/zigbee/DQPSK_CSK/Real_Sync_FIFO/mem_reg[19][1]

  Ref  DFF        ref:/WORK/zigbee/DQPSK_CSK/Real_Sync_FIFO/mem_reg[1][0]
  Impl DFF        imp:/WORK/zigbee/DQPSK_CSK/Real_Sync_FIFO/mem_reg[1][0]

  Ref  DFF        ref:/WORK/zigbee/DQPSK_CSK/Real_Sync_FIFO/mem_reg[1][1]
  Impl DFF        imp:/WORK/zigbee/DQPSK_CSK/Real_Sync_FIFO/mem_reg[1][1]

  Ref  DFF        ref:/WORK/zigbee/DQPSK_CSK/Real_Sync_FIFO/mem_reg[200][0]
  Impl DFF        imp:/WORK/zigbee/DQPSK_CSK/Real_Sync_FIFO/mem_reg[200][0]

  Ref  DFF        ref:/WORK/zigbee/DQPSK_CSK/Real_Sync_FIFO/mem_reg[200][1]
  Impl DFF        imp:/WORK/zigbee/DQPSK_CSK/Real_Sync_FIFO/mem_reg[200][1]

  Ref  DFF        ref:/WORK/zigbee/DQPSK_CSK/Real_Sync_FIFO/mem_reg[201][0]
  Impl DFF        imp:/WORK/zigbee/DQPSK_CSK/Real_Sync_FIFO/mem_reg[201][0]

  Ref  DFF        ref:/WORK/zigbee/DQPSK_CSK/Real_Sync_FIFO/mem_reg[201][1]
  Impl DFF        imp:/WORK/zigbee/DQPSK_CSK/Real_Sync_FIFO/mem_reg[201][1]

  Ref  DFF        ref:/WORK/zigbee/DQPSK_CSK/Real_Sync_FIFO/mem_reg[202][0]
  Impl DFF        imp:/WORK/zigbee/DQPSK_CSK/Real_Sync_FIFO/mem_reg[202][0]

  Ref  DFF        ref:/WORK/zigbee/DQPSK_CSK/Real_Sync_FIFO/mem_reg[202][1]
  Impl DFF        imp:/WORK/zigbee/DQPSK_CSK/Real_Sync_FIFO/mem_reg[202][1]

  Ref  DFF        ref:/WORK/zigbee/DQPSK_CSK/Real_Sync_FIFO/mem_reg[203][0]
  Impl DFF        imp:/WORK/zigbee/DQPSK_CSK/Real_Sync_FIFO/mem_reg[203][0]

  Ref  DFF        ref:/WORK/zigbee/DQPSK_CSK/Real_Sync_FIFO/mem_reg[203][1]
  Impl DFF        imp:/WORK/zigbee/DQPSK_CSK/Real_Sync_FIFO/mem_reg[203][1]

  Ref  DFF        ref:/WORK/zigbee/DQPSK_CSK/Real_Sync_FIFO/mem_reg[204][0]
  Impl DFF        imp:/WORK/zigbee/DQPSK_CSK/Real_Sync_FIFO/mem_reg[204][0]

  Ref  DFF        ref:/WORK/zigbee/DQPSK_CSK/Real_Sync_FIFO/mem_reg[204][1]
  Impl DFF        imp:/WORK/zigbee/DQPSK_CSK/Real_Sync_FIFO/mem_reg[204][1]

  Ref  DFF        ref:/WORK/zigbee/DQPSK_CSK/Real_Sync_FIFO/mem_reg[205][0]
  Impl DFF        imp:/WORK/zigbee/DQPSK_CSK/Real_Sync_FIFO/mem_reg[205][0]

  Ref  DFF        ref:/WORK/zigbee/DQPSK_CSK/Real_Sync_FIFO/mem_reg[205][1]
  Impl DFF        imp:/WORK/zigbee/DQPSK_CSK/Real_Sync_FIFO/mem_reg[205][1]

  Ref  DFF        ref:/WORK/zigbee/DQPSK_CSK/Real_Sync_FIFO/mem_reg[206][0]
  Impl DFF        imp:/WORK/zigbee/DQPSK_CSK/Real_Sync_FIFO/mem_reg[206][0]

  Ref  DFF        ref:/WORK/zigbee/DQPSK_CSK/Real_Sync_FIFO/mem_reg[206][1]
  Impl DFF        imp:/WORK/zigbee/DQPSK_CSK/Real_Sync_FIFO/mem_reg[206][1]

  Ref  DFF        ref:/WORK/zigbee/DQPSK_CSK/Real_Sync_FIFO/mem_reg[207][0]
  Impl DFF        imp:/WORK/zigbee/DQPSK_CSK/Real_Sync_FIFO/mem_reg[207][0]

  Ref  DFF        ref:/WORK/zigbee/DQPSK_CSK/Real_Sync_FIFO/mem_reg[207][1]
  Impl DFF        imp:/WORK/zigbee/DQPSK_CSK/Real_Sync_FIFO/mem_reg[207][1]

  Ref  DFF        ref:/WORK/zigbee/DQPSK_CSK/Real_Sync_FIFO/mem_reg[208][0]
  Impl DFF        imp:/WORK/zigbee/DQPSK_CSK/Real_Sync_FIFO/mem_reg[208][0]

  Ref  DFF        ref:/WORK/zigbee/DQPSK_CSK/Real_Sync_FIFO/mem_reg[208][1]
  Impl DFF        imp:/WORK/zigbee/DQPSK_CSK/Real_Sync_FIFO/mem_reg[208][1]

  Ref  DFF        ref:/WORK/zigbee/DQPSK_CSK/Real_Sync_FIFO/mem_reg[209][0]
  Impl DFF        imp:/WORK/zigbee/DQPSK_CSK/Real_Sync_FIFO/mem_reg[209][0]

  Ref  DFF        ref:/WORK/zigbee/DQPSK_CSK/Real_Sync_FIFO/mem_reg[209][1]
  Impl DFF        imp:/WORK/zigbee/DQPSK_CSK/Real_Sync_FIFO/mem_reg[209][1]

  Ref  DFF        ref:/WORK/zigbee/DQPSK_CSK/Real_Sync_FIFO/mem_reg[20][0]
  Impl DFF        imp:/WORK/zigbee/DQPSK_CSK/Real_Sync_FIFO/mem_reg[20][0]

  Ref  DFF        ref:/WORK/zigbee/DQPSK_CSK/Real_Sync_FIFO/mem_reg[20][1]
  Impl DFF        imp:/WORK/zigbee/DQPSK_CSK/Real_Sync_FIFO/mem_reg[20][1]

  Ref  DFF        ref:/WORK/zigbee/DQPSK_CSK/Real_Sync_FIFO/mem_reg[210][0]
  Impl DFF        imp:/WORK/zigbee/DQPSK_CSK/Real_Sync_FIFO/mem_reg[210][0]

  Ref  DFF        ref:/WORK/zigbee/DQPSK_CSK/Real_Sync_FIFO/mem_reg[210][1]
  Impl DFF        imp:/WORK/zigbee/DQPSK_CSK/Real_Sync_FIFO/mem_reg[210][1]

  Ref  DFF        ref:/WORK/zigbee/DQPSK_CSK/Real_Sync_FIFO/mem_reg[211][0]
  Impl DFF        imp:/WORK/zigbee/DQPSK_CSK/Real_Sync_FIFO/mem_reg[211][0]

  Ref  DFF        ref:/WORK/zigbee/DQPSK_CSK/Real_Sync_FIFO/mem_reg[211][1]
  Impl DFF        imp:/WORK/zigbee/DQPSK_CSK/Real_Sync_FIFO/mem_reg[211][1]

  Ref  DFF        ref:/WORK/zigbee/DQPSK_CSK/Real_Sync_FIFO/mem_reg[212][0]
  Impl DFF        imp:/WORK/zigbee/DQPSK_CSK/Real_Sync_FIFO/mem_reg[212][0]

  Ref  DFF        ref:/WORK/zigbee/DQPSK_CSK/Real_Sync_FIFO/mem_reg[212][1]
  Impl DFF        imp:/WORK/zigbee/DQPSK_CSK/Real_Sync_FIFO/mem_reg[212][1]

  Ref  DFF        ref:/WORK/zigbee/DQPSK_CSK/Real_Sync_FIFO/mem_reg[213][0]
  Impl DFF        imp:/WORK/zigbee/DQPSK_CSK/Real_Sync_FIFO/mem_reg[213][0]

  Ref  DFF        ref:/WORK/zigbee/DQPSK_CSK/Real_Sync_FIFO/mem_reg[213][1]
  Impl DFF        imp:/WORK/zigbee/DQPSK_CSK/Real_Sync_FIFO/mem_reg[213][1]

  Ref  DFF        ref:/WORK/zigbee/DQPSK_CSK/Real_Sync_FIFO/mem_reg[214][0]
  Impl DFF        imp:/WORK/zigbee/DQPSK_CSK/Real_Sync_FIFO/mem_reg[214][0]

  Ref  DFF        ref:/WORK/zigbee/DQPSK_CSK/Real_Sync_FIFO/mem_reg[214][1]
  Impl DFF        imp:/WORK/zigbee/DQPSK_CSK/Real_Sync_FIFO/mem_reg[214][1]

  Ref  DFF        ref:/WORK/zigbee/DQPSK_CSK/Real_Sync_FIFO/mem_reg[215][0]
  Impl DFF        imp:/WORK/zigbee/DQPSK_CSK/Real_Sync_FIFO/mem_reg[215][0]

  Ref  DFF        ref:/WORK/zigbee/DQPSK_CSK/Real_Sync_FIFO/mem_reg[215][1]
  Impl DFF        imp:/WORK/zigbee/DQPSK_CSK/Real_Sync_FIFO/mem_reg[215][1]

  Ref  DFF        ref:/WORK/zigbee/DQPSK_CSK/Real_Sync_FIFO/mem_reg[216][0]
  Impl DFF        imp:/WORK/zigbee/DQPSK_CSK/Real_Sync_FIFO/mem_reg[216][0]

  Ref  DFF        ref:/WORK/zigbee/DQPSK_CSK/Real_Sync_FIFO/mem_reg[216][1]
  Impl DFF        imp:/WORK/zigbee/DQPSK_CSK/Real_Sync_FIFO/mem_reg[216][1]

  Ref  DFF        ref:/WORK/zigbee/DQPSK_CSK/Real_Sync_FIFO/mem_reg[217][0]
  Impl DFF        imp:/WORK/zigbee/DQPSK_CSK/Real_Sync_FIFO/mem_reg[217][0]

  Ref  DFF        ref:/WORK/zigbee/DQPSK_CSK/Real_Sync_FIFO/mem_reg[217][1]
  Impl DFF        imp:/WORK/zigbee/DQPSK_CSK/Real_Sync_FIFO/mem_reg[217][1]

  Ref  DFF        ref:/WORK/zigbee/DQPSK_CSK/Real_Sync_FIFO/mem_reg[218][0]
  Impl DFF        imp:/WORK/zigbee/DQPSK_CSK/Real_Sync_FIFO/mem_reg[218][0]

  Ref  DFF        ref:/WORK/zigbee/DQPSK_CSK/Real_Sync_FIFO/mem_reg[218][1]
  Impl DFF        imp:/WORK/zigbee/DQPSK_CSK/Real_Sync_FIFO/mem_reg[218][1]

  Ref  DFF        ref:/WORK/zigbee/DQPSK_CSK/Real_Sync_FIFO/mem_reg[219][0]
  Impl DFF        imp:/WORK/zigbee/DQPSK_CSK/Real_Sync_FIFO/mem_reg[219][0]

  Ref  DFF        ref:/WORK/zigbee/DQPSK_CSK/Real_Sync_FIFO/mem_reg[219][1]
  Impl DFF        imp:/WORK/zigbee/DQPSK_CSK/Real_Sync_FIFO/mem_reg[219][1]

  Ref  DFF        ref:/WORK/zigbee/DQPSK_CSK/Real_Sync_FIFO/mem_reg[21][0]
  Impl DFF        imp:/WORK/zigbee/DQPSK_CSK/Real_Sync_FIFO/mem_reg[21][0]

  Ref  DFF        ref:/WORK/zigbee/DQPSK_CSK/Real_Sync_FIFO/mem_reg[21][1]
  Impl DFF        imp:/WORK/zigbee/DQPSK_CSK/Real_Sync_FIFO/mem_reg[21][1]

  Ref  DFF        ref:/WORK/zigbee/DQPSK_CSK/Real_Sync_FIFO/mem_reg[220][0]
  Impl DFF        imp:/WORK/zigbee/DQPSK_CSK/Real_Sync_FIFO/mem_reg[220][0]

  Ref  DFF        ref:/WORK/zigbee/DQPSK_CSK/Real_Sync_FIFO/mem_reg[220][1]
  Impl DFF        imp:/WORK/zigbee/DQPSK_CSK/Real_Sync_FIFO/mem_reg[220][1]

  Ref  DFF        ref:/WORK/zigbee/DQPSK_CSK/Real_Sync_FIFO/mem_reg[221][0]
  Impl DFF        imp:/WORK/zigbee/DQPSK_CSK/Real_Sync_FIFO/mem_reg[221][0]

  Ref  DFF        ref:/WORK/zigbee/DQPSK_CSK/Real_Sync_FIFO/mem_reg[221][1]
  Impl DFF        imp:/WORK/zigbee/DQPSK_CSK/Real_Sync_FIFO/mem_reg[221][1]

  Ref  DFF        ref:/WORK/zigbee/DQPSK_CSK/Real_Sync_FIFO/mem_reg[222][0]
  Impl DFF        imp:/WORK/zigbee/DQPSK_CSK/Real_Sync_FIFO/mem_reg[222][0]

  Ref  DFF        ref:/WORK/zigbee/DQPSK_CSK/Real_Sync_FIFO/mem_reg[222][1]
  Impl DFF        imp:/WORK/zigbee/DQPSK_CSK/Real_Sync_FIFO/mem_reg[222][1]

  Ref  DFF        ref:/WORK/zigbee/DQPSK_CSK/Real_Sync_FIFO/mem_reg[223][0]
  Impl DFF        imp:/WORK/zigbee/DQPSK_CSK/Real_Sync_FIFO/mem_reg[223][0]

  Ref  DFF        ref:/WORK/zigbee/DQPSK_CSK/Real_Sync_FIFO/mem_reg[223][1]
  Impl DFF        imp:/WORK/zigbee/DQPSK_CSK/Real_Sync_FIFO/mem_reg[223][1]

  Ref  DFF        ref:/WORK/zigbee/DQPSK_CSK/Real_Sync_FIFO/mem_reg[224][0]
  Impl DFF        imp:/WORK/zigbee/DQPSK_CSK/Real_Sync_FIFO/mem_reg[224][0]

  Ref  DFF        ref:/WORK/zigbee/DQPSK_CSK/Real_Sync_FIFO/mem_reg[224][1]
  Impl DFF        imp:/WORK/zigbee/DQPSK_CSK/Real_Sync_FIFO/mem_reg[224][1]

  Ref  DFF        ref:/WORK/zigbee/DQPSK_CSK/Real_Sync_FIFO/mem_reg[225][0]
  Impl DFF        imp:/WORK/zigbee/DQPSK_CSK/Real_Sync_FIFO/mem_reg[225][0]

  Ref  DFF        ref:/WORK/zigbee/DQPSK_CSK/Real_Sync_FIFO/mem_reg[225][1]
  Impl DFF        imp:/WORK/zigbee/DQPSK_CSK/Real_Sync_FIFO/mem_reg[225][1]

  Ref  DFF        ref:/WORK/zigbee/DQPSK_CSK/Real_Sync_FIFO/mem_reg[226][0]
  Impl DFF        imp:/WORK/zigbee/DQPSK_CSK/Real_Sync_FIFO/mem_reg[226][0]

  Ref  DFF        ref:/WORK/zigbee/DQPSK_CSK/Real_Sync_FIFO/mem_reg[226][1]
  Impl DFF        imp:/WORK/zigbee/DQPSK_CSK/Real_Sync_FIFO/mem_reg[226][1]

  Ref  DFF        ref:/WORK/zigbee/DQPSK_CSK/Real_Sync_FIFO/mem_reg[227][0]
  Impl DFF        imp:/WORK/zigbee/DQPSK_CSK/Real_Sync_FIFO/mem_reg[227][0]

  Ref  DFF        ref:/WORK/zigbee/DQPSK_CSK/Real_Sync_FIFO/mem_reg[227][1]
  Impl DFF        imp:/WORK/zigbee/DQPSK_CSK/Real_Sync_FIFO/mem_reg[227][1]

  Ref  DFF        ref:/WORK/zigbee/DQPSK_CSK/Real_Sync_FIFO/mem_reg[228][0]
  Impl DFF        imp:/WORK/zigbee/DQPSK_CSK/Real_Sync_FIFO/mem_reg[228][0]

  Ref  DFF        ref:/WORK/zigbee/DQPSK_CSK/Real_Sync_FIFO/mem_reg[228][1]
  Impl DFF        imp:/WORK/zigbee/DQPSK_CSK/Real_Sync_FIFO/mem_reg[228][1]

  Ref  DFF        ref:/WORK/zigbee/DQPSK_CSK/Real_Sync_FIFO/mem_reg[229][0]
  Impl DFF        imp:/WORK/zigbee/DQPSK_CSK/Real_Sync_FIFO/mem_reg[229][0]

  Ref  DFF        ref:/WORK/zigbee/DQPSK_CSK/Real_Sync_FIFO/mem_reg[229][1]
  Impl DFF        imp:/WORK/zigbee/DQPSK_CSK/Real_Sync_FIFO/mem_reg[229][1]

  Ref  DFF        ref:/WORK/zigbee/DQPSK_CSK/Real_Sync_FIFO/mem_reg[22][0]
  Impl DFF        imp:/WORK/zigbee/DQPSK_CSK/Real_Sync_FIFO/mem_reg[22][0]

  Ref  DFF        ref:/WORK/zigbee/DQPSK_CSK/Real_Sync_FIFO/mem_reg[22][1]
  Impl DFF        imp:/WORK/zigbee/DQPSK_CSK/Real_Sync_FIFO/mem_reg[22][1]

  Ref  DFF        ref:/WORK/zigbee/DQPSK_CSK/Real_Sync_FIFO/mem_reg[230][0]
  Impl DFF        imp:/WORK/zigbee/DQPSK_CSK/Real_Sync_FIFO/mem_reg[230][0]

  Ref  DFF        ref:/WORK/zigbee/DQPSK_CSK/Real_Sync_FIFO/mem_reg[230][1]
  Impl DFF        imp:/WORK/zigbee/DQPSK_CSK/Real_Sync_FIFO/mem_reg[230][1]

  Ref  DFF        ref:/WORK/zigbee/DQPSK_CSK/Real_Sync_FIFO/mem_reg[231][0]
  Impl DFF        imp:/WORK/zigbee/DQPSK_CSK/Real_Sync_FIFO/mem_reg[231][0]

  Ref  DFF        ref:/WORK/zigbee/DQPSK_CSK/Real_Sync_FIFO/mem_reg[231][1]
  Impl DFF        imp:/WORK/zigbee/DQPSK_CSK/Real_Sync_FIFO/mem_reg[231][1]

  Ref  DFF        ref:/WORK/zigbee/DQPSK_CSK/Real_Sync_FIFO/mem_reg[232][0]
  Impl DFF        imp:/WORK/zigbee/DQPSK_CSK/Real_Sync_FIFO/mem_reg[232][0]

  Ref  DFF        ref:/WORK/zigbee/DQPSK_CSK/Real_Sync_FIFO/mem_reg[232][1]
  Impl DFF        imp:/WORK/zigbee/DQPSK_CSK/Real_Sync_FIFO/mem_reg[232][1]

  Ref  DFF        ref:/WORK/zigbee/DQPSK_CSK/Real_Sync_FIFO/mem_reg[233][0]
  Impl DFF        imp:/WORK/zigbee/DQPSK_CSK/Real_Sync_FIFO/mem_reg[233][0]

  Ref  DFF        ref:/WORK/zigbee/DQPSK_CSK/Real_Sync_FIFO/mem_reg[233][1]
  Impl DFF        imp:/WORK/zigbee/DQPSK_CSK/Real_Sync_FIFO/mem_reg[233][1]

  Ref  DFF        ref:/WORK/zigbee/DQPSK_CSK/Real_Sync_FIFO/mem_reg[234][0]
  Impl DFF        imp:/WORK/zigbee/DQPSK_CSK/Real_Sync_FIFO/mem_reg[234][0]

  Ref  DFF        ref:/WORK/zigbee/DQPSK_CSK/Real_Sync_FIFO/mem_reg[234][1]
  Impl DFF        imp:/WORK/zigbee/DQPSK_CSK/Real_Sync_FIFO/mem_reg[234][1]

  Ref  DFF        ref:/WORK/zigbee/DQPSK_CSK/Real_Sync_FIFO/mem_reg[235][0]
  Impl DFF        imp:/WORK/zigbee/DQPSK_CSK/Real_Sync_FIFO/mem_reg[235][0]

  Ref  DFF        ref:/WORK/zigbee/DQPSK_CSK/Real_Sync_FIFO/mem_reg[235][1]
  Impl DFF        imp:/WORK/zigbee/DQPSK_CSK/Real_Sync_FIFO/mem_reg[235][1]

  Ref  DFF        ref:/WORK/zigbee/DQPSK_CSK/Real_Sync_FIFO/mem_reg[236][0]
  Impl DFF        imp:/WORK/zigbee/DQPSK_CSK/Real_Sync_FIFO/mem_reg[236][0]

  Ref  DFF        ref:/WORK/zigbee/DQPSK_CSK/Real_Sync_FIFO/mem_reg[236][1]
  Impl DFF        imp:/WORK/zigbee/DQPSK_CSK/Real_Sync_FIFO/mem_reg[236][1]

  Ref  DFF        ref:/WORK/zigbee/DQPSK_CSK/Real_Sync_FIFO/mem_reg[237][0]
  Impl DFF        imp:/WORK/zigbee/DQPSK_CSK/Real_Sync_FIFO/mem_reg[237][0]

  Ref  DFF        ref:/WORK/zigbee/DQPSK_CSK/Real_Sync_FIFO/mem_reg[237][1]
  Impl DFF        imp:/WORK/zigbee/DQPSK_CSK/Real_Sync_FIFO/mem_reg[237][1]

  Ref  DFF        ref:/WORK/zigbee/DQPSK_CSK/Real_Sync_FIFO/mem_reg[238][0]
  Impl DFF        imp:/WORK/zigbee/DQPSK_CSK/Real_Sync_FIFO/mem_reg[238][0]

  Ref  DFF        ref:/WORK/zigbee/DQPSK_CSK/Real_Sync_FIFO/mem_reg[238][1]
  Impl DFF        imp:/WORK/zigbee/DQPSK_CSK/Real_Sync_FIFO/mem_reg[238][1]

  Ref  DFF        ref:/WORK/zigbee/DQPSK_CSK/Real_Sync_FIFO/mem_reg[239][0]
  Impl DFF        imp:/WORK/zigbee/DQPSK_CSK/Real_Sync_FIFO/mem_reg[239][0]

  Ref  DFF        ref:/WORK/zigbee/DQPSK_CSK/Real_Sync_FIFO/mem_reg[239][1]
  Impl DFF        imp:/WORK/zigbee/DQPSK_CSK/Real_Sync_FIFO/mem_reg[239][1]

  Ref  DFF        ref:/WORK/zigbee/DQPSK_CSK/Real_Sync_FIFO/mem_reg[23][0]
  Impl DFF        imp:/WORK/zigbee/DQPSK_CSK/Real_Sync_FIFO/mem_reg[23][0]

  Ref  DFF        ref:/WORK/zigbee/DQPSK_CSK/Real_Sync_FIFO/mem_reg[23][1]
  Impl DFF        imp:/WORK/zigbee/DQPSK_CSK/Real_Sync_FIFO/mem_reg[23][1]

  Ref  DFF        ref:/WORK/zigbee/DQPSK_CSK/Real_Sync_FIFO/mem_reg[240][0]
  Impl DFF        imp:/WORK/zigbee/DQPSK_CSK/Real_Sync_FIFO/mem_reg[240][0]

  Ref  DFF        ref:/WORK/zigbee/DQPSK_CSK/Real_Sync_FIFO/mem_reg[240][1]
  Impl DFF        imp:/WORK/zigbee/DQPSK_CSK/Real_Sync_FIFO/mem_reg[240][1]

  Ref  DFF        ref:/WORK/zigbee/DQPSK_CSK/Real_Sync_FIFO/mem_reg[241][0]
  Impl DFF        imp:/WORK/zigbee/DQPSK_CSK/Real_Sync_FIFO/mem_reg[241][0]

  Ref  DFF        ref:/WORK/zigbee/DQPSK_CSK/Real_Sync_FIFO/mem_reg[241][1]
  Impl DFF        imp:/WORK/zigbee/DQPSK_CSK/Real_Sync_FIFO/mem_reg[241][1]

  Ref  DFF        ref:/WORK/zigbee/DQPSK_CSK/Real_Sync_FIFO/mem_reg[242][0]
  Impl DFF        imp:/WORK/zigbee/DQPSK_CSK/Real_Sync_FIFO/mem_reg[242][0]

  Ref  DFF        ref:/WORK/zigbee/DQPSK_CSK/Real_Sync_FIFO/mem_reg[242][1]
  Impl DFF        imp:/WORK/zigbee/DQPSK_CSK/Real_Sync_FIFO/mem_reg[242][1]

  Ref  DFF        ref:/WORK/zigbee/DQPSK_CSK/Real_Sync_FIFO/mem_reg[243][0]
  Impl DFF        imp:/WORK/zigbee/DQPSK_CSK/Real_Sync_FIFO/mem_reg[243][0]

  Ref  DFF        ref:/WORK/zigbee/DQPSK_CSK/Real_Sync_FIFO/mem_reg[243][1]
  Impl DFF        imp:/WORK/zigbee/DQPSK_CSK/Real_Sync_FIFO/mem_reg[243][1]

  Ref  DFF        ref:/WORK/zigbee/DQPSK_CSK/Real_Sync_FIFO/mem_reg[244][0]
  Impl DFF        imp:/WORK/zigbee/DQPSK_CSK/Real_Sync_FIFO/mem_reg[244][0]

  Ref  DFF        ref:/WORK/zigbee/DQPSK_CSK/Real_Sync_FIFO/mem_reg[244][1]
  Impl DFF        imp:/WORK/zigbee/DQPSK_CSK/Real_Sync_FIFO/mem_reg[244][1]

  Ref  DFF        ref:/WORK/zigbee/DQPSK_CSK/Real_Sync_FIFO/mem_reg[245][0]
  Impl DFF        imp:/WORK/zigbee/DQPSK_CSK/Real_Sync_FIFO/mem_reg[245][0]

  Ref  DFF        ref:/WORK/zigbee/DQPSK_CSK/Real_Sync_FIFO/mem_reg[245][1]
  Impl DFF        imp:/WORK/zigbee/DQPSK_CSK/Real_Sync_FIFO/mem_reg[245][1]

  Ref  DFF        ref:/WORK/zigbee/DQPSK_CSK/Real_Sync_FIFO/mem_reg[246][0]
  Impl DFF        imp:/WORK/zigbee/DQPSK_CSK/Real_Sync_FIFO/mem_reg[246][0]

  Ref  DFF        ref:/WORK/zigbee/DQPSK_CSK/Real_Sync_FIFO/mem_reg[246][1]
  Impl DFF        imp:/WORK/zigbee/DQPSK_CSK/Real_Sync_FIFO/mem_reg[246][1]

  Ref  DFF        ref:/WORK/zigbee/DQPSK_CSK/Real_Sync_FIFO/mem_reg[247][0]
  Impl DFF        imp:/WORK/zigbee/DQPSK_CSK/Real_Sync_FIFO/mem_reg[247][0]

  Ref  DFF        ref:/WORK/zigbee/DQPSK_CSK/Real_Sync_FIFO/mem_reg[247][1]
  Impl DFF        imp:/WORK/zigbee/DQPSK_CSK/Real_Sync_FIFO/mem_reg[247][1]

  Ref  DFF        ref:/WORK/zigbee/DQPSK_CSK/Real_Sync_FIFO/mem_reg[248][0]
  Impl DFF        imp:/WORK/zigbee/DQPSK_CSK/Real_Sync_FIFO/mem_reg[248][0]

  Ref  DFF        ref:/WORK/zigbee/DQPSK_CSK/Real_Sync_FIFO/mem_reg[248][1]
  Impl DFF        imp:/WORK/zigbee/DQPSK_CSK/Real_Sync_FIFO/mem_reg[248][1]

  Ref  DFF        ref:/WORK/zigbee/DQPSK_CSK/Real_Sync_FIFO/mem_reg[249][0]
  Impl DFF        imp:/WORK/zigbee/DQPSK_CSK/Real_Sync_FIFO/mem_reg[249][0]

  Ref  DFF        ref:/WORK/zigbee/DQPSK_CSK/Real_Sync_FIFO/mem_reg[249][1]
  Impl DFF        imp:/WORK/zigbee/DQPSK_CSK/Real_Sync_FIFO/mem_reg[249][1]

  Ref  DFF        ref:/WORK/zigbee/DQPSK_CSK/Real_Sync_FIFO/mem_reg[24][0]
  Impl DFF        imp:/WORK/zigbee/DQPSK_CSK/Real_Sync_FIFO/mem_reg[24][0]

  Ref  DFF        ref:/WORK/zigbee/DQPSK_CSK/Real_Sync_FIFO/mem_reg[24][1]
  Impl DFF        imp:/WORK/zigbee/DQPSK_CSK/Real_Sync_FIFO/mem_reg[24][1]

  Ref  DFF        ref:/WORK/zigbee/DQPSK_CSK/Real_Sync_FIFO/mem_reg[250][0]
  Impl DFF        imp:/WORK/zigbee/DQPSK_CSK/Real_Sync_FIFO/mem_reg[250][0]

  Ref  DFF        ref:/WORK/zigbee/DQPSK_CSK/Real_Sync_FIFO/mem_reg[250][1]
  Impl DFF        imp:/WORK/zigbee/DQPSK_CSK/Real_Sync_FIFO/mem_reg[250][1]

  Ref  DFF        ref:/WORK/zigbee/DQPSK_CSK/Real_Sync_FIFO/mem_reg[251][0]
  Impl DFF        imp:/WORK/zigbee/DQPSK_CSK/Real_Sync_FIFO/mem_reg[251][0]

  Ref  DFF        ref:/WORK/zigbee/DQPSK_CSK/Real_Sync_FIFO/mem_reg[251][1]
  Impl DFF        imp:/WORK/zigbee/DQPSK_CSK/Real_Sync_FIFO/mem_reg[251][1]

  Ref  DFF        ref:/WORK/zigbee/DQPSK_CSK/Real_Sync_FIFO/mem_reg[252][0]
  Impl DFF        imp:/WORK/zigbee/DQPSK_CSK/Real_Sync_FIFO/mem_reg[252][0]

  Ref  DFF        ref:/WORK/zigbee/DQPSK_CSK/Real_Sync_FIFO/mem_reg[252][1]
  Impl DFF        imp:/WORK/zigbee/DQPSK_CSK/Real_Sync_FIFO/mem_reg[252][1]

  Ref  DFF        ref:/WORK/zigbee/DQPSK_CSK/Real_Sync_FIFO/mem_reg[253][0]
  Impl DFF        imp:/WORK/zigbee/DQPSK_CSK/Real_Sync_FIFO/mem_reg[253][0]

  Ref  DFF        ref:/WORK/zigbee/DQPSK_CSK/Real_Sync_FIFO/mem_reg[253][1]
  Impl DFF        imp:/WORK/zigbee/DQPSK_CSK/Real_Sync_FIFO/mem_reg[253][1]

  Ref  DFF        ref:/WORK/zigbee/DQPSK_CSK/Real_Sync_FIFO/mem_reg[254][0]
  Impl DFF        imp:/WORK/zigbee/DQPSK_CSK/Real_Sync_FIFO/mem_reg[254][0]

  Ref  DFF        ref:/WORK/zigbee/DQPSK_CSK/Real_Sync_FIFO/mem_reg[254][1]
  Impl DFF        imp:/WORK/zigbee/DQPSK_CSK/Real_Sync_FIFO/mem_reg[254][1]

  Ref  DFF        ref:/WORK/zigbee/DQPSK_CSK/Real_Sync_FIFO/mem_reg[255][0]
  Impl DFF        imp:/WORK/zigbee/DQPSK_CSK/Real_Sync_FIFO/mem_reg[255][0]

  Ref  DFF        ref:/WORK/zigbee/DQPSK_CSK/Real_Sync_FIFO/mem_reg[255][1]
  Impl DFF        imp:/WORK/zigbee/DQPSK_CSK/Real_Sync_FIFO/mem_reg[255][1]

  Ref  DFF        ref:/WORK/zigbee/DQPSK_CSK/Real_Sync_FIFO/mem_reg[256][0]
  Impl DFF        imp:/WORK/zigbee/DQPSK_CSK/Real_Sync_FIFO/mem_reg[256][0]

  Ref  DFF        ref:/WORK/zigbee/DQPSK_CSK/Real_Sync_FIFO/mem_reg[256][1]
  Impl DFF        imp:/WORK/zigbee/DQPSK_CSK/Real_Sync_FIFO/mem_reg[256][1]

  Ref  DFF        ref:/WORK/zigbee/DQPSK_CSK/Real_Sync_FIFO/mem_reg[257][0]
  Impl DFF        imp:/WORK/zigbee/DQPSK_CSK/Real_Sync_FIFO/mem_reg[257][0]

  Ref  DFF        ref:/WORK/zigbee/DQPSK_CSK/Real_Sync_FIFO/mem_reg[257][1]
  Impl DFF        imp:/WORK/zigbee/DQPSK_CSK/Real_Sync_FIFO/mem_reg[257][1]

  Ref  DFF        ref:/WORK/zigbee/DQPSK_CSK/Real_Sync_FIFO/mem_reg[258][0]
  Impl DFF        imp:/WORK/zigbee/DQPSK_CSK/Real_Sync_FIFO/mem_reg[258][0]

  Ref  DFF        ref:/WORK/zigbee/DQPSK_CSK/Real_Sync_FIFO/mem_reg[258][1]
  Impl DFF        imp:/WORK/zigbee/DQPSK_CSK/Real_Sync_FIFO/mem_reg[258][1]

  Ref  DFF        ref:/WORK/zigbee/DQPSK_CSK/Real_Sync_FIFO/mem_reg[259][0]
  Impl DFF        imp:/WORK/zigbee/DQPSK_CSK/Real_Sync_FIFO/mem_reg[259][0]

  Ref  DFF        ref:/WORK/zigbee/DQPSK_CSK/Real_Sync_FIFO/mem_reg[259][1]
  Impl DFF        imp:/WORK/zigbee/DQPSK_CSK/Real_Sync_FIFO/mem_reg[259][1]

  Ref  DFF        ref:/WORK/zigbee/DQPSK_CSK/Real_Sync_FIFO/mem_reg[25][0]
  Impl DFF        imp:/WORK/zigbee/DQPSK_CSK/Real_Sync_FIFO/mem_reg[25][0]

  Ref  DFF        ref:/WORK/zigbee/DQPSK_CSK/Real_Sync_FIFO/mem_reg[25][1]
  Impl DFF        imp:/WORK/zigbee/DQPSK_CSK/Real_Sync_FIFO/mem_reg[25][1]

  Ref  DFF        ref:/WORK/zigbee/DQPSK_CSK/Real_Sync_FIFO/mem_reg[260][0]
  Impl DFF        imp:/WORK/zigbee/DQPSK_CSK/Real_Sync_FIFO/mem_reg[260][0]

  Ref  DFF        ref:/WORK/zigbee/DQPSK_CSK/Real_Sync_FIFO/mem_reg[260][1]
  Impl DFF        imp:/WORK/zigbee/DQPSK_CSK/Real_Sync_FIFO/mem_reg[260][1]

  Ref  DFF        ref:/WORK/zigbee/DQPSK_CSK/Real_Sync_FIFO/mem_reg[261][0]
  Impl DFF        imp:/WORK/zigbee/DQPSK_CSK/Real_Sync_FIFO/mem_reg[261][0]

  Ref  DFF        ref:/WORK/zigbee/DQPSK_CSK/Real_Sync_FIFO/mem_reg[261][1]
  Impl DFF        imp:/WORK/zigbee/DQPSK_CSK/Real_Sync_FIFO/mem_reg[261][1]

  Ref  DFF        ref:/WORK/zigbee/DQPSK_CSK/Real_Sync_FIFO/mem_reg[262][0]
  Impl DFF        imp:/WORK/zigbee/DQPSK_CSK/Real_Sync_FIFO/mem_reg[262][0]

  Ref  DFF        ref:/WORK/zigbee/DQPSK_CSK/Real_Sync_FIFO/mem_reg[262][1]
  Impl DFF        imp:/WORK/zigbee/DQPSK_CSK/Real_Sync_FIFO/mem_reg[262][1]

  Ref  DFF        ref:/WORK/zigbee/DQPSK_CSK/Real_Sync_FIFO/mem_reg[263][0]
  Impl DFF        imp:/WORK/zigbee/DQPSK_CSK/Real_Sync_FIFO/mem_reg[263][0]

  Ref  DFF        ref:/WORK/zigbee/DQPSK_CSK/Real_Sync_FIFO/mem_reg[263][1]
  Impl DFF        imp:/WORK/zigbee/DQPSK_CSK/Real_Sync_FIFO/mem_reg[263][1]

  Ref  DFF        ref:/WORK/zigbee/DQPSK_CSK/Real_Sync_FIFO/mem_reg[264][0]
  Impl DFF        imp:/WORK/zigbee/DQPSK_CSK/Real_Sync_FIFO/mem_reg[264][0]

  Ref  DFF        ref:/WORK/zigbee/DQPSK_CSK/Real_Sync_FIFO/mem_reg[264][1]
  Impl DFF        imp:/WORK/zigbee/DQPSK_CSK/Real_Sync_FIFO/mem_reg[264][1]

  Ref  DFF        ref:/WORK/zigbee/DQPSK_CSK/Real_Sync_FIFO/mem_reg[265][0]
  Impl DFF        imp:/WORK/zigbee/DQPSK_CSK/Real_Sync_FIFO/mem_reg[265][0]

  Ref  DFF        ref:/WORK/zigbee/DQPSK_CSK/Real_Sync_FIFO/mem_reg[265][1]
  Impl DFF        imp:/WORK/zigbee/DQPSK_CSK/Real_Sync_FIFO/mem_reg[265][1]

  Ref  DFF        ref:/WORK/zigbee/DQPSK_CSK/Real_Sync_FIFO/mem_reg[266][0]
  Impl DFF        imp:/WORK/zigbee/DQPSK_CSK/Real_Sync_FIFO/mem_reg[266][0]

  Ref  DFF        ref:/WORK/zigbee/DQPSK_CSK/Real_Sync_FIFO/mem_reg[266][1]
  Impl DFF        imp:/WORK/zigbee/DQPSK_CSK/Real_Sync_FIFO/mem_reg[266][1]

  Ref  DFF        ref:/WORK/zigbee/DQPSK_CSK/Real_Sync_FIFO/mem_reg[267][0]
  Impl DFF        imp:/WORK/zigbee/DQPSK_CSK/Real_Sync_FIFO/mem_reg[267][0]

  Ref  DFF        ref:/WORK/zigbee/DQPSK_CSK/Real_Sync_FIFO/mem_reg[267][1]
  Impl DFF        imp:/WORK/zigbee/DQPSK_CSK/Real_Sync_FIFO/mem_reg[267][1]

  Ref  DFF        ref:/WORK/zigbee/DQPSK_CSK/Real_Sync_FIFO/mem_reg[268][0]
  Impl DFF        imp:/WORK/zigbee/DQPSK_CSK/Real_Sync_FIFO/mem_reg[268][0]

  Ref  DFF        ref:/WORK/zigbee/DQPSK_CSK/Real_Sync_FIFO/mem_reg[268][1]
  Impl DFF        imp:/WORK/zigbee/DQPSK_CSK/Real_Sync_FIFO/mem_reg[268][1]

  Ref  DFF        ref:/WORK/zigbee/DQPSK_CSK/Real_Sync_FIFO/mem_reg[269][0]
  Impl DFF        imp:/WORK/zigbee/DQPSK_CSK/Real_Sync_FIFO/mem_reg[269][0]

  Ref  DFF        ref:/WORK/zigbee/DQPSK_CSK/Real_Sync_FIFO/mem_reg[269][1]
  Impl DFF        imp:/WORK/zigbee/DQPSK_CSK/Real_Sync_FIFO/mem_reg[269][1]

  Ref  DFF        ref:/WORK/zigbee/DQPSK_CSK/Real_Sync_FIFO/mem_reg[26][0]
  Impl DFF        imp:/WORK/zigbee/DQPSK_CSK/Real_Sync_FIFO/mem_reg[26][0]

  Ref  DFF        ref:/WORK/zigbee/DQPSK_CSK/Real_Sync_FIFO/mem_reg[26][1]
  Impl DFF        imp:/WORK/zigbee/DQPSK_CSK/Real_Sync_FIFO/mem_reg[26][1]

  Ref  DFF        ref:/WORK/zigbee/DQPSK_CSK/Real_Sync_FIFO/mem_reg[270][0]
  Impl DFF        imp:/WORK/zigbee/DQPSK_CSK/Real_Sync_FIFO/mem_reg[270][0]

  Ref  DFF        ref:/WORK/zigbee/DQPSK_CSK/Real_Sync_FIFO/mem_reg[270][1]
  Impl DFF        imp:/WORK/zigbee/DQPSK_CSK/Real_Sync_FIFO/mem_reg[270][1]

  Ref  DFF        ref:/WORK/zigbee/DQPSK_CSK/Real_Sync_FIFO/mem_reg[271][0]
  Impl DFF        imp:/WORK/zigbee/DQPSK_CSK/Real_Sync_FIFO/mem_reg[271][0]

  Ref  DFF        ref:/WORK/zigbee/DQPSK_CSK/Real_Sync_FIFO/mem_reg[271][1]
  Impl DFF        imp:/WORK/zigbee/DQPSK_CSK/Real_Sync_FIFO/mem_reg[271][1]

  Ref  DFF        ref:/WORK/zigbee/DQPSK_CSK/Real_Sync_FIFO/mem_reg[272][0]
  Impl DFF        imp:/WORK/zigbee/DQPSK_CSK/Real_Sync_FIFO/mem_reg[272][0]

  Ref  DFF        ref:/WORK/zigbee/DQPSK_CSK/Real_Sync_FIFO/mem_reg[272][1]
  Impl DFF        imp:/WORK/zigbee/DQPSK_CSK/Real_Sync_FIFO/mem_reg[272][1]

  Ref  DFF        ref:/WORK/zigbee/DQPSK_CSK/Real_Sync_FIFO/mem_reg[273][0]
  Impl DFF        imp:/WORK/zigbee/DQPSK_CSK/Real_Sync_FIFO/mem_reg[273][0]

  Ref  DFF        ref:/WORK/zigbee/DQPSK_CSK/Real_Sync_FIFO/mem_reg[273][1]
  Impl DFF        imp:/WORK/zigbee/DQPSK_CSK/Real_Sync_FIFO/mem_reg[273][1]

  Ref  DFF        ref:/WORK/zigbee/DQPSK_CSK/Real_Sync_FIFO/mem_reg[274][0]
  Impl DFF        imp:/WORK/zigbee/DQPSK_CSK/Real_Sync_FIFO/mem_reg[274][0]

  Ref  DFF        ref:/WORK/zigbee/DQPSK_CSK/Real_Sync_FIFO/mem_reg[274][1]
  Impl DFF        imp:/WORK/zigbee/DQPSK_CSK/Real_Sync_FIFO/mem_reg[274][1]

  Ref  DFF        ref:/WORK/zigbee/DQPSK_CSK/Real_Sync_FIFO/mem_reg[275][0]
  Impl DFF        imp:/WORK/zigbee/DQPSK_CSK/Real_Sync_FIFO/mem_reg[275][0]

  Ref  DFF        ref:/WORK/zigbee/DQPSK_CSK/Real_Sync_FIFO/mem_reg[275][1]
  Impl DFF        imp:/WORK/zigbee/DQPSK_CSK/Real_Sync_FIFO/mem_reg[275][1]

  Ref  DFF        ref:/WORK/zigbee/DQPSK_CSK/Real_Sync_FIFO/mem_reg[276][0]
  Impl DFF        imp:/WORK/zigbee/DQPSK_CSK/Real_Sync_FIFO/mem_reg[276][0]

  Ref  DFF        ref:/WORK/zigbee/DQPSK_CSK/Real_Sync_FIFO/mem_reg[276][1]
  Impl DFF        imp:/WORK/zigbee/DQPSK_CSK/Real_Sync_FIFO/mem_reg[276][1]

  Ref  DFF        ref:/WORK/zigbee/DQPSK_CSK/Real_Sync_FIFO/mem_reg[277][0]
  Impl DFF        imp:/WORK/zigbee/DQPSK_CSK/Real_Sync_FIFO/mem_reg[277][0]

  Ref  DFF        ref:/WORK/zigbee/DQPSK_CSK/Real_Sync_FIFO/mem_reg[277][1]
  Impl DFF        imp:/WORK/zigbee/DQPSK_CSK/Real_Sync_FIFO/mem_reg[277][1]

  Ref  DFF        ref:/WORK/zigbee/DQPSK_CSK/Real_Sync_FIFO/mem_reg[278][0]
  Impl DFF        imp:/WORK/zigbee/DQPSK_CSK/Real_Sync_FIFO/mem_reg[278][0]

  Ref  DFF        ref:/WORK/zigbee/DQPSK_CSK/Real_Sync_FIFO/mem_reg[278][1]
  Impl DFF        imp:/WORK/zigbee/DQPSK_CSK/Real_Sync_FIFO/mem_reg[278][1]

  Ref  DFF        ref:/WORK/zigbee/DQPSK_CSK/Real_Sync_FIFO/mem_reg[279][0]
  Impl DFF        imp:/WORK/zigbee/DQPSK_CSK/Real_Sync_FIFO/mem_reg[279][0]

  Ref  DFF        ref:/WORK/zigbee/DQPSK_CSK/Real_Sync_FIFO/mem_reg[279][1]
  Impl DFF        imp:/WORK/zigbee/DQPSK_CSK/Real_Sync_FIFO/mem_reg[279][1]

  Ref  DFF        ref:/WORK/zigbee/DQPSK_CSK/Real_Sync_FIFO/mem_reg[27][0]
  Impl DFF        imp:/WORK/zigbee/DQPSK_CSK/Real_Sync_FIFO/mem_reg[27][0]

  Ref  DFF        ref:/WORK/zigbee/DQPSK_CSK/Real_Sync_FIFO/mem_reg[27][1]
  Impl DFF        imp:/WORK/zigbee/DQPSK_CSK/Real_Sync_FIFO/mem_reg[27][1]

  Ref  DFF        ref:/WORK/zigbee/DQPSK_CSK/Real_Sync_FIFO/mem_reg[280][0]
  Impl DFF        imp:/WORK/zigbee/DQPSK_CSK/Real_Sync_FIFO/mem_reg[280][0]

  Ref  DFF        ref:/WORK/zigbee/DQPSK_CSK/Real_Sync_FIFO/mem_reg[280][1]
  Impl DFF        imp:/WORK/zigbee/DQPSK_CSK/Real_Sync_FIFO/mem_reg[280][1]

  Ref  DFF        ref:/WORK/zigbee/DQPSK_CSK/Real_Sync_FIFO/mem_reg[281][0]
  Impl DFF        imp:/WORK/zigbee/DQPSK_CSK/Real_Sync_FIFO/mem_reg[281][0]

  Ref  DFF        ref:/WORK/zigbee/DQPSK_CSK/Real_Sync_FIFO/mem_reg[281][1]
  Impl DFF        imp:/WORK/zigbee/DQPSK_CSK/Real_Sync_FIFO/mem_reg[281][1]

  Ref  DFF        ref:/WORK/zigbee/DQPSK_CSK/Real_Sync_FIFO/mem_reg[282][0]
  Impl DFF        imp:/WORK/zigbee/DQPSK_CSK/Real_Sync_FIFO/mem_reg[282][0]

  Ref  DFF        ref:/WORK/zigbee/DQPSK_CSK/Real_Sync_FIFO/mem_reg[282][1]
  Impl DFF        imp:/WORK/zigbee/DQPSK_CSK/Real_Sync_FIFO/mem_reg[282][1]

  Ref  DFF        ref:/WORK/zigbee/DQPSK_CSK/Real_Sync_FIFO/mem_reg[283][0]
  Impl DFF        imp:/WORK/zigbee/DQPSK_CSK/Real_Sync_FIFO/mem_reg[283][0]

  Ref  DFF        ref:/WORK/zigbee/DQPSK_CSK/Real_Sync_FIFO/mem_reg[283][1]
  Impl DFF        imp:/WORK/zigbee/DQPSK_CSK/Real_Sync_FIFO/mem_reg[283][1]

  Ref  DFF        ref:/WORK/zigbee/DQPSK_CSK/Real_Sync_FIFO/mem_reg[284][0]
  Impl DFF        imp:/WORK/zigbee/DQPSK_CSK/Real_Sync_FIFO/mem_reg[284][0]

  Ref  DFF        ref:/WORK/zigbee/DQPSK_CSK/Real_Sync_FIFO/mem_reg[284][1]
  Impl DFF        imp:/WORK/zigbee/DQPSK_CSK/Real_Sync_FIFO/mem_reg[284][1]

  Ref  DFF        ref:/WORK/zigbee/DQPSK_CSK/Real_Sync_FIFO/mem_reg[285][0]
  Impl DFF        imp:/WORK/zigbee/DQPSK_CSK/Real_Sync_FIFO/mem_reg[285][0]

  Ref  DFF        ref:/WORK/zigbee/DQPSK_CSK/Real_Sync_FIFO/mem_reg[285][1]
  Impl DFF        imp:/WORK/zigbee/DQPSK_CSK/Real_Sync_FIFO/mem_reg[285][1]

  Ref  DFF        ref:/WORK/zigbee/DQPSK_CSK/Real_Sync_FIFO/mem_reg[286][0]
  Impl DFF        imp:/WORK/zigbee/DQPSK_CSK/Real_Sync_FIFO/mem_reg[286][0]

  Ref  DFF        ref:/WORK/zigbee/DQPSK_CSK/Real_Sync_FIFO/mem_reg[286][1]
  Impl DFF        imp:/WORK/zigbee/DQPSK_CSK/Real_Sync_FIFO/mem_reg[286][1]

  Ref  DFF        ref:/WORK/zigbee/DQPSK_CSK/Real_Sync_FIFO/mem_reg[287][0]
  Impl DFF        imp:/WORK/zigbee/DQPSK_CSK/Real_Sync_FIFO/mem_reg[287][0]

  Ref  DFF        ref:/WORK/zigbee/DQPSK_CSK/Real_Sync_FIFO/mem_reg[287][1]
  Impl DFF        imp:/WORK/zigbee/DQPSK_CSK/Real_Sync_FIFO/mem_reg[287][1]

  Ref  DFF        ref:/WORK/zigbee/DQPSK_CSK/Real_Sync_FIFO/mem_reg[288][0]
  Impl DFF        imp:/WORK/zigbee/DQPSK_CSK/Real_Sync_FIFO/mem_reg[288][0]

  Ref  DFF        ref:/WORK/zigbee/DQPSK_CSK/Real_Sync_FIFO/mem_reg[288][1]
  Impl DFF        imp:/WORK/zigbee/DQPSK_CSK/Real_Sync_FIFO/mem_reg[288][1]

  Ref  DFF        ref:/WORK/zigbee/DQPSK_CSK/Real_Sync_FIFO/mem_reg[289][0]
  Impl DFF        imp:/WORK/zigbee/DQPSK_CSK/Real_Sync_FIFO/mem_reg[289][0]

  Ref  DFF        ref:/WORK/zigbee/DQPSK_CSK/Real_Sync_FIFO/mem_reg[289][1]
  Impl DFF        imp:/WORK/zigbee/DQPSK_CSK/Real_Sync_FIFO/mem_reg[289][1]

  Ref  DFF        ref:/WORK/zigbee/DQPSK_CSK/Real_Sync_FIFO/mem_reg[28][0]
  Impl DFF        imp:/WORK/zigbee/DQPSK_CSK/Real_Sync_FIFO/mem_reg[28][0]

  Ref  DFF        ref:/WORK/zigbee/DQPSK_CSK/Real_Sync_FIFO/mem_reg[28][1]
  Impl DFF        imp:/WORK/zigbee/DQPSK_CSK/Real_Sync_FIFO/mem_reg[28][1]

  Ref  DFF        ref:/WORK/zigbee/DQPSK_CSK/Real_Sync_FIFO/mem_reg[290][0]
  Impl DFF        imp:/WORK/zigbee/DQPSK_CSK/Real_Sync_FIFO/mem_reg[290][0]

  Ref  DFF        ref:/WORK/zigbee/DQPSK_CSK/Real_Sync_FIFO/mem_reg[290][1]
  Impl DFF        imp:/WORK/zigbee/DQPSK_CSK/Real_Sync_FIFO/mem_reg[290][1]

  Ref  DFF        ref:/WORK/zigbee/DQPSK_CSK/Real_Sync_FIFO/mem_reg[291][0]
  Impl DFF        imp:/WORK/zigbee/DQPSK_CSK/Real_Sync_FIFO/mem_reg[291][0]

  Ref  DFF        ref:/WORK/zigbee/DQPSK_CSK/Real_Sync_FIFO/mem_reg[291][1]
  Impl DFF        imp:/WORK/zigbee/DQPSK_CSK/Real_Sync_FIFO/mem_reg[291][1]

  Ref  DFF        ref:/WORK/zigbee/DQPSK_CSK/Real_Sync_FIFO/mem_reg[292][0]
  Impl DFF        imp:/WORK/zigbee/DQPSK_CSK/Real_Sync_FIFO/mem_reg[292][0]

  Ref  DFF        ref:/WORK/zigbee/DQPSK_CSK/Real_Sync_FIFO/mem_reg[292][1]
  Impl DFF        imp:/WORK/zigbee/DQPSK_CSK/Real_Sync_FIFO/mem_reg[292][1]

  Ref  DFF        ref:/WORK/zigbee/DQPSK_CSK/Real_Sync_FIFO/mem_reg[293][0]
  Impl DFF        imp:/WORK/zigbee/DQPSK_CSK/Real_Sync_FIFO/mem_reg[293][0]

  Ref  DFF        ref:/WORK/zigbee/DQPSK_CSK/Real_Sync_FIFO/mem_reg[293][1]
  Impl DFF        imp:/WORK/zigbee/DQPSK_CSK/Real_Sync_FIFO/mem_reg[293][1]

  Ref  DFF        ref:/WORK/zigbee/DQPSK_CSK/Real_Sync_FIFO/mem_reg[294][0]
  Impl DFF        imp:/WORK/zigbee/DQPSK_CSK/Real_Sync_FIFO/mem_reg[294][0]

  Ref  DFF        ref:/WORK/zigbee/DQPSK_CSK/Real_Sync_FIFO/mem_reg[294][1]
  Impl DFF        imp:/WORK/zigbee/DQPSK_CSK/Real_Sync_FIFO/mem_reg[294][1]

  Ref  DFF        ref:/WORK/zigbee/DQPSK_CSK/Real_Sync_FIFO/mem_reg[295][0]
  Impl DFF        imp:/WORK/zigbee/DQPSK_CSK/Real_Sync_FIFO/mem_reg[295][0]

  Ref  DFF        ref:/WORK/zigbee/DQPSK_CSK/Real_Sync_FIFO/mem_reg[295][1]
  Impl DFF        imp:/WORK/zigbee/DQPSK_CSK/Real_Sync_FIFO/mem_reg[295][1]

  Ref  DFF        ref:/WORK/zigbee/DQPSK_CSK/Real_Sync_FIFO/mem_reg[296][0]
  Impl DFF        imp:/WORK/zigbee/DQPSK_CSK/Real_Sync_FIFO/mem_reg[296][0]

  Ref  DFF        ref:/WORK/zigbee/DQPSK_CSK/Real_Sync_FIFO/mem_reg[296][1]
  Impl DFF        imp:/WORK/zigbee/DQPSK_CSK/Real_Sync_FIFO/mem_reg[296][1]

  Ref  DFF        ref:/WORK/zigbee/DQPSK_CSK/Real_Sync_FIFO/mem_reg[297][0]
  Impl DFF        imp:/WORK/zigbee/DQPSK_CSK/Real_Sync_FIFO/mem_reg[297][0]

  Ref  DFF        ref:/WORK/zigbee/DQPSK_CSK/Real_Sync_FIFO/mem_reg[297][1]
  Impl DFF        imp:/WORK/zigbee/DQPSK_CSK/Real_Sync_FIFO/mem_reg[297][1]

  Ref  DFF        ref:/WORK/zigbee/DQPSK_CSK/Real_Sync_FIFO/mem_reg[298][0]
  Impl DFF        imp:/WORK/zigbee/DQPSK_CSK/Real_Sync_FIFO/mem_reg[298][0]

  Ref  DFF        ref:/WORK/zigbee/DQPSK_CSK/Real_Sync_FIFO/mem_reg[298][1]
  Impl DFF        imp:/WORK/zigbee/DQPSK_CSK/Real_Sync_FIFO/mem_reg[298][1]

  Ref  DFF        ref:/WORK/zigbee/DQPSK_CSK/Real_Sync_FIFO/mem_reg[299][0]
  Impl DFF        imp:/WORK/zigbee/DQPSK_CSK/Real_Sync_FIFO/mem_reg[299][0]

  Ref  DFF        ref:/WORK/zigbee/DQPSK_CSK/Real_Sync_FIFO/mem_reg[299][1]
  Impl DFF        imp:/WORK/zigbee/DQPSK_CSK/Real_Sync_FIFO/mem_reg[299][1]

  Ref  DFF        ref:/WORK/zigbee/DQPSK_CSK/Real_Sync_FIFO/mem_reg[29][0]
  Impl DFF        imp:/WORK/zigbee/DQPSK_CSK/Real_Sync_FIFO/mem_reg[29][0]

  Ref  DFF        ref:/WORK/zigbee/DQPSK_CSK/Real_Sync_FIFO/mem_reg[29][1]
  Impl DFF        imp:/WORK/zigbee/DQPSK_CSK/Real_Sync_FIFO/mem_reg[29][1]

  Ref  DFF        ref:/WORK/zigbee/DQPSK_CSK/Real_Sync_FIFO/mem_reg[2][0]
  Impl DFF        imp:/WORK/zigbee/DQPSK_CSK/Real_Sync_FIFO/mem_reg[2][0]

  Ref  DFF        ref:/WORK/zigbee/DQPSK_CSK/Real_Sync_FIFO/mem_reg[2][1]
  Impl DFF        imp:/WORK/zigbee/DQPSK_CSK/Real_Sync_FIFO/mem_reg[2][1]

  Ref  DFF        ref:/WORK/zigbee/DQPSK_CSK/Real_Sync_FIFO/mem_reg[300][0]
  Impl DFF        imp:/WORK/zigbee/DQPSK_CSK/Real_Sync_FIFO/mem_reg[300][0]

  Ref  DFF        ref:/WORK/zigbee/DQPSK_CSK/Real_Sync_FIFO/mem_reg[300][1]
  Impl DFF        imp:/WORK/zigbee/DQPSK_CSK/Real_Sync_FIFO/mem_reg[300][1]

  Ref  DFF        ref:/WORK/zigbee/DQPSK_CSK/Real_Sync_FIFO/mem_reg[301][0]
  Impl DFF        imp:/WORK/zigbee/DQPSK_CSK/Real_Sync_FIFO/mem_reg[301][0]

  Ref  DFF        ref:/WORK/zigbee/DQPSK_CSK/Real_Sync_FIFO/mem_reg[301][1]
  Impl DFF        imp:/WORK/zigbee/DQPSK_CSK/Real_Sync_FIFO/mem_reg[301][1]

  Ref  DFF        ref:/WORK/zigbee/DQPSK_CSK/Real_Sync_FIFO/mem_reg[302][0]
  Impl DFF        imp:/WORK/zigbee/DQPSK_CSK/Real_Sync_FIFO/mem_reg[302][0]

  Ref  DFF        ref:/WORK/zigbee/DQPSK_CSK/Real_Sync_FIFO/mem_reg[302][1]
  Impl DFF        imp:/WORK/zigbee/DQPSK_CSK/Real_Sync_FIFO/mem_reg[302][1]

  Ref  DFF        ref:/WORK/zigbee/DQPSK_CSK/Real_Sync_FIFO/mem_reg[303][0]
  Impl DFF        imp:/WORK/zigbee/DQPSK_CSK/Real_Sync_FIFO/mem_reg[303][0]

  Ref  DFF        ref:/WORK/zigbee/DQPSK_CSK/Real_Sync_FIFO/mem_reg[303][1]
  Impl DFF        imp:/WORK/zigbee/DQPSK_CSK/Real_Sync_FIFO/mem_reg[303][1]

  Ref  DFF        ref:/WORK/zigbee/DQPSK_CSK/Real_Sync_FIFO/mem_reg[304][0]
  Impl DFF        imp:/WORK/zigbee/DQPSK_CSK/Real_Sync_FIFO/mem_reg[304][0]

  Ref  DFF        ref:/WORK/zigbee/DQPSK_CSK/Real_Sync_FIFO/mem_reg[304][1]
  Impl DFF        imp:/WORK/zigbee/DQPSK_CSK/Real_Sync_FIFO/mem_reg[304][1]

  Ref  DFF        ref:/WORK/zigbee/DQPSK_CSK/Real_Sync_FIFO/mem_reg[305][0]
  Impl DFF        imp:/WORK/zigbee/DQPSK_CSK/Real_Sync_FIFO/mem_reg[305][0]

  Ref  DFF        ref:/WORK/zigbee/DQPSK_CSK/Real_Sync_FIFO/mem_reg[305][1]
  Impl DFF        imp:/WORK/zigbee/DQPSK_CSK/Real_Sync_FIFO/mem_reg[305][1]

  Ref  DFF        ref:/WORK/zigbee/DQPSK_CSK/Real_Sync_FIFO/mem_reg[306][0]
  Impl DFF        imp:/WORK/zigbee/DQPSK_CSK/Real_Sync_FIFO/mem_reg[306][0]

  Ref  DFF        ref:/WORK/zigbee/DQPSK_CSK/Real_Sync_FIFO/mem_reg[306][1]
  Impl DFF        imp:/WORK/zigbee/DQPSK_CSK/Real_Sync_FIFO/mem_reg[306][1]

  Ref  DFF        ref:/WORK/zigbee/DQPSK_CSK/Real_Sync_FIFO/mem_reg[307][0]
  Impl DFF        imp:/WORK/zigbee/DQPSK_CSK/Real_Sync_FIFO/mem_reg[307][0]

  Ref  DFF        ref:/WORK/zigbee/DQPSK_CSK/Real_Sync_FIFO/mem_reg[307][1]
  Impl DFF        imp:/WORK/zigbee/DQPSK_CSK/Real_Sync_FIFO/mem_reg[307][1]

  Ref  DFF        ref:/WORK/zigbee/DQPSK_CSK/Real_Sync_FIFO/mem_reg[308][0]
  Impl DFF        imp:/WORK/zigbee/DQPSK_CSK/Real_Sync_FIFO/mem_reg[308][0]

  Ref  DFF        ref:/WORK/zigbee/DQPSK_CSK/Real_Sync_FIFO/mem_reg[308][1]
  Impl DFF        imp:/WORK/zigbee/DQPSK_CSK/Real_Sync_FIFO/mem_reg[308][1]

  Ref  DFF        ref:/WORK/zigbee/DQPSK_CSK/Real_Sync_FIFO/mem_reg[309][0]
  Impl DFF        imp:/WORK/zigbee/DQPSK_CSK/Real_Sync_FIFO/mem_reg[309][0]

  Ref  DFF        ref:/WORK/zigbee/DQPSK_CSK/Real_Sync_FIFO/mem_reg[309][1]
  Impl DFF        imp:/WORK/zigbee/DQPSK_CSK/Real_Sync_FIFO/mem_reg[309][1]

  Ref  DFF        ref:/WORK/zigbee/DQPSK_CSK/Real_Sync_FIFO/mem_reg[30][0]
  Impl DFF        imp:/WORK/zigbee/DQPSK_CSK/Real_Sync_FIFO/mem_reg[30][0]

  Ref  DFF        ref:/WORK/zigbee/DQPSK_CSK/Real_Sync_FIFO/mem_reg[30][1]
  Impl DFF        imp:/WORK/zigbee/DQPSK_CSK/Real_Sync_FIFO/mem_reg[30][1]

  Ref  DFF        ref:/WORK/zigbee/DQPSK_CSK/Real_Sync_FIFO/mem_reg[310][0]
  Impl DFF        imp:/WORK/zigbee/DQPSK_CSK/Real_Sync_FIFO/mem_reg[310][0]

  Ref  DFF        ref:/WORK/zigbee/DQPSK_CSK/Real_Sync_FIFO/mem_reg[310][1]
  Impl DFF        imp:/WORK/zigbee/DQPSK_CSK/Real_Sync_FIFO/mem_reg[310][1]

  Ref  DFF        ref:/WORK/zigbee/DQPSK_CSK/Real_Sync_FIFO/mem_reg[311][0]
  Impl DFF        imp:/WORK/zigbee/DQPSK_CSK/Real_Sync_FIFO/mem_reg[311][0]

  Ref  DFF        ref:/WORK/zigbee/DQPSK_CSK/Real_Sync_FIFO/mem_reg[311][1]
  Impl DFF        imp:/WORK/zigbee/DQPSK_CSK/Real_Sync_FIFO/mem_reg[311][1]

  Ref  DFF        ref:/WORK/zigbee/DQPSK_CSK/Real_Sync_FIFO/mem_reg[312][0]
  Impl DFF        imp:/WORK/zigbee/DQPSK_CSK/Real_Sync_FIFO/mem_reg[312][0]

  Ref  DFF        ref:/WORK/zigbee/DQPSK_CSK/Real_Sync_FIFO/mem_reg[312][1]
  Impl DFF        imp:/WORK/zigbee/DQPSK_CSK/Real_Sync_FIFO/mem_reg[312][1]

  Ref  DFF        ref:/WORK/zigbee/DQPSK_CSK/Real_Sync_FIFO/mem_reg[313][0]
  Impl DFF        imp:/WORK/zigbee/DQPSK_CSK/Real_Sync_FIFO/mem_reg[313][0]

  Ref  DFF        ref:/WORK/zigbee/DQPSK_CSK/Real_Sync_FIFO/mem_reg[313][1]
  Impl DFF        imp:/WORK/zigbee/DQPSK_CSK/Real_Sync_FIFO/mem_reg[313][1]

  Ref  DFF        ref:/WORK/zigbee/DQPSK_CSK/Real_Sync_FIFO/mem_reg[314][0]
  Impl DFF        imp:/WORK/zigbee/DQPSK_CSK/Real_Sync_FIFO/mem_reg[314][0]

  Ref  DFF        ref:/WORK/zigbee/DQPSK_CSK/Real_Sync_FIFO/mem_reg[314][1]
  Impl DFF        imp:/WORK/zigbee/DQPSK_CSK/Real_Sync_FIFO/mem_reg[314][1]

  Ref  DFF        ref:/WORK/zigbee/DQPSK_CSK/Real_Sync_FIFO/mem_reg[315][0]
  Impl DFF        imp:/WORK/zigbee/DQPSK_CSK/Real_Sync_FIFO/mem_reg[315][0]

  Ref  DFF        ref:/WORK/zigbee/DQPSK_CSK/Real_Sync_FIFO/mem_reg[315][1]
  Impl DFF        imp:/WORK/zigbee/DQPSK_CSK/Real_Sync_FIFO/mem_reg[315][1]

  Ref  DFF        ref:/WORK/zigbee/DQPSK_CSK/Real_Sync_FIFO/mem_reg[316][0]
  Impl DFF        imp:/WORK/zigbee/DQPSK_CSK/Real_Sync_FIFO/mem_reg[316][0]

  Ref  DFF        ref:/WORK/zigbee/DQPSK_CSK/Real_Sync_FIFO/mem_reg[316][1]
  Impl DFF        imp:/WORK/zigbee/DQPSK_CSK/Real_Sync_FIFO/mem_reg[316][1]

  Ref  DFF        ref:/WORK/zigbee/DQPSK_CSK/Real_Sync_FIFO/mem_reg[317][0]
  Impl DFF        imp:/WORK/zigbee/DQPSK_CSK/Real_Sync_FIFO/mem_reg[317][0]

  Ref  DFF        ref:/WORK/zigbee/DQPSK_CSK/Real_Sync_FIFO/mem_reg[317][1]
  Impl DFF        imp:/WORK/zigbee/DQPSK_CSK/Real_Sync_FIFO/mem_reg[317][1]

  Ref  DFF        ref:/WORK/zigbee/DQPSK_CSK/Real_Sync_FIFO/mem_reg[318][0]
  Impl DFF        imp:/WORK/zigbee/DQPSK_CSK/Real_Sync_FIFO/mem_reg[318][0]

  Ref  DFF        ref:/WORK/zigbee/DQPSK_CSK/Real_Sync_FIFO/mem_reg[318][1]
  Impl DFF        imp:/WORK/zigbee/DQPSK_CSK/Real_Sync_FIFO/mem_reg[318][1]

  Ref  DFF        ref:/WORK/zigbee/DQPSK_CSK/Real_Sync_FIFO/mem_reg[319][0]
  Impl DFF        imp:/WORK/zigbee/DQPSK_CSK/Real_Sync_FIFO/mem_reg[319][0]

  Ref  DFF        ref:/WORK/zigbee/DQPSK_CSK/Real_Sync_FIFO/mem_reg[319][1]
  Impl DFF        imp:/WORK/zigbee/DQPSK_CSK/Real_Sync_FIFO/mem_reg[319][1]

  Ref  DFF        ref:/WORK/zigbee/DQPSK_CSK/Real_Sync_FIFO/mem_reg[31][0]
  Impl DFF        imp:/WORK/zigbee/DQPSK_CSK/Real_Sync_FIFO/mem_reg[31][0]

  Ref  DFF        ref:/WORK/zigbee/DQPSK_CSK/Real_Sync_FIFO/mem_reg[31][1]
  Impl DFF        imp:/WORK/zigbee/DQPSK_CSK/Real_Sync_FIFO/mem_reg[31][1]

  Ref  DFF        ref:/WORK/zigbee/DQPSK_CSK/Real_Sync_FIFO/mem_reg[320][0]
  Impl DFF        imp:/WORK/zigbee/DQPSK_CSK/Real_Sync_FIFO/mem_reg[320][0]

  Ref  DFF        ref:/WORK/zigbee/DQPSK_CSK/Real_Sync_FIFO/mem_reg[320][1]
  Impl DFF        imp:/WORK/zigbee/DQPSK_CSK/Real_Sync_FIFO/mem_reg[320][1]

  Ref  DFF        ref:/WORK/zigbee/DQPSK_CSK/Real_Sync_FIFO/mem_reg[321][0]
  Impl DFF        imp:/WORK/zigbee/DQPSK_CSK/Real_Sync_FIFO/mem_reg[321][0]

  Ref  DFF        ref:/WORK/zigbee/DQPSK_CSK/Real_Sync_FIFO/mem_reg[321][1]
  Impl DFF        imp:/WORK/zigbee/DQPSK_CSK/Real_Sync_FIFO/mem_reg[321][1]

  Ref  DFF        ref:/WORK/zigbee/DQPSK_CSK/Real_Sync_FIFO/mem_reg[322][0]
  Impl DFF        imp:/WORK/zigbee/DQPSK_CSK/Real_Sync_FIFO/mem_reg[322][0]

  Ref  DFF        ref:/WORK/zigbee/DQPSK_CSK/Real_Sync_FIFO/mem_reg[322][1]
  Impl DFF        imp:/WORK/zigbee/DQPSK_CSK/Real_Sync_FIFO/mem_reg[322][1]

  Ref  DFF        ref:/WORK/zigbee/DQPSK_CSK/Real_Sync_FIFO/mem_reg[323][0]
  Impl DFF        imp:/WORK/zigbee/DQPSK_CSK/Real_Sync_FIFO/mem_reg[323][0]

  Ref  DFF        ref:/WORK/zigbee/DQPSK_CSK/Real_Sync_FIFO/mem_reg[323][1]
  Impl DFF        imp:/WORK/zigbee/DQPSK_CSK/Real_Sync_FIFO/mem_reg[323][1]

  Ref  DFF        ref:/WORK/zigbee/DQPSK_CSK/Real_Sync_FIFO/mem_reg[324][0]
  Impl DFF        imp:/WORK/zigbee/DQPSK_CSK/Real_Sync_FIFO/mem_reg[324][0]

  Ref  DFF        ref:/WORK/zigbee/DQPSK_CSK/Real_Sync_FIFO/mem_reg[324][1]
  Impl DFF        imp:/WORK/zigbee/DQPSK_CSK/Real_Sync_FIFO/mem_reg[324][1]

  Ref  DFF        ref:/WORK/zigbee/DQPSK_CSK/Real_Sync_FIFO/mem_reg[325][0]
  Impl DFF        imp:/WORK/zigbee/DQPSK_CSK/Real_Sync_FIFO/mem_reg[325][0]

  Ref  DFF        ref:/WORK/zigbee/DQPSK_CSK/Real_Sync_FIFO/mem_reg[325][1]
  Impl DFF        imp:/WORK/zigbee/DQPSK_CSK/Real_Sync_FIFO/mem_reg[325][1]

  Ref  DFF        ref:/WORK/zigbee/DQPSK_CSK/Real_Sync_FIFO/mem_reg[326][0]
  Impl DFF        imp:/WORK/zigbee/DQPSK_CSK/Real_Sync_FIFO/mem_reg[326][0]

  Ref  DFF        ref:/WORK/zigbee/DQPSK_CSK/Real_Sync_FIFO/mem_reg[326][1]
  Impl DFF        imp:/WORK/zigbee/DQPSK_CSK/Real_Sync_FIFO/mem_reg[326][1]

  Ref  DFF        ref:/WORK/zigbee/DQPSK_CSK/Real_Sync_FIFO/mem_reg[327][0]
  Impl DFF        imp:/WORK/zigbee/DQPSK_CSK/Real_Sync_FIFO/mem_reg[327][0]

  Ref  DFF        ref:/WORK/zigbee/DQPSK_CSK/Real_Sync_FIFO/mem_reg[327][1]
  Impl DFF        imp:/WORK/zigbee/DQPSK_CSK/Real_Sync_FIFO/mem_reg[327][1]

  Ref  DFF        ref:/WORK/zigbee/DQPSK_CSK/Real_Sync_FIFO/mem_reg[328][0]
  Impl DFF        imp:/WORK/zigbee/DQPSK_CSK/Real_Sync_FIFO/mem_reg[328][0]

  Ref  DFF        ref:/WORK/zigbee/DQPSK_CSK/Real_Sync_FIFO/mem_reg[328][1]
  Impl DFF        imp:/WORK/zigbee/DQPSK_CSK/Real_Sync_FIFO/mem_reg[328][1]

  Ref  DFF        ref:/WORK/zigbee/DQPSK_CSK/Real_Sync_FIFO/mem_reg[329][0]
  Impl DFF        imp:/WORK/zigbee/DQPSK_CSK/Real_Sync_FIFO/mem_reg[329][0]

  Ref  DFF        ref:/WORK/zigbee/DQPSK_CSK/Real_Sync_FIFO/mem_reg[329][1]
  Impl DFF        imp:/WORK/zigbee/DQPSK_CSK/Real_Sync_FIFO/mem_reg[329][1]

  Ref  DFF        ref:/WORK/zigbee/DQPSK_CSK/Real_Sync_FIFO/mem_reg[32][0]
  Impl DFF        imp:/WORK/zigbee/DQPSK_CSK/Real_Sync_FIFO/mem_reg[32][0]

  Ref  DFF        ref:/WORK/zigbee/DQPSK_CSK/Real_Sync_FIFO/mem_reg[32][1]
  Impl DFF        imp:/WORK/zigbee/DQPSK_CSK/Real_Sync_FIFO/mem_reg[32][1]

  Ref  DFF        ref:/WORK/zigbee/DQPSK_CSK/Real_Sync_FIFO/mem_reg[330][0]
  Impl DFF        imp:/WORK/zigbee/DQPSK_CSK/Real_Sync_FIFO/mem_reg[330][0]

  Ref  DFF        ref:/WORK/zigbee/DQPSK_CSK/Real_Sync_FIFO/mem_reg[330][1]
  Impl DFF        imp:/WORK/zigbee/DQPSK_CSK/Real_Sync_FIFO/mem_reg[330][1]

  Ref  DFF        ref:/WORK/zigbee/DQPSK_CSK/Real_Sync_FIFO/mem_reg[331][0]
  Impl DFF        imp:/WORK/zigbee/DQPSK_CSK/Real_Sync_FIFO/mem_reg[331][0]

  Ref  DFF        ref:/WORK/zigbee/DQPSK_CSK/Real_Sync_FIFO/mem_reg[331][1]
  Impl DFF        imp:/WORK/zigbee/DQPSK_CSK/Real_Sync_FIFO/mem_reg[331][1]

  Ref  DFF        ref:/WORK/zigbee/DQPSK_CSK/Real_Sync_FIFO/mem_reg[332][0]
  Impl DFF        imp:/WORK/zigbee/DQPSK_CSK/Real_Sync_FIFO/mem_reg[332][0]

  Ref  DFF        ref:/WORK/zigbee/DQPSK_CSK/Real_Sync_FIFO/mem_reg[332][1]
  Impl DFF        imp:/WORK/zigbee/DQPSK_CSK/Real_Sync_FIFO/mem_reg[332][1]

  Ref  DFF        ref:/WORK/zigbee/DQPSK_CSK/Real_Sync_FIFO/mem_reg[333][0]
  Impl DFF        imp:/WORK/zigbee/DQPSK_CSK/Real_Sync_FIFO/mem_reg[333][0]

  Ref  DFF        ref:/WORK/zigbee/DQPSK_CSK/Real_Sync_FIFO/mem_reg[333][1]
  Impl DFF        imp:/WORK/zigbee/DQPSK_CSK/Real_Sync_FIFO/mem_reg[333][1]

  Ref  DFF        ref:/WORK/zigbee/DQPSK_CSK/Real_Sync_FIFO/mem_reg[334][0]
  Impl DFF        imp:/WORK/zigbee/DQPSK_CSK/Real_Sync_FIFO/mem_reg[334][0]

  Ref  DFF        ref:/WORK/zigbee/DQPSK_CSK/Real_Sync_FIFO/mem_reg[334][1]
  Impl DFF        imp:/WORK/zigbee/DQPSK_CSK/Real_Sync_FIFO/mem_reg[334][1]

  Ref  DFF        ref:/WORK/zigbee/DQPSK_CSK/Real_Sync_FIFO/mem_reg[335][0]
  Impl DFF        imp:/WORK/zigbee/DQPSK_CSK/Real_Sync_FIFO/mem_reg[335][0]

  Ref  DFF        ref:/WORK/zigbee/DQPSK_CSK/Real_Sync_FIFO/mem_reg[335][1]
  Impl DFF        imp:/WORK/zigbee/DQPSK_CSK/Real_Sync_FIFO/mem_reg[335][1]

  Ref  DFF        ref:/WORK/zigbee/DQPSK_CSK/Real_Sync_FIFO/mem_reg[336][0]
  Impl DFF        imp:/WORK/zigbee/DQPSK_CSK/Real_Sync_FIFO/mem_reg[336][0]

  Ref  DFF        ref:/WORK/zigbee/DQPSK_CSK/Real_Sync_FIFO/mem_reg[336][1]
  Impl DFF        imp:/WORK/zigbee/DQPSK_CSK/Real_Sync_FIFO/mem_reg[336][1]

  Ref  DFF        ref:/WORK/zigbee/DQPSK_CSK/Real_Sync_FIFO/mem_reg[337][0]
  Impl DFF        imp:/WORK/zigbee/DQPSK_CSK/Real_Sync_FIFO/mem_reg[337][0]

  Ref  DFF        ref:/WORK/zigbee/DQPSK_CSK/Real_Sync_FIFO/mem_reg[337][1]
  Impl DFF        imp:/WORK/zigbee/DQPSK_CSK/Real_Sync_FIFO/mem_reg[337][1]

  Ref  DFF        ref:/WORK/zigbee/DQPSK_CSK/Real_Sync_FIFO/mem_reg[338][0]
  Impl DFF        imp:/WORK/zigbee/DQPSK_CSK/Real_Sync_FIFO/mem_reg[338][0]

  Ref  DFF        ref:/WORK/zigbee/DQPSK_CSK/Real_Sync_FIFO/mem_reg[338][1]
  Impl DFF        imp:/WORK/zigbee/DQPSK_CSK/Real_Sync_FIFO/mem_reg[338][1]

  Ref  DFF        ref:/WORK/zigbee/DQPSK_CSK/Real_Sync_FIFO/mem_reg[339][0]
  Impl DFF        imp:/WORK/zigbee/DQPSK_CSK/Real_Sync_FIFO/mem_reg[339][0]

  Ref  DFF        ref:/WORK/zigbee/DQPSK_CSK/Real_Sync_FIFO/mem_reg[339][1]
  Impl DFF        imp:/WORK/zigbee/DQPSK_CSK/Real_Sync_FIFO/mem_reg[339][1]

  Ref  DFF        ref:/WORK/zigbee/DQPSK_CSK/Real_Sync_FIFO/mem_reg[33][0]
  Impl DFF        imp:/WORK/zigbee/DQPSK_CSK/Real_Sync_FIFO/mem_reg[33][0]

  Ref  DFF        ref:/WORK/zigbee/DQPSK_CSK/Real_Sync_FIFO/mem_reg[33][1]
  Impl DFF        imp:/WORK/zigbee/DQPSK_CSK/Real_Sync_FIFO/mem_reg[33][1]

  Ref  DFF        ref:/WORK/zigbee/DQPSK_CSK/Real_Sync_FIFO/mem_reg[340][0]
  Impl DFF        imp:/WORK/zigbee/DQPSK_CSK/Real_Sync_FIFO/mem_reg[340][0]

  Ref  DFF        ref:/WORK/zigbee/DQPSK_CSK/Real_Sync_FIFO/mem_reg[340][1]
  Impl DFF        imp:/WORK/zigbee/DQPSK_CSK/Real_Sync_FIFO/mem_reg[340][1]

  Ref  DFF        ref:/WORK/zigbee/DQPSK_CSK/Real_Sync_FIFO/mem_reg[341][0]
  Impl DFF        imp:/WORK/zigbee/DQPSK_CSK/Real_Sync_FIFO/mem_reg[341][0]

  Ref  DFF        ref:/WORK/zigbee/DQPSK_CSK/Real_Sync_FIFO/mem_reg[341][1]
  Impl DFF        imp:/WORK/zigbee/DQPSK_CSK/Real_Sync_FIFO/mem_reg[341][1]

  Ref  DFF        ref:/WORK/zigbee/DQPSK_CSK/Real_Sync_FIFO/mem_reg[342][0]
  Impl DFF        imp:/WORK/zigbee/DQPSK_CSK/Real_Sync_FIFO/mem_reg[342][0]

  Ref  DFF        ref:/WORK/zigbee/DQPSK_CSK/Real_Sync_FIFO/mem_reg[342][1]
  Impl DFF        imp:/WORK/zigbee/DQPSK_CSK/Real_Sync_FIFO/mem_reg[342][1]

  Ref  DFF        ref:/WORK/zigbee/DQPSK_CSK/Real_Sync_FIFO/mem_reg[343][0]
  Impl DFF        imp:/WORK/zigbee/DQPSK_CSK/Real_Sync_FIFO/mem_reg[343][0]

  Ref  DFF        ref:/WORK/zigbee/DQPSK_CSK/Real_Sync_FIFO/mem_reg[343][1]
  Impl DFF        imp:/WORK/zigbee/DQPSK_CSK/Real_Sync_FIFO/mem_reg[343][1]

  Ref  DFF        ref:/WORK/zigbee/DQPSK_CSK/Real_Sync_FIFO/mem_reg[344][0]
  Impl DFF        imp:/WORK/zigbee/DQPSK_CSK/Real_Sync_FIFO/mem_reg[344][0]

  Ref  DFF        ref:/WORK/zigbee/DQPSK_CSK/Real_Sync_FIFO/mem_reg[344][1]
  Impl DFF        imp:/WORK/zigbee/DQPSK_CSK/Real_Sync_FIFO/mem_reg[344][1]

  Ref  DFF        ref:/WORK/zigbee/DQPSK_CSK/Real_Sync_FIFO/mem_reg[345][0]
  Impl DFF        imp:/WORK/zigbee/DQPSK_CSK/Real_Sync_FIFO/mem_reg[345][0]

  Ref  DFF        ref:/WORK/zigbee/DQPSK_CSK/Real_Sync_FIFO/mem_reg[345][1]
  Impl DFF        imp:/WORK/zigbee/DQPSK_CSK/Real_Sync_FIFO/mem_reg[345][1]

  Ref  DFF        ref:/WORK/zigbee/DQPSK_CSK/Real_Sync_FIFO/mem_reg[346][0]
  Impl DFF        imp:/WORK/zigbee/DQPSK_CSK/Real_Sync_FIFO/mem_reg[346][0]

  Ref  DFF        ref:/WORK/zigbee/DQPSK_CSK/Real_Sync_FIFO/mem_reg[346][1]
  Impl DFF        imp:/WORK/zigbee/DQPSK_CSK/Real_Sync_FIFO/mem_reg[346][1]

  Ref  DFF        ref:/WORK/zigbee/DQPSK_CSK/Real_Sync_FIFO/mem_reg[347][0]
  Impl DFF        imp:/WORK/zigbee/DQPSK_CSK/Real_Sync_FIFO/mem_reg[347][0]

  Ref  DFF        ref:/WORK/zigbee/DQPSK_CSK/Real_Sync_FIFO/mem_reg[347][1]
  Impl DFF        imp:/WORK/zigbee/DQPSK_CSK/Real_Sync_FIFO/mem_reg[347][1]

  Ref  DFF        ref:/WORK/zigbee/DQPSK_CSK/Real_Sync_FIFO/mem_reg[348][0]
  Impl DFF        imp:/WORK/zigbee/DQPSK_CSK/Real_Sync_FIFO/mem_reg[348][0]

  Ref  DFF        ref:/WORK/zigbee/DQPSK_CSK/Real_Sync_FIFO/mem_reg[348][1]
  Impl DFF        imp:/WORK/zigbee/DQPSK_CSK/Real_Sync_FIFO/mem_reg[348][1]

  Ref  DFF        ref:/WORK/zigbee/DQPSK_CSK/Real_Sync_FIFO/mem_reg[349][0]
  Impl DFF        imp:/WORK/zigbee/DQPSK_CSK/Real_Sync_FIFO/mem_reg[349][0]

  Ref  DFF        ref:/WORK/zigbee/DQPSK_CSK/Real_Sync_FIFO/mem_reg[349][1]
  Impl DFF        imp:/WORK/zigbee/DQPSK_CSK/Real_Sync_FIFO/mem_reg[349][1]

  Ref  DFF        ref:/WORK/zigbee/DQPSK_CSK/Real_Sync_FIFO/mem_reg[34][0]
  Impl DFF        imp:/WORK/zigbee/DQPSK_CSK/Real_Sync_FIFO/mem_reg[34][0]

  Ref  DFF        ref:/WORK/zigbee/DQPSK_CSK/Real_Sync_FIFO/mem_reg[34][1]
  Impl DFF        imp:/WORK/zigbee/DQPSK_CSK/Real_Sync_FIFO/mem_reg[34][1]

  Ref  DFF        ref:/WORK/zigbee/DQPSK_CSK/Real_Sync_FIFO/mem_reg[350][0]
  Impl DFF        imp:/WORK/zigbee/DQPSK_CSK/Real_Sync_FIFO/mem_reg[350][0]

  Ref  DFF        ref:/WORK/zigbee/DQPSK_CSK/Real_Sync_FIFO/mem_reg[350][1]
  Impl DFF        imp:/WORK/zigbee/DQPSK_CSK/Real_Sync_FIFO/mem_reg[350][1]

  Ref  DFF        ref:/WORK/zigbee/DQPSK_CSK/Real_Sync_FIFO/mem_reg[351][0]
  Impl DFF        imp:/WORK/zigbee/DQPSK_CSK/Real_Sync_FIFO/mem_reg[351][0]

  Ref  DFF        ref:/WORK/zigbee/DQPSK_CSK/Real_Sync_FIFO/mem_reg[351][1]
  Impl DFF        imp:/WORK/zigbee/DQPSK_CSK/Real_Sync_FIFO/mem_reg[351][1]

  Ref  DFF        ref:/WORK/zigbee/DQPSK_CSK/Real_Sync_FIFO/mem_reg[352][0]
  Impl DFF        imp:/WORK/zigbee/DQPSK_CSK/Real_Sync_FIFO/mem_reg[352][0]

  Ref  DFF        ref:/WORK/zigbee/DQPSK_CSK/Real_Sync_FIFO/mem_reg[352][1]
  Impl DFF        imp:/WORK/zigbee/DQPSK_CSK/Real_Sync_FIFO/mem_reg[352][1]

  Ref  DFF        ref:/WORK/zigbee/DQPSK_CSK/Real_Sync_FIFO/mem_reg[353][0]
  Impl DFF        imp:/WORK/zigbee/DQPSK_CSK/Real_Sync_FIFO/mem_reg[353][0]

  Ref  DFF        ref:/WORK/zigbee/DQPSK_CSK/Real_Sync_FIFO/mem_reg[353][1]
  Impl DFF        imp:/WORK/zigbee/DQPSK_CSK/Real_Sync_FIFO/mem_reg[353][1]

  Ref  DFF        ref:/WORK/zigbee/DQPSK_CSK/Real_Sync_FIFO/mem_reg[354][0]
  Impl DFF        imp:/WORK/zigbee/DQPSK_CSK/Real_Sync_FIFO/mem_reg[354][0]

  Ref  DFF        ref:/WORK/zigbee/DQPSK_CSK/Real_Sync_FIFO/mem_reg[354][1]
  Impl DFF        imp:/WORK/zigbee/DQPSK_CSK/Real_Sync_FIFO/mem_reg[354][1]

  Ref  DFF        ref:/WORK/zigbee/DQPSK_CSK/Real_Sync_FIFO/mem_reg[355][0]
  Impl DFF        imp:/WORK/zigbee/DQPSK_CSK/Real_Sync_FIFO/mem_reg[355][0]

  Ref  DFF        ref:/WORK/zigbee/DQPSK_CSK/Real_Sync_FIFO/mem_reg[355][1]
  Impl DFF        imp:/WORK/zigbee/DQPSK_CSK/Real_Sync_FIFO/mem_reg[355][1]

  Ref  DFF        ref:/WORK/zigbee/DQPSK_CSK/Real_Sync_FIFO/mem_reg[356][0]
  Impl DFF        imp:/WORK/zigbee/DQPSK_CSK/Real_Sync_FIFO/mem_reg[356][0]

  Ref  DFF        ref:/WORK/zigbee/DQPSK_CSK/Real_Sync_FIFO/mem_reg[356][1]
  Impl DFF        imp:/WORK/zigbee/DQPSK_CSK/Real_Sync_FIFO/mem_reg[356][1]

  Ref  DFF        ref:/WORK/zigbee/DQPSK_CSK/Real_Sync_FIFO/mem_reg[357][0]
  Impl DFF        imp:/WORK/zigbee/DQPSK_CSK/Real_Sync_FIFO/mem_reg[357][0]

  Ref  DFF        ref:/WORK/zigbee/DQPSK_CSK/Real_Sync_FIFO/mem_reg[357][1]
  Impl DFF        imp:/WORK/zigbee/DQPSK_CSK/Real_Sync_FIFO/mem_reg[357][1]

  Ref  DFF        ref:/WORK/zigbee/DQPSK_CSK/Real_Sync_FIFO/mem_reg[358][0]
  Impl DFF        imp:/WORK/zigbee/DQPSK_CSK/Real_Sync_FIFO/mem_reg[358][0]

  Ref  DFF        ref:/WORK/zigbee/DQPSK_CSK/Real_Sync_FIFO/mem_reg[358][1]
  Impl DFF        imp:/WORK/zigbee/DQPSK_CSK/Real_Sync_FIFO/mem_reg[358][1]

  Ref  DFF        ref:/WORK/zigbee/DQPSK_CSK/Real_Sync_FIFO/mem_reg[359][0]
  Impl DFF        imp:/WORK/zigbee/DQPSK_CSK/Real_Sync_FIFO/mem_reg[359][0]

  Ref  DFF        ref:/WORK/zigbee/DQPSK_CSK/Real_Sync_FIFO/mem_reg[359][1]
  Impl DFF        imp:/WORK/zigbee/DQPSK_CSK/Real_Sync_FIFO/mem_reg[359][1]

  Ref  DFF        ref:/WORK/zigbee/DQPSK_CSK/Real_Sync_FIFO/mem_reg[35][0]
  Impl DFF        imp:/WORK/zigbee/DQPSK_CSK/Real_Sync_FIFO/mem_reg[35][0]

  Ref  DFF        ref:/WORK/zigbee/DQPSK_CSK/Real_Sync_FIFO/mem_reg[35][1]
  Impl DFF        imp:/WORK/zigbee/DQPSK_CSK/Real_Sync_FIFO/mem_reg[35][1]

  Ref  DFF        ref:/WORK/zigbee/DQPSK_CSK/Real_Sync_FIFO/mem_reg[360][0]
  Impl DFF        imp:/WORK/zigbee/DQPSK_CSK/Real_Sync_FIFO/mem_reg[360][0]

  Ref  DFF        ref:/WORK/zigbee/DQPSK_CSK/Real_Sync_FIFO/mem_reg[360][1]
  Impl DFF        imp:/WORK/zigbee/DQPSK_CSK/Real_Sync_FIFO/mem_reg[360][1]

  Ref  DFF        ref:/WORK/zigbee/DQPSK_CSK/Real_Sync_FIFO/mem_reg[361][0]
  Impl DFF        imp:/WORK/zigbee/DQPSK_CSK/Real_Sync_FIFO/mem_reg[361][0]

  Ref  DFF        ref:/WORK/zigbee/DQPSK_CSK/Real_Sync_FIFO/mem_reg[361][1]
  Impl DFF        imp:/WORK/zigbee/DQPSK_CSK/Real_Sync_FIFO/mem_reg[361][1]

  Ref  DFF        ref:/WORK/zigbee/DQPSK_CSK/Real_Sync_FIFO/mem_reg[362][0]
  Impl DFF        imp:/WORK/zigbee/DQPSK_CSK/Real_Sync_FIFO/mem_reg[362][0]

  Ref  DFF        ref:/WORK/zigbee/DQPSK_CSK/Real_Sync_FIFO/mem_reg[362][1]
  Impl DFF        imp:/WORK/zigbee/DQPSK_CSK/Real_Sync_FIFO/mem_reg[362][1]

  Ref  DFF        ref:/WORK/zigbee/DQPSK_CSK/Real_Sync_FIFO/mem_reg[363][0]
  Impl DFF        imp:/WORK/zigbee/DQPSK_CSK/Real_Sync_FIFO/mem_reg[363][0]

  Ref  DFF        ref:/WORK/zigbee/DQPSK_CSK/Real_Sync_FIFO/mem_reg[363][1]
  Impl DFF        imp:/WORK/zigbee/DQPSK_CSK/Real_Sync_FIFO/mem_reg[363][1]

  Ref  DFF        ref:/WORK/zigbee/DQPSK_CSK/Real_Sync_FIFO/mem_reg[364][0]
  Impl DFF        imp:/WORK/zigbee/DQPSK_CSK/Real_Sync_FIFO/mem_reg[364][0]

  Ref  DFF        ref:/WORK/zigbee/DQPSK_CSK/Real_Sync_FIFO/mem_reg[364][1]
  Impl DFF        imp:/WORK/zigbee/DQPSK_CSK/Real_Sync_FIFO/mem_reg[364][1]

  Ref  DFF        ref:/WORK/zigbee/DQPSK_CSK/Real_Sync_FIFO/mem_reg[365][0]
  Impl DFF        imp:/WORK/zigbee/DQPSK_CSK/Real_Sync_FIFO/mem_reg[365][0]

  Ref  DFF        ref:/WORK/zigbee/DQPSK_CSK/Real_Sync_FIFO/mem_reg[365][1]
  Impl DFF        imp:/WORK/zigbee/DQPSK_CSK/Real_Sync_FIFO/mem_reg[365][1]

  Ref  DFF        ref:/WORK/zigbee/DQPSK_CSK/Real_Sync_FIFO/mem_reg[366][0]
  Impl DFF        imp:/WORK/zigbee/DQPSK_CSK/Real_Sync_FIFO/mem_reg[366][0]

  Ref  DFF        ref:/WORK/zigbee/DQPSK_CSK/Real_Sync_FIFO/mem_reg[366][1]
  Impl DFF        imp:/WORK/zigbee/DQPSK_CSK/Real_Sync_FIFO/mem_reg[366][1]

  Ref  DFF        ref:/WORK/zigbee/DQPSK_CSK/Real_Sync_FIFO/mem_reg[367][0]
  Impl DFF        imp:/WORK/zigbee/DQPSK_CSK/Real_Sync_FIFO/mem_reg[367][0]

  Ref  DFF        ref:/WORK/zigbee/DQPSK_CSK/Real_Sync_FIFO/mem_reg[367][1]
  Impl DFF        imp:/WORK/zigbee/DQPSK_CSK/Real_Sync_FIFO/mem_reg[367][1]

  Ref  DFF        ref:/WORK/zigbee/DQPSK_CSK/Real_Sync_FIFO/mem_reg[368][0]
  Impl DFF        imp:/WORK/zigbee/DQPSK_CSK/Real_Sync_FIFO/mem_reg[368][0]

  Ref  DFF        ref:/WORK/zigbee/DQPSK_CSK/Real_Sync_FIFO/mem_reg[368][1]
  Impl DFF        imp:/WORK/zigbee/DQPSK_CSK/Real_Sync_FIFO/mem_reg[368][1]

  Ref  DFF        ref:/WORK/zigbee/DQPSK_CSK/Real_Sync_FIFO/mem_reg[369][0]
  Impl DFF        imp:/WORK/zigbee/DQPSK_CSK/Real_Sync_FIFO/mem_reg[369][0]

  Ref  DFF        ref:/WORK/zigbee/DQPSK_CSK/Real_Sync_FIFO/mem_reg[369][1]
  Impl DFF        imp:/WORK/zigbee/DQPSK_CSK/Real_Sync_FIFO/mem_reg[369][1]

  Ref  DFF        ref:/WORK/zigbee/DQPSK_CSK/Real_Sync_FIFO/mem_reg[36][0]
  Impl DFF        imp:/WORK/zigbee/DQPSK_CSK/Real_Sync_FIFO/mem_reg[36][0]

  Ref  DFF        ref:/WORK/zigbee/DQPSK_CSK/Real_Sync_FIFO/mem_reg[36][1]
  Impl DFF        imp:/WORK/zigbee/DQPSK_CSK/Real_Sync_FIFO/mem_reg[36][1]

  Ref  DFF        ref:/WORK/zigbee/DQPSK_CSK/Real_Sync_FIFO/mem_reg[370][0]
  Impl DFF        imp:/WORK/zigbee/DQPSK_CSK/Real_Sync_FIFO/mem_reg[370][0]

  Ref  DFF        ref:/WORK/zigbee/DQPSK_CSK/Real_Sync_FIFO/mem_reg[370][1]
  Impl DFF        imp:/WORK/zigbee/DQPSK_CSK/Real_Sync_FIFO/mem_reg[370][1]

  Ref  DFF        ref:/WORK/zigbee/DQPSK_CSK/Real_Sync_FIFO/mem_reg[371][0]
  Impl DFF        imp:/WORK/zigbee/DQPSK_CSK/Real_Sync_FIFO/mem_reg[371][0]

  Ref  DFF        ref:/WORK/zigbee/DQPSK_CSK/Real_Sync_FIFO/mem_reg[371][1]
  Impl DFF        imp:/WORK/zigbee/DQPSK_CSK/Real_Sync_FIFO/mem_reg[371][1]

  Ref  DFF        ref:/WORK/zigbee/DQPSK_CSK/Real_Sync_FIFO/mem_reg[372][0]
  Impl DFF        imp:/WORK/zigbee/DQPSK_CSK/Real_Sync_FIFO/mem_reg[372][0]

  Ref  DFF        ref:/WORK/zigbee/DQPSK_CSK/Real_Sync_FIFO/mem_reg[372][1]
  Impl DFF        imp:/WORK/zigbee/DQPSK_CSK/Real_Sync_FIFO/mem_reg[372][1]

  Ref  DFF        ref:/WORK/zigbee/DQPSK_CSK/Real_Sync_FIFO/mem_reg[373][0]
  Impl DFF        imp:/WORK/zigbee/DQPSK_CSK/Real_Sync_FIFO/mem_reg[373][0]

  Ref  DFF        ref:/WORK/zigbee/DQPSK_CSK/Real_Sync_FIFO/mem_reg[373][1]
  Impl DFF        imp:/WORK/zigbee/DQPSK_CSK/Real_Sync_FIFO/mem_reg[373][1]

  Ref  DFF        ref:/WORK/zigbee/DQPSK_CSK/Real_Sync_FIFO/mem_reg[374][0]
  Impl DFF        imp:/WORK/zigbee/DQPSK_CSK/Real_Sync_FIFO/mem_reg[374][0]

  Ref  DFF        ref:/WORK/zigbee/DQPSK_CSK/Real_Sync_FIFO/mem_reg[374][1]
  Impl DFF        imp:/WORK/zigbee/DQPSK_CSK/Real_Sync_FIFO/mem_reg[374][1]

  Ref  DFF        ref:/WORK/zigbee/DQPSK_CSK/Real_Sync_FIFO/mem_reg[375][0]
  Impl DFF        imp:/WORK/zigbee/DQPSK_CSK/Real_Sync_FIFO/mem_reg[375][0]

  Ref  DFF        ref:/WORK/zigbee/DQPSK_CSK/Real_Sync_FIFO/mem_reg[375][1]
  Impl DFF        imp:/WORK/zigbee/DQPSK_CSK/Real_Sync_FIFO/mem_reg[375][1]

  Ref  DFF        ref:/WORK/zigbee/DQPSK_CSK/Real_Sync_FIFO/mem_reg[376][0]
  Impl DFF        imp:/WORK/zigbee/DQPSK_CSK/Real_Sync_FIFO/mem_reg[376][0]

  Ref  DFF        ref:/WORK/zigbee/DQPSK_CSK/Real_Sync_FIFO/mem_reg[376][1]
  Impl DFF        imp:/WORK/zigbee/DQPSK_CSK/Real_Sync_FIFO/mem_reg[376][1]

  Ref  DFF        ref:/WORK/zigbee/DQPSK_CSK/Real_Sync_FIFO/mem_reg[377][0]
  Impl DFF        imp:/WORK/zigbee/DQPSK_CSK/Real_Sync_FIFO/mem_reg[377][0]

  Ref  DFF        ref:/WORK/zigbee/DQPSK_CSK/Real_Sync_FIFO/mem_reg[377][1]
  Impl DFF        imp:/WORK/zigbee/DQPSK_CSK/Real_Sync_FIFO/mem_reg[377][1]

  Ref  DFF        ref:/WORK/zigbee/DQPSK_CSK/Real_Sync_FIFO/mem_reg[378][0]
  Impl DFF        imp:/WORK/zigbee/DQPSK_CSK/Real_Sync_FIFO/mem_reg[378][0]

  Ref  DFF        ref:/WORK/zigbee/DQPSK_CSK/Real_Sync_FIFO/mem_reg[378][1]
  Impl DFF        imp:/WORK/zigbee/DQPSK_CSK/Real_Sync_FIFO/mem_reg[378][1]

  Ref  DFF        ref:/WORK/zigbee/DQPSK_CSK/Real_Sync_FIFO/mem_reg[379][0]
  Impl DFF        imp:/WORK/zigbee/DQPSK_CSK/Real_Sync_FIFO/mem_reg[379][0]

  Ref  DFF        ref:/WORK/zigbee/DQPSK_CSK/Real_Sync_FIFO/mem_reg[379][1]
  Impl DFF        imp:/WORK/zigbee/DQPSK_CSK/Real_Sync_FIFO/mem_reg[379][1]

  Ref  DFF        ref:/WORK/zigbee/DQPSK_CSK/Real_Sync_FIFO/mem_reg[37][0]
  Impl DFF        imp:/WORK/zigbee/DQPSK_CSK/Real_Sync_FIFO/mem_reg[37][0]

  Ref  DFF        ref:/WORK/zigbee/DQPSK_CSK/Real_Sync_FIFO/mem_reg[37][1]
  Impl DFF        imp:/WORK/zigbee/DQPSK_CSK/Real_Sync_FIFO/mem_reg[37][1]

  Ref  DFF        ref:/WORK/zigbee/DQPSK_CSK/Real_Sync_FIFO/mem_reg[380][0]
  Impl DFF        imp:/WORK/zigbee/DQPSK_CSK/Real_Sync_FIFO/mem_reg[380][0]

  Ref  DFF        ref:/WORK/zigbee/DQPSK_CSK/Real_Sync_FIFO/mem_reg[380][1]
  Impl DFF        imp:/WORK/zigbee/DQPSK_CSK/Real_Sync_FIFO/mem_reg[380][1]

  Ref  DFF        ref:/WORK/zigbee/DQPSK_CSK/Real_Sync_FIFO/mem_reg[381][0]
  Impl DFF        imp:/WORK/zigbee/DQPSK_CSK/Real_Sync_FIFO/mem_reg[381][0]

  Ref  DFF        ref:/WORK/zigbee/DQPSK_CSK/Real_Sync_FIFO/mem_reg[381][1]
  Impl DFF        imp:/WORK/zigbee/DQPSK_CSK/Real_Sync_FIFO/mem_reg[381][1]

  Ref  DFF        ref:/WORK/zigbee/DQPSK_CSK/Real_Sync_FIFO/mem_reg[382][0]
  Impl DFF        imp:/WORK/zigbee/DQPSK_CSK/Real_Sync_FIFO/mem_reg[382][0]

  Ref  DFF        ref:/WORK/zigbee/DQPSK_CSK/Real_Sync_FIFO/mem_reg[382][1]
  Impl DFF        imp:/WORK/zigbee/DQPSK_CSK/Real_Sync_FIFO/mem_reg[382][1]

  Ref  DFF        ref:/WORK/zigbee/DQPSK_CSK/Real_Sync_FIFO/mem_reg[383][0]
  Impl DFF        imp:/WORK/zigbee/DQPSK_CSK/Real_Sync_FIFO/mem_reg[383][0]

  Ref  DFF        ref:/WORK/zigbee/DQPSK_CSK/Real_Sync_FIFO/mem_reg[383][1]
  Impl DFF        imp:/WORK/zigbee/DQPSK_CSK/Real_Sync_FIFO/mem_reg[383][1]

  Ref  DFF        ref:/WORK/zigbee/DQPSK_CSK/Real_Sync_FIFO/mem_reg[384][0]
  Impl DFF        imp:/WORK/zigbee/DQPSK_CSK/Real_Sync_FIFO/mem_reg[384][0]

  Ref  DFF        ref:/WORK/zigbee/DQPSK_CSK/Real_Sync_FIFO/mem_reg[384][1]
  Impl DFF        imp:/WORK/zigbee/DQPSK_CSK/Real_Sync_FIFO/mem_reg[384][1]

  Ref  DFF        ref:/WORK/zigbee/DQPSK_CSK/Real_Sync_FIFO/mem_reg[385][0]
  Impl DFF        imp:/WORK/zigbee/DQPSK_CSK/Real_Sync_FIFO/mem_reg[385][0]

  Ref  DFF        ref:/WORK/zigbee/DQPSK_CSK/Real_Sync_FIFO/mem_reg[385][1]
  Impl DFF        imp:/WORK/zigbee/DQPSK_CSK/Real_Sync_FIFO/mem_reg[385][1]

  Ref  DFF        ref:/WORK/zigbee/DQPSK_CSK/Real_Sync_FIFO/mem_reg[386][0]
  Impl DFF        imp:/WORK/zigbee/DQPSK_CSK/Real_Sync_FIFO/mem_reg[386][0]

  Ref  DFF        ref:/WORK/zigbee/DQPSK_CSK/Real_Sync_FIFO/mem_reg[386][1]
  Impl DFF        imp:/WORK/zigbee/DQPSK_CSK/Real_Sync_FIFO/mem_reg[386][1]

  Ref  DFF        ref:/WORK/zigbee/DQPSK_CSK/Real_Sync_FIFO/mem_reg[387][0]
  Impl DFF        imp:/WORK/zigbee/DQPSK_CSK/Real_Sync_FIFO/mem_reg[387][0]

  Ref  DFF        ref:/WORK/zigbee/DQPSK_CSK/Real_Sync_FIFO/mem_reg[387][1]
  Impl DFF        imp:/WORK/zigbee/DQPSK_CSK/Real_Sync_FIFO/mem_reg[387][1]

  Ref  DFF        ref:/WORK/zigbee/DQPSK_CSK/Real_Sync_FIFO/mem_reg[388][0]
  Impl DFF        imp:/WORK/zigbee/DQPSK_CSK/Real_Sync_FIFO/mem_reg[388][0]

  Ref  DFF        ref:/WORK/zigbee/DQPSK_CSK/Real_Sync_FIFO/mem_reg[388][1]
  Impl DFF        imp:/WORK/zigbee/DQPSK_CSK/Real_Sync_FIFO/mem_reg[388][1]

  Ref  DFF        ref:/WORK/zigbee/DQPSK_CSK/Real_Sync_FIFO/mem_reg[389][0]
  Impl DFF        imp:/WORK/zigbee/DQPSK_CSK/Real_Sync_FIFO/mem_reg[389][0]

  Ref  DFF        ref:/WORK/zigbee/DQPSK_CSK/Real_Sync_FIFO/mem_reg[389][1]
  Impl DFF        imp:/WORK/zigbee/DQPSK_CSK/Real_Sync_FIFO/mem_reg[389][1]

  Ref  DFF        ref:/WORK/zigbee/DQPSK_CSK/Real_Sync_FIFO/mem_reg[38][0]
  Impl DFF        imp:/WORK/zigbee/DQPSK_CSK/Real_Sync_FIFO/mem_reg[38][0]

  Ref  DFF        ref:/WORK/zigbee/DQPSK_CSK/Real_Sync_FIFO/mem_reg[38][1]
  Impl DFF        imp:/WORK/zigbee/DQPSK_CSK/Real_Sync_FIFO/mem_reg[38][1]

  Ref  DFF        ref:/WORK/zigbee/DQPSK_CSK/Real_Sync_FIFO/mem_reg[390][0]
  Impl DFF        imp:/WORK/zigbee/DQPSK_CSK/Real_Sync_FIFO/mem_reg[390][0]

  Ref  DFF        ref:/WORK/zigbee/DQPSK_CSK/Real_Sync_FIFO/mem_reg[390][1]
  Impl DFF        imp:/WORK/zigbee/DQPSK_CSK/Real_Sync_FIFO/mem_reg[390][1]

  Ref  DFF        ref:/WORK/zigbee/DQPSK_CSK/Real_Sync_FIFO/mem_reg[391][0]
  Impl DFF        imp:/WORK/zigbee/DQPSK_CSK/Real_Sync_FIFO/mem_reg[391][0]

  Ref  DFF        ref:/WORK/zigbee/DQPSK_CSK/Real_Sync_FIFO/mem_reg[391][1]
  Impl DFF        imp:/WORK/zigbee/DQPSK_CSK/Real_Sync_FIFO/mem_reg[391][1]

  Ref  DFF        ref:/WORK/zigbee/DQPSK_CSK/Real_Sync_FIFO/mem_reg[392][0]
  Impl DFF        imp:/WORK/zigbee/DQPSK_CSK/Real_Sync_FIFO/mem_reg[392][0]

  Ref  DFF        ref:/WORK/zigbee/DQPSK_CSK/Real_Sync_FIFO/mem_reg[392][1]
  Impl DFF        imp:/WORK/zigbee/DQPSK_CSK/Real_Sync_FIFO/mem_reg[392][1]

  Ref  DFF        ref:/WORK/zigbee/DQPSK_CSK/Real_Sync_FIFO/mem_reg[393][0]
  Impl DFF        imp:/WORK/zigbee/DQPSK_CSK/Real_Sync_FIFO/mem_reg[393][0]

  Ref  DFF        ref:/WORK/zigbee/DQPSK_CSK/Real_Sync_FIFO/mem_reg[393][1]
  Impl DFF        imp:/WORK/zigbee/DQPSK_CSK/Real_Sync_FIFO/mem_reg[393][1]

  Ref  DFF        ref:/WORK/zigbee/DQPSK_CSK/Real_Sync_FIFO/mem_reg[394][0]
  Impl DFF        imp:/WORK/zigbee/DQPSK_CSK/Real_Sync_FIFO/mem_reg[394][0]

  Ref  DFF        ref:/WORK/zigbee/DQPSK_CSK/Real_Sync_FIFO/mem_reg[394][1]
  Impl DFF        imp:/WORK/zigbee/DQPSK_CSK/Real_Sync_FIFO/mem_reg[394][1]

  Ref  DFF        ref:/WORK/zigbee/DQPSK_CSK/Real_Sync_FIFO/mem_reg[395][0]
  Impl DFF        imp:/WORK/zigbee/DQPSK_CSK/Real_Sync_FIFO/mem_reg[395][0]

  Ref  DFF        ref:/WORK/zigbee/DQPSK_CSK/Real_Sync_FIFO/mem_reg[395][1]
  Impl DFF        imp:/WORK/zigbee/DQPSK_CSK/Real_Sync_FIFO/mem_reg[395][1]

  Ref  DFF        ref:/WORK/zigbee/DQPSK_CSK/Real_Sync_FIFO/mem_reg[396][0]
  Impl DFF        imp:/WORK/zigbee/DQPSK_CSK/Real_Sync_FIFO/mem_reg[396][0]

  Ref  DFF        ref:/WORK/zigbee/DQPSK_CSK/Real_Sync_FIFO/mem_reg[396][1]
  Impl DFF        imp:/WORK/zigbee/DQPSK_CSK/Real_Sync_FIFO/mem_reg[396][1]

  Ref  DFF        ref:/WORK/zigbee/DQPSK_CSK/Real_Sync_FIFO/mem_reg[397][0]
  Impl DFF        imp:/WORK/zigbee/DQPSK_CSK/Real_Sync_FIFO/mem_reg[397][0]

  Ref  DFF        ref:/WORK/zigbee/DQPSK_CSK/Real_Sync_FIFO/mem_reg[397][1]
  Impl DFF        imp:/WORK/zigbee/DQPSK_CSK/Real_Sync_FIFO/mem_reg[397][1]

  Ref  DFF        ref:/WORK/zigbee/DQPSK_CSK/Real_Sync_FIFO/mem_reg[398][0]
  Impl DFF        imp:/WORK/zigbee/DQPSK_CSK/Real_Sync_FIFO/mem_reg[398][0]

  Ref  DFF        ref:/WORK/zigbee/DQPSK_CSK/Real_Sync_FIFO/mem_reg[398][1]
  Impl DFF        imp:/WORK/zigbee/DQPSK_CSK/Real_Sync_FIFO/mem_reg[398][1]

  Ref  DFF        ref:/WORK/zigbee/DQPSK_CSK/Real_Sync_FIFO/mem_reg[399][0]
  Impl DFF        imp:/WORK/zigbee/DQPSK_CSK/Real_Sync_FIFO/mem_reg[399][0]

  Ref  DFF        ref:/WORK/zigbee/DQPSK_CSK/Real_Sync_FIFO/mem_reg[399][1]
  Impl DFF        imp:/WORK/zigbee/DQPSK_CSK/Real_Sync_FIFO/mem_reg[399][1]

  Ref  DFF        ref:/WORK/zigbee/DQPSK_CSK/Real_Sync_FIFO/mem_reg[39][0]
  Impl DFF        imp:/WORK/zigbee/DQPSK_CSK/Real_Sync_FIFO/mem_reg[39][0]

  Ref  DFF        ref:/WORK/zigbee/DQPSK_CSK/Real_Sync_FIFO/mem_reg[39][1]
  Impl DFF        imp:/WORK/zigbee/DQPSK_CSK/Real_Sync_FIFO/mem_reg[39][1]

  Ref  DFF        ref:/WORK/zigbee/DQPSK_CSK/Real_Sync_FIFO/mem_reg[3][0]
  Impl DFF        imp:/WORK/zigbee/DQPSK_CSK/Real_Sync_FIFO/mem_reg[3][0]

  Ref  DFF        ref:/WORK/zigbee/DQPSK_CSK/Real_Sync_FIFO/mem_reg[3][1]
  Impl DFF        imp:/WORK/zigbee/DQPSK_CSK/Real_Sync_FIFO/mem_reg[3][1]

  Ref  DFF        ref:/WORK/zigbee/DQPSK_CSK/Real_Sync_FIFO/mem_reg[400][0]
  Impl DFF        imp:/WORK/zigbee/DQPSK_CSK/Real_Sync_FIFO/mem_reg[400][0]

  Ref  DFF        ref:/WORK/zigbee/DQPSK_CSK/Real_Sync_FIFO/mem_reg[400][1]
  Impl DFF        imp:/WORK/zigbee/DQPSK_CSK/Real_Sync_FIFO/mem_reg[400][1]

  Ref  DFF        ref:/WORK/zigbee/DQPSK_CSK/Real_Sync_FIFO/mem_reg[401][0]
  Impl DFF        imp:/WORK/zigbee/DQPSK_CSK/Real_Sync_FIFO/mem_reg[401][0]

  Ref  DFF        ref:/WORK/zigbee/DQPSK_CSK/Real_Sync_FIFO/mem_reg[401][1]
  Impl DFF        imp:/WORK/zigbee/DQPSK_CSK/Real_Sync_FIFO/mem_reg[401][1]

  Ref  DFF        ref:/WORK/zigbee/DQPSK_CSK/Real_Sync_FIFO/mem_reg[402][0]
  Impl DFF        imp:/WORK/zigbee/DQPSK_CSK/Real_Sync_FIFO/mem_reg[402][0]

  Ref  DFF        ref:/WORK/zigbee/DQPSK_CSK/Real_Sync_FIFO/mem_reg[402][1]
  Impl DFF        imp:/WORK/zigbee/DQPSK_CSK/Real_Sync_FIFO/mem_reg[402][1]

  Ref  DFF        ref:/WORK/zigbee/DQPSK_CSK/Real_Sync_FIFO/mem_reg[403][0]
  Impl DFF        imp:/WORK/zigbee/DQPSK_CSK/Real_Sync_FIFO/mem_reg[403][0]

  Ref  DFF        ref:/WORK/zigbee/DQPSK_CSK/Real_Sync_FIFO/mem_reg[403][1]
  Impl DFF        imp:/WORK/zigbee/DQPSK_CSK/Real_Sync_FIFO/mem_reg[403][1]

  Ref  DFF        ref:/WORK/zigbee/DQPSK_CSK/Real_Sync_FIFO/mem_reg[404][0]
  Impl DFF        imp:/WORK/zigbee/DQPSK_CSK/Real_Sync_FIFO/mem_reg[404][0]

  Ref  DFF        ref:/WORK/zigbee/DQPSK_CSK/Real_Sync_FIFO/mem_reg[404][1]
  Impl DFF        imp:/WORK/zigbee/DQPSK_CSK/Real_Sync_FIFO/mem_reg[404][1]

  Ref  DFF        ref:/WORK/zigbee/DQPSK_CSK/Real_Sync_FIFO/mem_reg[405][0]
  Impl DFF        imp:/WORK/zigbee/DQPSK_CSK/Real_Sync_FIFO/mem_reg[405][0]

  Ref  DFF        ref:/WORK/zigbee/DQPSK_CSK/Real_Sync_FIFO/mem_reg[405][1]
  Impl DFF        imp:/WORK/zigbee/DQPSK_CSK/Real_Sync_FIFO/mem_reg[405][1]

  Ref  DFF        ref:/WORK/zigbee/DQPSK_CSK/Real_Sync_FIFO/mem_reg[406][0]
  Impl DFF        imp:/WORK/zigbee/DQPSK_CSK/Real_Sync_FIFO/mem_reg[406][0]

  Ref  DFF        ref:/WORK/zigbee/DQPSK_CSK/Real_Sync_FIFO/mem_reg[406][1]
  Impl DFF        imp:/WORK/zigbee/DQPSK_CSK/Real_Sync_FIFO/mem_reg[406][1]

  Ref  DFF        ref:/WORK/zigbee/DQPSK_CSK/Real_Sync_FIFO/mem_reg[407][0]
  Impl DFF        imp:/WORK/zigbee/DQPSK_CSK/Real_Sync_FIFO/mem_reg[407][0]

  Ref  DFF        ref:/WORK/zigbee/DQPSK_CSK/Real_Sync_FIFO/mem_reg[407][1]
  Impl DFF        imp:/WORK/zigbee/DQPSK_CSK/Real_Sync_FIFO/mem_reg[407][1]

  Ref  DFF        ref:/WORK/zigbee/DQPSK_CSK/Real_Sync_FIFO/mem_reg[408][0]
  Impl DFF        imp:/WORK/zigbee/DQPSK_CSK/Real_Sync_FIFO/mem_reg[408][0]

  Ref  DFF        ref:/WORK/zigbee/DQPSK_CSK/Real_Sync_FIFO/mem_reg[408][1]
  Impl DFF        imp:/WORK/zigbee/DQPSK_CSK/Real_Sync_FIFO/mem_reg[408][1]

  Ref  DFF        ref:/WORK/zigbee/DQPSK_CSK/Real_Sync_FIFO/mem_reg[409][0]
  Impl DFF        imp:/WORK/zigbee/DQPSK_CSK/Real_Sync_FIFO/mem_reg[409][0]

  Ref  DFF        ref:/WORK/zigbee/DQPSK_CSK/Real_Sync_FIFO/mem_reg[409][1]
  Impl DFF        imp:/WORK/zigbee/DQPSK_CSK/Real_Sync_FIFO/mem_reg[409][1]

  Ref  DFF        ref:/WORK/zigbee/DQPSK_CSK/Real_Sync_FIFO/mem_reg[40][0]
  Impl DFF        imp:/WORK/zigbee/DQPSK_CSK/Real_Sync_FIFO/mem_reg[40][0]

  Ref  DFF        ref:/WORK/zigbee/DQPSK_CSK/Real_Sync_FIFO/mem_reg[40][1]
  Impl DFF        imp:/WORK/zigbee/DQPSK_CSK/Real_Sync_FIFO/mem_reg[40][1]

  Ref  DFF        ref:/WORK/zigbee/DQPSK_CSK/Real_Sync_FIFO/mem_reg[410][0]
  Impl DFF        imp:/WORK/zigbee/DQPSK_CSK/Real_Sync_FIFO/mem_reg[410][0]

  Ref  DFF        ref:/WORK/zigbee/DQPSK_CSK/Real_Sync_FIFO/mem_reg[410][1]
  Impl DFF        imp:/WORK/zigbee/DQPSK_CSK/Real_Sync_FIFO/mem_reg[410][1]

  Ref  DFF        ref:/WORK/zigbee/DQPSK_CSK/Real_Sync_FIFO/mem_reg[411][0]
  Impl DFF        imp:/WORK/zigbee/DQPSK_CSK/Real_Sync_FIFO/mem_reg[411][0]

  Ref  DFF        ref:/WORK/zigbee/DQPSK_CSK/Real_Sync_FIFO/mem_reg[411][1]
  Impl DFF        imp:/WORK/zigbee/DQPSK_CSK/Real_Sync_FIFO/mem_reg[411][1]

  Ref  DFF        ref:/WORK/zigbee/DQPSK_CSK/Real_Sync_FIFO/mem_reg[412][0]
  Impl DFF        imp:/WORK/zigbee/DQPSK_CSK/Real_Sync_FIFO/mem_reg[412][0]

  Ref  DFF        ref:/WORK/zigbee/DQPSK_CSK/Real_Sync_FIFO/mem_reg[412][1]
  Impl DFF        imp:/WORK/zigbee/DQPSK_CSK/Real_Sync_FIFO/mem_reg[412][1]

  Ref  DFF        ref:/WORK/zigbee/DQPSK_CSK/Real_Sync_FIFO/mem_reg[413][0]
  Impl DFF        imp:/WORK/zigbee/DQPSK_CSK/Real_Sync_FIFO/mem_reg[413][0]

  Ref  DFF        ref:/WORK/zigbee/DQPSK_CSK/Real_Sync_FIFO/mem_reg[413][1]
  Impl DFF        imp:/WORK/zigbee/DQPSK_CSK/Real_Sync_FIFO/mem_reg[413][1]

  Ref  DFF        ref:/WORK/zigbee/DQPSK_CSK/Real_Sync_FIFO/mem_reg[414][0]
  Impl DFF        imp:/WORK/zigbee/DQPSK_CSK/Real_Sync_FIFO/mem_reg[414][0]

  Ref  DFF        ref:/WORK/zigbee/DQPSK_CSK/Real_Sync_FIFO/mem_reg[414][1]
  Impl DFF        imp:/WORK/zigbee/DQPSK_CSK/Real_Sync_FIFO/mem_reg[414][1]

  Ref  DFF        ref:/WORK/zigbee/DQPSK_CSK/Real_Sync_FIFO/mem_reg[415][0]
  Impl DFF        imp:/WORK/zigbee/DQPSK_CSK/Real_Sync_FIFO/mem_reg[415][0]

  Ref  DFF        ref:/WORK/zigbee/DQPSK_CSK/Real_Sync_FIFO/mem_reg[415][1]
  Impl DFF        imp:/WORK/zigbee/DQPSK_CSK/Real_Sync_FIFO/mem_reg[415][1]

  Ref  DFF        ref:/WORK/zigbee/DQPSK_CSK/Real_Sync_FIFO/mem_reg[416][0]
  Impl DFF        imp:/WORK/zigbee/DQPSK_CSK/Real_Sync_FIFO/mem_reg[416][0]

  Ref  DFF        ref:/WORK/zigbee/DQPSK_CSK/Real_Sync_FIFO/mem_reg[416][1]
  Impl DFF        imp:/WORK/zigbee/DQPSK_CSK/Real_Sync_FIFO/mem_reg[416][1]

  Ref  DFF        ref:/WORK/zigbee/DQPSK_CSK/Real_Sync_FIFO/mem_reg[417][0]
  Impl DFF        imp:/WORK/zigbee/DQPSK_CSK/Real_Sync_FIFO/mem_reg[417][0]

  Ref  DFF        ref:/WORK/zigbee/DQPSK_CSK/Real_Sync_FIFO/mem_reg[417][1]
  Impl DFF        imp:/WORK/zigbee/DQPSK_CSK/Real_Sync_FIFO/mem_reg[417][1]

  Ref  DFF        ref:/WORK/zigbee/DQPSK_CSK/Real_Sync_FIFO/mem_reg[418][0]
  Impl DFF        imp:/WORK/zigbee/DQPSK_CSK/Real_Sync_FIFO/mem_reg[418][0]

  Ref  DFF        ref:/WORK/zigbee/DQPSK_CSK/Real_Sync_FIFO/mem_reg[418][1]
  Impl DFF        imp:/WORK/zigbee/DQPSK_CSK/Real_Sync_FIFO/mem_reg[418][1]

  Ref  DFF        ref:/WORK/zigbee/DQPSK_CSK/Real_Sync_FIFO/mem_reg[419][0]
  Impl DFF        imp:/WORK/zigbee/DQPSK_CSK/Real_Sync_FIFO/mem_reg[419][0]

  Ref  DFF        ref:/WORK/zigbee/DQPSK_CSK/Real_Sync_FIFO/mem_reg[419][1]
  Impl DFF        imp:/WORK/zigbee/DQPSK_CSK/Real_Sync_FIFO/mem_reg[419][1]

  Ref  DFF        ref:/WORK/zigbee/DQPSK_CSK/Real_Sync_FIFO/mem_reg[41][0]
  Impl DFF        imp:/WORK/zigbee/DQPSK_CSK/Real_Sync_FIFO/mem_reg[41][0]

  Ref  DFF        ref:/WORK/zigbee/DQPSK_CSK/Real_Sync_FIFO/mem_reg[41][1]
  Impl DFF        imp:/WORK/zigbee/DQPSK_CSK/Real_Sync_FIFO/mem_reg[41][1]

  Ref  DFF        ref:/WORK/zigbee/DQPSK_CSK/Real_Sync_FIFO/mem_reg[420][0]
  Impl DFF        imp:/WORK/zigbee/DQPSK_CSK/Real_Sync_FIFO/mem_reg[420][0]

  Ref  DFF        ref:/WORK/zigbee/DQPSK_CSK/Real_Sync_FIFO/mem_reg[420][1]
  Impl DFF        imp:/WORK/zigbee/DQPSK_CSK/Real_Sync_FIFO/mem_reg[420][1]

  Ref  DFF        ref:/WORK/zigbee/DQPSK_CSK/Real_Sync_FIFO/mem_reg[421][0]
  Impl DFF        imp:/WORK/zigbee/DQPSK_CSK/Real_Sync_FIFO/mem_reg[421][0]

  Ref  DFF        ref:/WORK/zigbee/DQPSK_CSK/Real_Sync_FIFO/mem_reg[421][1]
  Impl DFF        imp:/WORK/zigbee/DQPSK_CSK/Real_Sync_FIFO/mem_reg[421][1]

  Ref  DFF        ref:/WORK/zigbee/DQPSK_CSK/Real_Sync_FIFO/mem_reg[422][0]
  Impl DFF        imp:/WORK/zigbee/DQPSK_CSK/Real_Sync_FIFO/mem_reg[422][0]

  Ref  DFF        ref:/WORK/zigbee/DQPSK_CSK/Real_Sync_FIFO/mem_reg[422][1]
  Impl DFF        imp:/WORK/zigbee/DQPSK_CSK/Real_Sync_FIFO/mem_reg[422][1]

  Ref  DFF        ref:/WORK/zigbee/DQPSK_CSK/Real_Sync_FIFO/mem_reg[423][0]
  Impl DFF        imp:/WORK/zigbee/DQPSK_CSK/Real_Sync_FIFO/mem_reg[423][0]

  Ref  DFF        ref:/WORK/zigbee/DQPSK_CSK/Real_Sync_FIFO/mem_reg[423][1]
  Impl DFF        imp:/WORK/zigbee/DQPSK_CSK/Real_Sync_FIFO/mem_reg[423][1]

  Ref  DFF        ref:/WORK/zigbee/DQPSK_CSK/Real_Sync_FIFO/mem_reg[424][0]
  Impl DFF        imp:/WORK/zigbee/DQPSK_CSK/Real_Sync_FIFO/mem_reg[424][0]

  Ref  DFF        ref:/WORK/zigbee/DQPSK_CSK/Real_Sync_FIFO/mem_reg[424][1]
  Impl DFF        imp:/WORK/zigbee/DQPSK_CSK/Real_Sync_FIFO/mem_reg[424][1]

  Ref  DFF        ref:/WORK/zigbee/DQPSK_CSK/Real_Sync_FIFO/mem_reg[425][0]
  Impl DFF        imp:/WORK/zigbee/DQPSK_CSK/Real_Sync_FIFO/mem_reg[425][0]

  Ref  DFF        ref:/WORK/zigbee/DQPSK_CSK/Real_Sync_FIFO/mem_reg[425][1]
  Impl DFF        imp:/WORK/zigbee/DQPSK_CSK/Real_Sync_FIFO/mem_reg[425][1]

  Ref  DFF        ref:/WORK/zigbee/DQPSK_CSK/Real_Sync_FIFO/mem_reg[426][0]
  Impl DFF        imp:/WORK/zigbee/DQPSK_CSK/Real_Sync_FIFO/mem_reg[426][0]

  Ref  DFF        ref:/WORK/zigbee/DQPSK_CSK/Real_Sync_FIFO/mem_reg[426][1]
  Impl DFF        imp:/WORK/zigbee/DQPSK_CSK/Real_Sync_FIFO/mem_reg[426][1]

  Ref  DFF        ref:/WORK/zigbee/DQPSK_CSK/Real_Sync_FIFO/mem_reg[427][0]
  Impl DFF        imp:/WORK/zigbee/DQPSK_CSK/Real_Sync_FIFO/mem_reg[427][0]

  Ref  DFF        ref:/WORK/zigbee/DQPSK_CSK/Real_Sync_FIFO/mem_reg[427][1]
  Impl DFF        imp:/WORK/zigbee/DQPSK_CSK/Real_Sync_FIFO/mem_reg[427][1]

  Ref  DFF        ref:/WORK/zigbee/DQPSK_CSK/Real_Sync_FIFO/mem_reg[428][0]
  Impl DFF        imp:/WORK/zigbee/DQPSK_CSK/Real_Sync_FIFO/mem_reg[428][0]

  Ref  DFF        ref:/WORK/zigbee/DQPSK_CSK/Real_Sync_FIFO/mem_reg[428][1]
  Impl DFF        imp:/WORK/zigbee/DQPSK_CSK/Real_Sync_FIFO/mem_reg[428][1]

  Ref  DFF        ref:/WORK/zigbee/DQPSK_CSK/Real_Sync_FIFO/mem_reg[429][0]
  Impl DFF        imp:/WORK/zigbee/DQPSK_CSK/Real_Sync_FIFO/mem_reg[429][0]

  Ref  DFF        ref:/WORK/zigbee/DQPSK_CSK/Real_Sync_FIFO/mem_reg[429][1]
  Impl DFF        imp:/WORK/zigbee/DQPSK_CSK/Real_Sync_FIFO/mem_reg[429][1]

  Ref  DFF        ref:/WORK/zigbee/DQPSK_CSK/Real_Sync_FIFO/mem_reg[42][0]
  Impl DFF        imp:/WORK/zigbee/DQPSK_CSK/Real_Sync_FIFO/mem_reg[42][0]

  Ref  DFF        ref:/WORK/zigbee/DQPSK_CSK/Real_Sync_FIFO/mem_reg[42][1]
  Impl DFF        imp:/WORK/zigbee/DQPSK_CSK/Real_Sync_FIFO/mem_reg[42][1]

  Ref  DFF        ref:/WORK/zigbee/DQPSK_CSK/Real_Sync_FIFO/mem_reg[430][0]
  Impl DFF        imp:/WORK/zigbee/DQPSK_CSK/Real_Sync_FIFO/mem_reg[430][0]

  Ref  DFF        ref:/WORK/zigbee/DQPSK_CSK/Real_Sync_FIFO/mem_reg[430][1]
  Impl DFF        imp:/WORK/zigbee/DQPSK_CSK/Real_Sync_FIFO/mem_reg[430][1]

  Ref  DFF        ref:/WORK/zigbee/DQPSK_CSK/Real_Sync_FIFO/mem_reg[431][0]
  Impl DFF        imp:/WORK/zigbee/DQPSK_CSK/Real_Sync_FIFO/mem_reg[431][0]

  Ref  DFF        ref:/WORK/zigbee/DQPSK_CSK/Real_Sync_FIFO/mem_reg[431][1]
  Impl DFF        imp:/WORK/zigbee/DQPSK_CSK/Real_Sync_FIFO/mem_reg[431][1]

  Ref  DFF        ref:/WORK/zigbee/DQPSK_CSK/Real_Sync_FIFO/mem_reg[432][0]
  Impl DFF        imp:/WORK/zigbee/DQPSK_CSK/Real_Sync_FIFO/mem_reg[432][0]

  Ref  DFF        ref:/WORK/zigbee/DQPSK_CSK/Real_Sync_FIFO/mem_reg[432][1]
  Impl DFF        imp:/WORK/zigbee/DQPSK_CSK/Real_Sync_FIFO/mem_reg[432][1]

  Ref  DFF        ref:/WORK/zigbee/DQPSK_CSK/Real_Sync_FIFO/mem_reg[433][0]
  Impl DFF        imp:/WORK/zigbee/DQPSK_CSK/Real_Sync_FIFO/mem_reg[433][0]

  Ref  DFF        ref:/WORK/zigbee/DQPSK_CSK/Real_Sync_FIFO/mem_reg[433][1]
  Impl DFF        imp:/WORK/zigbee/DQPSK_CSK/Real_Sync_FIFO/mem_reg[433][1]

  Ref  DFF        ref:/WORK/zigbee/DQPSK_CSK/Real_Sync_FIFO/mem_reg[434][0]
  Impl DFF        imp:/WORK/zigbee/DQPSK_CSK/Real_Sync_FIFO/mem_reg[434][0]

  Ref  DFF        ref:/WORK/zigbee/DQPSK_CSK/Real_Sync_FIFO/mem_reg[434][1]
  Impl DFF        imp:/WORK/zigbee/DQPSK_CSK/Real_Sync_FIFO/mem_reg[434][1]

  Ref  DFF        ref:/WORK/zigbee/DQPSK_CSK/Real_Sync_FIFO/mem_reg[435][0]
  Impl DFF        imp:/WORK/zigbee/DQPSK_CSK/Real_Sync_FIFO/mem_reg[435][0]

  Ref  DFF        ref:/WORK/zigbee/DQPSK_CSK/Real_Sync_FIFO/mem_reg[435][1]
  Impl DFF        imp:/WORK/zigbee/DQPSK_CSK/Real_Sync_FIFO/mem_reg[435][1]

  Ref  DFF        ref:/WORK/zigbee/DQPSK_CSK/Real_Sync_FIFO/mem_reg[436][0]
  Impl DFF        imp:/WORK/zigbee/DQPSK_CSK/Real_Sync_FIFO/mem_reg[436][0]

  Ref  DFF        ref:/WORK/zigbee/DQPSK_CSK/Real_Sync_FIFO/mem_reg[436][1]
  Impl DFF        imp:/WORK/zigbee/DQPSK_CSK/Real_Sync_FIFO/mem_reg[436][1]

  Ref  DFF        ref:/WORK/zigbee/DQPSK_CSK/Real_Sync_FIFO/mem_reg[437][0]
  Impl DFF        imp:/WORK/zigbee/DQPSK_CSK/Real_Sync_FIFO/mem_reg[437][0]

  Ref  DFF        ref:/WORK/zigbee/DQPSK_CSK/Real_Sync_FIFO/mem_reg[437][1]
  Impl DFF        imp:/WORK/zigbee/DQPSK_CSK/Real_Sync_FIFO/mem_reg[437][1]

  Ref  DFF        ref:/WORK/zigbee/DQPSK_CSK/Real_Sync_FIFO/mem_reg[438][0]
  Impl DFF        imp:/WORK/zigbee/DQPSK_CSK/Real_Sync_FIFO/mem_reg[438][0]

  Ref  DFF        ref:/WORK/zigbee/DQPSK_CSK/Real_Sync_FIFO/mem_reg[438][1]
  Impl DFF        imp:/WORK/zigbee/DQPSK_CSK/Real_Sync_FIFO/mem_reg[438][1]

  Ref  DFF        ref:/WORK/zigbee/DQPSK_CSK/Real_Sync_FIFO/mem_reg[439][0]
  Impl DFF        imp:/WORK/zigbee/DQPSK_CSK/Real_Sync_FIFO/mem_reg[439][0]

  Ref  DFF        ref:/WORK/zigbee/DQPSK_CSK/Real_Sync_FIFO/mem_reg[439][1]
  Impl DFF        imp:/WORK/zigbee/DQPSK_CSK/Real_Sync_FIFO/mem_reg[439][1]

  Ref  DFF        ref:/WORK/zigbee/DQPSK_CSK/Real_Sync_FIFO/mem_reg[43][0]
  Impl DFF        imp:/WORK/zigbee/DQPSK_CSK/Real_Sync_FIFO/mem_reg[43][0]

  Ref  DFF        ref:/WORK/zigbee/DQPSK_CSK/Real_Sync_FIFO/mem_reg[43][1]
  Impl DFF        imp:/WORK/zigbee/DQPSK_CSK/Real_Sync_FIFO/mem_reg[43][1]

  Ref  DFF        ref:/WORK/zigbee/DQPSK_CSK/Real_Sync_FIFO/mem_reg[440][0]
  Impl DFF        imp:/WORK/zigbee/DQPSK_CSK/Real_Sync_FIFO/mem_reg[440][0]

  Ref  DFF        ref:/WORK/zigbee/DQPSK_CSK/Real_Sync_FIFO/mem_reg[440][1]
  Impl DFF        imp:/WORK/zigbee/DQPSK_CSK/Real_Sync_FIFO/mem_reg[440][1]

  Ref  DFF        ref:/WORK/zigbee/DQPSK_CSK/Real_Sync_FIFO/mem_reg[441][0]
  Impl DFF        imp:/WORK/zigbee/DQPSK_CSK/Real_Sync_FIFO/mem_reg[441][0]

  Ref  DFF        ref:/WORK/zigbee/DQPSK_CSK/Real_Sync_FIFO/mem_reg[441][1]
  Impl DFF        imp:/WORK/zigbee/DQPSK_CSK/Real_Sync_FIFO/mem_reg[441][1]

  Ref  DFF        ref:/WORK/zigbee/DQPSK_CSK/Real_Sync_FIFO/mem_reg[442][0]
  Impl DFF        imp:/WORK/zigbee/DQPSK_CSK/Real_Sync_FIFO/mem_reg[442][0]

  Ref  DFF        ref:/WORK/zigbee/DQPSK_CSK/Real_Sync_FIFO/mem_reg[442][1]
  Impl DFF        imp:/WORK/zigbee/DQPSK_CSK/Real_Sync_FIFO/mem_reg[442][1]

  Ref  DFF        ref:/WORK/zigbee/DQPSK_CSK/Real_Sync_FIFO/mem_reg[443][0]
  Impl DFF        imp:/WORK/zigbee/DQPSK_CSK/Real_Sync_FIFO/mem_reg[443][0]

  Ref  DFF        ref:/WORK/zigbee/DQPSK_CSK/Real_Sync_FIFO/mem_reg[443][1]
  Impl DFF        imp:/WORK/zigbee/DQPSK_CSK/Real_Sync_FIFO/mem_reg[443][1]

  Ref  DFF        ref:/WORK/zigbee/DQPSK_CSK/Real_Sync_FIFO/mem_reg[444][0]
  Impl DFF        imp:/WORK/zigbee/DQPSK_CSK/Real_Sync_FIFO/mem_reg[444][0]

  Ref  DFF        ref:/WORK/zigbee/DQPSK_CSK/Real_Sync_FIFO/mem_reg[444][1]
  Impl DFF        imp:/WORK/zigbee/DQPSK_CSK/Real_Sync_FIFO/mem_reg[444][1]

  Ref  DFF        ref:/WORK/zigbee/DQPSK_CSK/Real_Sync_FIFO/mem_reg[445][0]
  Impl DFF        imp:/WORK/zigbee/DQPSK_CSK/Real_Sync_FIFO/mem_reg[445][0]

  Ref  DFF        ref:/WORK/zigbee/DQPSK_CSK/Real_Sync_FIFO/mem_reg[445][1]
  Impl DFF        imp:/WORK/zigbee/DQPSK_CSK/Real_Sync_FIFO/mem_reg[445][1]

  Ref  DFF        ref:/WORK/zigbee/DQPSK_CSK/Real_Sync_FIFO/mem_reg[446][0]
  Impl DFF        imp:/WORK/zigbee/DQPSK_CSK/Real_Sync_FIFO/mem_reg[446][0]

  Ref  DFF        ref:/WORK/zigbee/DQPSK_CSK/Real_Sync_FIFO/mem_reg[446][1]
  Impl DFF        imp:/WORK/zigbee/DQPSK_CSK/Real_Sync_FIFO/mem_reg[446][1]

  Ref  DFF        ref:/WORK/zigbee/DQPSK_CSK/Real_Sync_FIFO/mem_reg[447][0]
  Impl DFF        imp:/WORK/zigbee/DQPSK_CSK/Real_Sync_FIFO/mem_reg[447][0]

  Ref  DFF        ref:/WORK/zigbee/DQPSK_CSK/Real_Sync_FIFO/mem_reg[447][1]
  Impl DFF        imp:/WORK/zigbee/DQPSK_CSK/Real_Sync_FIFO/mem_reg[447][1]

  Ref  DFF        ref:/WORK/zigbee/DQPSK_CSK/Real_Sync_FIFO/mem_reg[448][0]
  Impl DFF        imp:/WORK/zigbee/DQPSK_CSK/Real_Sync_FIFO/mem_reg[448][0]

  Ref  DFF        ref:/WORK/zigbee/DQPSK_CSK/Real_Sync_FIFO/mem_reg[448][1]
  Impl DFF        imp:/WORK/zigbee/DQPSK_CSK/Real_Sync_FIFO/mem_reg[448][1]

  Ref  DFF        ref:/WORK/zigbee/DQPSK_CSK/Real_Sync_FIFO/mem_reg[449][0]
  Impl DFF        imp:/WORK/zigbee/DQPSK_CSK/Real_Sync_FIFO/mem_reg[449][0]

  Ref  DFF        ref:/WORK/zigbee/DQPSK_CSK/Real_Sync_FIFO/mem_reg[449][1]
  Impl DFF        imp:/WORK/zigbee/DQPSK_CSK/Real_Sync_FIFO/mem_reg[449][1]

  Ref  DFF        ref:/WORK/zigbee/DQPSK_CSK/Real_Sync_FIFO/mem_reg[44][0]
  Impl DFF        imp:/WORK/zigbee/DQPSK_CSK/Real_Sync_FIFO/mem_reg[44][0]

  Ref  DFF        ref:/WORK/zigbee/DQPSK_CSK/Real_Sync_FIFO/mem_reg[44][1]
  Impl DFF        imp:/WORK/zigbee/DQPSK_CSK/Real_Sync_FIFO/mem_reg[44][1]

  Ref  DFF        ref:/WORK/zigbee/DQPSK_CSK/Real_Sync_FIFO/mem_reg[450][0]
  Impl DFF        imp:/WORK/zigbee/DQPSK_CSK/Real_Sync_FIFO/mem_reg[450][0]

  Ref  DFF        ref:/WORK/zigbee/DQPSK_CSK/Real_Sync_FIFO/mem_reg[450][1]
  Impl DFF        imp:/WORK/zigbee/DQPSK_CSK/Real_Sync_FIFO/mem_reg[450][1]

  Ref  DFF        ref:/WORK/zigbee/DQPSK_CSK/Real_Sync_FIFO/mem_reg[451][0]
  Impl DFF        imp:/WORK/zigbee/DQPSK_CSK/Real_Sync_FIFO/mem_reg[451][0]

  Ref  DFF        ref:/WORK/zigbee/DQPSK_CSK/Real_Sync_FIFO/mem_reg[451][1]
  Impl DFF        imp:/WORK/zigbee/DQPSK_CSK/Real_Sync_FIFO/mem_reg[451][1]

  Ref  DFF        ref:/WORK/zigbee/DQPSK_CSK/Real_Sync_FIFO/mem_reg[452][0]
  Impl DFF        imp:/WORK/zigbee/DQPSK_CSK/Real_Sync_FIFO/mem_reg[452][0]

  Ref  DFF        ref:/WORK/zigbee/DQPSK_CSK/Real_Sync_FIFO/mem_reg[452][1]
  Impl DFF        imp:/WORK/zigbee/DQPSK_CSK/Real_Sync_FIFO/mem_reg[452][1]

  Ref  DFF        ref:/WORK/zigbee/DQPSK_CSK/Real_Sync_FIFO/mem_reg[453][0]
  Impl DFF        imp:/WORK/zigbee/DQPSK_CSK/Real_Sync_FIFO/mem_reg[453][0]

  Ref  DFF        ref:/WORK/zigbee/DQPSK_CSK/Real_Sync_FIFO/mem_reg[453][1]
  Impl DFF        imp:/WORK/zigbee/DQPSK_CSK/Real_Sync_FIFO/mem_reg[453][1]

  Ref  DFF        ref:/WORK/zigbee/DQPSK_CSK/Real_Sync_FIFO/mem_reg[454][0]
  Impl DFF        imp:/WORK/zigbee/DQPSK_CSK/Real_Sync_FIFO/mem_reg[454][0]

  Ref  DFF        ref:/WORK/zigbee/DQPSK_CSK/Real_Sync_FIFO/mem_reg[454][1]
  Impl DFF        imp:/WORK/zigbee/DQPSK_CSK/Real_Sync_FIFO/mem_reg[454][1]

  Ref  DFF        ref:/WORK/zigbee/DQPSK_CSK/Real_Sync_FIFO/mem_reg[455][0]
  Impl DFF        imp:/WORK/zigbee/DQPSK_CSK/Real_Sync_FIFO/mem_reg[455][0]

  Ref  DFF        ref:/WORK/zigbee/DQPSK_CSK/Real_Sync_FIFO/mem_reg[455][1]
  Impl DFF        imp:/WORK/zigbee/DQPSK_CSK/Real_Sync_FIFO/mem_reg[455][1]

  Ref  DFF        ref:/WORK/zigbee/DQPSK_CSK/Real_Sync_FIFO/mem_reg[456][0]
  Impl DFF        imp:/WORK/zigbee/DQPSK_CSK/Real_Sync_FIFO/mem_reg[456][0]

  Ref  DFF        ref:/WORK/zigbee/DQPSK_CSK/Real_Sync_FIFO/mem_reg[456][1]
  Impl DFF        imp:/WORK/zigbee/DQPSK_CSK/Real_Sync_FIFO/mem_reg[456][1]

  Ref  DFF        ref:/WORK/zigbee/DQPSK_CSK/Real_Sync_FIFO/mem_reg[457][0]
  Impl DFF        imp:/WORK/zigbee/DQPSK_CSK/Real_Sync_FIFO/mem_reg[457][0]

  Ref  DFF        ref:/WORK/zigbee/DQPSK_CSK/Real_Sync_FIFO/mem_reg[457][1]
  Impl DFF        imp:/WORK/zigbee/DQPSK_CSK/Real_Sync_FIFO/mem_reg[457][1]

  Ref  DFF        ref:/WORK/zigbee/DQPSK_CSK/Real_Sync_FIFO/mem_reg[458][0]
  Impl DFF        imp:/WORK/zigbee/DQPSK_CSK/Real_Sync_FIFO/mem_reg[458][0]

  Ref  DFF        ref:/WORK/zigbee/DQPSK_CSK/Real_Sync_FIFO/mem_reg[458][1]
  Impl DFF        imp:/WORK/zigbee/DQPSK_CSK/Real_Sync_FIFO/mem_reg[458][1]

  Ref  DFF        ref:/WORK/zigbee/DQPSK_CSK/Real_Sync_FIFO/mem_reg[459][0]
  Impl DFF        imp:/WORK/zigbee/DQPSK_CSK/Real_Sync_FIFO/mem_reg[459][0]

  Ref  DFF        ref:/WORK/zigbee/DQPSK_CSK/Real_Sync_FIFO/mem_reg[459][1]
  Impl DFF        imp:/WORK/zigbee/DQPSK_CSK/Real_Sync_FIFO/mem_reg[459][1]

  Ref  DFF        ref:/WORK/zigbee/DQPSK_CSK/Real_Sync_FIFO/mem_reg[45][0]
  Impl DFF        imp:/WORK/zigbee/DQPSK_CSK/Real_Sync_FIFO/mem_reg[45][0]

  Ref  DFF        ref:/WORK/zigbee/DQPSK_CSK/Real_Sync_FIFO/mem_reg[45][1]
  Impl DFF        imp:/WORK/zigbee/DQPSK_CSK/Real_Sync_FIFO/mem_reg[45][1]

  Ref  DFF        ref:/WORK/zigbee/DQPSK_CSK/Real_Sync_FIFO/mem_reg[460][0]
  Impl DFF        imp:/WORK/zigbee/DQPSK_CSK/Real_Sync_FIFO/mem_reg[460][0]

  Ref  DFF        ref:/WORK/zigbee/DQPSK_CSK/Real_Sync_FIFO/mem_reg[460][1]
  Impl DFF        imp:/WORK/zigbee/DQPSK_CSK/Real_Sync_FIFO/mem_reg[460][1]

  Ref  DFF        ref:/WORK/zigbee/DQPSK_CSK/Real_Sync_FIFO/mem_reg[461][0]
  Impl DFF        imp:/WORK/zigbee/DQPSK_CSK/Real_Sync_FIFO/mem_reg[461][0]

  Ref  DFF        ref:/WORK/zigbee/DQPSK_CSK/Real_Sync_FIFO/mem_reg[461][1]
  Impl DFF        imp:/WORK/zigbee/DQPSK_CSK/Real_Sync_FIFO/mem_reg[461][1]

  Ref  DFF        ref:/WORK/zigbee/DQPSK_CSK/Real_Sync_FIFO/mem_reg[462][0]
  Impl DFF        imp:/WORK/zigbee/DQPSK_CSK/Real_Sync_FIFO/mem_reg[462][0]

  Ref  DFF        ref:/WORK/zigbee/DQPSK_CSK/Real_Sync_FIFO/mem_reg[462][1]
  Impl DFF        imp:/WORK/zigbee/DQPSK_CSK/Real_Sync_FIFO/mem_reg[462][1]

  Ref  DFF        ref:/WORK/zigbee/DQPSK_CSK/Real_Sync_FIFO/mem_reg[463][0]
  Impl DFF        imp:/WORK/zigbee/DQPSK_CSK/Real_Sync_FIFO/mem_reg[463][0]

  Ref  DFF        ref:/WORK/zigbee/DQPSK_CSK/Real_Sync_FIFO/mem_reg[463][1]
  Impl DFF        imp:/WORK/zigbee/DQPSK_CSK/Real_Sync_FIFO/mem_reg[463][1]

  Ref  DFF        ref:/WORK/zigbee/DQPSK_CSK/Real_Sync_FIFO/mem_reg[464][0]
  Impl DFF        imp:/WORK/zigbee/DQPSK_CSK/Real_Sync_FIFO/mem_reg[464][0]

  Ref  DFF        ref:/WORK/zigbee/DQPSK_CSK/Real_Sync_FIFO/mem_reg[464][1]
  Impl DFF        imp:/WORK/zigbee/DQPSK_CSK/Real_Sync_FIFO/mem_reg[464][1]

  Ref  DFF        ref:/WORK/zigbee/DQPSK_CSK/Real_Sync_FIFO/mem_reg[465][0]
  Impl DFF        imp:/WORK/zigbee/DQPSK_CSK/Real_Sync_FIFO/mem_reg[465][0]

  Ref  DFF        ref:/WORK/zigbee/DQPSK_CSK/Real_Sync_FIFO/mem_reg[465][1]
  Impl DFF        imp:/WORK/zigbee/DQPSK_CSK/Real_Sync_FIFO/mem_reg[465][1]

  Ref  DFF        ref:/WORK/zigbee/DQPSK_CSK/Real_Sync_FIFO/mem_reg[466][0]
  Impl DFF        imp:/WORK/zigbee/DQPSK_CSK/Real_Sync_FIFO/mem_reg[466][0]

  Ref  DFF        ref:/WORK/zigbee/DQPSK_CSK/Real_Sync_FIFO/mem_reg[466][1]
  Impl DFF        imp:/WORK/zigbee/DQPSK_CSK/Real_Sync_FIFO/mem_reg[466][1]

  Ref  DFF        ref:/WORK/zigbee/DQPSK_CSK/Real_Sync_FIFO/mem_reg[467][0]
  Impl DFF        imp:/WORK/zigbee/DQPSK_CSK/Real_Sync_FIFO/mem_reg[467][0]

  Ref  DFF        ref:/WORK/zigbee/DQPSK_CSK/Real_Sync_FIFO/mem_reg[467][1]
  Impl DFF        imp:/WORK/zigbee/DQPSK_CSK/Real_Sync_FIFO/mem_reg[467][1]

  Ref  DFF        ref:/WORK/zigbee/DQPSK_CSK/Real_Sync_FIFO/mem_reg[468][0]
  Impl DFF        imp:/WORK/zigbee/DQPSK_CSK/Real_Sync_FIFO/mem_reg[468][0]

  Ref  DFF        ref:/WORK/zigbee/DQPSK_CSK/Real_Sync_FIFO/mem_reg[468][1]
  Impl DFF        imp:/WORK/zigbee/DQPSK_CSK/Real_Sync_FIFO/mem_reg[468][1]

  Ref  DFF        ref:/WORK/zigbee/DQPSK_CSK/Real_Sync_FIFO/mem_reg[469][0]
  Impl DFF        imp:/WORK/zigbee/DQPSK_CSK/Real_Sync_FIFO/mem_reg[469][0]

  Ref  DFF        ref:/WORK/zigbee/DQPSK_CSK/Real_Sync_FIFO/mem_reg[469][1]
  Impl DFF        imp:/WORK/zigbee/DQPSK_CSK/Real_Sync_FIFO/mem_reg[469][1]

  Ref  DFF        ref:/WORK/zigbee/DQPSK_CSK/Real_Sync_FIFO/mem_reg[46][0]
  Impl DFF        imp:/WORK/zigbee/DQPSK_CSK/Real_Sync_FIFO/mem_reg[46][0]

  Ref  DFF        ref:/WORK/zigbee/DQPSK_CSK/Real_Sync_FIFO/mem_reg[46][1]
  Impl DFF        imp:/WORK/zigbee/DQPSK_CSK/Real_Sync_FIFO/mem_reg[46][1]

  Ref  DFF        ref:/WORK/zigbee/DQPSK_CSK/Real_Sync_FIFO/mem_reg[470][0]
  Impl DFF        imp:/WORK/zigbee/DQPSK_CSK/Real_Sync_FIFO/mem_reg[470][0]

  Ref  DFF        ref:/WORK/zigbee/DQPSK_CSK/Real_Sync_FIFO/mem_reg[470][1]
  Impl DFF        imp:/WORK/zigbee/DQPSK_CSK/Real_Sync_FIFO/mem_reg[470][1]

  Ref  DFF        ref:/WORK/zigbee/DQPSK_CSK/Real_Sync_FIFO/mem_reg[471][0]
  Impl DFF        imp:/WORK/zigbee/DQPSK_CSK/Real_Sync_FIFO/mem_reg[471][0]

  Ref  DFF        ref:/WORK/zigbee/DQPSK_CSK/Real_Sync_FIFO/mem_reg[471][1]
  Impl DFF        imp:/WORK/zigbee/DQPSK_CSK/Real_Sync_FIFO/mem_reg[471][1]

  Ref  DFF        ref:/WORK/zigbee/DQPSK_CSK/Real_Sync_FIFO/mem_reg[472][0]
  Impl DFF        imp:/WORK/zigbee/DQPSK_CSK/Real_Sync_FIFO/mem_reg[472][0]

  Ref  DFF        ref:/WORK/zigbee/DQPSK_CSK/Real_Sync_FIFO/mem_reg[472][1]
  Impl DFF        imp:/WORK/zigbee/DQPSK_CSK/Real_Sync_FIFO/mem_reg[472][1]

  Ref  DFF        ref:/WORK/zigbee/DQPSK_CSK/Real_Sync_FIFO/mem_reg[473][0]
  Impl DFF        imp:/WORK/zigbee/DQPSK_CSK/Real_Sync_FIFO/mem_reg[473][0]

  Ref  DFF        ref:/WORK/zigbee/DQPSK_CSK/Real_Sync_FIFO/mem_reg[473][1]
  Impl DFF        imp:/WORK/zigbee/DQPSK_CSK/Real_Sync_FIFO/mem_reg[473][1]

  Ref  DFF        ref:/WORK/zigbee/DQPSK_CSK/Real_Sync_FIFO/mem_reg[474][0]
  Impl DFF        imp:/WORK/zigbee/DQPSK_CSK/Real_Sync_FIFO/mem_reg[474][0]

  Ref  DFF        ref:/WORK/zigbee/DQPSK_CSK/Real_Sync_FIFO/mem_reg[474][1]
  Impl DFF        imp:/WORK/zigbee/DQPSK_CSK/Real_Sync_FIFO/mem_reg[474][1]

  Ref  DFF        ref:/WORK/zigbee/DQPSK_CSK/Real_Sync_FIFO/mem_reg[475][0]
  Impl DFF        imp:/WORK/zigbee/DQPSK_CSK/Real_Sync_FIFO/mem_reg[475][0]

  Ref  DFF        ref:/WORK/zigbee/DQPSK_CSK/Real_Sync_FIFO/mem_reg[475][1]
  Impl DFF        imp:/WORK/zigbee/DQPSK_CSK/Real_Sync_FIFO/mem_reg[475][1]

  Ref  DFF        ref:/WORK/zigbee/DQPSK_CSK/Real_Sync_FIFO/mem_reg[476][0]
  Impl DFF        imp:/WORK/zigbee/DQPSK_CSK/Real_Sync_FIFO/mem_reg[476][0]

  Ref  DFF        ref:/WORK/zigbee/DQPSK_CSK/Real_Sync_FIFO/mem_reg[476][1]
  Impl DFF        imp:/WORK/zigbee/DQPSK_CSK/Real_Sync_FIFO/mem_reg[476][1]

  Ref  DFF        ref:/WORK/zigbee/DQPSK_CSK/Real_Sync_FIFO/mem_reg[477][0]
  Impl DFF        imp:/WORK/zigbee/DQPSK_CSK/Real_Sync_FIFO/mem_reg[477][0]

  Ref  DFF        ref:/WORK/zigbee/DQPSK_CSK/Real_Sync_FIFO/mem_reg[477][1]
  Impl DFF        imp:/WORK/zigbee/DQPSK_CSK/Real_Sync_FIFO/mem_reg[477][1]

  Ref  DFF        ref:/WORK/zigbee/DQPSK_CSK/Real_Sync_FIFO/mem_reg[478][0]
  Impl DFF        imp:/WORK/zigbee/DQPSK_CSK/Real_Sync_FIFO/mem_reg[478][0]

  Ref  DFF        ref:/WORK/zigbee/DQPSK_CSK/Real_Sync_FIFO/mem_reg[478][1]
  Impl DFF        imp:/WORK/zigbee/DQPSK_CSK/Real_Sync_FIFO/mem_reg[478][1]

  Ref  DFF        ref:/WORK/zigbee/DQPSK_CSK/Real_Sync_FIFO/mem_reg[479][0]
  Impl DFF        imp:/WORK/zigbee/DQPSK_CSK/Real_Sync_FIFO/mem_reg[479][0]

  Ref  DFF        ref:/WORK/zigbee/DQPSK_CSK/Real_Sync_FIFO/mem_reg[479][1]
  Impl DFF        imp:/WORK/zigbee/DQPSK_CSK/Real_Sync_FIFO/mem_reg[479][1]

  Ref  DFF        ref:/WORK/zigbee/DQPSK_CSK/Real_Sync_FIFO/mem_reg[47][0]
  Impl DFF        imp:/WORK/zigbee/DQPSK_CSK/Real_Sync_FIFO/mem_reg[47][0]

  Ref  DFF        ref:/WORK/zigbee/DQPSK_CSK/Real_Sync_FIFO/mem_reg[47][1]
  Impl DFF        imp:/WORK/zigbee/DQPSK_CSK/Real_Sync_FIFO/mem_reg[47][1]

  Ref  DFF        ref:/WORK/zigbee/DQPSK_CSK/Real_Sync_FIFO/mem_reg[480][0]
  Impl DFF        imp:/WORK/zigbee/DQPSK_CSK/Real_Sync_FIFO/mem_reg[480][0]

  Ref  DFF        ref:/WORK/zigbee/DQPSK_CSK/Real_Sync_FIFO/mem_reg[480][1]
  Impl DFF        imp:/WORK/zigbee/DQPSK_CSK/Real_Sync_FIFO/mem_reg[480][1]

  Ref  DFF        ref:/WORK/zigbee/DQPSK_CSK/Real_Sync_FIFO/mem_reg[481][0]
  Impl DFF        imp:/WORK/zigbee/DQPSK_CSK/Real_Sync_FIFO/mem_reg[481][0]

  Ref  DFF        ref:/WORK/zigbee/DQPSK_CSK/Real_Sync_FIFO/mem_reg[481][1]
  Impl DFF        imp:/WORK/zigbee/DQPSK_CSK/Real_Sync_FIFO/mem_reg[481][1]

  Ref  DFF        ref:/WORK/zigbee/DQPSK_CSK/Real_Sync_FIFO/mem_reg[482][0]
  Impl DFF        imp:/WORK/zigbee/DQPSK_CSK/Real_Sync_FIFO/mem_reg[482][0]

  Ref  DFF        ref:/WORK/zigbee/DQPSK_CSK/Real_Sync_FIFO/mem_reg[482][1]
  Impl DFF        imp:/WORK/zigbee/DQPSK_CSK/Real_Sync_FIFO/mem_reg[482][1]

  Ref  DFF        ref:/WORK/zigbee/DQPSK_CSK/Real_Sync_FIFO/mem_reg[483][0]
  Impl DFF        imp:/WORK/zigbee/DQPSK_CSK/Real_Sync_FIFO/mem_reg[483][0]

  Ref  DFF        ref:/WORK/zigbee/DQPSK_CSK/Real_Sync_FIFO/mem_reg[483][1]
  Impl DFF        imp:/WORK/zigbee/DQPSK_CSK/Real_Sync_FIFO/mem_reg[483][1]

  Ref  DFF        ref:/WORK/zigbee/DQPSK_CSK/Real_Sync_FIFO/mem_reg[484][0]
  Impl DFF        imp:/WORK/zigbee/DQPSK_CSK/Real_Sync_FIFO/mem_reg[484][0]

  Ref  DFF        ref:/WORK/zigbee/DQPSK_CSK/Real_Sync_FIFO/mem_reg[484][1]
  Impl DFF        imp:/WORK/zigbee/DQPSK_CSK/Real_Sync_FIFO/mem_reg[484][1]

  Ref  DFF        ref:/WORK/zigbee/DQPSK_CSK/Real_Sync_FIFO/mem_reg[485][0]
  Impl DFF        imp:/WORK/zigbee/DQPSK_CSK/Real_Sync_FIFO/mem_reg[485][0]

  Ref  DFF        ref:/WORK/zigbee/DQPSK_CSK/Real_Sync_FIFO/mem_reg[485][1]
  Impl DFF        imp:/WORK/zigbee/DQPSK_CSK/Real_Sync_FIFO/mem_reg[485][1]

  Ref  DFF        ref:/WORK/zigbee/DQPSK_CSK/Real_Sync_FIFO/mem_reg[486][0]
  Impl DFF        imp:/WORK/zigbee/DQPSK_CSK/Real_Sync_FIFO/mem_reg[486][0]

  Ref  DFF        ref:/WORK/zigbee/DQPSK_CSK/Real_Sync_FIFO/mem_reg[486][1]
  Impl DFF        imp:/WORK/zigbee/DQPSK_CSK/Real_Sync_FIFO/mem_reg[486][1]

  Ref  DFF        ref:/WORK/zigbee/DQPSK_CSK/Real_Sync_FIFO/mem_reg[487][0]
  Impl DFF        imp:/WORK/zigbee/DQPSK_CSK/Real_Sync_FIFO/mem_reg[487][0]

  Ref  DFF        ref:/WORK/zigbee/DQPSK_CSK/Real_Sync_FIFO/mem_reg[487][1]
  Impl DFF        imp:/WORK/zigbee/DQPSK_CSK/Real_Sync_FIFO/mem_reg[487][1]

  Ref  DFF        ref:/WORK/zigbee/DQPSK_CSK/Real_Sync_FIFO/mem_reg[488][0]
  Impl DFF        imp:/WORK/zigbee/DQPSK_CSK/Real_Sync_FIFO/mem_reg[488][0]

  Ref  DFF        ref:/WORK/zigbee/DQPSK_CSK/Real_Sync_FIFO/mem_reg[488][1]
  Impl DFF        imp:/WORK/zigbee/DQPSK_CSK/Real_Sync_FIFO/mem_reg[488][1]

  Ref  DFF        ref:/WORK/zigbee/DQPSK_CSK/Real_Sync_FIFO/mem_reg[489][0]
  Impl DFF        imp:/WORK/zigbee/DQPSK_CSK/Real_Sync_FIFO/mem_reg[489][0]

  Ref  DFF        ref:/WORK/zigbee/DQPSK_CSK/Real_Sync_FIFO/mem_reg[489][1]
  Impl DFF        imp:/WORK/zigbee/DQPSK_CSK/Real_Sync_FIFO/mem_reg[489][1]

  Ref  DFF        ref:/WORK/zigbee/DQPSK_CSK/Real_Sync_FIFO/mem_reg[48][0]
  Impl DFF        imp:/WORK/zigbee/DQPSK_CSK/Real_Sync_FIFO/mem_reg[48][0]

  Ref  DFF        ref:/WORK/zigbee/DQPSK_CSK/Real_Sync_FIFO/mem_reg[48][1]
  Impl DFF        imp:/WORK/zigbee/DQPSK_CSK/Real_Sync_FIFO/mem_reg[48][1]

  Ref  DFF        ref:/WORK/zigbee/DQPSK_CSK/Real_Sync_FIFO/mem_reg[490][0]
  Impl DFF        imp:/WORK/zigbee/DQPSK_CSK/Real_Sync_FIFO/mem_reg[490][0]

  Ref  DFF        ref:/WORK/zigbee/DQPSK_CSK/Real_Sync_FIFO/mem_reg[490][1]
  Impl DFF        imp:/WORK/zigbee/DQPSK_CSK/Real_Sync_FIFO/mem_reg[490][1]

  Ref  DFF        ref:/WORK/zigbee/DQPSK_CSK/Real_Sync_FIFO/mem_reg[491][0]
  Impl DFF        imp:/WORK/zigbee/DQPSK_CSK/Real_Sync_FIFO/mem_reg[491][0]

  Ref  DFF        ref:/WORK/zigbee/DQPSK_CSK/Real_Sync_FIFO/mem_reg[491][1]
  Impl DFF        imp:/WORK/zigbee/DQPSK_CSK/Real_Sync_FIFO/mem_reg[491][1]

  Ref  DFF        ref:/WORK/zigbee/DQPSK_CSK/Real_Sync_FIFO/mem_reg[492][0]
  Impl DFF        imp:/WORK/zigbee/DQPSK_CSK/Real_Sync_FIFO/mem_reg[492][0]

  Ref  DFF        ref:/WORK/zigbee/DQPSK_CSK/Real_Sync_FIFO/mem_reg[492][1]
  Impl DFF        imp:/WORK/zigbee/DQPSK_CSK/Real_Sync_FIFO/mem_reg[492][1]

  Ref  DFF        ref:/WORK/zigbee/DQPSK_CSK/Real_Sync_FIFO/mem_reg[493][0]
  Impl DFF        imp:/WORK/zigbee/DQPSK_CSK/Real_Sync_FIFO/mem_reg[493][0]

  Ref  DFF        ref:/WORK/zigbee/DQPSK_CSK/Real_Sync_FIFO/mem_reg[493][1]
  Impl DFF        imp:/WORK/zigbee/DQPSK_CSK/Real_Sync_FIFO/mem_reg[493][1]

  Ref  DFF        ref:/WORK/zigbee/DQPSK_CSK/Real_Sync_FIFO/mem_reg[494][0]
  Impl DFF        imp:/WORK/zigbee/DQPSK_CSK/Real_Sync_FIFO/mem_reg[494][0]

  Ref  DFF        ref:/WORK/zigbee/DQPSK_CSK/Real_Sync_FIFO/mem_reg[494][1]
  Impl DFF        imp:/WORK/zigbee/DQPSK_CSK/Real_Sync_FIFO/mem_reg[494][1]

  Ref  DFF        ref:/WORK/zigbee/DQPSK_CSK/Real_Sync_FIFO/mem_reg[495][0]
  Impl DFF        imp:/WORK/zigbee/DQPSK_CSK/Real_Sync_FIFO/mem_reg[495][0]

  Ref  DFF        ref:/WORK/zigbee/DQPSK_CSK/Real_Sync_FIFO/mem_reg[495][1]
  Impl DFF        imp:/WORK/zigbee/DQPSK_CSK/Real_Sync_FIFO/mem_reg[495][1]

  Ref  DFF        ref:/WORK/zigbee/DQPSK_CSK/Real_Sync_FIFO/mem_reg[496][0]
  Impl DFF        imp:/WORK/zigbee/DQPSK_CSK/Real_Sync_FIFO/mem_reg[496][0]

  Ref  DFF        ref:/WORK/zigbee/DQPSK_CSK/Real_Sync_FIFO/mem_reg[496][1]
  Impl DFF        imp:/WORK/zigbee/DQPSK_CSK/Real_Sync_FIFO/mem_reg[496][1]

  Ref  DFF        ref:/WORK/zigbee/DQPSK_CSK/Real_Sync_FIFO/mem_reg[497][0]
  Impl DFF        imp:/WORK/zigbee/DQPSK_CSK/Real_Sync_FIFO/mem_reg[497][0]

  Ref  DFF        ref:/WORK/zigbee/DQPSK_CSK/Real_Sync_FIFO/mem_reg[497][1]
  Impl DFF        imp:/WORK/zigbee/DQPSK_CSK/Real_Sync_FIFO/mem_reg[497][1]

  Ref  DFF        ref:/WORK/zigbee/DQPSK_CSK/Real_Sync_FIFO/mem_reg[498][0]
  Impl DFF        imp:/WORK/zigbee/DQPSK_CSK/Real_Sync_FIFO/mem_reg[498][0]

  Ref  DFF        ref:/WORK/zigbee/DQPSK_CSK/Real_Sync_FIFO/mem_reg[498][1]
  Impl DFF        imp:/WORK/zigbee/DQPSK_CSK/Real_Sync_FIFO/mem_reg[498][1]

  Ref  DFF        ref:/WORK/zigbee/DQPSK_CSK/Real_Sync_FIFO/mem_reg[499][0]
  Impl DFF        imp:/WORK/zigbee/DQPSK_CSK/Real_Sync_FIFO/mem_reg[499][0]

  Ref  DFF        ref:/WORK/zigbee/DQPSK_CSK/Real_Sync_FIFO/mem_reg[499][1]
  Impl DFF        imp:/WORK/zigbee/DQPSK_CSK/Real_Sync_FIFO/mem_reg[499][1]

  Ref  DFF        ref:/WORK/zigbee/DQPSK_CSK/Real_Sync_FIFO/mem_reg[49][0]
  Impl DFF        imp:/WORK/zigbee/DQPSK_CSK/Real_Sync_FIFO/mem_reg[49][0]

  Ref  DFF        ref:/WORK/zigbee/DQPSK_CSK/Real_Sync_FIFO/mem_reg[49][1]
  Impl DFF        imp:/WORK/zigbee/DQPSK_CSK/Real_Sync_FIFO/mem_reg[49][1]

  Ref  DFF        ref:/WORK/zigbee/DQPSK_CSK/Real_Sync_FIFO/mem_reg[4][0]
  Impl DFF        imp:/WORK/zigbee/DQPSK_CSK/Real_Sync_FIFO/mem_reg[4][0]

  Ref  DFF        ref:/WORK/zigbee/DQPSK_CSK/Real_Sync_FIFO/mem_reg[4][1]
  Impl DFF        imp:/WORK/zigbee/DQPSK_CSK/Real_Sync_FIFO/mem_reg[4][1]

  Ref  DFF        ref:/WORK/zigbee/DQPSK_CSK/Real_Sync_FIFO/mem_reg[500][0]
  Impl DFF        imp:/WORK/zigbee/DQPSK_CSK/Real_Sync_FIFO/mem_reg[500][0]

  Ref  DFF        ref:/WORK/zigbee/DQPSK_CSK/Real_Sync_FIFO/mem_reg[500][1]
  Impl DFF        imp:/WORK/zigbee/DQPSK_CSK/Real_Sync_FIFO/mem_reg[500][1]

  Ref  DFF        ref:/WORK/zigbee/DQPSK_CSK/Real_Sync_FIFO/mem_reg[501][0]
  Impl DFF        imp:/WORK/zigbee/DQPSK_CSK/Real_Sync_FIFO/mem_reg[501][0]

  Ref  DFF        ref:/WORK/zigbee/DQPSK_CSK/Real_Sync_FIFO/mem_reg[501][1]
  Impl DFF        imp:/WORK/zigbee/DQPSK_CSK/Real_Sync_FIFO/mem_reg[501][1]

  Ref  DFF        ref:/WORK/zigbee/DQPSK_CSK/Real_Sync_FIFO/mem_reg[502][0]
  Impl DFF        imp:/WORK/zigbee/DQPSK_CSK/Real_Sync_FIFO/mem_reg[502][0]

  Ref  DFF        ref:/WORK/zigbee/DQPSK_CSK/Real_Sync_FIFO/mem_reg[502][1]
  Impl DFF        imp:/WORK/zigbee/DQPSK_CSK/Real_Sync_FIFO/mem_reg[502][1]

  Ref  DFF        ref:/WORK/zigbee/DQPSK_CSK/Real_Sync_FIFO/mem_reg[503][0]
  Impl DFF        imp:/WORK/zigbee/DQPSK_CSK/Real_Sync_FIFO/mem_reg[503][0]

  Ref  DFF        ref:/WORK/zigbee/DQPSK_CSK/Real_Sync_FIFO/mem_reg[503][1]
  Impl DFF        imp:/WORK/zigbee/DQPSK_CSK/Real_Sync_FIFO/mem_reg[503][1]

  Ref  DFF        ref:/WORK/zigbee/DQPSK_CSK/Real_Sync_FIFO/mem_reg[504][0]
  Impl DFF        imp:/WORK/zigbee/DQPSK_CSK/Real_Sync_FIFO/mem_reg[504][0]

  Ref  DFF        ref:/WORK/zigbee/DQPSK_CSK/Real_Sync_FIFO/mem_reg[504][1]
  Impl DFF        imp:/WORK/zigbee/DQPSK_CSK/Real_Sync_FIFO/mem_reg[504][1]

  Ref  DFF        ref:/WORK/zigbee/DQPSK_CSK/Real_Sync_FIFO/mem_reg[505][0]
  Impl DFF        imp:/WORK/zigbee/DQPSK_CSK/Real_Sync_FIFO/mem_reg[505][0]

  Ref  DFF        ref:/WORK/zigbee/DQPSK_CSK/Real_Sync_FIFO/mem_reg[505][1]
  Impl DFF        imp:/WORK/zigbee/DQPSK_CSK/Real_Sync_FIFO/mem_reg[505][1]

  Ref  DFF        ref:/WORK/zigbee/DQPSK_CSK/Real_Sync_FIFO/mem_reg[506][0]
  Impl DFF        imp:/WORK/zigbee/DQPSK_CSK/Real_Sync_FIFO/mem_reg[506][0]

  Ref  DFF        ref:/WORK/zigbee/DQPSK_CSK/Real_Sync_FIFO/mem_reg[506][1]
  Impl DFF        imp:/WORK/zigbee/DQPSK_CSK/Real_Sync_FIFO/mem_reg[506][1]

  Ref  DFF        ref:/WORK/zigbee/DQPSK_CSK/Real_Sync_FIFO/mem_reg[507][0]
  Impl DFF        imp:/WORK/zigbee/DQPSK_CSK/Real_Sync_FIFO/mem_reg[507][0]

  Ref  DFF        ref:/WORK/zigbee/DQPSK_CSK/Real_Sync_FIFO/mem_reg[507][1]
  Impl DFF        imp:/WORK/zigbee/DQPSK_CSK/Real_Sync_FIFO/mem_reg[507][1]

  Ref  DFF        ref:/WORK/zigbee/DQPSK_CSK/Real_Sync_FIFO/mem_reg[508][0]
  Impl DFF        imp:/WORK/zigbee/DQPSK_CSK/Real_Sync_FIFO/mem_reg[508][0]

  Ref  DFF        ref:/WORK/zigbee/DQPSK_CSK/Real_Sync_FIFO/mem_reg[508][1]
  Impl DFF        imp:/WORK/zigbee/DQPSK_CSK/Real_Sync_FIFO/mem_reg[508][1]

  Ref  DFF        ref:/WORK/zigbee/DQPSK_CSK/Real_Sync_FIFO/mem_reg[509][0]
  Impl DFF        imp:/WORK/zigbee/DQPSK_CSK/Real_Sync_FIFO/mem_reg[509][0]

  Ref  DFF        ref:/WORK/zigbee/DQPSK_CSK/Real_Sync_FIFO/mem_reg[509][1]
  Impl DFF        imp:/WORK/zigbee/DQPSK_CSK/Real_Sync_FIFO/mem_reg[509][1]

  Ref  DFF        ref:/WORK/zigbee/DQPSK_CSK/Real_Sync_FIFO/mem_reg[50][0]
  Impl DFF        imp:/WORK/zigbee/DQPSK_CSK/Real_Sync_FIFO/mem_reg[50][0]

  Ref  DFF        ref:/WORK/zigbee/DQPSK_CSK/Real_Sync_FIFO/mem_reg[50][1]
  Impl DFF        imp:/WORK/zigbee/DQPSK_CSK/Real_Sync_FIFO/mem_reg[50][1]

  Ref  DFF        ref:/WORK/zigbee/DQPSK_CSK/Real_Sync_FIFO/mem_reg[510][0]
  Impl DFF        imp:/WORK/zigbee/DQPSK_CSK/Real_Sync_FIFO/mem_reg[510][0]

  Ref  DFF        ref:/WORK/zigbee/DQPSK_CSK/Real_Sync_FIFO/mem_reg[510][1]
  Impl DFF        imp:/WORK/zigbee/DQPSK_CSK/Real_Sync_FIFO/mem_reg[510][1]

  Ref  DFF        ref:/WORK/zigbee/DQPSK_CSK/Real_Sync_FIFO/mem_reg[511][0]
  Impl DFF        imp:/WORK/zigbee/DQPSK_CSK/Real_Sync_FIFO/mem_reg[511][0]

  Ref  DFF        ref:/WORK/zigbee/DQPSK_CSK/Real_Sync_FIFO/mem_reg[511][1]
  Impl DFF        imp:/WORK/zigbee/DQPSK_CSK/Real_Sync_FIFO/mem_reg[511][1]

  Ref  DFF        ref:/WORK/zigbee/DQPSK_CSK/Real_Sync_FIFO/mem_reg[512][0]
  Impl DFF        imp:/WORK/zigbee/DQPSK_CSK/Real_Sync_FIFO/mem_reg[512][0]

  Ref  DFF        ref:/WORK/zigbee/DQPSK_CSK/Real_Sync_FIFO/mem_reg[512][1]
  Impl DFF        imp:/WORK/zigbee/DQPSK_CSK/Real_Sync_FIFO/mem_reg[512][1]

  Ref  DFF        ref:/WORK/zigbee/DQPSK_CSK/Real_Sync_FIFO/mem_reg[513][0]
  Impl DFF        imp:/WORK/zigbee/DQPSK_CSK/Real_Sync_FIFO/mem_reg[513][0]

  Ref  DFF        ref:/WORK/zigbee/DQPSK_CSK/Real_Sync_FIFO/mem_reg[513][1]
  Impl DFF        imp:/WORK/zigbee/DQPSK_CSK/Real_Sync_FIFO/mem_reg[513][1]

  Ref  DFF        ref:/WORK/zigbee/DQPSK_CSK/Real_Sync_FIFO/mem_reg[514][0]
  Impl DFF        imp:/WORK/zigbee/DQPSK_CSK/Real_Sync_FIFO/mem_reg[514][0]

  Ref  DFF        ref:/WORK/zigbee/DQPSK_CSK/Real_Sync_FIFO/mem_reg[514][1]
  Impl DFF        imp:/WORK/zigbee/DQPSK_CSK/Real_Sync_FIFO/mem_reg[514][1]

  Ref  DFF        ref:/WORK/zigbee/DQPSK_CSK/Real_Sync_FIFO/mem_reg[515][0]
  Impl DFF        imp:/WORK/zigbee/DQPSK_CSK/Real_Sync_FIFO/mem_reg[515][0]

  Ref  DFF        ref:/WORK/zigbee/DQPSK_CSK/Real_Sync_FIFO/mem_reg[515][1]
  Impl DFF        imp:/WORK/zigbee/DQPSK_CSK/Real_Sync_FIFO/mem_reg[515][1]

  Ref  DFF        ref:/WORK/zigbee/DQPSK_CSK/Real_Sync_FIFO/mem_reg[516][0]
  Impl DFF        imp:/WORK/zigbee/DQPSK_CSK/Real_Sync_FIFO/mem_reg[516][0]

  Ref  DFF        ref:/WORK/zigbee/DQPSK_CSK/Real_Sync_FIFO/mem_reg[516][1]
  Impl DFF        imp:/WORK/zigbee/DQPSK_CSK/Real_Sync_FIFO/mem_reg[516][1]

  Ref  DFF        ref:/WORK/zigbee/DQPSK_CSK/Real_Sync_FIFO/mem_reg[517][0]
  Impl DFF        imp:/WORK/zigbee/DQPSK_CSK/Real_Sync_FIFO/mem_reg[517][0]

  Ref  DFF        ref:/WORK/zigbee/DQPSK_CSK/Real_Sync_FIFO/mem_reg[517][1]
  Impl DFF        imp:/WORK/zigbee/DQPSK_CSK/Real_Sync_FIFO/mem_reg[517][1]

  Ref  DFF        ref:/WORK/zigbee/DQPSK_CSK/Real_Sync_FIFO/mem_reg[518][0]
  Impl DFF        imp:/WORK/zigbee/DQPSK_CSK/Real_Sync_FIFO/mem_reg[518][0]

  Ref  DFF        ref:/WORK/zigbee/DQPSK_CSK/Real_Sync_FIFO/mem_reg[518][1]
  Impl DFF        imp:/WORK/zigbee/DQPSK_CSK/Real_Sync_FIFO/mem_reg[518][1]

  Ref  DFF        ref:/WORK/zigbee/DQPSK_CSK/Real_Sync_FIFO/mem_reg[519][0]
  Impl DFF        imp:/WORK/zigbee/DQPSK_CSK/Real_Sync_FIFO/mem_reg[519][0]

  Ref  DFF        ref:/WORK/zigbee/DQPSK_CSK/Real_Sync_FIFO/mem_reg[519][1]
  Impl DFF        imp:/WORK/zigbee/DQPSK_CSK/Real_Sync_FIFO/mem_reg[519][1]

  Ref  DFF        ref:/WORK/zigbee/DQPSK_CSK/Real_Sync_FIFO/mem_reg[51][0]
  Impl DFF        imp:/WORK/zigbee/DQPSK_CSK/Real_Sync_FIFO/mem_reg[51][0]

  Ref  DFF        ref:/WORK/zigbee/DQPSK_CSK/Real_Sync_FIFO/mem_reg[51][1]
  Impl DFF        imp:/WORK/zigbee/DQPSK_CSK/Real_Sync_FIFO/mem_reg[51][1]

  Ref  DFF        ref:/WORK/zigbee/DQPSK_CSK/Real_Sync_FIFO/mem_reg[520][0]
  Impl DFF        imp:/WORK/zigbee/DQPSK_CSK/Real_Sync_FIFO/mem_reg[520][0]

  Ref  DFF        ref:/WORK/zigbee/DQPSK_CSK/Real_Sync_FIFO/mem_reg[520][1]
  Impl DFF        imp:/WORK/zigbee/DQPSK_CSK/Real_Sync_FIFO/mem_reg[520][1]

  Ref  DFF        ref:/WORK/zigbee/DQPSK_CSK/Real_Sync_FIFO/mem_reg[521][0]
  Impl DFF        imp:/WORK/zigbee/DQPSK_CSK/Real_Sync_FIFO/mem_reg[521][0]

  Ref  DFF        ref:/WORK/zigbee/DQPSK_CSK/Real_Sync_FIFO/mem_reg[521][1]
  Impl DFF        imp:/WORK/zigbee/DQPSK_CSK/Real_Sync_FIFO/mem_reg[521][1]

  Ref  DFF        ref:/WORK/zigbee/DQPSK_CSK/Real_Sync_FIFO/mem_reg[522][0]
  Impl DFF        imp:/WORK/zigbee/DQPSK_CSK/Real_Sync_FIFO/mem_reg[522][0]

  Ref  DFF        ref:/WORK/zigbee/DQPSK_CSK/Real_Sync_FIFO/mem_reg[522][1]
  Impl DFF        imp:/WORK/zigbee/DQPSK_CSK/Real_Sync_FIFO/mem_reg[522][1]

  Ref  DFF        ref:/WORK/zigbee/DQPSK_CSK/Real_Sync_FIFO/mem_reg[523][0]
  Impl DFF        imp:/WORK/zigbee/DQPSK_CSK/Real_Sync_FIFO/mem_reg[523][0]

  Ref  DFF        ref:/WORK/zigbee/DQPSK_CSK/Real_Sync_FIFO/mem_reg[523][1]
  Impl DFF        imp:/WORK/zigbee/DQPSK_CSK/Real_Sync_FIFO/mem_reg[523][1]

  Ref  DFF        ref:/WORK/zigbee/DQPSK_CSK/Real_Sync_FIFO/mem_reg[524][0]
  Impl DFF        imp:/WORK/zigbee/DQPSK_CSK/Real_Sync_FIFO/mem_reg[524][0]

  Ref  DFF        ref:/WORK/zigbee/DQPSK_CSK/Real_Sync_FIFO/mem_reg[524][1]
  Impl DFF        imp:/WORK/zigbee/DQPSK_CSK/Real_Sync_FIFO/mem_reg[524][1]

  Ref  DFF        ref:/WORK/zigbee/DQPSK_CSK/Real_Sync_FIFO/mem_reg[525][0]
  Impl DFF        imp:/WORK/zigbee/DQPSK_CSK/Real_Sync_FIFO/mem_reg[525][0]

  Ref  DFF        ref:/WORK/zigbee/DQPSK_CSK/Real_Sync_FIFO/mem_reg[525][1]
  Impl DFF        imp:/WORK/zigbee/DQPSK_CSK/Real_Sync_FIFO/mem_reg[525][1]

  Ref  DFF        ref:/WORK/zigbee/DQPSK_CSK/Real_Sync_FIFO/mem_reg[526][0]
  Impl DFF        imp:/WORK/zigbee/DQPSK_CSK/Real_Sync_FIFO/mem_reg[526][0]

  Ref  DFF        ref:/WORK/zigbee/DQPSK_CSK/Real_Sync_FIFO/mem_reg[526][1]
  Impl DFF        imp:/WORK/zigbee/DQPSK_CSK/Real_Sync_FIFO/mem_reg[526][1]

  Ref  DFF        ref:/WORK/zigbee/DQPSK_CSK/Real_Sync_FIFO/mem_reg[527][0]
  Impl DFF        imp:/WORK/zigbee/DQPSK_CSK/Real_Sync_FIFO/mem_reg[527][0]

  Ref  DFF        ref:/WORK/zigbee/DQPSK_CSK/Real_Sync_FIFO/mem_reg[527][1]
  Impl DFF        imp:/WORK/zigbee/DQPSK_CSK/Real_Sync_FIFO/mem_reg[527][1]

  Ref  DFF        ref:/WORK/zigbee/DQPSK_CSK/Real_Sync_FIFO/mem_reg[528][0]
  Impl DFF        imp:/WORK/zigbee/DQPSK_CSK/Real_Sync_FIFO/mem_reg[528][0]

  Ref  DFF        ref:/WORK/zigbee/DQPSK_CSK/Real_Sync_FIFO/mem_reg[528][1]
  Impl DFF        imp:/WORK/zigbee/DQPSK_CSK/Real_Sync_FIFO/mem_reg[528][1]

  Ref  DFF        ref:/WORK/zigbee/DQPSK_CSK/Real_Sync_FIFO/mem_reg[529][0]
  Impl DFF        imp:/WORK/zigbee/DQPSK_CSK/Real_Sync_FIFO/mem_reg[529][0]

  Ref  DFF        ref:/WORK/zigbee/DQPSK_CSK/Real_Sync_FIFO/mem_reg[529][1]
  Impl DFF        imp:/WORK/zigbee/DQPSK_CSK/Real_Sync_FIFO/mem_reg[529][1]

  Ref  DFF        ref:/WORK/zigbee/DQPSK_CSK/Real_Sync_FIFO/mem_reg[52][0]
  Impl DFF        imp:/WORK/zigbee/DQPSK_CSK/Real_Sync_FIFO/mem_reg[52][0]

  Ref  DFF        ref:/WORK/zigbee/DQPSK_CSK/Real_Sync_FIFO/mem_reg[52][1]
  Impl DFF        imp:/WORK/zigbee/DQPSK_CSK/Real_Sync_FIFO/mem_reg[52][1]

  Ref  DFF        ref:/WORK/zigbee/DQPSK_CSK/Real_Sync_FIFO/mem_reg[530][0]
  Impl DFF        imp:/WORK/zigbee/DQPSK_CSK/Real_Sync_FIFO/mem_reg[530][0]

  Ref  DFF        ref:/WORK/zigbee/DQPSK_CSK/Real_Sync_FIFO/mem_reg[530][1]
  Impl DFF        imp:/WORK/zigbee/DQPSK_CSK/Real_Sync_FIFO/mem_reg[530][1]

  Ref  DFF        ref:/WORK/zigbee/DQPSK_CSK/Real_Sync_FIFO/mem_reg[531][0]
  Impl DFF        imp:/WORK/zigbee/DQPSK_CSK/Real_Sync_FIFO/mem_reg[531][0]

  Ref  DFF        ref:/WORK/zigbee/DQPSK_CSK/Real_Sync_FIFO/mem_reg[531][1]
  Impl DFF        imp:/WORK/zigbee/DQPSK_CSK/Real_Sync_FIFO/mem_reg[531][1]

  Ref  DFF        ref:/WORK/zigbee/DQPSK_CSK/Real_Sync_FIFO/mem_reg[532][0]
  Impl DFF        imp:/WORK/zigbee/DQPSK_CSK/Real_Sync_FIFO/mem_reg[532][0]

  Ref  DFF        ref:/WORK/zigbee/DQPSK_CSK/Real_Sync_FIFO/mem_reg[532][1]
  Impl DFF        imp:/WORK/zigbee/DQPSK_CSK/Real_Sync_FIFO/mem_reg[532][1]

  Ref  DFF        ref:/WORK/zigbee/DQPSK_CSK/Real_Sync_FIFO/mem_reg[533][0]
  Impl DFF        imp:/WORK/zigbee/DQPSK_CSK/Real_Sync_FIFO/mem_reg[533][0]

  Ref  DFF        ref:/WORK/zigbee/DQPSK_CSK/Real_Sync_FIFO/mem_reg[533][1]
  Impl DFF        imp:/WORK/zigbee/DQPSK_CSK/Real_Sync_FIFO/mem_reg[533][1]

  Ref  DFF        ref:/WORK/zigbee/DQPSK_CSK/Real_Sync_FIFO/mem_reg[534][0]
  Impl DFF        imp:/WORK/zigbee/DQPSK_CSK/Real_Sync_FIFO/mem_reg[534][0]

  Ref  DFF        ref:/WORK/zigbee/DQPSK_CSK/Real_Sync_FIFO/mem_reg[534][1]
  Impl DFF        imp:/WORK/zigbee/DQPSK_CSK/Real_Sync_FIFO/mem_reg[534][1]

  Ref  DFF        ref:/WORK/zigbee/DQPSK_CSK/Real_Sync_FIFO/mem_reg[535][0]
  Impl DFF        imp:/WORK/zigbee/DQPSK_CSK/Real_Sync_FIFO/mem_reg[535][0]

  Ref  DFF        ref:/WORK/zigbee/DQPSK_CSK/Real_Sync_FIFO/mem_reg[535][1]
  Impl DFF        imp:/WORK/zigbee/DQPSK_CSK/Real_Sync_FIFO/mem_reg[535][1]

  Ref  DFF        ref:/WORK/zigbee/DQPSK_CSK/Real_Sync_FIFO/mem_reg[536][0]
  Impl DFF        imp:/WORK/zigbee/DQPSK_CSK/Real_Sync_FIFO/mem_reg[536][0]

  Ref  DFF        ref:/WORK/zigbee/DQPSK_CSK/Real_Sync_FIFO/mem_reg[536][1]
  Impl DFF        imp:/WORK/zigbee/DQPSK_CSK/Real_Sync_FIFO/mem_reg[536][1]

  Ref  DFF        ref:/WORK/zigbee/DQPSK_CSK/Real_Sync_FIFO/mem_reg[537][0]
  Impl DFF        imp:/WORK/zigbee/DQPSK_CSK/Real_Sync_FIFO/mem_reg[537][0]

  Ref  DFF        ref:/WORK/zigbee/DQPSK_CSK/Real_Sync_FIFO/mem_reg[537][1]
  Impl DFF        imp:/WORK/zigbee/DQPSK_CSK/Real_Sync_FIFO/mem_reg[537][1]

  Ref  DFF        ref:/WORK/zigbee/DQPSK_CSK/Real_Sync_FIFO/mem_reg[538][0]
  Impl DFF        imp:/WORK/zigbee/DQPSK_CSK/Real_Sync_FIFO/mem_reg[538][0]

  Ref  DFF        ref:/WORK/zigbee/DQPSK_CSK/Real_Sync_FIFO/mem_reg[538][1]
  Impl DFF        imp:/WORK/zigbee/DQPSK_CSK/Real_Sync_FIFO/mem_reg[538][1]

  Ref  DFF        ref:/WORK/zigbee/DQPSK_CSK/Real_Sync_FIFO/mem_reg[539][0]
  Impl DFF        imp:/WORK/zigbee/DQPSK_CSK/Real_Sync_FIFO/mem_reg[539][0]

  Ref  DFF        ref:/WORK/zigbee/DQPSK_CSK/Real_Sync_FIFO/mem_reg[539][1]
  Impl DFF        imp:/WORK/zigbee/DQPSK_CSK/Real_Sync_FIFO/mem_reg[539][1]

  Ref  DFF        ref:/WORK/zigbee/DQPSK_CSK/Real_Sync_FIFO/mem_reg[53][0]
  Impl DFF        imp:/WORK/zigbee/DQPSK_CSK/Real_Sync_FIFO/mem_reg[53][0]

  Ref  DFF        ref:/WORK/zigbee/DQPSK_CSK/Real_Sync_FIFO/mem_reg[53][1]
  Impl DFF        imp:/WORK/zigbee/DQPSK_CSK/Real_Sync_FIFO/mem_reg[53][1]

  Ref  DFF        ref:/WORK/zigbee/DQPSK_CSK/Real_Sync_FIFO/mem_reg[540][0]
  Impl DFF        imp:/WORK/zigbee/DQPSK_CSK/Real_Sync_FIFO/mem_reg[540][0]

  Ref  DFF        ref:/WORK/zigbee/DQPSK_CSK/Real_Sync_FIFO/mem_reg[540][1]
  Impl DFF        imp:/WORK/zigbee/DQPSK_CSK/Real_Sync_FIFO/mem_reg[540][1]

  Ref  DFF        ref:/WORK/zigbee/DQPSK_CSK/Real_Sync_FIFO/mem_reg[541][0]
  Impl DFF        imp:/WORK/zigbee/DQPSK_CSK/Real_Sync_FIFO/mem_reg[541][0]

  Ref  DFF        ref:/WORK/zigbee/DQPSK_CSK/Real_Sync_FIFO/mem_reg[541][1]
  Impl DFF        imp:/WORK/zigbee/DQPSK_CSK/Real_Sync_FIFO/mem_reg[541][1]

  Ref  DFF        ref:/WORK/zigbee/DQPSK_CSK/Real_Sync_FIFO/mem_reg[542][0]
  Impl DFF        imp:/WORK/zigbee/DQPSK_CSK/Real_Sync_FIFO/mem_reg[542][0]

  Ref  DFF        ref:/WORK/zigbee/DQPSK_CSK/Real_Sync_FIFO/mem_reg[542][1]
  Impl DFF        imp:/WORK/zigbee/DQPSK_CSK/Real_Sync_FIFO/mem_reg[542][1]

  Ref  DFF        ref:/WORK/zigbee/DQPSK_CSK/Real_Sync_FIFO/mem_reg[543][0]
  Impl DFF        imp:/WORK/zigbee/DQPSK_CSK/Real_Sync_FIFO/mem_reg[543][0]

  Ref  DFF        ref:/WORK/zigbee/DQPSK_CSK/Real_Sync_FIFO/mem_reg[543][1]
  Impl DFF        imp:/WORK/zigbee/DQPSK_CSK/Real_Sync_FIFO/mem_reg[543][1]

  Ref  DFF        ref:/WORK/zigbee/DQPSK_CSK/Real_Sync_FIFO/mem_reg[544][0]
  Impl DFF        imp:/WORK/zigbee/DQPSK_CSK/Real_Sync_FIFO/mem_reg[544][0]

  Ref  DFF        ref:/WORK/zigbee/DQPSK_CSK/Real_Sync_FIFO/mem_reg[544][1]
  Impl DFF        imp:/WORK/zigbee/DQPSK_CSK/Real_Sync_FIFO/mem_reg[544][1]

  Ref  DFF        ref:/WORK/zigbee/DQPSK_CSK/Real_Sync_FIFO/mem_reg[545][0]
  Impl DFF        imp:/WORK/zigbee/DQPSK_CSK/Real_Sync_FIFO/mem_reg[545][0]

  Ref  DFF        ref:/WORK/zigbee/DQPSK_CSK/Real_Sync_FIFO/mem_reg[545][1]
  Impl DFF        imp:/WORK/zigbee/DQPSK_CSK/Real_Sync_FIFO/mem_reg[545][1]

  Ref  DFF        ref:/WORK/zigbee/DQPSK_CSK/Real_Sync_FIFO/mem_reg[546][0]
  Impl DFF        imp:/WORK/zigbee/DQPSK_CSK/Real_Sync_FIFO/mem_reg[546][0]

  Ref  DFF        ref:/WORK/zigbee/DQPSK_CSK/Real_Sync_FIFO/mem_reg[546][1]
  Impl DFF        imp:/WORK/zigbee/DQPSK_CSK/Real_Sync_FIFO/mem_reg[546][1]

  Ref  DFF        ref:/WORK/zigbee/DQPSK_CSK/Real_Sync_FIFO/mem_reg[547][0]
  Impl DFF        imp:/WORK/zigbee/DQPSK_CSK/Real_Sync_FIFO/mem_reg[547][0]

  Ref  DFF        ref:/WORK/zigbee/DQPSK_CSK/Real_Sync_FIFO/mem_reg[547][1]
  Impl DFF        imp:/WORK/zigbee/DQPSK_CSK/Real_Sync_FIFO/mem_reg[547][1]

  Ref  DFF        ref:/WORK/zigbee/DQPSK_CSK/Real_Sync_FIFO/mem_reg[548][0]
  Impl DFF        imp:/WORK/zigbee/DQPSK_CSK/Real_Sync_FIFO/mem_reg[548][0]

  Ref  DFF        ref:/WORK/zigbee/DQPSK_CSK/Real_Sync_FIFO/mem_reg[548][1]
  Impl DFF        imp:/WORK/zigbee/DQPSK_CSK/Real_Sync_FIFO/mem_reg[548][1]

  Ref  DFF        ref:/WORK/zigbee/DQPSK_CSK/Real_Sync_FIFO/mem_reg[549][0]
  Impl DFF        imp:/WORK/zigbee/DQPSK_CSK/Real_Sync_FIFO/mem_reg[549][0]

  Ref  DFF        ref:/WORK/zigbee/DQPSK_CSK/Real_Sync_FIFO/mem_reg[549][1]
  Impl DFF        imp:/WORK/zigbee/DQPSK_CSK/Real_Sync_FIFO/mem_reg[549][1]

  Ref  DFF        ref:/WORK/zigbee/DQPSK_CSK/Real_Sync_FIFO/mem_reg[54][0]
  Impl DFF        imp:/WORK/zigbee/DQPSK_CSK/Real_Sync_FIFO/mem_reg[54][0]

  Ref  DFF        ref:/WORK/zigbee/DQPSK_CSK/Real_Sync_FIFO/mem_reg[54][1]
  Impl DFF        imp:/WORK/zigbee/DQPSK_CSK/Real_Sync_FIFO/mem_reg[54][1]

  Ref  DFF        ref:/WORK/zigbee/DQPSK_CSK/Real_Sync_FIFO/mem_reg[550][0]
  Impl DFF        imp:/WORK/zigbee/DQPSK_CSK/Real_Sync_FIFO/mem_reg[550][0]

  Ref  DFF        ref:/WORK/zigbee/DQPSK_CSK/Real_Sync_FIFO/mem_reg[550][1]
  Impl DFF        imp:/WORK/zigbee/DQPSK_CSK/Real_Sync_FIFO/mem_reg[550][1]

  Ref  DFF        ref:/WORK/zigbee/DQPSK_CSK/Real_Sync_FIFO/mem_reg[551][0]
  Impl DFF        imp:/WORK/zigbee/DQPSK_CSK/Real_Sync_FIFO/mem_reg[551][0]

  Ref  DFF        ref:/WORK/zigbee/DQPSK_CSK/Real_Sync_FIFO/mem_reg[551][1]
  Impl DFF        imp:/WORK/zigbee/DQPSK_CSK/Real_Sync_FIFO/mem_reg[551][1]

  Ref  DFF        ref:/WORK/zigbee/DQPSK_CSK/Real_Sync_FIFO/mem_reg[552][0]
  Impl DFF        imp:/WORK/zigbee/DQPSK_CSK/Real_Sync_FIFO/mem_reg[552][0]

  Ref  DFF        ref:/WORK/zigbee/DQPSK_CSK/Real_Sync_FIFO/mem_reg[552][1]
  Impl DFF        imp:/WORK/zigbee/DQPSK_CSK/Real_Sync_FIFO/mem_reg[552][1]

  Ref  DFF        ref:/WORK/zigbee/DQPSK_CSK/Real_Sync_FIFO/mem_reg[553][0]
  Impl DFF        imp:/WORK/zigbee/DQPSK_CSK/Real_Sync_FIFO/mem_reg[553][0]

  Ref  DFF        ref:/WORK/zigbee/DQPSK_CSK/Real_Sync_FIFO/mem_reg[553][1]
  Impl DFF        imp:/WORK/zigbee/DQPSK_CSK/Real_Sync_FIFO/mem_reg[553][1]

  Ref  DFF        ref:/WORK/zigbee/DQPSK_CSK/Real_Sync_FIFO/mem_reg[554][0]
  Impl DFF        imp:/WORK/zigbee/DQPSK_CSK/Real_Sync_FIFO/mem_reg[554][0]

  Ref  DFF        ref:/WORK/zigbee/DQPSK_CSK/Real_Sync_FIFO/mem_reg[554][1]
  Impl DFF        imp:/WORK/zigbee/DQPSK_CSK/Real_Sync_FIFO/mem_reg[554][1]

  Ref  DFF        ref:/WORK/zigbee/DQPSK_CSK/Real_Sync_FIFO/mem_reg[555][0]
  Impl DFF        imp:/WORK/zigbee/DQPSK_CSK/Real_Sync_FIFO/mem_reg[555][0]

  Ref  DFF        ref:/WORK/zigbee/DQPSK_CSK/Real_Sync_FIFO/mem_reg[555][1]
  Impl DFF        imp:/WORK/zigbee/DQPSK_CSK/Real_Sync_FIFO/mem_reg[555][1]

  Ref  DFF        ref:/WORK/zigbee/DQPSK_CSK/Real_Sync_FIFO/mem_reg[556][0]
  Impl DFF        imp:/WORK/zigbee/DQPSK_CSK/Real_Sync_FIFO/mem_reg[556][0]

  Ref  DFF        ref:/WORK/zigbee/DQPSK_CSK/Real_Sync_FIFO/mem_reg[556][1]
  Impl DFF        imp:/WORK/zigbee/DQPSK_CSK/Real_Sync_FIFO/mem_reg[556][1]

  Ref  DFF        ref:/WORK/zigbee/DQPSK_CSK/Real_Sync_FIFO/mem_reg[557][0]
  Impl DFF        imp:/WORK/zigbee/DQPSK_CSK/Real_Sync_FIFO/mem_reg[557][0]

  Ref  DFF        ref:/WORK/zigbee/DQPSK_CSK/Real_Sync_FIFO/mem_reg[557][1]
  Impl DFF        imp:/WORK/zigbee/DQPSK_CSK/Real_Sync_FIFO/mem_reg[557][1]

  Ref  DFF        ref:/WORK/zigbee/DQPSK_CSK/Real_Sync_FIFO/mem_reg[558][0]
  Impl DFF        imp:/WORK/zigbee/DQPSK_CSK/Real_Sync_FIFO/mem_reg[558][0]

  Ref  DFF        ref:/WORK/zigbee/DQPSK_CSK/Real_Sync_FIFO/mem_reg[558][1]
  Impl DFF        imp:/WORK/zigbee/DQPSK_CSK/Real_Sync_FIFO/mem_reg[558][1]

  Ref  DFF        ref:/WORK/zigbee/DQPSK_CSK/Real_Sync_FIFO/mem_reg[559][0]
  Impl DFF        imp:/WORK/zigbee/DQPSK_CSK/Real_Sync_FIFO/mem_reg[559][0]

  Ref  DFF        ref:/WORK/zigbee/DQPSK_CSK/Real_Sync_FIFO/mem_reg[559][1]
  Impl DFF        imp:/WORK/zigbee/DQPSK_CSK/Real_Sync_FIFO/mem_reg[559][1]

  Ref  DFF        ref:/WORK/zigbee/DQPSK_CSK/Real_Sync_FIFO/mem_reg[55][0]
  Impl DFF        imp:/WORK/zigbee/DQPSK_CSK/Real_Sync_FIFO/mem_reg[55][0]

  Ref  DFF        ref:/WORK/zigbee/DQPSK_CSK/Real_Sync_FIFO/mem_reg[55][1]
  Impl DFF        imp:/WORK/zigbee/DQPSK_CSK/Real_Sync_FIFO/mem_reg[55][1]

  Ref  DFF        ref:/WORK/zigbee/DQPSK_CSK/Real_Sync_FIFO/mem_reg[560][0]
  Impl DFF        imp:/WORK/zigbee/DQPSK_CSK/Real_Sync_FIFO/mem_reg[560][0]

  Ref  DFF        ref:/WORK/zigbee/DQPSK_CSK/Real_Sync_FIFO/mem_reg[560][1]
  Impl DFF        imp:/WORK/zigbee/DQPSK_CSK/Real_Sync_FIFO/mem_reg[560][1]

  Ref  DFF        ref:/WORK/zigbee/DQPSK_CSK/Real_Sync_FIFO/mem_reg[561][0]
  Impl DFF        imp:/WORK/zigbee/DQPSK_CSK/Real_Sync_FIFO/mem_reg[561][0]

  Ref  DFF        ref:/WORK/zigbee/DQPSK_CSK/Real_Sync_FIFO/mem_reg[561][1]
  Impl DFF        imp:/WORK/zigbee/DQPSK_CSK/Real_Sync_FIFO/mem_reg[561][1]

  Ref  DFF        ref:/WORK/zigbee/DQPSK_CSK/Real_Sync_FIFO/mem_reg[562][0]
  Impl DFF        imp:/WORK/zigbee/DQPSK_CSK/Real_Sync_FIFO/mem_reg[562][0]

  Ref  DFF        ref:/WORK/zigbee/DQPSK_CSK/Real_Sync_FIFO/mem_reg[562][1]
  Impl DFF        imp:/WORK/zigbee/DQPSK_CSK/Real_Sync_FIFO/mem_reg[562][1]

  Ref  DFF        ref:/WORK/zigbee/DQPSK_CSK/Real_Sync_FIFO/mem_reg[563][0]
  Impl DFF        imp:/WORK/zigbee/DQPSK_CSK/Real_Sync_FIFO/mem_reg[563][0]

  Ref  DFF        ref:/WORK/zigbee/DQPSK_CSK/Real_Sync_FIFO/mem_reg[563][1]
  Impl DFF        imp:/WORK/zigbee/DQPSK_CSK/Real_Sync_FIFO/mem_reg[563][1]

  Ref  DFF        ref:/WORK/zigbee/DQPSK_CSK/Real_Sync_FIFO/mem_reg[564][0]
  Impl DFF        imp:/WORK/zigbee/DQPSK_CSK/Real_Sync_FIFO/mem_reg[564][0]

  Ref  DFF        ref:/WORK/zigbee/DQPSK_CSK/Real_Sync_FIFO/mem_reg[564][1]
  Impl DFF        imp:/WORK/zigbee/DQPSK_CSK/Real_Sync_FIFO/mem_reg[564][1]

  Ref  DFF        ref:/WORK/zigbee/DQPSK_CSK/Real_Sync_FIFO/mem_reg[565][0]
  Impl DFF        imp:/WORK/zigbee/DQPSK_CSK/Real_Sync_FIFO/mem_reg[565][0]

  Ref  DFF        ref:/WORK/zigbee/DQPSK_CSK/Real_Sync_FIFO/mem_reg[565][1]
  Impl DFF        imp:/WORK/zigbee/DQPSK_CSK/Real_Sync_FIFO/mem_reg[565][1]

  Ref  DFF        ref:/WORK/zigbee/DQPSK_CSK/Real_Sync_FIFO/mem_reg[566][0]
  Impl DFF        imp:/WORK/zigbee/DQPSK_CSK/Real_Sync_FIFO/mem_reg[566][0]

  Ref  DFF        ref:/WORK/zigbee/DQPSK_CSK/Real_Sync_FIFO/mem_reg[566][1]
  Impl DFF        imp:/WORK/zigbee/DQPSK_CSK/Real_Sync_FIFO/mem_reg[566][1]

  Ref  DFF        ref:/WORK/zigbee/DQPSK_CSK/Real_Sync_FIFO/mem_reg[567][0]
  Impl DFF        imp:/WORK/zigbee/DQPSK_CSK/Real_Sync_FIFO/mem_reg[567][0]

  Ref  DFF        ref:/WORK/zigbee/DQPSK_CSK/Real_Sync_FIFO/mem_reg[567][1]
  Impl DFF        imp:/WORK/zigbee/DQPSK_CSK/Real_Sync_FIFO/mem_reg[567][1]

  Ref  DFF        ref:/WORK/zigbee/DQPSK_CSK/Real_Sync_FIFO/mem_reg[568][0]
  Impl DFF        imp:/WORK/zigbee/DQPSK_CSK/Real_Sync_FIFO/mem_reg[568][0]

  Ref  DFF        ref:/WORK/zigbee/DQPSK_CSK/Real_Sync_FIFO/mem_reg[568][1]
  Impl DFF        imp:/WORK/zigbee/DQPSK_CSK/Real_Sync_FIFO/mem_reg[568][1]

  Ref  DFF        ref:/WORK/zigbee/DQPSK_CSK/Real_Sync_FIFO/mem_reg[569][0]
  Impl DFF        imp:/WORK/zigbee/DQPSK_CSK/Real_Sync_FIFO/mem_reg[569][0]

  Ref  DFF        ref:/WORK/zigbee/DQPSK_CSK/Real_Sync_FIFO/mem_reg[569][1]
  Impl DFF        imp:/WORK/zigbee/DQPSK_CSK/Real_Sync_FIFO/mem_reg[569][1]

  Ref  DFF        ref:/WORK/zigbee/DQPSK_CSK/Real_Sync_FIFO/mem_reg[56][0]
  Impl DFF        imp:/WORK/zigbee/DQPSK_CSK/Real_Sync_FIFO/mem_reg[56][0]

  Ref  DFF        ref:/WORK/zigbee/DQPSK_CSK/Real_Sync_FIFO/mem_reg[56][1]
  Impl DFF        imp:/WORK/zigbee/DQPSK_CSK/Real_Sync_FIFO/mem_reg[56][1]

  Ref  DFF        ref:/WORK/zigbee/DQPSK_CSK/Real_Sync_FIFO/mem_reg[570][0]
  Impl DFF        imp:/WORK/zigbee/DQPSK_CSK/Real_Sync_FIFO/mem_reg[570][0]

  Ref  DFF        ref:/WORK/zigbee/DQPSK_CSK/Real_Sync_FIFO/mem_reg[570][1]
  Impl DFF        imp:/WORK/zigbee/DQPSK_CSK/Real_Sync_FIFO/mem_reg[570][1]

  Ref  DFF        ref:/WORK/zigbee/DQPSK_CSK/Real_Sync_FIFO/mem_reg[571][0]
  Impl DFF        imp:/WORK/zigbee/DQPSK_CSK/Real_Sync_FIFO/mem_reg[571][0]

  Ref  DFF        ref:/WORK/zigbee/DQPSK_CSK/Real_Sync_FIFO/mem_reg[571][1]
  Impl DFF        imp:/WORK/zigbee/DQPSK_CSK/Real_Sync_FIFO/mem_reg[571][1]

  Ref  DFF        ref:/WORK/zigbee/DQPSK_CSK/Real_Sync_FIFO/mem_reg[572][0]
  Impl DFF        imp:/WORK/zigbee/DQPSK_CSK/Real_Sync_FIFO/mem_reg[572][0]

  Ref  DFF        ref:/WORK/zigbee/DQPSK_CSK/Real_Sync_FIFO/mem_reg[572][1]
  Impl DFF        imp:/WORK/zigbee/DQPSK_CSK/Real_Sync_FIFO/mem_reg[572][1]

  Ref  DFF        ref:/WORK/zigbee/DQPSK_CSK/Real_Sync_FIFO/mem_reg[573][0]
  Impl DFF        imp:/WORK/zigbee/DQPSK_CSK/Real_Sync_FIFO/mem_reg[573][0]

  Ref  DFF        ref:/WORK/zigbee/DQPSK_CSK/Real_Sync_FIFO/mem_reg[573][1]
  Impl DFF        imp:/WORK/zigbee/DQPSK_CSK/Real_Sync_FIFO/mem_reg[573][1]

  Ref  DFF        ref:/WORK/zigbee/DQPSK_CSK/Real_Sync_FIFO/mem_reg[574][0]
  Impl DFF        imp:/WORK/zigbee/DQPSK_CSK/Real_Sync_FIFO/mem_reg[574][0]

  Ref  DFF        ref:/WORK/zigbee/DQPSK_CSK/Real_Sync_FIFO/mem_reg[574][1]
  Impl DFF        imp:/WORK/zigbee/DQPSK_CSK/Real_Sync_FIFO/mem_reg[574][1]

  Ref  DFF        ref:/WORK/zigbee/DQPSK_CSK/Real_Sync_FIFO/mem_reg[575][0]
  Impl DFF        imp:/WORK/zigbee/DQPSK_CSK/Real_Sync_FIFO/mem_reg[575][0]

  Ref  DFF        ref:/WORK/zigbee/DQPSK_CSK/Real_Sync_FIFO/mem_reg[575][1]
  Impl DFF        imp:/WORK/zigbee/DQPSK_CSK/Real_Sync_FIFO/mem_reg[575][1]

  Ref  DFF        ref:/WORK/zigbee/DQPSK_CSK/Real_Sync_FIFO/mem_reg[576][0]
  Impl DFF        imp:/WORK/zigbee/DQPSK_CSK/Real_Sync_FIFO/mem_reg[576][0]

  Ref  DFF        ref:/WORK/zigbee/DQPSK_CSK/Real_Sync_FIFO/mem_reg[576][1]
  Impl DFF        imp:/WORK/zigbee/DQPSK_CSK/Real_Sync_FIFO/mem_reg[576][1]

  Ref  DFF        ref:/WORK/zigbee/DQPSK_CSK/Real_Sync_FIFO/mem_reg[577][0]
  Impl DFF        imp:/WORK/zigbee/DQPSK_CSK/Real_Sync_FIFO/mem_reg[577][0]

  Ref  DFF        ref:/WORK/zigbee/DQPSK_CSK/Real_Sync_FIFO/mem_reg[577][1]
  Impl DFF        imp:/WORK/zigbee/DQPSK_CSK/Real_Sync_FIFO/mem_reg[577][1]

  Ref  DFF        ref:/WORK/zigbee/DQPSK_CSK/Real_Sync_FIFO/mem_reg[578][0]
  Impl DFF        imp:/WORK/zigbee/DQPSK_CSK/Real_Sync_FIFO/mem_reg[578][0]

  Ref  DFF        ref:/WORK/zigbee/DQPSK_CSK/Real_Sync_FIFO/mem_reg[578][1]
  Impl DFF        imp:/WORK/zigbee/DQPSK_CSK/Real_Sync_FIFO/mem_reg[578][1]

  Ref  DFF        ref:/WORK/zigbee/DQPSK_CSK/Real_Sync_FIFO/mem_reg[579][0]
  Impl DFF        imp:/WORK/zigbee/DQPSK_CSK/Real_Sync_FIFO/mem_reg[579][0]

  Ref  DFF        ref:/WORK/zigbee/DQPSK_CSK/Real_Sync_FIFO/mem_reg[579][1]
  Impl DFF        imp:/WORK/zigbee/DQPSK_CSK/Real_Sync_FIFO/mem_reg[579][1]

  Ref  DFF        ref:/WORK/zigbee/DQPSK_CSK/Real_Sync_FIFO/mem_reg[57][0]
  Impl DFF        imp:/WORK/zigbee/DQPSK_CSK/Real_Sync_FIFO/mem_reg[57][0]

  Ref  DFF        ref:/WORK/zigbee/DQPSK_CSK/Real_Sync_FIFO/mem_reg[57][1]
  Impl DFF        imp:/WORK/zigbee/DQPSK_CSK/Real_Sync_FIFO/mem_reg[57][1]

  Ref  DFF        ref:/WORK/zigbee/DQPSK_CSK/Real_Sync_FIFO/mem_reg[580][0]
  Impl DFF        imp:/WORK/zigbee/DQPSK_CSK/Real_Sync_FIFO/mem_reg[580][0]

  Ref  DFF        ref:/WORK/zigbee/DQPSK_CSK/Real_Sync_FIFO/mem_reg[580][1]
  Impl DFF        imp:/WORK/zigbee/DQPSK_CSK/Real_Sync_FIFO/mem_reg[580][1]

  Ref  DFF        ref:/WORK/zigbee/DQPSK_CSK/Real_Sync_FIFO/mem_reg[581][0]
  Impl DFF        imp:/WORK/zigbee/DQPSK_CSK/Real_Sync_FIFO/mem_reg[581][0]

  Ref  DFF        ref:/WORK/zigbee/DQPSK_CSK/Real_Sync_FIFO/mem_reg[581][1]
  Impl DFF        imp:/WORK/zigbee/DQPSK_CSK/Real_Sync_FIFO/mem_reg[581][1]

  Ref  DFF        ref:/WORK/zigbee/DQPSK_CSK/Real_Sync_FIFO/mem_reg[582][0]
  Impl DFF        imp:/WORK/zigbee/DQPSK_CSK/Real_Sync_FIFO/mem_reg[582][0]

  Ref  DFF        ref:/WORK/zigbee/DQPSK_CSK/Real_Sync_FIFO/mem_reg[582][1]
  Impl DFF        imp:/WORK/zigbee/DQPSK_CSK/Real_Sync_FIFO/mem_reg[582][1]

  Ref  DFF        ref:/WORK/zigbee/DQPSK_CSK/Real_Sync_FIFO/mem_reg[583][0]
  Impl DFF        imp:/WORK/zigbee/DQPSK_CSK/Real_Sync_FIFO/mem_reg[583][0]

  Ref  DFF        ref:/WORK/zigbee/DQPSK_CSK/Real_Sync_FIFO/mem_reg[583][1]
  Impl DFF        imp:/WORK/zigbee/DQPSK_CSK/Real_Sync_FIFO/mem_reg[583][1]

  Ref  DFF        ref:/WORK/zigbee/DQPSK_CSK/Real_Sync_FIFO/mem_reg[584][0]
  Impl DFF        imp:/WORK/zigbee/DQPSK_CSK/Real_Sync_FIFO/mem_reg[584][0]

  Ref  DFF        ref:/WORK/zigbee/DQPSK_CSK/Real_Sync_FIFO/mem_reg[584][1]
  Impl DFF        imp:/WORK/zigbee/DQPSK_CSK/Real_Sync_FIFO/mem_reg[584][1]

  Ref  DFF        ref:/WORK/zigbee/DQPSK_CSK/Real_Sync_FIFO/mem_reg[585][0]
  Impl DFF        imp:/WORK/zigbee/DQPSK_CSK/Real_Sync_FIFO/mem_reg[585][0]

  Ref  DFF        ref:/WORK/zigbee/DQPSK_CSK/Real_Sync_FIFO/mem_reg[585][1]
  Impl DFF        imp:/WORK/zigbee/DQPSK_CSK/Real_Sync_FIFO/mem_reg[585][1]

  Ref  DFF        ref:/WORK/zigbee/DQPSK_CSK/Real_Sync_FIFO/mem_reg[586][0]
  Impl DFF        imp:/WORK/zigbee/DQPSK_CSK/Real_Sync_FIFO/mem_reg[586][0]

  Ref  DFF        ref:/WORK/zigbee/DQPSK_CSK/Real_Sync_FIFO/mem_reg[586][1]
  Impl DFF        imp:/WORK/zigbee/DQPSK_CSK/Real_Sync_FIFO/mem_reg[586][1]

  Ref  DFF        ref:/WORK/zigbee/DQPSK_CSK/Real_Sync_FIFO/mem_reg[587][0]
  Impl DFF        imp:/WORK/zigbee/DQPSK_CSK/Real_Sync_FIFO/mem_reg[587][0]

  Ref  DFF        ref:/WORK/zigbee/DQPSK_CSK/Real_Sync_FIFO/mem_reg[587][1]
  Impl DFF        imp:/WORK/zigbee/DQPSK_CSK/Real_Sync_FIFO/mem_reg[587][1]

  Ref  DFF        ref:/WORK/zigbee/DQPSK_CSK/Real_Sync_FIFO/mem_reg[588][0]
  Impl DFF        imp:/WORK/zigbee/DQPSK_CSK/Real_Sync_FIFO/mem_reg[588][0]

  Ref  DFF        ref:/WORK/zigbee/DQPSK_CSK/Real_Sync_FIFO/mem_reg[588][1]
  Impl DFF        imp:/WORK/zigbee/DQPSK_CSK/Real_Sync_FIFO/mem_reg[588][1]

  Ref  DFF        ref:/WORK/zigbee/DQPSK_CSK/Real_Sync_FIFO/mem_reg[589][0]
  Impl DFF        imp:/WORK/zigbee/DQPSK_CSK/Real_Sync_FIFO/mem_reg[589][0]

  Ref  DFF        ref:/WORK/zigbee/DQPSK_CSK/Real_Sync_FIFO/mem_reg[589][1]
  Impl DFF        imp:/WORK/zigbee/DQPSK_CSK/Real_Sync_FIFO/mem_reg[589][1]

  Ref  DFF        ref:/WORK/zigbee/DQPSK_CSK/Real_Sync_FIFO/mem_reg[58][0]
  Impl DFF        imp:/WORK/zigbee/DQPSK_CSK/Real_Sync_FIFO/mem_reg[58][0]

  Ref  DFF        ref:/WORK/zigbee/DQPSK_CSK/Real_Sync_FIFO/mem_reg[58][1]
  Impl DFF        imp:/WORK/zigbee/DQPSK_CSK/Real_Sync_FIFO/mem_reg[58][1]

  Ref  DFF        ref:/WORK/zigbee/DQPSK_CSK/Real_Sync_FIFO/mem_reg[590][0]
  Impl DFF        imp:/WORK/zigbee/DQPSK_CSK/Real_Sync_FIFO/mem_reg[590][0]

  Ref  DFF        ref:/WORK/zigbee/DQPSK_CSK/Real_Sync_FIFO/mem_reg[590][1]
  Impl DFF        imp:/WORK/zigbee/DQPSK_CSK/Real_Sync_FIFO/mem_reg[590][1]

  Ref  DFF        ref:/WORK/zigbee/DQPSK_CSK/Real_Sync_FIFO/mem_reg[591][0]
  Impl DFF        imp:/WORK/zigbee/DQPSK_CSK/Real_Sync_FIFO/mem_reg[591][0]

  Ref  DFF        ref:/WORK/zigbee/DQPSK_CSK/Real_Sync_FIFO/mem_reg[591][1]
  Impl DFF        imp:/WORK/zigbee/DQPSK_CSK/Real_Sync_FIFO/mem_reg[591][1]

  Ref  DFF        ref:/WORK/zigbee/DQPSK_CSK/Real_Sync_FIFO/mem_reg[592][0]
  Impl DFF        imp:/WORK/zigbee/DQPSK_CSK/Real_Sync_FIFO/mem_reg[592][0]

  Ref  DFF        ref:/WORK/zigbee/DQPSK_CSK/Real_Sync_FIFO/mem_reg[592][1]
  Impl DFF        imp:/WORK/zigbee/DQPSK_CSK/Real_Sync_FIFO/mem_reg[592][1]

  Ref  DFF        ref:/WORK/zigbee/DQPSK_CSK/Real_Sync_FIFO/mem_reg[593][0]
  Impl DFF        imp:/WORK/zigbee/DQPSK_CSK/Real_Sync_FIFO/mem_reg[593][0]

  Ref  DFF        ref:/WORK/zigbee/DQPSK_CSK/Real_Sync_FIFO/mem_reg[593][1]
  Impl DFF        imp:/WORK/zigbee/DQPSK_CSK/Real_Sync_FIFO/mem_reg[593][1]

  Ref  DFF        ref:/WORK/zigbee/DQPSK_CSK/Real_Sync_FIFO/mem_reg[594][0]
  Impl DFF        imp:/WORK/zigbee/DQPSK_CSK/Real_Sync_FIFO/mem_reg[594][0]

  Ref  DFF        ref:/WORK/zigbee/DQPSK_CSK/Real_Sync_FIFO/mem_reg[594][1]
  Impl DFF        imp:/WORK/zigbee/DQPSK_CSK/Real_Sync_FIFO/mem_reg[594][1]

  Ref  DFF        ref:/WORK/zigbee/DQPSK_CSK/Real_Sync_FIFO/mem_reg[595][0]
  Impl DFF        imp:/WORK/zigbee/DQPSK_CSK/Real_Sync_FIFO/mem_reg[595][0]

  Ref  DFF        ref:/WORK/zigbee/DQPSK_CSK/Real_Sync_FIFO/mem_reg[595][1]
  Impl DFF        imp:/WORK/zigbee/DQPSK_CSK/Real_Sync_FIFO/mem_reg[595][1]

  Ref  DFF        ref:/WORK/zigbee/DQPSK_CSK/Real_Sync_FIFO/mem_reg[596][0]
  Impl DFF        imp:/WORK/zigbee/DQPSK_CSK/Real_Sync_FIFO/mem_reg[596][0]

  Ref  DFF        ref:/WORK/zigbee/DQPSK_CSK/Real_Sync_FIFO/mem_reg[596][1]
  Impl DFF        imp:/WORK/zigbee/DQPSK_CSK/Real_Sync_FIFO/mem_reg[596][1]

  Ref  DFF        ref:/WORK/zigbee/DQPSK_CSK/Real_Sync_FIFO/mem_reg[597][0]
  Impl DFF        imp:/WORK/zigbee/DQPSK_CSK/Real_Sync_FIFO/mem_reg[597][0]

  Ref  DFF        ref:/WORK/zigbee/DQPSK_CSK/Real_Sync_FIFO/mem_reg[597][1]
  Impl DFF        imp:/WORK/zigbee/DQPSK_CSK/Real_Sync_FIFO/mem_reg[597][1]

  Ref  DFF        ref:/WORK/zigbee/DQPSK_CSK/Real_Sync_FIFO/mem_reg[598][0]
  Impl DFF        imp:/WORK/zigbee/DQPSK_CSK/Real_Sync_FIFO/mem_reg[598][0]

  Ref  DFF        ref:/WORK/zigbee/DQPSK_CSK/Real_Sync_FIFO/mem_reg[598][1]
  Impl DFF        imp:/WORK/zigbee/DQPSK_CSK/Real_Sync_FIFO/mem_reg[598][1]

  Ref  DFF        ref:/WORK/zigbee/DQPSK_CSK/Real_Sync_FIFO/mem_reg[599][0]
  Impl DFF        imp:/WORK/zigbee/DQPSK_CSK/Real_Sync_FIFO/mem_reg[599][0]

  Ref  DFF        ref:/WORK/zigbee/DQPSK_CSK/Real_Sync_FIFO/mem_reg[599][1]
  Impl DFF        imp:/WORK/zigbee/DQPSK_CSK/Real_Sync_FIFO/mem_reg[599][1]

  Ref  DFF        ref:/WORK/zigbee/DQPSK_CSK/Real_Sync_FIFO/mem_reg[59][0]
  Impl DFF        imp:/WORK/zigbee/DQPSK_CSK/Real_Sync_FIFO/mem_reg[59][0]

  Ref  DFF        ref:/WORK/zigbee/DQPSK_CSK/Real_Sync_FIFO/mem_reg[59][1]
  Impl DFF        imp:/WORK/zigbee/DQPSK_CSK/Real_Sync_FIFO/mem_reg[59][1]

  Ref  DFF        ref:/WORK/zigbee/DQPSK_CSK/Real_Sync_FIFO/mem_reg[5][0]
  Impl DFF        imp:/WORK/zigbee/DQPSK_CSK/Real_Sync_FIFO/mem_reg[5][0]

  Ref  DFF        ref:/WORK/zigbee/DQPSK_CSK/Real_Sync_FIFO/mem_reg[5][1]
  Impl DFF        imp:/WORK/zigbee/DQPSK_CSK/Real_Sync_FIFO/mem_reg[5][1]

  Ref  DFF        ref:/WORK/zigbee/DQPSK_CSK/Real_Sync_FIFO/mem_reg[600][0]
  Impl DFF        imp:/WORK/zigbee/DQPSK_CSK/Real_Sync_FIFO/mem_reg[600][0]

  Ref  DFF        ref:/WORK/zigbee/DQPSK_CSK/Real_Sync_FIFO/mem_reg[600][1]
  Impl DFF        imp:/WORK/zigbee/DQPSK_CSK/Real_Sync_FIFO/mem_reg[600][1]

  Ref  DFF        ref:/WORK/zigbee/DQPSK_CSK/Real_Sync_FIFO/mem_reg[601][0]
  Impl DFF        imp:/WORK/zigbee/DQPSK_CSK/Real_Sync_FIFO/mem_reg[601][0]

  Ref  DFF        ref:/WORK/zigbee/DQPSK_CSK/Real_Sync_FIFO/mem_reg[601][1]
  Impl DFF        imp:/WORK/zigbee/DQPSK_CSK/Real_Sync_FIFO/mem_reg[601][1]

  Ref  DFF        ref:/WORK/zigbee/DQPSK_CSK/Real_Sync_FIFO/mem_reg[602][0]
  Impl DFF        imp:/WORK/zigbee/DQPSK_CSK/Real_Sync_FIFO/mem_reg[602][0]

  Ref  DFF        ref:/WORK/zigbee/DQPSK_CSK/Real_Sync_FIFO/mem_reg[602][1]
  Impl DFF        imp:/WORK/zigbee/DQPSK_CSK/Real_Sync_FIFO/mem_reg[602][1]

  Ref  DFF        ref:/WORK/zigbee/DQPSK_CSK/Real_Sync_FIFO/mem_reg[603][0]
  Impl DFF        imp:/WORK/zigbee/DQPSK_CSK/Real_Sync_FIFO/mem_reg[603][0]

  Ref  DFF        ref:/WORK/zigbee/DQPSK_CSK/Real_Sync_FIFO/mem_reg[603][1]
  Impl DFF        imp:/WORK/zigbee/DQPSK_CSK/Real_Sync_FIFO/mem_reg[603][1]

  Ref  DFF        ref:/WORK/zigbee/DQPSK_CSK/Real_Sync_FIFO/mem_reg[604][0]
  Impl DFF        imp:/WORK/zigbee/DQPSK_CSK/Real_Sync_FIFO/mem_reg[604][0]

  Ref  DFF        ref:/WORK/zigbee/DQPSK_CSK/Real_Sync_FIFO/mem_reg[604][1]
  Impl DFF        imp:/WORK/zigbee/DQPSK_CSK/Real_Sync_FIFO/mem_reg[604][1]

  Ref  DFF        ref:/WORK/zigbee/DQPSK_CSK/Real_Sync_FIFO/mem_reg[605][0]
  Impl DFF        imp:/WORK/zigbee/DQPSK_CSK/Real_Sync_FIFO/mem_reg[605][0]

  Ref  DFF        ref:/WORK/zigbee/DQPSK_CSK/Real_Sync_FIFO/mem_reg[605][1]
  Impl DFF        imp:/WORK/zigbee/DQPSK_CSK/Real_Sync_FIFO/mem_reg[605][1]

  Ref  DFF        ref:/WORK/zigbee/DQPSK_CSK/Real_Sync_FIFO/mem_reg[606][0]
  Impl DFF        imp:/WORK/zigbee/DQPSK_CSK/Real_Sync_FIFO/mem_reg[606][0]

  Ref  DFF        ref:/WORK/zigbee/DQPSK_CSK/Real_Sync_FIFO/mem_reg[606][1]
  Impl DFF        imp:/WORK/zigbee/DQPSK_CSK/Real_Sync_FIFO/mem_reg[606][1]

  Ref  DFF        ref:/WORK/zigbee/DQPSK_CSK/Real_Sync_FIFO/mem_reg[607][0]
  Impl DFF        imp:/WORK/zigbee/DQPSK_CSK/Real_Sync_FIFO/mem_reg[607][0]

  Ref  DFF        ref:/WORK/zigbee/DQPSK_CSK/Real_Sync_FIFO/mem_reg[607][1]
  Impl DFF        imp:/WORK/zigbee/DQPSK_CSK/Real_Sync_FIFO/mem_reg[607][1]

  Ref  DFF        ref:/WORK/zigbee/DQPSK_CSK/Real_Sync_FIFO/mem_reg[608][0]
  Impl DFF        imp:/WORK/zigbee/DQPSK_CSK/Real_Sync_FIFO/mem_reg[608][0]

  Ref  DFF        ref:/WORK/zigbee/DQPSK_CSK/Real_Sync_FIFO/mem_reg[608][1]
  Impl DFF        imp:/WORK/zigbee/DQPSK_CSK/Real_Sync_FIFO/mem_reg[608][1]

  Ref  DFF        ref:/WORK/zigbee/DQPSK_CSK/Real_Sync_FIFO/mem_reg[609][0]
  Impl DFF        imp:/WORK/zigbee/DQPSK_CSK/Real_Sync_FIFO/mem_reg[609][0]

  Ref  DFF        ref:/WORK/zigbee/DQPSK_CSK/Real_Sync_FIFO/mem_reg[609][1]
  Impl DFF        imp:/WORK/zigbee/DQPSK_CSK/Real_Sync_FIFO/mem_reg[609][1]

  Ref  DFF        ref:/WORK/zigbee/DQPSK_CSK/Real_Sync_FIFO/mem_reg[60][0]
  Impl DFF        imp:/WORK/zigbee/DQPSK_CSK/Real_Sync_FIFO/mem_reg[60][0]

  Ref  DFF        ref:/WORK/zigbee/DQPSK_CSK/Real_Sync_FIFO/mem_reg[60][1]
  Impl DFF        imp:/WORK/zigbee/DQPSK_CSK/Real_Sync_FIFO/mem_reg[60][1]

  Ref  DFF        ref:/WORK/zigbee/DQPSK_CSK/Real_Sync_FIFO/mem_reg[610][0]
  Impl DFF        imp:/WORK/zigbee/DQPSK_CSK/Real_Sync_FIFO/mem_reg[610][0]

  Ref  DFF        ref:/WORK/zigbee/DQPSK_CSK/Real_Sync_FIFO/mem_reg[610][1]
  Impl DFF        imp:/WORK/zigbee/DQPSK_CSK/Real_Sync_FIFO/mem_reg[610][1]

  Ref  DFF        ref:/WORK/zigbee/DQPSK_CSK/Real_Sync_FIFO/mem_reg[611][0]
  Impl DFF        imp:/WORK/zigbee/DQPSK_CSK/Real_Sync_FIFO/mem_reg[611][0]

  Ref  DFF        ref:/WORK/zigbee/DQPSK_CSK/Real_Sync_FIFO/mem_reg[611][1]
  Impl DFF        imp:/WORK/zigbee/DQPSK_CSK/Real_Sync_FIFO/mem_reg[611][1]

  Ref  DFF        ref:/WORK/zigbee/DQPSK_CSK/Real_Sync_FIFO/mem_reg[612][0]
  Impl DFF        imp:/WORK/zigbee/DQPSK_CSK/Real_Sync_FIFO/mem_reg[612][0]

  Ref  DFF        ref:/WORK/zigbee/DQPSK_CSK/Real_Sync_FIFO/mem_reg[612][1]
  Impl DFF        imp:/WORK/zigbee/DQPSK_CSK/Real_Sync_FIFO/mem_reg[612][1]

  Ref  DFF        ref:/WORK/zigbee/DQPSK_CSK/Real_Sync_FIFO/mem_reg[613][0]
  Impl DFF        imp:/WORK/zigbee/DQPSK_CSK/Real_Sync_FIFO/mem_reg[613][0]

  Ref  DFF        ref:/WORK/zigbee/DQPSK_CSK/Real_Sync_FIFO/mem_reg[613][1]
  Impl DFF        imp:/WORK/zigbee/DQPSK_CSK/Real_Sync_FIFO/mem_reg[613][1]

  Ref  DFF        ref:/WORK/zigbee/DQPSK_CSK/Real_Sync_FIFO/mem_reg[614][0]
  Impl DFF        imp:/WORK/zigbee/DQPSK_CSK/Real_Sync_FIFO/mem_reg[614][0]

  Ref  DFF        ref:/WORK/zigbee/DQPSK_CSK/Real_Sync_FIFO/mem_reg[614][1]
  Impl DFF        imp:/WORK/zigbee/DQPSK_CSK/Real_Sync_FIFO/mem_reg[614][1]

  Ref  DFF        ref:/WORK/zigbee/DQPSK_CSK/Real_Sync_FIFO/mem_reg[615][0]
  Impl DFF        imp:/WORK/zigbee/DQPSK_CSK/Real_Sync_FIFO/mem_reg[615][0]

  Ref  DFF        ref:/WORK/zigbee/DQPSK_CSK/Real_Sync_FIFO/mem_reg[615][1]
  Impl DFF        imp:/WORK/zigbee/DQPSK_CSK/Real_Sync_FIFO/mem_reg[615][1]

  Ref  DFF        ref:/WORK/zigbee/DQPSK_CSK/Real_Sync_FIFO/mem_reg[616][0]
  Impl DFF        imp:/WORK/zigbee/DQPSK_CSK/Real_Sync_FIFO/mem_reg[616][0]

  Ref  DFF        ref:/WORK/zigbee/DQPSK_CSK/Real_Sync_FIFO/mem_reg[616][1]
  Impl DFF        imp:/WORK/zigbee/DQPSK_CSK/Real_Sync_FIFO/mem_reg[616][1]

  Ref  DFF        ref:/WORK/zigbee/DQPSK_CSK/Real_Sync_FIFO/mem_reg[617][0]
  Impl DFF        imp:/WORK/zigbee/DQPSK_CSK/Real_Sync_FIFO/mem_reg[617][0]

  Ref  DFF        ref:/WORK/zigbee/DQPSK_CSK/Real_Sync_FIFO/mem_reg[617][1]
  Impl DFF        imp:/WORK/zigbee/DQPSK_CSK/Real_Sync_FIFO/mem_reg[617][1]

  Ref  DFF        ref:/WORK/zigbee/DQPSK_CSK/Real_Sync_FIFO/mem_reg[618][0]
  Impl DFF        imp:/WORK/zigbee/DQPSK_CSK/Real_Sync_FIFO/mem_reg[618][0]

  Ref  DFF        ref:/WORK/zigbee/DQPSK_CSK/Real_Sync_FIFO/mem_reg[618][1]
  Impl DFF        imp:/WORK/zigbee/DQPSK_CSK/Real_Sync_FIFO/mem_reg[618][1]

  Ref  DFF        ref:/WORK/zigbee/DQPSK_CSK/Real_Sync_FIFO/mem_reg[619][0]
  Impl DFF        imp:/WORK/zigbee/DQPSK_CSK/Real_Sync_FIFO/mem_reg[619][0]

  Ref  DFF        ref:/WORK/zigbee/DQPSK_CSK/Real_Sync_FIFO/mem_reg[619][1]
  Impl DFF        imp:/WORK/zigbee/DQPSK_CSK/Real_Sync_FIFO/mem_reg[619][1]

  Ref  DFF        ref:/WORK/zigbee/DQPSK_CSK/Real_Sync_FIFO/mem_reg[61][0]
  Impl DFF        imp:/WORK/zigbee/DQPSK_CSK/Real_Sync_FIFO/mem_reg[61][0]

  Ref  DFF        ref:/WORK/zigbee/DQPSK_CSK/Real_Sync_FIFO/mem_reg[61][1]
  Impl DFF        imp:/WORK/zigbee/DQPSK_CSK/Real_Sync_FIFO/mem_reg[61][1]

  Ref  DFF        ref:/WORK/zigbee/DQPSK_CSK/Real_Sync_FIFO/mem_reg[620][0]
  Impl DFF        imp:/WORK/zigbee/DQPSK_CSK/Real_Sync_FIFO/mem_reg[620][0]

  Ref  DFF        ref:/WORK/zigbee/DQPSK_CSK/Real_Sync_FIFO/mem_reg[620][1]
  Impl DFF        imp:/WORK/zigbee/DQPSK_CSK/Real_Sync_FIFO/mem_reg[620][1]

  Ref  DFF        ref:/WORK/zigbee/DQPSK_CSK/Real_Sync_FIFO/mem_reg[621][0]
  Impl DFF        imp:/WORK/zigbee/DQPSK_CSK/Real_Sync_FIFO/mem_reg[621][0]

  Ref  DFF        ref:/WORK/zigbee/DQPSK_CSK/Real_Sync_FIFO/mem_reg[621][1]
  Impl DFF        imp:/WORK/zigbee/DQPSK_CSK/Real_Sync_FIFO/mem_reg[621][1]

  Ref  DFF        ref:/WORK/zigbee/DQPSK_CSK/Real_Sync_FIFO/mem_reg[622][0]
  Impl DFF        imp:/WORK/zigbee/DQPSK_CSK/Real_Sync_FIFO/mem_reg[622][0]

  Ref  DFF        ref:/WORK/zigbee/DQPSK_CSK/Real_Sync_FIFO/mem_reg[622][1]
  Impl DFF        imp:/WORK/zigbee/DQPSK_CSK/Real_Sync_FIFO/mem_reg[622][1]

  Ref  DFF        ref:/WORK/zigbee/DQPSK_CSK/Real_Sync_FIFO/mem_reg[623][0]
  Impl DFF        imp:/WORK/zigbee/DQPSK_CSK/Real_Sync_FIFO/mem_reg[623][0]

  Ref  DFF        ref:/WORK/zigbee/DQPSK_CSK/Real_Sync_FIFO/mem_reg[623][1]
  Impl DFF        imp:/WORK/zigbee/DQPSK_CSK/Real_Sync_FIFO/mem_reg[623][1]

  Ref  DFF        ref:/WORK/zigbee/DQPSK_CSK/Real_Sync_FIFO/mem_reg[624][0]
  Impl DFF        imp:/WORK/zigbee/DQPSK_CSK/Real_Sync_FIFO/mem_reg[624][0]

  Ref  DFF        ref:/WORK/zigbee/DQPSK_CSK/Real_Sync_FIFO/mem_reg[624][1]
  Impl DFF        imp:/WORK/zigbee/DQPSK_CSK/Real_Sync_FIFO/mem_reg[624][1]

  Ref  DFF        ref:/WORK/zigbee/DQPSK_CSK/Real_Sync_FIFO/mem_reg[625][0]
  Impl DFF        imp:/WORK/zigbee/DQPSK_CSK/Real_Sync_FIFO/mem_reg[625][0]

  Ref  DFF        ref:/WORK/zigbee/DQPSK_CSK/Real_Sync_FIFO/mem_reg[625][1]
  Impl DFF        imp:/WORK/zigbee/DQPSK_CSK/Real_Sync_FIFO/mem_reg[625][1]

  Ref  DFF        ref:/WORK/zigbee/DQPSK_CSK/Real_Sync_FIFO/mem_reg[626][0]
  Impl DFF        imp:/WORK/zigbee/DQPSK_CSK/Real_Sync_FIFO/mem_reg[626][0]

  Ref  DFF        ref:/WORK/zigbee/DQPSK_CSK/Real_Sync_FIFO/mem_reg[626][1]
  Impl DFF        imp:/WORK/zigbee/DQPSK_CSK/Real_Sync_FIFO/mem_reg[626][1]

  Ref  DFF        ref:/WORK/zigbee/DQPSK_CSK/Real_Sync_FIFO/mem_reg[627][0]
  Impl DFF        imp:/WORK/zigbee/DQPSK_CSK/Real_Sync_FIFO/mem_reg[627][0]

  Ref  DFF        ref:/WORK/zigbee/DQPSK_CSK/Real_Sync_FIFO/mem_reg[627][1]
  Impl DFF        imp:/WORK/zigbee/DQPSK_CSK/Real_Sync_FIFO/mem_reg[627][1]

  Ref  DFF        ref:/WORK/zigbee/DQPSK_CSK/Real_Sync_FIFO/mem_reg[628][0]
  Impl DFF        imp:/WORK/zigbee/DQPSK_CSK/Real_Sync_FIFO/mem_reg[628][0]

  Ref  DFF        ref:/WORK/zigbee/DQPSK_CSK/Real_Sync_FIFO/mem_reg[628][1]
  Impl DFF        imp:/WORK/zigbee/DQPSK_CSK/Real_Sync_FIFO/mem_reg[628][1]

  Ref  DFF        ref:/WORK/zigbee/DQPSK_CSK/Real_Sync_FIFO/mem_reg[629][0]
  Impl DFF        imp:/WORK/zigbee/DQPSK_CSK/Real_Sync_FIFO/mem_reg[629][0]

  Ref  DFF        ref:/WORK/zigbee/DQPSK_CSK/Real_Sync_FIFO/mem_reg[629][1]
  Impl DFF        imp:/WORK/zigbee/DQPSK_CSK/Real_Sync_FIFO/mem_reg[629][1]

  Ref  DFF        ref:/WORK/zigbee/DQPSK_CSK/Real_Sync_FIFO/mem_reg[62][0]
  Impl DFF        imp:/WORK/zigbee/DQPSK_CSK/Real_Sync_FIFO/mem_reg[62][0]

  Ref  DFF        ref:/WORK/zigbee/DQPSK_CSK/Real_Sync_FIFO/mem_reg[62][1]
  Impl DFF        imp:/WORK/zigbee/DQPSK_CSK/Real_Sync_FIFO/mem_reg[62][1]

  Ref  DFF        ref:/WORK/zigbee/DQPSK_CSK/Real_Sync_FIFO/mem_reg[630][0]
  Impl DFF        imp:/WORK/zigbee/DQPSK_CSK/Real_Sync_FIFO/mem_reg[630][0]

  Ref  DFF        ref:/WORK/zigbee/DQPSK_CSK/Real_Sync_FIFO/mem_reg[630][1]
  Impl DFF        imp:/WORK/zigbee/DQPSK_CSK/Real_Sync_FIFO/mem_reg[630][1]

  Ref  DFF        ref:/WORK/zigbee/DQPSK_CSK/Real_Sync_FIFO/mem_reg[631][0]
  Impl DFF        imp:/WORK/zigbee/DQPSK_CSK/Real_Sync_FIFO/mem_reg[631][0]

  Ref  DFF        ref:/WORK/zigbee/DQPSK_CSK/Real_Sync_FIFO/mem_reg[631][1]
  Impl DFF        imp:/WORK/zigbee/DQPSK_CSK/Real_Sync_FIFO/mem_reg[631][1]

  Ref  DFF        ref:/WORK/zigbee/DQPSK_CSK/Real_Sync_FIFO/mem_reg[632][0]
  Impl DFF        imp:/WORK/zigbee/DQPSK_CSK/Real_Sync_FIFO/mem_reg[632][0]

  Ref  DFF        ref:/WORK/zigbee/DQPSK_CSK/Real_Sync_FIFO/mem_reg[632][1]
  Impl DFF        imp:/WORK/zigbee/DQPSK_CSK/Real_Sync_FIFO/mem_reg[632][1]

  Ref  DFF        ref:/WORK/zigbee/DQPSK_CSK/Real_Sync_FIFO/mem_reg[633][0]
  Impl DFF        imp:/WORK/zigbee/DQPSK_CSK/Real_Sync_FIFO/mem_reg[633][0]

  Ref  DFF        ref:/WORK/zigbee/DQPSK_CSK/Real_Sync_FIFO/mem_reg[633][1]
  Impl DFF        imp:/WORK/zigbee/DQPSK_CSK/Real_Sync_FIFO/mem_reg[633][1]

  Ref  DFF        ref:/WORK/zigbee/DQPSK_CSK/Real_Sync_FIFO/mem_reg[634][0]
  Impl DFF        imp:/WORK/zigbee/DQPSK_CSK/Real_Sync_FIFO/mem_reg[634][0]

  Ref  DFF        ref:/WORK/zigbee/DQPSK_CSK/Real_Sync_FIFO/mem_reg[634][1]
  Impl DFF        imp:/WORK/zigbee/DQPSK_CSK/Real_Sync_FIFO/mem_reg[634][1]

  Ref  DFF        ref:/WORK/zigbee/DQPSK_CSK/Real_Sync_FIFO/mem_reg[635][0]
  Impl DFF        imp:/WORK/zigbee/DQPSK_CSK/Real_Sync_FIFO/mem_reg[635][0]

  Ref  DFF        ref:/WORK/zigbee/DQPSK_CSK/Real_Sync_FIFO/mem_reg[635][1]
  Impl DFF        imp:/WORK/zigbee/DQPSK_CSK/Real_Sync_FIFO/mem_reg[635][1]

  Ref  DFF        ref:/WORK/zigbee/DQPSK_CSK/Real_Sync_FIFO/mem_reg[636][0]
  Impl DFF        imp:/WORK/zigbee/DQPSK_CSK/Real_Sync_FIFO/mem_reg[636][0]

  Ref  DFF        ref:/WORK/zigbee/DQPSK_CSK/Real_Sync_FIFO/mem_reg[636][1]
  Impl DFF        imp:/WORK/zigbee/DQPSK_CSK/Real_Sync_FIFO/mem_reg[636][1]

  Ref  DFF        ref:/WORK/zigbee/DQPSK_CSK/Real_Sync_FIFO/mem_reg[637][0]
  Impl DFF        imp:/WORK/zigbee/DQPSK_CSK/Real_Sync_FIFO/mem_reg[637][0]

  Ref  DFF        ref:/WORK/zigbee/DQPSK_CSK/Real_Sync_FIFO/mem_reg[637][1]
  Impl DFF        imp:/WORK/zigbee/DQPSK_CSK/Real_Sync_FIFO/mem_reg[637][1]

  Ref  DFF        ref:/WORK/zigbee/DQPSK_CSK/Real_Sync_FIFO/mem_reg[638][0]
  Impl DFF        imp:/WORK/zigbee/DQPSK_CSK/Real_Sync_FIFO/mem_reg[638][0]

  Ref  DFF        ref:/WORK/zigbee/DQPSK_CSK/Real_Sync_FIFO/mem_reg[638][1]
  Impl DFF        imp:/WORK/zigbee/DQPSK_CSK/Real_Sync_FIFO/mem_reg[638][1]

  Ref  DFF        ref:/WORK/zigbee/DQPSK_CSK/Real_Sync_FIFO/mem_reg[639][0]
  Impl DFF        imp:/WORK/zigbee/DQPSK_CSK/Real_Sync_FIFO/mem_reg[639][0]

  Ref  DFF        ref:/WORK/zigbee/DQPSK_CSK/Real_Sync_FIFO/mem_reg[639][1]
  Impl DFF        imp:/WORK/zigbee/DQPSK_CSK/Real_Sync_FIFO/mem_reg[639][1]

  Ref  DFF        ref:/WORK/zigbee/DQPSK_CSK/Real_Sync_FIFO/mem_reg[63][0]
  Impl DFF        imp:/WORK/zigbee/DQPSK_CSK/Real_Sync_FIFO/mem_reg[63][0]

  Ref  DFF        ref:/WORK/zigbee/DQPSK_CSK/Real_Sync_FIFO/mem_reg[63][1]
  Impl DFF        imp:/WORK/zigbee/DQPSK_CSK/Real_Sync_FIFO/mem_reg[63][1]

  Ref  DFF        ref:/WORK/zigbee/DQPSK_CSK/Real_Sync_FIFO/mem_reg[640][0]
  Impl DFF        imp:/WORK/zigbee/DQPSK_CSK/Real_Sync_FIFO/mem_reg[640][0]

  Ref  DFF        ref:/WORK/zigbee/DQPSK_CSK/Real_Sync_FIFO/mem_reg[640][1]
  Impl DFF        imp:/WORK/zigbee/DQPSK_CSK/Real_Sync_FIFO/mem_reg[640][1]

  Ref  DFF        ref:/WORK/zigbee/DQPSK_CSK/Real_Sync_FIFO/mem_reg[641][0]
  Impl DFF        imp:/WORK/zigbee/DQPSK_CSK/Real_Sync_FIFO/mem_reg[641][0]

  Ref  DFF        ref:/WORK/zigbee/DQPSK_CSK/Real_Sync_FIFO/mem_reg[641][1]
  Impl DFF        imp:/WORK/zigbee/DQPSK_CSK/Real_Sync_FIFO/mem_reg[641][1]

  Ref  DFF        ref:/WORK/zigbee/DQPSK_CSK/Real_Sync_FIFO/mem_reg[642][0]
  Impl DFF        imp:/WORK/zigbee/DQPSK_CSK/Real_Sync_FIFO/mem_reg[642][0]

  Ref  DFF        ref:/WORK/zigbee/DQPSK_CSK/Real_Sync_FIFO/mem_reg[642][1]
  Impl DFF        imp:/WORK/zigbee/DQPSK_CSK/Real_Sync_FIFO/mem_reg[642][1]

  Ref  DFF        ref:/WORK/zigbee/DQPSK_CSK/Real_Sync_FIFO/mem_reg[643][0]
  Impl DFF        imp:/WORK/zigbee/DQPSK_CSK/Real_Sync_FIFO/mem_reg[643][0]

  Ref  DFF        ref:/WORK/zigbee/DQPSK_CSK/Real_Sync_FIFO/mem_reg[643][1]
  Impl DFF        imp:/WORK/zigbee/DQPSK_CSK/Real_Sync_FIFO/mem_reg[643][1]

  Ref  DFF        ref:/WORK/zigbee/DQPSK_CSK/Real_Sync_FIFO/mem_reg[644][0]
  Impl DFF        imp:/WORK/zigbee/DQPSK_CSK/Real_Sync_FIFO/mem_reg[644][0]

  Ref  DFF        ref:/WORK/zigbee/DQPSK_CSK/Real_Sync_FIFO/mem_reg[644][1]
  Impl DFF        imp:/WORK/zigbee/DQPSK_CSK/Real_Sync_FIFO/mem_reg[644][1]

  Ref  DFF        ref:/WORK/zigbee/DQPSK_CSK/Real_Sync_FIFO/mem_reg[645][0]
  Impl DFF        imp:/WORK/zigbee/DQPSK_CSK/Real_Sync_FIFO/mem_reg[645][0]

  Ref  DFF        ref:/WORK/zigbee/DQPSK_CSK/Real_Sync_FIFO/mem_reg[645][1]
  Impl DFF        imp:/WORK/zigbee/DQPSK_CSK/Real_Sync_FIFO/mem_reg[645][1]

  Ref  DFF        ref:/WORK/zigbee/DQPSK_CSK/Real_Sync_FIFO/mem_reg[646][0]
  Impl DFF        imp:/WORK/zigbee/DQPSK_CSK/Real_Sync_FIFO/mem_reg[646][0]

  Ref  DFF        ref:/WORK/zigbee/DQPSK_CSK/Real_Sync_FIFO/mem_reg[646][1]
  Impl DFF        imp:/WORK/zigbee/DQPSK_CSK/Real_Sync_FIFO/mem_reg[646][1]

  Ref  DFF        ref:/WORK/zigbee/DQPSK_CSK/Real_Sync_FIFO/mem_reg[647][0]
  Impl DFF        imp:/WORK/zigbee/DQPSK_CSK/Real_Sync_FIFO/mem_reg[647][0]

  Ref  DFF        ref:/WORK/zigbee/DQPSK_CSK/Real_Sync_FIFO/mem_reg[647][1]
  Impl DFF        imp:/WORK/zigbee/DQPSK_CSK/Real_Sync_FIFO/mem_reg[647][1]

  Ref  DFF        ref:/WORK/zigbee/DQPSK_CSK/Real_Sync_FIFO/mem_reg[648][0]
  Impl DFF        imp:/WORK/zigbee/DQPSK_CSK/Real_Sync_FIFO/mem_reg[648][0]

  Ref  DFF        ref:/WORK/zigbee/DQPSK_CSK/Real_Sync_FIFO/mem_reg[648][1]
  Impl DFF        imp:/WORK/zigbee/DQPSK_CSK/Real_Sync_FIFO/mem_reg[648][1]

  Ref  DFF        ref:/WORK/zigbee/DQPSK_CSK/Real_Sync_FIFO/mem_reg[649][0]
  Impl DFF        imp:/WORK/zigbee/DQPSK_CSK/Real_Sync_FIFO/mem_reg[649][0]

  Ref  DFF        ref:/WORK/zigbee/DQPSK_CSK/Real_Sync_FIFO/mem_reg[649][1]
  Impl DFF        imp:/WORK/zigbee/DQPSK_CSK/Real_Sync_FIFO/mem_reg[649][1]

  Ref  DFF        ref:/WORK/zigbee/DQPSK_CSK/Real_Sync_FIFO/mem_reg[64][0]
  Impl DFF        imp:/WORK/zigbee/DQPSK_CSK/Real_Sync_FIFO/mem_reg[64][0]

  Ref  DFF        ref:/WORK/zigbee/DQPSK_CSK/Real_Sync_FIFO/mem_reg[64][1]
  Impl DFF        imp:/WORK/zigbee/DQPSK_CSK/Real_Sync_FIFO/mem_reg[64][1]

  Ref  DFF        ref:/WORK/zigbee/DQPSK_CSK/Real_Sync_FIFO/mem_reg[650][0]
  Impl DFF        imp:/WORK/zigbee/DQPSK_CSK/Real_Sync_FIFO/mem_reg[650][0]

  Ref  DFF        ref:/WORK/zigbee/DQPSK_CSK/Real_Sync_FIFO/mem_reg[650][1]
  Impl DFF        imp:/WORK/zigbee/DQPSK_CSK/Real_Sync_FIFO/mem_reg[650][1]

  Ref  DFF        ref:/WORK/zigbee/DQPSK_CSK/Real_Sync_FIFO/mem_reg[651][0]
  Impl DFF        imp:/WORK/zigbee/DQPSK_CSK/Real_Sync_FIFO/mem_reg[651][0]

  Ref  DFF        ref:/WORK/zigbee/DQPSK_CSK/Real_Sync_FIFO/mem_reg[651][1]
  Impl DFF        imp:/WORK/zigbee/DQPSK_CSK/Real_Sync_FIFO/mem_reg[651][1]

  Ref  DFF        ref:/WORK/zigbee/DQPSK_CSK/Real_Sync_FIFO/mem_reg[652][0]
  Impl DFF        imp:/WORK/zigbee/DQPSK_CSK/Real_Sync_FIFO/mem_reg[652][0]

  Ref  DFF        ref:/WORK/zigbee/DQPSK_CSK/Real_Sync_FIFO/mem_reg[652][1]
  Impl DFF        imp:/WORK/zigbee/DQPSK_CSK/Real_Sync_FIFO/mem_reg[652][1]

  Ref  DFF        ref:/WORK/zigbee/DQPSK_CSK/Real_Sync_FIFO/mem_reg[653][0]
  Impl DFF        imp:/WORK/zigbee/DQPSK_CSK/Real_Sync_FIFO/mem_reg[653][0]

  Ref  DFF        ref:/WORK/zigbee/DQPSK_CSK/Real_Sync_FIFO/mem_reg[653][1]
  Impl DFF        imp:/WORK/zigbee/DQPSK_CSK/Real_Sync_FIFO/mem_reg[653][1]

  Ref  DFF        ref:/WORK/zigbee/DQPSK_CSK/Real_Sync_FIFO/mem_reg[654][0]
  Impl DFF        imp:/WORK/zigbee/DQPSK_CSK/Real_Sync_FIFO/mem_reg[654][0]

  Ref  DFF        ref:/WORK/zigbee/DQPSK_CSK/Real_Sync_FIFO/mem_reg[654][1]
  Impl DFF        imp:/WORK/zigbee/DQPSK_CSK/Real_Sync_FIFO/mem_reg[654][1]

  Ref  DFF        ref:/WORK/zigbee/DQPSK_CSK/Real_Sync_FIFO/mem_reg[655][0]
  Impl DFF        imp:/WORK/zigbee/DQPSK_CSK/Real_Sync_FIFO/mem_reg[655][0]

  Ref  DFF        ref:/WORK/zigbee/DQPSK_CSK/Real_Sync_FIFO/mem_reg[655][1]
  Impl DFF        imp:/WORK/zigbee/DQPSK_CSK/Real_Sync_FIFO/mem_reg[655][1]

  Ref  DFF        ref:/WORK/zigbee/DQPSK_CSK/Real_Sync_FIFO/mem_reg[656][0]
  Impl DFF        imp:/WORK/zigbee/DQPSK_CSK/Real_Sync_FIFO/mem_reg[656][0]

  Ref  DFF        ref:/WORK/zigbee/DQPSK_CSK/Real_Sync_FIFO/mem_reg[656][1]
  Impl DFF        imp:/WORK/zigbee/DQPSK_CSK/Real_Sync_FIFO/mem_reg[656][1]

  Ref  DFF        ref:/WORK/zigbee/DQPSK_CSK/Real_Sync_FIFO/mem_reg[657][0]
  Impl DFF        imp:/WORK/zigbee/DQPSK_CSK/Real_Sync_FIFO/mem_reg[657][0]

  Ref  DFF        ref:/WORK/zigbee/DQPSK_CSK/Real_Sync_FIFO/mem_reg[657][1]
  Impl DFF        imp:/WORK/zigbee/DQPSK_CSK/Real_Sync_FIFO/mem_reg[657][1]

  Ref  DFF        ref:/WORK/zigbee/DQPSK_CSK/Real_Sync_FIFO/mem_reg[658][0]
  Impl DFF        imp:/WORK/zigbee/DQPSK_CSK/Real_Sync_FIFO/mem_reg[658][0]

  Ref  DFF        ref:/WORK/zigbee/DQPSK_CSK/Real_Sync_FIFO/mem_reg[658][1]
  Impl DFF        imp:/WORK/zigbee/DQPSK_CSK/Real_Sync_FIFO/mem_reg[658][1]

  Ref  DFF        ref:/WORK/zigbee/DQPSK_CSK/Real_Sync_FIFO/mem_reg[659][0]
  Impl DFF        imp:/WORK/zigbee/DQPSK_CSK/Real_Sync_FIFO/mem_reg[659][0]

  Ref  DFF        ref:/WORK/zigbee/DQPSK_CSK/Real_Sync_FIFO/mem_reg[659][1]
  Impl DFF        imp:/WORK/zigbee/DQPSK_CSK/Real_Sync_FIFO/mem_reg[659][1]

  Ref  DFF        ref:/WORK/zigbee/DQPSK_CSK/Real_Sync_FIFO/mem_reg[65][0]
  Impl DFF        imp:/WORK/zigbee/DQPSK_CSK/Real_Sync_FIFO/mem_reg[65][0]

  Ref  DFF        ref:/WORK/zigbee/DQPSK_CSK/Real_Sync_FIFO/mem_reg[65][1]
  Impl DFF        imp:/WORK/zigbee/DQPSK_CSK/Real_Sync_FIFO/mem_reg[65][1]

  Ref  DFF        ref:/WORK/zigbee/DQPSK_CSK/Real_Sync_FIFO/mem_reg[660][0]
  Impl DFF        imp:/WORK/zigbee/DQPSK_CSK/Real_Sync_FIFO/mem_reg[660][0]

  Ref  DFF        ref:/WORK/zigbee/DQPSK_CSK/Real_Sync_FIFO/mem_reg[660][1]
  Impl DFF        imp:/WORK/zigbee/DQPSK_CSK/Real_Sync_FIFO/mem_reg[660][1]

  Ref  DFF        ref:/WORK/zigbee/DQPSK_CSK/Real_Sync_FIFO/mem_reg[661][0]
  Impl DFF        imp:/WORK/zigbee/DQPSK_CSK/Real_Sync_FIFO/mem_reg[661][0]

  Ref  DFF        ref:/WORK/zigbee/DQPSK_CSK/Real_Sync_FIFO/mem_reg[661][1]
  Impl DFF        imp:/WORK/zigbee/DQPSK_CSK/Real_Sync_FIFO/mem_reg[661][1]

  Ref  DFF        ref:/WORK/zigbee/DQPSK_CSK/Real_Sync_FIFO/mem_reg[662][0]
  Impl DFF        imp:/WORK/zigbee/DQPSK_CSK/Real_Sync_FIFO/mem_reg[662][0]

  Ref  DFF        ref:/WORK/zigbee/DQPSK_CSK/Real_Sync_FIFO/mem_reg[662][1]
  Impl DFF        imp:/WORK/zigbee/DQPSK_CSK/Real_Sync_FIFO/mem_reg[662][1]

  Ref  DFF        ref:/WORK/zigbee/DQPSK_CSK/Real_Sync_FIFO/mem_reg[663][0]
  Impl DFF        imp:/WORK/zigbee/DQPSK_CSK/Real_Sync_FIFO/mem_reg[663][0]

  Ref  DFF        ref:/WORK/zigbee/DQPSK_CSK/Real_Sync_FIFO/mem_reg[663][1]
  Impl DFF        imp:/WORK/zigbee/DQPSK_CSK/Real_Sync_FIFO/mem_reg[663][1]

  Ref  DFF        ref:/WORK/zigbee/DQPSK_CSK/Real_Sync_FIFO/mem_reg[664][0]
  Impl DFF        imp:/WORK/zigbee/DQPSK_CSK/Real_Sync_FIFO/mem_reg[664][0]

  Ref  DFF        ref:/WORK/zigbee/DQPSK_CSK/Real_Sync_FIFO/mem_reg[664][1]
  Impl DFF        imp:/WORK/zigbee/DQPSK_CSK/Real_Sync_FIFO/mem_reg[664][1]

  Ref  DFF        ref:/WORK/zigbee/DQPSK_CSK/Real_Sync_FIFO/mem_reg[665][0]
  Impl DFF        imp:/WORK/zigbee/DQPSK_CSK/Real_Sync_FIFO/mem_reg[665][0]

  Ref  DFF        ref:/WORK/zigbee/DQPSK_CSK/Real_Sync_FIFO/mem_reg[665][1]
  Impl DFF        imp:/WORK/zigbee/DQPSK_CSK/Real_Sync_FIFO/mem_reg[665][1]

  Ref  DFF        ref:/WORK/zigbee/DQPSK_CSK/Real_Sync_FIFO/mem_reg[666][0]
  Impl DFF        imp:/WORK/zigbee/DQPSK_CSK/Real_Sync_FIFO/mem_reg[666][0]

  Ref  DFF        ref:/WORK/zigbee/DQPSK_CSK/Real_Sync_FIFO/mem_reg[666][1]
  Impl DFF        imp:/WORK/zigbee/DQPSK_CSK/Real_Sync_FIFO/mem_reg[666][1]

  Ref  DFF        ref:/WORK/zigbee/DQPSK_CSK/Real_Sync_FIFO/mem_reg[667][0]
  Impl DFF        imp:/WORK/zigbee/DQPSK_CSK/Real_Sync_FIFO/mem_reg[667][0]

  Ref  DFF        ref:/WORK/zigbee/DQPSK_CSK/Real_Sync_FIFO/mem_reg[667][1]
  Impl DFF        imp:/WORK/zigbee/DQPSK_CSK/Real_Sync_FIFO/mem_reg[667][1]

  Ref  DFF        ref:/WORK/zigbee/DQPSK_CSK/Real_Sync_FIFO/mem_reg[668][0]
  Impl DFF        imp:/WORK/zigbee/DQPSK_CSK/Real_Sync_FIFO/mem_reg[668][0]

  Ref  DFF        ref:/WORK/zigbee/DQPSK_CSK/Real_Sync_FIFO/mem_reg[668][1]
  Impl DFF        imp:/WORK/zigbee/DQPSK_CSK/Real_Sync_FIFO/mem_reg[668][1]

  Ref  DFF        ref:/WORK/zigbee/DQPSK_CSK/Real_Sync_FIFO/mem_reg[669][0]
  Impl DFF        imp:/WORK/zigbee/DQPSK_CSK/Real_Sync_FIFO/mem_reg[669][0]

  Ref  DFF        ref:/WORK/zigbee/DQPSK_CSK/Real_Sync_FIFO/mem_reg[669][1]
  Impl DFF        imp:/WORK/zigbee/DQPSK_CSK/Real_Sync_FIFO/mem_reg[669][1]

  Ref  DFF        ref:/WORK/zigbee/DQPSK_CSK/Real_Sync_FIFO/mem_reg[66][0]
  Impl DFF        imp:/WORK/zigbee/DQPSK_CSK/Real_Sync_FIFO/mem_reg[66][0]

  Ref  DFF        ref:/WORK/zigbee/DQPSK_CSK/Real_Sync_FIFO/mem_reg[66][1]
  Impl DFF        imp:/WORK/zigbee/DQPSK_CSK/Real_Sync_FIFO/mem_reg[66][1]

  Ref  DFF        ref:/WORK/zigbee/DQPSK_CSK/Real_Sync_FIFO/mem_reg[670][0]
  Impl DFF        imp:/WORK/zigbee/DQPSK_CSK/Real_Sync_FIFO/mem_reg[670][0]

  Ref  DFF        ref:/WORK/zigbee/DQPSK_CSK/Real_Sync_FIFO/mem_reg[670][1]
  Impl DFF        imp:/WORK/zigbee/DQPSK_CSK/Real_Sync_FIFO/mem_reg[670][1]

  Ref  DFF        ref:/WORK/zigbee/DQPSK_CSK/Real_Sync_FIFO/mem_reg[671][0]
  Impl DFF        imp:/WORK/zigbee/DQPSK_CSK/Real_Sync_FIFO/mem_reg[671][0]

  Ref  DFF        ref:/WORK/zigbee/DQPSK_CSK/Real_Sync_FIFO/mem_reg[671][1]
  Impl DFF        imp:/WORK/zigbee/DQPSK_CSK/Real_Sync_FIFO/mem_reg[671][1]

  Ref  DFF        ref:/WORK/zigbee/DQPSK_CSK/Real_Sync_FIFO/mem_reg[672][0]
  Impl DFF        imp:/WORK/zigbee/DQPSK_CSK/Real_Sync_FIFO/mem_reg[672][0]

  Ref  DFF        ref:/WORK/zigbee/DQPSK_CSK/Real_Sync_FIFO/mem_reg[672][1]
  Impl DFF        imp:/WORK/zigbee/DQPSK_CSK/Real_Sync_FIFO/mem_reg[672][1]

  Ref  DFF        ref:/WORK/zigbee/DQPSK_CSK/Real_Sync_FIFO/mem_reg[673][0]
  Impl DFF        imp:/WORK/zigbee/DQPSK_CSK/Real_Sync_FIFO/mem_reg[673][0]

  Ref  DFF        ref:/WORK/zigbee/DQPSK_CSK/Real_Sync_FIFO/mem_reg[673][1]
  Impl DFF        imp:/WORK/zigbee/DQPSK_CSK/Real_Sync_FIFO/mem_reg[673][1]

  Ref  DFF        ref:/WORK/zigbee/DQPSK_CSK/Real_Sync_FIFO/mem_reg[674][0]
  Impl DFF        imp:/WORK/zigbee/DQPSK_CSK/Real_Sync_FIFO/mem_reg[674][0]

  Ref  DFF        ref:/WORK/zigbee/DQPSK_CSK/Real_Sync_FIFO/mem_reg[674][1]
  Impl DFF        imp:/WORK/zigbee/DQPSK_CSK/Real_Sync_FIFO/mem_reg[674][1]

  Ref  DFF        ref:/WORK/zigbee/DQPSK_CSK/Real_Sync_FIFO/mem_reg[675][0]
  Impl DFF        imp:/WORK/zigbee/DQPSK_CSK/Real_Sync_FIFO/mem_reg[675][0]

  Ref  DFF        ref:/WORK/zigbee/DQPSK_CSK/Real_Sync_FIFO/mem_reg[675][1]
  Impl DFF        imp:/WORK/zigbee/DQPSK_CSK/Real_Sync_FIFO/mem_reg[675][1]

  Ref  DFF        ref:/WORK/zigbee/DQPSK_CSK/Real_Sync_FIFO/mem_reg[676][0]
  Impl DFF        imp:/WORK/zigbee/DQPSK_CSK/Real_Sync_FIFO/mem_reg[676][0]

  Ref  DFF        ref:/WORK/zigbee/DQPSK_CSK/Real_Sync_FIFO/mem_reg[676][1]
  Impl DFF        imp:/WORK/zigbee/DQPSK_CSK/Real_Sync_FIFO/mem_reg[676][1]

  Ref  DFF        ref:/WORK/zigbee/DQPSK_CSK/Real_Sync_FIFO/mem_reg[677][0]
  Impl DFF        imp:/WORK/zigbee/DQPSK_CSK/Real_Sync_FIFO/mem_reg[677][0]

  Ref  DFF        ref:/WORK/zigbee/DQPSK_CSK/Real_Sync_FIFO/mem_reg[677][1]
  Impl DFF        imp:/WORK/zigbee/DQPSK_CSK/Real_Sync_FIFO/mem_reg[677][1]

  Ref  DFF        ref:/WORK/zigbee/DQPSK_CSK/Real_Sync_FIFO/mem_reg[678][0]
  Impl DFF        imp:/WORK/zigbee/DQPSK_CSK/Real_Sync_FIFO/mem_reg[678][0]

  Ref  DFF        ref:/WORK/zigbee/DQPSK_CSK/Real_Sync_FIFO/mem_reg[678][1]
  Impl DFF        imp:/WORK/zigbee/DQPSK_CSK/Real_Sync_FIFO/mem_reg[678][1]

  Ref  DFF        ref:/WORK/zigbee/DQPSK_CSK/Real_Sync_FIFO/mem_reg[679][0]
  Impl DFF        imp:/WORK/zigbee/DQPSK_CSK/Real_Sync_FIFO/mem_reg[679][0]

  Ref  DFF        ref:/WORK/zigbee/DQPSK_CSK/Real_Sync_FIFO/mem_reg[679][1]
  Impl DFF        imp:/WORK/zigbee/DQPSK_CSK/Real_Sync_FIFO/mem_reg[679][1]

  Ref  DFF        ref:/WORK/zigbee/DQPSK_CSK/Real_Sync_FIFO/mem_reg[67][0]
  Impl DFF        imp:/WORK/zigbee/DQPSK_CSK/Real_Sync_FIFO/mem_reg[67][0]

  Ref  DFF        ref:/WORK/zigbee/DQPSK_CSK/Real_Sync_FIFO/mem_reg[67][1]
  Impl DFF        imp:/WORK/zigbee/DQPSK_CSK/Real_Sync_FIFO/mem_reg[67][1]

  Ref  DFF        ref:/WORK/zigbee/DQPSK_CSK/Real_Sync_FIFO/mem_reg[680][0]
  Impl DFF        imp:/WORK/zigbee/DQPSK_CSK/Real_Sync_FIFO/mem_reg[680][0]

  Ref  DFF        ref:/WORK/zigbee/DQPSK_CSK/Real_Sync_FIFO/mem_reg[680][1]
  Impl DFF        imp:/WORK/zigbee/DQPSK_CSK/Real_Sync_FIFO/mem_reg[680][1]

  Ref  DFF        ref:/WORK/zigbee/DQPSK_CSK/Real_Sync_FIFO/mem_reg[681][0]
  Impl DFF        imp:/WORK/zigbee/DQPSK_CSK/Real_Sync_FIFO/mem_reg[681][0]

  Ref  DFF        ref:/WORK/zigbee/DQPSK_CSK/Real_Sync_FIFO/mem_reg[681][1]
  Impl DFF        imp:/WORK/zigbee/DQPSK_CSK/Real_Sync_FIFO/mem_reg[681][1]

  Ref  DFF        ref:/WORK/zigbee/DQPSK_CSK/Real_Sync_FIFO/mem_reg[682][0]
  Impl DFF        imp:/WORK/zigbee/DQPSK_CSK/Real_Sync_FIFO/mem_reg[682][0]

  Ref  DFF        ref:/WORK/zigbee/DQPSK_CSK/Real_Sync_FIFO/mem_reg[682][1]
  Impl DFF        imp:/WORK/zigbee/DQPSK_CSK/Real_Sync_FIFO/mem_reg[682][1]

  Ref  DFF        ref:/WORK/zigbee/DQPSK_CSK/Real_Sync_FIFO/mem_reg[683][0]
  Impl DFF        imp:/WORK/zigbee/DQPSK_CSK/Real_Sync_FIFO/mem_reg[683][0]

  Ref  DFF        ref:/WORK/zigbee/DQPSK_CSK/Real_Sync_FIFO/mem_reg[683][1]
  Impl DFF        imp:/WORK/zigbee/DQPSK_CSK/Real_Sync_FIFO/mem_reg[683][1]

  Ref  DFF        ref:/WORK/zigbee/DQPSK_CSK/Real_Sync_FIFO/mem_reg[684][0]
  Impl DFF        imp:/WORK/zigbee/DQPSK_CSK/Real_Sync_FIFO/mem_reg[684][0]

  Ref  DFF        ref:/WORK/zigbee/DQPSK_CSK/Real_Sync_FIFO/mem_reg[684][1]
  Impl DFF        imp:/WORK/zigbee/DQPSK_CSK/Real_Sync_FIFO/mem_reg[684][1]

  Ref  DFF        ref:/WORK/zigbee/DQPSK_CSK/Real_Sync_FIFO/mem_reg[685][0]
  Impl DFF        imp:/WORK/zigbee/DQPSK_CSK/Real_Sync_FIFO/mem_reg[685][0]

  Ref  DFF        ref:/WORK/zigbee/DQPSK_CSK/Real_Sync_FIFO/mem_reg[685][1]
  Impl DFF        imp:/WORK/zigbee/DQPSK_CSK/Real_Sync_FIFO/mem_reg[685][1]

  Ref  DFF        ref:/WORK/zigbee/DQPSK_CSK/Real_Sync_FIFO/mem_reg[686][0]
  Impl DFF        imp:/WORK/zigbee/DQPSK_CSK/Real_Sync_FIFO/mem_reg[686][0]

  Ref  DFF        ref:/WORK/zigbee/DQPSK_CSK/Real_Sync_FIFO/mem_reg[686][1]
  Impl DFF        imp:/WORK/zigbee/DQPSK_CSK/Real_Sync_FIFO/mem_reg[686][1]

  Ref  DFF        ref:/WORK/zigbee/DQPSK_CSK/Real_Sync_FIFO/mem_reg[687][0]
  Impl DFF        imp:/WORK/zigbee/DQPSK_CSK/Real_Sync_FIFO/mem_reg[687][0]

  Ref  DFF        ref:/WORK/zigbee/DQPSK_CSK/Real_Sync_FIFO/mem_reg[687][1]
  Impl DFF        imp:/WORK/zigbee/DQPSK_CSK/Real_Sync_FIFO/mem_reg[687][1]

  Ref  DFF        ref:/WORK/zigbee/DQPSK_CSK/Real_Sync_FIFO/mem_reg[688][0]
  Impl DFF        imp:/WORK/zigbee/DQPSK_CSK/Real_Sync_FIFO/mem_reg[688][0]

  Ref  DFF        ref:/WORK/zigbee/DQPSK_CSK/Real_Sync_FIFO/mem_reg[688][1]
  Impl DFF        imp:/WORK/zigbee/DQPSK_CSK/Real_Sync_FIFO/mem_reg[688][1]

  Ref  DFF        ref:/WORK/zigbee/DQPSK_CSK/Real_Sync_FIFO/mem_reg[689][0]
  Impl DFF        imp:/WORK/zigbee/DQPSK_CSK/Real_Sync_FIFO/mem_reg[689][0]

  Ref  DFF        ref:/WORK/zigbee/DQPSK_CSK/Real_Sync_FIFO/mem_reg[689][1]
  Impl DFF        imp:/WORK/zigbee/DQPSK_CSK/Real_Sync_FIFO/mem_reg[689][1]

  Ref  DFF        ref:/WORK/zigbee/DQPSK_CSK/Real_Sync_FIFO/mem_reg[68][0]
  Impl DFF        imp:/WORK/zigbee/DQPSK_CSK/Real_Sync_FIFO/mem_reg[68][0]

  Ref  DFF        ref:/WORK/zigbee/DQPSK_CSK/Real_Sync_FIFO/mem_reg[68][1]
  Impl DFF        imp:/WORK/zigbee/DQPSK_CSK/Real_Sync_FIFO/mem_reg[68][1]

  Ref  DFF        ref:/WORK/zigbee/DQPSK_CSK/Real_Sync_FIFO/mem_reg[690][0]
  Impl DFF        imp:/WORK/zigbee/DQPSK_CSK/Real_Sync_FIFO/mem_reg[690][0]

  Ref  DFF        ref:/WORK/zigbee/DQPSK_CSK/Real_Sync_FIFO/mem_reg[690][1]
  Impl DFF        imp:/WORK/zigbee/DQPSK_CSK/Real_Sync_FIFO/mem_reg[690][1]

  Ref  DFF        ref:/WORK/zigbee/DQPSK_CSK/Real_Sync_FIFO/mem_reg[691][0]
  Impl DFF        imp:/WORK/zigbee/DQPSK_CSK/Real_Sync_FIFO/mem_reg[691][0]

  Ref  DFF        ref:/WORK/zigbee/DQPSK_CSK/Real_Sync_FIFO/mem_reg[691][1]
  Impl DFF        imp:/WORK/zigbee/DQPSK_CSK/Real_Sync_FIFO/mem_reg[691][1]

  Ref  DFF        ref:/WORK/zigbee/DQPSK_CSK/Real_Sync_FIFO/mem_reg[692][0]
  Impl DFF        imp:/WORK/zigbee/DQPSK_CSK/Real_Sync_FIFO/mem_reg[692][0]

  Ref  DFF        ref:/WORK/zigbee/DQPSK_CSK/Real_Sync_FIFO/mem_reg[692][1]
  Impl DFF        imp:/WORK/zigbee/DQPSK_CSK/Real_Sync_FIFO/mem_reg[692][1]

  Ref  DFF        ref:/WORK/zigbee/DQPSK_CSK/Real_Sync_FIFO/mem_reg[693][0]
  Impl DFF        imp:/WORK/zigbee/DQPSK_CSK/Real_Sync_FIFO/mem_reg[693][0]

  Ref  DFF        ref:/WORK/zigbee/DQPSK_CSK/Real_Sync_FIFO/mem_reg[693][1]
  Impl DFF        imp:/WORK/zigbee/DQPSK_CSK/Real_Sync_FIFO/mem_reg[693][1]

  Ref  DFF        ref:/WORK/zigbee/DQPSK_CSK/Real_Sync_FIFO/mem_reg[694][0]
  Impl DFF        imp:/WORK/zigbee/DQPSK_CSK/Real_Sync_FIFO/mem_reg[694][0]

  Ref  DFF        ref:/WORK/zigbee/DQPSK_CSK/Real_Sync_FIFO/mem_reg[694][1]
  Impl DFF        imp:/WORK/zigbee/DQPSK_CSK/Real_Sync_FIFO/mem_reg[694][1]

  Ref  DFF        ref:/WORK/zigbee/DQPSK_CSK/Real_Sync_FIFO/mem_reg[695][0]
  Impl DFF        imp:/WORK/zigbee/DQPSK_CSK/Real_Sync_FIFO/mem_reg[695][0]

  Ref  DFF        ref:/WORK/zigbee/DQPSK_CSK/Real_Sync_FIFO/mem_reg[695][1]
  Impl DFF        imp:/WORK/zigbee/DQPSK_CSK/Real_Sync_FIFO/mem_reg[695][1]

  Ref  DFF        ref:/WORK/zigbee/DQPSK_CSK/Real_Sync_FIFO/mem_reg[696][0]
  Impl DFF        imp:/WORK/zigbee/DQPSK_CSK/Real_Sync_FIFO/mem_reg[696][0]

  Ref  DFF        ref:/WORK/zigbee/DQPSK_CSK/Real_Sync_FIFO/mem_reg[696][1]
  Impl DFF        imp:/WORK/zigbee/DQPSK_CSK/Real_Sync_FIFO/mem_reg[696][1]

  Ref  DFF        ref:/WORK/zigbee/DQPSK_CSK/Real_Sync_FIFO/mem_reg[697][0]
  Impl DFF        imp:/WORK/zigbee/DQPSK_CSK/Real_Sync_FIFO/mem_reg[697][0]

  Ref  DFF        ref:/WORK/zigbee/DQPSK_CSK/Real_Sync_FIFO/mem_reg[697][1]
  Impl DFF        imp:/WORK/zigbee/DQPSK_CSK/Real_Sync_FIFO/mem_reg[697][1]

  Ref  DFF        ref:/WORK/zigbee/DQPSK_CSK/Real_Sync_FIFO/mem_reg[698][0]
  Impl DFF        imp:/WORK/zigbee/DQPSK_CSK/Real_Sync_FIFO/mem_reg[698][0]

  Ref  DFF        ref:/WORK/zigbee/DQPSK_CSK/Real_Sync_FIFO/mem_reg[698][1]
  Impl DFF        imp:/WORK/zigbee/DQPSK_CSK/Real_Sync_FIFO/mem_reg[698][1]

  Ref  DFF        ref:/WORK/zigbee/DQPSK_CSK/Real_Sync_FIFO/mem_reg[699][0]
  Impl DFF        imp:/WORK/zigbee/DQPSK_CSK/Real_Sync_FIFO/mem_reg[699][0]

  Ref  DFF        ref:/WORK/zigbee/DQPSK_CSK/Real_Sync_FIFO/mem_reg[699][1]
  Impl DFF        imp:/WORK/zigbee/DQPSK_CSK/Real_Sync_FIFO/mem_reg[699][1]

  Ref  DFF        ref:/WORK/zigbee/DQPSK_CSK/Real_Sync_FIFO/mem_reg[69][0]
  Impl DFF        imp:/WORK/zigbee/DQPSK_CSK/Real_Sync_FIFO/mem_reg[69][0]

  Ref  DFF        ref:/WORK/zigbee/DQPSK_CSK/Real_Sync_FIFO/mem_reg[69][1]
  Impl DFF        imp:/WORK/zigbee/DQPSK_CSK/Real_Sync_FIFO/mem_reg[69][1]

  Ref  DFF        ref:/WORK/zigbee/DQPSK_CSK/Real_Sync_FIFO/mem_reg[6][0]
  Impl DFF        imp:/WORK/zigbee/DQPSK_CSK/Real_Sync_FIFO/mem_reg[6][0]

  Ref  DFF        ref:/WORK/zigbee/DQPSK_CSK/Real_Sync_FIFO/mem_reg[6][1]
  Impl DFF        imp:/WORK/zigbee/DQPSK_CSK/Real_Sync_FIFO/mem_reg[6][1]

  Ref  DFF        ref:/WORK/zigbee/DQPSK_CSK/Real_Sync_FIFO/mem_reg[700][0]
  Impl DFF        imp:/WORK/zigbee/DQPSK_CSK/Real_Sync_FIFO/mem_reg[700][0]

  Ref  DFF        ref:/WORK/zigbee/DQPSK_CSK/Real_Sync_FIFO/mem_reg[700][1]
  Impl DFF        imp:/WORK/zigbee/DQPSK_CSK/Real_Sync_FIFO/mem_reg[700][1]

  Ref  DFF        ref:/WORK/zigbee/DQPSK_CSK/Real_Sync_FIFO/mem_reg[701][0]
  Impl DFF        imp:/WORK/zigbee/DQPSK_CSK/Real_Sync_FIFO/mem_reg[701][0]

  Ref  DFF        ref:/WORK/zigbee/DQPSK_CSK/Real_Sync_FIFO/mem_reg[701][1]
  Impl DFF        imp:/WORK/zigbee/DQPSK_CSK/Real_Sync_FIFO/mem_reg[701][1]

  Ref  DFF        ref:/WORK/zigbee/DQPSK_CSK/Real_Sync_FIFO/mem_reg[702][0]
  Impl DFF        imp:/WORK/zigbee/DQPSK_CSK/Real_Sync_FIFO/mem_reg[702][0]

  Ref  DFF        ref:/WORK/zigbee/DQPSK_CSK/Real_Sync_FIFO/mem_reg[702][1]
  Impl DFF        imp:/WORK/zigbee/DQPSK_CSK/Real_Sync_FIFO/mem_reg[702][1]

  Ref  DFF        ref:/WORK/zigbee/DQPSK_CSK/Real_Sync_FIFO/mem_reg[703][0]
  Impl DFF        imp:/WORK/zigbee/DQPSK_CSK/Real_Sync_FIFO/mem_reg[703][0]

  Ref  DFF        ref:/WORK/zigbee/DQPSK_CSK/Real_Sync_FIFO/mem_reg[703][1]
  Impl DFF        imp:/WORK/zigbee/DQPSK_CSK/Real_Sync_FIFO/mem_reg[703][1]

  Ref  DFF        ref:/WORK/zigbee/DQPSK_CSK/Real_Sync_FIFO/mem_reg[704][0]
  Impl DFF        imp:/WORK/zigbee/DQPSK_CSK/Real_Sync_FIFO/mem_reg[704][0]

  Ref  DFF        ref:/WORK/zigbee/DQPSK_CSK/Real_Sync_FIFO/mem_reg[704][1]
  Impl DFF        imp:/WORK/zigbee/DQPSK_CSK/Real_Sync_FIFO/mem_reg[704][1]

  Ref  DFF        ref:/WORK/zigbee/DQPSK_CSK/Real_Sync_FIFO/mem_reg[705][0]
  Impl DFF        imp:/WORK/zigbee/DQPSK_CSK/Real_Sync_FIFO/mem_reg[705][0]

  Ref  DFF        ref:/WORK/zigbee/DQPSK_CSK/Real_Sync_FIFO/mem_reg[705][1]
  Impl DFF        imp:/WORK/zigbee/DQPSK_CSK/Real_Sync_FIFO/mem_reg[705][1]

  Ref  DFF        ref:/WORK/zigbee/DQPSK_CSK/Real_Sync_FIFO/mem_reg[706][0]
  Impl DFF        imp:/WORK/zigbee/DQPSK_CSK/Real_Sync_FIFO/mem_reg[706][0]

  Ref  DFF        ref:/WORK/zigbee/DQPSK_CSK/Real_Sync_FIFO/mem_reg[706][1]
  Impl DFF        imp:/WORK/zigbee/DQPSK_CSK/Real_Sync_FIFO/mem_reg[706][1]

  Ref  DFF        ref:/WORK/zigbee/DQPSK_CSK/Real_Sync_FIFO/mem_reg[707][0]
  Impl DFF        imp:/WORK/zigbee/DQPSK_CSK/Real_Sync_FIFO/mem_reg[707][0]

  Ref  DFF        ref:/WORK/zigbee/DQPSK_CSK/Real_Sync_FIFO/mem_reg[707][1]
  Impl DFF        imp:/WORK/zigbee/DQPSK_CSK/Real_Sync_FIFO/mem_reg[707][1]

  Ref  DFF        ref:/WORK/zigbee/DQPSK_CSK/Real_Sync_FIFO/mem_reg[708][0]
  Impl DFF        imp:/WORK/zigbee/DQPSK_CSK/Real_Sync_FIFO/mem_reg[708][0]

  Ref  DFF        ref:/WORK/zigbee/DQPSK_CSK/Real_Sync_FIFO/mem_reg[708][1]
  Impl DFF        imp:/WORK/zigbee/DQPSK_CSK/Real_Sync_FIFO/mem_reg[708][1]

  Ref  DFF        ref:/WORK/zigbee/DQPSK_CSK/Real_Sync_FIFO/mem_reg[709][0]
  Impl DFF        imp:/WORK/zigbee/DQPSK_CSK/Real_Sync_FIFO/mem_reg[709][0]

  Ref  DFF        ref:/WORK/zigbee/DQPSK_CSK/Real_Sync_FIFO/mem_reg[709][1]
  Impl DFF        imp:/WORK/zigbee/DQPSK_CSK/Real_Sync_FIFO/mem_reg[709][1]

  Ref  DFF        ref:/WORK/zigbee/DQPSK_CSK/Real_Sync_FIFO/mem_reg[70][0]
  Impl DFF        imp:/WORK/zigbee/DQPSK_CSK/Real_Sync_FIFO/mem_reg[70][0]

  Ref  DFF        ref:/WORK/zigbee/DQPSK_CSK/Real_Sync_FIFO/mem_reg[70][1]
  Impl DFF        imp:/WORK/zigbee/DQPSK_CSK/Real_Sync_FIFO/mem_reg[70][1]

  Ref  DFF        ref:/WORK/zigbee/DQPSK_CSK/Real_Sync_FIFO/mem_reg[710][0]
  Impl DFF        imp:/WORK/zigbee/DQPSK_CSK/Real_Sync_FIFO/mem_reg[710][0]

  Ref  DFF        ref:/WORK/zigbee/DQPSK_CSK/Real_Sync_FIFO/mem_reg[710][1]
  Impl DFF        imp:/WORK/zigbee/DQPSK_CSK/Real_Sync_FIFO/mem_reg[710][1]

  Ref  DFF        ref:/WORK/zigbee/DQPSK_CSK/Real_Sync_FIFO/mem_reg[711][0]
  Impl DFF        imp:/WORK/zigbee/DQPSK_CSK/Real_Sync_FIFO/mem_reg[711][0]

  Ref  DFF        ref:/WORK/zigbee/DQPSK_CSK/Real_Sync_FIFO/mem_reg[711][1]
  Impl DFF        imp:/WORK/zigbee/DQPSK_CSK/Real_Sync_FIFO/mem_reg[711][1]

  Ref  DFF        ref:/WORK/zigbee/DQPSK_CSK/Real_Sync_FIFO/mem_reg[712][0]
  Impl DFF        imp:/WORK/zigbee/DQPSK_CSK/Real_Sync_FIFO/mem_reg[712][0]

  Ref  DFF        ref:/WORK/zigbee/DQPSK_CSK/Real_Sync_FIFO/mem_reg[712][1]
  Impl DFF        imp:/WORK/zigbee/DQPSK_CSK/Real_Sync_FIFO/mem_reg[712][1]

  Ref  DFF        ref:/WORK/zigbee/DQPSK_CSK/Real_Sync_FIFO/mem_reg[713][0]
  Impl DFF        imp:/WORK/zigbee/DQPSK_CSK/Real_Sync_FIFO/mem_reg[713][0]

  Ref  DFF        ref:/WORK/zigbee/DQPSK_CSK/Real_Sync_FIFO/mem_reg[713][1]
  Impl DFF        imp:/WORK/zigbee/DQPSK_CSK/Real_Sync_FIFO/mem_reg[713][1]

  Ref  DFF        ref:/WORK/zigbee/DQPSK_CSK/Real_Sync_FIFO/mem_reg[714][0]
  Impl DFF        imp:/WORK/zigbee/DQPSK_CSK/Real_Sync_FIFO/mem_reg[714][0]

  Ref  DFF        ref:/WORK/zigbee/DQPSK_CSK/Real_Sync_FIFO/mem_reg[714][1]
  Impl DFF        imp:/WORK/zigbee/DQPSK_CSK/Real_Sync_FIFO/mem_reg[714][1]

  Ref  DFF        ref:/WORK/zigbee/DQPSK_CSK/Real_Sync_FIFO/mem_reg[715][0]
  Impl DFF        imp:/WORK/zigbee/DQPSK_CSK/Real_Sync_FIFO/mem_reg[715][0]

  Ref  DFF        ref:/WORK/zigbee/DQPSK_CSK/Real_Sync_FIFO/mem_reg[715][1]
  Impl DFF        imp:/WORK/zigbee/DQPSK_CSK/Real_Sync_FIFO/mem_reg[715][1]

  Ref  DFF        ref:/WORK/zigbee/DQPSK_CSK/Real_Sync_FIFO/mem_reg[716][0]
  Impl DFF        imp:/WORK/zigbee/DQPSK_CSK/Real_Sync_FIFO/mem_reg[716][0]

  Ref  DFF        ref:/WORK/zigbee/DQPSK_CSK/Real_Sync_FIFO/mem_reg[716][1]
  Impl DFF        imp:/WORK/zigbee/DQPSK_CSK/Real_Sync_FIFO/mem_reg[716][1]

  Ref  DFF        ref:/WORK/zigbee/DQPSK_CSK/Real_Sync_FIFO/mem_reg[717][0]
  Impl DFF        imp:/WORK/zigbee/DQPSK_CSK/Real_Sync_FIFO/mem_reg[717][0]

  Ref  DFF        ref:/WORK/zigbee/DQPSK_CSK/Real_Sync_FIFO/mem_reg[717][1]
  Impl DFF        imp:/WORK/zigbee/DQPSK_CSK/Real_Sync_FIFO/mem_reg[717][1]

  Ref  DFF        ref:/WORK/zigbee/DQPSK_CSK/Real_Sync_FIFO/mem_reg[718][0]
  Impl DFF        imp:/WORK/zigbee/DQPSK_CSK/Real_Sync_FIFO/mem_reg[718][0]

  Ref  DFF        ref:/WORK/zigbee/DQPSK_CSK/Real_Sync_FIFO/mem_reg[718][1]
  Impl DFF        imp:/WORK/zigbee/DQPSK_CSK/Real_Sync_FIFO/mem_reg[718][1]

  Ref  DFF        ref:/WORK/zigbee/DQPSK_CSK/Real_Sync_FIFO/mem_reg[719][0]
  Impl DFF        imp:/WORK/zigbee/DQPSK_CSK/Real_Sync_FIFO/mem_reg[719][0]

  Ref  DFF        ref:/WORK/zigbee/DQPSK_CSK/Real_Sync_FIFO/mem_reg[719][1]
  Impl DFF        imp:/WORK/zigbee/DQPSK_CSK/Real_Sync_FIFO/mem_reg[719][1]

  Ref  DFF        ref:/WORK/zigbee/DQPSK_CSK/Real_Sync_FIFO/mem_reg[71][0]
  Impl DFF        imp:/WORK/zigbee/DQPSK_CSK/Real_Sync_FIFO/mem_reg[71][0]

  Ref  DFF        ref:/WORK/zigbee/DQPSK_CSK/Real_Sync_FIFO/mem_reg[71][1]
  Impl DFF        imp:/WORK/zigbee/DQPSK_CSK/Real_Sync_FIFO/mem_reg[71][1]

  Ref  DFF        ref:/WORK/zigbee/DQPSK_CSK/Real_Sync_FIFO/mem_reg[720][0]
  Impl DFF        imp:/WORK/zigbee/DQPSK_CSK/Real_Sync_FIFO/mem_reg[720][0]

  Ref  DFF        ref:/WORK/zigbee/DQPSK_CSK/Real_Sync_FIFO/mem_reg[720][1]
  Impl DFF        imp:/WORK/zigbee/DQPSK_CSK/Real_Sync_FIFO/mem_reg[720][1]

  Ref  DFF        ref:/WORK/zigbee/DQPSK_CSK/Real_Sync_FIFO/mem_reg[721][0]
  Impl DFF        imp:/WORK/zigbee/DQPSK_CSK/Real_Sync_FIFO/mem_reg[721][0]

  Ref  DFF        ref:/WORK/zigbee/DQPSK_CSK/Real_Sync_FIFO/mem_reg[721][1]
  Impl DFF        imp:/WORK/zigbee/DQPSK_CSK/Real_Sync_FIFO/mem_reg[721][1]

  Ref  DFF        ref:/WORK/zigbee/DQPSK_CSK/Real_Sync_FIFO/mem_reg[722][0]
  Impl DFF        imp:/WORK/zigbee/DQPSK_CSK/Real_Sync_FIFO/mem_reg[722][0]

  Ref  DFF        ref:/WORK/zigbee/DQPSK_CSK/Real_Sync_FIFO/mem_reg[722][1]
  Impl DFF        imp:/WORK/zigbee/DQPSK_CSK/Real_Sync_FIFO/mem_reg[722][1]

  Ref  DFF        ref:/WORK/zigbee/DQPSK_CSK/Real_Sync_FIFO/mem_reg[723][0]
  Impl DFF        imp:/WORK/zigbee/DQPSK_CSK/Real_Sync_FIFO/mem_reg[723][0]

  Ref  DFF        ref:/WORK/zigbee/DQPSK_CSK/Real_Sync_FIFO/mem_reg[723][1]
  Impl DFF        imp:/WORK/zigbee/DQPSK_CSK/Real_Sync_FIFO/mem_reg[723][1]

  Ref  DFF        ref:/WORK/zigbee/DQPSK_CSK/Real_Sync_FIFO/mem_reg[724][0]
  Impl DFF        imp:/WORK/zigbee/DQPSK_CSK/Real_Sync_FIFO/mem_reg[724][0]

  Ref  DFF        ref:/WORK/zigbee/DQPSK_CSK/Real_Sync_FIFO/mem_reg[724][1]
  Impl DFF        imp:/WORK/zigbee/DQPSK_CSK/Real_Sync_FIFO/mem_reg[724][1]

  Ref  DFF        ref:/WORK/zigbee/DQPSK_CSK/Real_Sync_FIFO/mem_reg[725][0]
  Impl DFF        imp:/WORK/zigbee/DQPSK_CSK/Real_Sync_FIFO/mem_reg[725][0]

  Ref  DFF        ref:/WORK/zigbee/DQPSK_CSK/Real_Sync_FIFO/mem_reg[725][1]
  Impl DFF        imp:/WORK/zigbee/DQPSK_CSK/Real_Sync_FIFO/mem_reg[725][1]

  Ref  DFF        ref:/WORK/zigbee/DQPSK_CSK/Real_Sync_FIFO/mem_reg[726][0]
  Impl DFF        imp:/WORK/zigbee/DQPSK_CSK/Real_Sync_FIFO/mem_reg[726][0]

  Ref  DFF        ref:/WORK/zigbee/DQPSK_CSK/Real_Sync_FIFO/mem_reg[726][1]
  Impl DFF        imp:/WORK/zigbee/DQPSK_CSK/Real_Sync_FIFO/mem_reg[726][1]

  Ref  DFF        ref:/WORK/zigbee/DQPSK_CSK/Real_Sync_FIFO/mem_reg[727][0]
  Impl DFF        imp:/WORK/zigbee/DQPSK_CSK/Real_Sync_FIFO/mem_reg[727][0]

  Ref  DFF        ref:/WORK/zigbee/DQPSK_CSK/Real_Sync_FIFO/mem_reg[727][1]
  Impl DFF        imp:/WORK/zigbee/DQPSK_CSK/Real_Sync_FIFO/mem_reg[727][1]

  Ref  DFF        ref:/WORK/zigbee/DQPSK_CSK/Real_Sync_FIFO/mem_reg[728][0]
  Impl DFF        imp:/WORK/zigbee/DQPSK_CSK/Real_Sync_FIFO/mem_reg[728][0]

  Ref  DFF        ref:/WORK/zigbee/DQPSK_CSK/Real_Sync_FIFO/mem_reg[728][1]
  Impl DFF        imp:/WORK/zigbee/DQPSK_CSK/Real_Sync_FIFO/mem_reg[728][1]

  Ref  DFF        ref:/WORK/zigbee/DQPSK_CSK/Real_Sync_FIFO/mem_reg[729][0]
  Impl DFF        imp:/WORK/zigbee/DQPSK_CSK/Real_Sync_FIFO/mem_reg[729][0]

  Ref  DFF        ref:/WORK/zigbee/DQPSK_CSK/Real_Sync_FIFO/mem_reg[729][1]
  Impl DFF        imp:/WORK/zigbee/DQPSK_CSK/Real_Sync_FIFO/mem_reg[729][1]

  Ref  DFF        ref:/WORK/zigbee/DQPSK_CSK/Real_Sync_FIFO/mem_reg[72][0]
  Impl DFF        imp:/WORK/zigbee/DQPSK_CSK/Real_Sync_FIFO/mem_reg[72][0]

  Ref  DFF        ref:/WORK/zigbee/DQPSK_CSK/Real_Sync_FIFO/mem_reg[72][1]
  Impl DFF        imp:/WORK/zigbee/DQPSK_CSK/Real_Sync_FIFO/mem_reg[72][1]

  Ref  DFF        ref:/WORK/zigbee/DQPSK_CSK/Real_Sync_FIFO/mem_reg[730][0]
  Impl DFF        imp:/WORK/zigbee/DQPSK_CSK/Real_Sync_FIFO/mem_reg[730][0]

  Ref  DFF        ref:/WORK/zigbee/DQPSK_CSK/Real_Sync_FIFO/mem_reg[730][1]
  Impl DFF        imp:/WORK/zigbee/DQPSK_CSK/Real_Sync_FIFO/mem_reg[730][1]

  Ref  DFF        ref:/WORK/zigbee/DQPSK_CSK/Real_Sync_FIFO/mem_reg[731][0]
  Impl DFF        imp:/WORK/zigbee/DQPSK_CSK/Real_Sync_FIFO/mem_reg[731][0]

  Ref  DFF        ref:/WORK/zigbee/DQPSK_CSK/Real_Sync_FIFO/mem_reg[731][1]
  Impl DFF        imp:/WORK/zigbee/DQPSK_CSK/Real_Sync_FIFO/mem_reg[731][1]

  Ref  DFF        ref:/WORK/zigbee/DQPSK_CSK/Real_Sync_FIFO/mem_reg[732][0]
  Impl DFF        imp:/WORK/zigbee/DQPSK_CSK/Real_Sync_FIFO/mem_reg[732][0]

  Ref  DFF        ref:/WORK/zigbee/DQPSK_CSK/Real_Sync_FIFO/mem_reg[732][1]
  Impl DFF        imp:/WORK/zigbee/DQPSK_CSK/Real_Sync_FIFO/mem_reg[732][1]

  Ref  DFF        ref:/WORK/zigbee/DQPSK_CSK/Real_Sync_FIFO/mem_reg[733][0]
  Impl DFF        imp:/WORK/zigbee/DQPSK_CSK/Real_Sync_FIFO/mem_reg[733][0]

  Ref  DFF        ref:/WORK/zigbee/DQPSK_CSK/Real_Sync_FIFO/mem_reg[733][1]
  Impl DFF        imp:/WORK/zigbee/DQPSK_CSK/Real_Sync_FIFO/mem_reg[733][1]

  Ref  DFF        ref:/WORK/zigbee/DQPSK_CSK/Real_Sync_FIFO/mem_reg[734][0]
  Impl DFF        imp:/WORK/zigbee/DQPSK_CSK/Real_Sync_FIFO/mem_reg[734][0]

  Ref  DFF        ref:/WORK/zigbee/DQPSK_CSK/Real_Sync_FIFO/mem_reg[734][1]
  Impl DFF        imp:/WORK/zigbee/DQPSK_CSK/Real_Sync_FIFO/mem_reg[734][1]

  Ref  DFF        ref:/WORK/zigbee/DQPSK_CSK/Real_Sync_FIFO/mem_reg[735][0]
  Impl DFF        imp:/WORK/zigbee/DQPSK_CSK/Real_Sync_FIFO/mem_reg[735][0]

  Ref  DFF        ref:/WORK/zigbee/DQPSK_CSK/Real_Sync_FIFO/mem_reg[735][1]
  Impl DFF        imp:/WORK/zigbee/DQPSK_CSK/Real_Sync_FIFO/mem_reg[735][1]

  Ref  DFF        ref:/WORK/zigbee/DQPSK_CSK/Real_Sync_FIFO/mem_reg[736][0]
  Impl DFF        imp:/WORK/zigbee/DQPSK_CSK/Real_Sync_FIFO/mem_reg[736][0]

  Ref  DFF        ref:/WORK/zigbee/DQPSK_CSK/Real_Sync_FIFO/mem_reg[736][1]
  Impl DFF        imp:/WORK/zigbee/DQPSK_CSK/Real_Sync_FIFO/mem_reg[736][1]

  Ref  DFF        ref:/WORK/zigbee/DQPSK_CSK/Real_Sync_FIFO/mem_reg[737][0]
  Impl DFF        imp:/WORK/zigbee/DQPSK_CSK/Real_Sync_FIFO/mem_reg[737][0]

  Ref  DFF        ref:/WORK/zigbee/DQPSK_CSK/Real_Sync_FIFO/mem_reg[737][1]
  Impl DFF        imp:/WORK/zigbee/DQPSK_CSK/Real_Sync_FIFO/mem_reg[737][1]

  Ref  DFF        ref:/WORK/zigbee/DQPSK_CSK/Real_Sync_FIFO/mem_reg[738][0]
  Impl DFF        imp:/WORK/zigbee/DQPSK_CSK/Real_Sync_FIFO/mem_reg[738][0]

  Ref  DFF        ref:/WORK/zigbee/DQPSK_CSK/Real_Sync_FIFO/mem_reg[738][1]
  Impl DFF        imp:/WORK/zigbee/DQPSK_CSK/Real_Sync_FIFO/mem_reg[738][1]

  Ref  DFF        ref:/WORK/zigbee/DQPSK_CSK/Real_Sync_FIFO/mem_reg[739][0]
  Impl DFF        imp:/WORK/zigbee/DQPSK_CSK/Real_Sync_FIFO/mem_reg[739][0]

  Ref  DFF        ref:/WORK/zigbee/DQPSK_CSK/Real_Sync_FIFO/mem_reg[739][1]
  Impl DFF        imp:/WORK/zigbee/DQPSK_CSK/Real_Sync_FIFO/mem_reg[739][1]

  Ref  DFF        ref:/WORK/zigbee/DQPSK_CSK/Real_Sync_FIFO/mem_reg[73][0]
  Impl DFF        imp:/WORK/zigbee/DQPSK_CSK/Real_Sync_FIFO/mem_reg[73][0]

  Ref  DFF        ref:/WORK/zigbee/DQPSK_CSK/Real_Sync_FIFO/mem_reg[73][1]
  Impl DFF        imp:/WORK/zigbee/DQPSK_CSK/Real_Sync_FIFO/mem_reg[73][1]

  Ref  DFF        ref:/WORK/zigbee/DQPSK_CSK/Real_Sync_FIFO/mem_reg[740][0]
  Impl DFF        imp:/WORK/zigbee/DQPSK_CSK/Real_Sync_FIFO/mem_reg[740][0]

  Ref  DFF        ref:/WORK/zigbee/DQPSK_CSK/Real_Sync_FIFO/mem_reg[740][1]
  Impl DFF        imp:/WORK/zigbee/DQPSK_CSK/Real_Sync_FIFO/mem_reg[740][1]

  Ref  DFF        ref:/WORK/zigbee/DQPSK_CSK/Real_Sync_FIFO/mem_reg[741][0]
  Impl DFF        imp:/WORK/zigbee/DQPSK_CSK/Real_Sync_FIFO/mem_reg[741][0]

  Ref  DFF        ref:/WORK/zigbee/DQPSK_CSK/Real_Sync_FIFO/mem_reg[741][1]
  Impl DFF        imp:/WORK/zigbee/DQPSK_CSK/Real_Sync_FIFO/mem_reg[741][1]

  Ref  DFF        ref:/WORK/zigbee/DQPSK_CSK/Real_Sync_FIFO/mem_reg[742][0]
  Impl DFF        imp:/WORK/zigbee/DQPSK_CSK/Real_Sync_FIFO/mem_reg[742][0]

  Ref  DFF        ref:/WORK/zigbee/DQPSK_CSK/Real_Sync_FIFO/mem_reg[742][1]
  Impl DFF        imp:/WORK/zigbee/DQPSK_CSK/Real_Sync_FIFO/mem_reg[742][1]

  Ref  DFF        ref:/WORK/zigbee/DQPSK_CSK/Real_Sync_FIFO/mem_reg[743][0]
  Impl DFF        imp:/WORK/zigbee/DQPSK_CSK/Real_Sync_FIFO/mem_reg[743][0]

  Ref  DFF        ref:/WORK/zigbee/DQPSK_CSK/Real_Sync_FIFO/mem_reg[743][1]
  Impl DFF        imp:/WORK/zigbee/DQPSK_CSK/Real_Sync_FIFO/mem_reg[743][1]

  Ref  DFF        ref:/WORK/zigbee/DQPSK_CSK/Real_Sync_FIFO/mem_reg[744][0]
  Impl DFF        imp:/WORK/zigbee/DQPSK_CSK/Real_Sync_FIFO/mem_reg[744][0]

  Ref  DFF        ref:/WORK/zigbee/DQPSK_CSK/Real_Sync_FIFO/mem_reg[744][1]
  Impl DFF        imp:/WORK/zigbee/DQPSK_CSK/Real_Sync_FIFO/mem_reg[744][1]

  Ref  DFF        ref:/WORK/zigbee/DQPSK_CSK/Real_Sync_FIFO/mem_reg[745][0]
  Impl DFF        imp:/WORK/zigbee/DQPSK_CSK/Real_Sync_FIFO/mem_reg[745][0]

  Ref  DFF        ref:/WORK/zigbee/DQPSK_CSK/Real_Sync_FIFO/mem_reg[745][1]
  Impl DFF        imp:/WORK/zigbee/DQPSK_CSK/Real_Sync_FIFO/mem_reg[745][1]

  Ref  DFF        ref:/WORK/zigbee/DQPSK_CSK/Real_Sync_FIFO/mem_reg[746][0]
  Impl DFF        imp:/WORK/zigbee/DQPSK_CSK/Real_Sync_FIFO/mem_reg[746][0]

  Ref  DFF        ref:/WORK/zigbee/DQPSK_CSK/Real_Sync_FIFO/mem_reg[746][1]
  Impl DFF        imp:/WORK/zigbee/DQPSK_CSK/Real_Sync_FIFO/mem_reg[746][1]

  Ref  DFF        ref:/WORK/zigbee/DQPSK_CSK/Real_Sync_FIFO/mem_reg[747][0]
  Impl DFF        imp:/WORK/zigbee/DQPSK_CSK/Real_Sync_FIFO/mem_reg[747][0]

  Ref  DFF        ref:/WORK/zigbee/DQPSK_CSK/Real_Sync_FIFO/mem_reg[747][1]
  Impl DFF        imp:/WORK/zigbee/DQPSK_CSK/Real_Sync_FIFO/mem_reg[747][1]

  Ref  DFF        ref:/WORK/zigbee/DQPSK_CSK/Real_Sync_FIFO/mem_reg[748][0]
  Impl DFF        imp:/WORK/zigbee/DQPSK_CSK/Real_Sync_FIFO/mem_reg[748][0]

  Ref  DFF        ref:/WORK/zigbee/DQPSK_CSK/Real_Sync_FIFO/mem_reg[748][1]
  Impl DFF        imp:/WORK/zigbee/DQPSK_CSK/Real_Sync_FIFO/mem_reg[748][1]

  Ref  DFF        ref:/WORK/zigbee/DQPSK_CSK/Real_Sync_FIFO/mem_reg[749][0]
  Impl DFF        imp:/WORK/zigbee/DQPSK_CSK/Real_Sync_FIFO/mem_reg[749][0]

  Ref  DFF        ref:/WORK/zigbee/DQPSK_CSK/Real_Sync_FIFO/mem_reg[749][1]
  Impl DFF        imp:/WORK/zigbee/DQPSK_CSK/Real_Sync_FIFO/mem_reg[749][1]

  Ref  DFF        ref:/WORK/zigbee/DQPSK_CSK/Real_Sync_FIFO/mem_reg[74][0]
  Impl DFF        imp:/WORK/zigbee/DQPSK_CSK/Real_Sync_FIFO/mem_reg[74][0]

  Ref  DFF        ref:/WORK/zigbee/DQPSK_CSK/Real_Sync_FIFO/mem_reg[74][1]
  Impl DFF        imp:/WORK/zigbee/DQPSK_CSK/Real_Sync_FIFO/mem_reg[74][1]

  Ref  DFF        ref:/WORK/zigbee/DQPSK_CSK/Real_Sync_FIFO/mem_reg[750][0]
  Impl DFF        imp:/WORK/zigbee/DQPSK_CSK/Real_Sync_FIFO/mem_reg[750][0]

  Ref  DFF        ref:/WORK/zigbee/DQPSK_CSK/Real_Sync_FIFO/mem_reg[750][1]
  Impl DFF        imp:/WORK/zigbee/DQPSK_CSK/Real_Sync_FIFO/mem_reg[750][1]

  Ref  DFF        ref:/WORK/zigbee/DQPSK_CSK/Real_Sync_FIFO/mem_reg[751][0]
  Impl DFF        imp:/WORK/zigbee/DQPSK_CSK/Real_Sync_FIFO/mem_reg[751][0]

  Ref  DFF        ref:/WORK/zigbee/DQPSK_CSK/Real_Sync_FIFO/mem_reg[751][1]
  Impl DFF        imp:/WORK/zigbee/DQPSK_CSK/Real_Sync_FIFO/mem_reg[751][1]

  Ref  DFF        ref:/WORK/zigbee/DQPSK_CSK/Real_Sync_FIFO/mem_reg[752][0]
  Impl DFF        imp:/WORK/zigbee/DQPSK_CSK/Real_Sync_FIFO/mem_reg[752][0]

  Ref  DFF        ref:/WORK/zigbee/DQPSK_CSK/Real_Sync_FIFO/mem_reg[752][1]
  Impl DFF        imp:/WORK/zigbee/DQPSK_CSK/Real_Sync_FIFO/mem_reg[752][1]

  Ref  DFF        ref:/WORK/zigbee/DQPSK_CSK/Real_Sync_FIFO/mem_reg[753][0]
  Impl DFF        imp:/WORK/zigbee/DQPSK_CSK/Real_Sync_FIFO/mem_reg[753][0]

  Ref  DFF        ref:/WORK/zigbee/DQPSK_CSK/Real_Sync_FIFO/mem_reg[753][1]
  Impl DFF        imp:/WORK/zigbee/DQPSK_CSK/Real_Sync_FIFO/mem_reg[753][1]

  Ref  DFF        ref:/WORK/zigbee/DQPSK_CSK/Real_Sync_FIFO/mem_reg[754][0]
  Impl DFF        imp:/WORK/zigbee/DQPSK_CSK/Real_Sync_FIFO/mem_reg[754][0]

  Ref  DFF        ref:/WORK/zigbee/DQPSK_CSK/Real_Sync_FIFO/mem_reg[754][1]
  Impl DFF        imp:/WORK/zigbee/DQPSK_CSK/Real_Sync_FIFO/mem_reg[754][1]

  Ref  DFF        ref:/WORK/zigbee/DQPSK_CSK/Real_Sync_FIFO/mem_reg[755][0]
  Impl DFF        imp:/WORK/zigbee/DQPSK_CSK/Real_Sync_FIFO/mem_reg[755][0]

  Ref  DFF        ref:/WORK/zigbee/DQPSK_CSK/Real_Sync_FIFO/mem_reg[755][1]
  Impl DFF        imp:/WORK/zigbee/DQPSK_CSK/Real_Sync_FIFO/mem_reg[755][1]

  Ref  DFF        ref:/WORK/zigbee/DQPSK_CSK/Real_Sync_FIFO/mem_reg[756][0]
  Impl DFF        imp:/WORK/zigbee/DQPSK_CSK/Real_Sync_FIFO/mem_reg[756][0]

  Ref  DFF        ref:/WORK/zigbee/DQPSK_CSK/Real_Sync_FIFO/mem_reg[756][1]
  Impl DFF        imp:/WORK/zigbee/DQPSK_CSK/Real_Sync_FIFO/mem_reg[756][1]

  Ref  DFF        ref:/WORK/zigbee/DQPSK_CSK/Real_Sync_FIFO/mem_reg[757][0]
  Impl DFF        imp:/WORK/zigbee/DQPSK_CSK/Real_Sync_FIFO/mem_reg[757][0]

  Ref  DFF        ref:/WORK/zigbee/DQPSK_CSK/Real_Sync_FIFO/mem_reg[757][1]
  Impl DFF        imp:/WORK/zigbee/DQPSK_CSK/Real_Sync_FIFO/mem_reg[757][1]

  Ref  DFF        ref:/WORK/zigbee/DQPSK_CSK/Real_Sync_FIFO/mem_reg[758][0]
  Impl DFF        imp:/WORK/zigbee/DQPSK_CSK/Real_Sync_FIFO/mem_reg[758][0]

  Ref  DFF        ref:/WORK/zigbee/DQPSK_CSK/Real_Sync_FIFO/mem_reg[758][1]
  Impl DFF        imp:/WORK/zigbee/DQPSK_CSK/Real_Sync_FIFO/mem_reg[758][1]

  Ref  DFF        ref:/WORK/zigbee/DQPSK_CSK/Real_Sync_FIFO/mem_reg[759][0]
  Impl DFF        imp:/WORK/zigbee/DQPSK_CSK/Real_Sync_FIFO/mem_reg[759][0]

  Ref  DFF        ref:/WORK/zigbee/DQPSK_CSK/Real_Sync_FIFO/mem_reg[759][1]
  Impl DFF        imp:/WORK/zigbee/DQPSK_CSK/Real_Sync_FIFO/mem_reg[759][1]

  Ref  DFF        ref:/WORK/zigbee/DQPSK_CSK/Real_Sync_FIFO/mem_reg[75][0]
  Impl DFF        imp:/WORK/zigbee/DQPSK_CSK/Real_Sync_FIFO/mem_reg[75][0]

  Ref  DFF        ref:/WORK/zigbee/DQPSK_CSK/Real_Sync_FIFO/mem_reg[75][1]
  Impl DFF        imp:/WORK/zigbee/DQPSK_CSK/Real_Sync_FIFO/mem_reg[75][1]

  Ref  DFF        ref:/WORK/zigbee/DQPSK_CSK/Real_Sync_FIFO/mem_reg[760][0]
  Impl DFF        imp:/WORK/zigbee/DQPSK_CSK/Real_Sync_FIFO/mem_reg[760][0]

  Ref  DFF        ref:/WORK/zigbee/DQPSK_CSK/Real_Sync_FIFO/mem_reg[760][1]
  Impl DFF        imp:/WORK/zigbee/DQPSK_CSK/Real_Sync_FIFO/mem_reg[760][1]

  Ref  DFF        ref:/WORK/zigbee/DQPSK_CSK/Real_Sync_FIFO/mem_reg[761][0]
  Impl DFF        imp:/WORK/zigbee/DQPSK_CSK/Real_Sync_FIFO/mem_reg[761][0]

  Ref  DFF        ref:/WORK/zigbee/DQPSK_CSK/Real_Sync_FIFO/mem_reg[761][1]
  Impl DFF        imp:/WORK/zigbee/DQPSK_CSK/Real_Sync_FIFO/mem_reg[761][1]

  Ref  DFF        ref:/WORK/zigbee/DQPSK_CSK/Real_Sync_FIFO/mem_reg[762][0]
  Impl DFF        imp:/WORK/zigbee/DQPSK_CSK/Real_Sync_FIFO/mem_reg[762][0]

  Ref  DFF        ref:/WORK/zigbee/DQPSK_CSK/Real_Sync_FIFO/mem_reg[762][1]
  Impl DFF        imp:/WORK/zigbee/DQPSK_CSK/Real_Sync_FIFO/mem_reg[762][1]

  Ref  DFF        ref:/WORK/zigbee/DQPSK_CSK/Real_Sync_FIFO/mem_reg[763][0]
  Impl DFF        imp:/WORK/zigbee/DQPSK_CSK/Real_Sync_FIFO/mem_reg[763][0]

  Ref  DFF        ref:/WORK/zigbee/DQPSK_CSK/Real_Sync_FIFO/mem_reg[763][1]
  Impl DFF        imp:/WORK/zigbee/DQPSK_CSK/Real_Sync_FIFO/mem_reg[763][1]

  Ref  DFF        ref:/WORK/zigbee/DQPSK_CSK/Real_Sync_FIFO/mem_reg[764][0]
  Impl DFF        imp:/WORK/zigbee/DQPSK_CSK/Real_Sync_FIFO/mem_reg[764][0]

  Ref  DFF        ref:/WORK/zigbee/DQPSK_CSK/Real_Sync_FIFO/mem_reg[764][1]
  Impl DFF        imp:/WORK/zigbee/DQPSK_CSK/Real_Sync_FIFO/mem_reg[764][1]

  Ref  DFF        ref:/WORK/zigbee/DQPSK_CSK/Real_Sync_FIFO/mem_reg[765][0]
  Impl DFF        imp:/WORK/zigbee/DQPSK_CSK/Real_Sync_FIFO/mem_reg[765][0]

  Ref  DFF        ref:/WORK/zigbee/DQPSK_CSK/Real_Sync_FIFO/mem_reg[765][1]
  Impl DFF        imp:/WORK/zigbee/DQPSK_CSK/Real_Sync_FIFO/mem_reg[765][1]

  Ref  DFF        ref:/WORK/zigbee/DQPSK_CSK/Real_Sync_FIFO/mem_reg[766][0]
  Impl DFF        imp:/WORK/zigbee/DQPSK_CSK/Real_Sync_FIFO/mem_reg[766][0]

  Ref  DFF        ref:/WORK/zigbee/DQPSK_CSK/Real_Sync_FIFO/mem_reg[766][1]
  Impl DFF        imp:/WORK/zigbee/DQPSK_CSK/Real_Sync_FIFO/mem_reg[766][1]

  Ref  DFF        ref:/WORK/zigbee/DQPSK_CSK/Real_Sync_FIFO/mem_reg[767][0]
  Impl DFF        imp:/WORK/zigbee/DQPSK_CSK/Real_Sync_FIFO/mem_reg[767][0]

  Ref  DFF        ref:/WORK/zigbee/DQPSK_CSK/Real_Sync_FIFO/mem_reg[767][1]
  Impl DFF        imp:/WORK/zigbee/DQPSK_CSK/Real_Sync_FIFO/mem_reg[767][1]

  Ref  DFF        ref:/WORK/zigbee/DQPSK_CSK/Real_Sync_FIFO/mem_reg[768][0]
  Impl DFF        imp:/WORK/zigbee/DQPSK_CSK/Real_Sync_FIFO/mem_reg[768][0]

  Ref  DFF        ref:/WORK/zigbee/DQPSK_CSK/Real_Sync_FIFO/mem_reg[768][1]
  Impl DFF        imp:/WORK/zigbee/DQPSK_CSK/Real_Sync_FIFO/mem_reg[768][1]

  Ref  DFF        ref:/WORK/zigbee/DQPSK_CSK/Real_Sync_FIFO/mem_reg[769][0]
  Impl DFF        imp:/WORK/zigbee/DQPSK_CSK/Real_Sync_FIFO/mem_reg[769][0]

  Ref  DFF        ref:/WORK/zigbee/DQPSK_CSK/Real_Sync_FIFO/mem_reg[769][1]
  Impl DFF        imp:/WORK/zigbee/DQPSK_CSK/Real_Sync_FIFO/mem_reg[769][1]

  Ref  DFF        ref:/WORK/zigbee/DQPSK_CSK/Real_Sync_FIFO/mem_reg[76][0]
  Impl DFF        imp:/WORK/zigbee/DQPSK_CSK/Real_Sync_FIFO/mem_reg[76][0]

  Ref  DFF        ref:/WORK/zigbee/DQPSK_CSK/Real_Sync_FIFO/mem_reg[76][1]
  Impl DFF        imp:/WORK/zigbee/DQPSK_CSK/Real_Sync_FIFO/mem_reg[76][1]

  Ref  DFF        ref:/WORK/zigbee/DQPSK_CSK/Real_Sync_FIFO/mem_reg[770][0]
  Impl DFF        imp:/WORK/zigbee/DQPSK_CSK/Real_Sync_FIFO/mem_reg[770][0]

  Ref  DFF        ref:/WORK/zigbee/DQPSK_CSK/Real_Sync_FIFO/mem_reg[770][1]
  Impl DFF        imp:/WORK/zigbee/DQPSK_CSK/Real_Sync_FIFO/mem_reg[770][1]

  Ref  DFF        ref:/WORK/zigbee/DQPSK_CSK/Real_Sync_FIFO/mem_reg[771][0]
  Impl DFF        imp:/WORK/zigbee/DQPSK_CSK/Real_Sync_FIFO/mem_reg[771][0]

  Ref  DFF        ref:/WORK/zigbee/DQPSK_CSK/Real_Sync_FIFO/mem_reg[771][1]
  Impl DFF        imp:/WORK/zigbee/DQPSK_CSK/Real_Sync_FIFO/mem_reg[771][1]

  Ref  DFF        ref:/WORK/zigbee/DQPSK_CSK/Real_Sync_FIFO/mem_reg[772][0]
  Impl DFF        imp:/WORK/zigbee/DQPSK_CSK/Real_Sync_FIFO/mem_reg[772][0]

  Ref  DFF        ref:/WORK/zigbee/DQPSK_CSK/Real_Sync_FIFO/mem_reg[772][1]
  Impl DFF        imp:/WORK/zigbee/DQPSK_CSK/Real_Sync_FIFO/mem_reg[772][1]

  Ref  DFF        ref:/WORK/zigbee/DQPSK_CSK/Real_Sync_FIFO/mem_reg[773][0]
  Impl DFF        imp:/WORK/zigbee/DQPSK_CSK/Real_Sync_FIFO/mem_reg[773][0]

  Ref  DFF        ref:/WORK/zigbee/DQPSK_CSK/Real_Sync_FIFO/mem_reg[773][1]
  Impl DFF        imp:/WORK/zigbee/DQPSK_CSK/Real_Sync_FIFO/mem_reg[773][1]

  Ref  DFF        ref:/WORK/zigbee/DQPSK_CSK/Real_Sync_FIFO/mem_reg[774][0]
  Impl DFF        imp:/WORK/zigbee/DQPSK_CSK/Real_Sync_FIFO/mem_reg[774][0]

  Ref  DFF        ref:/WORK/zigbee/DQPSK_CSK/Real_Sync_FIFO/mem_reg[774][1]
  Impl DFF        imp:/WORK/zigbee/DQPSK_CSK/Real_Sync_FIFO/mem_reg[774][1]

  Ref  DFF        ref:/WORK/zigbee/DQPSK_CSK/Real_Sync_FIFO/mem_reg[775][0]
  Impl DFF        imp:/WORK/zigbee/DQPSK_CSK/Real_Sync_FIFO/mem_reg[775][0]

  Ref  DFF        ref:/WORK/zigbee/DQPSK_CSK/Real_Sync_FIFO/mem_reg[775][1]
  Impl DFF        imp:/WORK/zigbee/DQPSK_CSK/Real_Sync_FIFO/mem_reg[775][1]

  Ref  DFF        ref:/WORK/zigbee/DQPSK_CSK/Real_Sync_FIFO/mem_reg[776][0]
  Impl DFF        imp:/WORK/zigbee/DQPSK_CSK/Real_Sync_FIFO/mem_reg[776][0]

  Ref  DFF        ref:/WORK/zigbee/DQPSK_CSK/Real_Sync_FIFO/mem_reg[776][1]
  Impl DFF        imp:/WORK/zigbee/DQPSK_CSK/Real_Sync_FIFO/mem_reg[776][1]

  Ref  DFF        ref:/WORK/zigbee/DQPSK_CSK/Real_Sync_FIFO/mem_reg[777][0]
  Impl DFF        imp:/WORK/zigbee/DQPSK_CSK/Real_Sync_FIFO/mem_reg[777][0]

  Ref  DFF        ref:/WORK/zigbee/DQPSK_CSK/Real_Sync_FIFO/mem_reg[777][1]
  Impl DFF        imp:/WORK/zigbee/DQPSK_CSK/Real_Sync_FIFO/mem_reg[777][1]

  Ref  DFF        ref:/WORK/zigbee/DQPSK_CSK/Real_Sync_FIFO/mem_reg[778][0]
  Impl DFF        imp:/WORK/zigbee/DQPSK_CSK/Real_Sync_FIFO/mem_reg[778][0]

  Ref  DFF        ref:/WORK/zigbee/DQPSK_CSK/Real_Sync_FIFO/mem_reg[778][1]
  Impl DFF        imp:/WORK/zigbee/DQPSK_CSK/Real_Sync_FIFO/mem_reg[778][1]

  Ref  DFF        ref:/WORK/zigbee/DQPSK_CSK/Real_Sync_FIFO/mem_reg[779][0]
  Impl DFF        imp:/WORK/zigbee/DQPSK_CSK/Real_Sync_FIFO/mem_reg[779][0]

  Ref  DFF        ref:/WORK/zigbee/DQPSK_CSK/Real_Sync_FIFO/mem_reg[779][1]
  Impl DFF        imp:/WORK/zigbee/DQPSK_CSK/Real_Sync_FIFO/mem_reg[779][1]

  Ref  DFF        ref:/WORK/zigbee/DQPSK_CSK/Real_Sync_FIFO/mem_reg[77][0]
  Impl DFF        imp:/WORK/zigbee/DQPSK_CSK/Real_Sync_FIFO/mem_reg[77][0]

  Ref  DFF        ref:/WORK/zigbee/DQPSK_CSK/Real_Sync_FIFO/mem_reg[77][1]
  Impl DFF        imp:/WORK/zigbee/DQPSK_CSK/Real_Sync_FIFO/mem_reg[77][1]

  Ref  DFF        ref:/WORK/zigbee/DQPSK_CSK/Real_Sync_FIFO/mem_reg[780][0]
  Impl DFF        imp:/WORK/zigbee/DQPSK_CSK/Real_Sync_FIFO/mem_reg[780][0]

  Ref  DFF        ref:/WORK/zigbee/DQPSK_CSK/Real_Sync_FIFO/mem_reg[780][1]
  Impl DFF        imp:/WORK/zigbee/DQPSK_CSK/Real_Sync_FIFO/mem_reg[780][1]

  Ref  DFF        ref:/WORK/zigbee/DQPSK_CSK/Real_Sync_FIFO/mem_reg[781][0]
  Impl DFF        imp:/WORK/zigbee/DQPSK_CSK/Real_Sync_FIFO/mem_reg[781][0]

  Ref  DFF        ref:/WORK/zigbee/DQPSK_CSK/Real_Sync_FIFO/mem_reg[781][1]
  Impl DFF        imp:/WORK/zigbee/DQPSK_CSK/Real_Sync_FIFO/mem_reg[781][1]

  Ref  DFF        ref:/WORK/zigbee/DQPSK_CSK/Real_Sync_FIFO/mem_reg[782][0]
  Impl DFF        imp:/WORK/zigbee/DQPSK_CSK/Real_Sync_FIFO/mem_reg[782][0]

  Ref  DFF        ref:/WORK/zigbee/DQPSK_CSK/Real_Sync_FIFO/mem_reg[782][1]
  Impl DFF        imp:/WORK/zigbee/DQPSK_CSK/Real_Sync_FIFO/mem_reg[782][1]

  Ref  DFF        ref:/WORK/zigbee/DQPSK_CSK/Real_Sync_FIFO/mem_reg[783][0]
  Impl DFF        imp:/WORK/zigbee/DQPSK_CSK/Real_Sync_FIFO/mem_reg[783][0]

  Ref  DFF        ref:/WORK/zigbee/DQPSK_CSK/Real_Sync_FIFO/mem_reg[783][1]
  Impl DFF        imp:/WORK/zigbee/DQPSK_CSK/Real_Sync_FIFO/mem_reg[783][1]

  Ref  DFF        ref:/WORK/zigbee/DQPSK_CSK/Real_Sync_FIFO/mem_reg[784][0]
  Impl DFF        imp:/WORK/zigbee/DQPSK_CSK/Real_Sync_FIFO/mem_reg[784][0]

  Ref  DFF        ref:/WORK/zigbee/DQPSK_CSK/Real_Sync_FIFO/mem_reg[784][1]
  Impl DFF        imp:/WORK/zigbee/DQPSK_CSK/Real_Sync_FIFO/mem_reg[784][1]

  Ref  DFF        ref:/WORK/zigbee/DQPSK_CSK/Real_Sync_FIFO/mem_reg[785][0]
  Impl DFF        imp:/WORK/zigbee/DQPSK_CSK/Real_Sync_FIFO/mem_reg[785][0]

  Ref  DFF        ref:/WORK/zigbee/DQPSK_CSK/Real_Sync_FIFO/mem_reg[785][1]
  Impl DFF        imp:/WORK/zigbee/DQPSK_CSK/Real_Sync_FIFO/mem_reg[785][1]

  Ref  DFF        ref:/WORK/zigbee/DQPSK_CSK/Real_Sync_FIFO/mem_reg[786][0]
  Impl DFF        imp:/WORK/zigbee/DQPSK_CSK/Real_Sync_FIFO/mem_reg[786][0]

  Ref  DFF        ref:/WORK/zigbee/DQPSK_CSK/Real_Sync_FIFO/mem_reg[786][1]
  Impl DFF        imp:/WORK/zigbee/DQPSK_CSK/Real_Sync_FIFO/mem_reg[786][1]

  Ref  DFF        ref:/WORK/zigbee/DQPSK_CSK/Real_Sync_FIFO/mem_reg[787][0]
  Impl DFF        imp:/WORK/zigbee/DQPSK_CSK/Real_Sync_FIFO/mem_reg[787][0]

  Ref  DFF        ref:/WORK/zigbee/DQPSK_CSK/Real_Sync_FIFO/mem_reg[787][1]
  Impl DFF        imp:/WORK/zigbee/DQPSK_CSK/Real_Sync_FIFO/mem_reg[787][1]

  Ref  DFF        ref:/WORK/zigbee/DQPSK_CSK/Real_Sync_FIFO/mem_reg[788][0]
  Impl DFF        imp:/WORK/zigbee/DQPSK_CSK/Real_Sync_FIFO/mem_reg[788][0]

  Ref  DFF        ref:/WORK/zigbee/DQPSK_CSK/Real_Sync_FIFO/mem_reg[788][1]
  Impl DFF        imp:/WORK/zigbee/DQPSK_CSK/Real_Sync_FIFO/mem_reg[788][1]

  Ref  DFF        ref:/WORK/zigbee/DQPSK_CSK/Real_Sync_FIFO/mem_reg[789][0]
  Impl DFF        imp:/WORK/zigbee/DQPSK_CSK/Real_Sync_FIFO/mem_reg[789][0]

  Ref  DFF        ref:/WORK/zigbee/DQPSK_CSK/Real_Sync_FIFO/mem_reg[789][1]
  Impl DFF        imp:/WORK/zigbee/DQPSK_CSK/Real_Sync_FIFO/mem_reg[789][1]

  Ref  DFF        ref:/WORK/zigbee/DQPSK_CSK/Real_Sync_FIFO/mem_reg[78][0]
  Impl DFF        imp:/WORK/zigbee/DQPSK_CSK/Real_Sync_FIFO/mem_reg[78][0]

  Ref  DFF        ref:/WORK/zigbee/DQPSK_CSK/Real_Sync_FIFO/mem_reg[78][1]
  Impl DFF        imp:/WORK/zigbee/DQPSK_CSK/Real_Sync_FIFO/mem_reg[78][1]

  Ref  DFF        ref:/WORK/zigbee/DQPSK_CSK/Real_Sync_FIFO/mem_reg[790][0]
  Impl DFF        imp:/WORK/zigbee/DQPSK_CSK/Real_Sync_FIFO/mem_reg[790][0]

  Ref  DFF        ref:/WORK/zigbee/DQPSK_CSK/Real_Sync_FIFO/mem_reg[790][1]
  Impl DFF        imp:/WORK/zigbee/DQPSK_CSK/Real_Sync_FIFO/mem_reg[790][1]

  Ref  DFF        ref:/WORK/zigbee/DQPSK_CSK/Real_Sync_FIFO/mem_reg[791][0]
  Impl DFF        imp:/WORK/zigbee/DQPSK_CSK/Real_Sync_FIFO/mem_reg[791][0]

  Ref  DFF        ref:/WORK/zigbee/DQPSK_CSK/Real_Sync_FIFO/mem_reg[791][1]
  Impl DFF        imp:/WORK/zigbee/DQPSK_CSK/Real_Sync_FIFO/mem_reg[791][1]

  Ref  DFF        ref:/WORK/zigbee/DQPSK_CSK/Real_Sync_FIFO/mem_reg[792][0]
  Impl DFF        imp:/WORK/zigbee/DQPSK_CSK/Real_Sync_FIFO/mem_reg[792][0]

  Ref  DFF        ref:/WORK/zigbee/DQPSK_CSK/Real_Sync_FIFO/mem_reg[792][1]
  Impl DFF        imp:/WORK/zigbee/DQPSK_CSK/Real_Sync_FIFO/mem_reg[792][1]

  Ref  DFF        ref:/WORK/zigbee/DQPSK_CSK/Real_Sync_FIFO/mem_reg[793][0]
  Impl DFF        imp:/WORK/zigbee/DQPSK_CSK/Real_Sync_FIFO/mem_reg[793][0]

  Ref  DFF        ref:/WORK/zigbee/DQPSK_CSK/Real_Sync_FIFO/mem_reg[793][1]
  Impl DFF        imp:/WORK/zigbee/DQPSK_CSK/Real_Sync_FIFO/mem_reg[793][1]

  Ref  DFF        ref:/WORK/zigbee/DQPSK_CSK/Real_Sync_FIFO/mem_reg[794][0]
  Impl DFF        imp:/WORK/zigbee/DQPSK_CSK/Real_Sync_FIFO/mem_reg[794][0]

  Ref  DFF        ref:/WORK/zigbee/DQPSK_CSK/Real_Sync_FIFO/mem_reg[794][1]
  Impl DFF        imp:/WORK/zigbee/DQPSK_CSK/Real_Sync_FIFO/mem_reg[794][1]

  Ref  DFF        ref:/WORK/zigbee/DQPSK_CSK/Real_Sync_FIFO/mem_reg[795][0]
  Impl DFF        imp:/WORK/zigbee/DQPSK_CSK/Real_Sync_FIFO/mem_reg[795][0]

  Ref  DFF        ref:/WORK/zigbee/DQPSK_CSK/Real_Sync_FIFO/mem_reg[795][1]
  Impl DFF        imp:/WORK/zigbee/DQPSK_CSK/Real_Sync_FIFO/mem_reg[795][1]

  Ref  DFF        ref:/WORK/zigbee/DQPSK_CSK/Real_Sync_FIFO/mem_reg[796][0]
  Impl DFF        imp:/WORK/zigbee/DQPSK_CSK/Real_Sync_FIFO/mem_reg[796][0]

  Ref  DFF        ref:/WORK/zigbee/DQPSK_CSK/Real_Sync_FIFO/mem_reg[796][1]
  Impl DFF        imp:/WORK/zigbee/DQPSK_CSK/Real_Sync_FIFO/mem_reg[796][1]

  Ref  DFF        ref:/WORK/zigbee/DQPSK_CSK/Real_Sync_FIFO/mem_reg[797][0]
  Impl DFF        imp:/WORK/zigbee/DQPSK_CSK/Real_Sync_FIFO/mem_reg[797][0]

  Ref  DFF        ref:/WORK/zigbee/DQPSK_CSK/Real_Sync_FIFO/mem_reg[797][1]
  Impl DFF        imp:/WORK/zigbee/DQPSK_CSK/Real_Sync_FIFO/mem_reg[797][1]

  Ref  DFF        ref:/WORK/zigbee/DQPSK_CSK/Real_Sync_FIFO/mem_reg[798][0]
  Impl DFF        imp:/WORK/zigbee/DQPSK_CSK/Real_Sync_FIFO/mem_reg[798][0]

  Ref  DFF        ref:/WORK/zigbee/DQPSK_CSK/Real_Sync_FIFO/mem_reg[798][1]
  Impl DFF        imp:/WORK/zigbee/DQPSK_CSK/Real_Sync_FIFO/mem_reg[798][1]

  Ref  DFF        ref:/WORK/zigbee/DQPSK_CSK/Real_Sync_FIFO/mem_reg[799][0]
  Impl DFF        imp:/WORK/zigbee/DQPSK_CSK/Real_Sync_FIFO/mem_reg[799][0]

  Ref  DFF        ref:/WORK/zigbee/DQPSK_CSK/Real_Sync_FIFO/mem_reg[799][1]
  Impl DFF        imp:/WORK/zigbee/DQPSK_CSK/Real_Sync_FIFO/mem_reg[799][1]

  Ref  DFF        ref:/WORK/zigbee/DQPSK_CSK/Real_Sync_FIFO/mem_reg[79][0]
  Impl DFF        imp:/WORK/zigbee/DQPSK_CSK/Real_Sync_FIFO/mem_reg[79][0]

  Ref  DFF        ref:/WORK/zigbee/DQPSK_CSK/Real_Sync_FIFO/mem_reg[79][1]
  Impl DFF        imp:/WORK/zigbee/DQPSK_CSK/Real_Sync_FIFO/mem_reg[79][1]

  Ref  DFF        ref:/WORK/zigbee/DQPSK_CSK/Real_Sync_FIFO/mem_reg[7][0]
  Impl DFF        imp:/WORK/zigbee/DQPSK_CSK/Real_Sync_FIFO/mem_reg[7][0]

  Ref  DFF        ref:/WORK/zigbee/DQPSK_CSK/Real_Sync_FIFO/mem_reg[7][1]
  Impl DFF        imp:/WORK/zigbee/DQPSK_CSK/Real_Sync_FIFO/mem_reg[7][1]

  Ref  DFF        ref:/WORK/zigbee/DQPSK_CSK/Real_Sync_FIFO/mem_reg[800][0]
  Impl DFF        imp:/WORK/zigbee/DQPSK_CSK/Real_Sync_FIFO/mem_reg[800][0]

  Ref  DFF        ref:/WORK/zigbee/DQPSK_CSK/Real_Sync_FIFO/mem_reg[800][1]
  Impl DFF        imp:/WORK/zigbee/DQPSK_CSK/Real_Sync_FIFO/mem_reg[800][1]

  Ref  DFF        ref:/WORK/zigbee/DQPSK_CSK/Real_Sync_FIFO/mem_reg[801][0]
  Impl DFF        imp:/WORK/zigbee/DQPSK_CSK/Real_Sync_FIFO/mem_reg[801][0]

  Ref  DFF        ref:/WORK/zigbee/DQPSK_CSK/Real_Sync_FIFO/mem_reg[801][1]
  Impl DFF        imp:/WORK/zigbee/DQPSK_CSK/Real_Sync_FIFO/mem_reg[801][1]

  Ref  DFF        ref:/WORK/zigbee/DQPSK_CSK/Real_Sync_FIFO/mem_reg[802][0]
  Impl DFF        imp:/WORK/zigbee/DQPSK_CSK/Real_Sync_FIFO/mem_reg[802][0]

  Ref  DFF        ref:/WORK/zigbee/DQPSK_CSK/Real_Sync_FIFO/mem_reg[802][1]
  Impl DFF        imp:/WORK/zigbee/DQPSK_CSK/Real_Sync_FIFO/mem_reg[802][1]

  Ref  DFF        ref:/WORK/zigbee/DQPSK_CSK/Real_Sync_FIFO/mem_reg[803][0]
  Impl DFF        imp:/WORK/zigbee/DQPSK_CSK/Real_Sync_FIFO/mem_reg[803][0]

  Ref  DFF        ref:/WORK/zigbee/DQPSK_CSK/Real_Sync_FIFO/mem_reg[803][1]
  Impl DFF        imp:/WORK/zigbee/DQPSK_CSK/Real_Sync_FIFO/mem_reg[803][1]

  Ref  DFF        ref:/WORK/zigbee/DQPSK_CSK/Real_Sync_FIFO/mem_reg[804][0]
  Impl DFF        imp:/WORK/zigbee/DQPSK_CSK/Real_Sync_FIFO/mem_reg[804][0]

  Ref  DFF        ref:/WORK/zigbee/DQPSK_CSK/Real_Sync_FIFO/mem_reg[804][1]
  Impl DFF        imp:/WORK/zigbee/DQPSK_CSK/Real_Sync_FIFO/mem_reg[804][1]

  Ref  DFF        ref:/WORK/zigbee/DQPSK_CSK/Real_Sync_FIFO/mem_reg[805][0]
  Impl DFF        imp:/WORK/zigbee/DQPSK_CSK/Real_Sync_FIFO/mem_reg[805][0]

  Ref  DFF        ref:/WORK/zigbee/DQPSK_CSK/Real_Sync_FIFO/mem_reg[805][1]
  Impl DFF        imp:/WORK/zigbee/DQPSK_CSK/Real_Sync_FIFO/mem_reg[805][1]

  Ref  DFF        ref:/WORK/zigbee/DQPSK_CSK/Real_Sync_FIFO/mem_reg[806][0]
  Impl DFF        imp:/WORK/zigbee/DQPSK_CSK/Real_Sync_FIFO/mem_reg[806][0]

  Ref  DFF        ref:/WORK/zigbee/DQPSK_CSK/Real_Sync_FIFO/mem_reg[806][1]
  Impl DFF        imp:/WORK/zigbee/DQPSK_CSK/Real_Sync_FIFO/mem_reg[806][1]

  Ref  DFF        ref:/WORK/zigbee/DQPSK_CSK/Real_Sync_FIFO/mem_reg[807][0]
  Impl DFF        imp:/WORK/zigbee/DQPSK_CSK/Real_Sync_FIFO/mem_reg[807][0]

  Ref  DFF        ref:/WORK/zigbee/DQPSK_CSK/Real_Sync_FIFO/mem_reg[807][1]
  Impl DFF        imp:/WORK/zigbee/DQPSK_CSK/Real_Sync_FIFO/mem_reg[807][1]

  Ref  DFF        ref:/WORK/zigbee/DQPSK_CSK/Real_Sync_FIFO/mem_reg[808][0]
  Impl DFF        imp:/WORK/zigbee/DQPSK_CSK/Real_Sync_FIFO/mem_reg[808][0]

  Ref  DFF        ref:/WORK/zigbee/DQPSK_CSK/Real_Sync_FIFO/mem_reg[808][1]
  Impl DFF        imp:/WORK/zigbee/DQPSK_CSK/Real_Sync_FIFO/mem_reg[808][1]

  Ref  DFF        ref:/WORK/zigbee/DQPSK_CSK/Real_Sync_FIFO/mem_reg[809][0]
  Impl DFF        imp:/WORK/zigbee/DQPSK_CSK/Real_Sync_FIFO/mem_reg[809][0]

  Ref  DFF        ref:/WORK/zigbee/DQPSK_CSK/Real_Sync_FIFO/mem_reg[809][1]
  Impl DFF        imp:/WORK/zigbee/DQPSK_CSK/Real_Sync_FIFO/mem_reg[809][1]

  Ref  DFF        ref:/WORK/zigbee/DQPSK_CSK/Real_Sync_FIFO/mem_reg[80][0]
  Impl DFF        imp:/WORK/zigbee/DQPSK_CSK/Real_Sync_FIFO/mem_reg[80][0]

  Ref  DFF        ref:/WORK/zigbee/DQPSK_CSK/Real_Sync_FIFO/mem_reg[80][1]
  Impl DFF        imp:/WORK/zigbee/DQPSK_CSK/Real_Sync_FIFO/mem_reg[80][1]

  Ref  DFF        ref:/WORK/zigbee/DQPSK_CSK/Real_Sync_FIFO/mem_reg[810][0]
  Impl DFF        imp:/WORK/zigbee/DQPSK_CSK/Real_Sync_FIFO/mem_reg[810][0]

  Ref  DFF        ref:/WORK/zigbee/DQPSK_CSK/Real_Sync_FIFO/mem_reg[810][1]
  Impl DFF        imp:/WORK/zigbee/DQPSK_CSK/Real_Sync_FIFO/mem_reg[810][1]

  Ref  DFF        ref:/WORK/zigbee/DQPSK_CSK/Real_Sync_FIFO/mem_reg[811][0]
  Impl DFF        imp:/WORK/zigbee/DQPSK_CSK/Real_Sync_FIFO/mem_reg[811][0]

  Ref  DFF        ref:/WORK/zigbee/DQPSK_CSK/Real_Sync_FIFO/mem_reg[811][1]
  Impl DFF        imp:/WORK/zigbee/DQPSK_CSK/Real_Sync_FIFO/mem_reg[811][1]

  Ref  DFF        ref:/WORK/zigbee/DQPSK_CSK/Real_Sync_FIFO/mem_reg[812][0]
  Impl DFF        imp:/WORK/zigbee/DQPSK_CSK/Real_Sync_FIFO/mem_reg[812][0]

  Ref  DFF        ref:/WORK/zigbee/DQPSK_CSK/Real_Sync_FIFO/mem_reg[812][1]
  Impl DFF        imp:/WORK/zigbee/DQPSK_CSK/Real_Sync_FIFO/mem_reg[812][1]

  Ref  DFF        ref:/WORK/zigbee/DQPSK_CSK/Real_Sync_FIFO/mem_reg[813][0]
  Impl DFF        imp:/WORK/zigbee/DQPSK_CSK/Real_Sync_FIFO/mem_reg[813][0]

  Ref  DFF        ref:/WORK/zigbee/DQPSK_CSK/Real_Sync_FIFO/mem_reg[813][1]
  Impl DFF        imp:/WORK/zigbee/DQPSK_CSK/Real_Sync_FIFO/mem_reg[813][1]

  Ref  DFF        ref:/WORK/zigbee/DQPSK_CSK/Real_Sync_FIFO/mem_reg[814][0]
  Impl DFF        imp:/WORK/zigbee/DQPSK_CSK/Real_Sync_FIFO/mem_reg[814][0]

  Ref  DFF        ref:/WORK/zigbee/DQPSK_CSK/Real_Sync_FIFO/mem_reg[814][1]
  Impl DFF        imp:/WORK/zigbee/DQPSK_CSK/Real_Sync_FIFO/mem_reg[814][1]

  Ref  DFF        ref:/WORK/zigbee/DQPSK_CSK/Real_Sync_FIFO/mem_reg[815][0]
  Impl DFF        imp:/WORK/zigbee/DQPSK_CSK/Real_Sync_FIFO/mem_reg[815][0]

  Ref  DFF        ref:/WORK/zigbee/DQPSK_CSK/Real_Sync_FIFO/mem_reg[815][1]
  Impl DFF        imp:/WORK/zigbee/DQPSK_CSK/Real_Sync_FIFO/mem_reg[815][1]

  Ref  DFF        ref:/WORK/zigbee/DQPSK_CSK/Real_Sync_FIFO/mem_reg[816][0]
  Impl DFF        imp:/WORK/zigbee/DQPSK_CSK/Real_Sync_FIFO/mem_reg[816][0]

  Ref  DFF        ref:/WORK/zigbee/DQPSK_CSK/Real_Sync_FIFO/mem_reg[816][1]
  Impl DFF        imp:/WORK/zigbee/DQPSK_CSK/Real_Sync_FIFO/mem_reg[816][1]

  Ref  DFF        ref:/WORK/zigbee/DQPSK_CSK/Real_Sync_FIFO/mem_reg[817][0]
  Impl DFF        imp:/WORK/zigbee/DQPSK_CSK/Real_Sync_FIFO/mem_reg[817][0]

  Ref  DFF        ref:/WORK/zigbee/DQPSK_CSK/Real_Sync_FIFO/mem_reg[817][1]
  Impl DFF        imp:/WORK/zigbee/DQPSK_CSK/Real_Sync_FIFO/mem_reg[817][1]

  Ref  DFF        ref:/WORK/zigbee/DQPSK_CSK/Real_Sync_FIFO/mem_reg[818][0]
  Impl DFF        imp:/WORK/zigbee/DQPSK_CSK/Real_Sync_FIFO/mem_reg[818][0]

  Ref  DFF        ref:/WORK/zigbee/DQPSK_CSK/Real_Sync_FIFO/mem_reg[818][1]
  Impl DFF        imp:/WORK/zigbee/DQPSK_CSK/Real_Sync_FIFO/mem_reg[818][1]

  Ref  DFF        ref:/WORK/zigbee/DQPSK_CSK/Real_Sync_FIFO/mem_reg[819][0]
  Impl DFF        imp:/WORK/zigbee/DQPSK_CSK/Real_Sync_FIFO/mem_reg[819][0]

  Ref  DFF        ref:/WORK/zigbee/DQPSK_CSK/Real_Sync_FIFO/mem_reg[819][1]
  Impl DFF        imp:/WORK/zigbee/DQPSK_CSK/Real_Sync_FIFO/mem_reg[819][1]

  Ref  DFF        ref:/WORK/zigbee/DQPSK_CSK/Real_Sync_FIFO/mem_reg[81][0]
  Impl DFF        imp:/WORK/zigbee/DQPSK_CSK/Real_Sync_FIFO/mem_reg[81][0]

  Ref  DFF        ref:/WORK/zigbee/DQPSK_CSK/Real_Sync_FIFO/mem_reg[81][1]
  Impl DFF        imp:/WORK/zigbee/DQPSK_CSK/Real_Sync_FIFO/mem_reg[81][1]

  Ref  DFF        ref:/WORK/zigbee/DQPSK_CSK/Real_Sync_FIFO/mem_reg[820][0]
  Impl DFF        imp:/WORK/zigbee/DQPSK_CSK/Real_Sync_FIFO/mem_reg[820][0]

  Ref  DFF        ref:/WORK/zigbee/DQPSK_CSK/Real_Sync_FIFO/mem_reg[820][1]
  Impl DFF        imp:/WORK/zigbee/DQPSK_CSK/Real_Sync_FIFO/mem_reg[820][1]

  Ref  DFF        ref:/WORK/zigbee/DQPSK_CSK/Real_Sync_FIFO/mem_reg[821][0]
  Impl DFF        imp:/WORK/zigbee/DQPSK_CSK/Real_Sync_FIFO/mem_reg[821][0]

  Ref  DFF        ref:/WORK/zigbee/DQPSK_CSK/Real_Sync_FIFO/mem_reg[821][1]
  Impl DFF        imp:/WORK/zigbee/DQPSK_CSK/Real_Sync_FIFO/mem_reg[821][1]

  Ref  DFF        ref:/WORK/zigbee/DQPSK_CSK/Real_Sync_FIFO/mem_reg[822][0]
  Impl DFF        imp:/WORK/zigbee/DQPSK_CSK/Real_Sync_FIFO/mem_reg[822][0]

  Ref  DFF        ref:/WORK/zigbee/DQPSK_CSK/Real_Sync_FIFO/mem_reg[822][1]
  Impl DFF        imp:/WORK/zigbee/DQPSK_CSK/Real_Sync_FIFO/mem_reg[822][1]

  Ref  DFF        ref:/WORK/zigbee/DQPSK_CSK/Real_Sync_FIFO/mem_reg[823][0]
  Impl DFF        imp:/WORK/zigbee/DQPSK_CSK/Real_Sync_FIFO/mem_reg[823][0]

  Ref  DFF        ref:/WORK/zigbee/DQPSK_CSK/Real_Sync_FIFO/mem_reg[823][1]
  Impl DFF        imp:/WORK/zigbee/DQPSK_CSK/Real_Sync_FIFO/mem_reg[823][1]

  Ref  DFF        ref:/WORK/zigbee/DQPSK_CSK/Real_Sync_FIFO/mem_reg[824][0]
  Impl DFF        imp:/WORK/zigbee/DQPSK_CSK/Real_Sync_FIFO/mem_reg[824][0]

  Ref  DFF        ref:/WORK/zigbee/DQPSK_CSK/Real_Sync_FIFO/mem_reg[824][1]
  Impl DFF        imp:/WORK/zigbee/DQPSK_CSK/Real_Sync_FIFO/mem_reg[824][1]

  Ref  DFF        ref:/WORK/zigbee/DQPSK_CSK/Real_Sync_FIFO/mem_reg[825][0]
  Impl DFF        imp:/WORK/zigbee/DQPSK_CSK/Real_Sync_FIFO/mem_reg[825][0]

  Ref  DFF        ref:/WORK/zigbee/DQPSK_CSK/Real_Sync_FIFO/mem_reg[825][1]
  Impl DFF        imp:/WORK/zigbee/DQPSK_CSK/Real_Sync_FIFO/mem_reg[825][1]

  Ref  DFF        ref:/WORK/zigbee/DQPSK_CSK/Real_Sync_FIFO/mem_reg[826][0]
  Impl DFF        imp:/WORK/zigbee/DQPSK_CSK/Real_Sync_FIFO/mem_reg[826][0]

  Ref  DFF        ref:/WORK/zigbee/DQPSK_CSK/Real_Sync_FIFO/mem_reg[826][1]
  Impl DFF        imp:/WORK/zigbee/DQPSK_CSK/Real_Sync_FIFO/mem_reg[826][1]

  Ref  DFF        ref:/WORK/zigbee/DQPSK_CSK/Real_Sync_FIFO/mem_reg[827][0]
  Impl DFF        imp:/WORK/zigbee/DQPSK_CSK/Real_Sync_FIFO/mem_reg[827][0]

  Ref  DFF        ref:/WORK/zigbee/DQPSK_CSK/Real_Sync_FIFO/mem_reg[827][1]
  Impl DFF        imp:/WORK/zigbee/DQPSK_CSK/Real_Sync_FIFO/mem_reg[827][1]

  Ref  DFF        ref:/WORK/zigbee/DQPSK_CSK/Real_Sync_FIFO/mem_reg[828][0]
  Impl DFF        imp:/WORK/zigbee/DQPSK_CSK/Real_Sync_FIFO/mem_reg[828][0]

  Ref  DFF        ref:/WORK/zigbee/DQPSK_CSK/Real_Sync_FIFO/mem_reg[828][1]
  Impl DFF        imp:/WORK/zigbee/DQPSK_CSK/Real_Sync_FIFO/mem_reg[828][1]

  Ref  DFF        ref:/WORK/zigbee/DQPSK_CSK/Real_Sync_FIFO/mem_reg[829][0]
  Impl DFF        imp:/WORK/zigbee/DQPSK_CSK/Real_Sync_FIFO/mem_reg[829][0]

  Ref  DFF        ref:/WORK/zigbee/DQPSK_CSK/Real_Sync_FIFO/mem_reg[829][1]
  Impl DFF        imp:/WORK/zigbee/DQPSK_CSK/Real_Sync_FIFO/mem_reg[829][1]

  Ref  DFF        ref:/WORK/zigbee/DQPSK_CSK/Real_Sync_FIFO/mem_reg[82][0]
  Impl DFF        imp:/WORK/zigbee/DQPSK_CSK/Real_Sync_FIFO/mem_reg[82][0]

  Ref  DFF        ref:/WORK/zigbee/DQPSK_CSK/Real_Sync_FIFO/mem_reg[82][1]
  Impl DFF        imp:/WORK/zigbee/DQPSK_CSK/Real_Sync_FIFO/mem_reg[82][1]

  Ref  DFF        ref:/WORK/zigbee/DQPSK_CSK/Real_Sync_FIFO/mem_reg[830][0]
  Impl DFF        imp:/WORK/zigbee/DQPSK_CSK/Real_Sync_FIFO/mem_reg[830][0]

  Ref  DFF        ref:/WORK/zigbee/DQPSK_CSK/Real_Sync_FIFO/mem_reg[830][1]
  Impl DFF        imp:/WORK/zigbee/DQPSK_CSK/Real_Sync_FIFO/mem_reg[830][1]

  Ref  DFF        ref:/WORK/zigbee/DQPSK_CSK/Real_Sync_FIFO/mem_reg[831][0]
  Impl DFF        imp:/WORK/zigbee/DQPSK_CSK/Real_Sync_FIFO/mem_reg[831][0]

  Ref  DFF        ref:/WORK/zigbee/DQPSK_CSK/Real_Sync_FIFO/mem_reg[831][1]
  Impl DFF        imp:/WORK/zigbee/DQPSK_CSK/Real_Sync_FIFO/mem_reg[831][1]

  Ref  DFF        ref:/WORK/zigbee/DQPSK_CSK/Real_Sync_FIFO/mem_reg[832][0]
  Impl DFF        imp:/WORK/zigbee/DQPSK_CSK/Real_Sync_FIFO/mem_reg[832][0]

  Ref  DFF        ref:/WORK/zigbee/DQPSK_CSK/Real_Sync_FIFO/mem_reg[832][1]
  Impl DFF        imp:/WORK/zigbee/DQPSK_CSK/Real_Sync_FIFO/mem_reg[832][1]

  Ref  DFF        ref:/WORK/zigbee/DQPSK_CSK/Real_Sync_FIFO/mem_reg[833][0]
  Impl DFF        imp:/WORK/zigbee/DQPSK_CSK/Real_Sync_FIFO/mem_reg[833][0]

  Ref  DFF        ref:/WORK/zigbee/DQPSK_CSK/Real_Sync_FIFO/mem_reg[833][1]
  Impl DFF        imp:/WORK/zigbee/DQPSK_CSK/Real_Sync_FIFO/mem_reg[833][1]

  Ref  DFF        ref:/WORK/zigbee/DQPSK_CSK/Real_Sync_FIFO/mem_reg[834][0]
  Impl DFF        imp:/WORK/zigbee/DQPSK_CSK/Real_Sync_FIFO/mem_reg[834][0]

  Ref  DFF        ref:/WORK/zigbee/DQPSK_CSK/Real_Sync_FIFO/mem_reg[834][1]
  Impl DFF        imp:/WORK/zigbee/DQPSK_CSK/Real_Sync_FIFO/mem_reg[834][1]

  Ref  DFF        ref:/WORK/zigbee/DQPSK_CSK/Real_Sync_FIFO/mem_reg[835][0]
  Impl DFF        imp:/WORK/zigbee/DQPSK_CSK/Real_Sync_FIFO/mem_reg[835][0]

  Ref  DFF        ref:/WORK/zigbee/DQPSK_CSK/Real_Sync_FIFO/mem_reg[835][1]
  Impl DFF        imp:/WORK/zigbee/DQPSK_CSK/Real_Sync_FIFO/mem_reg[835][1]

  Ref  DFF        ref:/WORK/zigbee/DQPSK_CSK/Real_Sync_FIFO/mem_reg[836][0]
  Impl DFF        imp:/WORK/zigbee/DQPSK_CSK/Real_Sync_FIFO/mem_reg[836][0]

  Ref  DFF        ref:/WORK/zigbee/DQPSK_CSK/Real_Sync_FIFO/mem_reg[836][1]
  Impl DFF        imp:/WORK/zigbee/DQPSK_CSK/Real_Sync_FIFO/mem_reg[836][1]

  Ref  DFF        ref:/WORK/zigbee/DQPSK_CSK/Real_Sync_FIFO/mem_reg[837][0]
  Impl DFF        imp:/WORK/zigbee/DQPSK_CSK/Real_Sync_FIFO/mem_reg[837][0]

  Ref  DFF        ref:/WORK/zigbee/DQPSK_CSK/Real_Sync_FIFO/mem_reg[837][1]
  Impl DFF        imp:/WORK/zigbee/DQPSK_CSK/Real_Sync_FIFO/mem_reg[837][1]

  Ref  DFF        ref:/WORK/zigbee/DQPSK_CSK/Real_Sync_FIFO/mem_reg[838][0]
  Impl DFF        imp:/WORK/zigbee/DQPSK_CSK/Real_Sync_FIFO/mem_reg[838][0]

  Ref  DFF        ref:/WORK/zigbee/DQPSK_CSK/Real_Sync_FIFO/mem_reg[838][1]
  Impl DFF        imp:/WORK/zigbee/DQPSK_CSK/Real_Sync_FIFO/mem_reg[838][1]

  Ref  DFF        ref:/WORK/zigbee/DQPSK_CSK/Real_Sync_FIFO/mem_reg[839][0]
  Impl DFF        imp:/WORK/zigbee/DQPSK_CSK/Real_Sync_FIFO/mem_reg[839][0]

  Ref  DFF        ref:/WORK/zigbee/DQPSK_CSK/Real_Sync_FIFO/mem_reg[839][1]
  Impl DFF        imp:/WORK/zigbee/DQPSK_CSK/Real_Sync_FIFO/mem_reg[839][1]

  Ref  DFF        ref:/WORK/zigbee/DQPSK_CSK/Real_Sync_FIFO/mem_reg[83][0]
  Impl DFF        imp:/WORK/zigbee/DQPSK_CSK/Real_Sync_FIFO/mem_reg[83][0]

  Ref  DFF        ref:/WORK/zigbee/DQPSK_CSK/Real_Sync_FIFO/mem_reg[83][1]
  Impl DFF        imp:/WORK/zigbee/DQPSK_CSK/Real_Sync_FIFO/mem_reg[83][1]

  Ref  DFF        ref:/WORK/zigbee/DQPSK_CSK/Real_Sync_FIFO/mem_reg[840][0]
  Impl DFF        imp:/WORK/zigbee/DQPSK_CSK/Real_Sync_FIFO/mem_reg[840][0]

  Ref  DFF        ref:/WORK/zigbee/DQPSK_CSK/Real_Sync_FIFO/mem_reg[840][1]
  Impl DFF        imp:/WORK/zigbee/DQPSK_CSK/Real_Sync_FIFO/mem_reg[840][1]

  Ref  DFF        ref:/WORK/zigbee/DQPSK_CSK/Real_Sync_FIFO/mem_reg[841][0]
  Impl DFF        imp:/WORK/zigbee/DQPSK_CSK/Real_Sync_FIFO/mem_reg[841][0]

  Ref  DFF        ref:/WORK/zigbee/DQPSK_CSK/Real_Sync_FIFO/mem_reg[841][1]
  Impl DFF        imp:/WORK/zigbee/DQPSK_CSK/Real_Sync_FIFO/mem_reg[841][1]

  Ref  DFF        ref:/WORK/zigbee/DQPSK_CSK/Real_Sync_FIFO/mem_reg[842][0]
  Impl DFF        imp:/WORK/zigbee/DQPSK_CSK/Real_Sync_FIFO/mem_reg[842][0]

  Ref  DFF        ref:/WORK/zigbee/DQPSK_CSK/Real_Sync_FIFO/mem_reg[842][1]
  Impl DFF        imp:/WORK/zigbee/DQPSK_CSK/Real_Sync_FIFO/mem_reg[842][1]

  Ref  DFF        ref:/WORK/zigbee/DQPSK_CSK/Real_Sync_FIFO/mem_reg[843][0]
  Impl DFF        imp:/WORK/zigbee/DQPSK_CSK/Real_Sync_FIFO/mem_reg[843][0]

  Ref  DFF        ref:/WORK/zigbee/DQPSK_CSK/Real_Sync_FIFO/mem_reg[843][1]
  Impl DFF        imp:/WORK/zigbee/DQPSK_CSK/Real_Sync_FIFO/mem_reg[843][1]

  Ref  DFF        ref:/WORK/zigbee/DQPSK_CSK/Real_Sync_FIFO/mem_reg[844][0]
  Impl DFF        imp:/WORK/zigbee/DQPSK_CSK/Real_Sync_FIFO/mem_reg[844][0]

  Ref  DFF        ref:/WORK/zigbee/DQPSK_CSK/Real_Sync_FIFO/mem_reg[844][1]
  Impl DFF        imp:/WORK/zigbee/DQPSK_CSK/Real_Sync_FIFO/mem_reg[844][1]

  Ref  DFF        ref:/WORK/zigbee/DQPSK_CSK/Real_Sync_FIFO/mem_reg[845][0]
  Impl DFF        imp:/WORK/zigbee/DQPSK_CSK/Real_Sync_FIFO/mem_reg[845][0]

  Ref  DFF        ref:/WORK/zigbee/DQPSK_CSK/Real_Sync_FIFO/mem_reg[845][1]
  Impl DFF        imp:/WORK/zigbee/DQPSK_CSK/Real_Sync_FIFO/mem_reg[845][1]

  Ref  DFF        ref:/WORK/zigbee/DQPSK_CSK/Real_Sync_FIFO/mem_reg[846][0]
  Impl DFF        imp:/WORK/zigbee/DQPSK_CSK/Real_Sync_FIFO/mem_reg[846][0]

  Ref  DFF        ref:/WORK/zigbee/DQPSK_CSK/Real_Sync_FIFO/mem_reg[846][1]
  Impl DFF        imp:/WORK/zigbee/DQPSK_CSK/Real_Sync_FIFO/mem_reg[846][1]

  Ref  DFF        ref:/WORK/zigbee/DQPSK_CSK/Real_Sync_FIFO/mem_reg[847][0]
  Impl DFF        imp:/WORK/zigbee/DQPSK_CSK/Real_Sync_FIFO/mem_reg[847][0]

  Ref  DFF        ref:/WORK/zigbee/DQPSK_CSK/Real_Sync_FIFO/mem_reg[847][1]
  Impl DFF        imp:/WORK/zigbee/DQPSK_CSK/Real_Sync_FIFO/mem_reg[847][1]

  Ref  DFF        ref:/WORK/zigbee/DQPSK_CSK/Real_Sync_FIFO/mem_reg[848][0]
  Impl DFF        imp:/WORK/zigbee/DQPSK_CSK/Real_Sync_FIFO/mem_reg[848][0]

  Ref  DFF        ref:/WORK/zigbee/DQPSK_CSK/Real_Sync_FIFO/mem_reg[848][1]
  Impl DFF        imp:/WORK/zigbee/DQPSK_CSK/Real_Sync_FIFO/mem_reg[848][1]

  Ref  DFF        ref:/WORK/zigbee/DQPSK_CSK/Real_Sync_FIFO/mem_reg[849][0]
  Impl DFF        imp:/WORK/zigbee/DQPSK_CSK/Real_Sync_FIFO/mem_reg[849][0]

  Ref  DFF        ref:/WORK/zigbee/DQPSK_CSK/Real_Sync_FIFO/mem_reg[849][1]
  Impl DFF        imp:/WORK/zigbee/DQPSK_CSK/Real_Sync_FIFO/mem_reg[849][1]

  Ref  DFF        ref:/WORK/zigbee/DQPSK_CSK/Real_Sync_FIFO/mem_reg[84][0]
  Impl DFF        imp:/WORK/zigbee/DQPSK_CSK/Real_Sync_FIFO/mem_reg[84][0]

  Ref  DFF        ref:/WORK/zigbee/DQPSK_CSK/Real_Sync_FIFO/mem_reg[84][1]
  Impl DFF        imp:/WORK/zigbee/DQPSK_CSK/Real_Sync_FIFO/mem_reg[84][1]

  Ref  DFF        ref:/WORK/zigbee/DQPSK_CSK/Real_Sync_FIFO/mem_reg[850][0]
  Impl DFF        imp:/WORK/zigbee/DQPSK_CSK/Real_Sync_FIFO/mem_reg[850][0]

  Ref  DFF        ref:/WORK/zigbee/DQPSK_CSK/Real_Sync_FIFO/mem_reg[850][1]
  Impl DFF        imp:/WORK/zigbee/DQPSK_CSK/Real_Sync_FIFO/mem_reg[850][1]

  Ref  DFF        ref:/WORK/zigbee/DQPSK_CSK/Real_Sync_FIFO/mem_reg[851][0]
  Impl DFF        imp:/WORK/zigbee/DQPSK_CSK/Real_Sync_FIFO/mem_reg[851][0]

  Ref  DFF        ref:/WORK/zigbee/DQPSK_CSK/Real_Sync_FIFO/mem_reg[851][1]
  Impl DFF        imp:/WORK/zigbee/DQPSK_CSK/Real_Sync_FIFO/mem_reg[851][1]

  Ref  DFF        ref:/WORK/zigbee/DQPSK_CSK/Real_Sync_FIFO/mem_reg[852][0]
  Impl DFF        imp:/WORK/zigbee/DQPSK_CSK/Real_Sync_FIFO/mem_reg[852][0]

  Ref  DFF        ref:/WORK/zigbee/DQPSK_CSK/Real_Sync_FIFO/mem_reg[852][1]
  Impl DFF        imp:/WORK/zigbee/DQPSK_CSK/Real_Sync_FIFO/mem_reg[852][1]

  Ref  DFF        ref:/WORK/zigbee/DQPSK_CSK/Real_Sync_FIFO/mem_reg[853][0]
  Impl DFF        imp:/WORK/zigbee/DQPSK_CSK/Real_Sync_FIFO/mem_reg[853][0]

  Ref  DFF        ref:/WORK/zigbee/DQPSK_CSK/Real_Sync_FIFO/mem_reg[853][1]
  Impl DFF        imp:/WORK/zigbee/DQPSK_CSK/Real_Sync_FIFO/mem_reg[853][1]

  Ref  DFF        ref:/WORK/zigbee/DQPSK_CSK/Real_Sync_FIFO/mem_reg[854][0]
  Impl DFF        imp:/WORK/zigbee/DQPSK_CSK/Real_Sync_FIFO/mem_reg[854][0]

  Ref  DFF        ref:/WORK/zigbee/DQPSK_CSK/Real_Sync_FIFO/mem_reg[854][1]
  Impl DFF        imp:/WORK/zigbee/DQPSK_CSK/Real_Sync_FIFO/mem_reg[854][1]

  Ref  DFF        ref:/WORK/zigbee/DQPSK_CSK/Real_Sync_FIFO/mem_reg[855][0]
  Impl DFF        imp:/WORK/zigbee/DQPSK_CSK/Real_Sync_FIFO/mem_reg[855][0]

  Ref  DFF        ref:/WORK/zigbee/DQPSK_CSK/Real_Sync_FIFO/mem_reg[855][1]
  Impl DFF        imp:/WORK/zigbee/DQPSK_CSK/Real_Sync_FIFO/mem_reg[855][1]

  Ref  DFF        ref:/WORK/zigbee/DQPSK_CSK/Real_Sync_FIFO/mem_reg[856][0]
  Impl DFF        imp:/WORK/zigbee/DQPSK_CSK/Real_Sync_FIFO/mem_reg[856][0]

  Ref  DFF        ref:/WORK/zigbee/DQPSK_CSK/Real_Sync_FIFO/mem_reg[856][1]
  Impl DFF        imp:/WORK/zigbee/DQPSK_CSK/Real_Sync_FIFO/mem_reg[856][1]

  Ref  DFF        ref:/WORK/zigbee/DQPSK_CSK/Real_Sync_FIFO/mem_reg[857][0]
  Impl DFF        imp:/WORK/zigbee/DQPSK_CSK/Real_Sync_FIFO/mem_reg[857][0]

  Ref  DFF        ref:/WORK/zigbee/DQPSK_CSK/Real_Sync_FIFO/mem_reg[857][1]
  Impl DFF        imp:/WORK/zigbee/DQPSK_CSK/Real_Sync_FIFO/mem_reg[857][1]

  Ref  DFF        ref:/WORK/zigbee/DQPSK_CSK/Real_Sync_FIFO/mem_reg[858][0]
  Impl DFF        imp:/WORK/zigbee/DQPSK_CSK/Real_Sync_FIFO/mem_reg[858][0]

  Ref  DFF        ref:/WORK/zigbee/DQPSK_CSK/Real_Sync_FIFO/mem_reg[858][1]
  Impl DFF        imp:/WORK/zigbee/DQPSK_CSK/Real_Sync_FIFO/mem_reg[858][1]

  Ref  DFF        ref:/WORK/zigbee/DQPSK_CSK/Real_Sync_FIFO/mem_reg[859][0]
  Impl DFF        imp:/WORK/zigbee/DQPSK_CSK/Real_Sync_FIFO/mem_reg[859][0]

  Ref  DFF        ref:/WORK/zigbee/DQPSK_CSK/Real_Sync_FIFO/mem_reg[859][1]
  Impl DFF        imp:/WORK/zigbee/DQPSK_CSK/Real_Sync_FIFO/mem_reg[859][1]

  Ref  DFF        ref:/WORK/zigbee/DQPSK_CSK/Real_Sync_FIFO/mem_reg[85][0]
  Impl DFF        imp:/WORK/zigbee/DQPSK_CSK/Real_Sync_FIFO/mem_reg[85][0]

  Ref  DFF        ref:/WORK/zigbee/DQPSK_CSK/Real_Sync_FIFO/mem_reg[85][1]
  Impl DFF        imp:/WORK/zigbee/DQPSK_CSK/Real_Sync_FIFO/mem_reg[85][1]

  Ref  DFF        ref:/WORK/zigbee/DQPSK_CSK/Real_Sync_FIFO/mem_reg[860][0]
  Impl DFF        imp:/WORK/zigbee/DQPSK_CSK/Real_Sync_FIFO/mem_reg[860][0]

  Ref  DFF        ref:/WORK/zigbee/DQPSK_CSK/Real_Sync_FIFO/mem_reg[860][1]
  Impl DFF        imp:/WORK/zigbee/DQPSK_CSK/Real_Sync_FIFO/mem_reg[860][1]

  Ref  DFF        ref:/WORK/zigbee/DQPSK_CSK/Real_Sync_FIFO/mem_reg[861][0]
  Impl DFF        imp:/WORK/zigbee/DQPSK_CSK/Real_Sync_FIFO/mem_reg[861][0]

  Ref  DFF        ref:/WORK/zigbee/DQPSK_CSK/Real_Sync_FIFO/mem_reg[861][1]
  Impl DFF        imp:/WORK/zigbee/DQPSK_CSK/Real_Sync_FIFO/mem_reg[861][1]

  Ref  DFF        ref:/WORK/zigbee/DQPSK_CSK/Real_Sync_FIFO/mem_reg[862][0]
  Impl DFF        imp:/WORK/zigbee/DQPSK_CSK/Real_Sync_FIFO/mem_reg[862][0]

  Ref  DFF        ref:/WORK/zigbee/DQPSK_CSK/Real_Sync_FIFO/mem_reg[862][1]
  Impl DFF        imp:/WORK/zigbee/DQPSK_CSK/Real_Sync_FIFO/mem_reg[862][1]

  Ref  DFF        ref:/WORK/zigbee/DQPSK_CSK/Real_Sync_FIFO/mem_reg[863][0]
  Impl DFF        imp:/WORK/zigbee/DQPSK_CSK/Real_Sync_FIFO/mem_reg[863][0]

  Ref  DFF        ref:/WORK/zigbee/DQPSK_CSK/Real_Sync_FIFO/mem_reg[863][1]
  Impl DFF        imp:/WORK/zigbee/DQPSK_CSK/Real_Sync_FIFO/mem_reg[863][1]

  Ref  DFF        ref:/WORK/zigbee/DQPSK_CSK/Real_Sync_FIFO/mem_reg[864][0]
  Impl DFF        imp:/WORK/zigbee/DQPSK_CSK/Real_Sync_FIFO/mem_reg[864][0]

  Ref  DFF        ref:/WORK/zigbee/DQPSK_CSK/Real_Sync_FIFO/mem_reg[864][1]
  Impl DFF        imp:/WORK/zigbee/DQPSK_CSK/Real_Sync_FIFO/mem_reg[864][1]

  Ref  DFF        ref:/WORK/zigbee/DQPSK_CSK/Real_Sync_FIFO/mem_reg[865][0]
  Impl DFF        imp:/WORK/zigbee/DQPSK_CSK/Real_Sync_FIFO/mem_reg[865][0]

  Ref  DFF        ref:/WORK/zigbee/DQPSK_CSK/Real_Sync_FIFO/mem_reg[865][1]
  Impl DFF        imp:/WORK/zigbee/DQPSK_CSK/Real_Sync_FIFO/mem_reg[865][1]

  Ref  DFF        ref:/WORK/zigbee/DQPSK_CSK/Real_Sync_FIFO/mem_reg[866][0]
  Impl DFF        imp:/WORK/zigbee/DQPSK_CSK/Real_Sync_FIFO/mem_reg[866][0]

  Ref  DFF        ref:/WORK/zigbee/DQPSK_CSK/Real_Sync_FIFO/mem_reg[866][1]
  Impl DFF        imp:/WORK/zigbee/DQPSK_CSK/Real_Sync_FIFO/mem_reg[866][1]

  Ref  DFF        ref:/WORK/zigbee/DQPSK_CSK/Real_Sync_FIFO/mem_reg[867][0]
  Impl DFF        imp:/WORK/zigbee/DQPSK_CSK/Real_Sync_FIFO/mem_reg[867][0]

  Ref  DFF        ref:/WORK/zigbee/DQPSK_CSK/Real_Sync_FIFO/mem_reg[867][1]
  Impl DFF        imp:/WORK/zigbee/DQPSK_CSK/Real_Sync_FIFO/mem_reg[867][1]

  Ref  DFF        ref:/WORK/zigbee/DQPSK_CSK/Real_Sync_FIFO/mem_reg[868][0]
  Impl DFF        imp:/WORK/zigbee/DQPSK_CSK/Real_Sync_FIFO/mem_reg[868][0]

  Ref  DFF        ref:/WORK/zigbee/DQPSK_CSK/Real_Sync_FIFO/mem_reg[868][1]
  Impl DFF        imp:/WORK/zigbee/DQPSK_CSK/Real_Sync_FIFO/mem_reg[868][1]

  Ref  DFF        ref:/WORK/zigbee/DQPSK_CSK/Real_Sync_FIFO/mem_reg[869][0]
  Impl DFF        imp:/WORK/zigbee/DQPSK_CSK/Real_Sync_FIFO/mem_reg[869][0]

  Ref  DFF        ref:/WORK/zigbee/DQPSK_CSK/Real_Sync_FIFO/mem_reg[869][1]
  Impl DFF        imp:/WORK/zigbee/DQPSK_CSK/Real_Sync_FIFO/mem_reg[869][1]

  Ref  DFF        ref:/WORK/zigbee/DQPSK_CSK/Real_Sync_FIFO/mem_reg[86][0]
  Impl DFF        imp:/WORK/zigbee/DQPSK_CSK/Real_Sync_FIFO/mem_reg[86][0]

  Ref  DFF        ref:/WORK/zigbee/DQPSK_CSK/Real_Sync_FIFO/mem_reg[86][1]
  Impl DFF        imp:/WORK/zigbee/DQPSK_CSK/Real_Sync_FIFO/mem_reg[86][1]

  Ref  DFF        ref:/WORK/zigbee/DQPSK_CSK/Real_Sync_FIFO/mem_reg[870][0]
  Impl DFF        imp:/WORK/zigbee/DQPSK_CSK/Real_Sync_FIFO/mem_reg[870][0]

  Ref  DFF        ref:/WORK/zigbee/DQPSK_CSK/Real_Sync_FIFO/mem_reg[870][1]
  Impl DFF        imp:/WORK/zigbee/DQPSK_CSK/Real_Sync_FIFO/mem_reg[870][1]

  Ref  DFF        ref:/WORK/zigbee/DQPSK_CSK/Real_Sync_FIFO/mem_reg[871][0]
  Impl DFF        imp:/WORK/zigbee/DQPSK_CSK/Real_Sync_FIFO/mem_reg[871][0]

  Ref  DFF        ref:/WORK/zigbee/DQPSK_CSK/Real_Sync_FIFO/mem_reg[871][1]
  Impl DFF        imp:/WORK/zigbee/DQPSK_CSK/Real_Sync_FIFO/mem_reg[871][1]

  Ref  DFF        ref:/WORK/zigbee/DQPSK_CSK/Real_Sync_FIFO/mem_reg[872][0]
  Impl DFF        imp:/WORK/zigbee/DQPSK_CSK/Real_Sync_FIFO/mem_reg[872][0]

  Ref  DFF        ref:/WORK/zigbee/DQPSK_CSK/Real_Sync_FIFO/mem_reg[872][1]
  Impl DFF        imp:/WORK/zigbee/DQPSK_CSK/Real_Sync_FIFO/mem_reg[872][1]

  Ref  DFF        ref:/WORK/zigbee/DQPSK_CSK/Real_Sync_FIFO/mem_reg[873][0]
  Impl DFF        imp:/WORK/zigbee/DQPSK_CSK/Real_Sync_FIFO/mem_reg[873][0]

  Ref  DFF        ref:/WORK/zigbee/DQPSK_CSK/Real_Sync_FIFO/mem_reg[873][1]
  Impl DFF        imp:/WORK/zigbee/DQPSK_CSK/Real_Sync_FIFO/mem_reg[873][1]

  Ref  DFF        ref:/WORK/zigbee/DQPSK_CSK/Real_Sync_FIFO/mem_reg[874][0]
  Impl DFF        imp:/WORK/zigbee/DQPSK_CSK/Real_Sync_FIFO/mem_reg[874][0]

  Ref  DFF        ref:/WORK/zigbee/DQPSK_CSK/Real_Sync_FIFO/mem_reg[874][1]
  Impl DFF        imp:/WORK/zigbee/DQPSK_CSK/Real_Sync_FIFO/mem_reg[874][1]

  Ref  DFF        ref:/WORK/zigbee/DQPSK_CSK/Real_Sync_FIFO/mem_reg[875][0]
  Impl DFF        imp:/WORK/zigbee/DQPSK_CSK/Real_Sync_FIFO/mem_reg[875][0]

  Ref  DFF        ref:/WORK/zigbee/DQPSK_CSK/Real_Sync_FIFO/mem_reg[875][1]
  Impl DFF        imp:/WORK/zigbee/DQPSK_CSK/Real_Sync_FIFO/mem_reg[875][1]

  Ref  DFF        ref:/WORK/zigbee/DQPSK_CSK/Real_Sync_FIFO/mem_reg[876][0]
  Impl DFF        imp:/WORK/zigbee/DQPSK_CSK/Real_Sync_FIFO/mem_reg[876][0]

  Ref  DFF        ref:/WORK/zigbee/DQPSK_CSK/Real_Sync_FIFO/mem_reg[876][1]
  Impl DFF        imp:/WORK/zigbee/DQPSK_CSK/Real_Sync_FIFO/mem_reg[876][1]

  Ref  DFF        ref:/WORK/zigbee/DQPSK_CSK/Real_Sync_FIFO/mem_reg[877][0]
  Impl DFF        imp:/WORK/zigbee/DQPSK_CSK/Real_Sync_FIFO/mem_reg[877][0]

  Ref  DFF        ref:/WORK/zigbee/DQPSK_CSK/Real_Sync_FIFO/mem_reg[877][1]
  Impl DFF        imp:/WORK/zigbee/DQPSK_CSK/Real_Sync_FIFO/mem_reg[877][1]

  Ref  DFF        ref:/WORK/zigbee/DQPSK_CSK/Real_Sync_FIFO/mem_reg[878][0]
  Impl DFF        imp:/WORK/zigbee/DQPSK_CSK/Real_Sync_FIFO/mem_reg[878][0]

  Ref  DFF        ref:/WORK/zigbee/DQPSK_CSK/Real_Sync_FIFO/mem_reg[878][1]
  Impl DFF        imp:/WORK/zigbee/DQPSK_CSK/Real_Sync_FIFO/mem_reg[878][1]

  Ref  DFF        ref:/WORK/zigbee/DQPSK_CSK/Real_Sync_FIFO/mem_reg[879][0]
  Impl DFF        imp:/WORK/zigbee/DQPSK_CSK/Real_Sync_FIFO/mem_reg[879][0]

  Ref  DFF        ref:/WORK/zigbee/DQPSK_CSK/Real_Sync_FIFO/mem_reg[879][1]
  Impl DFF        imp:/WORK/zigbee/DQPSK_CSK/Real_Sync_FIFO/mem_reg[879][1]

  Ref  DFF        ref:/WORK/zigbee/DQPSK_CSK/Real_Sync_FIFO/mem_reg[87][0]
  Impl DFF        imp:/WORK/zigbee/DQPSK_CSK/Real_Sync_FIFO/mem_reg[87][0]

  Ref  DFF        ref:/WORK/zigbee/DQPSK_CSK/Real_Sync_FIFO/mem_reg[87][1]
  Impl DFF        imp:/WORK/zigbee/DQPSK_CSK/Real_Sync_FIFO/mem_reg[87][1]

  Ref  DFF        ref:/WORK/zigbee/DQPSK_CSK/Real_Sync_FIFO/mem_reg[880][0]
  Impl DFF        imp:/WORK/zigbee/DQPSK_CSK/Real_Sync_FIFO/mem_reg[880][0]

  Ref  DFF        ref:/WORK/zigbee/DQPSK_CSK/Real_Sync_FIFO/mem_reg[880][1]
  Impl DFF        imp:/WORK/zigbee/DQPSK_CSK/Real_Sync_FIFO/mem_reg[880][1]

  Ref  DFF        ref:/WORK/zigbee/DQPSK_CSK/Real_Sync_FIFO/mem_reg[881][0]
  Impl DFF        imp:/WORK/zigbee/DQPSK_CSK/Real_Sync_FIFO/mem_reg[881][0]

  Ref  DFF        ref:/WORK/zigbee/DQPSK_CSK/Real_Sync_FIFO/mem_reg[881][1]
  Impl DFF        imp:/WORK/zigbee/DQPSK_CSK/Real_Sync_FIFO/mem_reg[881][1]

  Ref  DFF        ref:/WORK/zigbee/DQPSK_CSK/Real_Sync_FIFO/mem_reg[882][0]
  Impl DFF        imp:/WORK/zigbee/DQPSK_CSK/Real_Sync_FIFO/mem_reg[882][0]

  Ref  DFF        ref:/WORK/zigbee/DQPSK_CSK/Real_Sync_FIFO/mem_reg[882][1]
  Impl DFF        imp:/WORK/zigbee/DQPSK_CSK/Real_Sync_FIFO/mem_reg[882][1]

  Ref  DFF        ref:/WORK/zigbee/DQPSK_CSK/Real_Sync_FIFO/mem_reg[883][0]
  Impl DFF        imp:/WORK/zigbee/DQPSK_CSK/Real_Sync_FIFO/mem_reg[883][0]

  Ref  DFF        ref:/WORK/zigbee/DQPSK_CSK/Real_Sync_FIFO/mem_reg[883][1]
  Impl DFF        imp:/WORK/zigbee/DQPSK_CSK/Real_Sync_FIFO/mem_reg[883][1]

  Ref  DFF        ref:/WORK/zigbee/DQPSK_CSK/Real_Sync_FIFO/mem_reg[884][0]
  Impl DFF        imp:/WORK/zigbee/DQPSK_CSK/Real_Sync_FIFO/mem_reg[884][0]

  Ref  DFF        ref:/WORK/zigbee/DQPSK_CSK/Real_Sync_FIFO/mem_reg[884][1]
  Impl DFF        imp:/WORK/zigbee/DQPSK_CSK/Real_Sync_FIFO/mem_reg[884][1]

  Ref  DFF        ref:/WORK/zigbee/DQPSK_CSK/Real_Sync_FIFO/mem_reg[885][0]
  Impl DFF        imp:/WORK/zigbee/DQPSK_CSK/Real_Sync_FIFO/mem_reg[885][0]

  Ref  DFF        ref:/WORK/zigbee/DQPSK_CSK/Real_Sync_FIFO/mem_reg[885][1]
  Impl DFF        imp:/WORK/zigbee/DQPSK_CSK/Real_Sync_FIFO/mem_reg[885][1]

  Ref  DFF        ref:/WORK/zigbee/DQPSK_CSK/Real_Sync_FIFO/mem_reg[886][0]
  Impl DFF        imp:/WORK/zigbee/DQPSK_CSK/Real_Sync_FIFO/mem_reg[886][0]

  Ref  DFF        ref:/WORK/zigbee/DQPSK_CSK/Real_Sync_FIFO/mem_reg[886][1]
  Impl DFF        imp:/WORK/zigbee/DQPSK_CSK/Real_Sync_FIFO/mem_reg[886][1]

  Ref  DFF        ref:/WORK/zigbee/DQPSK_CSK/Real_Sync_FIFO/mem_reg[887][0]
  Impl DFF        imp:/WORK/zigbee/DQPSK_CSK/Real_Sync_FIFO/mem_reg[887][0]

  Ref  DFF        ref:/WORK/zigbee/DQPSK_CSK/Real_Sync_FIFO/mem_reg[887][1]
  Impl DFF        imp:/WORK/zigbee/DQPSK_CSK/Real_Sync_FIFO/mem_reg[887][1]

  Ref  DFF        ref:/WORK/zigbee/DQPSK_CSK/Real_Sync_FIFO/mem_reg[888][0]
  Impl DFF        imp:/WORK/zigbee/DQPSK_CSK/Real_Sync_FIFO/mem_reg[888][0]

  Ref  DFF        ref:/WORK/zigbee/DQPSK_CSK/Real_Sync_FIFO/mem_reg[888][1]
  Impl DFF        imp:/WORK/zigbee/DQPSK_CSK/Real_Sync_FIFO/mem_reg[888][1]

  Ref  DFF        ref:/WORK/zigbee/DQPSK_CSK/Real_Sync_FIFO/mem_reg[889][0]
  Impl DFF        imp:/WORK/zigbee/DQPSK_CSK/Real_Sync_FIFO/mem_reg[889][0]

  Ref  DFF        ref:/WORK/zigbee/DQPSK_CSK/Real_Sync_FIFO/mem_reg[889][1]
  Impl DFF        imp:/WORK/zigbee/DQPSK_CSK/Real_Sync_FIFO/mem_reg[889][1]

  Ref  DFF        ref:/WORK/zigbee/DQPSK_CSK/Real_Sync_FIFO/mem_reg[88][0]
  Impl DFF        imp:/WORK/zigbee/DQPSK_CSK/Real_Sync_FIFO/mem_reg[88][0]

  Ref  DFF        ref:/WORK/zigbee/DQPSK_CSK/Real_Sync_FIFO/mem_reg[88][1]
  Impl DFF        imp:/WORK/zigbee/DQPSK_CSK/Real_Sync_FIFO/mem_reg[88][1]

  Ref  DFF        ref:/WORK/zigbee/DQPSK_CSK/Real_Sync_FIFO/mem_reg[890][0]
  Impl DFF        imp:/WORK/zigbee/DQPSK_CSK/Real_Sync_FIFO/mem_reg[890][0]

  Ref  DFF        ref:/WORK/zigbee/DQPSK_CSK/Real_Sync_FIFO/mem_reg[890][1]
  Impl DFF        imp:/WORK/zigbee/DQPSK_CSK/Real_Sync_FIFO/mem_reg[890][1]

  Ref  DFF        ref:/WORK/zigbee/DQPSK_CSK/Real_Sync_FIFO/mem_reg[891][0]
  Impl DFF        imp:/WORK/zigbee/DQPSK_CSK/Real_Sync_FIFO/mem_reg[891][0]

  Ref  DFF        ref:/WORK/zigbee/DQPSK_CSK/Real_Sync_FIFO/mem_reg[891][1]
  Impl DFF        imp:/WORK/zigbee/DQPSK_CSK/Real_Sync_FIFO/mem_reg[891][1]

  Ref  DFF        ref:/WORK/zigbee/DQPSK_CSK/Real_Sync_FIFO/mem_reg[892][0]
  Impl DFF        imp:/WORK/zigbee/DQPSK_CSK/Real_Sync_FIFO/mem_reg[892][0]

  Ref  DFF        ref:/WORK/zigbee/DQPSK_CSK/Real_Sync_FIFO/mem_reg[892][1]
  Impl DFF        imp:/WORK/zigbee/DQPSK_CSK/Real_Sync_FIFO/mem_reg[892][1]

  Ref  DFF        ref:/WORK/zigbee/DQPSK_CSK/Real_Sync_FIFO/mem_reg[893][0]
  Impl DFF        imp:/WORK/zigbee/DQPSK_CSK/Real_Sync_FIFO/mem_reg[893][0]

  Ref  DFF        ref:/WORK/zigbee/DQPSK_CSK/Real_Sync_FIFO/mem_reg[893][1]
  Impl DFF        imp:/WORK/zigbee/DQPSK_CSK/Real_Sync_FIFO/mem_reg[893][1]

  Ref  DFF        ref:/WORK/zigbee/DQPSK_CSK/Real_Sync_FIFO/mem_reg[894][0]
  Impl DFF        imp:/WORK/zigbee/DQPSK_CSK/Real_Sync_FIFO/mem_reg[894][0]

  Ref  DFF        ref:/WORK/zigbee/DQPSK_CSK/Real_Sync_FIFO/mem_reg[894][1]
  Impl DFF        imp:/WORK/zigbee/DQPSK_CSK/Real_Sync_FIFO/mem_reg[894][1]

  Ref  DFF        ref:/WORK/zigbee/DQPSK_CSK/Real_Sync_FIFO/mem_reg[895][0]
  Impl DFF        imp:/WORK/zigbee/DQPSK_CSK/Real_Sync_FIFO/mem_reg[895][0]

  Ref  DFF        ref:/WORK/zigbee/DQPSK_CSK/Real_Sync_FIFO/mem_reg[895][1]
  Impl DFF        imp:/WORK/zigbee/DQPSK_CSK/Real_Sync_FIFO/mem_reg[895][1]

  Ref  DFF        ref:/WORK/zigbee/DQPSK_CSK/Real_Sync_FIFO/mem_reg[896][0]
  Impl DFF        imp:/WORK/zigbee/DQPSK_CSK/Real_Sync_FIFO/mem_reg[896][0]

  Ref  DFF        ref:/WORK/zigbee/DQPSK_CSK/Real_Sync_FIFO/mem_reg[896][1]
  Impl DFF        imp:/WORK/zigbee/DQPSK_CSK/Real_Sync_FIFO/mem_reg[896][1]

  Ref  DFF        ref:/WORK/zigbee/DQPSK_CSK/Real_Sync_FIFO/mem_reg[897][0]
  Impl DFF        imp:/WORK/zigbee/DQPSK_CSK/Real_Sync_FIFO/mem_reg[897][0]

  Ref  DFF        ref:/WORK/zigbee/DQPSK_CSK/Real_Sync_FIFO/mem_reg[897][1]
  Impl DFF        imp:/WORK/zigbee/DQPSK_CSK/Real_Sync_FIFO/mem_reg[897][1]

  Ref  DFF        ref:/WORK/zigbee/DQPSK_CSK/Real_Sync_FIFO/mem_reg[898][0]
  Impl DFF        imp:/WORK/zigbee/DQPSK_CSK/Real_Sync_FIFO/mem_reg[898][0]

  Ref  DFF        ref:/WORK/zigbee/DQPSK_CSK/Real_Sync_FIFO/mem_reg[898][1]
  Impl DFF        imp:/WORK/zigbee/DQPSK_CSK/Real_Sync_FIFO/mem_reg[898][1]

  Ref  DFF        ref:/WORK/zigbee/DQPSK_CSK/Real_Sync_FIFO/mem_reg[899][0]
  Impl DFF        imp:/WORK/zigbee/DQPSK_CSK/Real_Sync_FIFO/mem_reg[899][0]

  Ref  DFF        ref:/WORK/zigbee/DQPSK_CSK/Real_Sync_FIFO/mem_reg[899][1]
  Impl DFF        imp:/WORK/zigbee/DQPSK_CSK/Real_Sync_FIFO/mem_reg[899][1]

  Ref  DFF        ref:/WORK/zigbee/DQPSK_CSK/Real_Sync_FIFO/mem_reg[89][0]
  Impl DFF        imp:/WORK/zigbee/DQPSK_CSK/Real_Sync_FIFO/mem_reg[89][0]

  Ref  DFF        ref:/WORK/zigbee/DQPSK_CSK/Real_Sync_FIFO/mem_reg[89][1]
  Impl DFF        imp:/WORK/zigbee/DQPSK_CSK/Real_Sync_FIFO/mem_reg[89][1]

  Ref  DFF        ref:/WORK/zigbee/DQPSK_CSK/Real_Sync_FIFO/mem_reg[8][0]
  Impl DFF        imp:/WORK/zigbee/DQPSK_CSK/Real_Sync_FIFO/mem_reg[8][0]

  Ref  DFF        ref:/WORK/zigbee/DQPSK_CSK/Real_Sync_FIFO/mem_reg[8][1]
  Impl DFF        imp:/WORK/zigbee/DQPSK_CSK/Real_Sync_FIFO/mem_reg[8][1]

  Ref  DFF        ref:/WORK/zigbee/DQPSK_CSK/Real_Sync_FIFO/mem_reg[900][0]
  Impl DFF        imp:/WORK/zigbee/DQPSK_CSK/Real_Sync_FIFO/mem_reg[900][0]

  Ref  DFF        ref:/WORK/zigbee/DQPSK_CSK/Real_Sync_FIFO/mem_reg[900][1]
  Impl DFF        imp:/WORK/zigbee/DQPSK_CSK/Real_Sync_FIFO/mem_reg[900][1]

  Ref  DFF        ref:/WORK/zigbee/DQPSK_CSK/Real_Sync_FIFO/mem_reg[901][0]
  Impl DFF        imp:/WORK/zigbee/DQPSK_CSK/Real_Sync_FIFO/mem_reg[901][0]

  Ref  DFF        ref:/WORK/zigbee/DQPSK_CSK/Real_Sync_FIFO/mem_reg[901][1]
  Impl DFF        imp:/WORK/zigbee/DQPSK_CSK/Real_Sync_FIFO/mem_reg[901][1]

  Ref  DFF        ref:/WORK/zigbee/DQPSK_CSK/Real_Sync_FIFO/mem_reg[902][0]
  Impl DFF        imp:/WORK/zigbee/DQPSK_CSK/Real_Sync_FIFO/mem_reg[902][0]

  Ref  DFF        ref:/WORK/zigbee/DQPSK_CSK/Real_Sync_FIFO/mem_reg[902][1]
  Impl DFF        imp:/WORK/zigbee/DQPSK_CSK/Real_Sync_FIFO/mem_reg[902][1]

  Ref  DFF        ref:/WORK/zigbee/DQPSK_CSK/Real_Sync_FIFO/mem_reg[903][0]
  Impl DFF        imp:/WORK/zigbee/DQPSK_CSK/Real_Sync_FIFO/mem_reg[903][0]

  Ref  DFF        ref:/WORK/zigbee/DQPSK_CSK/Real_Sync_FIFO/mem_reg[903][1]
  Impl DFF        imp:/WORK/zigbee/DQPSK_CSK/Real_Sync_FIFO/mem_reg[903][1]

  Ref  DFF        ref:/WORK/zigbee/DQPSK_CSK/Real_Sync_FIFO/mem_reg[904][0]
  Impl DFF        imp:/WORK/zigbee/DQPSK_CSK/Real_Sync_FIFO/mem_reg[904][0]

  Ref  DFF        ref:/WORK/zigbee/DQPSK_CSK/Real_Sync_FIFO/mem_reg[904][1]
  Impl DFF        imp:/WORK/zigbee/DQPSK_CSK/Real_Sync_FIFO/mem_reg[904][1]

  Ref  DFF        ref:/WORK/zigbee/DQPSK_CSK/Real_Sync_FIFO/mem_reg[905][0]
  Impl DFF        imp:/WORK/zigbee/DQPSK_CSK/Real_Sync_FIFO/mem_reg[905][0]

  Ref  DFF        ref:/WORK/zigbee/DQPSK_CSK/Real_Sync_FIFO/mem_reg[905][1]
  Impl DFF        imp:/WORK/zigbee/DQPSK_CSK/Real_Sync_FIFO/mem_reg[905][1]

  Ref  DFF        ref:/WORK/zigbee/DQPSK_CSK/Real_Sync_FIFO/mem_reg[906][0]
  Impl DFF        imp:/WORK/zigbee/DQPSK_CSK/Real_Sync_FIFO/mem_reg[906][0]

  Ref  DFF        ref:/WORK/zigbee/DQPSK_CSK/Real_Sync_FIFO/mem_reg[906][1]
  Impl DFF        imp:/WORK/zigbee/DQPSK_CSK/Real_Sync_FIFO/mem_reg[906][1]

  Ref  DFF        ref:/WORK/zigbee/DQPSK_CSK/Real_Sync_FIFO/mem_reg[907][0]
  Impl DFF        imp:/WORK/zigbee/DQPSK_CSK/Real_Sync_FIFO/mem_reg[907][0]

  Ref  DFF        ref:/WORK/zigbee/DQPSK_CSK/Real_Sync_FIFO/mem_reg[907][1]
  Impl DFF        imp:/WORK/zigbee/DQPSK_CSK/Real_Sync_FIFO/mem_reg[907][1]

  Ref  DFF        ref:/WORK/zigbee/DQPSK_CSK/Real_Sync_FIFO/mem_reg[908][0]
  Impl DFF        imp:/WORK/zigbee/DQPSK_CSK/Real_Sync_FIFO/mem_reg[908][0]

  Ref  DFF        ref:/WORK/zigbee/DQPSK_CSK/Real_Sync_FIFO/mem_reg[908][1]
  Impl DFF        imp:/WORK/zigbee/DQPSK_CSK/Real_Sync_FIFO/mem_reg[908][1]

  Ref  DFF        ref:/WORK/zigbee/DQPSK_CSK/Real_Sync_FIFO/mem_reg[909][0]
  Impl DFF        imp:/WORK/zigbee/DQPSK_CSK/Real_Sync_FIFO/mem_reg[909][0]

  Ref  DFF        ref:/WORK/zigbee/DQPSK_CSK/Real_Sync_FIFO/mem_reg[909][1]
  Impl DFF        imp:/WORK/zigbee/DQPSK_CSK/Real_Sync_FIFO/mem_reg[909][1]

  Ref  DFF        ref:/WORK/zigbee/DQPSK_CSK/Real_Sync_FIFO/mem_reg[90][0]
  Impl DFF        imp:/WORK/zigbee/DQPSK_CSK/Real_Sync_FIFO/mem_reg[90][0]

  Ref  DFF        ref:/WORK/zigbee/DQPSK_CSK/Real_Sync_FIFO/mem_reg[90][1]
  Impl DFF        imp:/WORK/zigbee/DQPSK_CSK/Real_Sync_FIFO/mem_reg[90][1]

  Ref  DFF        ref:/WORK/zigbee/DQPSK_CSK/Real_Sync_FIFO/mem_reg[910][0]
  Impl DFF        imp:/WORK/zigbee/DQPSK_CSK/Real_Sync_FIFO/mem_reg[910][0]

  Ref  DFF        ref:/WORK/zigbee/DQPSK_CSK/Real_Sync_FIFO/mem_reg[910][1]
  Impl DFF        imp:/WORK/zigbee/DQPSK_CSK/Real_Sync_FIFO/mem_reg[910][1]

  Ref  DFF        ref:/WORK/zigbee/DQPSK_CSK/Real_Sync_FIFO/mem_reg[911][0]
  Impl DFF        imp:/WORK/zigbee/DQPSK_CSK/Real_Sync_FIFO/mem_reg[911][0]

  Ref  DFF        ref:/WORK/zigbee/DQPSK_CSK/Real_Sync_FIFO/mem_reg[911][1]
  Impl DFF        imp:/WORK/zigbee/DQPSK_CSK/Real_Sync_FIFO/mem_reg[911][1]

  Ref  DFF        ref:/WORK/zigbee/DQPSK_CSK/Real_Sync_FIFO/mem_reg[912][0]
  Impl DFF        imp:/WORK/zigbee/DQPSK_CSK/Real_Sync_FIFO/mem_reg[912][0]

  Ref  DFF        ref:/WORK/zigbee/DQPSK_CSK/Real_Sync_FIFO/mem_reg[912][1]
  Impl DFF        imp:/WORK/zigbee/DQPSK_CSK/Real_Sync_FIFO/mem_reg[912][1]

  Ref  DFF        ref:/WORK/zigbee/DQPSK_CSK/Real_Sync_FIFO/mem_reg[913][0]
  Impl DFF        imp:/WORK/zigbee/DQPSK_CSK/Real_Sync_FIFO/mem_reg[913][0]

  Ref  DFF        ref:/WORK/zigbee/DQPSK_CSK/Real_Sync_FIFO/mem_reg[913][1]
  Impl DFF        imp:/WORK/zigbee/DQPSK_CSK/Real_Sync_FIFO/mem_reg[913][1]

  Ref  DFF        ref:/WORK/zigbee/DQPSK_CSK/Real_Sync_FIFO/mem_reg[914][0]
  Impl DFF        imp:/WORK/zigbee/DQPSK_CSK/Real_Sync_FIFO/mem_reg[914][0]

  Ref  DFF        ref:/WORK/zigbee/DQPSK_CSK/Real_Sync_FIFO/mem_reg[914][1]
  Impl DFF        imp:/WORK/zigbee/DQPSK_CSK/Real_Sync_FIFO/mem_reg[914][1]

  Ref  DFF        ref:/WORK/zigbee/DQPSK_CSK/Real_Sync_FIFO/mem_reg[915][0]
  Impl DFF        imp:/WORK/zigbee/DQPSK_CSK/Real_Sync_FIFO/mem_reg[915][0]

  Ref  DFF        ref:/WORK/zigbee/DQPSK_CSK/Real_Sync_FIFO/mem_reg[915][1]
  Impl DFF        imp:/WORK/zigbee/DQPSK_CSK/Real_Sync_FIFO/mem_reg[915][1]

  Ref  DFF        ref:/WORK/zigbee/DQPSK_CSK/Real_Sync_FIFO/mem_reg[916][0]
  Impl DFF        imp:/WORK/zigbee/DQPSK_CSK/Real_Sync_FIFO/mem_reg[916][0]

  Ref  DFF        ref:/WORK/zigbee/DQPSK_CSK/Real_Sync_FIFO/mem_reg[916][1]
  Impl DFF        imp:/WORK/zigbee/DQPSK_CSK/Real_Sync_FIFO/mem_reg[916][1]

  Ref  DFF        ref:/WORK/zigbee/DQPSK_CSK/Real_Sync_FIFO/mem_reg[917][0]
  Impl DFF        imp:/WORK/zigbee/DQPSK_CSK/Real_Sync_FIFO/mem_reg[917][0]

  Ref  DFF        ref:/WORK/zigbee/DQPSK_CSK/Real_Sync_FIFO/mem_reg[917][1]
  Impl DFF        imp:/WORK/zigbee/DQPSK_CSK/Real_Sync_FIFO/mem_reg[917][1]

  Ref  DFF        ref:/WORK/zigbee/DQPSK_CSK/Real_Sync_FIFO/mem_reg[918][0]
  Impl DFF        imp:/WORK/zigbee/DQPSK_CSK/Real_Sync_FIFO/mem_reg[918][0]

  Ref  DFF        ref:/WORK/zigbee/DQPSK_CSK/Real_Sync_FIFO/mem_reg[918][1]
  Impl DFF        imp:/WORK/zigbee/DQPSK_CSK/Real_Sync_FIFO/mem_reg[918][1]

  Ref  DFF        ref:/WORK/zigbee/DQPSK_CSK/Real_Sync_FIFO/mem_reg[919][0]
  Impl DFF        imp:/WORK/zigbee/DQPSK_CSK/Real_Sync_FIFO/mem_reg[919][0]

  Ref  DFF        ref:/WORK/zigbee/DQPSK_CSK/Real_Sync_FIFO/mem_reg[919][1]
  Impl DFF        imp:/WORK/zigbee/DQPSK_CSK/Real_Sync_FIFO/mem_reg[919][1]

  Ref  DFF        ref:/WORK/zigbee/DQPSK_CSK/Real_Sync_FIFO/mem_reg[91][0]
  Impl DFF        imp:/WORK/zigbee/DQPSK_CSK/Real_Sync_FIFO/mem_reg[91][0]

  Ref  DFF        ref:/WORK/zigbee/DQPSK_CSK/Real_Sync_FIFO/mem_reg[91][1]
  Impl DFF        imp:/WORK/zigbee/DQPSK_CSK/Real_Sync_FIFO/mem_reg[91][1]

  Ref  DFF        ref:/WORK/zigbee/DQPSK_CSK/Real_Sync_FIFO/mem_reg[920][0]
  Impl DFF        imp:/WORK/zigbee/DQPSK_CSK/Real_Sync_FIFO/mem_reg[920][0]

  Ref  DFF        ref:/WORK/zigbee/DQPSK_CSK/Real_Sync_FIFO/mem_reg[920][1]
  Impl DFF        imp:/WORK/zigbee/DQPSK_CSK/Real_Sync_FIFO/mem_reg[920][1]

  Ref  DFF        ref:/WORK/zigbee/DQPSK_CSK/Real_Sync_FIFO/mem_reg[921][0]
  Impl DFF        imp:/WORK/zigbee/DQPSK_CSK/Real_Sync_FIFO/mem_reg[921][0]

  Ref  DFF        ref:/WORK/zigbee/DQPSK_CSK/Real_Sync_FIFO/mem_reg[921][1]
  Impl DFF        imp:/WORK/zigbee/DQPSK_CSK/Real_Sync_FIFO/mem_reg[921][1]

  Ref  DFF        ref:/WORK/zigbee/DQPSK_CSK/Real_Sync_FIFO/mem_reg[922][0]
  Impl DFF        imp:/WORK/zigbee/DQPSK_CSK/Real_Sync_FIFO/mem_reg[922][0]

  Ref  DFF        ref:/WORK/zigbee/DQPSK_CSK/Real_Sync_FIFO/mem_reg[922][1]
  Impl DFF        imp:/WORK/zigbee/DQPSK_CSK/Real_Sync_FIFO/mem_reg[922][1]

  Ref  DFF        ref:/WORK/zigbee/DQPSK_CSK/Real_Sync_FIFO/mem_reg[923][0]
  Impl DFF        imp:/WORK/zigbee/DQPSK_CSK/Real_Sync_FIFO/mem_reg[923][0]

  Ref  DFF        ref:/WORK/zigbee/DQPSK_CSK/Real_Sync_FIFO/mem_reg[923][1]
  Impl DFF        imp:/WORK/zigbee/DQPSK_CSK/Real_Sync_FIFO/mem_reg[923][1]

  Ref  DFF        ref:/WORK/zigbee/DQPSK_CSK/Real_Sync_FIFO/mem_reg[924][0]
  Impl DFF        imp:/WORK/zigbee/DQPSK_CSK/Real_Sync_FIFO/mem_reg[924][0]

  Ref  DFF        ref:/WORK/zigbee/DQPSK_CSK/Real_Sync_FIFO/mem_reg[924][1]
  Impl DFF        imp:/WORK/zigbee/DQPSK_CSK/Real_Sync_FIFO/mem_reg[924][1]

  Ref  DFF        ref:/WORK/zigbee/DQPSK_CSK/Real_Sync_FIFO/mem_reg[925][0]
  Impl DFF        imp:/WORK/zigbee/DQPSK_CSK/Real_Sync_FIFO/mem_reg[925][0]

  Ref  DFF        ref:/WORK/zigbee/DQPSK_CSK/Real_Sync_FIFO/mem_reg[925][1]
  Impl DFF        imp:/WORK/zigbee/DQPSK_CSK/Real_Sync_FIFO/mem_reg[925][1]

  Ref  DFF        ref:/WORK/zigbee/DQPSK_CSK/Real_Sync_FIFO/mem_reg[926][0]
  Impl DFF        imp:/WORK/zigbee/DQPSK_CSK/Real_Sync_FIFO/mem_reg[926][0]

  Ref  DFF        ref:/WORK/zigbee/DQPSK_CSK/Real_Sync_FIFO/mem_reg[926][1]
  Impl DFF        imp:/WORK/zigbee/DQPSK_CSK/Real_Sync_FIFO/mem_reg[926][1]

  Ref  DFF        ref:/WORK/zigbee/DQPSK_CSK/Real_Sync_FIFO/mem_reg[927][0]
  Impl DFF        imp:/WORK/zigbee/DQPSK_CSK/Real_Sync_FIFO/mem_reg[927][0]

  Ref  DFF        ref:/WORK/zigbee/DQPSK_CSK/Real_Sync_FIFO/mem_reg[927][1]
  Impl DFF        imp:/WORK/zigbee/DQPSK_CSK/Real_Sync_FIFO/mem_reg[927][1]

  Ref  DFF        ref:/WORK/zigbee/DQPSK_CSK/Real_Sync_FIFO/mem_reg[928][0]
  Impl DFF        imp:/WORK/zigbee/DQPSK_CSK/Real_Sync_FIFO/mem_reg[928][0]

  Ref  DFF        ref:/WORK/zigbee/DQPSK_CSK/Real_Sync_FIFO/mem_reg[928][1]
  Impl DFF        imp:/WORK/zigbee/DQPSK_CSK/Real_Sync_FIFO/mem_reg[928][1]

  Ref  DFF        ref:/WORK/zigbee/DQPSK_CSK/Real_Sync_FIFO/mem_reg[929][0]
  Impl DFF        imp:/WORK/zigbee/DQPSK_CSK/Real_Sync_FIFO/mem_reg[929][0]

  Ref  DFF        ref:/WORK/zigbee/DQPSK_CSK/Real_Sync_FIFO/mem_reg[929][1]
  Impl DFF        imp:/WORK/zigbee/DQPSK_CSK/Real_Sync_FIFO/mem_reg[929][1]

  Ref  DFF        ref:/WORK/zigbee/DQPSK_CSK/Real_Sync_FIFO/mem_reg[92][0]
  Impl DFF        imp:/WORK/zigbee/DQPSK_CSK/Real_Sync_FIFO/mem_reg[92][0]

  Ref  DFF        ref:/WORK/zigbee/DQPSK_CSK/Real_Sync_FIFO/mem_reg[92][1]
  Impl DFF        imp:/WORK/zigbee/DQPSK_CSK/Real_Sync_FIFO/mem_reg[92][1]

  Ref  DFF        ref:/WORK/zigbee/DQPSK_CSK/Real_Sync_FIFO/mem_reg[930][0]
  Impl DFF        imp:/WORK/zigbee/DQPSK_CSK/Real_Sync_FIFO/mem_reg[930][0]

  Ref  DFF        ref:/WORK/zigbee/DQPSK_CSK/Real_Sync_FIFO/mem_reg[930][1]
  Impl DFF        imp:/WORK/zigbee/DQPSK_CSK/Real_Sync_FIFO/mem_reg[930][1]

  Ref  DFF        ref:/WORK/zigbee/DQPSK_CSK/Real_Sync_FIFO/mem_reg[931][0]
  Impl DFF        imp:/WORK/zigbee/DQPSK_CSK/Real_Sync_FIFO/mem_reg[931][0]

  Ref  DFF        ref:/WORK/zigbee/DQPSK_CSK/Real_Sync_FIFO/mem_reg[931][1]
  Impl DFF        imp:/WORK/zigbee/DQPSK_CSK/Real_Sync_FIFO/mem_reg[931][1]

  Ref  DFF        ref:/WORK/zigbee/DQPSK_CSK/Real_Sync_FIFO/mem_reg[932][0]
  Impl DFF        imp:/WORK/zigbee/DQPSK_CSK/Real_Sync_FIFO/mem_reg[932][0]

  Ref  DFF        ref:/WORK/zigbee/DQPSK_CSK/Real_Sync_FIFO/mem_reg[932][1]
  Impl DFF        imp:/WORK/zigbee/DQPSK_CSK/Real_Sync_FIFO/mem_reg[932][1]

  Ref  DFF        ref:/WORK/zigbee/DQPSK_CSK/Real_Sync_FIFO/mem_reg[933][0]
  Impl DFF        imp:/WORK/zigbee/DQPSK_CSK/Real_Sync_FIFO/mem_reg[933][0]

  Ref  DFF        ref:/WORK/zigbee/DQPSK_CSK/Real_Sync_FIFO/mem_reg[933][1]
  Impl DFF        imp:/WORK/zigbee/DQPSK_CSK/Real_Sync_FIFO/mem_reg[933][1]

  Ref  DFF        ref:/WORK/zigbee/DQPSK_CSK/Real_Sync_FIFO/mem_reg[934][0]
  Impl DFF        imp:/WORK/zigbee/DQPSK_CSK/Real_Sync_FIFO/mem_reg[934][0]

  Ref  DFF        ref:/WORK/zigbee/DQPSK_CSK/Real_Sync_FIFO/mem_reg[934][1]
  Impl DFF        imp:/WORK/zigbee/DQPSK_CSK/Real_Sync_FIFO/mem_reg[934][1]

  Ref  DFF        ref:/WORK/zigbee/DQPSK_CSK/Real_Sync_FIFO/mem_reg[935][0]
  Impl DFF        imp:/WORK/zigbee/DQPSK_CSK/Real_Sync_FIFO/mem_reg[935][0]

  Ref  DFF        ref:/WORK/zigbee/DQPSK_CSK/Real_Sync_FIFO/mem_reg[935][1]
  Impl DFF        imp:/WORK/zigbee/DQPSK_CSK/Real_Sync_FIFO/mem_reg[935][1]

  Ref  DFF        ref:/WORK/zigbee/DQPSK_CSK/Real_Sync_FIFO/mem_reg[936][0]
  Impl DFF        imp:/WORK/zigbee/DQPSK_CSK/Real_Sync_FIFO/mem_reg[936][0]

  Ref  DFF        ref:/WORK/zigbee/DQPSK_CSK/Real_Sync_FIFO/mem_reg[936][1]
  Impl DFF        imp:/WORK/zigbee/DQPSK_CSK/Real_Sync_FIFO/mem_reg[936][1]

  Ref  DFF        ref:/WORK/zigbee/DQPSK_CSK/Real_Sync_FIFO/mem_reg[937][0]
  Impl DFF        imp:/WORK/zigbee/DQPSK_CSK/Real_Sync_FIFO/mem_reg[937][0]

  Ref  DFF        ref:/WORK/zigbee/DQPSK_CSK/Real_Sync_FIFO/mem_reg[937][1]
  Impl DFF        imp:/WORK/zigbee/DQPSK_CSK/Real_Sync_FIFO/mem_reg[937][1]

  Ref  DFF        ref:/WORK/zigbee/DQPSK_CSK/Real_Sync_FIFO/mem_reg[938][0]
  Impl DFF        imp:/WORK/zigbee/DQPSK_CSK/Real_Sync_FIFO/mem_reg[938][0]

  Ref  DFF        ref:/WORK/zigbee/DQPSK_CSK/Real_Sync_FIFO/mem_reg[938][1]
  Impl DFF        imp:/WORK/zigbee/DQPSK_CSK/Real_Sync_FIFO/mem_reg[938][1]

  Ref  DFF        ref:/WORK/zigbee/DQPSK_CSK/Real_Sync_FIFO/mem_reg[939][0]
  Impl DFF        imp:/WORK/zigbee/DQPSK_CSK/Real_Sync_FIFO/mem_reg[939][0]

  Ref  DFF        ref:/WORK/zigbee/DQPSK_CSK/Real_Sync_FIFO/mem_reg[939][1]
  Impl DFF        imp:/WORK/zigbee/DQPSK_CSK/Real_Sync_FIFO/mem_reg[939][1]

  Ref  DFF        ref:/WORK/zigbee/DQPSK_CSK/Real_Sync_FIFO/mem_reg[93][0]
  Impl DFF        imp:/WORK/zigbee/DQPSK_CSK/Real_Sync_FIFO/mem_reg[93][0]

  Ref  DFF        ref:/WORK/zigbee/DQPSK_CSK/Real_Sync_FIFO/mem_reg[93][1]
  Impl DFF        imp:/WORK/zigbee/DQPSK_CSK/Real_Sync_FIFO/mem_reg[93][1]

  Ref  DFF        ref:/WORK/zigbee/DQPSK_CSK/Real_Sync_FIFO/mem_reg[940][0]
  Impl DFF        imp:/WORK/zigbee/DQPSK_CSK/Real_Sync_FIFO/mem_reg[940][0]

  Ref  DFF        ref:/WORK/zigbee/DQPSK_CSK/Real_Sync_FIFO/mem_reg[940][1]
  Impl DFF        imp:/WORK/zigbee/DQPSK_CSK/Real_Sync_FIFO/mem_reg[940][1]

  Ref  DFF        ref:/WORK/zigbee/DQPSK_CSK/Real_Sync_FIFO/mem_reg[941][0]
  Impl DFF        imp:/WORK/zigbee/DQPSK_CSK/Real_Sync_FIFO/mem_reg[941][0]

  Ref  DFF        ref:/WORK/zigbee/DQPSK_CSK/Real_Sync_FIFO/mem_reg[941][1]
  Impl DFF        imp:/WORK/zigbee/DQPSK_CSK/Real_Sync_FIFO/mem_reg[941][1]

  Ref  DFF        ref:/WORK/zigbee/DQPSK_CSK/Real_Sync_FIFO/mem_reg[942][0]
  Impl DFF        imp:/WORK/zigbee/DQPSK_CSK/Real_Sync_FIFO/mem_reg[942][0]

  Ref  DFF        ref:/WORK/zigbee/DQPSK_CSK/Real_Sync_FIFO/mem_reg[942][1]
  Impl DFF        imp:/WORK/zigbee/DQPSK_CSK/Real_Sync_FIFO/mem_reg[942][1]

  Ref  DFF        ref:/WORK/zigbee/DQPSK_CSK/Real_Sync_FIFO/mem_reg[943][0]
  Impl DFF        imp:/WORK/zigbee/DQPSK_CSK/Real_Sync_FIFO/mem_reg[943][0]

  Ref  DFF        ref:/WORK/zigbee/DQPSK_CSK/Real_Sync_FIFO/mem_reg[943][1]
  Impl DFF        imp:/WORK/zigbee/DQPSK_CSK/Real_Sync_FIFO/mem_reg[943][1]

  Ref  DFF        ref:/WORK/zigbee/DQPSK_CSK/Real_Sync_FIFO/mem_reg[944][0]
  Impl DFF        imp:/WORK/zigbee/DQPSK_CSK/Real_Sync_FIFO/mem_reg[944][0]

  Ref  DFF        ref:/WORK/zigbee/DQPSK_CSK/Real_Sync_FIFO/mem_reg[944][1]
  Impl DFF        imp:/WORK/zigbee/DQPSK_CSK/Real_Sync_FIFO/mem_reg[944][1]

  Ref  DFF        ref:/WORK/zigbee/DQPSK_CSK/Real_Sync_FIFO/mem_reg[945][0]
  Impl DFF        imp:/WORK/zigbee/DQPSK_CSK/Real_Sync_FIFO/mem_reg[945][0]

  Ref  DFF        ref:/WORK/zigbee/DQPSK_CSK/Real_Sync_FIFO/mem_reg[945][1]
  Impl DFF        imp:/WORK/zigbee/DQPSK_CSK/Real_Sync_FIFO/mem_reg[945][1]

  Ref  DFF        ref:/WORK/zigbee/DQPSK_CSK/Real_Sync_FIFO/mem_reg[946][0]
  Impl DFF        imp:/WORK/zigbee/DQPSK_CSK/Real_Sync_FIFO/mem_reg[946][0]

  Ref  DFF        ref:/WORK/zigbee/DQPSK_CSK/Real_Sync_FIFO/mem_reg[946][1]
  Impl DFF        imp:/WORK/zigbee/DQPSK_CSK/Real_Sync_FIFO/mem_reg[946][1]

  Ref  DFF        ref:/WORK/zigbee/DQPSK_CSK/Real_Sync_FIFO/mem_reg[947][0]
  Impl DFF        imp:/WORK/zigbee/DQPSK_CSK/Real_Sync_FIFO/mem_reg[947][0]

  Ref  DFF        ref:/WORK/zigbee/DQPSK_CSK/Real_Sync_FIFO/mem_reg[947][1]
  Impl DFF        imp:/WORK/zigbee/DQPSK_CSK/Real_Sync_FIFO/mem_reg[947][1]

  Ref  DFF        ref:/WORK/zigbee/DQPSK_CSK/Real_Sync_FIFO/mem_reg[948][0]
  Impl DFF        imp:/WORK/zigbee/DQPSK_CSK/Real_Sync_FIFO/mem_reg[948][0]

  Ref  DFF        ref:/WORK/zigbee/DQPSK_CSK/Real_Sync_FIFO/mem_reg[948][1]
  Impl DFF        imp:/WORK/zigbee/DQPSK_CSK/Real_Sync_FIFO/mem_reg[948][1]

  Ref  DFF        ref:/WORK/zigbee/DQPSK_CSK/Real_Sync_FIFO/mem_reg[949][0]
  Impl DFF        imp:/WORK/zigbee/DQPSK_CSK/Real_Sync_FIFO/mem_reg[949][0]

  Ref  DFF        ref:/WORK/zigbee/DQPSK_CSK/Real_Sync_FIFO/mem_reg[949][1]
  Impl DFF        imp:/WORK/zigbee/DQPSK_CSK/Real_Sync_FIFO/mem_reg[949][1]

  Ref  DFF        ref:/WORK/zigbee/DQPSK_CSK/Real_Sync_FIFO/mem_reg[94][0]
  Impl DFF        imp:/WORK/zigbee/DQPSK_CSK/Real_Sync_FIFO/mem_reg[94][0]

  Ref  DFF        ref:/WORK/zigbee/DQPSK_CSK/Real_Sync_FIFO/mem_reg[94][1]
  Impl DFF        imp:/WORK/zigbee/DQPSK_CSK/Real_Sync_FIFO/mem_reg[94][1]

  Ref  DFF        ref:/WORK/zigbee/DQPSK_CSK/Real_Sync_FIFO/mem_reg[950][0]
  Impl DFF        imp:/WORK/zigbee/DQPSK_CSK/Real_Sync_FIFO/mem_reg[950][0]

  Ref  DFF        ref:/WORK/zigbee/DQPSK_CSK/Real_Sync_FIFO/mem_reg[950][1]
  Impl DFF        imp:/WORK/zigbee/DQPSK_CSK/Real_Sync_FIFO/mem_reg[950][1]

  Ref  DFF        ref:/WORK/zigbee/DQPSK_CSK/Real_Sync_FIFO/mem_reg[951][0]
  Impl DFF        imp:/WORK/zigbee/DQPSK_CSK/Real_Sync_FIFO/mem_reg[951][0]

  Ref  DFF        ref:/WORK/zigbee/DQPSK_CSK/Real_Sync_FIFO/mem_reg[951][1]
  Impl DFF        imp:/WORK/zigbee/DQPSK_CSK/Real_Sync_FIFO/mem_reg[951][1]

  Ref  DFF        ref:/WORK/zigbee/DQPSK_CSK/Real_Sync_FIFO/mem_reg[952][0]
  Impl DFF        imp:/WORK/zigbee/DQPSK_CSK/Real_Sync_FIFO/mem_reg[952][0]

  Ref  DFF        ref:/WORK/zigbee/DQPSK_CSK/Real_Sync_FIFO/mem_reg[952][1]
  Impl DFF        imp:/WORK/zigbee/DQPSK_CSK/Real_Sync_FIFO/mem_reg[952][1]

  Ref  DFF        ref:/WORK/zigbee/DQPSK_CSK/Real_Sync_FIFO/mem_reg[953][0]
  Impl DFF        imp:/WORK/zigbee/DQPSK_CSK/Real_Sync_FIFO/mem_reg[953][0]

  Ref  DFF        ref:/WORK/zigbee/DQPSK_CSK/Real_Sync_FIFO/mem_reg[953][1]
  Impl DFF        imp:/WORK/zigbee/DQPSK_CSK/Real_Sync_FIFO/mem_reg[953][1]

  Ref  DFF        ref:/WORK/zigbee/DQPSK_CSK/Real_Sync_FIFO/mem_reg[954][0]
  Impl DFF        imp:/WORK/zigbee/DQPSK_CSK/Real_Sync_FIFO/mem_reg[954][0]

  Ref  DFF        ref:/WORK/zigbee/DQPSK_CSK/Real_Sync_FIFO/mem_reg[954][1]
  Impl DFF        imp:/WORK/zigbee/DQPSK_CSK/Real_Sync_FIFO/mem_reg[954][1]

  Ref  DFF        ref:/WORK/zigbee/DQPSK_CSK/Real_Sync_FIFO/mem_reg[955][0]
  Impl DFF        imp:/WORK/zigbee/DQPSK_CSK/Real_Sync_FIFO/mem_reg[955][0]

  Ref  DFF        ref:/WORK/zigbee/DQPSK_CSK/Real_Sync_FIFO/mem_reg[955][1]
  Impl DFF        imp:/WORK/zigbee/DQPSK_CSK/Real_Sync_FIFO/mem_reg[955][1]

  Ref  DFF        ref:/WORK/zigbee/DQPSK_CSK/Real_Sync_FIFO/mem_reg[956][0]
  Impl DFF        imp:/WORK/zigbee/DQPSK_CSK/Real_Sync_FIFO/mem_reg[956][0]

  Ref  DFF        ref:/WORK/zigbee/DQPSK_CSK/Real_Sync_FIFO/mem_reg[956][1]
  Impl DFF        imp:/WORK/zigbee/DQPSK_CSK/Real_Sync_FIFO/mem_reg[956][1]

  Ref  DFF        ref:/WORK/zigbee/DQPSK_CSK/Real_Sync_FIFO/mem_reg[957][0]
  Impl DFF        imp:/WORK/zigbee/DQPSK_CSK/Real_Sync_FIFO/mem_reg[957][0]

  Ref  DFF        ref:/WORK/zigbee/DQPSK_CSK/Real_Sync_FIFO/mem_reg[957][1]
  Impl DFF        imp:/WORK/zigbee/DQPSK_CSK/Real_Sync_FIFO/mem_reg[957][1]

  Ref  DFF        ref:/WORK/zigbee/DQPSK_CSK/Real_Sync_FIFO/mem_reg[958][0]
  Impl DFF        imp:/WORK/zigbee/DQPSK_CSK/Real_Sync_FIFO/mem_reg[958][0]

  Ref  DFF        ref:/WORK/zigbee/DQPSK_CSK/Real_Sync_FIFO/mem_reg[958][1]
  Impl DFF        imp:/WORK/zigbee/DQPSK_CSK/Real_Sync_FIFO/mem_reg[958][1]

  Ref  DFF        ref:/WORK/zigbee/DQPSK_CSK/Real_Sync_FIFO/mem_reg[959][0]
  Impl DFF        imp:/WORK/zigbee/DQPSK_CSK/Real_Sync_FIFO/mem_reg[959][0]

  Ref  DFF        ref:/WORK/zigbee/DQPSK_CSK/Real_Sync_FIFO/mem_reg[959][1]
  Impl DFF        imp:/WORK/zigbee/DQPSK_CSK/Real_Sync_FIFO/mem_reg[959][1]

  Ref  DFF        ref:/WORK/zigbee/DQPSK_CSK/Real_Sync_FIFO/mem_reg[95][0]
  Impl DFF        imp:/WORK/zigbee/DQPSK_CSK/Real_Sync_FIFO/mem_reg[95][0]

  Ref  DFF        ref:/WORK/zigbee/DQPSK_CSK/Real_Sync_FIFO/mem_reg[95][1]
  Impl DFF        imp:/WORK/zigbee/DQPSK_CSK/Real_Sync_FIFO/mem_reg[95][1]

  Ref  DFF        ref:/WORK/zigbee/DQPSK_CSK/Real_Sync_FIFO/mem_reg[960][0]
  Impl DFF        imp:/WORK/zigbee/DQPSK_CSK/Real_Sync_FIFO/mem_reg[960][0]

  Ref  DFF        ref:/WORK/zigbee/DQPSK_CSK/Real_Sync_FIFO/mem_reg[960][1]
  Impl DFF        imp:/WORK/zigbee/DQPSK_CSK/Real_Sync_FIFO/mem_reg[960][1]

  Ref  DFF        ref:/WORK/zigbee/DQPSK_CSK/Real_Sync_FIFO/mem_reg[961][0]
  Impl DFF        imp:/WORK/zigbee/DQPSK_CSK/Real_Sync_FIFO/mem_reg[961][0]

  Ref  DFF        ref:/WORK/zigbee/DQPSK_CSK/Real_Sync_FIFO/mem_reg[961][1]
  Impl DFF        imp:/WORK/zigbee/DQPSK_CSK/Real_Sync_FIFO/mem_reg[961][1]

  Ref  DFF        ref:/WORK/zigbee/DQPSK_CSK/Real_Sync_FIFO/mem_reg[962][0]
  Impl DFF        imp:/WORK/zigbee/DQPSK_CSK/Real_Sync_FIFO/mem_reg[962][0]

  Ref  DFF        ref:/WORK/zigbee/DQPSK_CSK/Real_Sync_FIFO/mem_reg[962][1]
  Impl DFF        imp:/WORK/zigbee/DQPSK_CSK/Real_Sync_FIFO/mem_reg[962][1]

  Ref  DFF        ref:/WORK/zigbee/DQPSK_CSK/Real_Sync_FIFO/mem_reg[963][0]
  Impl DFF        imp:/WORK/zigbee/DQPSK_CSK/Real_Sync_FIFO/mem_reg[963][0]

  Ref  DFF        ref:/WORK/zigbee/DQPSK_CSK/Real_Sync_FIFO/mem_reg[963][1]
  Impl DFF        imp:/WORK/zigbee/DQPSK_CSK/Real_Sync_FIFO/mem_reg[963][1]

  Ref  DFF        ref:/WORK/zigbee/DQPSK_CSK/Real_Sync_FIFO/mem_reg[964][0]
  Impl DFF        imp:/WORK/zigbee/DQPSK_CSK/Real_Sync_FIFO/mem_reg[964][0]

  Ref  DFF        ref:/WORK/zigbee/DQPSK_CSK/Real_Sync_FIFO/mem_reg[964][1]
  Impl DFF        imp:/WORK/zigbee/DQPSK_CSK/Real_Sync_FIFO/mem_reg[964][1]

  Ref  DFF        ref:/WORK/zigbee/DQPSK_CSK/Real_Sync_FIFO/mem_reg[965][0]
  Impl DFF        imp:/WORK/zigbee/DQPSK_CSK/Real_Sync_FIFO/mem_reg[965][0]

  Ref  DFF        ref:/WORK/zigbee/DQPSK_CSK/Real_Sync_FIFO/mem_reg[965][1]
  Impl DFF        imp:/WORK/zigbee/DQPSK_CSK/Real_Sync_FIFO/mem_reg[965][1]

  Ref  DFF        ref:/WORK/zigbee/DQPSK_CSK/Real_Sync_FIFO/mem_reg[966][0]
  Impl DFF        imp:/WORK/zigbee/DQPSK_CSK/Real_Sync_FIFO/mem_reg[966][0]

  Ref  DFF        ref:/WORK/zigbee/DQPSK_CSK/Real_Sync_FIFO/mem_reg[966][1]
  Impl DFF        imp:/WORK/zigbee/DQPSK_CSK/Real_Sync_FIFO/mem_reg[966][1]

  Ref  DFF        ref:/WORK/zigbee/DQPSK_CSK/Real_Sync_FIFO/mem_reg[967][0]
  Impl DFF        imp:/WORK/zigbee/DQPSK_CSK/Real_Sync_FIFO/mem_reg[967][0]

  Ref  DFF        ref:/WORK/zigbee/DQPSK_CSK/Real_Sync_FIFO/mem_reg[967][1]
  Impl DFF        imp:/WORK/zigbee/DQPSK_CSK/Real_Sync_FIFO/mem_reg[967][1]

  Ref  DFF        ref:/WORK/zigbee/DQPSK_CSK/Real_Sync_FIFO/mem_reg[968][0]
  Impl DFF        imp:/WORK/zigbee/DQPSK_CSK/Real_Sync_FIFO/mem_reg[968][0]

  Ref  DFF        ref:/WORK/zigbee/DQPSK_CSK/Real_Sync_FIFO/mem_reg[968][1]
  Impl DFF        imp:/WORK/zigbee/DQPSK_CSK/Real_Sync_FIFO/mem_reg[968][1]

  Ref  DFF        ref:/WORK/zigbee/DQPSK_CSK/Real_Sync_FIFO/mem_reg[969][0]
  Impl DFF        imp:/WORK/zigbee/DQPSK_CSK/Real_Sync_FIFO/mem_reg[969][0]

  Ref  DFF        ref:/WORK/zigbee/DQPSK_CSK/Real_Sync_FIFO/mem_reg[969][1]
  Impl DFF        imp:/WORK/zigbee/DQPSK_CSK/Real_Sync_FIFO/mem_reg[969][1]

  Ref  DFF        ref:/WORK/zigbee/DQPSK_CSK/Real_Sync_FIFO/mem_reg[96][0]
  Impl DFF        imp:/WORK/zigbee/DQPSK_CSK/Real_Sync_FIFO/mem_reg[96][0]

  Ref  DFF        ref:/WORK/zigbee/DQPSK_CSK/Real_Sync_FIFO/mem_reg[96][1]
  Impl DFF        imp:/WORK/zigbee/DQPSK_CSK/Real_Sync_FIFO/mem_reg[96][1]

  Ref  DFF        ref:/WORK/zigbee/DQPSK_CSK/Real_Sync_FIFO/mem_reg[970][0]
  Impl DFF        imp:/WORK/zigbee/DQPSK_CSK/Real_Sync_FIFO/mem_reg[970][0]

  Ref  DFF        ref:/WORK/zigbee/DQPSK_CSK/Real_Sync_FIFO/mem_reg[970][1]
  Impl DFF        imp:/WORK/zigbee/DQPSK_CSK/Real_Sync_FIFO/mem_reg[970][1]

  Ref  DFF        ref:/WORK/zigbee/DQPSK_CSK/Real_Sync_FIFO/mem_reg[971][0]
  Impl DFF        imp:/WORK/zigbee/DQPSK_CSK/Real_Sync_FIFO/mem_reg[971][0]

  Ref  DFF        ref:/WORK/zigbee/DQPSK_CSK/Real_Sync_FIFO/mem_reg[971][1]
  Impl DFF        imp:/WORK/zigbee/DQPSK_CSK/Real_Sync_FIFO/mem_reg[971][1]

  Ref  DFF        ref:/WORK/zigbee/DQPSK_CSK/Real_Sync_FIFO/mem_reg[972][0]
  Impl DFF        imp:/WORK/zigbee/DQPSK_CSK/Real_Sync_FIFO/mem_reg[972][0]

  Ref  DFF        ref:/WORK/zigbee/DQPSK_CSK/Real_Sync_FIFO/mem_reg[972][1]
  Impl DFF        imp:/WORK/zigbee/DQPSK_CSK/Real_Sync_FIFO/mem_reg[972][1]

  Ref  DFF        ref:/WORK/zigbee/DQPSK_CSK/Real_Sync_FIFO/mem_reg[973][0]
  Impl DFF        imp:/WORK/zigbee/DQPSK_CSK/Real_Sync_FIFO/mem_reg[973][0]

  Ref  DFF        ref:/WORK/zigbee/DQPSK_CSK/Real_Sync_FIFO/mem_reg[973][1]
  Impl DFF        imp:/WORK/zigbee/DQPSK_CSK/Real_Sync_FIFO/mem_reg[973][1]

  Ref  DFF        ref:/WORK/zigbee/DQPSK_CSK/Real_Sync_FIFO/mem_reg[974][0]
  Impl DFF        imp:/WORK/zigbee/DQPSK_CSK/Real_Sync_FIFO/mem_reg[974][0]

  Ref  DFF        ref:/WORK/zigbee/DQPSK_CSK/Real_Sync_FIFO/mem_reg[974][1]
  Impl DFF        imp:/WORK/zigbee/DQPSK_CSK/Real_Sync_FIFO/mem_reg[974][1]

  Ref  DFF        ref:/WORK/zigbee/DQPSK_CSK/Real_Sync_FIFO/mem_reg[975][0]
  Impl DFF        imp:/WORK/zigbee/DQPSK_CSK/Real_Sync_FIFO/mem_reg[975][0]

  Ref  DFF        ref:/WORK/zigbee/DQPSK_CSK/Real_Sync_FIFO/mem_reg[975][1]
  Impl DFF        imp:/WORK/zigbee/DQPSK_CSK/Real_Sync_FIFO/mem_reg[975][1]

  Ref  DFF        ref:/WORK/zigbee/DQPSK_CSK/Real_Sync_FIFO/mem_reg[976][0]
  Impl DFF        imp:/WORK/zigbee/DQPSK_CSK/Real_Sync_FIFO/mem_reg[976][0]

  Ref  DFF        ref:/WORK/zigbee/DQPSK_CSK/Real_Sync_FIFO/mem_reg[976][1]
  Impl DFF        imp:/WORK/zigbee/DQPSK_CSK/Real_Sync_FIFO/mem_reg[976][1]

  Ref  DFF        ref:/WORK/zigbee/DQPSK_CSK/Real_Sync_FIFO/mem_reg[977][0]
  Impl DFF        imp:/WORK/zigbee/DQPSK_CSK/Real_Sync_FIFO/mem_reg[977][0]

  Ref  DFF        ref:/WORK/zigbee/DQPSK_CSK/Real_Sync_FIFO/mem_reg[977][1]
  Impl DFF        imp:/WORK/zigbee/DQPSK_CSK/Real_Sync_FIFO/mem_reg[977][1]

  Ref  DFF        ref:/WORK/zigbee/DQPSK_CSK/Real_Sync_FIFO/mem_reg[978][0]
  Impl DFF        imp:/WORK/zigbee/DQPSK_CSK/Real_Sync_FIFO/mem_reg[978][0]

  Ref  DFF        ref:/WORK/zigbee/DQPSK_CSK/Real_Sync_FIFO/mem_reg[978][1]
  Impl DFF        imp:/WORK/zigbee/DQPSK_CSK/Real_Sync_FIFO/mem_reg[978][1]

  Ref  DFF        ref:/WORK/zigbee/DQPSK_CSK/Real_Sync_FIFO/mem_reg[979][0]
  Impl DFF        imp:/WORK/zigbee/DQPSK_CSK/Real_Sync_FIFO/mem_reg[979][0]

  Ref  DFF        ref:/WORK/zigbee/DQPSK_CSK/Real_Sync_FIFO/mem_reg[979][1]
  Impl DFF        imp:/WORK/zigbee/DQPSK_CSK/Real_Sync_FIFO/mem_reg[979][1]

  Ref  DFF        ref:/WORK/zigbee/DQPSK_CSK/Real_Sync_FIFO/mem_reg[97][0]
  Impl DFF        imp:/WORK/zigbee/DQPSK_CSK/Real_Sync_FIFO/mem_reg[97][0]

  Ref  DFF        ref:/WORK/zigbee/DQPSK_CSK/Real_Sync_FIFO/mem_reg[97][1]
  Impl DFF        imp:/WORK/zigbee/DQPSK_CSK/Real_Sync_FIFO/mem_reg[97][1]

  Ref  DFF        ref:/WORK/zigbee/DQPSK_CSK/Real_Sync_FIFO/mem_reg[980][0]
  Impl DFF        imp:/WORK/zigbee/DQPSK_CSK/Real_Sync_FIFO/mem_reg[980][0]

  Ref  DFF        ref:/WORK/zigbee/DQPSK_CSK/Real_Sync_FIFO/mem_reg[980][1]
  Impl DFF        imp:/WORK/zigbee/DQPSK_CSK/Real_Sync_FIFO/mem_reg[980][1]

  Ref  DFF        ref:/WORK/zigbee/DQPSK_CSK/Real_Sync_FIFO/mem_reg[981][0]
  Impl DFF        imp:/WORK/zigbee/DQPSK_CSK/Real_Sync_FIFO/mem_reg[981][0]

  Ref  DFF        ref:/WORK/zigbee/DQPSK_CSK/Real_Sync_FIFO/mem_reg[981][1]
  Impl DFF        imp:/WORK/zigbee/DQPSK_CSK/Real_Sync_FIFO/mem_reg[981][1]

  Ref  DFF        ref:/WORK/zigbee/DQPSK_CSK/Real_Sync_FIFO/mem_reg[982][0]
  Impl DFF        imp:/WORK/zigbee/DQPSK_CSK/Real_Sync_FIFO/mem_reg[982][0]

  Ref  DFF        ref:/WORK/zigbee/DQPSK_CSK/Real_Sync_FIFO/mem_reg[982][1]
  Impl DFF        imp:/WORK/zigbee/DQPSK_CSK/Real_Sync_FIFO/mem_reg[982][1]

  Ref  DFF        ref:/WORK/zigbee/DQPSK_CSK/Real_Sync_FIFO/mem_reg[983][0]
  Impl DFF        imp:/WORK/zigbee/DQPSK_CSK/Real_Sync_FIFO/mem_reg[983][0]

  Ref  DFF        ref:/WORK/zigbee/DQPSK_CSK/Real_Sync_FIFO/mem_reg[983][1]
  Impl DFF        imp:/WORK/zigbee/DQPSK_CSK/Real_Sync_FIFO/mem_reg[983][1]

  Ref  DFF        ref:/WORK/zigbee/DQPSK_CSK/Real_Sync_FIFO/mem_reg[984][0]
  Impl DFF        imp:/WORK/zigbee/DQPSK_CSK/Real_Sync_FIFO/mem_reg[984][0]

  Ref  DFF        ref:/WORK/zigbee/DQPSK_CSK/Real_Sync_FIFO/mem_reg[984][1]
  Impl DFF        imp:/WORK/zigbee/DQPSK_CSK/Real_Sync_FIFO/mem_reg[984][1]

  Ref  DFF        ref:/WORK/zigbee/DQPSK_CSK/Real_Sync_FIFO/mem_reg[985][0]
  Impl DFF        imp:/WORK/zigbee/DQPSK_CSK/Real_Sync_FIFO/mem_reg[985][0]

  Ref  DFF        ref:/WORK/zigbee/DQPSK_CSK/Real_Sync_FIFO/mem_reg[985][1]
  Impl DFF        imp:/WORK/zigbee/DQPSK_CSK/Real_Sync_FIFO/mem_reg[985][1]

  Ref  DFF        ref:/WORK/zigbee/DQPSK_CSK/Real_Sync_FIFO/mem_reg[986][0]
  Impl DFF        imp:/WORK/zigbee/DQPSK_CSK/Real_Sync_FIFO/mem_reg[986][0]

  Ref  DFF        ref:/WORK/zigbee/DQPSK_CSK/Real_Sync_FIFO/mem_reg[986][1]
  Impl DFF        imp:/WORK/zigbee/DQPSK_CSK/Real_Sync_FIFO/mem_reg[986][1]

  Ref  DFF        ref:/WORK/zigbee/DQPSK_CSK/Real_Sync_FIFO/mem_reg[987][0]
  Impl DFF        imp:/WORK/zigbee/DQPSK_CSK/Real_Sync_FIFO/mem_reg[987][0]

  Ref  DFF        ref:/WORK/zigbee/DQPSK_CSK/Real_Sync_FIFO/mem_reg[987][1]
  Impl DFF        imp:/WORK/zigbee/DQPSK_CSK/Real_Sync_FIFO/mem_reg[987][1]

  Ref  DFF        ref:/WORK/zigbee/DQPSK_CSK/Real_Sync_FIFO/mem_reg[988][0]
  Impl DFF        imp:/WORK/zigbee/DQPSK_CSK/Real_Sync_FIFO/mem_reg[988][0]

  Ref  DFF        ref:/WORK/zigbee/DQPSK_CSK/Real_Sync_FIFO/mem_reg[988][1]
  Impl DFF        imp:/WORK/zigbee/DQPSK_CSK/Real_Sync_FIFO/mem_reg[988][1]

  Ref  DFF        ref:/WORK/zigbee/DQPSK_CSK/Real_Sync_FIFO/mem_reg[989][0]
  Impl DFF        imp:/WORK/zigbee/DQPSK_CSK/Real_Sync_FIFO/mem_reg[989][0]

  Ref  DFF        ref:/WORK/zigbee/DQPSK_CSK/Real_Sync_FIFO/mem_reg[989][1]
  Impl DFF        imp:/WORK/zigbee/DQPSK_CSK/Real_Sync_FIFO/mem_reg[989][1]

  Ref  DFF        ref:/WORK/zigbee/DQPSK_CSK/Real_Sync_FIFO/mem_reg[98][0]
  Impl DFF        imp:/WORK/zigbee/DQPSK_CSK/Real_Sync_FIFO/mem_reg[98][0]

  Ref  DFF        ref:/WORK/zigbee/DQPSK_CSK/Real_Sync_FIFO/mem_reg[98][1]
  Impl DFF        imp:/WORK/zigbee/DQPSK_CSK/Real_Sync_FIFO/mem_reg[98][1]

  Ref  DFF        ref:/WORK/zigbee/DQPSK_CSK/Real_Sync_FIFO/mem_reg[990][0]
  Impl DFF        imp:/WORK/zigbee/DQPSK_CSK/Real_Sync_FIFO/mem_reg[990][0]

  Ref  DFF        ref:/WORK/zigbee/DQPSK_CSK/Real_Sync_FIFO/mem_reg[990][1]
  Impl DFF        imp:/WORK/zigbee/DQPSK_CSK/Real_Sync_FIFO/mem_reg[990][1]

  Ref  DFF        ref:/WORK/zigbee/DQPSK_CSK/Real_Sync_FIFO/mem_reg[991][0]
  Impl DFF        imp:/WORK/zigbee/DQPSK_CSK/Real_Sync_FIFO/mem_reg[991][0]

  Ref  DFF        ref:/WORK/zigbee/DQPSK_CSK/Real_Sync_FIFO/mem_reg[991][1]
  Impl DFF        imp:/WORK/zigbee/DQPSK_CSK/Real_Sync_FIFO/mem_reg[991][1]

  Ref  DFF        ref:/WORK/zigbee/DQPSK_CSK/Real_Sync_FIFO/mem_reg[992][0]
  Impl DFF        imp:/WORK/zigbee/DQPSK_CSK/Real_Sync_FIFO/mem_reg[992][0]

  Ref  DFF        ref:/WORK/zigbee/DQPSK_CSK/Real_Sync_FIFO/mem_reg[992][1]
  Impl DFF        imp:/WORK/zigbee/DQPSK_CSK/Real_Sync_FIFO/mem_reg[992][1]

  Ref  DFF        ref:/WORK/zigbee/DQPSK_CSK/Real_Sync_FIFO/mem_reg[993][0]
  Impl DFF        imp:/WORK/zigbee/DQPSK_CSK/Real_Sync_FIFO/mem_reg[993][0]

  Ref  DFF        ref:/WORK/zigbee/DQPSK_CSK/Real_Sync_FIFO/mem_reg[993][1]
  Impl DFF        imp:/WORK/zigbee/DQPSK_CSK/Real_Sync_FIFO/mem_reg[993][1]

  Ref  DFF        ref:/WORK/zigbee/DQPSK_CSK/Real_Sync_FIFO/mem_reg[994][0]
  Impl DFF        imp:/WORK/zigbee/DQPSK_CSK/Real_Sync_FIFO/mem_reg[994][0]

  Ref  DFF        ref:/WORK/zigbee/DQPSK_CSK/Real_Sync_FIFO/mem_reg[994][1]
  Impl DFF        imp:/WORK/zigbee/DQPSK_CSK/Real_Sync_FIFO/mem_reg[994][1]

  Ref  DFF        ref:/WORK/zigbee/DQPSK_CSK/Real_Sync_FIFO/mem_reg[995][0]
  Impl DFF        imp:/WORK/zigbee/DQPSK_CSK/Real_Sync_FIFO/mem_reg[995][0]

  Ref  DFF        ref:/WORK/zigbee/DQPSK_CSK/Real_Sync_FIFO/mem_reg[995][1]
  Impl DFF        imp:/WORK/zigbee/DQPSK_CSK/Real_Sync_FIFO/mem_reg[995][1]

  Ref  DFF        ref:/WORK/zigbee/DQPSK_CSK/Real_Sync_FIFO/mem_reg[996][0]
  Impl DFF        imp:/WORK/zigbee/DQPSK_CSK/Real_Sync_FIFO/mem_reg[996][0]

  Ref  DFF        ref:/WORK/zigbee/DQPSK_CSK/Real_Sync_FIFO/mem_reg[996][1]
  Impl DFF        imp:/WORK/zigbee/DQPSK_CSK/Real_Sync_FIFO/mem_reg[996][1]

  Ref  DFF        ref:/WORK/zigbee/DQPSK_CSK/Real_Sync_FIFO/mem_reg[997][0]
  Impl DFF        imp:/WORK/zigbee/DQPSK_CSK/Real_Sync_FIFO/mem_reg[997][0]

  Ref  DFF        ref:/WORK/zigbee/DQPSK_CSK/Real_Sync_FIFO/mem_reg[997][1]
  Impl DFF        imp:/WORK/zigbee/DQPSK_CSK/Real_Sync_FIFO/mem_reg[997][1]

  Ref  DFF        ref:/WORK/zigbee/DQPSK_CSK/Real_Sync_FIFO/mem_reg[998][0]
  Impl DFF        imp:/WORK/zigbee/DQPSK_CSK/Real_Sync_FIFO/mem_reg[998][0]

  Ref  DFF        ref:/WORK/zigbee/DQPSK_CSK/Real_Sync_FIFO/mem_reg[998][1]
  Impl DFF        imp:/WORK/zigbee/DQPSK_CSK/Real_Sync_FIFO/mem_reg[998][1]

  Ref  DFF        ref:/WORK/zigbee/DQPSK_CSK/Real_Sync_FIFO/mem_reg[999][0]
  Impl DFF        imp:/WORK/zigbee/DQPSK_CSK/Real_Sync_FIFO/mem_reg[999][0]

  Ref  DFF        ref:/WORK/zigbee/DQPSK_CSK/Real_Sync_FIFO/mem_reg[999][1]
  Impl DFF        imp:/WORK/zigbee/DQPSK_CSK/Real_Sync_FIFO/mem_reg[999][1]

  Ref  DFF        ref:/WORK/zigbee/DQPSK_CSK/Real_Sync_FIFO/mem_reg[99][0]
  Impl DFF        imp:/WORK/zigbee/DQPSK_CSK/Real_Sync_FIFO/mem_reg[99][0]

  Ref  DFF        ref:/WORK/zigbee/DQPSK_CSK/Real_Sync_FIFO/mem_reg[99][1]
  Impl DFF        imp:/WORK/zigbee/DQPSK_CSK/Real_Sync_FIFO/mem_reg[99][1]

  Ref  DFF        ref:/WORK/zigbee/DQPSK_CSK/Real_Sync_FIFO/mem_reg[9][0]
  Impl DFF        imp:/WORK/zigbee/DQPSK_CSK/Real_Sync_FIFO/mem_reg[9][0]

  Ref  DFF        ref:/WORK/zigbee/DQPSK_CSK/Real_Sync_FIFO/mem_reg[9][1]
  Impl DFF        imp:/WORK/zigbee/DQPSK_CSK/Real_Sync_FIFO/mem_reg[9][1]

  Ref  DFF        ref:/WORK/zigbee/DQPSK_CSK/Real_Sync_FIFO/rd_from_addr_reg[0]
  Impl DFF        imp:/WORK/zigbee/DQPSK_CSK/Real_Sync_FIFO/rd_from_addr_reg[0]

  Ref  DFF        ref:/WORK/zigbee/DQPSK_CSK/Real_Sync_FIFO/rd_from_addr_reg[10]
  Impl DFF        imp:/WORK/zigbee/DQPSK_CSK/Real_Sync_FIFO/rd_from_addr_reg[10]

  Ref  DFF        ref:/WORK/zigbee/DQPSK_CSK/Real_Sync_FIFO/rd_from_addr_reg[1]
  Impl DFF        imp:/WORK/zigbee/DQPSK_CSK/Real_Sync_FIFO/rd_from_addr_reg[1]

  Ref  DFF        ref:/WORK/zigbee/DQPSK_CSK/Real_Sync_FIFO/rd_from_addr_reg[2]
  Impl DFF        imp:/WORK/zigbee/DQPSK_CSK/Real_Sync_FIFO/rd_from_addr_reg[2]

  Ref  DFF        ref:/WORK/zigbee/DQPSK_CSK/Real_Sync_FIFO/rd_from_addr_reg[3]
  Impl DFF        imp:/WORK/zigbee/DQPSK_CSK/Real_Sync_FIFO/rd_from_addr_reg[3]

  Ref  DFF        ref:/WORK/zigbee/DQPSK_CSK/Real_Sync_FIFO/rd_from_addr_reg[4]
  Impl DFF        imp:/WORK/zigbee/DQPSK_CSK/Real_Sync_FIFO/rd_from_addr_reg[4]

  Ref  DFF        ref:/WORK/zigbee/DQPSK_CSK/Real_Sync_FIFO/rd_from_addr_reg[5]
  Impl DFF        imp:/WORK/zigbee/DQPSK_CSK/Real_Sync_FIFO/rd_from_addr_reg[5]

  Ref  DFF        ref:/WORK/zigbee/DQPSK_CSK/Real_Sync_FIFO/rd_from_addr_reg[6]
  Impl DFF        imp:/WORK/zigbee/DQPSK_CSK/Real_Sync_FIFO/rd_from_addr_reg[6]

  Ref  DFF        ref:/WORK/zigbee/DQPSK_CSK/Real_Sync_FIFO/rd_from_addr_reg[7]
  Impl DFF        imp:/WORK/zigbee/DQPSK_CSK/Real_Sync_FIFO/rd_from_addr_reg[7]

  Ref  DFF        ref:/WORK/zigbee/DQPSK_CSK/Real_Sync_FIFO/rd_from_addr_reg[8]
  Impl DFF        imp:/WORK/zigbee/DQPSK_CSK/Real_Sync_FIFO/rd_from_addr_reg[8]

  Ref  DFF        ref:/WORK/zigbee/DQPSK_CSK/Real_Sync_FIFO/rd_from_addr_reg[9]
  Impl DFF        imp:/WORK/zigbee/DQPSK_CSK/Real_Sync_FIFO/rd_from_addr_reg[9]

  Ref  DFF        ref:/WORK/zigbee/DQPSK_CSK/Real_Sync_FIFO/wr_in_addr_reg[0]
  Impl DFF        imp:/WORK/zigbee/DQPSK_CSK/Real_Sync_FIFO/wr_in_addr_reg[0]

  Ref  DFF        ref:/WORK/zigbee/DQPSK_CSK/Real_Sync_FIFO/wr_in_addr_reg[10]
  Impl DFF        imp:/WORK/zigbee/DQPSK_CSK/Real_Sync_FIFO/wr_in_addr_reg[10]

  Ref  DFF        ref:/WORK/zigbee/DQPSK_CSK/Real_Sync_FIFO/wr_in_addr_reg[1]
  Impl DFF        imp:/WORK/zigbee/DQPSK_CSK/Real_Sync_FIFO/wr_in_addr_reg[1]

  Ref  DFF        ref:/WORK/zigbee/DQPSK_CSK/Real_Sync_FIFO/wr_in_addr_reg[2]
  Impl DFF        imp:/WORK/zigbee/DQPSK_CSK/Real_Sync_FIFO/wr_in_addr_reg[2]

  Ref  DFF        ref:/WORK/zigbee/DQPSK_CSK/Real_Sync_FIFO/wr_in_addr_reg[3]
  Impl DFF        imp:/WORK/zigbee/DQPSK_CSK/Real_Sync_FIFO/wr_in_addr_reg[3]

  Ref  DFF        ref:/WORK/zigbee/DQPSK_CSK/Real_Sync_FIFO/wr_in_addr_reg[4]
  Impl DFF        imp:/WORK/zigbee/DQPSK_CSK/Real_Sync_FIFO/wr_in_addr_reg[4]

  Ref  DFF        ref:/WORK/zigbee/DQPSK_CSK/Real_Sync_FIFO/wr_in_addr_reg[5]
  Impl DFF        imp:/WORK/zigbee/DQPSK_CSK/Real_Sync_FIFO/wr_in_addr_reg[5]

  Ref  DFF        ref:/WORK/zigbee/DQPSK_CSK/Real_Sync_FIFO/wr_in_addr_reg[6]
  Impl DFF        imp:/WORK/zigbee/DQPSK_CSK/Real_Sync_FIFO/wr_in_addr_reg[6]

  Ref  DFF        ref:/WORK/zigbee/DQPSK_CSK/Real_Sync_FIFO/wr_in_addr_reg[7]
  Impl DFF        imp:/WORK/zigbee/DQPSK_CSK/Real_Sync_FIFO/wr_in_addr_reg[7]

  Ref  DFF        ref:/WORK/zigbee/DQPSK_CSK/Real_Sync_FIFO/wr_in_addr_reg[8]
  Impl DFF        imp:/WORK/zigbee/DQPSK_CSK/Real_Sync_FIFO/wr_in_addr_reg[8]

  Ref  DFF        ref:/WORK/zigbee/DQPSK_CSK/Real_Sync_FIFO/wr_in_addr_reg[9]
  Impl DFF        imp:/WORK/zigbee/DQPSK_CSK/Real_Sync_FIFO/wr_in_addr_reg[9]

  Ref  DFF        ref:/WORK/zigbee/DQPSK_CSK/ever_run_reg
  Impl DFF        imp:/WORK/zigbee/DQPSK_CSK/ever_run_reg

  Ref  DFF        ref:/WORK/zigbee/DQPSK_CSK/posedge_detector_DUT/delayed_in_reg
  Impl DFF        imp:/WORK/zigbee/DQPSK_CSK/posedge_detector_DUT/delayed_in_reg

  Ref  DFF        ref:/WORK/zigbee/DQPSK_CSK/tx_done_dly1_reg
  Impl DFF        imp:/WORK/zigbee/DQPSK_CSK/tx_done_dly1_reg

  Ref  DFF        ref:/WORK/zigbee/DQPSK_CSK/tx_done_dly2_reg
  Impl DFF        imp:/WORK/zigbee/DQPSK_CSK/tx_done_dly2_reg

  Ref  DFF        ref:/WORK/zigbee/DQPSK_CSK/tx_imag_reg[0]
  Impl DFF        imp:/WORK/zigbee/DQPSK_CSK/tx_imag_reg[0]

  Ref  DFF        ref:/WORK/zigbee/DQPSK_CSK/tx_imag_reg[1]
  Impl DFF        imp:/WORK/zigbee/DQPSK_CSK/tx_imag_reg[1]

  Ref  DFF        ref:/WORK/zigbee/DQPSK_CSK/tx_imag_reg[2]
  Impl DFF        imp:/WORK/zigbee/DQPSK_CSK/tx_imag_reg[2]

  Ref  DFF        ref:/WORK/zigbee/DQPSK_CSK/tx_imag_reg[3]
  Impl DFF        imp:/WORK/zigbee/DQPSK_CSK/tx_imag_reg[3]

  Ref  DFF        ref:/WORK/zigbee/DQPSK_CSK/tx_imag_reg[4]
  Impl DFF        imp:/WORK/zigbee/DQPSK_CSK/tx_imag_reg[4]

  Ref  DFF        ref:/WORK/zigbee/DQPSK_CSK/tx_imag_reg[5]
  Impl DFF        imp:/WORK/zigbee/DQPSK_CSK/tx_imag_reg[5]

  Ref  DFF        ref:/WORK/zigbee/DQPSK_CSK/tx_imag_reg[6]
  Impl DFF        imp:/WORK/zigbee/DQPSK_CSK/tx_imag_reg[6]

  Ref  DFF        ref:/WORK/zigbee/DQPSK_CSK/tx_imag_reg[7]
  Impl DFF        imp:/WORK/zigbee/DQPSK_CSK/tx_imag_reg[7]

  Ref  DFF        ref:/WORK/zigbee/DQPSK_CSK/tx_real_reg[0]
  Impl DFF        imp:/WORK/zigbee/DQPSK_CSK/tx_real_reg[0]

  Ref  DFF        ref:/WORK/zigbee/DQPSK_CSK/tx_real_reg[1]
  Impl DFF        imp:/WORK/zigbee/DQPSK_CSK/tx_real_reg[1]

  Ref  DFF        ref:/WORK/zigbee/DQPSK_CSK/tx_real_reg[2]
  Impl DFF        imp:/WORK/zigbee/DQPSK_CSK/tx_real_reg[2]

  Ref  DFF        ref:/WORK/zigbee/DQPSK_CSK/tx_real_reg[3]
  Impl DFF        imp:/WORK/zigbee/DQPSK_CSK/tx_real_reg[3]

  Ref  DFF        ref:/WORK/zigbee/DQPSK_CSK/tx_real_reg[4]
  Impl DFF        imp:/WORK/zigbee/DQPSK_CSK/tx_real_reg[4]

  Ref  DFF        ref:/WORK/zigbee/DQPSK_CSK/tx_real_reg[5]
  Impl DFF        imp:/WORK/zigbee/DQPSK_CSK/tx_real_reg[5]

  Ref  DFF        ref:/WORK/zigbee/DQPSK_CSK/tx_real_reg[6]
  Impl DFF        imp:/WORK/zigbee/DQPSK_CSK/tx_real_reg[6]

  Ref  DFF        ref:/WORK/zigbee/DQPSK_CSK/tx_real_reg[7]
  Impl DFF        imp:/WORK/zigbee/DQPSK_CSK/tx_real_reg[7]

  Ref  DFF        ref:/WORK/zigbee/PayLoad_Counter/counter_reg[0]
  Impl DFF        imp:/WORK/zigbee/PayLoad_Counter/counter_reg[0]

  Ref  DFF        ref:/WORK/zigbee/PayLoad_Counter/counter_reg[1]
  Impl DFF        imp:/WORK/zigbee/PayLoad_Counter/counter_reg[1]

  Ref  DFF        ref:/WORK/zigbee/PayLoad_Counter/counter_reg[2]
  Impl DFF        imp:/WORK/zigbee/PayLoad_Counter/counter_reg[2]

  Ref  DFF        ref:/WORK/zigbee/PayLoad_Counter/counter_reg[3]
  Impl DFF        imp:/WORK/zigbee/PayLoad_Counter/counter_reg[3]

  Ref  DFF        ref:/WORK/zigbee/PayLoad_Counter/counter_reg[4]
  Impl DFF        imp:/WORK/zigbee/PayLoad_Counter/counter_reg[4]

  Ref  DFF        ref:/WORK/zigbee/PayLoad_Counter/counter_reg[5]
  Impl DFF        imp:/WORK/zigbee/PayLoad_Counter/counter_reg[5]

  Ref  DFF        ref:/WORK/zigbee/PayLoad_Counter/counter_reg[6]
  Impl DFF        imp:/WORK/zigbee/PayLoad_Counter/counter_reg[6]

  Ref  DFF        ref:/WORK/zigbee/PayLoad_Counter/running_reg
  Impl DFF        imp:/WORK/zigbee/PayLoad_Counter/running_reg

  Ref  DFF        ref:/WORK/zigbee/PayLoad_Counter/wr_data_reg[0]
  Impl DFF        imp:/WORK/zigbee/PayLoad_Counter/wr_data_reg[0]

  Ref  DFF        ref:/WORK/zigbee/PayLoad_Counter/wr_data_reg[1]
  Impl DFF        imp:/WORK/zigbee/PayLoad_Counter/wr_data_reg[1]

  Ref  DFF        ref:/WORK/zigbee/PayLoad_Counter/wr_data_reg[2]
  Impl DFF        imp:/WORK/zigbee/PayLoad_Counter/wr_data_reg[2]

  Ref  DFF        ref:/WORK/zigbee/PayLoad_Counter/wr_data_reg[3]
  Impl DFF        imp:/WORK/zigbee/PayLoad_Counter/wr_data_reg[3]

  Ref  DFF        ref:/WORK/zigbee/PayLoad_Counter/wr_data_reg[4]
  Impl DFF        imp:/WORK/zigbee/PayLoad_Counter/wr_data_reg[4]

  Ref  DFF        ref:/WORK/zigbee/PayLoad_Counter/wr_data_reg[5]
  Impl DFF        imp:/WORK/zigbee/PayLoad_Counter/wr_data_reg[5]

  Ref  DFF        ref:/WORK/zigbee/PayLoad_Counter/wr_data_reg[6]
  Impl DFF        imp:/WORK/zigbee/PayLoad_Counter/wr_data_reg[6]

  Ref  DFF        ref:/WORK/zigbee/PayLoad_Counter/wr_data_reg[7]
  Impl DFF        imp:/WORK/zigbee/PayLoad_Counter/wr_data_reg[7]

  Ref  DFF        ref:/WORK/zigbee/PayLoad_Counter/wr_en_reg
  Impl DFF        imp:/WORK/zigbee/PayLoad_Counter/wr_en_reg

  Ref  DFF        ref:/WORK/zigbee/QPSK/out_imag_reg[0]
  Impl DFF        imp:/WORK/zigbee/QPSK/out_imag_reg[0]

  Ref  DFF        ref:/WORK/zigbee/QPSK/out_imag_reg[1]
  Impl DFF        imp:/WORK/zigbee/QPSK/out_imag_reg[1]

  Ref  DFF        ref:/WORK/zigbee/QPSK/out_real_reg[0]
  Impl DFF        imp:/WORK/zigbee/QPSK/out_real_reg[0]

  Ref  DFF        ref:/WORK/zigbee/QPSK/out_real_reg[1]
  Impl DFF        imp:/WORK/zigbee/QPSK/out_real_reg[1]

  Ref  DFF        ref:/WORK/zigbee/QPSK/valid_reg
  Impl DFF        imp:/WORK/zigbee/QPSK/valid_reg

  Ref  DFF        ref:/WORK/zigbee/ZeroPadding/byte_counter_reg[0]
  Impl DFF        imp:/WORK/zigbee/ZeroPadding/byte_counter_reg[0]

  Ref  DFF        ref:/WORK/zigbee/ZeroPadding/byte_counter_reg[1]
  Impl DFF        imp:/WORK/zigbee/ZeroPadding/byte_counter_reg[1]

  Ref  DFF        ref:/WORK/zigbee/ZeroPadding/byte_counter_reg[2]
  Impl DFF        imp:/WORK/zigbee/ZeroPadding/byte_counter_reg[2]

  Ref  DFF        ref:/WORK/zigbee/ZeroPadding/counter_reg[0]
  Impl DFF        imp:/WORK/zigbee/ZeroPadding/counter_reg[0]

  Ref  DFF        ref:/WORK/zigbee/ZeroPadding/counter_reg[1]
  Impl DFF        imp:/WORK/zigbee/ZeroPadding/counter_reg[1]

  Ref  DFF        ref:/WORK/zigbee/ZeroPadding/counter_reg[2]
  Impl DFF        imp:/WORK/zigbee/ZeroPadding/counter_reg[2]

  Ref  DFF        ref:/WORK/zigbee/ZeroPadding/counter_reg[3]
  Impl DFF        imp:/WORK/zigbee/ZeroPadding/counter_reg[3]

  Ref  DFF        ref:/WORK/zigbee/ZeroPadding/data_i_reg_reg[1]
  Impl DFF        imp:/WORK/zigbee/ZeroPadding/data_i_reg_reg[1]

  Ref  DFF        ref:/WORK/zigbee/ZeroPadding/data_i_reg_reg[2]
  Impl DFF        imp:/WORK/zigbee/ZeroPadding/data_i_reg_reg[2]

  Ref  DFF        ref:/WORK/zigbee/ZeroPadding/data_i_reg_reg[3]
  Impl DFF        imp:/WORK/zigbee/ZeroPadding/data_i_reg_reg[3]

  Ref  DFF        ref:/WORK/zigbee/ZeroPadding/data_i_reg_reg[4]
  Impl DFF        imp:/WORK/zigbee/ZeroPadding/data_i_reg_reg[4]

  Ref  DFF        ref:/WORK/zigbee/ZeroPadding/data_i_reg_reg[5]
  Impl DFF        imp:/WORK/zigbee/ZeroPadding/data_i_reg_reg[5]

  Ref  DFF        ref:/WORK/zigbee/ZeroPadding/data_i_reg_reg[6]
  Impl DFF        imp:/WORK/zigbee/ZeroPadding/data_i_reg_reg[6]

  Ref  DFF        ref:/WORK/zigbee/ZeroPadding/data_i_reg_reg[7]
  Impl DFF        imp:/WORK/zigbee/ZeroPadding/data_i_reg_reg[7]

  Ref  DFF        ref:/WORK/zigbee/ZeroPadding/data_o_reg
  Impl DFF        imp:/WORK/zigbee/ZeroPadding/data_o_reg

  Ref  DFF        ref:/WORK/zigbee/ZeroPadding/done_bytes_reg
  Impl DFF        imp:/WORK/zigbee/ZeroPadding/done_bytes_reg

  Ref  DFF        ref:/WORK/zigbee/ZeroPadding/empty_delayed_reg
  Impl DFF        imp:/WORK/zigbee/ZeroPadding/empty_delayed_reg

  Ref  DFF        ref:/WORK/zigbee/ZeroPadding/header_done_reg
  Impl DFF        imp:/WORK/zigbee/ZeroPadding/header_done_reg

  Ref  DFF        ref:/WORK/zigbee/ZeroPadding/header_reg_reg[0]
  Impl DFF        imp:/WORK/zigbee/ZeroPadding/header_reg_reg[0]

  Ref  DFF0X      ref:/WORK/zigbee/ZeroPadding/header_reg_reg[10]
  Impl DFF0X      imp:/WORK/zigbee/ZeroPadding/header_reg_reg[10]

  Ref  DFF        ref:/WORK/zigbee/ZeroPadding/header_reg_reg[1]
  Impl DFF        imp:/WORK/zigbee/ZeroPadding/header_reg_reg[1]

  Ref  DFF        ref:/WORK/zigbee/ZeroPadding/header_reg_reg[2]
  Impl DFF        imp:/WORK/zigbee/ZeroPadding/header_reg_reg[2]

  Ref  DFF        ref:/WORK/zigbee/ZeroPadding/header_reg_reg[3]
  Impl DFF        imp:/WORK/zigbee/ZeroPadding/header_reg_reg[3]

  Ref  DFF        ref:/WORK/zigbee/ZeroPadding/header_reg_reg[4]
  Impl DFF        imp:/WORK/zigbee/ZeroPadding/header_reg_reg[4]

  Ref  DFF        ref:/WORK/zigbee/ZeroPadding/header_reg_reg[5]
  Impl DFF        imp:/WORK/zigbee/ZeroPadding/header_reg_reg[5]

  Ref  DFF0X      ref:/WORK/zigbee/ZeroPadding/header_reg_reg[6]
  Impl DFF0X      imp:/WORK/zigbee/ZeroPadding/header_reg_reg[6]

  Ref  DFF0X      ref:/WORK/zigbee/ZeroPadding/header_reg_reg[7]
  Impl DFF0X      imp:/WORK/zigbee/ZeroPadding/header_reg_reg[7]

  Ref  DFF0X      ref:/WORK/zigbee/ZeroPadding/header_reg_reg[8]
  Impl DFF0X      imp:/WORK/zigbee/ZeroPadding/header_reg_reg[8]

  Ref  DFF0X      ref:/WORK/zigbee/ZeroPadding/header_reg_reg[9]
  Impl DFF0X      imp:/WORK/zigbee/ZeroPadding/header_reg_reg[9]

  Ref  DFF        ref:/WORK/zigbee/ZeroPadding/next_item_reg
  Impl DFF        imp:/WORK/zigbee/ZeroPadding/next_item_reg

  Ref  DFF        ref:/WORK/zigbee/ZeroPadding/valid_reg
  Impl DFF        imp:/WORK/zigbee/ZeroPadding/valid_reg

  Ref  DFF        ref:/WORK/zigbee/my_controller/idle_flage_reg
  Impl DFF        imp:/WORK/zigbee/my_controller/idle_flage_reg

  Ref  DFF        ref:/WORK/zigbee/payload_ram/dout_reg[0]
  Impl DFF        imp:/WORK/zigbee/payload_ram/dout_reg[0]

  Ref  DFF        ref:/WORK/zigbee/payload_ram/dout_reg[1]
  Impl DFF        imp:/WORK/zigbee/payload_ram/dout_reg[1]

  Ref  DFF        ref:/WORK/zigbee/payload_ram/dout_reg[2]
  Impl DFF        imp:/WORK/zigbee/payload_ram/dout_reg[2]

  Ref  DFF        ref:/WORK/zigbee/payload_ram/dout_reg[3]
  Impl DFF        imp:/WORK/zigbee/payload_ram/dout_reg[3]

  Ref  DFF        ref:/WORK/zigbee/payload_ram/dout_reg[4]
  Impl DFF        imp:/WORK/zigbee/payload_ram/dout_reg[4]

  Ref  DFF        ref:/WORK/zigbee/payload_ram/dout_reg[5]
  Impl DFF        imp:/WORK/zigbee/payload_ram/dout_reg[5]

  Ref  DFF        ref:/WORK/zigbee/payload_ram/dout_reg[6]
  Impl DFF        imp:/WORK/zigbee/payload_ram/dout_reg[6]

  Ref  DFF        ref:/WORK/zigbee/payload_ram/dout_reg[7]
  Impl DFF        imp:/WORK/zigbee/payload_ram/dout_reg[7]

  Ref  DFF        ref:/WORK/zigbee/payload_ram/mem_reg[0][0]
  Impl DFF        imp:/WORK/zigbee/payload_ram/mem_reg[0][0]

  Ref  DFF        ref:/WORK/zigbee/payload_ram/mem_reg[0][1]
  Impl DFF        imp:/WORK/zigbee/payload_ram/mem_reg[0][1]

  Ref  DFF        ref:/WORK/zigbee/payload_ram/mem_reg[0][2]
  Impl DFF        imp:/WORK/zigbee/payload_ram/mem_reg[0][2]

  Ref  DFF        ref:/WORK/zigbee/payload_ram/mem_reg[0][3]
  Impl DFF        imp:/WORK/zigbee/payload_ram/mem_reg[0][3]

  Ref  DFF        ref:/WORK/zigbee/payload_ram/mem_reg[0][4]
  Impl DFF        imp:/WORK/zigbee/payload_ram/mem_reg[0][4]

  Ref  DFF        ref:/WORK/zigbee/payload_ram/mem_reg[0][5]
  Impl DFF        imp:/WORK/zigbee/payload_ram/mem_reg[0][5]

  Ref  DFF        ref:/WORK/zigbee/payload_ram/mem_reg[0][6]
  Impl DFF        imp:/WORK/zigbee/payload_ram/mem_reg[0][6]

  Ref  DFF        ref:/WORK/zigbee/payload_ram/mem_reg[0][7]
  Impl DFF        imp:/WORK/zigbee/payload_ram/mem_reg[0][7]

  Ref  DFF        ref:/WORK/zigbee/payload_ram/mem_reg[100][0]
  Impl DFF        imp:/WORK/zigbee/payload_ram/mem_reg[100][0]

  Ref  DFF        ref:/WORK/zigbee/payload_ram/mem_reg[100][1]
  Impl DFF        imp:/WORK/zigbee/payload_ram/mem_reg[100][1]

  Ref  DFF        ref:/WORK/zigbee/payload_ram/mem_reg[100][2]
  Impl DFF        imp:/WORK/zigbee/payload_ram/mem_reg[100][2]

  Ref  DFF        ref:/WORK/zigbee/payload_ram/mem_reg[100][3]
  Impl DFF        imp:/WORK/zigbee/payload_ram/mem_reg[100][3]

  Ref  DFF        ref:/WORK/zigbee/payload_ram/mem_reg[100][4]
  Impl DFF        imp:/WORK/zigbee/payload_ram/mem_reg[100][4]

  Ref  DFF        ref:/WORK/zigbee/payload_ram/mem_reg[100][5]
  Impl DFF        imp:/WORK/zigbee/payload_ram/mem_reg[100][5]

  Ref  DFF        ref:/WORK/zigbee/payload_ram/mem_reg[100][6]
  Impl DFF        imp:/WORK/zigbee/payload_ram/mem_reg[100][6]

  Ref  DFF        ref:/WORK/zigbee/payload_ram/mem_reg[100][7]
  Impl DFF        imp:/WORK/zigbee/payload_ram/mem_reg[100][7]

  Ref  DFF        ref:/WORK/zigbee/payload_ram/mem_reg[101][0]
  Impl DFF        imp:/WORK/zigbee/payload_ram/mem_reg[101][0]

  Ref  DFF        ref:/WORK/zigbee/payload_ram/mem_reg[101][1]
  Impl DFF        imp:/WORK/zigbee/payload_ram/mem_reg[101][1]

  Ref  DFF        ref:/WORK/zigbee/payload_ram/mem_reg[101][2]
  Impl DFF        imp:/WORK/zigbee/payload_ram/mem_reg[101][2]

  Ref  DFF        ref:/WORK/zigbee/payload_ram/mem_reg[101][3]
  Impl DFF        imp:/WORK/zigbee/payload_ram/mem_reg[101][3]

  Ref  DFF        ref:/WORK/zigbee/payload_ram/mem_reg[101][4]
  Impl DFF        imp:/WORK/zigbee/payload_ram/mem_reg[101][4]

  Ref  DFF        ref:/WORK/zigbee/payload_ram/mem_reg[101][5]
  Impl DFF        imp:/WORK/zigbee/payload_ram/mem_reg[101][5]

  Ref  DFF        ref:/WORK/zigbee/payload_ram/mem_reg[101][6]
  Impl DFF        imp:/WORK/zigbee/payload_ram/mem_reg[101][6]

  Ref  DFF        ref:/WORK/zigbee/payload_ram/mem_reg[101][7]
  Impl DFF        imp:/WORK/zigbee/payload_ram/mem_reg[101][7]

  Ref  DFF        ref:/WORK/zigbee/payload_ram/mem_reg[102][0]
  Impl DFF        imp:/WORK/zigbee/payload_ram/mem_reg[102][0]

  Ref  DFF        ref:/WORK/zigbee/payload_ram/mem_reg[102][1]
  Impl DFF        imp:/WORK/zigbee/payload_ram/mem_reg[102][1]

  Ref  DFF        ref:/WORK/zigbee/payload_ram/mem_reg[102][2]
  Impl DFF        imp:/WORK/zigbee/payload_ram/mem_reg[102][2]

  Ref  DFF        ref:/WORK/zigbee/payload_ram/mem_reg[102][3]
  Impl DFF        imp:/WORK/zigbee/payload_ram/mem_reg[102][3]

  Ref  DFF        ref:/WORK/zigbee/payload_ram/mem_reg[102][4]
  Impl DFF        imp:/WORK/zigbee/payload_ram/mem_reg[102][4]

  Ref  DFF        ref:/WORK/zigbee/payload_ram/mem_reg[102][5]
  Impl DFF        imp:/WORK/zigbee/payload_ram/mem_reg[102][5]

  Ref  DFF        ref:/WORK/zigbee/payload_ram/mem_reg[102][6]
  Impl DFF        imp:/WORK/zigbee/payload_ram/mem_reg[102][6]

  Ref  DFF        ref:/WORK/zigbee/payload_ram/mem_reg[102][7]
  Impl DFF        imp:/WORK/zigbee/payload_ram/mem_reg[102][7]

  Ref  DFF        ref:/WORK/zigbee/payload_ram/mem_reg[103][0]
  Impl DFF        imp:/WORK/zigbee/payload_ram/mem_reg[103][0]

  Ref  DFF        ref:/WORK/zigbee/payload_ram/mem_reg[103][1]
  Impl DFF        imp:/WORK/zigbee/payload_ram/mem_reg[103][1]

  Ref  DFF        ref:/WORK/zigbee/payload_ram/mem_reg[103][2]
  Impl DFF        imp:/WORK/zigbee/payload_ram/mem_reg[103][2]

  Ref  DFF        ref:/WORK/zigbee/payload_ram/mem_reg[103][3]
  Impl DFF        imp:/WORK/zigbee/payload_ram/mem_reg[103][3]

  Ref  DFF        ref:/WORK/zigbee/payload_ram/mem_reg[103][4]
  Impl DFF        imp:/WORK/zigbee/payload_ram/mem_reg[103][4]

  Ref  DFF        ref:/WORK/zigbee/payload_ram/mem_reg[103][5]
  Impl DFF        imp:/WORK/zigbee/payload_ram/mem_reg[103][5]

  Ref  DFF        ref:/WORK/zigbee/payload_ram/mem_reg[103][6]
  Impl DFF        imp:/WORK/zigbee/payload_ram/mem_reg[103][6]

  Ref  DFF        ref:/WORK/zigbee/payload_ram/mem_reg[103][7]
  Impl DFF        imp:/WORK/zigbee/payload_ram/mem_reg[103][7]

  Ref  DFF        ref:/WORK/zigbee/payload_ram/mem_reg[104][0]
  Impl DFF        imp:/WORK/zigbee/payload_ram/mem_reg[104][0]

  Ref  DFF        ref:/WORK/zigbee/payload_ram/mem_reg[104][1]
  Impl DFF        imp:/WORK/zigbee/payload_ram/mem_reg[104][1]

  Ref  DFF        ref:/WORK/zigbee/payload_ram/mem_reg[104][2]
  Impl DFF        imp:/WORK/zigbee/payload_ram/mem_reg[104][2]

  Ref  DFF        ref:/WORK/zigbee/payload_ram/mem_reg[104][3]
  Impl DFF        imp:/WORK/zigbee/payload_ram/mem_reg[104][3]

  Ref  DFF        ref:/WORK/zigbee/payload_ram/mem_reg[104][4]
  Impl DFF        imp:/WORK/zigbee/payload_ram/mem_reg[104][4]

  Ref  DFF        ref:/WORK/zigbee/payload_ram/mem_reg[104][5]
  Impl DFF        imp:/WORK/zigbee/payload_ram/mem_reg[104][5]

  Ref  DFF        ref:/WORK/zigbee/payload_ram/mem_reg[104][6]
  Impl DFF        imp:/WORK/zigbee/payload_ram/mem_reg[104][6]

  Ref  DFF        ref:/WORK/zigbee/payload_ram/mem_reg[104][7]
  Impl DFF        imp:/WORK/zigbee/payload_ram/mem_reg[104][7]

  Ref  DFF        ref:/WORK/zigbee/payload_ram/mem_reg[105][0]
  Impl DFF        imp:/WORK/zigbee/payload_ram/mem_reg[105][0]

  Ref  DFF        ref:/WORK/zigbee/payload_ram/mem_reg[105][1]
  Impl DFF        imp:/WORK/zigbee/payload_ram/mem_reg[105][1]

  Ref  DFF        ref:/WORK/zigbee/payload_ram/mem_reg[105][2]
  Impl DFF        imp:/WORK/zigbee/payload_ram/mem_reg[105][2]

  Ref  DFF        ref:/WORK/zigbee/payload_ram/mem_reg[105][3]
  Impl DFF        imp:/WORK/zigbee/payload_ram/mem_reg[105][3]

  Ref  DFF        ref:/WORK/zigbee/payload_ram/mem_reg[105][4]
  Impl DFF        imp:/WORK/zigbee/payload_ram/mem_reg[105][4]

  Ref  DFF        ref:/WORK/zigbee/payload_ram/mem_reg[105][5]
  Impl DFF        imp:/WORK/zigbee/payload_ram/mem_reg[105][5]

  Ref  DFF        ref:/WORK/zigbee/payload_ram/mem_reg[105][6]
  Impl DFF        imp:/WORK/zigbee/payload_ram/mem_reg[105][6]

  Ref  DFF        ref:/WORK/zigbee/payload_ram/mem_reg[105][7]
  Impl DFF        imp:/WORK/zigbee/payload_ram/mem_reg[105][7]

  Ref  DFF        ref:/WORK/zigbee/payload_ram/mem_reg[106][0]
  Impl DFF        imp:/WORK/zigbee/payload_ram/mem_reg[106][0]

  Ref  DFF        ref:/WORK/zigbee/payload_ram/mem_reg[106][1]
  Impl DFF        imp:/WORK/zigbee/payload_ram/mem_reg[106][1]

  Ref  DFF        ref:/WORK/zigbee/payload_ram/mem_reg[106][2]
  Impl DFF        imp:/WORK/zigbee/payload_ram/mem_reg[106][2]

  Ref  DFF        ref:/WORK/zigbee/payload_ram/mem_reg[106][3]
  Impl DFF        imp:/WORK/zigbee/payload_ram/mem_reg[106][3]

  Ref  DFF        ref:/WORK/zigbee/payload_ram/mem_reg[106][4]
  Impl DFF        imp:/WORK/zigbee/payload_ram/mem_reg[106][4]

  Ref  DFF        ref:/WORK/zigbee/payload_ram/mem_reg[106][5]
  Impl DFF        imp:/WORK/zigbee/payload_ram/mem_reg[106][5]

  Ref  DFF        ref:/WORK/zigbee/payload_ram/mem_reg[106][6]
  Impl DFF        imp:/WORK/zigbee/payload_ram/mem_reg[106][6]

  Ref  DFF        ref:/WORK/zigbee/payload_ram/mem_reg[106][7]
  Impl DFF        imp:/WORK/zigbee/payload_ram/mem_reg[106][7]

  Ref  DFF        ref:/WORK/zigbee/payload_ram/mem_reg[107][0]
  Impl DFF        imp:/WORK/zigbee/payload_ram/mem_reg[107][0]

  Ref  DFF        ref:/WORK/zigbee/payload_ram/mem_reg[107][1]
  Impl DFF        imp:/WORK/zigbee/payload_ram/mem_reg[107][1]

  Ref  DFF        ref:/WORK/zigbee/payload_ram/mem_reg[107][2]
  Impl DFF        imp:/WORK/zigbee/payload_ram/mem_reg[107][2]

  Ref  DFF        ref:/WORK/zigbee/payload_ram/mem_reg[107][3]
  Impl DFF        imp:/WORK/zigbee/payload_ram/mem_reg[107][3]

  Ref  DFF        ref:/WORK/zigbee/payload_ram/mem_reg[107][4]
  Impl DFF        imp:/WORK/zigbee/payload_ram/mem_reg[107][4]

  Ref  DFF        ref:/WORK/zigbee/payload_ram/mem_reg[107][5]
  Impl DFF        imp:/WORK/zigbee/payload_ram/mem_reg[107][5]

  Ref  DFF        ref:/WORK/zigbee/payload_ram/mem_reg[107][6]
  Impl DFF        imp:/WORK/zigbee/payload_ram/mem_reg[107][6]

  Ref  DFF        ref:/WORK/zigbee/payload_ram/mem_reg[107][7]
  Impl DFF        imp:/WORK/zigbee/payload_ram/mem_reg[107][7]

  Ref  DFF        ref:/WORK/zigbee/payload_ram/mem_reg[108][0]
  Impl DFF        imp:/WORK/zigbee/payload_ram/mem_reg[108][0]

  Ref  DFF        ref:/WORK/zigbee/payload_ram/mem_reg[108][1]
  Impl DFF        imp:/WORK/zigbee/payload_ram/mem_reg[108][1]

  Ref  DFF        ref:/WORK/zigbee/payload_ram/mem_reg[108][2]
  Impl DFF        imp:/WORK/zigbee/payload_ram/mem_reg[108][2]

  Ref  DFF        ref:/WORK/zigbee/payload_ram/mem_reg[108][3]
  Impl DFF        imp:/WORK/zigbee/payload_ram/mem_reg[108][3]

  Ref  DFF        ref:/WORK/zigbee/payload_ram/mem_reg[108][4]
  Impl DFF        imp:/WORK/zigbee/payload_ram/mem_reg[108][4]

  Ref  DFF        ref:/WORK/zigbee/payload_ram/mem_reg[108][5]
  Impl DFF        imp:/WORK/zigbee/payload_ram/mem_reg[108][5]

  Ref  DFF        ref:/WORK/zigbee/payload_ram/mem_reg[108][6]
  Impl DFF        imp:/WORK/zigbee/payload_ram/mem_reg[108][6]

  Ref  DFF        ref:/WORK/zigbee/payload_ram/mem_reg[108][7]
  Impl DFF        imp:/WORK/zigbee/payload_ram/mem_reg[108][7]

  Ref  DFF        ref:/WORK/zigbee/payload_ram/mem_reg[109][0]
  Impl DFF        imp:/WORK/zigbee/payload_ram/mem_reg[109][0]

  Ref  DFF        ref:/WORK/zigbee/payload_ram/mem_reg[109][1]
  Impl DFF        imp:/WORK/zigbee/payload_ram/mem_reg[109][1]

  Ref  DFF        ref:/WORK/zigbee/payload_ram/mem_reg[109][2]
  Impl DFF        imp:/WORK/zigbee/payload_ram/mem_reg[109][2]

  Ref  DFF        ref:/WORK/zigbee/payload_ram/mem_reg[109][3]
  Impl DFF        imp:/WORK/zigbee/payload_ram/mem_reg[109][3]

  Ref  DFF        ref:/WORK/zigbee/payload_ram/mem_reg[109][4]
  Impl DFF        imp:/WORK/zigbee/payload_ram/mem_reg[109][4]

  Ref  DFF        ref:/WORK/zigbee/payload_ram/mem_reg[109][5]
  Impl DFF        imp:/WORK/zigbee/payload_ram/mem_reg[109][5]

  Ref  DFF        ref:/WORK/zigbee/payload_ram/mem_reg[109][6]
  Impl DFF        imp:/WORK/zigbee/payload_ram/mem_reg[109][6]

  Ref  DFF        ref:/WORK/zigbee/payload_ram/mem_reg[109][7]
  Impl DFF        imp:/WORK/zigbee/payload_ram/mem_reg[109][7]

  Ref  DFF        ref:/WORK/zigbee/payload_ram/mem_reg[10][0]
  Impl DFF        imp:/WORK/zigbee/payload_ram/mem_reg[10][0]

  Ref  DFF        ref:/WORK/zigbee/payload_ram/mem_reg[10][1]
  Impl DFF        imp:/WORK/zigbee/payload_ram/mem_reg[10][1]

  Ref  DFF        ref:/WORK/zigbee/payload_ram/mem_reg[10][2]
  Impl DFF        imp:/WORK/zigbee/payload_ram/mem_reg[10][2]

  Ref  DFF        ref:/WORK/zigbee/payload_ram/mem_reg[10][3]
  Impl DFF        imp:/WORK/zigbee/payload_ram/mem_reg[10][3]

  Ref  DFF        ref:/WORK/zigbee/payload_ram/mem_reg[10][4]
  Impl DFF        imp:/WORK/zigbee/payload_ram/mem_reg[10][4]

  Ref  DFF        ref:/WORK/zigbee/payload_ram/mem_reg[10][5]
  Impl DFF        imp:/WORK/zigbee/payload_ram/mem_reg[10][5]

  Ref  DFF        ref:/WORK/zigbee/payload_ram/mem_reg[10][6]
  Impl DFF        imp:/WORK/zigbee/payload_ram/mem_reg[10][6]

  Ref  DFF        ref:/WORK/zigbee/payload_ram/mem_reg[10][7]
  Impl DFF        imp:/WORK/zigbee/payload_ram/mem_reg[10][7]

  Ref  DFF        ref:/WORK/zigbee/payload_ram/mem_reg[110][0]
  Impl DFF        imp:/WORK/zigbee/payload_ram/mem_reg[110][0]

  Ref  DFF        ref:/WORK/zigbee/payload_ram/mem_reg[110][1]
  Impl DFF        imp:/WORK/zigbee/payload_ram/mem_reg[110][1]

  Ref  DFF        ref:/WORK/zigbee/payload_ram/mem_reg[110][2]
  Impl DFF        imp:/WORK/zigbee/payload_ram/mem_reg[110][2]

  Ref  DFF        ref:/WORK/zigbee/payload_ram/mem_reg[110][3]
  Impl DFF        imp:/WORK/zigbee/payload_ram/mem_reg[110][3]

  Ref  DFF        ref:/WORK/zigbee/payload_ram/mem_reg[110][4]
  Impl DFF        imp:/WORK/zigbee/payload_ram/mem_reg[110][4]

  Ref  DFF        ref:/WORK/zigbee/payload_ram/mem_reg[110][5]
  Impl DFF        imp:/WORK/zigbee/payload_ram/mem_reg[110][5]

  Ref  DFF        ref:/WORK/zigbee/payload_ram/mem_reg[110][6]
  Impl DFF        imp:/WORK/zigbee/payload_ram/mem_reg[110][6]

  Ref  DFF        ref:/WORK/zigbee/payload_ram/mem_reg[110][7]
  Impl DFF        imp:/WORK/zigbee/payload_ram/mem_reg[110][7]

  Ref  DFF        ref:/WORK/zigbee/payload_ram/mem_reg[111][0]
  Impl DFF        imp:/WORK/zigbee/payload_ram/mem_reg[111][0]

  Ref  DFF        ref:/WORK/zigbee/payload_ram/mem_reg[111][1]
  Impl DFF        imp:/WORK/zigbee/payload_ram/mem_reg[111][1]

  Ref  DFF        ref:/WORK/zigbee/payload_ram/mem_reg[111][2]
  Impl DFF        imp:/WORK/zigbee/payload_ram/mem_reg[111][2]

  Ref  DFF        ref:/WORK/zigbee/payload_ram/mem_reg[111][3]
  Impl DFF        imp:/WORK/zigbee/payload_ram/mem_reg[111][3]

  Ref  DFF        ref:/WORK/zigbee/payload_ram/mem_reg[111][4]
  Impl DFF        imp:/WORK/zigbee/payload_ram/mem_reg[111][4]

  Ref  DFF        ref:/WORK/zigbee/payload_ram/mem_reg[111][5]
  Impl DFF        imp:/WORK/zigbee/payload_ram/mem_reg[111][5]

  Ref  DFF        ref:/WORK/zigbee/payload_ram/mem_reg[111][6]
  Impl DFF        imp:/WORK/zigbee/payload_ram/mem_reg[111][6]

  Ref  DFF        ref:/WORK/zigbee/payload_ram/mem_reg[111][7]
  Impl DFF        imp:/WORK/zigbee/payload_ram/mem_reg[111][7]

  Ref  DFF        ref:/WORK/zigbee/payload_ram/mem_reg[112][0]
  Impl DFF        imp:/WORK/zigbee/payload_ram/mem_reg[112][0]

  Ref  DFF        ref:/WORK/zigbee/payload_ram/mem_reg[112][1]
  Impl DFF        imp:/WORK/zigbee/payload_ram/mem_reg[112][1]

  Ref  DFF        ref:/WORK/zigbee/payload_ram/mem_reg[112][2]
  Impl DFF        imp:/WORK/zigbee/payload_ram/mem_reg[112][2]

  Ref  DFF        ref:/WORK/zigbee/payload_ram/mem_reg[112][3]
  Impl DFF        imp:/WORK/zigbee/payload_ram/mem_reg[112][3]

  Ref  DFF        ref:/WORK/zigbee/payload_ram/mem_reg[112][4]
  Impl DFF        imp:/WORK/zigbee/payload_ram/mem_reg[112][4]

  Ref  DFF        ref:/WORK/zigbee/payload_ram/mem_reg[112][5]
  Impl DFF        imp:/WORK/zigbee/payload_ram/mem_reg[112][5]

  Ref  DFF        ref:/WORK/zigbee/payload_ram/mem_reg[112][6]
  Impl DFF        imp:/WORK/zigbee/payload_ram/mem_reg[112][6]

  Ref  DFF        ref:/WORK/zigbee/payload_ram/mem_reg[112][7]
  Impl DFF        imp:/WORK/zigbee/payload_ram/mem_reg[112][7]

  Ref  DFF        ref:/WORK/zigbee/payload_ram/mem_reg[113][0]
  Impl DFF        imp:/WORK/zigbee/payload_ram/mem_reg[113][0]

  Ref  DFF        ref:/WORK/zigbee/payload_ram/mem_reg[113][1]
  Impl DFF        imp:/WORK/zigbee/payload_ram/mem_reg[113][1]

  Ref  DFF        ref:/WORK/zigbee/payload_ram/mem_reg[113][2]
  Impl DFF        imp:/WORK/zigbee/payload_ram/mem_reg[113][2]

  Ref  DFF        ref:/WORK/zigbee/payload_ram/mem_reg[113][3]
  Impl DFF        imp:/WORK/zigbee/payload_ram/mem_reg[113][3]

  Ref  DFF        ref:/WORK/zigbee/payload_ram/mem_reg[113][4]
  Impl DFF        imp:/WORK/zigbee/payload_ram/mem_reg[113][4]

  Ref  DFF        ref:/WORK/zigbee/payload_ram/mem_reg[113][5]
  Impl DFF        imp:/WORK/zigbee/payload_ram/mem_reg[113][5]

  Ref  DFF        ref:/WORK/zigbee/payload_ram/mem_reg[113][6]
  Impl DFF        imp:/WORK/zigbee/payload_ram/mem_reg[113][6]

  Ref  DFF        ref:/WORK/zigbee/payload_ram/mem_reg[113][7]
  Impl DFF        imp:/WORK/zigbee/payload_ram/mem_reg[113][7]

  Ref  DFF        ref:/WORK/zigbee/payload_ram/mem_reg[114][0]
  Impl DFF        imp:/WORK/zigbee/payload_ram/mem_reg[114][0]

  Ref  DFF        ref:/WORK/zigbee/payload_ram/mem_reg[114][1]
  Impl DFF        imp:/WORK/zigbee/payload_ram/mem_reg[114][1]

  Ref  DFF        ref:/WORK/zigbee/payload_ram/mem_reg[114][2]
  Impl DFF        imp:/WORK/zigbee/payload_ram/mem_reg[114][2]

  Ref  DFF        ref:/WORK/zigbee/payload_ram/mem_reg[114][3]
  Impl DFF        imp:/WORK/zigbee/payload_ram/mem_reg[114][3]

  Ref  DFF        ref:/WORK/zigbee/payload_ram/mem_reg[114][4]
  Impl DFF        imp:/WORK/zigbee/payload_ram/mem_reg[114][4]

  Ref  DFF        ref:/WORK/zigbee/payload_ram/mem_reg[114][5]
  Impl DFF        imp:/WORK/zigbee/payload_ram/mem_reg[114][5]

  Ref  DFF        ref:/WORK/zigbee/payload_ram/mem_reg[114][6]
  Impl DFF        imp:/WORK/zigbee/payload_ram/mem_reg[114][6]

  Ref  DFF        ref:/WORK/zigbee/payload_ram/mem_reg[114][7]
  Impl DFF        imp:/WORK/zigbee/payload_ram/mem_reg[114][7]

  Ref  DFF        ref:/WORK/zigbee/payload_ram/mem_reg[115][0]
  Impl DFF        imp:/WORK/zigbee/payload_ram/mem_reg[115][0]

  Ref  DFF        ref:/WORK/zigbee/payload_ram/mem_reg[115][1]
  Impl DFF        imp:/WORK/zigbee/payload_ram/mem_reg[115][1]

  Ref  DFF        ref:/WORK/zigbee/payload_ram/mem_reg[115][2]
  Impl DFF        imp:/WORK/zigbee/payload_ram/mem_reg[115][2]

  Ref  DFF        ref:/WORK/zigbee/payload_ram/mem_reg[115][3]
  Impl DFF        imp:/WORK/zigbee/payload_ram/mem_reg[115][3]

  Ref  DFF        ref:/WORK/zigbee/payload_ram/mem_reg[115][4]
  Impl DFF        imp:/WORK/zigbee/payload_ram/mem_reg[115][4]

  Ref  DFF        ref:/WORK/zigbee/payload_ram/mem_reg[115][5]
  Impl DFF        imp:/WORK/zigbee/payload_ram/mem_reg[115][5]

  Ref  DFF        ref:/WORK/zigbee/payload_ram/mem_reg[115][6]
  Impl DFF        imp:/WORK/zigbee/payload_ram/mem_reg[115][6]

  Ref  DFF        ref:/WORK/zigbee/payload_ram/mem_reg[115][7]
  Impl DFF        imp:/WORK/zigbee/payload_ram/mem_reg[115][7]

  Ref  DFF        ref:/WORK/zigbee/payload_ram/mem_reg[116][0]
  Impl DFF        imp:/WORK/zigbee/payload_ram/mem_reg[116][0]

  Ref  DFF        ref:/WORK/zigbee/payload_ram/mem_reg[116][1]
  Impl DFF        imp:/WORK/zigbee/payload_ram/mem_reg[116][1]

  Ref  DFF        ref:/WORK/zigbee/payload_ram/mem_reg[116][2]
  Impl DFF        imp:/WORK/zigbee/payload_ram/mem_reg[116][2]

  Ref  DFF        ref:/WORK/zigbee/payload_ram/mem_reg[116][3]
  Impl DFF        imp:/WORK/zigbee/payload_ram/mem_reg[116][3]

  Ref  DFF        ref:/WORK/zigbee/payload_ram/mem_reg[116][4]
  Impl DFF        imp:/WORK/zigbee/payload_ram/mem_reg[116][4]

  Ref  DFF        ref:/WORK/zigbee/payload_ram/mem_reg[116][5]
  Impl DFF        imp:/WORK/zigbee/payload_ram/mem_reg[116][5]

  Ref  DFF        ref:/WORK/zigbee/payload_ram/mem_reg[116][6]
  Impl DFF        imp:/WORK/zigbee/payload_ram/mem_reg[116][6]

  Ref  DFF        ref:/WORK/zigbee/payload_ram/mem_reg[116][7]
  Impl DFF        imp:/WORK/zigbee/payload_ram/mem_reg[116][7]

  Ref  DFF        ref:/WORK/zigbee/payload_ram/mem_reg[117][0]
  Impl DFF        imp:/WORK/zigbee/payload_ram/mem_reg[117][0]

  Ref  DFF        ref:/WORK/zigbee/payload_ram/mem_reg[117][1]
  Impl DFF        imp:/WORK/zigbee/payload_ram/mem_reg[117][1]

  Ref  DFF        ref:/WORK/zigbee/payload_ram/mem_reg[117][2]
  Impl DFF        imp:/WORK/zigbee/payload_ram/mem_reg[117][2]

  Ref  DFF        ref:/WORK/zigbee/payload_ram/mem_reg[117][3]
  Impl DFF        imp:/WORK/zigbee/payload_ram/mem_reg[117][3]

  Ref  DFF        ref:/WORK/zigbee/payload_ram/mem_reg[117][4]
  Impl DFF        imp:/WORK/zigbee/payload_ram/mem_reg[117][4]

  Ref  DFF        ref:/WORK/zigbee/payload_ram/mem_reg[117][5]
  Impl DFF        imp:/WORK/zigbee/payload_ram/mem_reg[117][5]

  Ref  DFF        ref:/WORK/zigbee/payload_ram/mem_reg[117][6]
  Impl DFF        imp:/WORK/zigbee/payload_ram/mem_reg[117][6]

  Ref  DFF        ref:/WORK/zigbee/payload_ram/mem_reg[117][7]
  Impl DFF        imp:/WORK/zigbee/payload_ram/mem_reg[117][7]

  Ref  DFF        ref:/WORK/zigbee/payload_ram/mem_reg[118][0]
  Impl DFF        imp:/WORK/zigbee/payload_ram/mem_reg[118][0]

  Ref  DFF        ref:/WORK/zigbee/payload_ram/mem_reg[118][1]
  Impl DFF        imp:/WORK/zigbee/payload_ram/mem_reg[118][1]

  Ref  DFF        ref:/WORK/zigbee/payload_ram/mem_reg[118][2]
  Impl DFF        imp:/WORK/zigbee/payload_ram/mem_reg[118][2]

  Ref  DFF        ref:/WORK/zigbee/payload_ram/mem_reg[118][3]
  Impl DFF        imp:/WORK/zigbee/payload_ram/mem_reg[118][3]

  Ref  DFF        ref:/WORK/zigbee/payload_ram/mem_reg[118][4]
  Impl DFF        imp:/WORK/zigbee/payload_ram/mem_reg[118][4]

  Ref  DFF        ref:/WORK/zigbee/payload_ram/mem_reg[118][5]
  Impl DFF        imp:/WORK/zigbee/payload_ram/mem_reg[118][5]

  Ref  DFF        ref:/WORK/zigbee/payload_ram/mem_reg[118][6]
  Impl DFF        imp:/WORK/zigbee/payload_ram/mem_reg[118][6]

  Ref  DFF        ref:/WORK/zigbee/payload_ram/mem_reg[118][7]
  Impl DFF        imp:/WORK/zigbee/payload_ram/mem_reg[118][7]

  Ref  DFF        ref:/WORK/zigbee/payload_ram/mem_reg[119][0]
  Impl DFF        imp:/WORK/zigbee/payload_ram/mem_reg[119][0]

  Ref  DFF        ref:/WORK/zigbee/payload_ram/mem_reg[119][1]
  Impl DFF        imp:/WORK/zigbee/payload_ram/mem_reg[119][1]

  Ref  DFF        ref:/WORK/zigbee/payload_ram/mem_reg[119][2]
  Impl DFF        imp:/WORK/zigbee/payload_ram/mem_reg[119][2]

  Ref  DFF        ref:/WORK/zigbee/payload_ram/mem_reg[119][3]
  Impl DFF        imp:/WORK/zigbee/payload_ram/mem_reg[119][3]

  Ref  DFF        ref:/WORK/zigbee/payload_ram/mem_reg[119][4]
  Impl DFF        imp:/WORK/zigbee/payload_ram/mem_reg[119][4]

  Ref  DFF        ref:/WORK/zigbee/payload_ram/mem_reg[119][5]
  Impl DFF        imp:/WORK/zigbee/payload_ram/mem_reg[119][5]

  Ref  DFF        ref:/WORK/zigbee/payload_ram/mem_reg[119][6]
  Impl DFF        imp:/WORK/zigbee/payload_ram/mem_reg[119][6]

  Ref  DFF        ref:/WORK/zigbee/payload_ram/mem_reg[119][7]
  Impl DFF        imp:/WORK/zigbee/payload_ram/mem_reg[119][7]

  Ref  DFF        ref:/WORK/zigbee/payload_ram/mem_reg[11][0]
  Impl DFF        imp:/WORK/zigbee/payload_ram/mem_reg[11][0]

  Ref  DFF        ref:/WORK/zigbee/payload_ram/mem_reg[11][1]
  Impl DFF        imp:/WORK/zigbee/payload_ram/mem_reg[11][1]

  Ref  DFF        ref:/WORK/zigbee/payload_ram/mem_reg[11][2]
  Impl DFF        imp:/WORK/zigbee/payload_ram/mem_reg[11][2]

  Ref  DFF        ref:/WORK/zigbee/payload_ram/mem_reg[11][3]
  Impl DFF        imp:/WORK/zigbee/payload_ram/mem_reg[11][3]

  Ref  DFF        ref:/WORK/zigbee/payload_ram/mem_reg[11][4]
  Impl DFF        imp:/WORK/zigbee/payload_ram/mem_reg[11][4]

  Ref  DFF        ref:/WORK/zigbee/payload_ram/mem_reg[11][5]
  Impl DFF        imp:/WORK/zigbee/payload_ram/mem_reg[11][5]

  Ref  DFF        ref:/WORK/zigbee/payload_ram/mem_reg[11][6]
  Impl DFF        imp:/WORK/zigbee/payload_ram/mem_reg[11][6]

  Ref  DFF        ref:/WORK/zigbee/payload_ram/mem_reg[11][7]
  Impl DFF        imp:/WORK/zigbee/payload_ram/mem_reg[11][7]

  Ref  DFF        ref:/WORK/zigbee/payload_ram/mem_reg[120][0]
  Impl DFF        imp:/WORK/zigbee/payload_ram/mem_reg[120][0]

  Ref  DFF        ref:/WORK/zigbee/payload_ram/mem_reg[120][1]
  Impl DFF        imp:/WORK/zigbee/payload_ram/mem_reg[120][1]

  Ref  DFF        ref:/WORK/zigbee/payload_ram/mem_reg[120][2]
  Impl DFF        imp:/WORK/zigbee/payload_ram/mem_reg[120][2]

  Ref  DFF        ref:/WORK/zigbee/payload_ram/mem_reg[120][3]
  Impl DFF        imp:/WORK/zigbee/payload_ram/mem_reg[120][3]

  Ref  DFF        ref:/WORK/zigbee/payload_ram/mem_reg[120][4]
  Impl DFF        imp:/WORK/zigbee/payload_ram/mem_reg[120][4]

  Ref  DFF        ref:/WORK/zigbee/payload_ram/mem_reg[120][5]
  Impl DFF        imp:/WORK/zigbee/payload_ram/mem_reg[120][5]

  Ref  DFF        ref:/WORK/zigbee/payload_ram/mem_reg[120][6]
  Impl DFF        imp:/WORK/zigbee/payload_ram/mem_reg[120][6]

  Ref  DFF        ref:/WORK/zigbee/payload_ram/mem_reg[120][7]
  Impl DFF        imp:/WORK/zigbee/payload_ram/mem_reg[120][7]

  Ref  DFF        ref:/WORK/zigbee/payload_ram/mem_reg[121][0]
  Impl DFF        imp:/WORK/zigbee/payload_ram/mem_reg[121][0]

  Ref  DFF        ref:/WORK/zigbee/payload_ram/mem_reg[121][1]
  Impl DFF        imp:/WORK/zigbee/payload_ram/mem_reg[121][1]

  Ref  DFF        ref:/WORK/zigbee/payload_ram/mem_reg[121][2]
  Impl DFF        imp:/WORK/zigbee/payload_ram/mem_reg[121][2]

  Ref  DFF        ref:/WORK/zigbee/payload_ram/mem_reg[121][3]
  Impl DFF        imp:/WORK/zigbee/payload_ram/mem_reg[121][3]

  Ref  DFF        ref:/WORK/zigbee/payload_ram/mem_reg[121][4]
  Impl DFF        imp:/WORK/zigbee/payload_ram/mem_reg[121][4]

  Ref  DFF        ref:/WORK/zigbee/payload_ram/mem_reg[121][5]
  Impl DFF        imp:/WORK/zigbee/payload_ram/mem_reg[121][5]

  Ref  DFF        ref:/WORK/zigbee/payload_ram/mem_reg[121][6]
  Impl DFF        imp:/WORK/zigbee/payload_ram/mem_reg[121][6]

  Ref  DFF        ref:/WORK/zigbee/payload_ram/mem_reg[121][7]
  Impl DFF        imp:/WORK/zigbee/payload_ram/mem_reg[121][7]

  Ref  DFF        ref:/WORK/zigbee/payload_ram/mem_reg[122][0]
  Impl DFF        imp:/WORK/zigbee/payload_ram/mem_reg[122][0]

  Ref  DFF        ref:/WORK/zigbee/payload_ram/mem_reg[122][1]
  Impl DFF        imp:/WORK/zigbee/payload_ram/mem_reg[122][1]

  Ref  DFF        ref:/WORK/zigbee/payload_ram/mem_reg[122][2]
  Impl DFF        imp:/WORK/zigbee/payload_ram/mem_reg[122][2]

  Ref  DFF        ref:/WORK/zigbee/payload_ram/mem_reg[122][3]
  Impl DFF        imp:/WORK/zigbee/payload_ram/mem_reg[122][3]

  Ref  DFF        ref:/WORK/zigbee/payload_ram/mem_reg[122][4]
  Impl DFF        imp:/WORK/zigbee/payload_ram/mem_reg[122][4]

  Ref  DFF        ref:/WORK/zigbee/payload_ram/mem_reg[122][5]
  Impl DFF        imp:/WORK/zigbee/payload_ram/mem_reg[122][5]

  Ref  DFF        ref:/WORK/zigbee/payload_ram/mem_reg[122][6]
  Impl DFF        imp:/WORK/zigbee/payload_ram/mem_reg[122][6]

  Ref  DFF        ref:/WORK/zigbee/payload_ram/mem_reg[122][7]
  Impl DFF        imp:/WORK/zigbee/payload_ram/mem_reg[122][7]

  Ref  DFF        ref:/WORK/zigbee/payload_ram/mem_reg[123][0]
  Impl DFF        imp:/WORK/zigbee/payload_ram/mem_reg[123][0]

  Ref  DFF        ref:/WORK/zigbee/payload_ram/mem_reg[123][1]
  Impl DFF        imp:/WORK/zigbee/payload_ram/mem_reg[123][1]

  Ref  DFF        ref:/WORK/zigbee/payload_ram/mem_reg[123][2]
  Impl DFF        imp:/WORK/zigbee/payload_ram/mem_reg[123][2]

  Ref  DFF        ref:/WORK/zigbee/payload_ram/mem_reg[123][3]
  Impl DFF        imp:/WORK/zigbee/payload_ram/mem_reg[123][3]

  Ref  DFF        ref:/WORK/zigbee/payload_ram/mem_reg[123][4]
  Impl DFF        imp:/WORK/zigbee/payload_ram/mem_reg[123][4]

  Ref  DFF        ref:/WORK/zigbee/payload_ram/mem_reg[123][5]
  Impl DFF        imp:/WORK/zigbee/payload_ram/mem_reg[123][5]

  Ref  DFF        ref:/WORK/zigbee/payload_ram/mem_reg[123][6]
  Impl DFF        imp:/WORK/zigbee/payload_ram/mem_reg[123][6]

  Ref  DFF        ref:/WORK/zigbee/payload_ram/mem_reg[123][7]
  Impl DFF        imp:/WORK/zigbee/payload_ram/mem_reg[123][7]

  Ref  DFF        ref:/WORK/zigbee/payload_ram/mem_reg[124][0]
  Impl DFF        imp:/WORK/zigbee/payload_ram/mem_reg[124][0]

  Ref  DFF        ref:/WORK/zigbee/payload_ram/mem_reg[124][1]
  Impl DFF        imp:/WORK/zigbee/payload_ram/mem_reg[124][1]

  Ref  DFF        ref:/WORK/zigbee/payload_ram/mem_reg[124][2]
  Impl DFF        imp:/WORK/zigbee/payload_ram/mem_reg[124][2]

  Ref  DFF        ref:/WORK/zigbee/payload_ram/mem_reg[124][3]
  Impl DFF        imp:/WORK/zigbee/payload_ram/mem_reg[124][3]

  Ref  DFF        ref:/WORK/zigbee/payload_ram/mem_reg[124][4]
  Impl DFF        imp:/WORK/zigbee/payload_ram/mem_reg[124][4]

  Ref  DFF        ref:/WORK/zigbee/payload_ram/mem_reg[124][5]
  Impl DFF        imp:/WORK/zigbee/payload_ram/mem_reg[124][5]

  Ref  DFF        ref:/WORK/zigbee/payload_ram/mem_reg[124][6]
  Impl DFF        imp:/WORK/zigbee/payload_ram/mem_reg[124][6]

  Ref  DFF        ref:/WORK/zigbee/payload_ram/mem_reg[124][7]
  Impl DFF        imp:/WORK/zigbee/payload_ram/mem_reg[124][7]

  Ref  DFF        ref:/WORK/zigbee/payload_ram/mem_reg[125][0]
  Impl DFF        imp:/WORK/zigbee/payload_ram/mem_reg[125][0]

  Ref  DFF        ref:/WORK/zigbee/payload_ram/mem_reg[125][1]
  Impl DFF        imp:/WORK/zigbee/payload_ram/mem_reg[125][1]

  Ref  DFF        ref:/WORK/zigbee/payload_ram/mem_reg[125][2]
  Impl DFF        imp:/WORK/zigbee/payload_ram/mem_reg[125][2]

  Ref  DFF        ref:/WORK/zigbee/payload_ram/mem_reg[125][3]
  Impl DFF        imp:/WORK/zigbee/payload_ram/mem_reg[125][3]

  Ref  DFF        ref:/WORK/zigbee/payload_ram/mem_reg[125][4]
  Impl DFF        imp:/WORK/zigbee/payload_ram/mem_reg[125][4]

  Ref  DFF        ref:/WORK/zigbee/payload_ram/mem_reg[125][5]
  Impl DFF        imp:/WORK/zigbee/payload_ram/mem_reg[125][5]

  Ref  DFF        ref:/WORK/zigbee/payload_ram/mem_reg[125][6]
  Impl DFF        imp:/WORK/zigbee/payload_ram/mem_reg[125][6]

  Ref  DFF        ref:/WORK/zigbee/payload_ram/mem_reg[125][7]
  Impl DFF        imp:/WORK/zigbee/payload_ram/mem_reg[125][7]

  Ref  DFF        ref:/WORK/zigbee/payload_ram/mem_reg[126][0]
  Impl DFF        imp:/WORK/zigbee/payload_ram/mem_reg[126][0]

  Ref  DFF        ref:/WORK/zigbee/payload_ram/mem_reg[126][1]
  Impl DFF        imp:/WORK/zigbee/payload_ram/mem_reg[126][1]

  Ref  DFF        ref:/WORK/zigbee/payload_ram/mem_reg[126][2]
  Impl DFF        imp:/WORK/zigbee/payload_ram/mem_reg[126][2]

  Ref  DFF        ref:/WORK/zigbee/payload_ram/mem_reg[126][3]
  Impl DFF        imp:/WORK/zigbee/payload_ram/mem_reg[126][3]

  Ref  DFF        ref:/WORK/zigbee/payload_ram/mem_reg[126][4]
  Impl DFF        imp:/WORK/zigbee/payload_ram/mem_reg[126][4]

  Ref  DFF        ref:/WORK/zigbee/payload_ram/mem_reg[126][5]
  Impl DFF        imp:/WORK/zigbee/payload_ram/mem_reg[126][5]

  Ref  DFF        ref:/WORK/zigbee/payload_ram/mem_reg[126][6]
  Impl DFF        imp:/WORK/zigbee/payload_ram/mem_reg[126][6]

  Ref  DFF        ref:/WORK/zigbee/payload_ram/mem_reg[126][7]
  Impl DFF        imp:/WORK/zigbee/payload_ram/mem_reg[126][7]

  Ref  DFF        ref:/WORK/zigbee/payload_ram/mem_reg[127][0]
  Impl DFF        imp:/WORK/zigbee/payload_ram/mem_reg[127][0]

  Ref  DFF        ref:/WORK/zigbee/payload_ram/mem_reg[127][1]
  Impl DFF        imp:/WORK/zigbee/payload_ram/mem_reg[127][1]

  Ref  DFF        ref:/WORK/zigbee/payload_ram/mem_reg[127][2]
  Impl DFF        imp:/WORK/zigbee/payload_ram/mem_reg[127][2]

  Ref  DFF        ref:/WORK/zigbee/payload_ram/mem_reg[127][3]
  Impl DFF        imp:/WORK/zigbee/payload_ram/mem_reg[127][3]

  Ref  DFF        ref:/WORK/zigbee/payload_ram/mem_reg[127][4]
  Impl DFF        imp:/WORK/zigbee/payload_ram/mem_reg[127][4]

  Ref  DFF        ref:/WORK/zigbee/payload_ram/mem_reg[127][5]
  Impl DFF        imp:/WORK/zigbee/payload_ram/mem_reg[127][5]

  Ref  DFF        ref:/WORK/zigbee/payload_ram/mem_reg[127][6]
  Impl DFF        imp:/WORK/zigbee/payload_ram/mem_reg[127][6]

  Ref  DFF        ref:/WORK/zigbee/payload_ram/mem_reg[127][7]
  Impl DFF        imp:/WORK/zigbee/payload_ram/mem_reg[127][7]

  Ref  DFF        ref:/WORK/zigbee/payload_ram/mem_reg[12][0]
  Impl DFF        imp:/WORK/zigbee/payload_ram/mem_reg[12][0]

  Ref  DFF        ref:/WORK/zigbee/payload_ram/mem_reg[12][1]
  Impl DFF        imp:/WORK/zigbee/payload_ram/mem_reg[12][1]

  Ref  DFF        ref:/WORK/zigbee/payload_ram/mem_reg[12][2]
  Impl DFF        imp:/WORK/zigbee/payload_ram/mem_reg[12][2]

  Ref  DFF        ref:/WORK/zigbee/payload_ram/mem_reg[12][3]
  Impl DFF        imp:/WORK/zigbee/payload_ram/mem_reg[12][3]

  Ref  DFF        ref:/WORK/zigbee/payload_ram/mem_reg[12][4]
  Impl DFF        imp:/WORK/zigbee/payload_ram/mem_reg[12][4]

  Ref  DFF        ref:/WORK/zigbee/payload_ram/mem_reg[12][5]
  Impl DFF        imp:/WORK/zigbee/payload_ram/mem_reg[12][5]

  Ref  DFF        ref:/WORK/zigbee/payload_ram/mem_reg[12][6]
  Impl DFF        imp:/WORK/zigbee/payload_ram/mem_reg[12][6]

  Ref  DFF        ref:/WORK/zigbee/payload_ram/mem_reg[12][7]
  Impl DFF        imp:/WORK/zigbee/payload_ram/mem_reg[12][7]

  Ref  DFF        ref:/WORK/zigbee/payload_ram/mem_reg[13][0]
  Impl DFF        imp:/WORK/zigbee/payload_ram/mem_reg[13][0]

  Ref  DFF        ref:/WORK/zigbee/payload_ram/mem_reg[13][1]
  Impl DFF        imp:/WORK/zigbee/payload_ram/mem_reg[13][1]

  Ref  DFF        ref:/WORK/zigbee/payload_ram/mem_reg[13][2]
  Impl DFF        imp:/WORK/zigbee/payload_ram/mem_reg[13][2]

  Ref  DFF        ref:/WORK/zigbee/payload_ram/mem_reg[13][3]
  Impl DFF        imp:/WORK/zigbee/payload_ram/mem_reg[13][3]

  Ref  DFF        ref:/WORK/zigbee/payload_ram/mem_reg[13][4]
  Impl DFF        imp:/WORK/zigbee/payload_ram/mem_reg[13][4]

  Ref  DFF        ref:/WORK/zigbee/payload_ram/mem_reg[13][5]
  Impl DFF        imp:/WORK/zigbee/payload_ram/mem_reg[13][5]

  Ref  DFF        ref:/WORK/zigbee/payload_ram/mem_reg[13][6]
  Impl DFF        imp:/WORK/zigbee/payload_ram/mem_reg[13][6]

  Ref  DFF        ref:/WORK/zigbee/payload_ram/mem_reg[13][7]
  Impl DFF        imp:/WORK/zigbee/payload_ram/mem_reg[13][7]

  Ref  DFF        ref:/WORK/zigbee/payload_ram/mem_reg[14][0]
  Impl DFF        imp:/WORK/zigbee/payload_ram/mem_reg[14][0]

  Ref  DFF        ref:/WORK/zigbee/payload_ram/mem_reg[14][1]
  Impl DFF        imp:/WORK/zigbee/payload_ram/mem_reg[14][1]

  Ref  DFF        ref:/WORK/zigbee/payload_ram/mem_reg[14][2]
  Impl DFF        imp:/WORK/zigbee/payload_ram/mem_reg[14][2]

  Ref  DFF        ref:/WORK/zigbee/payload_ram/mem_reg[14][3]
  Impl DFF        imp:/WORK/zigbee/payload_ram/mem_reg[14][3]

  Ref  DFF        ref:/WORK/zigbee/payload_ram/mem_reg[14][4]
  Impl DFF        imp:/WORK/zigbee/payload_ram/mem_reg[14][4]

  Ref  DFF        ref:/WORK/zigbee/payload_ram/mem_reg[14][5]
  Impl DFF        imp:/WORK/zigbee/payload_ram/mem_reg[14][5]

  Ref  DFF        ref:/WORK/zigbee/payload_ram/mem_reg[14][6]
  Impl DFF        imp:/WORK/zigbee/payload_ram/mem_reg[14][6]

  Ref  DFF        ref:/WORK/zigbee/payload_ram/mem_reg[14][7]
  Impl DFF        imp:/WORK/zigbee/payload_ram/mem_reg[14][7]

  Ref  DFF        ref:/WORK/zigbee/payload_ram/mem_reg[15][0]
  Impl DFF        imp:/WORK/zigbee/payload_ram/mem_reg[15][0]

  Ref  DFF        ref:/WORK/zigbee/payload_ram/mem_reg[15][1]
  Impl DFF        imp:/WORK/zigbee/payload_ram/mem_reg[15][1]

  Ref  DFF        ref:/WORK/zigbee/payload_ram/mem_reg[15][2]
  Impl DFF        imp:/WORK/zigbee/payload_ram/mem_reg[15][2]

  Ref  DFF        ref:/WORK/zigbee/payload_ram/mem_reg[15][3]
  Impl DFF        imp:/WORK/zigbee/payload_ram/mem_reg[15][3]

  Ref  DFF        ref:/WORK/zigbee/payload_ram/mem_reg[15][4]
  Impl DFF        imp:/WORK/zigbee/payload_ram/mem_reg[15][4]

  Ref  DFF        ref:/WORK/zigbee/payload_ram/mem_reg[15][5]
  Impl DFF        imp:/WORK/zigbee/payload_ram/mem_reg[15][5]

  Ref  DFF        ref:/WORK/zigbee/payload_ram/mem_reg[15][6]
  Impl DFF        imp:/WORK/zigbee/payload_ram/mem_reg[15][6]

  Ref  DFF        ref:/WORK/zigbee/payload_ram/mem_reg[15][7]
  Impl DFF        imp:/WORK/zigbee/payload_ram/mem_reg[15][7]

  Ref  DFF        ref:/WORK/zigbee/payload_ram/mem_reg[16][0]
  Impl DFF        imp:/WORK/zigbee/payload_ram/mem_reg[16][0]

  Ref  DFF        ref:/WORK/zigbee/payload_ram/mem_reg[16][1]
  Impl DFF        imp:/WORK/zigbee/payload_ram/mem_reg[16][1]

  Ref  DFF        ref:/WORK/zigbee/payload_ram/mem_reg[16][2]
  Impl DFF        imp:/WORK/zigbee/payload_ram/mem_reg[16][2]

  Ref  DFF        ref:/WORK/zigbee/payload_ram/mem_reg[16][3]
  Impl DFF        imp:/WORK/zigbee/payload_ram/mem_reg[16][3]

  Ref  DFF        ref:/WORK/zigbee/payload_ram/mem_reg[16][4]
  Impl DFF        imp:/WORK/zigbee/payload_ram/mem_reg[16][4]

  Ref  DFF        ref:/WORK/zigbee/payload_ram/mem_reg[16][5]
  Impl DFF        imp:/WORK/zigbee/payload_ram/mem_reg[16][5]

  Ref  DFF        ref:/WORK/zigbee/payload_ram/mem_reg[16][6]
  Impl DFF        imp:/WORK/zigbee/payload_ram/mem_reg[16][6]

  Ref  DFF        ref:/WORK/zigbee/payload_ram/mem_reg[16][7]
  Impl DFF        imp:/WORK/zigbee/payload_ram/mem_reg[16][7]

  Ref  DFF        ref:/WORK/zigbee/payload_ram/mem_reg[17][0]
  Impl DFF        imp:/WORK/zigbee/payload_ram/mem_reg[17][0]

  Ref  DFF        ref:/WORK/zigbee/payload_ram/mem_reg[17][1]
  Impl DFF        imp:/WORK/zigbee/payload_ram/mem_reg[17][1]

  Ref  DFF        ref:/WORK/zigbee/payload_ram/mem_reg[17][2]
  Impl DFF        imp:/WORK/zigbee/payload_ram/mem_reg[17][2]

  Ref  DFF        ref:/WORK/zigbee/payload_ram/mem_reg[17][3]
  Impl DFF        imp:/WORK/zigbee/payload_ram/mem_reg[17][3]

  Ref  DFF        ref:/WORK/zigbee/payload_ram/mem_reg[17][4]
  Impl DFF        imp:/WORK/zigbee/payload_ram/mem_reg[17][4]

  Ref  DFF        ref:/WORK/zigbee/payload_ram/mem_reg[17][5]
  Impl DFF        imp:/WORK/zigbee/payload_ram/mem_reg[17][5]

  Ref  DFF        ref:/WORK/zigbee/payload_ram/mem_reg[17][6]
  Impl DFF        imp:/WORK/zigbee/payload_ram/mem_reg[17][6]

  Ref  DFF        ref:/WORK/zigbee/payload_ram/mem_reg[17][7]
  Impl DFF        imp:/WORK/zigbee/payload_ram/mem_reg[17][7]

  Ref  DFF        ref:/WORK/zigbee/payload_ram/mem_reg[18][0]
  Impl DFF        imp:/WORK/zigbee/payload_ram/mem_reg[18][0]

  Ref  DFF        ref:/WORK/zigbee/payload_ram/mem_reg[18][1]
  Impl DFF        imp:/WORK/zigbee/payload_ram/mem_reg[18][1]

  Ref  DFF        ref:/WORK/zigbee/payload_ram/mem_reg[18][2]
  Impl DFF        imp:/WORK/zigbee/payload_ram/mem_reg[18][2]

  Ref  DFF        ref:/WORK/zigbee/payload_ram/mem_reg[18][3]
  Impl DFF        imp:/WORK/zigbee/payload_ram/mem_reg[18][3]

  Ref  DFF        ref:/WORK/zigbee/payload_ram/mem_reg[18][4]
  Impl DFF        imp:/WORK/zigbee/payload_ram/mem_reg[18][4]

  Ref  DFF        ref:/WORK/zigbee/payload_ram/mem_reg[18][5]
  Impl DFF        imp:/WORK/zigbee/payload_ram/mem_reg[18][5]

  Ref  DFF        ref:/WORK/zigbee/payload_ram/mem_reg[18][6]
  Impl DFF        imp:/WORK/zigbee/payload_ram/mem_reg[18][6]

  Ref  DFF        ref:/WORK/zigbee/payload_ram/mem_reg[18][7]
  Impl DFF        imp:/WORK/zigbee/payload_ram/mem_reg[18][7]

  Ref  DFF        ref:/WORK/zigbee/payload_ram/mem_reg[19][0]
  Impl DFF        imp:/WORK/zigbee/payload_ram/mem_reg[19][0]

  Ref  DFF        ref:/WORK/zigbee/payload_ram/mem_reg[19][1]
  Impl DFF        imp:/WORK/zigbee/payload_ram/mem_reg[19][1]

  Ref  DFF        ref:/WORK/zigbee/payload_ram/mem_reg[19][2]
  Impl DFF        imp:/WORK/zigbee/payload_ram/mem_reg[19][2]

  Ref  DFF        ref:/WORK/zigbee/payload_ram/mem_reg[19][3]
  Impl DFF        imp:/WORK/zigbee/payload_ram/mem_reg[19][3]

  Ref  DFF        ref:/WORK/zigbee/payload_ram/mem_reg[19][4]
  Impl DFF        imp:/WORK/zigbee/payload_ram/mem_reg[19][4]

  Ref  DFF        ref:/WORK/zigbee/payload_ram/mem_reg[19][5]
  Impl DFF        imp:/WORK/zigbee/payload_ram/mem_reg[19][5]

  Ref  DFF        ref:/WORK/zigbee/payload_ram/mem_reg[19][6]
  Impl DFF        imp:/WORK/zigbee/payload_ram/mem_reg[19][6]

  Ref  DFF        ref:/WORK/zigbee/payload_ram/mem_reg[19][7]
  Impl DFF        imp:/WORK/zigbee/payload_ram/mem_reg[19][7]

  Ref  DFF        ref:/WORK/zigbee/payload_ram/mem_reg[1][0]
  Impl DFF        imp:/WORK/zigbee/payload_ram/mem_reg[1][0]

  Ref  DFF        ref:/WORK/zigbee/payload_ram/mem_reg[1][1]
  Impl DFF        imp:/WORK/zigbee/payload_ram/mem_reg[1][1]

  Ref  DFF        ref:/WORK/zigbee/payload_ram/mem_reg[1][2]
  Impl DFF        imp:/WORK/zigbee/payload_ram/mem_reg[1][2]

  Ref  DFF        ref:/WORK/zigbee/payload_ram/mem_reg[1][3]
  Impl DFF        imp:/WORK/zigbee/payload_ram/mem_reg[1][3]

  Ref  DFF        ref:/WORK/zigbee/payload_ram/mem_reg[1][4]
  Impl DFF        imp:/WORK/zigbee/payload_ram/mem_reg[1][4]

  Ref  DFF        ref:/WORK/zigbee/payload_ram/mem_reg[1][5]
  Impl DFF        imp:/WORK/zigbee/payload_ram/mem_reg[1][5]

  Ref  DFF        ref:/WORK/zigbee/payload_ram/mem_reg[1][6]
  Impl DFF        imp:/WORK/zigbee/payload_ram/mem_reg[1][6]

  Ref  DFF        ref:/WORK/zigbee/payload_ram/mem_reg[1][7]
  Impl DFF        imp:/WORK/zigbee/payload_ram/mem_reg[1][7]

  Ref  DFF        ref:/WORK/zigbee/payload_ram/mem_reg[20][0]
  Impl DFF        imp:/WORK/zigbee/payload_ram/mem_reg[20][0]

  Ref  DFF        ref:/WORK/zigbee/payload_ram/mem_reg[20][1]
  Impl DFF        imp:/WORK/zigbee/payload_ram/mem_reg[20][1]

  Ref  DFF        ref:/WORK/zigbee/payload_ram/mem_reg[20][2]
  Impl DFF        imp:/WORK/zigbee/payload_ram/mem_reg[20][2]

  Ref  DFF        ref:/WORK/zigbee/payload_ram/mem_reg[20][3]
  Impl DFF        imp:/WORK/zigbee/payload_ram/mem_reg[20][3]

  Ref  DFF        ref:/WORK/zigbee/payload_ram/mem_reg[20][4]
  Impl DFF        imp:/WORK/zigbee/payload_ram/mem_reg[20][4]

  Ref  DFF        ref:/WORK/zigbee/payload_ram/mem_reg[20][5]
  Impl DFF        imp:/WORK/zigbee/payload_ram/mem_reg[20][5]

  Ref  DFF        ref:/WORK/zigbee/payload_ram/mem_reg[20][6]
  Impl DFF        imp:/WORK/zigbee/payload_ram/mem_reg[20][6]

  Ref  DFF        ref:/WORK/zigbee/payload_ram/mem_reg[20][7]
  Impl DFF        imp:/WORK/zigbee/payload_ram/mem_reg[20][7]

  Ref  DFF        ref:/WORK/zigbee/payload_ram/mem_reg[21][0]
  Impl DFF        imp:/WORK/zigbee/payload_ram/mem_reg[21][0]

  Ref  DFF        ref:/WORK/zigbee/payload_ram/mem_reg[21][1]
  Impl DFF        imp:/WORK/zigbee/payload_ram/mem_reg[21][1]

  Ref  DFF        ref:/WORK/zigbee/payload_ram/mem_reg[21][2]
  Impl DFF        imp:/WORK/zigbee/payload_ram/mem_reg[21][2]

  Ref  DFF        ref:/WORK/zigbee/payload_ram/mem_reg[21][3]
  Impl DFF        imp:/WORK/zigbee/payload_ram/mem_reg[21][3]

  Ref  DFF        ref:/WORK/zigbee/payload_ram/mem_reg[21][4]
  Impl DFF        imp:/WORK/zigbee/payload_ram/mem_reg[21][4]

  Ref  DFF        ref:/WORK/zigbee/payload_ram/mem_reg[21][5]
  Impl DFF        imp:/WORK/zigbee/payload_ram/mem_reg[21][5]

  Ref  DFF        ref:/WORK/zigbee/payload_ram/mem_reg[21][6]
  Impl DFF        imp:/WORK/zigbee/payload_ram/mem_reg[21][6]

  Ref  DFF        ref:/WORK/zigbee/payload_ram/mem_reg[21][7]
  Impl DFF        imp:/WORK/zigbee/payload_ram/mem_reg[21][7]

  Ref  DFF        ref:/WORK/zigbee/payload_ram/mem_reg[22][0]
  Impl DFF        imp:/WORK/zigbee/payload_ram/mem_reg[22][0]

  Ref  DFF        ref:/WORK/zigbee/payload_ram/mem_reg[22][1]
  Impl DFF        imp:/WORK/zigbee/payload_ram/mem_reg[22][1]

  Ref  DFF        ref:/WORK/zigbee/payload_ram/mem_reg[22][2]
  Impl DFF        imp:/WORK/zigbee/payload_ram/mem_reg[22][2]

  Ref  DFF        ref:/WORK/zigbee/payload_ram/mem_reg[22][3]
  Impl DFF        imp:/WORK/zigbee/payload_ram/mem_reg[22][3]

  Ref  DFF        ref:/WORK/zigbee/payload_ram/mem_reg[22][4]
  Impl DFF        imp:/WORK/zigbee/payload_ram/mem_reg[22][4]

  Ref  DFF        ref:/WORK/zigbee/payload_ram/mem_reg[22][5]
  Impl DFF        imp:/WORK/zigbee/payload_ram/mem_reg[22][5]

  Ref  DFF        ref:/WORK/zigbee/payload_ram/mem_reg[22][6]
  Impl DFF        imp:/WORK/zigbee/payload_ram/mem_reg[22][6]

  Ref  DFF        ref:/WORK/zigbee/payload_ram/mem_reg[22][7]
  Impl DFF        imp:/WORK/zigbee/payload_ram/mem_reg[22][7]

  Ref  DFF        ref:/WORK/zigbee/payload_ram/mem_reg[23][0]
  Impl DFF        imp:/WORK/zigbee/payload_ram/mem_reg[23][0]

  Ref  DFF        ref:/WORK/zigbee/payload_ram/mem_reg[23][1]
  Impl DFF        imp:/WORK/zigbee/payload_ram/mem_reg[23][1]

  Ref  DFF        ref:/WORK/zigbee/payload_ram/mem_reg[23][2]
  Impl DFF        imp:/WORK/zigbee/payload_ram/mem_reg[23][2]

  Ref  DFF        ref:/WORK/zigbee/payload_ram/mem_reg[23][3]
  Impl DFF        imp:/WORK/zigbee/payload_ram/mem_reg[23][3]

  Ref  DFF        ref:/WORK/zigbee/payload_ram/mem_reg[23][4]
  Impl DFF        imp:/WORK/zigbee/payload_ram/mem_reg[23][4]

  Ref  DFF        ref:/WORK/zigbee/payload_ram/mem_reg[23][5]
  Impl DFF        imp:/WORK/zigbee/payload_ram/mem_reg[23][5]

  Ref  DFF        ref:/WORK/zigbee/payload_ram/mem_reg[23][6]
  Impl DFF        imp:/WORK/zigbee/payload_ram/mem_reg[23][6]

  Ref  DFF        ref:/WORK/zigbee/payload_ram/mem_reg[23][7]
  Impl DFF        imp:/WORK/zigbee/payload_ram/mem_reg[23][7]

  Ref  DFF        ref:/WORK/zigbee/payload_ram/mem_reg[24][0]
  Impl DFF        imp:/WORK/zigbee/payload_ram/mem_reg[24][0]

  Ref  DFF        ref:/WORK/zigbee/payload_ram/mem_reg[24][1]
  Impl DFF        imp:/WORK/zigbee/payload_ram/mem_reg[24][1]

  Ref  DFF        ref:/WORK/zigbee/payload_ram/mem_reg[24][2]
  Impl DFF        imp:/WORK/zigbee/payload_ram/mem_reg[24][2]

  Ref  DFF        ref:/WORK/zigbee/payload_ram/mem_reg[24][3]
  Impl DFF        imp:/WORK/zigbee/payload_ram/mem_reg[24][3]

  Ref  DFF        ref:/WORK/zigbee/payload_ram/mem_reg[24][4]
  Impl DFF        imp:/WORK/zigbee/payload_ram/mem_reg[24][4]

  Ref  DFF        ref:/WORK/zigbee/payload_ram/mem_reg[24][5]
  Impl DFF        imp:/WORK/zigbee/payload_ram/mem_reg[24][5]

  Ref  DFF        ref:/WORK/zigbee/payload_ram/mem_reg[24][6]
  Impl DFF        imp:/WORK/zigbee/payload_ram/mem_reg[24][6]

  Ref  DFF        ref:/WORK/zigbee/payload_ram/mem_reg[24][7]
  Impl DFF        imp:/WORK/zigbee/payload_ram/mem_reg[24][7]

  Ref  DFF        ref:/WORK/zigbee/payload_ram/mem_reg[25][0]
  Impl DFF        imp:/WORK/zigbee/payload_ram/mem_reg[25][0]

  Ref  DFF        ref:/WORK/zigbee/payload_ram/mem_reg[25][1]
  Impl DFF        imp:/WORK/zigbee/payload_ram/mem_reg[25][1]

  Ref  DFF        ref:/WORK/zigbee/payload_ram/mem_reg[25][2]
  Impl DFF        imp:/WORK/zigbee/payload_ram/mem_reg[25][2]

  Ref  DFF        ref:/WORK/zigbee/payload_ram/mem_reg[25][3]
  Impl DFF        imp:/WORK/zigbee/payload_ram/mem_reg[25][3]

  Ref  DFF        ref:/WORK/zigbee/payload_ram/mem_reg[25][4]
  Impl DFF        imp:/WORK/zigbee/payload_ram/mem_reg[25][4]

  Ref  DFF        ref:/WORK/zigbee/payload_ram/mem_reg[25][5]
  Impl DFF        imp:/WORK/zigbee/payload_ram/mem_reg[25][5]

  Ref  DFF        ref:/WORK/zigbee/payload_ram/mem_reg[25][6]
  Impl DFF        imp:/WORK/zigbee/payload_ram/mem_reg[25][6]

  Ref  DFF        ref:/WORK/zigbee/payload_ram/mem_reg[25][7]
  Impl DFF        imp:/WORK/zigbee/payload_ram/mem_reg[25][7]

  Ref  DFF        ref:/WORK/zigbee/payload_ram/mem_reg[26][0]
  Impl DFF        imp:/WORK/zigbee/payload_ram/mem_reg[26][0]

  Ref  DFF        ref:/WORK/zigbee/payload_ram/mem_reg[26][1]
  Impl DFF        imp:/WORK/zigbee/payload_ram/mem_reg[26][1]

  Ref  DFF        ref:/WORK/zigbee/payload_ram/mem_reg[26][2]
  Impl DFF        imp:/WORK/zigbee/payload_ram/mem_reg[26][2]

  Ref  DFF        ref:/WORK/zigbee/payload_ram/mem_reg[26][3]
  Impl DFF        imp:/WORK/zigbee/payload_ram/mem_reg[26][3]

  Ref  DFF        ref:/WORK/zigbee/payload_ram/mem_reg[26][4]
  Impl DFF        imp:/WORK/zigbee/payload_ram/mem_reg[26][4]

  Ref  DFF        ref:/WORK/zigbee/payload_ram/mem_reg[26][5]
  Impl DFF        imp:/WORK/zigbee/payload_ram/mem_reg[26][5]

  Ref  DFF        ref:/WORK/zigbee/payload_ram/mem_reg[26][6]
  Impl DFF        imp:/WORK/zigbee/payload_ram/mem_reg[26][6]

  Ref  DFF        ref:/WORK/zigbee/payload_ram/mem_reg[26][7]
  Impl DFF        imp:/WORK/zigbee/payload_ram/mem_reg[26][7]

  Ref  DFF        ref:/WORK/zigbee/payload_ram/mem_reg[27][0]
  Impl DFF        imp:/WORK/zigbee/payload_ram/mem_reg[27][0]

  Ref  DFF        ref:/WORK/zigbee/payload_ram/mem_reg[27][1]
  Impl DFF        imp:/WORK/zigbee/payload_ram/mem_reg[27][1]

  Ref  DFF        ref:/WORK/zigbee/payload_ram/mem_reg[27][2]
  Impl DFF        imp:/WORK/zigbee/payload_ram/mem_reg[27][2]

  Ref  DFF        ref:/WORK/zigbee/payload_ram/mem_reg[27][3]
  Impl DFF        imp:/WORK/zigbee/payload_ram/mem_reg[27][3]

  Ref  DFF        ref:/WORK/zigbee/payload_ram/mem_reg[27][4]
  Impl DFF        imp:/WORK/zigbee/payload_ram/mem_reg[27][4]

  Ref  DFF        ref:/WORK/zigbee/payload_ram/mem_reg[27][5]
  Impl DFF        imp:/WORK/zigbee/payload_ram/mem_reg[27][5]

  Ref  DFF        ref:/WORK/zigbee/payload_ram/mem_reg[27][6]
  Impl DFF        imp:/WORK/zigbee/payload_ram/mem_reg[27][6]

  Ref  DFF        ref:/WORK/zigbee/payload_ram/mem_reg[27][7]
  Impl DFF        imp:/WORK/zigbee/payload_ram/mem_reg[27][7]

  Ref  DFF        ref:/WORK/zigbee/payload_ram/mem_reg[28][0]
  Impl DFF        imp:/WORK/zigbee/payload_ram/mem_reg[28][0]

  Ref  DFF        ref:/WORK/zigbee/payload_ram/mem_reg[28][1]
  Impl DFF        imp:/WORK/zigbee/payload_ram/mem_reg[28][1]

  Ref  DFF        ref:/WORK/zigbee/payload_ram/mem_reg[28][2]
  Impl DFF        imp:/WORK/zigbee/payload_ram/mem_reg[28][2]

  Ref  DFF        ref:/WORK/zigbee/payload_ram/mem_reg[28][3]
  Impl DFF        imp:/WORK/zigbee/payload_ram/mem_reg[28][3]

  Ref  DFF        ref:/WORK/zigbee/payload_ram/mem_reg[28][4]
  Impl DFF        imp:/WORK/zigbee/payload_ram/mem_reg[28][4]

  Ref  DFF        ref:/WORK/zigbee/payload_ram/mem_reg[28][5]
  Impl DFF        imp:/WORK/zigbee/payload_ram/mem_reg[28][5]

  Ref  DFF        ref:/WORK/zigbee/payload_ram/mem_reg[28][6]
  Impl DFF        imp:/WORK/zigbee/payload_ram/mem_reg[28][6]

  Ref  DFF        ref:/WORK/zigbee/payload_ram/mem_reg[28][7]
  Impl DFF        imp:/WORK/zigbee/payload_ram/mem_reg[28][7]

  Ref  DFF        ref:/WORK/zigbee/payload_ram/mem_reg[29][0]
  Impl DFF        imp:/WORK/zigbee/payload_ram/mem_reg[29][0]

  Ref  DFF        ref:/WORK/zigbee/payload_ram/mem_reg[29][1]
  Impl DFF        imp:/WORK/zigbee/payload_ram/mem_reg[29][1]

  Ref  DFF        ref:/WORK/zigbee/payload_ram/mem_reg[29][2]
  Impl DFF        imp:/WORK/zigbee/payload_ram/mem_reg[29][2]

  Ref  DFF        ref:/WORK/zigbee/payload_ram/mem_reg[29][3]
  Impl DFF        imp:/WORK/zigbee/payload_ram/mem_reg[29][3]

  Ref  DFF        ref:/WORK/zigbee/payload_ram/mem_reg[29][4]
  Impl DFF        imp:/WORK/zigbee/payload_ram/mem_reg[29][4]

  Ref  DFF        ref:/WORK/zigbee/payload_ram/mem_reg[29][5]
  Impl DFF        imp:/WORK/zigbee/payload_ram/mem_reg[29][5]

  Ref  DFF        ref:/WORK/zigbee/payload_ram/mem_reg[29][6]
  Impl DFF        imp:/WORK/zigbee/payload_ram/mem_reg[29][6]

  Ref  DFF        ref:/WORK/zigbee/payload_ram/mem_reg[29][7]
  Impl DFF        imp:/WORK/zigbee/payload_ram/mem_reg[29][7]

  Ref  DFF        ref:/WORK/zigbee/payload_ram/mem_reg[2][0]
  Impl DFF        imp:/WORK/zigbee/payload_ram/mem_reg[2][0]

  Ref  DFF        ref:/WORK/zigbee/payload_ram/mem_reg[2][1]
  Impl DFF        imp:/WORK/zigbee/payload_ram/mem_reg[2][1]

  Ref  DFF        ref:/WORK/zigbee/payload_ram/mem_reg[2][2]
  Impl DFF        imp:/WORK/zigbee/payload_ram/mem_reg[2][2]

  Ref  DFF        ref:/WORK/zigbee/payload_ram/mem_reg[2][3]
  Impl DFF        imp:/WORK/zigbee/payload_ram/mem_reg[2][3]

  Ref  DFF        ref:/WORK/zigbee/payload_ram/mem_reg[2][4]
  Impl DFF        imp:/WORK/zigbee/payload_ram/mem_reg[2][4]

  Ref  DFF        ref:/WORK/zigbee/payload_ram/mem_reg[2][5]
  Impl DFF        imp:/WORK/zigbee/payload_ram/mem_reg[2][5]

  Ref  DFF        ref:/WORK/zigbee/payload_ram/mem_reg[2][6]
  Impl DFF        imp:/WORK/zigbee/payload_ram/mem_reg[2][6]

  Ref  DFF        ref:/WORK/zigbee/payload_ram/mem_reg[2][7]
  Impl DFF        imp:/WORK/zigbee/payload_ram/mem_reg[2][7]

  Ref  DFF        ref:/WORK/zigbee/payload_ram/mem_reg[30][0]
  Impl DFF        imp:/WORK/zigbee/payload_ram/mem_reg[30][0]

  Ref  DFF        ref:/WORK/zigbee/payload_ram/mem_reg[30][1]
  Impl DFF        imp:/WORK/zigbee/payload_ram/mem_reg[30][1]

  Ref  DFF        ref:/WORK/zigbee/payload_ram/mem_reg[30][2]
  Impl DFF        imp:/WORK/zigbee/payload_ram/mem_reg[30][2]

  Ref  DFF        ref:/WORK/zigbee/payload_ram/mem_reg[30][3]
  Impl DFF        imp:/WORK/zigbee/payload_ram/mem_reg[30][3]

  Ref  DFF        ref:/WORK/zigbee/payload_ram/mem_reg[30][4]
  Impl DFF        imp:/WORK/zigbee/payload_ram/mem_reg[30][4]

  Ref  DFF        ref:/WORK/zigbee/payload_ram/mem_reg[30][5]
  Impl DFF        imp:/WORK/zigbee/payload_ram/mem_reg[30][5]

  Ref  DFF        ref:/WORK/zigbee/payload_ram/mem_reg[30][6]
  Impl DFF        imp:/WORK/zigbee/payload_ram/mem_reg[30][6]

  Ref  DFF        ref:/WORK/zigbee/payload_ram/mem_reg[30][7]
  Impl DFF        imp:/WORK/zigbee/payload_ram/mem_reg[30][7]

  Ref  DFF        ref:/WORK/zigbee/payload_ram/mem_reg[31][0]
  Impl DFF        imp:/WORK/zigbee/payload_ram/mem_reg[31][0]

  Ref  DFF        ref:/WORK/zigbee/payload_ram/mem_reg[31][1]
  Impl DFF        imp:/WORK/zigbee/payload_ram/mem_reg[31][1]

  Ref  DFF        ref:/WORK/zigbee/payload_ram/mem_reg[31][2]
  Impl DFF        imp:/WORK/zigbee/payload_ram/mem_reg[31][2]

  Ref  DFF        ref:/WORK/zigbee/payload_ram/mem_reg[31][3]
  Impl DFF        imp:/WORK/zigbee/payload_ram/mem_reg[31][3]

  Ref  DFF        ref:/WORK/zigbee/payload_ram/mem_reg[31][4]
  Impl DFF        imp:/WORK/zigbee/payload_ram/mem_reg[31][4]

  Ref  DFF        ref:/WORK/zigbee/payload_ram/mem_reg[31][5]
  Impl DFF        imp:/WORK/zigbee/payload_ram/mem_reg[31][5]

  Ref  DFF        ref:/WORK/zigbee/payload_ram/mem_reg[31][6]
  Impl DFF        imp:/WORK/zigbee/payload_ram/mem_reg[31][6]

  Ref  DFF        ref:/WORK/zigbee/payload_ram/mem_reg[31][7]
  Impl DFF        imp:/WORK/zigbee/payload_ram/mem_reg[31][7]

  Ref  DFF        ref:/WORK/zigbee/payload_ram/mem_reg[32][0]
  Impl DFF        imp:/WORK/zigbee/payload_ram/mem_reg[32][0]

  Ref  DFF        ref:/WORK/zigbee/payload_ram/mem_reg[32][1]
  Impl DFF        imp:/WORK/zigbee/payload_ram/mem_reg[32][1]

  Ref  DFF        ref:/WORK/zigbee/payload_ram/mem_reg[32][2]
  Impl DFF        imp:/WORK/zigbee/payload_ram/mem_reg[32][2]

  Ref  DFF        ref:/WORK/zigbee/payload_ram/mem_reg[32][3]
  Impl DFF        imp:/WORK/zigbee/payload_ram/mem_reg[32][3]

  Ref  DFF        ref:/WORK/zigbee/payload_ram/mem_reg[32][4]
  Impl DFF        imp:/WORK/zigbee/payload_ram/mem_reg[32][4]

  Ref  DFF        ref:/WORK/zigbee/payload_ram/mem_reg[32][5]
  Impl DFF        imp:/WORK/zigbee/payload_ram/mem_reg[32][5]

  Ref  DFF        ref:/WORK/zigbee/payload_ram/mem_reg[32][6]
  Impl DFF        imp:/WORK/zigbee/payload_ram/mem_reg[32][6]

  Ref  DFF        ref:/WORK/zigbee/payload_ram/mem_reg[32][7]
  Impl DFF        imp:/WORK/zigbee/payload_ram/mem_reg[32][7]

  Ref  DFF        ref:/WORK/zigbee/payload_ram/mem_reg[33][0]
  Impl DFF        imp:/WORK/zigbee/payload_ram/mem_reg[33][0]

  Ref  DFF        ref:/WORK/zigbee/payload_ram/mem_reg[33][1]
  Impl DFF        imp:/WORK/zigbee/payload_ram/mem_reg[33][1]

  Ref  DFF        ref:/WORK/zigbee/payload_ram/mem_reg[33][2]
  Impl DFF        imp:/WORK/zigbee/payload_ram/mem_reg[33][2]

  Ref  DFF        ref:/WORK/zigbee/payload_ram/mem_reg[33][3]
  Impl DFF        imp:/WORK/zigbee/payload_ram/mem_reg[33][3]

  Ref  DFF        ref:/WORK/zigbee/payload_ram/mem_reg[33][4]
  Impl DFF        imp:/WORK/zigbee/payload_ram/mem_reg[33][4]

  Ref  DFF        ref:/WORK/zigbee/payload_ram/mem_reg[33][5]
  Impl DFF        imp:/WORK/zigbee/payload_ram/mem_reg[33][5]

  Ref  DFF        ref:/WORK/zigbee/payload_ram/mem_reg[33][6]
  Impl DFF        imp:/WORK/zigbee/payload_ram/mem_reg[33][6]

  Ref  DFF        ref:/WORK/zigbee/payload_ram/mem_reg[33][7]
  Impl DFF        imp:/WORK/zigbee/payload_ram/mem_reg[33][7]

  Ref  DFF        ref:/WORK/zigbee/payload_ram/mem_reg[34][0]
  Impl DFF        imp:/WORK/zigbee/payload_ram/mem_reg[34][0]

  Ref  DFF        ref:/WORK/zigbee/payload_ram/mem_reg[34][1]
  Impl DFF        imp:/WORK/zigbee/payload_ram/mem_reg[34][1]

  Ref  DFF        ref:/WORK/zigbee/payload_ram/mem_reg[34][2]
  Impl DFF        imp:/WORK/zigbee/payload_ram/mem_reg[34][2]

  Ref  DFF        ref:/WORK/zigbee/payload_ram/mem_reg[34][3]
  Impl DFF        imp:/WORK/zigbee/payload_ram/mem_reg[34][3]

  Ref  DFF        ref:/WORK/zigbee/payload_ram/mem_reg[34][4]
  Impl DFF        imp:/WORK/zigbee/payload_ram/mem_reg[34][4]

  Ref  DFF        ref:/WORK/zigbee/payload_ram/mem_reg[34][5]
  Impl DFF        imp:/WORK/zigbee/payload_ram/mem_reg[34][5]

  Ref  DFF        ref:/WORK/zigbee/payload_ram/mem_reg[34][6]
  Impl DFF        imp:/WORK/zigbee/payload_ram/mem_reg[34][6]

  Ref  DFF        ref:/WORK/zigbee/payload_ram/mem_reg[34][7]
  Impl DFF        imp:/WORK/zigbee/payload_ram/mem_reg[34][7]

  Ref  DFF        ref:/WORK/zigbee/payload_ram/mem_reg[35][0]
  Impl DFF        imp:/WORK/zigbee/payload_ram/mem_reg[35][0]

  Ref  DFF        ref:/WORK/zigbee/payload_ram/mem_reg[35][1]
  Impl DFF        imp:/WORK/zigbee/payload_ram/mem_reg[35][1]

  Ref  DFF        ref:/WORK/zigbee/payload_ram/mem_reg[35][2]
  Impl DFF        imp:/WORK/zigbee/payload_ram/mem_reg[35][2]

  Ref  DFF        ref:/WORK/zigbee/payload_ram/mem_reg[35][3]
  Impl DFF        imp:/WORK/zigbee/payload_ram/mem_reg[35][3]

  Ref  DFF        ref:/WORK/zigbee/payload_ram/mem_reg[35][4]
  Impl DFF        imp:/WORK/zigbee/payload_ram/mem_reg[35][4]

  Ref  DFF        ref:/WORK/zigbee/payload_ram/mem_reg[35][5]
  Impl DFF        imp:/WORK/zigbee/payload_ram/mem_reg[35][5]

  Ref  DFF        ref:/WORK/zigbee/payload_ram/mem_reg[35][6]
  Impl DFF        imp:/WORK/zigbee/payload_ram/mem_reg[35][6]

  Ref  DFF        ref:/WORK/zigbee/payload_ram/mem_reg[35][7]
  Impl DFF        imp:/WORK/zigbee/payload_ram/mem_reg[35][7]

  Ref  DFF        ref:/WORK/zigbee/payload_ram/mem_reg[36][0]
  Impl DFF        imp:/WORK/zigbee/payload_ram/mem_reg[36][0]

  Ref  DFF        ref:/WORK/zigbee/payload_ram/mem_reg[36][1]
  Impl DFF        imp:/WORK/zigbee/payload_ram/mem_reg[36][1]

  Ref  DFF        ref:/WORK/zigbee/payload_ram/mem_reg[36][2]
  Impl DFF        imp:/WORK/zigbee/payload_ram/mem_reg[36][2]

  Ref  DFF        ref:/WORK/zigbee/payload_ram/mem_reg[36][3]
  Impl DFF        imp:/WORK/zigbee/payload_ram/mem_reg[36][3]

  Ref  DFF        ref:/WORK/zigbee/payload_ram/mem_reg[36][4]
  Impl DFF        imp:/WORK/zigbee/payload_ram/mem_reg[36][4]

  Ref  DFF        ref:/WORK/zigbee/payload_ram/mem_reg[36][5]
  Impl DFF        imp:/WORK/zigbee/payload_ram/mem_reg[36][5]

  Ref  DFF        ref:/WORK/zigbee/payload_ram/mem_reg[36][6]
  Impl DFF        imp:/WORK/zigbee/payload_ram/mem_reg[36][6]

  Ref  DFF        ref:/WORK/zigbee/payload_ram/mem_reg[36][7]
  Impl DFF        imp:/WORK/zigbee/payload_ram/mem_reg[36][7]

  Ref  DFF        ref:/WORK/zigbee/payload_ram/mem_reg[37][0]
  Impl DFF        imp:/WORK/zigbee/payload_ram/mem_reg[37][0]

  Ref  DFF        ref:/WORK/zigbee/payload_ram/mem_reg[37][1]
  Impl DFF        imp:/WORK/zigbee/payload_ram/mem_reg[37][1]

  Ref  DFF        ref:/WORK/zigbee/payload_ram/mem_reg[37][2]
  Impl DFF        imp:/WORK/zigbee/payload_ram/mem_reg[37][2]

  Ref  DFF        ref:/WORK/zigbee/payload_ram/mem_reg[37][3]
  Impl DFF        imp:/WORK/zigbee/payload_ram/mem_reg[37][3]

  Ref  DFF        ref:/WORK/zigbee/payload_ram/mem_reg[37][4]
  Impl DFF        imp:/WORK/zigbee/payload_ram/mem_reg[37][4]

  Ref  DFF        ref:/WORK/zigbee/payload_ram/mem_reg[37][5]
  Impl DFF        imp:/WORK/zigbee/payload_ram/mem_reg[37][5]

  Ref  DFF        ref:/WORK/zigbee/payload_ram/mem_reg[37][6]
  Impl DFF        imp:/WORK/zigbee/payload_ram/mem_reg[37][6]

  Ref  DFF        ref:/WORK/zigbee/payload_ram/mem_reg[37][7]
  Impl DFF        imp:/WORK/zigbee/payload_ram/mem_reg[37][7]

  Ref  DFF        ref:/WORK/zigbee/payload_ram/mem_reg[38][0]
  Impl DFF        imp:/WORK/zigbee/payload_ram/mem_reg[38][0]

  Ref  DFF        ref:/WORK/zigbee/payload_ram/mem_reg[38][1]
  Impl DFF        imp:/WORK/zigbee/payload_ram/mem_reg[38][1]

  Ref  DFF        ref:/WORK/zigbee/payload_ram/mem_reg[38][2]
  Impl DFF        imp:/WORK/zigbee/payload_ram/mem_reg[38][2]

  Ref  DFF        ref:/WORK/zigbee/payload_ram/mem_reg[38][3]
  Impl DFF        imp:/WORK/zigbee/payload_ram/mem_reg[38][3]

  Ref  DFF        ref:/WORK/zigbee/payload_ram/mem_reg[38][4]
  Impl DFF        imp:/WORK/zigbee/payload_ram/mem_reg[38][4]

  Ref  DFF        ref:/WORK/zigbee/payload_ram/mem_reg[38][5]
  Impl DFF        imp:/WORK/zigbee/payload_ram/mem_reg[38][5]

  Ref  DFF        ref:/WORK/zigbee/payload_ram/mem_reg[38][6]
  Impl DFF        imp:/WORK/zigbee/payload_ram/mem_reg[38][6]

  Ref  DFF        ref:/WORK/zigbee/payload_ram/mem_reg[38][7]
  Impl DFF        imp:/WORK/zigbee/payload_ram/mem_reg[38][7]

  Ref  DFF        ref:/WORK/zigbee/payload_ram/mem_reg[39][0]
  Impl DFF        imp:/WORK/zigbee/payload_ram/mem_reg[39][0]

  Ref  DFF        ref:/WORK/zigbee/payload_ram/mem_reg[39][1]
  Impl DFF        imp:/WORK/zigbee/payload_ram/mem_reg[39][1]

  Ref  DFF        ref:/WORK/zigbee/payload_ram/mem_reg[39][2]
  Impl DFF        imp:/WORK/zigbee/payload_ram/mem_reg[39][2]

  Ref  DFF        ref:/WORK/zigbee/payload_ram/mem_reg[39][3]
  Impl DFF        imp:/WORK/zigbee/payload_ram/mem_reg[39][3]

  Ref  DFF        ref:/WORK/zigbee/payload_ram/mem_reg[39][4]
  Impl DFF        imp:/WORK/zigbee/payload_ram/mem_reg[39][4]

  Ref  DFF        ref:/WORK/zigbee/payload_ram/mem_reg[39][5]
  Impl DFF        imp:/WORK/zigbee/payload_ram/mem_reg[39][5]

  Ref  DFF        ref:/WORK/zigbee/payload_ram/mem_reg[39][6]
  Impl DFF        imp:/WORK/zigbee/payload_ram/mem_reg[39][6]

  Ref  DFF        ref:/WORK/zigbee/payload_ram/mem_reg[39][7]
  Impl DFF        imp:/WORK/zigbee/payload_ram/mem_reg[39][7]

  Ref  DFF        ref:/WORK/zigbee/payload_ram/mem_reg[3][0]
  Impl DFF        imp:/WORK/zigbee/payload_ram/mem_reg[3][0]

  Ref  DFF        ref:/WORK/zigbee/payload_ram/mem_reg[3][1]
  Impl DFF        imp:/WORK/zigbee/payload_ram/mem_reg[3][1]

  Ref  DFF        ref:/WORK/zigbee/payload_ram/mem_reg[3][2]
  Impl DFF        imp:/WORK/zigbee/payload_ram/mem_reg[3][2]

  Ref  DFF        ref:/WORK/zigbee/payload_ram/mem_reg[3][3]
  Impl DFF        imp:/WORK/zigbee/payload_ram/mem_reg[3][3]

  Ref  DFF        ref:/WORK/zigbee/payload_ram/mem_reg[3][4]
  Impl DFF        imp:/WORK/zigbee/payload_ram/mem_reg[3][4]

  Ref  DFF        ref:/WORK/zigbee/payload_ram/mem_reg[3][5]
  Impl DFF        imp:/WORK/zigbee/payload_ram/mem_reg[3][5]

  Ref  DFF        ref:/WORK/zigbee/payload_ram/mem_reg[3][6]
  Impl DFF        imp:/WORK/zigbee/payload_ram/mem_reg[3][6]

  Ref  DFF        ref:/WORK/zigbee/payload_ram/mem_reg[3][7]
  Impl DFF        imp:/WORK/zigbee/payload_ram/mem_reg[3][7]

  Ref  DFF        ref:/WORK/zigbee/payload_ram/mem_reg[40][0]
  Impl DFF        imp:/WORK/zigbee/payload_ram/mem_reg[40][0]

  Ref  DFF        ref:/WORK/zigbee/payload_ram/mem_reg[40][1]
  Impl DFF        imp:/WORK/zigbee/payload_ram/mem_reg[40][1]

  Ref  DFF        ref:/WORK/zigbee/payload_ram/mem_reg[40][2]
  Impl DFF        imp:/WORK/zigbee/payload_ram/mem_reg[40][2]

  Ref  DFF        ref:/WORK/zigbee/payload_ram/mem_reg[40][3]
  Impl DFF        imp:/WORK/zigbee/payload_ram/mem_reg[40][3]

  Ref  DFF        ref:/WORK/zigbee/payload_ram/mem_reg[40][4]
  Impl DFF        imp:/WORK/zigbee/payload_ram/mem_reg[40][4]

  Ref  DFF        ref:/WORK/zigbee/payload_ram/mem_reg[40][5]
  Impl DFF        imp:/WORK/zigbee/payload_ram/mem_reg[40][5]

  Ref  DFF        ref:/WORK/zigbee/payload_ram/mem_reg[40][6]
  Impl DFF        imp:/WORK/zigbee/payload_ram/mem_reg[40][6]

  Ref  DFF        ref:/WORK/zigbee/payload_ram/mem_reg[40][7]
  Impl DFF        imp:/WORK/zigbee/payload_ram/mem_reg[40][7]

  Ref  DFF        ref:/WORK/zigbee/payload_ram/mem_reg[41][0]
  Impl DFF        imp:/WORK/zigbee/payload_ram/mem_reg[41][0]

  Ref  DFF        ref:/WORK/zigbee/payload_ram/mem_reg[41][1]
  Impl DFF        imp:/WORK/zigbee/payload_ram/mem_reg[41][1]

  Ref  DFF        ref:/WORK/zigbee/payload_ram/mem_reg[41][2]
  Impl DFF        imp:/WORK/zigbee/payload_ram/mem_reg[41][2]

  Ref  DFF        ref:/WORK/zigbee/payload_ram/mem_reg[41][3]
  Impl DFF        imp:/WORK/zigbee/payload_ram/mem_reg[41][3]

  Ref  DFF        ref:/WORK/zigbee/payload_ram/mem_reg[41][4]
  Impl DFF        imp:/WORK/zigbee/payload_ram/mem_reg[41][4]

  Ref  DFF        ref:/WORK/zigbee/payload_ram/mem_reg[41][5]
  Impl DFF        imp:/WORK/zigbee/payload_ram/mem_reg[41][5]

  Ref  DFF        ref:/WORK/zigbee/payload_ram/mem_reg[41][6]
  Impl DFF        imp:/WORK/zigbee/payload_ram/mem_reg[41][6]

  Ref  DFF        ref:/WORK/zigbee/payload_ram/mem_reg[41][7]
  Impl DFF        imp:/WORK/zigbee/payload_ram/mem_reg[41][7]

  Ref  DFF        ref:/WORK/zigbee/payload_ram/mem_reg[42][0]
  Impl DFF        imp:/WORK/zigbee/payload_ram/mem_reg[42][0]

  Ref  DFF        ref:/WORK/zigbee/payload_ram/mem_reg[42][1]
  Impl DFF        imp:/WORK/zigbee/payload_ram/mem_reg[42][1]

  Ref  DFF        ref:/WORK/zigbee/payload_ram/mem_reg[42][2]
  Impl DFF        imp:/WORK/zigbee/payload_ram/mem_reg[42][2]

  Ref  DFF        ref:/WORK/zigbee/payload_ram/mem_reg[42][3]
  Impl DFF        imp:/WORK/zigbee/payload_ram/mem_reg[42][3]

  Ref  DFF        ref:/WORK/zigbee/payload_ram/mem_reg[42][4]
  Impl DFF        imp:/WORK/zigbee/payload_ram/mem_reg[42][4]

  Ref  DFF        ref:/WORK/zigbee/payload_ram/mem_reg[42][5]
  Impl DFF        imp:/WORK/zigbee/payload_ram/mem_reg[42][5]

  Ref  DFF        ref:/WORK/zigbee/payload_ram/mem_reg[42][6]
  Impl DFF        imp:/WORK/zigbee/payload_ram/mem_reg[42][6]

  Ref  DFF        ref:/WORK/zigbee/payload_ram/mem_reg[42][7]
  Impl DFF        imp:/WORK/zigbee/payload_ram/mem_reg[42][7]

  Ref  DFF        ref:/WORK/zigbee/payload_ram/mem_reg[43][0]
  Impl DFF        imp:/WORK/zigbee/payload_ram/mem_reg[43][0]

  Ref  DFF        ref:/WORK/zigbee/payload_ram/mem_reg[43][1]
  Impl DFF        imp:/WORK/zigbee/payload_ram/mem_reg[43][1]

  Ref  DFF        ref:/WORK/zigbee/payload_ram/mem_reg[43][2]
  Impl DFF        imp:/WORK/zigbee/payload_ram/mem_reg[43][2]

  Ref  DFF        ref:/WORK/zigbee/payload_ram/mem_reg[43][3]
  Impl DFF        imp:/WORK/zigbee/payload_ram/mem_reg[43][3]

  Ref  DFF        ref:/WORK/zigbee/payload_ram/mem_reg[43][4]
  Impl DFF        imp:/WORK/zigbee/payload_ram/mem_reg[43][4]

  Ref  DFF        ref:/WORK/zigbee/payload_ram/mem_reg[43][5]
  Impl DFF        imp:/WORK/zigbee/payload_ram/mem_reg[43][5]

  Ref  DFF        ref:/WORK/zigbee/payload_ram/mem_reg[43][6]
  Impl DFF        imp:/WORK/zigbee/payload_ram/mem_reg[43][6]

  Ref  DFF        ref:/WORK/zigbee/payload_ram/mem_reg[43][7]
  Impl DFF        imp:/WORK/zigbee/payload_ram/mem_reg[43][7]

  Ref  DFF        ref:/WORK/zigbee/payload_ram/mem_reg[44][0]
  Impl DFF        imp:/WORK/zigbee/payload_ram/mem_reg[44][0]

  Ref  DFF        ref:/WORK/zigbee/payload_ram/mem_reg[44][1]
  Impl DFF        imp:/WORK/zigbee/payload_ram/mem_reg[44][1]

  Ref  DFF        ref:/WORK/zigbee/payload_ram/mem_reg[44][2]
  Impl DFF        imp:/WORK/zigbee/payload_ram/mem_reg[44][2]

  Ref  DFF        ref:/WORK/zigbee/payload_ram/mem_reg[44][3]
  Impl DFF        imp:/WORK/zigbee/payload_ram/mem_reg[44][3]

  Ref  DFF        ref:/WORK/zigbee/payload_ram/mem_reg[44][4]
  Impl DFF        imp:/WORK/zigbee/payload_ram/mem_reg[44][4]

  Ref  DFF        ref:/WORK/zigbee/payload_ram/mem_reg[44][5]
  Impl DFF        imp:/WORK/zigbee/payload_ram/mem_reg[44][5]

  Ref  DFF        ref:/WORK/zigbee/payload_ram/mem_reg[44][6]
  Impl DFF        imp:/WORK/zigbee/payload_ram/mem_reg[44][6]

  Ref  DFF        ref:/WORK/zigbee/payload_ram/mem_reg[44][7]
  Impl DFF        imp:/WORK/zigbee/payload_ram/mem_reg[44][7]

  Ref  DFF        ref:/WORK/zigbee/payload_ram/mem_reg[45][0]
  Impl DFF        imp:/WORK/zigbee/payload_ram/mem_reg[45][0]

  Ref  DFF        ref:/WORK/zigbee/payload_ram/mem_reg[45][1]
  Impl DFF        imp:/WORK/zigbee/payload_ram/mem_reg[45][1]

  Ref  DFF        ref:/WORK/zigbee/payload_ram/mem_reg[45][2]
  Impl DFF        imp:/WORK/zigbee/payload_ram/mem_reg[45][2]

  Ref  DFF        ref:/WORK/zigbee/payload_ram/mem_reg[45][3]
  Impl DFF        imp:/WORK/zigbee/payload_ram/mem_reg[45][3]

  Ref  DFF        ref:/WORK/zigbee/payload_ram/mem_reg[45][4]
  Impl DFF        imp:/WORK/zigbee/payload_ram/mem_reg[45][4]

  Ref  DFF        ref:/WORK/zigbee/payload_ram/mem_reg[45][5]
  Impl DFF        imp:/WORK/zigbee/payload_ram/mem_reg[45][5]

  Ref  DFF        ref:/WORK/zigbee/payload_ram/mem_reg[45][6]
  Impl DFF        imp:/WORK/zigbee/payload_ram/mem_reg[45][6]

  Ref  DFF        ref:/WORK/zigbee/payload_ram/mem_reg[45][7]
  Impl DFF        imp:/WORK/zigbee/payload_ram/mem_reg[45][7]

  Ref  DFF        ref:/WORK/zigbee/payload_ram/mem_reg[46][0]
  Impl DFF        imp:/WORK/zigbee/payload_ram/mem_reg[46][0]

  Ref  DFF        ref:/WORK/zigbee/payload_ram/mem_reg[46][1]
  Impl DFF        imp:/WORK/zigbee/payload_ram/mem_reg[46][1]

  Ref  DFF        ref:/WORK/zigbee/payload_ram/mem_reg[46][2]
  Impl DFF        imp:/WORK/zigbee/payload_ram/mem_reg[46][2]

  Ref  DFF        ref:/WORK/zigbee/payload_ram/mem_reg[46][3]
  Impl DFF        imp:/WORK/zigbee/payload_ram/mem_reg[46][3]

  Ref  DFF        ref:/WORK/zigbee/payload_ram/mem_reg[46][4]
  Impl DFF        imp:/WORK/zigbee/payload_ram/mem_reg[46][4]

  Ref  DFF        ref:/WORK/zigbee/payload_ram/mem_reg[46][5]
  Impl DFF        imp:/WORK/zigbee/payload_ram/mem_reg[46][5]

  Ref  DFF        ref:/WORK/zigbee/payload_ram/mem_reg[46][6]
  Impl DFF        imp:/WORK/zigbee/payload_ram/mem_reg[46][6]

  Ref  DFF        ref:/WORK/zigbee/payload_ram/mem_reg[46][7]
  Impl DFF        imp:/WORK/zigbee/payload_ram/mem_reg[46][7]

  Ref  DFF        ref:/WORK/zigbee/payload_ram/mem_reg[47][0]
  Impl DFF        imp:/WORK/zigbee/payload_ram/mem_reg[47][0]

  Ref  DFF        ref:/WORK/zigbee/payload_ram/mem_reg[47][1]
  Impl DFF        imp:/WORK/zigbee/payload_ram/mem_reg[47][1]

  Ref  DFF        ref:/WORK/zigbee/payload_ram/mem_reg[47][2]
  Impl DFF        imp:/WORK/zigbee/payload_ram/mem_reg[47][2]

  Ref  DFF        ref:/WORK/zigbee/payload_ram/mem_reg[47][3]
  Impl DFF        imp:/WORK/zigbee/payload_ram/mem_reg[47][3]

  Ref  DFF        ref:/WORK/zigbee/payload_ram/mem_reg[47][4]
  Impl DFF        imp:/WORK/zigbee/payload_ram/mem_reg[47][4]

  Ref  DFF        ref:/WORK/zigbee/payload_ram/mem_reg[47][5]
  Impl DFF        imp:/WORK/zigbee/payload_ram/mem_reg[47][5]

  Ref  DFF        ref:/WORK/zigbee/payload_ram/mem_reg[47][6]
  Impl DFF        imp:/WORK/zigbee/payload_ram/mem_reg[47][6]

  Ref  DFF        ref:/WORK/zigbee/payload_ram/mem_reg[47][7]
  Impl DFF        imp:/WORK/zigbee/payload_ram/mem_reg[47][7]

  Ref  DFF        ref:/WORK/zigbee/payload_ram/mem_reg[48][0]
  Impl DFF        imp:/WORK/zigbee/payload_ram/mem_reg[48][0]

  Ref  DFF        ref:/WORK/zigbee/payload_ram/mem_reg[48][1]
  Impl DFF        imp:/WORK/zigbee/payload_ram/mem_reg[48][1]

  Ref  DFF        ref:/WORK/zigbee/payload_ram/mem_reg[48][2]
  Impl DFF        imp:/WORK/zigbee/payload_ram/mem_reg[48][2]

  Ref  DFF        ref:/WORK/zigbee/payload_ram/mem_reg[48][3]
  Impl DFF        imp:/WORK/zigbee/payload_ram/mem_reg[48][3]

  Ref  DFF        ref:/WORK/zigbee/payload_ram/mem_reg[48][4]
  Impl DFF        imp:/WORK/zigbee/payload_ram/mem_reg[48][4]

  Ref  DFF        ref:/WORK/zigbee/payload_ram/mem_reg[48][5]
  Impl DFF        imp:/WORK/zigbee/payload_ram/mem_reg[48][5]

  Ref  DFF        ref:/WORK/zigbee/payload_ram/mem_reg[48][6]
  Impl DFF        imp:/WORK/zigbee/payload_ram/mem_reg[48][6]

  Ref  DFF        ref:/WORK/zigbee/payload_ram/mem_reg[48][7]
  Impl DFF        imp:/WORK/zigbee/payload_ram/mem_reg[48][7]

  Ref  DFF        ref:/WORK/zigbee/payload_ram/mem_reg[49][0]
  Impl DFF        imp:/WORK/zigbee/payload_ram/mem_reg[49][0]

  Ref  DFF        ref:/WORK/zigbee/payload_ram/mem_reg[49][1]
  Impl DFF        imp:/WORK/zigbee/payload_ram/mem_reg[49][1]

  Ref  DFF        ref:/WORK/zigbee/payload_ram/mem_reg[49][2]
  Impl DFF        imp:/WORK/zigbee/payload_ram/mem_reg[49][2]

  Ref  DFF        ref:/WORK/zigbee/payload_ram/mem_reg[49][3]
  Impl DFF        imp:/WORK/zigbee/payload_ram/mem_reg[49][3]

  Ref  DFF        ref:/WORK/zigbee/payload_ram/mem_reg[49][4]
  Impl DFF        imp:/WORK/zigbee/payload_ram/mem_reg[49][4]

  Ref  DFF        ref:/WORK/zigbee/payload_ram/mem_reg[49][5]
  Impl DFF        imp:/WORK/zigbee/payload_ram/mem_reg[49][5]

  Ref  DFF        ref:/WORK/zigbee/payload_ram/mem_reg[49][6]
  Impl DFF        imp:/WORK/zigbee/payload_ram/mem_reg[49][6]

  Ref  DFF        ref:/WORK/zigbee/payload_ram/mem_reg[49][7]
  Impl DFF        imp:/WORK/zigbee/payload_ram/mem_reg[49][7]

  Ref  DFF        ref:/WORK/zigbee/payload_ram/mem_reg[4][0]
  Impl DFF        imp:/WORK/zigbee/payload_ram/mem_reg[4][0]

  Ref  DFF        ref:/WORK/zigbee/payload_ram/mem_reg[4][1]
  Impl DFF        imp:/WORK/zigbee/payload_ram/mem_reg[4][1]

  Ref  DFF        ref:/WORK/zigbee/payload_ram/mem_reg[4][2]
  Impl DFF        imp:/WORK/zigbee/payload_ram/mem_reg[4][2]

  Ref  DFF        ref:/WORK/zigbee/payload_ram/mem_reg[4][3]
  Impl DFF        imp:/WORK/zigbee/payload_ram/mem_reg[4][3]

  Ref  DFF        ref:/WORK/zigbee/payload_ram/mem_reg[4][4]
  Impl DFF        imp:/WORK/zigbee/payload_ram/mem_reg[4][4]

  Ref  DFF        ref:/WORK/zigbee/payload_ram/mem_reg[4][5]
  Impl DFF        imp:/WORK/zigbee/payload_ram/mem_reg[4][5]

  Ref  DFF        ref:/WORK/zigbee/payload_ram/mem_reg[4][6]
  Impl DFF        imp:/WORK/zigbee/payload_ram/mem_reg[4][6]

  Ref  DFF        ref:/WORK/zigbee/payload_ram/mem_reg[4][7]
  Impl DFF        imp:/WORK/zigbee/payload_ram/mem_reg[4][7]

  Ref  DFF        ref:/WORK/zigbee/payload_ram/mem_reg[50][0]
  Impl DFF        imp:/WORK/zigbee/payload_ram/mem_reg[50][0]

  Ref  DFF        ref:/WORK/zigbee/payload_ram/mem_reg[50][1]
  Impl DFF        imp:/WORK/zigbee/payload_ram/mem_reg[50][1]

  Ref  DFF        ref:/WORK/zigbee/payload_ram/mem_reg[50][2]
  Impl DFF        imp:/WORK/zigbee/payload_ram/mem_reg[50][2]

  Ref  DFF        ref:/WORK/zigbee/payload_ram/mem_reg[50][3]
  Impl DFF        imp:/WORK/zigbee/payload_ram/mem_reg[50][3]

  Ref  DFF        ref:/WORK/zigbee/payload_ram/mem_reg[50][4]
  Impl DFF        imp:/WORK/zigbee/payload_ram/mem_reg[50][4]

  Ref  DFF        ref:/WORK/zigbee/payload_ram/mem_reg[50][5]
  Impl DFF        imp:/WORK/zigbee/payload_ram/mem_reg[50][5]

  Ref  DFF        ref:/WORK/zigbee/payload_ram/mem_reg[50][6]
  Impl DFF        imp:/WORK/zigbee/payload_ram/mem_reg[50][6]

  Ref  DFF        ref:/WORK/zigbee/payload_ram/mem_reg[50][7]
  Impl DFF        imp:/WORK/zigbee/payload_ram/mem_reg[50][7]

  Ref  DFF        ref:/WORK/zigbee/payload_ram/mem_reg[51][0]
  Impl DFF        imp:/WORK/zigbee/payload_ram/mem_reg[51][0]

  Ref  DFF        ref:/WORK/zigbee/payload_ram/mem_reg[51][1]
  Impl DFF        imp:/WORK/zigbee/payload_ram/mem_reg[51][1]

  Ref  DFF        ref:/WORK/zigbee/payload_ram/mem_reg[51][2]
  Impl DFF        imp:/WORK/zigbee/payload_ram/mem_reg[51][2]

  Ref  DFF        ref:/WORK/zigbee/payload_ram/mem_reg[51][3]
  Impl DFF        imp:/WORK/zigbee/payload_ram/mem_reg[51][3]

  Ref  DFF        ref:/WORK/zigbee/payload_ram/mem_reg[51][4]
  Impl DFF        imp:/WORK/zigbee/payload_ram/mem_reg[51][4]

  Ref  DFF        ref:/WORK/zigbee/payload_ram/mem_reg[51][5]
  Impl DFF        imp:/WORK/zigbee/payload_ram/mem_reg[51][5]

  Ref  DFF        ref:/WORK/zigbee/payload_ram/mem_reg[51][6]
  Impl DFF        imp:/WORK/zigbee/payload_ram/mem_reg[51][6]

  Ref  DFF        ref:/WORK/zigbee/payload_ram/mem_reg[51][7]
  Impl DFF        imp:/WORK/zigbee/payload_ram/mem_reg[51][7]

  Ref  DFF        ref:/WORK/zigbee/payload_ram/mem_reg[52][0]
  Impl DFF        imp:/WORK/zigbee/payload_ram/mem_reg[52][0]

  Ref  DFF        ref:/WORK/zigbee/payload_ram/mem_reg[52][1]
  Impl DFF        imp:/WORK/zigbee/payload_ram/mem_reg[52][1]

  Ref  DFF        ref:/WORK/zigbee/payload_ram/mem_reg[52][2]
  Impl DFF        imp:/WORK/zigbee/payload_ram/mem_reg[52][2]

  Ref  DFF        ref:/WORK/zigbee/payload_ram/mem_reg[52][3]
  Impl DFF        imp:/WORK/zigbee/payload_ram/mem_reg[52][3]

  Ref  DFF        ref:/WORK/zigbee/payload_ram/mem_reg[52][4]
  Impl DFF        imp:/WORK/zigbee/payload_ram/mem_reg[52][4]

  Ref  DFF        ref:/WORK/zigbee/payload_ram/mem_reg[52][5]
  Impl DFF        imp:/WORK/zigbee/payload_ram/mem_reg[52][5]

  Ref  DFF        ref:/WORK/zigbee/payload_ram/mem_reg[52][6]
  Impl DFF        imp:/WORK/zigbee/payload_ram/mem_reg[52][6]

  Ref  DFF        ref:/WORK/zigbee/payload_ram/mem_reg[52][7]
  Impl DFF        imp:/WORK/zigbee/payload_ram/mem_reg[52][7]

  Ref  DFF        ref:/WORK/zigbee/payload_ram/mem_reg[53][0]
  Impl DFF        imp:/WORK/zigbee/payload_ram/mem_reg[53][0]

  Ref  DFF        ref:/WORK/zigbee/payload_ram/mem_reg[53][1]
  Impl DFF        imp:/WORK/zigbee/payload_ram/mem_reg[53][1]

  Ref  DFF        ref:/WORK/zigbee/payload_ram/mem_reg[53][2]
  Impl DFF        imp:/WORK/zigbee/payload_ram/mem_reg[53][2]

  Ref  DFF        ref:/WORK/zigbee/payload_ram/mem_reg[53][3]
  Impl DFF        imp:/WORK/zigbee/payload_ram/mem_reg[53][3]

  Ref  DFF        ref:/WORK/zigbee/payload_ram/mem_reg[53][4]
  Impl DFF        imp:/WORK/zigbee/payload_ram/mem_reg[53][4]

  Ref  DFF        ref:/WORK/zigbee/payload_ram/mem_reg[53][5]
  Impl DFF        imp:/WORK/zigbee/payload_ram/mem_reg[53][5]

  Ref  DFF        ref:/WORK/zigbee/payload_ram/mem_reg[53][6]
  Impl DFF        imp:/WORK/zigbee/payload_ram/mem_reg[53][6]

  Ref  DFF        ref:/WORK/zigbee/payload_ram/mem_reg[53][7]
  Impl DFF        imp:/WORK/zigbee/payload_ram/mem_reg[53][7]

  Ref  DFF        ref:/WORK/zigbee/payload_ram/mem_reg[54][0]
  Impl DFF        imp:/WORK/zigbee/payload_ram/mem_reg[54][0]

  Ref  DFF        ref:/WORK/zigbee/payload_ram/mem_reg[54][1]
  Impl DFF        imp:/WORK/zigbee/payload_ram/mem_reg[54][1]

  Ref  DFF        ref:/WORK/zigbee/payload_ram/mem_reg[54][2]
  Impl DFF        imp:/WORK/zigbee/payload_ram/mem_reg[54][2]

  Ref  DFF        ref:/WORK/zigbee/payload_ram/mem_reg[54][3]
  Impl DFF        imp:/WORK/zigbee/payload_ram/mem_reg[54][3]

  Ref  DFF        ref:/WORK/zigbee/payload_ram/mem_reg[54][4]
  Impl DFF        imp:/WORK/zigbee/payload_ram/mem_reg[54][4]

  Ref  DFF        ref:/WORK/zigbee/payload_ram/mem_reg[54][5]
  Impl DFF        imp:/WORK/zigbee/payload_ram/mem_reg[54][5]

  Ref  DFF        ref:/WORK/zigbee/payload_ram/mem_reg[54][6]
  Impl DFF        imp:/WORK/zigbee/payload_ram/mem_reg[54][6]

  Ref  DFF        ref:/WORK/zigbee/payload_ram/mem_reg[54][7]
  Impl DFF        imp:/WORK/zigbee/payload_ram/mem_reg[54][7]

  Ref  DFF        ref:/WORK/zigbee/payload_ram/mem_reg[55][0]
  Impl DFF        imp:/WORK/zigbee/payload_ram/mem_reg[55][0]

  Ref  DFF        ref:/WORK/zigbee/payload_ram/mem_reg[55][1]
  Impl DFF        imp:/WORK/zigbee/payload_ram/mem_reg[55][1]

  Ref  DFF        ref:/WORK/zigbee/payload_ram/mem_reg[55][2]
  Impl DFF        imp:/WORK/zigbee/payload_ram/mem_reg[55][2]

  Ref  DFF        ref:/WORK/zigbee/payload_ram/mem_reg[55][3]
  Impl DFF        imp:/WORK/zigbee/payload_ram/mem_reg[55][3]

  Ref  DFF        ref:/WORK/zigbee/payload_ram/mem_reg[55][4]
  Impl DFF        imp:/WORK/zigbee/payload_ram/mem_reg[55][4]

  Ref  DFF        ref:/WORK/zigbee/payload_ram/mem_reg[55][5]
  Impl DFF        imp:/WORK/zigbee/payload_ram/mem_reg[55][5]

  Ref  DFF        ref:/WORK/zigbee/payload_ram/mem_reg[55][6]
  Impl DFF        imp:/WORK/zigbee/payload_ram/mem_reg[55][6]

  Ref  DFF        ref:/WORK/zigbee/payload_ram/mem_reg[55][7]
  Impl DFF        imp:/WORK/zigbee/payload_ram/mem_reg[55][7]

  Ref  DFF        ref:/WORK/zigbee/payload_ram/mem_reg[56][0]
  Impl DFF        imp:/WORK/zigbee/payload_ram/mem_reg[56][0]

  Ref  DFF        ref:/WORK/zigbee/payload_ram/mem_reg[56][1]
  Impl DFF        imp:/WORK/zigbee/payload_ram/mem_reg[56][1]

  Ref  DFF        ref:/WORK/zigbee/payload_ram/mem_reg[56][2]
  Impl DFF        imp:/WORK/zigbee/payload_ram/mem_reg[56][2]

  Ref  DFF        ref:/WORK/zigbee/payload_ram/mem_reg[56][3]
  Impl DFF        imp:/WORK/zigbee/payload_ram/mem_reg[56][3]

  Ref  DFF        ref:/WORK/zigbee/payload_ram/mem_reg[56][4]
  Impl DFF        imp:/WORK/zigbee/payload_ram/mem_reg[56][4]

  Ref  DFF        ref:/WORK/zigbee/payload_ram/mem_reg[56][5]
  Impl DFF        imp:/WORK/zigbee/payload_ram/mem_reg[56][5]

  Ref  DFF        ref:/WORK/zigbee/payload_ram/mem_reg[56][6]
  Impl DFF        imp:/WORK/zigbee/payload_ram/mem_reg[56][6]

  Ref  DFF        ref:/WORK/zigbee/payload_ram/mem_reg[56][7]
  Impl DFF        imp:/WORK/zigbee/payload_ram/mem_reg[56][7]

  Ref  DFF        ref:/WORK/zigbee/payload_ram/mem_reg[57][0]
  Impl DFF        imp:/WORK/zigbee/payload_ram/mem_reg[57][0]

  Ref  DFF        ref:/WORK/zigbee/payload_ram/mem_reg[57][1]
  Impl DFF        imp:/WORK/zigbee/payload_ram/mem_reg[57][1]

  Ref  DFF        ref:/WORK/zigbee/payload_ram/mem_reg[57][2]
  Impl DFF        imp:/WORK/zigbee/payload_ram/mem_reg[57][2]

  Ref  DFF        ref:/WORK/zigbee/payload_ram/mem_reg[57][3]
  Impl DFF        imp:/WORK/zigbee/payload_ram/mem_reg[57][3]

  Ref  DFF        ref:/WORK/zigbee/payload_ram/mem_reg[57][4]
  Impl DFF        imp:/WORK/zigbee/payload_ram/mem_reg[57][4]

  Ref  DFF        ref:/WORK/zigbee/payload_ram/mem_reg[57][5]
  Impl DFF        imp:/WORK/zigbee/payload_ram/mem_reg[57][5]

  Ref  DFF        ref:/WORK/zigbee/payload_ram/mem_reg[57][6]
  Impl DFF        imp:/WORK/zigbee/payload_ram/mem_reg[57][6]

  Ref  DFF        ref:/WORK/zigbee/payload_ram/mem_reg[57][7]
  Impl DFF        imp:/WORK/zigbee/payload_ram/mem_reg[57][7]

  Ref  DFF        ref:/WORK/zigbee/payload_ram/mem_reg[58][0]
  Impl DFF        imp:/WORK/zigbee/payload_ram/mem_reg[58][0]

  Ref  DFF        ref:/WORK/zigbee/payload_ram/mem_reg[58][1]
  Impl DFF        imp:/WORK/zigbee/payload_ram/mem_reg[58][1]

  Ref  DFF        ref:/WORK/zigbee/payload_ram/mem_reg[58][2]
  Impl DFF        imp:/WORK/zigbee/payload_ram/mem_reg[58][2]

  Ref  DFF        ref:/WORK/zigbee/payload_ram/mem_reg[58][3]
  Impl DFF        imp:/WORK/zigbee/payload_ram/mem_reg[58][3]

  Ref  DFF        ref:/WORK/zigbee/payload_ram/mem_reg[58][4]
  Impl DFF        imp:/WORK/zigbee/payload_ram/mem_reg[58][4]

  Ref  DFF        ref:/WORK/zigbee/payload_ram/mem_reg[58][5]
  Impl DFF        imp:/WORK/zigbee/payload_ram/mem_reg[58][5]

  Ref  DFF        ref:/WORK/zigbee/payload_ram/mem_reg[58][6]
  Impl DFF        imp:/WORK/zigbee/payload_ram/mem_reg[58][6]

  Ref  DFF        ref:/WORK/zigbee/payload_ram/mem_reg[58][7]
  Impl DFF        imp:/WORK/zigbee/payload_ram/mem_reg[58][7]

  Ref  DFF        ref:/WORK/zigbee/payload_ram/mem_reg[59][0]
  Impl DFF        imp:/WORK/zigbee/payload_ram/mem_reg[59][0]

  Ref  DFF        ref:/WORK/zigbee/payload_ram/mem_reg[59][1]
  Impl DFF        imp:/WORK/zigbee/payload_ram/mem_reg[59][1]

  Ref  DFF        ref:/WORK/zigbee/payload_ram/mem_reg[59][2]
  Impl DFF        imp:/WORK/zigbee/payload_ram/mem_reg[59][2]

  Ref  DFF        ref:/WORK/zigbee/payload_ram/mem_reg[59][3]
  Impl DFF        imp:/WORK/zigbee/payload_ram/mem_reg[59][3]

  Ref  DFF        ref:/WORK/zigbee/payload_ram/mem_reg[59][4]
  Impl DFF        imp:/WORK/zigbee/payload_ram/mem_reg[59][4]

  Ref  DFF        ref:/WORK/zigbee/payload_ram/mem_reg[59][5]
  Impl DFF        imp:/WORK/zigbee/payload_ram/mem_reg[59][5]

  Ref  DFF        ref:/WORK/zigbee/payload_ram/mem_reg[59][6]
  Impl DFF        imp:/WORK/zigbee/payload_ram/mem_reg[59][6]

  Ref  DFF        ref:/WORK/zigbee/payload_ram/mem_reg[59][7]
  Impl DFF        imp:/WORK/zigbee/payload_ram/mem_reg[59][7]

  Ref  DFF        ref:/WORK/zigbee/payload_ram/mem_reg[5][0]
  Impl DFF        imp:/WORK/zigbee/payload_ram/mem_reg[5][0]

  Ref  DFF        ref:/WORK/zigbee/payload_ram/mem_reg[5][1]
  Impl DFF        imp:/WORK/zigbee/payload_ram/mem_reg[5][1]

  Ref  DFF        ref:/WORK/zigbee/payload_ram/mem_reg[5][2]
  Impl DFF        imp:/WORK/zigbee/payload_ram/mem_reg[5][2]

  Ref  DFF        ref:/WORK/zigbee/payload_ram/mem_reg[5][3]
  Impl DFF        imp:/WORK/zigbee/payload_ram/mem_reg[5][3]

  Ref  DFF        ref:/WORK/zigbee/payload_ram/mem_reg[5][4]
  Impl DFF        imp:/WORK/zigbee/payload_ram/mem_reg[5][4]

  Ref  DFF        ref:/WORK/zigbee/payload_ram/mem_reg[5][5]
  Impl DFF        imp:/WORK/zigbee/payload_ram/mem_reg[5][5]

  Ref  DFF        ref:/WORK/zigbee/payload_ram/mem_reg[5][6]
  Impl DFF        imp:/WORK/zigbee/payload_ram/mem_reg[5][6]

  Ref  DFF        ref:/WORK/zigbee/payload_ram/mem_reg[5][7]
  Impl DFF        imp:/WORK/zigbee/payload_ram/mem_reg[5][7]

  Ref  DFF        ref:/WORK/zigbee/payload_ram/mem_reg[60][0]
  Impl DFF        imp:/WORK/zigbee/payload_ram/mem_reg[60][0]

  Ref  DFF        ref:/WORK/zigbee/payload_ram/mem_reg[60][1]
  Impl DFF        imp:/WORK/zigbee/payload_ram/mem_reg[60][1]

  Ref  DFF        ref:/WORK/zigbee/payload_ram/mem_reg[60][2]
  Impl DFF        imp:/WORK/zigbee/payload_ram/mem_reg[60][2]

  Ref  DFF        ref:/WORK/zigbee/payload_ram/mem_reg[60][3]
  Impl DFF        imp:/WORK/zigbee/payload_ram/mem_reg[60][3]

  Ref  DFF        ref:/WORK/zigbee/payload_ram/mem_reg[60][4]
  Impl DFF        imp:/WORK/zigbee/payload_ram/mem_reg[60][4]

  Ref  DFF        ref:/WORK/zigbee/payload_ram/mem_reg[60][5]
  Impl DFF        imp:/WORK/zigbee/payload_ram/mem_reg[60][5]

  Ref  DFF        ref:/WORK/zigbee/payload_ram/mem_reg[60][6]
  Impl DFF        imp:/WORK/zigbee/payload_ram/mem_reg[60][6]

  Ref  DFF        ref:/WORK/zigbee/payload_ram/mem_reg[60][7]
  Impl DFF        imp:/WORK/zigbee/payload_ram/mem_reg[60][7]

  Ref  DFF        ref:/WORK/zigbee/payload_ram/mem_reg[61][0]
  Impl DFF        imp:/WORK/zigbee/payload_ram/mem_reg[61][0]

  Ref  DFF        ref:/WORK/zigbee/payload_ram/mem_reg[61][1]
  Impl DFF        imp:/WORK/zigbee/payload_ram/mem_reg[61][1]

  Ref  DFF        ref:/WORK/zigbee/payload_ram/mem_reg[61][2]
  Impl DFF        imp:/WORK/zigbee/payload_ram/mem_reg[61][2]

  Ref  DFF        ref:/WORK/zigbee/payload_ram/mem_reg[61][3]
  Impl DFF        imp:/WORK/zigbee/payload_ram/mem_reg[61][3]

  Ref  DFF        ref:/WORK/zigbee/payload_ram/mem_reg[61][4]
  Impl DFF        imp:/WORK/zigbee/payload_ram/mem_reg[61][4]

  Ref  DFF        ref:/WORK/zigbee/payload_ram/mem_reg[61][5]
  Impl DFF        imp:/WORK/zigbee/payload_ram/mem_reg[61][5]

  Ref  DFF        ref:/WORK/zigbee/payload_ram/mem_reg[61][6]
  Impl DFF        imp:/WORK/zigbee/payload_ram/mem_reg[61][6]

  Ref  DFF        ref:/WORK/zigbee/payload_ram/mem_reg[61][7]
  Impl DFF        imp:/WORK/zigbee/payload_ram/mem_reg[61][7]

  Ref  DFF        ref:/WORK/zigbee/payload_ram/mem_reg[62][0]
  Impl DFF        imp:/WORK/zigbee/payload_ram/mem_reg[62][0]

  Ref  DFF        ref:/WORK/zigbee/payload_ram/mem_reg[62][1]
  Impl DFF        imp:/WORK/zigbee/payload_ram/mem_reg[62][1]

  Ref  DFF        ref:/WORK/zigbee/payload_ram/mem_reg[62][2]
  Impl DFF        imp:/WORK/zigbee/payload_ram/mem_reg[62][2]

  Ref  DFF        ref:/WORK/zigbee/payload_ram/mem_reg[62][3]
  Impl DFF        imp:/WORK/zigbee/payload_ram/mem_reg[62][3]

  Ref  DFF        ref:/WORK/zigbee/payload_ram/mem_reg[62][4]
  Impl DFF        imp:/WORK/zigbee/payload_ram/mem_reg[62][4]

  Ref  DFF        ref:/WORK/zigbee/payload_ram/mem_reg[62][5]
  Impl DFF        imp:/WORK/zigbee/payload_ram/mem_reg[62][5]

  Ref  DFF        ref:/WORK/zigbee/payload_ram/mem_reg[62][6]
  Impl DFF        imp:/WORK/zigbee/payload_ram/mem_reg[62][6]

  Ref  DFF        ref:/WORK/zigbee/payload_ram/mem_reg[62][7]
  Impl DFF        imp:/WORK/zigbee/payload_ram/mem_reg[62][7]

  Ref  DFF        ref:/WORK/zigbee/payload_ram/mem_reg[63][0]
  Impl DFF        imp:/WORK/zigbee/payload_ram/mem_reg[63][0]

  Ref  DFF        ref:/WORK/zigbee/payload_ram/mem_reg[63][1]
  Impl DFF        imp:/WORK/zigbee/payload_ram/mem_reg[63][1]

  Ref  DFF        ref:/WORK/zigbee/payload_ram/mem_reg[63][2]
  Impl DFF        imp:/WORK/zigbee/payload_ram/mem_reg[63][2]

  Ref  DFF        ref:/WORK/zigbee/payload_ram/mem_reg[63][3]
  Impl DFF        imp:/WORK/zigbee/payload_ram/mem_reg[63][3]

  Ref  DFF        ref:/WORK/zigbee/payload_ram/mem_reg[63][4]
  Impl DFF        imp:/WORK/zigbee/payload_ram/mem_reg[63][4]

  Ref  DFF        ref:/WORK/zigbee/payload_ram/mem_reg[63][5]
  Impl DFF        imp:/WORK/zigbee/payload_ram/mem_reg[63][5]

  Ref  DFF        ref:/WORK/zigbee/payload_ram/mem_reg[63][6]
  Impl DFF        imp:/WORK/zigbee/payload_ram/mem_reg[63][6]

  Ref  DFF        ref:/WORK/zigbee/payload_ram/mem_reg[63][7]
  Impl DFF        imp:/WORK/zigbee/payload_ram/mem_reg[63][7]

  Ref  DFF        ref:/WORK/zigbee/payload_ram/mem_reg[64][0]
  Impl DFF        imp:/WORK/zigbee/payload_ram/mem_reg[64][0]

  Ref  DFF        ref:/WORK/zigbee/payload_ram/mem_reg[64][1]
  Impl DFF        imp:/WORK/zigbee/payload_ram/mem_reg[64][1]

  Ref  DFF        ref:/WORK/zigbee/payload_ram/mem_reg[64][2]
  Impl DFF        imp:/WORK/zigbee/payload_ram/mem_reg[64][2]

  Ref  DFF        ref:/WORK/zigbee/payload_ram/mem_reg[64][3]
  Impl DFF        imp:/WORK/zigbee/payload_ram/mem_reg[64][3]

  Ref  DFF        ref:/WORK/zigbee/payload_ram/mem_reg[64][4]
  Impl DFF        imp:/WORK/zigbee/payload_ram/mem_reg[64][4]

  Ref  DFF        ref:/WORK/zigbee/payload_ram/mem_reg[64][5]
  Impl DFF        imp:/WORK/zigbee/payload_ram/mem_reg[64][5]

  Ref  DFF        ref:/WORK/zigbee/payload_ram/mem_reg[64][6]
  Impl DFF        imp:/WORK/zigbee/payload_ram/mem_reg[64][6]

  Ref  DFF        ref:/WORK/zigbee/payload_ram/mem_reg[64][7]
  Impl DFF        imp:/WORK/zigbee/payload_ram/mem_reg[64][7]

  Ref  DFF        ref:/WORK/zigbee/payload_ram/mem_reg[65][0]
  Impl DFF        imp:/WORK/zigbee/payload_ram/mem_reg[65][0]

  Ref  DFF        ref:/WORK/zigbee/payload_ram/mem_reg[65][1]
  Impl DFF        imp:/WORK/zigbee/payload_ram/mem_reg[65][1]

  Ref  DFF        ref:/WORK/zigbee/payload_ram/mem_reg[65][2]
  Impl DFF        imp:/WORK/zigbee/payload_ram/mem_reg[65][2]

  Ref  DFF        ref:/WORK/zigbee/payload_ram/mem_reg[65][3]
  Impl DFF        imp:/WORK/zigbee/payload_ram/mem_reg[65][3]

  Ref  DFF        ref:/WORK/zigbee/payload_ram/mem_reg[65][4]
  Impl DFF        imp:/WORK/zigbee/payload_ram/mem_reg[65][4]

  Ref  DFF        ref:/WORK/zigbee/payload_ram/mem_reg[65][5]
  Impl DFF        imp:/WORK/zigbee/payload_ram/mem_reg[65][5]

  Ref  DFF        ref:/WORK/zigbee/payload_ram/mem_reg[65][6]
  Impl DFF        imp:/WORK/zigbee/payload_ram/mem_reg[65][6]

  Ref  DFF        ref:/WORK/zigbee/payload_ram/mem_reg[65][7]
  Impl DFF        imp:/WORK/zigbee/payload_ram/mem_reg[65][7]

  Ref  DFF        ref:/WORK/zigbee/payload_ram/mem_reg[66][0]
  Impl DFF        imp:/WORK/zigbee/payload_ram/mem_reg[66][0]

  Ref  DFF        ref:/WORK/zigbee/payload_ram/mem_reg[66][1]
  Impl DFF        imp:/WORK/zigbee/payload_ram/mem_reg[66][1]

  Ref  DFF        ref:/WORK/zigbee/payload_ram/mem_reg[66][2]
  Impl DFF        imp:/WORK/zigbee/payload_ram/mem_reg[66][2]

  Ref  DFF        ref:/WORK/zigbee/payload_ram/mem_reg[66][3]
  Impl DFF        imp:/WORK/zigbee/payload_ram/mem_reg[66][3]

  Ref  DFF        ref:/WORK/zigbee/payload_ram/mem_reg[66][4]
  Impl DFF        imp:/WORK/zigbee/payload_ram/mem_reg[66][4]

  Ref  DFF        ref:/WORK/zigbee/payload_ram/mem_reg[66][5]
  Impl DFF        imp:/WORK/zigbee/payload_ram/mem_reg[66][5]

  Ref  DFF        ref:/WORK/zigbee/payload_ram/mem_reg[66][6]
  Impl DFF        imp:/WORK/zigbee/payload_ram/mem_reg[66][6]

  Ref  DFF        ref:/WORK/zigbee/payload_ram/mem_reg[66][7]
  Impl DFF        imp:/WORK/zigbee/payload_ram/mem_reg[66][7]

  Ref  DFF        ref:/WORK/zigbee/payload_ram/mem_reg[67][0]
  Impl DFF        imp:/WORK/zigbee/payload_ram/mem_reg[67][0]

  Ref  DFF        ref:/WORK/zigbee/payload_ram/mem_reg[67][1]
  Impl DFF        imp:/WORK/zigbee/payload_ram/mem_reg[67][1]

  Ref  DFF        ref:/WORK/zigbee/payload_ram/mem_reg[67][2]
  Impl DFF        imp:/WORK/zigbee/payload_ram/mem_reg[67][2]

  Ref  DFF        ref:/WORK/zigbee/payload_ram/mem_reg[67][3]
  Impl DFF        imp:/WORK/zigbee/payload_ram/mem_reg[67][3]

  Ref  DFF        ref:/WORK/zigbee/payload_ram/mem_reg[67][4]
  Impl DFF        imp:/WORK/zigbee/payload_ram/mem_reg[67][4]

  Ref  DFF        ref:/WORK/zigbee/payload_ram/mem_reg[67][5]
  Impl DFF        imp:/WORK/zigbee/payload_ram/mem_reg[67][5]

  Ref  DFF        ref:/WORK/zigbee/payload_ram/mem_reg[67][6]
  Impl DFF        imp:/WORK/zigbee/payload_ram/mem_reg[67][6]

  Ref  DFF        ref:/WORK/zigbee/payload_ram/mem_reg[67][7]
  Impl DFF        imp:/WORK/zigbee/payload_ram/mem_reg[67][7]

  Ref  DFF        ref:/WORK/zigbee/payload_ram/mem_reg[68][0]
  Impl DFF        imp:/WORK/zigbee/payload_ram/mem_reg[68][0]

  Ref  DFF        ref:/WORK/zigbee/payload_ram/mem_reg[68][1]
  Impl DFF        imp:/WORK/zigbee/payload_ram/mem_reg[68][1]

  Ref  DFF        ref:/WORK/zigbee/payload_ram/mem_reg[68][2]
  Impl DFF        imp:/WORK/zigbee/payload_ram/mem_reg[68][2]

  Ref  DFF        ref:/WORK/zigbee/payload_ram/mem_reg[68][3]
  Impl DFF        imp:/WORK/zigbee/payload_ram/mem_reg[68][3]

  Ref  DFF        ref:/WORK/zigbee/payload_ram/mem_reg[68][4]
  Impl DFF        imp:/WORK/zigbee/payload_ram/mem_reg[68][4]

  Ref  DFF        ref:/WORK/zigbee/payload_ram/mem_reg[68][5]
  Impl DFF        imp:/WORK/zigbee/payload_ram/mem_reg[68][5]

  Ref  DFF        ref:/WORK/zigbee/payload_ram/mem_reg[68][6]
  Impl DFF        imp:/WORK/zigbee/payload_ram/mem_reg[68][6]

  Ref  DFF        ref:/WORK/zigbee/payload_ram/mem_reg[68][7]
  Impl DFF        imp:/WORK/zigbee/payload_ram/mem_reg[68][7]

  Ref  DFF        ref:/WORK/zigbee/payload_ram/mem_reg[69][0]
  Impl DFF        imp:/WORK/zigbee/payload_ram/mem_reg[69][0]

  Ref  DFF        ref:/WORK/zigbee/payload_ram/mem_reg[69][1]
  Impl DFF        imp:/WORK/zigbee/payload_ram/mem_reg[69][1]

  Ref  DFF        ref:/WORK/zigbee/payload_ram/mem_reg[69][2]
  Impl DFF        imp:/WORK/zigbee/payload_ram/mem_reg[69][2]

  Ref  DFF        ref:/WORK/zigbee/payload_ram/mem_reg[69][3]
  Impl DFF        imp:/WORK/zigbee/payload_ram/mem_reg[69][3]

  Ref  DFF        ref:/WORK/zigbee/payload_ram/mem_reg[69][4]
  Impl DFF        imp:/WORK/zigbee/payload_ram/mem_reg[69][4]

  Ref  DFF        ref:/WORK/zigbee/payload_ram/mem_reg[69][5]
  Impl DFF        imp:/WORK/zigbee/payload_ram/mem_reg[69][5]

  Ref  DFF        ref:/WORK/zigbee/payload_ram/mem_reg[69][6]
  Impl DFF        imp:/WORK/zigbee/payload_ram/mem_reg[69][6]

  Ref  DFF        ref:/WORK/zigbee/payload_ram/mem_reg[69][7]
  Impl DFF        imp:/WORK/zigbee/payload_ram/mem_reg[69][7]

  Ref  DFF        ref:/WORK/zigbee/payload_ram/mem_reg[6][0]
  Impl DFF        imp:/WORK/zigbee/payload_ram/mem_reg[6][0]

  Ref  DFF        ref:/WORK/zigbee/payload_ram/mem_reg[6][1]
  Impl DFF        imp:/WORK/zigbee/payload_ram/mem_reg[6][1]

  Ref  DFF        ref:/WORK/zigbee/payload_ram/mem_reg[6][2]
  Impl DFF        imp:/WORK/zigbee/payload_ram/mem_reg[6][2]

  Ref  DFF        ref:/WORK/zigbee/payload_ram/mem_reg[6][3]
  Impl DFF        imp:/WORK/zigbee/payload_ram/mem_reg[6][3]

  Ref  DFF        ref:/WORK/zigbee/payload_ram/mem_reg[6][4]
  Impl DFF        imp:/WORK/zigbee/payload_ram/mem_reg[6][4]

  Ref  DFF        ref:/WORK/zigbee/payload_ram/mem_reg[6][5]
  Impl DFF        imp:/WORK/zigbee/payload_ram/mem_reg[6][5]

  Ref  DFF        ref:/WORK/zigbee/payload_ram/mem_reg[6][6]
  Impl DFF        imp:/WORK/zigbee/payload_ram/mem_reg[6][6]

  Ref  DFF        ref:/WORK/zigbee/payload_ram/mem_reg[6][7]
  Impl DFF        imp:/WORK/zigbee/payload_ram/mem_reg[6][7]

  Ref  DFF        ref:/WORK/zigbee/payload_ram/mem_reg[70][0]
  Impl DFF        imp:/WORK/zigbee/payload_ram/mem_reg[70][0]

  Ref  DFF        ref:/WORK/zigbee/payload_ram/mem_reg[70][1]
  Impl DFF        imp:/WORK/zigbee/payload_ram/mem_reg[70][1]

  Ref  DFF        ref:/WORK/zigbee/payload_ram/mem_reg[70][2]
  Impl DFF        imp:/WORK/zigbee/payload_ram/mem_reg[70][2]

  Ref  DFF        ref:/WORK/zigbee/payload_ram/mem_reg[70][3]
  Impl DFF        imp:/WORK/zigbee/payload_ram/mem_reg[70][3]

  Ref  DFF        ref:/WORK/zigbee/payload_ram/mem_reg[70][4]
  Impl DFF        imp:/WORK/zigbee/payload_ram/mem_reg[70][4]

  Ref  DFF        ref:/WORK/zigbee/payload_ram/mem_reg[70][5]
  Impl DFF        imp:/WORK/zigbee/payload_ram/mem_reg[70][5]

  Ref  DFF        ref:/WORK/zigbee/payload_ram/mem_reg[70][6]
  Impl DFF        imp:/WORK/zigbee/payload_ram/mem_reg[70][6]

  Ref  DFF        ref:/WORK/zigbee/payload_ram/mem_reg[70][7]
  Impl DFF        imp:/WORK/zigbee/payload_ram/mem_reg[70][7]

  Ref  DFF        ref:/WORK/zigbee/payload_ram/mem_reg[71][0]
  Impl DFF        imp:/WORK/zigbee/payload_ram/mem_reg[71][0]

  Ref  DFF        ref:/WORK/zigbee/payload_ram/mem_reg[71][1]
  Impl DFF        imp:/WORK/zigbee/payload_ram/mem_reg[71][1]

  Ref  DFF        ref:/WORK/zigbee/payload_ram/mem_reg[71][2]
  Impl DFF        imp:/WORK/zigbee/payload_ram/mem_reg[71][2]

  Ref  DFF        ref:/WORK/zigbee/payload_ram/mem_reg[71][3]
  Impl DFF        imp:/WORK/zigbee/payload_ram/mem_reg[71][3]

  Ref  DFF        ref:/WORK/zigbee/payload_ram/mem_reg[71][4]
  Impl DFF        imp:/WORK/zigbee/payload_ram/mem_reg[71][4]

  Ref  DFF        ref:/WORK/zigbee/payload_ram/mem_reg[71][5]
  Impl DFF        imp:/WORK/zigbee/payload_ram/mem_reg[71][5]

  Ref  DFF        ref:/WORK/zigbee/payload_ram/mem_reg[71][6]
  Impl DFF        imp:/WORK/zigbee/payload_ram/mem_reg[71][6]

  Ref  DFF        ref:/WORK/zigbee/payload_ram/mem_reg[71][7]
  Impl DFF        imp:/WORK/zigbee/payload_ram/mem_reg[71][7]

  Ref  DFF        ref:/WORK/zigbee/payload_ram/mem_reg[72][0]
  Impl DFF        imp:/WORK/zigbee/payload_ram/mem_reg[72][0]

  Ref  DFF        ref:/WORK/zigbee/payload_ram/mem_reg[72][1]
  Impl DFF        imp:/WORK/zigbee/payload_ram/mem_reg[72][1]

  Ref  DFF        ref:/WORK/zigbee/payload_ram/mem_reg[72][2]
  Impl DFF        imp:/WORK/zigbee/payload_ram/mem_reg[72][2]

  Ref  DFF        ref:/WORK/zigbee/payload_ram/mem_reg[72][3]
  Impl DFF        imp:/WORK/zigbee/payload_ram/mem_reg[72][3]

  Ref  DFF        ref:/WORK/zigbee/payload_ram/mem_reg[72][4]
  Impl DFF        imp:/WORK/zigbee/payload_ram/mem_reg[72][4]

  Ref  DFF        ref:/WORK/zigbee/payload_ram/mem_reg[72][5]
  Impl DFF        imp:/WORK/zigbee/payload_ram/mem_reg[72][5]

  Ref  DFF        ref:/WORK/zigbee/payload_ram/mem_reg[72][6]
  Impl DFF        imp:/WORK/zigbee/payload_ram/mem_reg[72][6]

  Ref  DFF        ref:/WORK/zigbee/payload_ram/mem_reg[72][7]
  Impl DFF        imp:/WORK/zigbee/payload_ram/mem_reg[72][7]

  Ref  DFF        ref:/WORK/zigbee/payload_ram/mem_reg[73][0]
  Impl DFF        imp:/WORK/zigbee/payload_ram/mem_reg[73][0]

  Ref  DFF        ref:/WORK/zigbee/payload_ram/mem_reg[73][1]
  Impl DFF        imp:/WORK/zigbee/payload_ram/mem_reg[73][1]

  Ref  DFF        ref:/WORK/zigbee/payload_ram/mem_reg[73][2]
  Impl DFF        imp:/WORK/zigbee/payload_ram/mem_reg[73][2]

  Ref  DFF        ref:/WORK/zigbee/payload_ram/mem_reg[73][3]
  Impl DFF        imp:/WORK/zigbee/payload_ram/mem_reg[73][3]

  Ref  DFF        ref:/WORK/zigbee/payload_ram/mem_reg[73][4]
  Impl DFF        imp:/WORK/zigbee/payload_ram/mem_reg[73][4]

  Ref  DFF        ref:/WORK/zigbee/payload_ram/mem_reg[73][5]
  Impl DFF        imp:/WORK/zigbee/payload_ram/mem_reg[73][5]

  Ref  DFF        ref:/WORK/zigbee/payload_ram/mem_reg[73][6]
  Impl DFF        imp:/WORK/zigbee/payload_ram/mem_reg[73][6]

  Ref  DFF        ref:/WORK/zigbee/payload_ram/mem_reg[73][7]
  Impl DFF        imp:/WORK/zigbee/payload_ram/mem_reg[73][7]

  Ref  DFF        ref:/WORK/zigbee/payload_ram/mem_reg[74][0]
  Impl DFF        imp:/WORK/zigbee/payload_ram/mem_reg[74][0]

  Ref  DFF        ref:/WORK/zigbee/payload_ram/mem_reg[74][1]
  Impl DFF        imp:/WORK/zigbee/payload_ram/mem_reg[74][1]

  Ref  DFF        ref:/WORK/zigbee/payload_ram/mem_reg[74][2]
  Impl DFF        imp:/WORK/zigbee/payload_ram/mem_reg[74][2]

  Ref  DFF        ref:/WORK/zigbee/payload_ram/mem_reg[74][3]
  Impl DFF        imp:/WORK/zigbee/payload_ram/mem_reg[74][3]

  Ref  DFF        ref:/WORK/zigbee/payload_ram/mem_reg[74][4]
  Impl DFF        imp:/WORK/zigbee/payload_ram/mem_reg[74][4]

  Ref  DFF        ref:/WORK/zigbee/payload_ram/mem_reg[74][5]
  Impl DFF        imp:/WORK/zigbee/payload_ram/mem_reg[74][5]

  Ref  DFF        ref:/WORK/zigbee/payload_ram/mem_reg[74][6]
  Impl DFF        imp:/WORK/zigbee/payload_ram/mem_reg[74][6]

  Ref  DFF        ref:/WORK/zigbee/payload_ram/mem_reg[74][7]
  Impl DFF        imp:/WORK/zigbee/payload_ram/mem_reg[74][7]

  Ref  DFF        ref:/WORK/zigbee/payload_ram/mem_reg[75][0]
  Impl DFF        imp:/WORK/zigbee/payload_ram/mem_reg[75][0]

  Ref  DFF        ref:/WORK/zigbee/payload_ram/mem_reg[75][1]
  Impl DFF        imp:/WORK/zigbee/payload_ram/mem_reg[75][1]

  Ref  DFF        ref:/WORK/zigbee/payload_ram/mem_reg[75][2]
  Impl DFF        imp:/WORK/zigbee/payload_ram/mem_reg[75][2]

  Ref  DFF        ref:/WORK/zigbee/payload_ram/mem_reg[75][3]
  Impl DFF        imp:/WORK/zigbee/payload_ram/mem_reg[75][3]

  Ref  DFF        ref:/WORK/zigbee/payload_ram/mem_reg[75][4]
  Impl DFF        imp:/WORK/zigbee/payload_ram/mem_reg[75][4]

  Ref  DFF        ref:/WORK/zigbee/payload_ram/mem_reg[75][5]
  Impl DFF        imp:/WORK/zigbee/payload_ram/mem_reg[75][5]

  Ref  DFF        ref:/WORK/zigbee/payload_ram/mem_reg[75][6]
  Impl DFF        imp:/WORK/zigbee/payload_ram/mem_reg[75][6]

  Ref  DFF        ref:/WORK/zigbee/payload_ram/mem_reg[75][7]
  Impl DFF        imp:/WORK/zigbee/payload_ram/mem_reg[75][7]

  Ref  DFF        ref:/WORK/zigbee/payload_ram/mem_reg[76][0]
  Impl DFF        imp:/WORK/zigbee/payload_ram/mem_reg[76][0]

  Ref  DFF        ref:/WORK/zigbee/payload_ram/mem_reg[76][1]
  Impl DFF        imp:/WORK/zigbee/payload_ram/mem_reg[76][1]

  Ref  DFF        ref:/WORK/zigbee/payload_ram/mem_reg[76][2]
  Impl DFF        imp:/WORK/zigbee/payload_ram/mem_reg[76][2]

  Ref  DFF        ref:/WORK/zigbee/payload_ram/mem_reg[76][3]
  Impl DFF        imp:/WORK/zigbee/payload_ram/mem_reg[76][3]

  Ref  DFF        ref:/WORK/zigbee/payload_ram/mem_reg[76][4]
  Impl DFF        imp:/WORK/zigbee/payload_ram/mem_reg[76][4]

  Ref  DFF        ref:/WORK/zigbee/payload_ram/mem_reg[76][5]
  Impl DFF        imp:/WORK/zigbee/payload_ram/mem_reg[76][5]

  Ref  DFF        ref:/WORK/zigbee/payload_ram/mem_reg[76][6]
  Impl DFF        imp:/WORK/zigbee/payload_ram/mem_reg[76][6]

  Ref  DFF        ref:/WORK/zigbee/payload_ram/mem_reg[76][7]
  Impl DFF        imp:/WORK/zigbee/payload_ram/mem_reg[76][7]

  Ref  DFF        ref:/WORK/zigbee/payload_ram/mem_reg[77][0]
  Impl DFF        imp:/WORK/zigbee/payload_ram/mem_reg[77][0]

  Ref  DFF        ref:/WORK/zigbee/payload_ram/mem_reg[77][1]
  Impl DFF        imp:/WORK/zigbee/payload_ram/mem_reg[77][1]

  Ref  DFF        ref:/WORK/zigbee/payload_ram/mem_reg[77][2]
  Impl DFF        imp:/WORK/zigbee/payload_ram/mem_reg[77][2]

  Ref  DFF        ref:/WORK/zigbee/payload_ram/mem_reg[77][3]
  Impl DFF        imp:/WORK/zigbee/payload_ram/mem_reg[77][3]

  Ref  DFF        ref:/WORK/zigbee/payload_ram/mem_reg[77][4]
  Impl DFF        imp:/WORK/zigbee/payload_ram/mem_reg[77][4]

  Ref  DFF        ref:/WORK/zigbee/payload_ram/mem_reg[77][5]
  Impl DFF        imp:/WORK/zigbee/payload_ram/mem_reg[77][5]

  Ref  DFF        ref:/WORK/zigbee/payload_ram/mem_reg[77][6]
  Impl DFF        imp:/WORK/zigbee/payload_ram/mem_reg[77][6]

  Ref  DFF        ref:/WORK/zigbee/payload_ram/mem_reg[77][7]
  Impl DFF        imp:/WORK/zigbee/payload_ram/mem_reg[77][7]

  Ref  DFF        ref:/WORK/zigbee/payload_ram/mem_reg[78][0]
  Impl DFF        imp:/WORK/zigbee/payload_ram/mem_reg[78][0]

  Ref  DFF        ref:/WORK/zigbee/payload_ram/mem_reg[78][1]
  Impl DFF        imp:/WORK/zigbee/payload_ram/mem_reg[78][1]

  Ref  DFF        ref:/WORK/zigbee/payload_ram/mem_reg[78][2]
  Impl DFF        imp:/WORK/zigbee/payload_ram/mem_reg[78][2]

  Ref  DFF        ref:/WORK/zigbee/payload_ram/mem_reg[78][3]
  Impl DFF        imp:/WORK/zigbee/payload_ram/mem_reg[78][3]

  Ref  DFF        ref:/WORK/zigbee/payload_ram/mem_reg[78][4]
  Impl DFF        imp:/WORK/zigbee/payload_ram/mem_reg[78][4]

  Ref  DFF        ref:/WORK/zigbee/payload_ram/mem_reg[78][5]
  Impl DFF        imp:/WORK/zigbee/payload_ram/mem_reg[78][5]

  Ref  DFF        ref:/WORK/zigbee/payload_ram/mem_reg[78][6]
  Impl DFF        imp:/WORK/zigbee/payload_ram/mem_reg[78][6]

  Ref  DFF        ref:/WORK/zigbee/payload_ram/mem_reg[78][7]
  Impl DFF        imp:/WORK/zigbee/payload_ram/mem_reg[78][7]

  Ref  DFF        ref:/WORK/zigbee/payload_ram/mem_reg[79][0]
  Impl DFF        imp:/WORK/zigbee/payload_ram/mem_reg[79][0]

  Ref  DFF        ref:/WORK/zigbee/payload_ram/mem_reg[79][1]
  Impl DFF        imp:/WORK/zigbee/payload_ram/mem_reg[79][1]

  Ref  DFF        ref:/WORK/zigbee/payload_ram/mem_reg[79][2]
  Impl DFF        imp:/WORK/zigbee/payload_ram/mem_reg[79][2]

  Ref  DFF        ref:/WORK/zigbee/payload_ram/mem_reg[79][3]
  Impl DFF        imp:/WORK/zigbee/payload_ram/mem_reg[79][3]

  Ref  DFF        ref:/WORK/zigbee/payload_ram/mem_reg[79][4]
  Impl DFF        imp:/WORK/zigbee/payload_ram/mem_reg[79][4]

  Ref  DFF        ref:/WORK/zigbee/payload_ram/mem_reg[79][5]
  Impl DFF        imp:/WORK/zigbee/payload_ram/mem_reg[79][5]

  Ref  DFF        ref:/WORK/zigbee/payload_ram/mem_reg[79][6]
  Impl DFF        imp:/WORK/zigbee/payload_ram/mem_reg[79][6]

  Ref  DFF        ref:/WORK/zigbee/payload_ram/mem_reg[79][7]
  Impl DFF        imp:/WORK/zigbee/payload_ram/mem_reg[79][7]

  Ref  DFF        ref:/WORK/zigbee/payload_ram/mem_reg[7][0]
  Impl DFF        imp:/WORK/zigbee/payload_ram/mem_reg[7][0]

  Ref  DFF        ref:/WORK/zigbee/payload_ram/mem_reg[7][1]
  Impl DFF        imp:/WORK/zigbee/payload_ram/mem_reg[7][1]

  Ref  DFF        ref:/WORK/zigbee/payload_ram/mem_reg[7][2]
  Impl DFF        imp:/WORK/zigbee/payload_ram/mem_reg[7][2]

  Ref  DFF        ref:/WORK/zigbee/payload_ram/mem_reg[7][3]
  Impl DFF        imp:/WORK/zigbee/payload_ram/mem_reg[7][3]

  Ref  DFF        ref:/WORK/zigbee/payload_ram/mem_reg[7][4]
  Impl DFF        imp:/WORK/zigbee/payload_ram/mem_reg[7][4]

  Ref  DFF        ref:/WORK/zigbee/payload_ram/mem_reg[7][5]
  Impl DFF        imp:/WORK/zigbee/payload_ram/mem_reg[7][5]

  Ref  DFF        ref:/WORK/zigbee/payload_ram/mem_reg[7][6]
  Impl DFF        imp:/WORK/zigbee/payload_ram/mem_reg[7][6]

  Ref  DFF        ref:/WORK/zigbee/payload_ram/mem_reg[7][7]
  Impl DFF        imp:/WORK/zigbee/payload_ram/mem_reg[7][7]

  Ref  DFF        ref:/WORK/zigbee/payload_ram/mem_reg[80][0]
  Impl DFF        imp:/WORK/zigbee/payload_ram/mem_reg[80][0]

  Ref  DFF        ref:/WORK/zigbee/payload_ram/mem_reg[80][1]
  Impl DFF        imp:/WORK/zigbee/payload_ram/mem_reg[80][1]

  Ref  DFF        ref:/WORK/zigbee/payload_ram/mem_reg[80][2]
  Impl DFF        imp:/WORK/zigbee/payload_ram/mem_reg[80][2]

  Ref  DFF        ref:/WORK/zigbee/payload_ram/mem_reg[80][3]
  Impl DFF        imp:/WORK/zigbee/payload_ram/mem_reg[80][3]

  Ref  DFF        ref:/WORK/zigbee/payload_ram/mem_reg[80][4]
  Impl DFF        imp:/WORK/zigbee/payload_ram/mem_reg[80][4]

  Ref  DFF        ref:/WORK/zigbee/payload_ram/mem_reg[80][5]
  Impl DFF        imp:/WORK/zigbee/payload_ram/mem_reg[80][5]

  Ref  DFF        ref:/WORK/zigbee/payload_ram/mem_reg[80][6]
  Impl DFF        imp:/WORK/zigbee/payload_ram/mem_reg[80][6]

  Ref  DFF        ref:/WORK/zigbee/payload_ram/mem_reg[80][7]
  Impl DFF        imp:/WORK/zigbee/payload_ram/mem_reg[80][7]

  Ref  DFF        ref:/WORK/zigbee/payload_ram/mem_reg[81][0]
  Impl DFF        imp:/WORK/zigbee/payload_ram/mem_reg[81][0]

  Ref  DFF        ref:/WORK/zigbee/payload_ram/mem_reg[81][1]
  Impl DFF        imp:/WORK/zigbee/payload_ram/mem_reg[81][1]

  Ref  DFF        ref:/WORK/zigbee/payload_ram/mem_reg[81][2]
  Impl DFF        imp:/WORK/zigbee/payload_ram/mem_reg[81][2]

  Ref  DFF        ref:/WORK/zigbee/payload_ram/mem_reg[81][3]
  Impl DFF        imp:/WORK/zigbee/payload_ram/mem_reg[81][3]

  Ref  DFF        ref:/WORK/zigbee/payload_ram/mem_reg[81][4]
  Impl DFF        imp:/WORK/zigbee/payload_ram/mem_reg[81][4]

  Ref  DFF        ref:/WORK/zigbee/payload_ram/mem_reg[81][5]
  Impl DFF        imp:/WORK/zigbee/payload_ram/mem_reg[81][5]

  Ref  DFF        ref:/WORK/zigbee/payload_ram/mem_reg[81][6]
  Impl DFF        imp:/WORK/zigbee/payload_ram/mem_reg[81][6]

  Ref  DFF        ref:/WORK/zigbee/payload_ram/mem_reg[81][7]
  Impl DFF        imp:/WORK/zigbee/payload_ram/mem_reg[81][7]

  Ref  DFF        ref:/WORK/zigbee/payload_ram/mem_reg[82][0]
  Impl DFF        imp:/WORK/zigbee/payload_ram/mem_reg[82][0]

  Ref  DFF        ref:/WORK/zigbee/payload_ram/mem_reg[82][1]
  Impl DFF        imp:/WORK/zigbee/payload_ram/mem_reg[82][1]

  Ref  DFF        ref:/WORK/zigbee/payload_ram/mem_reg[82][2]
  Impl DFF        imp:/WORK/zigbee/payload_ram/mem_reg[82][2]

  Ref  DFF        ref:/WORK/zigbee/payload_ram/mem_reg[82][3]
  Impl DFF        imp:/WORK/zigbee/payload_ram/mem_reg[82][3]

  Ref  DFF        ref:/WORK/zigbee/payload_ram/mem_reg[82][4]
  Impl DFF        imp:/WORK/zigbee/payload_ram/mem_reg[82][4]

  Ref  DFF        ref:/WORK/zigbee/payload_ram/mem_reg[82][5]
  Impl DFF        imp:/WORK/zigbee/payload_ram/mem_reg[82][5]

  Ref  DFF        ref:/WORK/zigbee/payload_ram/mem_reg[82][6]
  Impl DFF        imp:/WORK/zigbee/payload_ram/mem_reg[82][6]

  Ref  DFF        ref:/WORK/zigbee/payload_ram/mem_reg[82][7]
  Impl DFF        imp:/WORK/zigbee/payload_ram/mem_reg[82][7]

  Ref  DFF        ref:/WORK/zigbee/payload_ram/mem_reg[83][0]
  Impl DFF        imp:/WORK/zigbee/payload_ram/mem_reg[83][0]

  Ref  DFF        ref:/WORK/zigbee/payload_ram/mem_reg[83][1]
  Impl DFF        imp:/WORK/zigbee/payload_ram/mem_reg[83][1]

  Ref  DFF        ref:/WORK/zigbee/payload_ram/mem_reg[83][2]
  Impl DFF        imp:/WORK/zigbee/payload_ram/mem_reg[83][2]

  Ref  DFF        ref:/WORK/zigbee/payload_ram/mem_reg[83][3]
  Impl DFF        imp:/WORK/zigbee/payload_ram/mem_reg[83][3]

  Ref  DFF        ref:/WORK/zigbee/payload_ram/mem_reg[83][4]
  Impl DFF        imp:/WORK/zigbee/payload_ram/mem_reg[83][4]

  Ref  DFF        ref:/WORK/zigbee/payload_ram/mem_reg[83][5]
  Impl DFF        imp:/WORK/zigbee/payload_ram/mem_reg[83][5]

  Ref  DFF        ref:/WORK/zigbee/payload_ram/mem_reg[83][6]
  Impl DFF        imp:/WORK/zigbee/payload_ram/mem_reg[83][6]

  Ref  DFF        ref:/WORK/zigbee/payload_ram/mem_reg[83][7]
  Impl DFF        imp:/WORK/zigbee/payload_ram/mem_reg[83][7]

  Ref  DFF        ref:/WORK/zigbee/payload_ram/mem_reg[84][0]
  Impl DFF        imp:/WORK/zigbee/payload_ram/mem_reg[84][0]

  Ref  DFF        ref:/WORK/zigbee/payload_ram/mem_reg[84][1]
  Impl DFF        imp:/WORK/zigbee/payload_ram/mem_reg[84][1]

  Ref  DFF        ref:/WORK/zigbee/payload_ram/mem_reg[84][2]
  Impl DFF        imp:/WORK/zigbee/payload_ram/mem_reg[84][2]

  Ref  DFF        ref:/WORK/zigbee/payload_ram/mem_reg[84][3]
  Impl DFF        imp:/WORK/zigbee/payload_ram/mem_reg[84][3]

  Ref  DFF        ref:/WORK/zigbee/payload_ram/mem_reg[84][4]
  Impl DFF        imp:/WORK/zigbee/payload_ram/mem_reg[84][4]

  Ref  DFF        ref:/WORK/zigbee/payload_ram/mem_reg[84][5]
  Impl DFF        imp:/WORK/zigbee/payload_ram/mem_reg[84][5]

  Ref  DFF        ref:/WORK/zigbee/payload_ram/mem_reg[84][6]
  Impl DFF        imp:/WORK/zigbee/payload_ram/mem_reg[84][6]

  Ref  DFF        ref:/WORK/zigbee/payload_ram/mem_reg[84][7]
  Impl DFF        imp:/WORK/zigbee/payload_ram/mem_reg[84][7]

  Ref  DFF        ref:/WORK/zigbee/payload_ram/mem_reg[85][0]
  Impl DFF        imp:/WORK/zigbee/payload_ram/mem_reg[85][0]

  Ref  DFF        ref:/WORK/zigbee/payload_ram/mem_reg[85][1]
  Impl DFF        imp:/WORK/zigbee/payload_ram/mem_reg[85][1]

  Ref  DFF        ref:/WORK/zigbee/payload_ram/mem_reg[85][2]
  Impl DFF        imp:/WORK/zigbee/payload_ram/mem_reg[85][2]

  Ref  DFF        ref:/WORK/zigbee/payload_ram/mem_reg[85][3]
  Impl DFF        imp:/WORK/zigbee/payload_ram/mem_reg[85][3]

  Ref  DFF        ref:/WORK/zigbee/payload_ram/mem_reg[85][4]
  Impl DFF        imp:/WORK/zigbee/payload_ram/mem_reg[85][4]

  Ref  DFF        ref:/WORK/zigbee/payload_ram/mem_reg[85][5]
  Impl DFF        imp:/WORK/zigbee/payload_ram/mem_reg[85][5]

  Ref  DFF        ref:/WORK/zigbee/payload_ram/mem_reg[85][6]
  Impl DFF        imp:/WORK/zigbee/payload_ram/mem_reg[85][6]

  Ref  DFF        ref:/WORK/zigbee/payload_ram/mem_reg[85][7]
  Impl DFF        imp:/WORK/zigbee/payload_ram/mem_reg[85][7]

  Ref  DFF        ref:/WORK/zigbee/payload_ram/mem_reg[86][0]
  Impl DFF        imp:/WORK/zigbee/payload_ram/mem_reg[86][0]

  Ref  DFF        ref:/WORK/zigbee/payload_ram/mem_reg[86][1]
  Impl DFF        imp:/WORK/zigbee/payload_ram/mem_reg[86][1]

  Ref  DFF        ref:/WORK/zigbee/payload_ram/mem_reg[86][2]
  Impl DFF        imp:/WORK/zigbee/payload_ram/mem_reg[86][2]

  Ref  DFF        ref:/WORK/zigbee/payload_ram/mem_reg[86][3]
  Impl DFF        imp:/WORK/zigbee/payload_ram/mem_reg[86][3]

  Ref  DFF        ref:/WORK/zigbee/payload_ram/mem_reg[86][4]
  Impl DFF        imp:/WORK/zigbee/payload_ram/mem_reg[86][4]

  Ref  DFF        ref:/WORK/zigbee/payload_ram/mem_reg[86][5]
  Impl DFF        imp:/WORK/zigbee/payload_ram/mem_reg[86][5]

  Ref  DFF        ref:/WORK/zigbee/payload_ram/mem_reg[86][6]
  Impl DFF        imp:/WORK/zigbee/payload_ram/mem_reg[86][6]

  Ref  DFF        ref:/WORK/zigbee/payload_ram/mem_reg[86][7]
  Impl DFF        imp:/WORK/zigbee/payload_ram/mem_reg[86][7]

  Ref  DFF        ref:/WORK/zigbee/payload_ram/mem_reg[87][0]
  Impl DFF        imp:/WORK/zigbee/payload_ram/mem_reg[87][0]

  Ref  DFF        ref:/WORK/zigbee/payload_ram/mem_reg[87][1]
  Impl DFF        imp:/WORK/zigbee/payload_ram/mem_reg[87][1]

  Ref  DFF        ref:/WORK/zigbee/payload_ram/mem_reg[87][2]
  Impl DFF        imp:/WORK/zigbee/payload_ram/mem_reg[87][2]

  Ref  DFF        ref:/WORK/zigbee/payload_ram/mem_reg[87][3]
  Impl DFF        imp:/WORK/zigbee/payload_ram/mem_reg[87][3]

  Ref  DFF        ref:/WORK/zigbee/payload_ram/mem_reg[87][4]
  Impl DFF        imp:/WORK/zigbee/payload_ram/mem_reg[87][4]

  Ref  DFF        ref:/WORK/zigbee/payload_ram/mem_reg[87][5]
  Impl DFF        imp:/WORK/zigbee/payload_ram/mem_reg[87][5]

  Ref  DFF        ref:/WORK/zigbee/payload_ram/mem_reg[87][6]
  Impl DFF        imp:/WORK/zigbee/payload_ram/mem_reg[87][6]

  Ref  DFF        ref:/WORK/zigbee/payload_ram/mem_reg[87][7]
  Impl DFF        imp:/WORK/zigbee/payload_ram/mem_reg[87][7]

  Ref  DFF        ref:/WORK/zigbee/payload_ram/mem_reg[88][0]
  Impl DFF        imp:/WORK/zigbee/payload_ram/mem_reg[88][0]

  Ref  DFF        ref:/WORK/zigbee/payload_ram/mem_reg[88][1]
  Impl DFF        imp:/WORK/zigbee/payload_ram/mem_reg[88][1]

  Ref  DFF        ref:/WORK/zigbee/payload_ram/mem_reg[88][2]
  Impl DFF        imp:/WORK/zigbee/payload_ram/mem_reg[88][2]

  Ref  DFF        ref:/WORK/zigbee/payload_ram/mem_reg[88][3]
  Impl DFF        imp:/WORK/zigbee/payload_ram/mem_reg[88][3]

  Ref  DFF        ref:/WORK/zigbee/payload_ram/mem_reg[88][4]
  Impl DFF        imp:/WORK/zigbee/payload_ram/mem_reg[88][4]

  Ref  DFF        ref:/WORK/zigbee/payload_ram/mem_reg[88][5]
  Impl DFF        imp:/WORK/zigbee/payload_ram/mem_reg[88][5]

  Ref  DFF        ref:/WORK/zigbee/payload_ram/mem_reg[88][6]
  Impl DFF        imp:/WORK/zigbee/payload_ram/mem_reg[88][6]

  Ref  DFF        ref:/WORK/zigbee/payload_ram/mem_reg[88][7]
  Impl DFF        imp:/WORK/zigbee/payload_ram/mem_reg[88][7]

  Ref  DFF        ref:/WORK/zigbee/payload_ram/mem_reg[89][0]
  Impl DFF        imp:/WORK/zigbee/payload_ram/mem_reg[89][0]

  Ref  DFF        ref:/WORK/zigbee/payload_ram/mem_reg[89][1]
  Impl DFF        imp:/WORK/zigbee/payload_ram/mem_reg[89][1]

  Ref  DFF        ref:/WORK/zigbee/payload_ram/mem_reg[89][2]
  Impl DFF        imp:/WORK/zigbee/payload_ram/mem_reg[89][2]

  Ref  DFF        ref:/WORK/zigbee/payload_ram/mem_reg[89][3]
  Impl DFF        imp:/WORK/zigbee/payload_ram/mem_reg[89][3]

  Ref  DFF        ref:/WORK/zigbee/payload_ram/mem_reg[89][4]
  Impl DFF        imp:/WORK/zigbee/payload_ram/mem_reg[89][4]

  Ref  DFF        ref:/WORK/zigbee/payload_ram/mem_reg[89][5]
  Impl DFF        imp:/WORK/zigbee/payload_ram/mem_reg[89][5]

  Ref  DFF        ref:/WORK/zigbee/payload_ram/mem_reg[89][6]
  Impl DFF        imp:/WORK/zigbee/payload_ram/mem_reg[89][6]

  Ref  DFF        ref:/WORK/zigbee/payload_ram/mem_reg[89][7]
  Impl DFF        imp:/WORK/zigbee/payload_ram/mem_reg[89][7]

  Ref  DFF        ref:/WORK/zigbee/payload_ram/mem_reg[8][0]
  Impl DFF        imp:/WORK/zigbee/payload_ram/mem_reg[8][0]

  Ref  DFF        ref:/WORK/zigbee/payload_ram/mem_reg[8][1]
  Impl DFF        imp:/WORK/zigbee/payload_ram/mem_reg[8][1]

  Ref  DFF        ref:/WORK/zigbee/payload_ram/mem_reg[8][2]
  Impl DFF        imp:/WORK/zigbee/payload_ram/mem_reg[8][2]

  Ref  DFF        ref:/WORK/zigbee/payload_ram/mem_reg[8][3]
  Impl DFF        imp:/WORK/zigbee/payload_ram/mem_reg[8][3]

  Ref  DFF        ref:/WORK/zigbee/payload_ram/mem_reg[8][4]
  Impl DFF        imp:/WORK/zigbee/payload_ram/mem_reg[8][4]

  Ref  DFF        ref:/WORK/zigbee/payload_ram/mem_reg[8][5]
  Impl DFF        imp:/WORK/zigbee/payload_ram/mem_reg[8][5]

  Ref  DFF        ref:/WORK/zigbee/payload_ram/mem_reg[8][6]
  Impl DFF        imp:/WORK/zigbee/payload_ram/mem_reg[8][6]

  Ref  DFF        ref:/WORK/zigbee/payload_ram/mem_reg[8][7]
  Impl DFF        imp:/WORK/zigbee/payload_ram/mem_reg[8][7]

  Ref  DFF        ref:/WORK/zigbee/payload_ram/mem_reg[90][0]
  Impl DFF        imp:/WORK/zigbee/payload_ram/mem_reg[90][0]

  Ref  DFF        ref:/WORK/zigbee/payload_ram/mem_reg[90][1]
  Impl DFF        imp:/WORK/zigbee/payload_ram/mem_reg[90][1]

  Ref  DFF        ref:/WORK/zigbee/payload_ram/mem_reg[90][2]
  Impl DFF        imp:/WORK/zigbee/payload_ram/mem_reg[90][2]

  Ref  DFF        ref:/WORK/zigbee/payload_ram/mem_reg[90][3]
  Impl DFF        imp:/WORK/zigbee/payload_ram/mem_reg[90][3]

  Ref  DFF        ref:/WORK/zigbee/payload_ram/mem_reg[90][4]
  Impl DFF        imp:/WORK/zigbee/payload_ram/mem_reg[90][4]

  Ref  DFF        ref:/WORK/zigbee/payload_ram/mem_reg[90][5]
  Impl DFF        imp:/WORK/zigbee/payload_ram/mem_reg[90][5]

  Ref  DFF        ref:/WORK/zigbee/payload_ram/mem_reg[90][6]
  Impl DFF        imp:/WORK/zigbee/payload_ram/mem_reg[90][6]

  Ref  DFF        ref:/WORK/zigbee/payload_ram/mem_reg[90][7]
  Impl DFF        imp:/WORK/zigbee/payload_ram/mem_reg[90][7]

  Ref  DFF        ref:/WORK/zigbee/payload_ram/mem_reg[91][0]
  Impl DFF        imp:/WORK/zigbee/payload_ram/mem_reg[91][0]

  Ref  DFF        ref:/WORK/zigbee/payload_ram/mem_reg[91][1]
  Impl DFF        imp:/WORK/zigbee/payload_ram/mem_reg[91][1]

  Ref  DFF        ref:/WORK/zigbee/payload_ram/mem_reg[91][2]
  Impl DFF        imp:/WORK/zigbee/payload_ram/mem_reg[91][2]

  Ref  DFF        ref:/WORK/zigbee/payload_ram/mem_reg[91][3]
  Impl DFF        imp:/WORK/zigbee/payload_ram/mem_reg[91][3]

  Ref  DFF        ref:/WORK/zigbee/payload_ram/mem_reg[91][4]
  Impl DFF        imp:/WORK/zigbee/payload_ram/mem_reg[91][4]

  Ref  DFF        ref:/WORK/zigbee/payload_ram/mem_reg[91][5]
  Impl DFF        imp:/WORK/zigbee/payload_ram/mem_reg[91][5]

  Ref  DFF        ref:/WORK/zigbee/payload_ram/mem_reg[91][6]
  Impl DFF        imp:/WORK/zigbee/payload_ram/mem_reg[91][6]

  Ref  DFF        ref:/WORK/zigbee/payload_ram/mem_reg[91][7]
  Impl DFF        imp:/WORK/zigbee/payload_ram/mem_reg[91][7]

  Ref  DFF        ref:/WORK/zigbee/payload_ram/mem_reg[92][0]
  Impl DFF        imp:/WORK/zigbee/payload_ram/mem_reg[92][0]

  Ref  DFF        ref:/WORK/zigbee/payload_ram/mem_reg[92][1]
  Impl DFF        imp:/WORK/zigbee/payload_ram/mem_reg[92][1]

  Ref  DFF        ref:/WORK/zigbee/payload_ram/mem_reg[92][2]
  Impl DFF        imp:/WORK/zigbee/payload_ram/mem_reg[92][2]

  Ref  DFF        ref:/WORK/zigbee/payload_ram/mem_reg[92][3]
  Impl DFF        imp:/WORK/zigbee/payload_ram/mem_reg[92][3]

  Ref  DFF        ref:/WORK/zigbee/payload_ram/mem_reg[92][4]
  Impl DFF        imp:/WORK/zigbee/payload_ram/mem_reg[92][4]

  Ref  DFF        ref:/WORK/zigbee/payload_ram/mem_reg[92][5]
  Impl DFF        imp:/WORK/zigbee/payload_ram/mem_reg[92][5]

  Ref  DFF        ref:/WORK/zigbee/payload_ram/mem_reg[92][6]
  Impl DFF        imp:/WORK/zigbee/payload_ram/mem_reg[92][6]

  Ref  DFF        ref:/WORK/zigbee/payload_ram/mem_reg[92][7]
  Impl DFF        imp:/WORK/zigbee/payload_ram/mem_reg[92][7]

  Ref  DFF        ref:/WORK/zigbee/payload_ram/mem_reg[93][0]
  Impl DFF        imp:/WORK/zigbee/payload_ram/mem_reg[93][0]

  Ref  DFF        ref:/WORK/zigbee/payload_ram/mem_reg[93][1]
  Impl DFF        imp:/WORK/zigbee/payload_ram/mem_reg[93][1]

  Ref  DFF        ref:/WORK/zigbee/payload_ram/mem_reg[93][2]
  Impl DFF        imp:/WORK/zigbee/payload_ram/mem_reg[93][2]

  Ref  DFF        ref:/WORK/zigbee/payload_ram/mem_reg[93][3]
  Impl DFF        imp:/WORK/zigbee/payload_ram/mem_reg[93][3]

  Ref  DFF        ref:/WORK/zigbee/payload_ram/mem_reg[93][4]
  Impl DFF        imp:/WORK/zigbee/payload_ram/mem_reg[93][4]

  Ref  DFF        ref:/WORK/zigbee/payload_ram/mem_reg[93][5]
  Impl DFF        imp:/WORK/zigbee/payload_ram/mem_reg[93][5]

  Ref  DFF        ref:/WORK/zigbee/payload_ram/mem_reg[93][6]
  Impl DFF        imp:/WORK/zigbee/payload_ram/mem_reg[93][6]

  Ref  DFF        ref:/WORK/zigbee/payload_ram/mem_reg[93][7]
  Impl DFF        imp:/WORK/zigbee/payload_ram/mem_reg[93][7]

  Ref  DFF        ref:/WORK/zigbee/payload_ram/mem_reg[94][0]
  Impl DFF        imp:/WORK/zigbee/payload_ram/mem_reg[94][0]

  Ref  DFF        ref:/WORK/zigbee/payload_ram/mem_reg[94][1]
  Impl DFF        imp:/WORK/zigbee/payload_ram/mem_reg[94][1]

  Ref  DFF        ref:/WORK/zigbee/payload_ram/mem_reg[94][2]
  Impl DFF        imp:/WORK/zigbee/payload_ram/mem_reg[94][2]

  Ref  DFF        ref:/WORK/zigbee/payload_ram/mem_reg[94][3]
  Impl DFF        imp:/WORK/zigbee/payload_ram/mem_reg[94][3]

  Ref  DFF        ref:/WORK/zigbee/payload_ram/mem_reg[94][4]
  Impl DFF        imp:/WORK/zigbee/payload_ram/mem_reg[94][4]

  Ref  DFF        ref:/WORK/zigbee/payload_ram/mem_reg[94][5]
  Impl DFF        imp:/WORK/zigbee/payload_ram/mem_reg[94][5]

  Ref  DFF        ref:/WORK/zigbee/payload_ram/mem_reg[94][6]
  Impl DFF        imp:/WORK/zigbee/payload_ram/mem_reg[94][6]

  Ref  DFF        ref:/WORK/zigbee/payload_ram/mem_reg[94][7]
  Impl DFF        imp:/WORK/zigbee/payload_ram/mem_reg[94][7]

  Ref  DFF        ref:/WORK/zigbee/payload_ram/mem_reg[95][0]
  Impl DFF        imp:/WORK/zigbee/payload_ram/mem_reg[95][0]

  Ref  DFF        ref:/WORK/zigbee/payload_ram/mem_reg[95][1]
  Impl DFF        imp:/WORK/zigbee/payload_ram/mem_reg[95][1]

  Ref  DFF        ref:/WORK/zigbee/payload_ram/mem_reg[95][2]
  Impl DFF        imp:/WORK/zigbee/payload_ram/mem_reg[95][2]

  Ref  DFF        ref:/WORK/zigbee/payload_ram/mem_reg[95][3]
  Impl DFF        imp:/WORK/zigbee/payload_ram/mem_reg[95][3]

  Ref  DFF        ref:/WORK/zigbee/payload_ram/mem_reg[95][4]
  Impl DFF        imp:/WORK/zigbee/payload_ram/mem_reg[95][4]

  Ref  DFF        ref:/WORK/zigbee/payload_ram/mem_reg[95][5]
  Impl DFF        imp:/WORK/zigbee/payload_ram/mem_reg[95][5]

  Ref  DFF        ref:/WORK/zigbee/payload_ram/mem_reg[95][6]
  Impl DFF        imp:/WORK/zigbee/payload_ram/mem_reg[95][6]

  Ref  DFF        ref:/WORK/zigbee/payload_ram/mem_reg[95][7]
  Impl DFF        imp:/WORK/zigbee/payload_ram/mem_reg[95][7]

  Ref  DFF        ref:/WORK/zigbee/payload_ram/mem_reg[96][0]
  Impl DFF        imp:/WORK/zigbee/payload_ram/mem_reg[96][0]

  Ref  DFF        ref:/WORK/zigbee/payload_ram/mem_reg[96][1]
  Impl DFF        imp:/WORK/zigbee/payload_ram/mem_reg[96][1]

  Ref  DFF        ref:/WORK/zigbee/payload_ram/mem_reg[96][2]
  Impl DFF        imp:/WORK/zigbee/payload_ram/mem_reg[96][2]

  Ref  DFF        ref:/WORK/zigbee/payload_ram/mem_reg[96][3]
  Impl DFF        imp:/WORK/zigbee/payload_ram/mem_reg[96][3]

  Ref  DFF        ref:/WORK/zigbee/payload_ram/mem_reg[96][4]
  Impl DFF        imp:/WORK/zigbee/payload_ram/mem_reg[96][4]

  Ref  DFF        ref:/WORK/zigbee/payload_ram/mem_reg[96][5]
  Impl DFF        imp:/WORK/zigbee/payload_ram/mem_reg[96][5]

  Ref  DFF        ref:/WORK/zigbee/payload_ram/mem_reg[96][6]
  Impl DFF        imp:/WORK/zigbee/payload_ram/mem_reg[96][6]

  Ref  DFF        ref:/WORK/zigbee/payload_ram/mem_reg[96][7]
  Impl DFF        imp:/WORK/zigbee/payload_ram/mem_reg[96][7]

  Ref  DFF        ref:/WORK/zigbee/payload_ram/mem_reg[97][0]
  Impl DFF        imp:/WORK/zigbee/payload_ram/mem_reg[97][0]

  Ref  DFF        ref:/WORK/zigbee/payload_ram/mem_reg[97][1]
  Impl DFF        imp:/WORK/zigbee/payload_ram/mem_reg[97][1]

  Ref  DFF        ref:/WORK/zigbee/payload_ram/mem_reg[97][2]
  Impl DFF        imp:/WORK/zigbee/payload_ram/mem_reg[97][2]

  Ref  DFF        ref:/WORK/zigbee/payload_ram/mem_reg[97][3]
  Impl DFF        imp:/WORK/zigbee/payload_ram/mem_reg[97][3]

  Ref  DFF        ref:/WORK/zigbee/payload_ram/mem_reg[97][4]
  Impl DFF        imp:/WORK/zigbee/payload_ram/mem_reg[97][4]

  Ref  DFF        ref:/WORK/zigbee/payload_ram/mem_reg[97][5]
  Impl DFF        imp:/WORK/zigbee/payload_ram/mem_reg[97][5]

  Ref  DFF        ref:/WORK/zigbee/payload_ram/mem_reg[97][6]
  Impl DFF        imp:/WORK/zigbee/payload_ram/mem_reg[97][6]

  Ref  DFF        ref:/WORK/zigbee/payload_ram/mem_reg[97][7]
  Impl DFF        imp:/WORK/zigbee/payload_ram/mem_reg[97][7]

  Ref  DFF        ref:/WORK/zigbee/payload_ram/mem_reg[98][0]
  Impl DFF        imp:/WORK/zigbee/payload_ram/mem_reg[98][0]

  Ref  DFF        ref:/WORK/zigbee/payload_ram/mem_reg[98][1]
  Impl DFF        imp:/WORK/zigbee/payload_ram/mem_reg[98][1]

  Ref  DFF        ref:/WORK/zigbee/payload_ram/mem_reg[98][2]
  Impl DFF        imp:/WORK/zigbee/payload_ram/mem_reg[98][2]

  Ref  DFF        ref:/WORK/zigbee/payload_ram/mem_reg[98][3]
  Impl DFF        imp:/WORK/zigbee/payload_ram/mem_reg[98][3]

  Ref  DFF        ref:/WORK/zigbee/payload_ram/mem_reg[98][4]
  Impl DFF        imp:/WORK/zigbee/payload_ram/mem_reg[98][4]

  Ref  DFF        ref:/WORK/zigbee/payload_ram/mem_reg[98][5]
  Impl DFF        imp:/WORK/zigbee/payload_ram/mem_reg[98][5]

  Ref  DFF        ref:/WORK/zigbee/payload_ram/mem_reg[98][6]
  Impl DFF        imp:/WORK/zigbee/payload_ram/mem_reg[98][6]

  Ref  DFF        ref:/WORK/zigbee/payload_ram/mem_reg[98][7]
  Impl DFF        imp:/WORK/zigbee/payload_ram/mem_reg[98][7]

  Ref  DFF        ref:/WORK/zigbee/payload_ram/mem_reg[99][0]
  Impl DFF        imp:/WORK/zigbee/payload_ram/mem_reg[99][0]

  Ref  DFF        ref:/WORK/zigbee/payload_ram/mem_reg[99][1]
  Impl DFF        imp:/WORK/zigbee/payload_ram/mem_reg[99][1]

  Ref  DFF        ref:/WORK/zigbee/payload_ram/mem_reg[99][2]
  Impl DFF        imp:/WORK/zigbee/payload_ram/mem_reg[99][2]

  Ref  DFF        ref:/WORK/zigbee/payload_ram/mem_reg[99][3]
  Impl DFF        imp:/WORK/zigbee/payload_ram/mem_reg[99][3]

  Ref  DFF        ref:/WORK/zigbee/payload_ram/mem_reg[99][4]
  Impl DFF        imp:/WORK/zigbee/payload_ram/mem_reg[99][4]

  Ref  DFF        ref:/WORK/zigbee/payload_ram/mem_reg[99][5]
  Impl DFF        imp:/WORK/zigbee/payload_ram/mem_reg[99][5]

  Ref  DFF        ref:/WORK/zigbee/payload_ram/mem_reg[99][6]
  Impl DFF        imp:/WORK/zigbee/payload_ram/mem_reg[99][6]

  Ref  DFF        ref:/WORK/zigbee/payload_ram/mem_reg[99][7]
  Impl DFF        imp:/WORK/zigbee/payload_ram/mem_reg[99][7]

  Ref  DFF        ref:/WORK/zigbee/payload_ram/mem_reg[9][0]
  Impl DFF        imp:/WORK/zigbee/payload_ram/mem_reg[9][0]

  Ref  DFF        ref:/WORK/zigbee/payload_ram/mem_reg[9][1]
  Impl DFF        imp:/WORK/zigbee/payload_ram/mem_reg[9][1]

  Ref  DFF        ref:/WORK/zigbee/payload_ram/mem_reg[9][2]
  Impl DFF        imp:/WORK/zigbee/payload_ram/mem_reg[9][2]

  Ref  DFF        ref:/WORK/zigbee/payload_ram/mem_reg[9][3]
  Impl DFF        imp:/WORK/zigbee/payload_ram/mem_reg[9][3]

  Ref  DFF        ref:/WORK/zigbee/payload_ram/mem_reg[9][4]
  Impl DFF        imp:/WORK/zigbee/payload_ram/mem_reg[9][4]

  Ref  DFF        ref:/WORK/zigbee/payload_ram/mem_reg[9][5]
  Impl DFF        imp:/WORK/zigbee/payload_ram/mem_reg[9][5]

  Ref  DFF        ref:/WORK/zigbee/payload_ram/mem_reg[9][6]
  Impl DFF        imp:/WORK/zigbee/payload_ram/mem_reg[9][6]

  Ref  DFF        ref:/WORK/zigbee/payload_ram/mem_reg[9][7]
  Impl DFF        imp:/WORK/zigbee/payload_ram/mem_reg[9][7]

  Ref  DFF        ref:/WORK/zigbee/payload_ram/rd_from_addr_reg[0]
  Impl DFF        imp:/WORK/zigbee/payload_ram/rd_from_addr_reg[0]

  Ref  DFF        ref:/WORK/zigbee/payload_ram/rd_from_addr_reg[1]
  Impl DFF        imp:/WORK/zigbee/payload_ram/rd_from_addr_reg[1]

  Ref  DFF        ref:/WORK/zigbee/payload_ram/rd_from_addr_reg[2]
  Impl DFF        imp:/WORK/zigbee/payload_ram/rd_from_addr_reg[2]

  Ref  DFF        ref:/WORK/zigbee/payload_ram/rd_from_addr_reg[3]
  Impl DFF        imp:/WORK/zigbee/payload_ram/rd_from_addr_reg[3]

  Ref  DFF        ref:/WORK/zigbee/payload_ram/rd_from_addr_reg[4]
  Impl DFF        imp:/WORK/zigbee/payload_ram/rd_from_addr_reg[4]

  Ref  DFF        ref:/WORK/zigbee/payload_ram/rd_from_addr_reg[5]
  Impl DFF        imp:/WORK/zigbee/payload_ram/rd_from_addr_reg[5]

  Ref  DFF        ref:/WORK/zigbee/payload_ram/rd_from_addr_reg[6]
  Impl DFF        imp:/WORK/zigbee/payload_ram/rd_from_addr_reg[6]

  Ref  DFF        ref:/WORK/zigbee/payload_ram/rd_from_addr_reg[7]
  Impl DFF        imp:/WORK/zigbee/payload_ram/rd_from_addr_reg[7]

  Ref  DFF        ref:/WORK/zigbee/payload_ram/wr_in_addr_reg[0]
  Impl DFF        imp:/WORK/zigbee/payload_ram/wr_in_addr_reg[0]

  Ref  DFF        ref:/WORK/zigbee/payload_ram/wr_in_addr_reg[1]
  Impl DFF        imp:/WORK/zigbee/payload_ram/wr_in_addr_reg[1]

  Ref  DFF        ref:/WORK/zigbee/payload_ram/wr_in_addr_reg[2]
  Impl DFF        imp:/WORK/zigbee/payload_ram/wr_in_addr_reg[2]

  Ref  DFF        ref:/WORK/zigbee/payload_ram/wr_in_addr_reg[3]
  Impl DFF        imp:/WORK/zigbee/payload_ram/wr_in_addr_reg[3]

  Ref  DFF        ref:/WORK/zigbee/payload_ram/wr_in_addr_reg[4]
  Impl DFF        imp:/WORK/zigbee/payload_ram/wr_in_addr_reg[4]

  Ref  DFF        ref:/WORK/zigbee/payload_ram/wr_in_addr_reg[5]
  Impl DFF        imp:/WORK/zigbee/payload_ram/wr_in_addr_reg[5]

  Ref  DFF        ref:/WORK/zigbee/payload_ram/wr_in_addr_reg[6]
  Impl DFF        imp:/WORK/zigbee/payload_ram/wr_in_addr_reg[6]

  Ref  DFF        ref:/WORK/zigbee/payload_ram/wr_in_addr_reg[7]
  Impl DFF        imp:/WORK/zigbee/payload_ram/wr_in_addr_reg[7]

  Ref  DFF        ref:/WORK/zigbee/symbol_mapper_to_ppdu/u_form_ppdu/bit_count_reg[0]
  Impl DFF        imp:/WORK/zigbee/symbol_mapper_to_ppdu/u_form_ppdu/bit_count_reg[0]

  Ref  DFF        ref:/WORK/zigbee/symbol_mapper_to_ppdu/u_form_ppdu/bit_count_reg[1]
  Impl DFF        imp:/WORK/zigbee/symbol_mapper_to_ppdu/u_form_ppdu/bit_count_reg[1]

  Ref  DFF        ref:/WORK/zigbee/symbol_mapper_to_ppdu/u_form_ppdu/bit_count_reg[2]
  Impl DFF        imp:/WORK/zigbee/symbol_mapper_to_ppdu/u_form_ppdu/bit_count_reg[2]

  Ref  DFF        ref:/WORK/zigbee/symbol_mapper_to_ppdu/u_form_ppdu/bit_count_reg[3]
  Impl DFF        imp:/WORK/zigbee/symbol_mapper_to_ppdu/u_form_ppdu/bit_count_reg[3]

  Ref  DFF        ref:/WORK/zigbee/symbol_mapper_to_ppdu/u_form_ppdu/bit_count_reg[4]
  Impl DFF        imp:/WORK/zigbee/symbol_mapper_to_ppdu/u_form_ppdu/bit_count_reg[4]

  Ref  DFF        ref:/WORK/zigbee/symbol_mapper_to_ppdu/u_form_ppdu/bit_count_reg[5]
  Impl DFF        imp:/WORK/zigbee/symbol_mapper_to_ppdu/u_form_ppdu/bit_count_reg[5]

  Ref  DFF        ref:/WORK/zigbee/symbol_mapper_to_ppdu/u_form_ppdu/o_i_reg
  Impl DFF        imp:/WORK/zigbee/symbol_mapper_to_ppdu/u_form_ppdu/o_i_reg

  Ref  DFF        ref:/WORK/zigbee/symbol_mapper_to_ppdu/u_form_ppdu/o_q_reg
  Impl DFF        imp:/WORK/zigbee/symbol_mapper_to_ppdu/u_form_ppdu/o_q_reg

  Ref  DFF        ref:/WORK/zigbee/symbol_mapper_to_ppdu/u_form_ppdu/o_valid_reg
  Impl DFF        imp:/WORK/zigbee/symbol_mapper_to_ppdu/u_form_ppdu/o_valid_reg

  Ref  DFF        ref:/WORK/zigbee/symbol_mapper_to_ppdu/u_form_ppdu/reg_data_i_reg[0]
  Impl DFF        imp:/WORK/zigbee/symbol_mapper_to_ppdu/u_form_ppdu/reg_data_i_reg[0]

  Ref  DFF        ref:/WORK/zigbee/symbol_mapper_to_ppdu/u_form_ppdu/reg_data_i_reg[10]
  Impl DFF        imp:/WORK/zigbee/symbol_mapper_to_ppdu/u_form_ppdu/reg_data_i_reg[10]

  Ref  DFF        ref:/WORK/zigbee/symbol_mapper_to_ppdu/u_form_ppdu/reg_data_i_reg[11]
  Impl DFF        imp:/WORK/zigbee/symbol_mapper_to_ppdu/u_form_ppdu/reg_data_i_reg[11]

  Ref  DFF        ref:/WORK/zigbee/symbol_mapper_to_ppdu/u_form_ppdu/reg_data_i_reg[12]
  Impl DFF        imp:/WORK/zigbee/symbol_mapper_to_ppdu/u_form_ppdu/reg_data_i_reg[12]

  Ref  DFF        ref:/WORK/zigbee/symbol_mapper_to_ppdu/u_form_ppdu/reg_data_i_reg[13]
  Impl DFF        imp:/WORK/zigbee/symbol_mapper_to_ppdu/u_form_ppdu/reg_data_i_reg[13]

  Ref  DFF        ref:/WORK/zigbee/symbol_mapper_to_ppdu/u_form_ppdu/reg_data_i_reg[14]
  Impl DFF        imp:/WORK/zigbee/symbol_mapper_to_ppdu/u_form_ppdu/reg_data_i_reg[14]

  Ref  DFF        ref:/WORK/zigbee/symbol_mapper_to_ppdu/u_form_ppdu/reg_data_i_reg[15]
  Impl DFF        imp:/WORK/zigbee/symbol_mapper_to_ppdu/u_form_ppdu/reg_data_i_reg[15]

  Ref  DFF        ref:/WORK/zigbee/symbol_mapper_to_ppdu/u_form_ppdu/reg_data_i_reg[16]
  Impl DFF        imp:/WORK/zigbee/symbol_mapper_to_ppdu/u_form_ppdu/reg_data_i_reg[16]

  Ref  DFF        ref:/WORK/zigbee/symbol_mapper_to_ppdu/u_form_ppdu/reg_data_i_reg[17]
  Impl DFF        imp:/WORK/zigbee/symbol_mapper_to_ppdu/u_form_ppdu/reg_data_i_reg[17]

  Ref  DFF        ref:/WORK/zigbee/symbol_mapper_to_ppdu/u_form_ppdu/reg_data_i_reg[18]
  Impl DFF        imp:/WORK/zigbee/symbol_mapper_to_ppdu/u_form_ppdu/reg_data_i_reg[18]

  Ref  DFF        ref:/WORK/zigbee/symbol_mapper_to_ppdu/u_form_ppdu/reg_data_i_reg[19]
  Impl DFF        imp:/WORK/zigbee/symbol_mapper_to_ppdu/u_form_ppdu/reg_data_i_reg[19]

  Ref  DFF        ref:/WORK/zigbee/symbol_mapper_to_ppdu/u_form_ppdu/reg_data_i_reg[1]
  Impl DFF        imp:/WORK/zigbee/symbol_mapper_to_ppdu/u_form_ppdu/reg_data_i_reg[1]

  Ref  DFF        ref:/WORK/zigbee/symbol_mapper_to_ppdu/u_form_ppdu/reg_data_i_reg[20]
  Impl DFF        imp:/WORK/zigbee/symbol_mapper_to_ppdu/u_form_ppdu/reg_data_i_reg[20]

  Ref  DFF        ref:/WORK/zigbee/symbol_mapper_to_ppdu/u_form_ppdu/reg_data_i_reg[21]
  Impl DFF        imp:/WORK/zigbee/symbol_mapper_to_ppdu/u_form_ppdu/reg_data_i_reg[21]

  Ref  DFF        ref:/WORK/zigbee/symbol_mapper_to_ppdu/u_form_ppdu/reg_data_i_reg[22]
  Impl DFF        imp:/WORK/zigbee/symbol_mapper_to_ppdu/u_form_ppdu/reg_data_i_reg[22]

  Ref  DFF        ref:/WORK/zigbee/symbol_mapper_to_ppdu/u_form_ppdu/reg_data_i_reg[23]
  Impl DFF        imp:/WORK/zigbee/symbol_mapper_to_ppdu/u_form_ppdu/reg_data_i_reg[23]

  Ref  DFF        ref:/WORK/zigbee/symbol_mapper_to_ppdu/u_form_ppdu/reg_data_i_reg[24]
  Impl DFF        imp:/WORK/zigbee/symbol_mapper_to_ppdu/u_form_ppdu/reg_data_i_reg[24]

  Ref  DFF        ref:/WORK/zigbee/symbol_mapper_to_ppdu/u_form_ppdu/reg_data_i_reg[25]
  Impl DFF        imp:/WORK/zigbee/symbol_mapper_to_ppdu/u_form_ppdu/reg_data_i_reg[25]

  Ref  DFF        ref:/WORK/zigbee/symbol_mapper_to_ppdu/u_form_ppdu/reg_data_i_reg[26]
  Impl DFF        imp:/WORK/zigbee/symbol_mapper_to_ppdu/u_form_ppdu/reg_data_i_reg[26]

  Ref  DFF        ref:/WORK/zigbee/symbol_mapper_to_ppdu/u_form_ppdu/reg_data_i_reg[27]
  Impl DFF        imp:/WORK/zigbee/symbol_mapper_to_ppdu/u_form_ppdu/reg_data_i_reg[27]

  Ref  DFF        ref:/WORK/zigbee/symbol_mapper_to_ppdu/u_form_ppdu/reg_data_i_reg[28]
  Impl DFF        imp:/WORK/zigbee/symbol_mapper_to_ppdu/u_form_ppdu/reg_data_i_reg[28]

  Ref  DFF        ref:/WORK/zigbee/symbol_mapper_to_ppdu/u_form_ppdu/reg_data_i_reg[29]
  Impl DFF        imp:/WORK/zigbee/symbol_mapper_to_ppdu/u_form_ppdu/reg_data_i_reg[29]

  Ref  DFF        ref:/WORK/zigbee/symbol_mapper_to_ppdu/u_form_ppdu/reg_data_i_reg[2]
  Impl DFF        imp:/WORK/zigbee/symbol_mapper_to_ppdu/u_form_ppdu/reg_data_i_reg[2]

  Ref  DFF        ref:/WORK/zigbee/symbol_mapper_to_ppdu/u_form_ppdu/reg_data_i_reg[30]
  Impl DFF        imp:/WORK/zigbee/symbol_mapper_to_ppdu/u_form_ppdu/reg_data_i_reg[30]

  Ref  DFF        ref:/WORK/zigbee/symbol_mapper_to_ppdu/u_form_ppdu/reg_data_i_reg[31]
  Impl DFF        imp:/WORK/zigbee/symbol_mapper_to_ppdu/u_form_ppdu/reg_data_i_reg[31]

  Ref  DFF        ref:/WORK/zigbee/symbol_mapper_to_ppdu/u_form_ppdu/reg_data_i_reg[32]
  Impl DFF        imp:/WORK/zigbee/symbol_mapper_to_ppdu/u_form_ppdu/reg_data_i_reg[32]

  Ref  DFF        ref:/WORK/zigbee/symbol_mapper_to_ppdu/u_form_ppdu/reg_data_i_reg[33]
  Impl DFF        imp:/WORK/zigbee/symbol_mapper_to_ppdu/u_form_ppdu/reg_data_i_reg[33]

  Ref  DFF        ref:/WORK/zigbee/symbol_mapper_to_ppdu/u_form_ppdu/reg_data_i_reg[34]
  Impl DFF        imp:/WORK/zigbee/symbol_mapper_to_ppdu/u_form_ppdu/reg_data_i_reg[34]

  Ref  DFF        ref:/WORK/zigbee/symbol_mapper_to_ppdu/u_form_ppdu/reg_data_i_reg[35]
  Impl DFF        imp:/WORK/zigbee/symbol_mapper_to_ppdu/u_form_ppdu/reg_data_i_reg[35]

  Ref  DFF        ref:/WORK/zigbee/symbol_mapper_to_ppdu/u_form_ppdu/reg_data_i_reg[36]
  Impl DFF        imp:/WORK/zigbee/symbol_mapper_to_ppdu/u_form_ppdu/reg_data_i_reg[36]

  Ref  DFF        ref:/WORK/zigbee/symbol_mapper_to_ppdu/u_form_ppdu/reg_data_i_reg[37]
  Impl DFF        imp:/WORK/zigbee/symbol_mapper_to_ppdu/u_form_ppdu/reg_data_i_reg[37]

  Ref  DFF        ref:/WORK/zigbee/symbol_mapper_to_ppdu/u_form_ppdu/reg_data_i_reg[38]
  Impl DFF        imp:/WORK/zigbee/symbol_mapper_to_ppdu/u_form_ppdu/reg_data_i_reg[38]

  Ref  DFF        ref:/WORK/zigbee/symbol_mapper_to_ppdu/u_form_ppdu/reg_data_i_reg[39]
  Impl DFF        imp:/WORK/zigbee/symbol_mapper_to_ppdu/u_form_ppdu/reg_data_i_reg[39]

  Ref  DFF        ref:/WORK/zigbee/symbol_mapper_to_ppdu/u_form_ppdu/reg_data_i_reg[3]
  Impl DFF        imp:/WORK/zigbee/symbol_mapper_to_ppdu/u_form_ppdu/reg_data_i_reg[3]

  Ref  DFF        ref:/WORK/zigbee/symbol_mapper_to_ppdu/u_form_ppdu/reg_data_i_reg[40]
  Impl DFF        imp:/WORK/zigbee/symbol_mapper_to_ppdu/u_form_ppdu/reg_data_i_reg[40]

  Ref  DFF        ref:/WORK/zigbee/symbol_mapper_to_ppdu/u_form_ppdu/reg_data_i_reg[41]
  Impl DFF        imp:/WORK/zigbee/symbol_mapper_to_ppdu/u_form_ppdu/reg_data_i_reg[41]

  Ref  DFF        ref:/WORK/zigbee/symbol_mapper_to_ppdu/u_form_ppdu/reg_data_i_reg[42]
  Impl DFF        imp:/WORK/zigbee/symbol_mapper_to_ppdu/u_form_ppdu/reg_data_i_reg[42]

  Ref  DFF        ref:/WORK/zigbee/symbol_mapper_to_ppdu/u_form_ppdu/reg_data_i_reg[43]
  Impl DFF        imp:/WORK/zigbee/symbol_mapper_to_ppdu/u_form_ppdu/reg_data_i_reg[43]

  Ref  DFF        ref:/WORK/zigbee/symbol_mapper_to_ppdu/u_form_ppdu/reg_data_i_reg[44]
  Impl DFF        imp:/WORK/zigbee/symbol_mapper_to_ppdu/u_form_ppdu/reg_data_i_reg[44]

  Ref  DFF        ref:/WORK/zigbee/symbol_mapper_to_ppdu/u_form_ppdu/reg_data_i_reg[45]
  Impl DFF        imp:/WORK/zigbee/symbol_mapper_to_ppdu/u_form_ppdu/reg_data_i_reg[45]

  Ref  DFF        ref:/WORK/zigbee/symbol_mapper_to_ppdu/u_form_ppdu/reg_data_i_reg[46]
  Impl DFF        imp:/WORK/zigbee/symbol_mapper_to_ppdu/u_form_ppdu/reg_data_i_reg[46]

  Ref  DFF        ref:/WORK/zigbee/symbol_mapper_to_ppdu/u_form_ppdu/reg_data_i_reg[47]
  Impl DFF        imp:/WORK/zigbee/symbol_mapper_to_ppdu/u_form_ppdu/reg_data_i_reg[47]

  Ref  DFF        ref:/WORK/zigbee/symbol_mapper_to_ppdu/u_form_ppdu/reg_data_i_reg[4]
  Impl DFF        imp:/WORK/zigbee/symbol_mapper_to_ppdu/u_form_ppdu/reg_data_i_reg[4]

  Ref  DFF        ref:/WORK/zigbee/symbol_mapper_to_ppdu/u_form_ppdu/reg_data_i_reg[5]
  Impl DFF        imp:/WORK/zigbee/symbol_mapper_to_ppdu/u_form_ppdu/reg_data_i_reg[5]

  Ref  DFF        ref:/WORK/zigbee/symbol_mapper_to_ppdu/u_form_ppdu/reg_data_i_reg[6]
  Impl DFF        imp:/WORK/zigbee/symbol_mapper_to_ppdu/u_form_ppdu/reg_data_i_reg[6]

  Ref  DFF        ref:/WORK/zigbee/symbol_mapper_to_ppdu/u_form_ppdu/reg_data_i_reg[7]
  Impl DFF        imp:/WORK/zigbee/symbol_mapper_to_ppdu/u_form_ppdu/reg_data_i_reg[7]

  Ref  DFF        ref:/WORK/zigbee/symbol_mapper_to_ppdu/u_form_ppdu/reg_data_i_reg[8]
  Impl DFF        imp:/WORK/zigbee/symbol_mapper_to_ppdu/u_form_ppdu/reg_data_i_reg[8]

  Ref  DFF        ref:/WORK/zigbee/symbol_mapper_to_ppdu/u_form_ppdu/reg_data_i_reg[9]
  Impl DFF        imp:/WORK/zigbee/symbol_mapper_to_ppdu/u_form_ppdu/reg_data_i_reg[9]

  Ref  DFF        ref:/WORK/zigbee/symbol_mapper_to_ppdu/u_form_ppdu/reg_data_q_reg[0]
  Impl DFF        imp:/WORK/zigbee/symbol_mapper_to_ppdu/u_form_ppdu/reg_data_q_reg[0]

  Ref  DFF        ref:/WORK/zigbee/symbol_mapper_to_ppdu/u_form_ppdu/reg_data_q_reg[10]
  Impl DFF        imp:/WORK/zigbee/symbol_mapper_to_ppdu/u_form_ppdu/reg_data_q_reg[10]

  Ref  DFF        ref:/WORK/zigbee/symbol_mapper_to_ppdu/u_form_ppdu/reg_data_q_reg[11]
  Impl DFF        imp:/WORK/zigbee/symbol_mapper_to_ppdu/u_form_ppdu/reg_data_q_reg[11]

  Ref  DFF        ref:/WORK/zigbee/symbol_mapper_to_ppdu/u_form_ppdu/reg_data_q_reg[12]
  Impl DFF        imp:/WORK/zigbee/symbol_mapper_to_ppdu/u_form_ppdu/reg_data_q_reg[12]

  Ref  DFF        ref:/WORK/zigbee/symbol_mapper_to_ppdu/u_form_ppdu/reg_data_q_reg[13]
  Impl DFF        imp:/WORK/zigbee/symbol_mapper_to_ppdu/u_form_ppdu/reg_data_q_reg[13]

  Ref  DFF        ref:/WORK/zigbee/symbol_mapper_to_ppdu/u_form_ppdu/reg_data_q_reg[14]
  Impl DFF        imp:/WORK/zigbee/symbol_mapper_to_ppdu/u_form_ppdu/reg_data_q_reg[14]

  Ref  DFF        ref:/WORK/zigbee/symbol_mapper_to_ppdu/u_form_ppdu/reg_data_q_reg[15]
  Impl DFF        imp:/WORK/zigbee/symbol_mapper_to_ppdu/u_form_ppdu/reg_data_q_reg[15]

  Ref  DFF        ref:/WORK/zigbee/symbol_mapper_to_ppdu/u_form_ppdu/reg_data_q_reg[16]
  Impl DFF        imp:/WORK/zigbee/symbol_mapper_to_ppdu/u_form_ppdu/reg_data_q_reg[16]

  Ref  DFF        ref:/WORK/zigbee/symbol_mapper_to_ppdu/u_form_ppdu/reg_data_q_reg[17]
  Impl DFF        imp:/WORK/zigbee/symbol_mapper_to_ppdu/u_form_ppdu/reg_data_q_reg[17]

  Ref  DFF        ref:/WORK/zigbee/symbol_mapper_to_ppdu/u_form_ppdu/reg_data_q_reg[18]
  Impl DFF        imp:/WORK/zigbee/symbol_mapper_to_ppdu/u_form_ppdu/reg_data_q_reg[18]

  Ref  DFF        ref:/WORK/zigbee/symbol_mapper_to_ppdu/u_form_ppdu/reg_data_q_reg[19]
  Impl DFF        imp:/WORK/zigbee/symbol_mapper_to_ppdu/u_form_ppdu/reg_data_q_reg[19]

  Ref  DFF        ref:/WORK/zigbee/symbol_mapper_to_ppdu/u_form_ppdu/reg_data_q_reg[1]
  Impl DFF        imp:/WORK/zigbee/symbol_mapper_to_ppdu/u_form_ppdu/reg_data_q_reg[1]

  Ref  DFF        ref:/WORK/zigbee/symbol_mapper_to_ppdu/u_form_ppdu/reg_data_q_reg[20]
  Impl DFF        imp:/WORK/zigbee/symbol_mapper_to_ppdu/u_form_ppdu/reg_data_q_reg[20]

  Ref  DFF        ref:/WORK/zigbee/symbol_mapper_to_ppdu/u_form_ppdu/reg_data_q_reg[21]
  Impl DFF        imp:/WORK/zigbee/symbol_mapper_to_ppdu/u_form_ppdu/reg_data_q_reg[21]

  Ref  DFF        ref:/WORK/zigbee/symbol_mapper_to_ppdu/u_form_ppdu/reg_data_q_reg[22]
  Impl DFF        imp:/WORK/zigbee/symbol_mapper_to_ppdu/u_form_ppdu/reg_data_q_reg[22]

  Ref  DFF        ref:/WORK/zigbee/symbol_mapper_to_ppdu/u_form_ppdu/reg_data_q_reg[23]
  Impl DFF        imp:/WORK/zigbee/symbol_mapper_to_ppdu/u_form_ppdu/reg_data_q_reg[23]

  Ref  DFF        ref:/WORK/zigbee/symbol_mapper_to_ppdu/u_form_ppdu/reg_data_q_reg[24]
  Impl DFF        imp:/WORK/zigbee/symbol_mapper_to_ppdu/u_form_ppdu/reg_data_q_reg[24]

  Ref  DFF        ref:/WORK/zigbee/symbol_mapper_to_ppdu/u_form_ppdu/reg_data_q_reg[25]
  Impl DFF        imp:/WORK/zigbee/symbol_mapper_to_ppdu/u_form_ppdu/reg_data_q_reg[25]

  Ref  DFF        ref:/WORK/zigbee/symbol_mapper_to_ppdu/u_form_ppdu/reg_data_q_reg[26]
  Impl DFF        imp:/WORK/zigbee/symbol_mapper_to_ppdu/u_form_ppdu/reg_data_q_reg[26]

  Ref  DFF        ref:/WORK/zigbee/symbol_mapper_to_ppdu/u_form_ppdu/reg_data_q_reg[27]
  Impl DFF        imp:/WORK/zigbee/symbol_mapper_to_ppdu/u_form_ppdu/reg_data_q_reg[27]

  Ref  DFF        ref:/WORK/zigbee/symbol_mapper_to_ppdu/u_form_ppdu/reg_data_q_reg[28]
  Impl DFF        imp:/WORK/zigbee/symbol_mapper_to_ppdu/u_form_ppdu/reg_data_q_reg[28]

  Ref  DFF        ref:/WORK/zigbee/symbol_mapper_to_ppdu/u_form_ppdu/reg_data_q_reg[29]
  Impl DFF        imp:/WORK/zigbee/symbol_mapper_to_ppdu/u_form_ppdu/reg_data_q_reg[29]

  Ref  DFF        ref:/WORK/zigbee/symbol_mapper_to_ppdu/u_form_ppdu/reg_data_q_reg[2]
  Impl DFF        imp:/WORK/zigbee/symbol_mapper_to_ppdu/u_form_ppdu/reg_data_q_reg[2]

  Ref  DFF        ref:/WORK/zigbee/symbol_mapper_to_ppdu/u_form_ppdu/reg_data_q_reg[30]
  Impl DFF        imp:/WORK/zigbee/symbol_mapper_to_ppdu/u_form_ppdu/reg_data_q_reg[30]

  Ref  DFF        ref:/WORK/zigbee/symbol_mapper_to_ppdu/u_form_ppdu/reg_data_q_reg[31]
  Impl DFF        imp:/WORK/zigbee/symbol_mapper_to_ppdu/u_form_ppdu/reg_data_q_reg[31]

  Ref  DFF        ref:/WORK/zigbee/symbol_mapper_to_ppdu/u_form_ppdu/reg_data_q_reg[32]
  Impl DFF        imp:/WORK/zigbee/symbol_mapper_to_ppdu/u_form_ppdu/reg_data_q_reg[32]

  Ref  DFF        ref:/WORK/zigbee/symbol_mapper_to_ppdu/u_form_ppdu/reg_data_q_reg[33]
  Impl DFF        imp:/WORK/zigbee/symbol_mapper_to_ppdu/u_form_ppdu/reg_data_q_reg[33]

  Ref  DFF        ref:/WORK/zigbee/symbol_mapper_to_ppdu/u_form_ppdu/reg_data_q_reg[34]
  Impl DFF        imp:/WORK/zigbee/symbol_mapper_to_ppdu/u_form_ppdu/reg_data_q_reg[34]

  Ref  DFF        ref:/WORK/zigbee/symbol_mapper_to_ppdu/u_form_ppdu/reg_data_q_reg[35]
  Impl DFF        imp:/WORK/zigbee/symbol_mapper_to_ppdu/u_form_ppdu/reg_data_q_reg[35]

  Ref  DFF        ref:/WORK/zigbee/symbol_mapper_to_ppdu/u_form_ppdu/reg_data_q_reg[36]
  Impl DFF        imp:/WORK/zigbee/symbol_mapper_to_ppdu/u_form_ppdu/reg_data_q_reg[36]

  Ref  DFF        ref:/WORK/zigbee/symbol_mapper_to_ppdu/u_form_ppdu/reg_data_q_reg[37]
  Impl DFF        imp:/WORK/zigbee/symbol_mapper_to_ppdu/u_form_ppdu/reg_data_q_reg[37]

  Ref  DFF        ref:/WORK/zigbee/symbol_mapper_to_ppdu/u_form_ppdu/reg_data_q_reg[38]
  Impl DFF        imp:/WORK/zigbee/symbol_mapper_to_ppdu/u_form_ppdu/reg_data_q_reg[38]

  Ref  DFF        ref:/WORK/zigbee/symbol_mapper_to_ppdu/u_form_ppdu/reg_data_q_reg[39]
  Impl DFF        imp:/WORK/zigbee/symbol_mapper_to_ppdu/u_form_ppdu/reg_data_q_reg[39]

  Ref  DFF        ref:/WORK/zigbee/symbol_mapper_to_ppdu/u_form_ppdu/reg_data_q_reg[3]
  Impl DFF        imp:/WORK/zigbee/symbol_mapper_to_ppdu/u_form_ppdu/reg_data_q_reg[3]

  Ref  DFF        ref:/WORK/zigbee/symbol_mapper_to_ppdu/u_form_ppdu/reg_data_q_reg[40]
  Impl DFF        imp:/WORK/zigbee/symbol_mapper_to_ppdu/u_form_ppdu/reg_data_q_reg[40]

  Ref  DFF        ref:/WORK/zigbee/symbol_mapper_to_ppdu/u_form_ppdu/reg_data_q_reg[41]
  Impl DFF        imp:/WORK/zigbee/symbol_mapper_to_ppdu/u_form_ppdu/reg_data_q_reg[41]

  Ref  DFF        ref:/WORK/zigbee/symbol_mapper_to_ppdu/u_form_ppdu/reg_data_q_reg[42]
  Impl DFF        imp:/WORK/zigbee/symbol_mapper_to_ppdu/u_form_ppdu/reg_data_q_reg[42]

  Ref  DFF        ref:/WORK/zigbee/symbol_mapper_to_ppdu/u_form_ppdu/reg_data_q_reg[43]
  Impl DFF        imp:/WORK/zigbee/symbol_mapper_to_ppdu/u_form_ppdu/reg_data_q_reg[43]

  Ref  DFF        ref:/WORK/zigbee/symbol_mapper_to_ppdu/u_form_ppdu/reg_data_q_reg[44]
  Impl DFF        imp:/WORK/zigbee/symbol_mapper_to_ppdu/u_form_ppdu/reg_data_q_reg[44]

  Ref  DFF        ref:/WORK/zigbee/symbol_mapper_to_ppdu/u_form_ppdu/reg_data_q_reg[45]
  Impl DFF        imp:/WORK/zigbee/symbol_mapper_to_ppdu/u_form_ppdu/reg_data_q_reg[45]

  Ref  DFF        ref:/WORK/zigbee/symbol_mapper_to_ppdu/u_form_ppdu/reg_data_q_reg[46]
  Impl DFF        imp:/WORK/zigbee/symbol_mapper_to_ppdu/u_form_ppdu/reg_data_q_reg[46]

  Ref  DFF        ref:/WORK/zigbee/symbol_mapper_to_ppdu/u_form_ppdu/reg_data_q_reg[47]
  Impl DFF        imp:/WORK/zigbee/symbol_mapper_to_ppdu/u_form_ppdu/reg_data_q_reg[47]

  Ref  DFF        ref:/WORK/zigbee/symbol_mapper_to_ppdu/u_form_ppdu/reg_data_q_reg[4]
  Impl DFF        imp:/WORK/zigbee/symbol_mapper_to_ppdu/u_form_ppdu/reg_data_q_reg[4]

  Ref  DFF        ref:/WORK/zigbee/symbol_mapper_to_ppdu/u_form_ppdu/reg_data_q_reg[5]
  Impl DFF        imp:/WORK/zigbee/symbol_mapper_to_ppdu/u_form_ppdu/reg_data_q_reg[5]

  Ref  DFF        ref:/WORK/zigbee/symbol_mapper_to_ppdu/u_form_ppdu/reg_data_q_reg[6]
  Impl DFF        imp:/WORK/zigbee/symbol_mapper_to_ppdu/u_form_ppdu/reg_data_q_reg[6]

  Ref  DFF        ref:/WORK/zigbee/symbol_mapper_to_ppdu/u_form_ppdu/reg_data_q_reg[7]
  Impl DFF        imp:/WORK/zigbee/symbol_mapper_to_ppdu/u_form_ppdu/reg_data_q_reg[7]

  Ref  DFF        ref:/WORK/zigbee/symbol_mapper_to_ppdu/u_form_ppdu/reg_data_q_reg[8]
  Impl DFF        imp:/WORK/zigbee/symbol_mapper_to_ppdu/u_form_ppdu/reg_data_q_reg[8]

  Ref  DFF        ref:/WORK/zigbee/symbol_mapper_to_ppdu/u_form_ppdu/reg_data_q_reg[9]
  Impl DFF        imp:/WORK/zigbee/symbol_mapper_to_ppdu/u_form_ppdu/reg_data_q_reg[9]

  Ref  DFF        ref:/WORK/zigbee/symbol_mapper_to_ppdu/u_form_ppdu/reg_shr_reg[0]
  Impl DFF        imp:/WORK/zigbee/symbol_mapper_to_ppdu/u_form_ppdu/reg_shr_reg[0]

  Ref  DFF        ref:/WORK/zigbee/symbol_mapper_to_ppdu/u_form_ppdu/reg_shr_reg[10]
  Impl DFF        imp:/WORK/zigbee/symbol_mapper_to_ppdu/u_form_ppdu/reg_shr_reg[10]

  Ref  DFF        ref:/WORK/zigbee/symbol_mapper_to_ppdu/u_form_ppdu/reg_shr_reg[11]
  Impl DFF        imp:/WORK/zigbee/symbol_mapper_to_ppdu/u_form_ppdu/reg_shr_reg[11]

  Ref  DFF        ref:/WORK/zigbee/symbol_mapper_to_ppdu/u_form_ppdu/reg_shr_reg[12]
  Impl DFF        imp:/WORK/zigbee/symbol_mapper_to_ppdu/u_form_ppdu/reg_shr_reg[12]

  Ref  DFF        ref:/WORK/zigbee/symbol_mapper_to_ppdu/u_form_ppdu/reg_shr_reg[13]
  Impl DFF        imp:/WORK/zigbee/symbol_mapper_to_ppdu/u_form_ppdu/reg_shr_reg[13]

  Ref  DFF        ref:/WORK/zigbee/symbol_mapper_to_ppdu/u_form_ppdu/reg_shr_reg[14]
  Impl DFF        imp:/WORK/zigbee/symbol_mapper_to_ppdu/u_form_ppdu/reg_shr_reg[14]

  Ref  DFF        ref:/WORK/zigbee/symbol_mapper_to_ppdu/u_form_ppdu/reg_shr_reg[15]
  Impl DFF        imp:/WORK/zigbee/symbol_mapper_to_ppdu/u_form_ppdu/reg_shr_reg[15]

  Ref  DFF        ref:/WORK/zigbee/symbol_mapper_to_ppdu/u_form_ppdu/reg_shr_reg[16]
  Impl DFF        imp:/WORK/zigbee/symbol_mapper_to_ppdu/u_form_ppdu/reg_shr_reg[16]

  Ref  DFF        ref:/WORK/zigbee/symbol_mapper_to_ppdu/u_form_ppdu/reg_shr_reg[17]
  Impl DFF        imp:/WORK/zigbee/symbol_mapper_to_ppdu/u_form_ppdu/reg_shr_reg[17]

  Ref  DFF        ref:/WORK/zigbee/symbol_mapper_to_ppdu/u_form_ppdu/reg_shr_reg[18]
  Impl DFF        imp:/WORK/zigbee/symbol_mapper_to_ppdu/u_form_ppdu/reg_shr_reg[18]

  Ref  DFF        ref:/WORK/zigbee/symbol_mapper_to_ppdu/u_form_ppdu/reg_shr_reg[19]
  Impl DFF        imp:/WORK/zigbee/symbol_mapper_to_ppdu/u_form_ppdu/reg_shr_reg[19]

  Ref  DFF        ref:/WORK/zigbee/symbol_mapper_to_ppdu/u_form_ppdu/reg_shr_reg[1]
  Impl DFF        imp:/WORK/zigbee/symbol_mapper_to_ppdu/u_form_ppdu/reg_shr_reg[1]

  Ref  DFF        ref:/WORK/zigbee/symbol_mapper_to_ppdu/u_form_ppdu/reg_shr_reg[20]
  Impl DFF        imp:/WORK/zigbee/symbol_mapper_to_ppdu/u_form_ppdu/reg_shr_reg[20]

  Ref  DFF        ref:/WORK/zigbee/symbol_mapper_to_ppdu/u_form_ppdu/reg_shr_reg[21]
  Impl DFF        imp:/WORK/zigbee/symbol_mapper_to_ppdu/u_form_ppdu/reg_shr_reg[21]

  Ref  DFF        ref:/WORK/zigbee/symbol_mapper_to_ppdu/u_form_ppdu/reg_shr_reg[22]
  Impl DFF        imp:/WORK/zigbee/symbol_mapper_to_ppdu/u_form_ppdu/reg_shr_reg[22]

  Ref  DFF        ref:/WORK/zigbee/symbol_mapper_to_ppdu/u_form_ppdu/reg_shr_reg[23]
  Impl DFF        imp:/WORK/zigbee/symbol_mapper_to_ppdu/u_form_ppdu/reg_shr_reg[23]

  Ref  DFF        ref:/WORK/zigbee/symbol_mapper_to_ppdu/u_form_ppdu/reg_shr_reg[24]
  Impl DFF        imp:/WORK/zigbee/symbol_mapper_to_ppdu/u_form_ppdu/reg_shr_reg[24]

  Ref  DFF        ref:/WORK/zigbee/symbol_mapper_to_ppdu/u_form_ppdu/reg_shr_reg[25]
  Impl DFF        imp:/WORK/zigbee/symbol_mapper_to_ppdu/u_form_ppdu/reg_shr_reg[25]

  Ref  DFF        ref:/WORK/zigbee/symbol_mapper_to_ppdu/u_form_ppdu/reg_shr_reg[26]
  Impl DFF        imp:/WORK/zigbee/symbol_mapper_to_ppdu/u_form_ppdu/reg_shr_reg[26]

  Ref  DFF        ref:/WORK/zigbee/symbol_mapper_to_ppdu/u_form_ppdu/reg_shr_reg[27]
  Impl DFF        imp:/WORK/zigbee/symbol_mapper_to_ppdu/u_form_ppdu/reg_shr_reg[27]

  Ref  DFF        ref:/WORK/zigbee/symbol_mapper_to_ppdu/u_form_ppdu/reg_shr_reg[28]
  Impl DFF        imp:/WORK/zigbee/symbol_mapper_to_ppdu/u_form_ppdu/reg_shr_reg[28]

  Ref  DFF        ref:/WORK/zigbee/symbol_mapper_to_ppdu/u_form_ppdu/reg_shr_reg[29]
  Impl DFF        imp:/WORK/zigbee/symbol_mapper_to_ppdu/u_form_ppdu/reg_shr_reg[29]

  Ref  DFF        ref:/WORK/zigbee/symbol_mapper_to_ppdu/u_form_ppdu/reg_shr_reg[2]
  Impl DFF        imp:/WORK/zigbee/symbol_mapper_to_ppdu/u_form_ppdu/reg_shr_reg[2]

  Ref  DFF        ref:/WORK/zigbee/symbol_mapper_to_ppdu/u_form_ppdu/reg_shr_reg[30]
  Impl DFF        imp:/WORK/zigbee/symbol_mapper_to_ppdu/u_form_ppdu/reg_shr_reg[30]

  Ref  DFF        ref:/WORK/zigbee/symbol_mapper_to_ppdu/u_form_ppdu/reg_shr_reg[31]
  Impl DFF        imp:/WORK/zigbee/symbol_mapper_to_ppdu/u_form_ppdu/reg_shr_reg[31]

  Ref  DFF        ref:/WORK/zigbee/symbol_mapper_to_ppdu/u_form_ppdu/reg_shr_reg[32]
  Impl DFF        imp:/WORK/zigbee/symbol_mapper_to_ppdu/u_form_ppdu/reg_shr_reg[32]

  Ref  DFF        ref:/WORK/zigbee/symbol_mapper_to_ppdu/u_form_ppdu/reg_shr_reg[33]
  Impl DFF        imp:/WORK/zigbee/symbol_mapper_to_ppdu/u_form_ppdu/reg_shr_reg[33]

  Ref  DFF        ref:/WORK/zigbee/symbol_mapper_to_ppdu/u_form_ppdu/reg_shr_reg[34]
  Impl DFF        imp:/WORK/zigbee/symbol_mapper_to_ppdu/u_form_ppdu/reg_shr_reg[34]

  Ref  DFF        ref:/WORK/zigbee/symbol_mapper_to_ppdu/u_form_ppdu/reg_shr_reg[35]
  Impl DFF        imp:/WORK/zigbee/symbol_mapper_to_ppdu/u_form_ppdu/reg_shr_reg[35]

  Ref  DFF        ref:/WORK/zigbee/symbol_mapper_to_ppdu/u_form_ppdu/reg_shr_reg[36]
  Impl DFF        imp:/WORK/zigbee/symbol_mapper_to_ppdu/u_form_ppdu/reg_shr_reg[36]

  Ref  DFF        ref:/WORK/zigbee/symbol_mapper_to_ppdu/u_form_ppdu/reg_shr_reg[37]
  Impl DFF        imp:/WORK/zigbee/symbol_mapper_to_ppdu/u_form_ppdu/reg_shr_reg[37]

  Ref  DFF        ref:/WORK/zigbee/symbol_mapper_to_ppdu/u_form_ppdu/reg_shr_reg[38]
  Impl DFF        imp:/WORK/zigbee/symbol_mapper_to_ppdu/u_form_ppdu/reg_shr_reg[38]

  Ref  DFF        ref:/WORK/zigbee/symbol_mapper_to_ppdu/u_form_ppdu/reg_shr_reg[39]
  Impl DFF        imp:/WORK/zigbee/symbol_mapper_to_ppdu/u_form_ppdu/reg_shr_reg[39]

  Ref  DFF        ref:/WORK/zigbee/symbol_mapper_to_ppdu/u_form_ppdu/reg_shr_reg[3]
  Impl DFF        imp:/WORK/zigbee/symbol_mapper_to_ppdu/u_form_ppdu/reg_shr_reg[3]

  Ref  DFF        ref:/WORK/zigbee/symbol_mapper_to_ppdu/u_form_ppdu/reg_shr_reg[40]
  Impl DFF        imp:/WORK/zigbee/symbol_mapper_to_ppdu/u_form_ppdu/reg_shr_reg[40]

  Ref  DFF        ref:/WORK/zigbee/symbol_mapper_to_ppdu/u_form_ppdu/reg_shr_reg[41]
  Impl DFF        imp:/WORK/zigbee/symbol_mapper_to_ppdu/u_form_ppdu/reg_shr_reg[41]

  Ref  DFF        ref:/WORK/zigbee/symbol_mapper_to_ppdu/u_form_ppdu/reg_shr_reg[42]
  Impl DFF        imp:/WORK/zigbee/symbol_mapper_to_ppdu/u_form_ppdu/reg_shr_reg[42]

  Ref  DFF        ref:/WORK/zigbee/symbol_mapper_to_ppdu/u_form_ppdu/reg_shr_reg[43]
  Impl DFF        imp:/WORK/zigbee/symbol_mapper_to_ppdu/u_form_ppdu/reg_shr_reg[43]

  Ref  DFF        ref:/WORK/zigbee/symbol_mapper_to_ppdu/u_form_ppdu/reg_shr_reg[44]
  Impl DFF        imp:/WORK/zigbee/symbol_mapper_to_ppdu/u_form_ppdu/reg_shr_reg[44]

  Ref  DFF0X      ref:/WORK/zigbee/symbol_mapper_to_ppdu/u_form_ppdu/reg_shr_reg[45]
  Impl DFF0X      imp:/WORK/zigbee/symbol_mapper_to_ppdu/u_form_ppdu/reg_shr_reg[45]

  Ref  DFF0X      ref:/WORK/zigbee/symbol_mapper_to_ppdu/u_form_ppdu/reg_shr_reg[46]
  Impl DFF0X      imp:/WORK/zigbee/symbol_mapper_to_ppdu/u_form_ppdu/reg_shr_reg[46]

  Ref  DFF        ref:/WORK/zigbee/symbol_mapper_to_ppdu/u_form_ppdu/reg_shr_reg[4]
  Impl DFF        imp:/WORK/zigbee/symbol_mapper_to_ppdu/u_form_ppdu/reg_shr_reg[4]

  Ref  DFF        ref:/WORK/zigbee/symbol_mapper_to_ppdu/u_form_ppdu/reg_shr_reg[5]
  Impl DFF        imp:/WORK/zigbee/symbol_mapper_to_ppdu/u_form_ppdu/reg_shr_reg[5]

  Ref  DFF        ref:/WORK/zigbee/symbol_mapper_to_ppdu/u_form_ppdu/reg_shr_reg[6]
  Impl DFF        imp:/WORK/zigbee/symbol_mapper_to_ppdu/u_form_ppdu/reg_shr_reg[6]

  Ref  DFF        ref:/WORK/zigbee/symbol_mapper_to_ppdu/u_form_ppdu/reg_shr_reg[7]
  Impl DFF        imp:/WORK/zigbee/symbol_mapper_to_ppdu/u_form_ppdu/reg_shr_reg[7]

  Ref  DFF        ref:/WORK/zigbee/symbol_mapper_to_ppdu/u_form_ppdu/reg_shr_reg[8]
  Impl DFF        imp:/WORK/zigbee/symbol_mapper_to_ppdu/u_form_ppdu/reg_shr_reg[8]

  Ref  DFF        ref:/WORK/zigbee/symbol_mapper_to_ppdu/u_form_ppdu/reg_shr_reg[9]
  Impl DFF        imp:/WORK/zigbee/symbol_mapper_to_ppdu/u_form_ppdu/reg_shr_reg[9]

  Ref  DFF        ref:/WORK/zigbee/symbol_mapper_to_ppdu/u_form_ppdu/reg_valid_reg[0]
  Impl DFF        imp:/WORK/zigbee/symbol_mapper_to_ppdu/u_form_ppdu/reg_valid_reg[0]

  Ref  DFF        ref:/WORK/zigbee/symbol_mapper_to_ppdu/u_form_ppdu/reg_valid_reg[10]
  Impl DFF        imp:/WORK/zigbee/symbol_mapper_to_ppdu/u_form_ppdu/reg_valid_reg[10]

  Ref  DFF        ref:/WORK/zigbee/symbol_mapper_to_ppdu/u_form_ppdu/reg_valid_reg[11]
  Impl DFF        imp:/WORK/zigbee/symbol_mapper_to_ppdu/u_form_ppdu/reg_valid_reg[11]

  Ref  DFF        ref:/WORK/zigbee/symbol_mapper_to_ppdu/u_form_ppdu/reg_valid_reg[12]
  Impl DFF        imp:/WORK/zigbee/symbol_mapper_to_ppdu/u_form_ppdu/reg_valid_reg[12]

  Ref  DFF        ref:/WORK/zigbee/symbol_mapper_to_ppdu/u_form_ppdu/reg_valid_reg[13]
  Impl DFF        imp:/WORK/zigbee/symbol_mapper_to_ppdu/u_form_ppdu/reg_valid_reg[13]

  Ref  DFF        ref:/WORK/zigbee/symbol_mapper_to_ppdu/u_form_ppdu/reg_valid_reg[14]
  Impl DFF        imp:/WORK/zigbee/symbol_mapper_to_ppdu/u_form_ppdu/reg_valid_reg[14]

  Ref  DFF        ref:/WORK/zigbee/symbol_mapper_to_ppdu/u_form_ppdu/reg_valid_reg[15]
  Impl DFF        imp:/WORK/zigbee/symbol_mapper_to_ppdu/u_form_ppdu/reg_valid_reg[15]

  Ref  DFF        ref:/WORK/zigbee/symbol_mapper_to_ppdu/u_form_ppdu/reg_valid_reg[16]
  Impl DFF        imp:/WORK/zigbee/symbol_mapper_to_ppdu/u_form_ppdu/reg_valid_reg[16]

  Ref  DFF        ref:/WORK/zigbee/symbol_mapper_to_ppdu/u_form_ppdu/reg_valid_reg[17]
  Impl DFF        imp:/WORK/zigbee/symbol_mapper_to_ppdu/u_form_ppdu/reg_valid_reg[17]

  Ref  DFF        ref:/WORK/zigbee/symbol_mapper_to_ppdu/u_form_ppdu/reg_valid_reg[18]
  Impl DFF        imp:/WORK/zigbee/symbol_mapper_to_ppdu/u_form_ppdu/reg_valid_reg[18]

  Ref  DFF        ref:/WORK/zigbee/symbol_mapper_to_ppdu/u_form_ppdu/reg_valid_reg[19]
  Impl DFF        imp:/WORK/zigbee/symbol_mapper_to_ppdu/u_form_ppdu/reg_valid_reg[19]

  Ref  DFF        ref:/WORK/zigbee/symbol_mapper_to_ppdu/u_form_ppdu/reg_valid_reg[1]
  Impl DFF        imp:/WORK/zigbee/symbol_mapper_to_ppdu/u_form_ppdu/reg_valid_reg[1]

  Ref  DFF        ref:/WORK/zigbee/symbol_mapper_to_ppdu/u_form_ppdu/reg_valid_reg[20]
  Impl DFF        imp:/WORK/zigbee/symbol_mapper_to_ppdu/u_form_ppdu/reg_valid_reg[20]

  Ref  DFF        ref:/WORK/zigbee/symbol_mapper_to_ppdu/u_form_ppdu/reg_valid_reg[21]
  Impl DFF        imp:/WORK/zigbee/symbol_mapper_to_ppdu/u_form_ppdu/reg_valid_reg[21]

  Ref  DFF        ref:/WORK/zigbee/symbol_mapper_to_ppdu/u_form_ppdu/reg_valid_reg[22]
  Impl DFF        imp:/WORK/zigbee/symbol_mapper_to_ppdu/u_form_ppdu/reg_valid_reg[22]

  Ref  DFF        ref:/WORK/zigbee/symbol_mapper_to_ppdu/u_form_ppdu/reg_valid_reg[23]
  Impl DFF        imp:/WORK/zigbee/symbol_mapper_to_ppdu/u_form_ppdu/reg_valid_reg[23]

  Ref  DFF        ref:/WORK/zigbee/symbol_mapper_to_ppdu/u_form_ppdu/reg_valid_reg[24]
  Impl DFF        imp:/WORK/zigbee/symbol_mapper_to_ppdu/u_form_ppdu/reg_valid_reg[24]

  Ref  DFF        ref:/WORK/zigbee/symbol_mapper_to_ppdu/u_form_ppdu/reg_valid_reg[25]
  Impl DFF        imp:/WORK/zigbee/symbol_mapper_to_ppdu/u_form_ppdu/reg_valid_reg[25]

  Ref  DFF        ref:/WORK/zigbee/symbol_mapper_to_ppdu/u_form_ppdu/reg_valid_reg[26]
  Impl DFF        imp:/WORK/zigbee/symbol_mapper_to_ppdu/u_form_ppdu/reg_valid_reg[26]

  Ref  DFF        ref:/WORK/zigbee/symbol_mapper_to_ppdu/u_form_ppdu/reg_valid_reg[27]
  Impl DFF        imp:/WORK/zigbee/symbol_mapper_to_ppdu/u_form_ppdu/reg_valid_reg[27]

  Ref  DFF        ref:/WORK/zigbee/symbol_mapper_to_ppdu/u_form_ppdu/reg_valid_reg[28]
  Impl DFF        imp:/WORK/zigbee/symbol_mapper_to_ppdu/u_form_ppdu/reg_valid_reg[28]

  Ref  DFF        ref:/WORK/zigbee/symbol_mapper_to_ppdu/u_form_ppdu/reg_valid_reg[29]
  Impl DFF        imp:/WORK/zigbee/symbol_mapper_to_ppdu/u_form_ppdu/reg_valid_reg[29]

  Ref  DFF        ref:/WORK/zigbee/symbol_mapper_to_ppdu/u_form_ppdu/reg_valid_reg[2]
  Impl DFF        imp:/WORK/zigbee/symbol_mapper_to_ppdu/u_form_ppdu/reg_valid_reg[2]

  Ref  DFF        ref:/WORK/zigbee/symbol_mapper_to_ppdu/u_form_ppdu/reg_valid_reg[30]
  Impl DFF        imp:/WORK/zigbee/symbol_mapper_to_ppdu/u_form_ppdu/reg_valid_reg[30]

  Ref  DFF        ref:/WORK/zigbee/symbol_mapper_to_ppdu/u_form_ppdu/reg_valid_reg[31]
  Impl DFF        imp:/WORK/zigbee/symbol_mapper_to_ppdu/u_form_ppdu/reg_valid_reg[31]

  Ref  DFF        ref:/WORK/zigbee/symbol_mapper_to_ppdu/u_form_ppdu/reg_valid_reg[32]
  Impl DFF        imp:/WORK/zigbee/symbol_mapper_to_ppdu/u_form_ppdu/reg_valid_reg[32]

  Ref  DFF        ref:/WORK/zigbee/symbol_mapper_to_ppdu/u_form_ppdu/reg_valid_reg[33]
  Impl DFF        imp:/WORK/zigbee/symbol_mapper_to_ppdu/u_form_ppdu/reg_valid_reg[33]

  Ref  DFF        ref:/WORK/zigbee/symbol_mapper_to_ppdu/u_form_ppdu/reg_valid_reg[34]
  Impl DFF        imp:/WORK/zigbee/symbol_mapper_to_ppdu/u_form_ppdu/reg_valid_reg[34]

  Ref  DFF        ref:/WORK/zigbee/symbol_mapper_to_ppdu/u_form_ppdu/reg_valid_reg[35]
  Impl DFF        imp:/WORK/zigbee/symbol_mapper_to_ppdu/u_form_ppdu/reg_valid_reg[35]

  Ref  DFF        ref:/WORK/zigbee/symbol_mapper_to_ppdu/u_form_ppdu/reg_valid_reg[36]
  Impl DFF        imp:/WORK/zigbee/symbol_mapper_to_ppdu/u_form_ppdu/reg_valid_reg[36]

  Ref  DFF        ref:/WORK/zigbee/symbol_mapper_to_ppdu/u_form_ppdu/reg_valid_reg[37]
  Impl DFF        imp:/WORK/zigbee/symbol_mapper_to_ppdu/u_form_ppdu/reg_valid_reg[37]

  Ref  DFF        ref:/WORK/zigbee/symbol_mapper_to_ppdu/u_form_ppdu/reg_valid_reg[38]
  Impl DFF        imp:/WORK/zigbee/symbol_mapper_to_ppdu/u_form_ppdu/reg_valid_reg[38]

  Ref  DFF        ref:/WORK/zigbee/symbol_mapper_to_ppdu/u_form_ppdu/reg_valid_reg[39]
  Impl DFF        imp:/WORK/zigbee/symbol_mapper_to_ppdu/u_form_ppdu/reg_valid_reg[39]

  Ref  DFF        ref:/WORK/zigbee/symbol_mapper_to_ppdu/u_form_ppdu/reg_valid_reg[3]
  Impl DFF        imp:/WORK/zigbee/symbol_mapper_to_ppdu/u_form_ppdu/reg_valid_reg[3]

  Ref  DFF        ref:/WORK/zigbee/symbol_mapper_to_ppdu/u_form_ppdu/reg_valid_reg[40]
  Impl DFF        imp:/WORK/zigbee/symbol_mapper_to_ppdu/u_form_ppdu/reg_valid_reg[40]

  Ref  DFF        ref:/WORK/zigbee/symbol_mapper_to_ppdu/u_form_ppdu/reg_valid_reg[41]
  Impl DFF        imp:/WORK/zigbee/symbol_mapper_to_ppdu/u_form_ppdu/reg_valid_reg[41]

  Ref  DFF        ref:/WORK/zigbee/symbol_mapper_to_ppdu/u_form_ppdu/reg_valid_reg[42]
  Impl DFF        imp:/WORK/zigbee/symbol_mapper_to_ppdu/u_form_ppdu/reg_valid_reg[42]

  Ref  DFF        ref:/WORK/zigbee/symbol_mapper_to_ppdu/u_form_ppdu/reg_valid_reg[43]
  Impl DFF        imp:/WORK/zigbee/symbol_mapper_to_ppdu/u_form_ppdu/reg_valid_reg[43]

  Ref  DFF        ref:/WORK/zigbee/symbol_mapper_to_ppdu/u_form_ppdu/reg_valid_reg[44]
  Impl DFF        imp:/WORK/zigbee/symbol_mapper_to_ppdu/u_form_ppdu/reg_valid_reg[44]

  Ref  DFF        ref:/WORK/zigbee/symbol_mapper_to_ppdu/u_form_ppdu/reg_valid_reg[45]
  Impl DFF        imp:/WORK/zigbee/symbol_mapper_to_ppdu/u_form_ppdu/reg_valid_reg[45]

  Ref  DFF        ref:/WORK/zigbee/symbol_mapper_to_ppdu/u_form_ppdu/reg_valid_reg[46]
  Impl DFF        imp:/WORK/zigbee/symbol_mapper_to_ppdu/u_form_ppdu/reg_valid_reg[46]

  Ref  DFF        ref:/WORK/zigbee/symbol_mapper_to_ppdu/u_form_ppdu/reg_valid_reg[47]
  Impl DFF        imp:/WORK/zigbee/symbol_mapper_to_ppdu/u_form_ppdu/reg_valid_reg[47]

  Ref  DFF        ref:/WORK/zigbee/symbol_mapper_to_ppdu/u_form_ppdu/reg_valid_reg[4]
  Impl DFF        imp:/WORK/zigbee/symbol_mapper_to_ppdu/u_form_ppdu/reg_valid_reg[4]

  Ref  DFF        ref:/WORK/zigbee/symbol_mapper_to_ppdu/u_form_ppdu/reg_valid_reg[5]
  Impl DFF        imp:/WORK/zigbee/symbol_mapper_to_ppdu/u_form_ppdu/reg_valid_reg[5]

  Ref  DFF        ref:/WORK/zigbee/symbol_mapper_to_ppdu/u_form_ppdu/reg_valid_reg[6]
  Impl DFF        imp:/WORK/zigbee/symbol_mapper_to_ppdu/u_form_ppdu/reg_valid_reg[6]

  Ref  DFF        ref:/WORK/zigbee/symbol_mapper_to_ppdu/u_form_ppdu/reg_valid_reg[7]
  Impl DFF        imp:/WORK/zigbee/symbol_mapper_to_ppdu/u_form_ppdu/reg_valid_reg[7]

  Ref  DFF        ref:/WORK/zigbee/symbol_mapper_to_ppdu/u_form_ppdu/reg_valid_reg[8]
  Impl DFF        imp:/WORK/zigbee/symbol_mapper_to_ppdu/u_form_ppdu/reg_valid_reg[8]

  Ref  DFF        ref:/WORK/zigbee/symbol_mapper_to_ppdu/u_form_ppdu/reg_valid_reg[9]
  Impl DFF        imp:/WORK/zigbee/symbol_mapper_to_ppdu/u_form_ppdu/reg_valid_reg[9]

  Ref  DFF        ref:/WORK/zigbee/symbol_mapper_to_ppdu/u_form_ppdu/state_reg[0]
  Impl DFF        imp:/WORK/zigbee/symbol_mapper_to_ppdu/u_form_ppdu/state_reg[0]

  Ref  DFF        ref:/WORK/zigbee/symbol_mapper_to_ppdu/u_form_ppdu/state_reg[1]
  Impl DFF        imp:/WORK/zigbee/symbol_mapper_to_ppdu/u_form_ppdu/state_reg[1]

  Ref  DFF        ref:/WORK/zigbee/symbol_mapper_to_ppdu/u_interleaver_even/gen_interleaver_1mbps.bit_count_reg[0]
  Impl DFF        imp:/WORK/zigbee/symbol_mapper_to_ppdu/u_interleaver_even/gen_interleaver_1mbps.bit_count_reg[0]

  Ref  DFF        ref:/WORK/zigbee/symbol_mapper_to_ppdu/u_interleaver_even/gen_interleaver_1mbps.bit_count_reg[1]
  Impl DFF        imp:/WORK/zigbee/symbol_mapper_to_ppdu/u_interleaver_even/gen_interleaver_1mbps.bit_count_reg[1]

  Ref  DFF        ref:/WORK/zigbee/symbol_mapper_to_ppdu/u_interleaver_even/gen_interleaver_1mbps.busy_reg
  Impl DFF        imp:/WORK/zigbee/symbol_mapper_to_ppdu/u_interleaver_even/gen_interleaver_1mbps.busy_reg

  Ref  DFF        ref:/WORK/zigbee/symbol_mapper_to_ppdu/u_interleaver_even/gen_interleaver_1mbps.shift_reg_reg[0]
  Impl DFF        imp:/WORK/zigbee/symbol_mapper_to_ppdu/u_interleaver_even/gen_interleaver_1mbps.shift_reg_reg[0]

  Ref  DFF        ref:/WORK/zigbee/symbol_mapper_to_ppdu/u_interleaver_even/gen_interleaver_1mbps.shift_reg_reg[1]
  Impl DFF        imp:/WORK/zigbee/symbol_mapper_to_ppdu/u_interleaver_even/gen_interleaver_1mbps.shift_reg_reg[1]

  Ref  DFF        ref:/WORK/zigbee/symbol_mapper_to_ppdu/u_interleaver_even/gen_interleaver_1mbps.shift_reg_reg[2]
  Impl DFF        imp:/WORK/zigbee/symbol_mapper_to_ppdu/u_interleaver_even/gen_interleaver_1mbps.shift_reg_reg[2]

  Ref  DFF        ref:/WORK/zigbee/symbol_mapper_to_ppdu/u_interleaver_even/i_valid_reg
  Impl DFF        imp:/WORK/zigbee/symbol_mapper_to_ppdu/u_interleaver_even/i_valid_reg

  Ref  DFF        ref:/WORK/zigbee/symbol_mapper_to_ppdu/u_interleaver_even/o_data_reg
  Impl DFF        imp:/WORK/zigbee/symbol_mapper_to_ppdu/u_interleaver_even/o_data_reg

  Ref  DFF        ref:/WORK/zigbee/symbol_mapper_to_ppdu/u_interleaver_even/o_valid_reg
  Impl DFF        imp:/WORK/zigbee/symbol_mapper_to_ppdu/u_interleaver_even/o_valid_reg

  Ref  DFF        ref:/WORK/zigbee/symbol_mapper_to_ppdu/u_interleaver_odd/gen_interleaver_1mbps.bit_count_reg[0]
  Impl DFF        imp:/WORK/zigbee/symbol_mapper_to_ppdu/u_interleaver_odd/gen_interleaver_1mbps.bit_count_reg[0]

  Ref  DFF        ref:/WORK/zigbee/symbol_mapper_to_ppdu/u_interleaver_odd/gen_interleaver_1mbps.bit_count_reg[1]
  Impl DFF        imp:/WORK/zigbee/symbol_mapper_to_ppdu/u_interleaver_odd/gen_interleaver_1mbps.bit_count_reg[1]

  Ref  DFF        ref:/WORK/zigbee/symbol_mapper_to_ppdu/u_interleaver_odd/gen_interleaver_1mbps.busy_reg
  Impl DFF        imp:/WORK/zigbee/symbol_mapper_to_ppdu/u_interleaver_odd/gen_interleaver_1mbps.busy_reg

  Ref  DFF        ref:/WORK/zigbee/symbol_mapper_to_ppdu/u_interleaver_odd/gen_interleaver_1mbps.shift_reg_reg[0]
  Impl DFF        imp:/WORK/zigbee/symbol_mapper_to_ppdu/u_interleaver_odd/gen_interleaver_1mbps.shift_reg_reg[0]

  Ref  DFF        ref:/WORK/zigbee/symbol_mapper_to_ppdu/u_interleaver_odd/gen_interleaver_1mbps.shift_reg_reg[1]
  Impl DFF        imp:/WORK/zigbee/symbol_mapper_to_ppdu/u_interleaver_odd/gen_interleaver_1mbps.shift_reg_reg[1]

  Ref  DFF        ref:/WORK/zigbee/symbol_mapper_to_ppdu/u_interleaver_odd/gen_interleaver_1mbps.shift_reg_reg[2]
  Impl DFF        imp:/WORK/zigbee/symbol_mapper_to_ppdu/u_interleaver_odd/gen_interleaver_1mbps.shift_reg_reg[2]

  Ref  DFF        ref:/WORK/zigbee/symbol_mapper_to_ppdu/u_interleaver_odd/i_valid_reg
  Impl DFF        imp:/WORK/zigbee/symbol_mapper_to_ppdu/u_interleaver_odd/i_valid_reg

  Ref  DFF        ref:/WORK/zigbee/symbol_mapper_to_ppdu/u_interleaver_odd/o_data_reg
  Impl DFF        imp:/WORK/zigbee/symbol_mapper_to_ppdu/u_interleaver_odd/o_data_reg

  Ref  DFF        ref:/WORK/zigbee/symbol_mapper_to_ppdu/u_interleaver_odd/o_valid_reg
  Impl DFF        imp:/WORK/zigbee/symbol_mapper_to_ppdu/u_interleaver_odd/o_valid_reg

  Ref  DFF        ref:/WORK/zigbee/symbol_mapper_to_ppdu/u_preamble_sfd_gen/preamble_sfd_reg[0]
  Impl DFF        imp:/WORK/zigbee/symbol_mapper_to_ppdu/u_preamble_sfd_gen/preamble_sfd_reg[0]

  Ref  DFF        ref:/WORK/zigbee/symbol_mapper_to_ppdu/u_preamble_sfd_gen/preamble_sfd_reg[10]
  Impl DFF        imp:/WORK/zigbee/symbol_mapper_to_ppdu/u_preamble_sfd_gen/preamble_sfd_reg[10]

  Ref  DFF        ref:/WORK/zigbee/symbol_mapper_to_ppdu/u_preamble_sfd_gen/preamble_sfd_reg[11]
  Impl DFF        imp:/WORK/zigbee/symbol_mapper_to_ppdu/u_preamble_sfd_gen/preamble_sfd_reg[11]

  Ref  DFF        ref:/WORK/zigbee/symbol_mapper_to_ppdu/u_preamble_sfd_gen/preamble_sfd_reg[12]
  Impl DFF        imp:/WORK/zigbee/symbol_mapper_to_ppdu/u_preamble_sfd_gen/preamble_sfd_reg[12]

  Ref  DFF        ref:/WORK/zigbee/symbol_mapper_to_ppdu/u_preamble_sfd_gen/preamble_sfd_reg[13]
  Impl DFF        imp:/WORK/zigbee/symbol_mapper_to_ppdu/u_preamble_sfd_gen/preamble_sfd_reg[13]

  Ref  DFF        ref:/WORK/zigbee/symbol_mapper_to_ppdu/u_preamble_sfd_gen/preamble_sfd_reg[14]
  Impl DFF        imp:/WORK/zigbee/symbol_mapper_to_ppdu/u_preamble_sfd_gen/preamble_sfd_reg[14]

  Ref  DFF        ref:/WORK/zigbee/symbol_mapper_to_ppdu/u_preamble_sfd_gen/preamble_sfd_reg[15]
  Impl DFF        imp:/WORK/zigbee/symbol_mapper_to_ppdu/u_preamble_sfd_gen/preamble_sfd_reg[15]

  Ref  DFF        ref:/WORK/zigbee/symbol_mapper_to_ppdu/u_preamble_sfd_gen/preamble_sfd_reg[16]
  Impl DFF        imp:/WORK/zigbee/symbol_mapper_to_ppdu/u_preamble_sfd_gen/preamble_sfd_reg[16]

  Ref  DFF        ref:/WORK/zigbee/symbol_mapper_to_ppdu/u_preamble_sfd_gen/preamble_sfd_reg[17]
  Impl DFF        imp:/WORK/zigbee/symbol_mapper_to_ppdu/u_preamble_sfd_gen/preamble_sfd_reg[17]

  Ref  DFF        ref:/WORK/zigbee/symbol_mapper_to_ppdu/u_preamble_sfd_gen/preamble_sfd_reg[18]
  Impl DFF        imp:/WORK/zigbee/symbol_mapper_to_ppdu/u_preamble_sfd_gen/preamble_sfd_reg[18]

  Ref  DFF        ref:/WORK/zigbee/symbol_mapper_to_ppdu/u_preamble_sfd_gen/preamble_sfd_reg[19]
  Impl DFF        imp:/WORK/zigbee/symbol_mapper_to_ppdu/u_preamble_sfd_gen/preamble_sfd_reg[19]

  Ref  DFF        ref:/WORK/zigbee/symbol_mapper_to_ppdu/u_preamble_sfd_gen/preamble_sfd_reg[1]
  Impl DFF        imp:/WORK/zigbee/symbol_mapper_to_ppdu/u_preamble_sfd_gen/preamble_sfd_reg[1]

  Ref  DFF        ref:/WORK/zigbee/symbol_mapper_to_ppdu/u_preamble_sfd_gen/preamble_sfd_reg[20]
  Impl DFF        imp:/WORK/zigbee/symbol_mapper_to_ppdu/u_preamble_sfd_gen/preamble_sfd_reg[20]

  Ref  DFF        ref:/WORK/zigbee/symbol_mapper_to_ppdu/u_preamble_sfd_gen/preamble_sfd_reg[21]
  Impl DFF        imp:/WORK/zigbee/symbol_mapper_to_ppdu/u_preamble_sfd_gen/preamble_sfd_reg[21]

  Ref  DFF        ref:/WORK/zigbee/symbol_mapper_to_ppdu/u_preamble_sfd_gen/preamble_sfd_reg[22]
  Impl DFF        imp:/WORK/zigbee/symbol_mapper_to_ppdu/u_preamble_sfd_gen/preamble_sfd_reg[22]

  Ref  DFF        ref:/WORK/zigbee/symbol_mapper_to_ppdu/u_preamble_sfd_gen/preamble_sfd_reg[23]
  Impl DFF        imp:/WORK/zigbee/symbol_mapper_to_ppdu/u_preamble_sfd_gen/preamble_sfd_reg[23]

  Ref  DFF        ref:/WORK/zigbee/symbol_mapper_to_ppdu/u_preamble_sfd_gen/preamble_sfd_reg[24]
  Impl DFF        imp:/WORK/zigbee/symbol_mapper_to_ppdu/u_preamble_sfd_gen/preamble_sfd_reg[24]

  Ref  DFF        ref:/WORK/zigbee/symbol_mapper_to_ppdu/u_preamble_sfd_gen/preamble_sfd_reg[25]
  Impl DFF        imp:/WORK/zigbee/symbol_mapper_to_ppdu/u_preamble_sfd_gen/preamble_sfd_reg[25]

  Ref  DFF        ref:/WORK/zigbee/symbol_mapper_to_ppdu/u_preamble_sfd_gen/preamble_sfd_reg[26]
  Impl DFF        imp:/WORK/zigbee/symbol_mapper_to_ppdu/u_preamble_sfd_gen/preamble_sfd_reg[26]

  Ref  DFF        ref:/WORK/zigbee/symbol_mapper_to_ppdu/u_preamble_sfd_gen/preamble_sfd_reg[27]
  Impl DFF        imp:/WORK/zigbee/symbol_mapper_to_ppdu/u_preamble_sfd_gen/preamble_sfd_reg[27]

  Ref  DFF        ref:/WORK/zigbee/symbol_mapper_to_ppdu/u_preamble_sfd_gen/preamble_sfd_reg[28]
  Impl DFF        imp:/WORK/zigbee/symbol_mapper_to_ppdu/u_preamble_sfd_gen/preamble_sfd_reg[28]

  Ref  DFF        ref:/WORK/zigbee/symbol_mapper_to_ppdu/u_preamble_sfd_gen/preamble_sfd_reg[29]
  Impl DFF        imp:/WORK/zigbee/symbol_mapper_to_ppdu/u_preamble_sfd_gen/preamble_sfd_reg[29]

  Ref  DFF        ref:/WORK/zigbee/symbol_mapper_to_ppdu/u_preamble_sfd_gen/preamble_sfd_reg[2]
  Impl DFF        imp:/WORK/zigbee/symbol_mapper_to_ppdu/u_preamble_sfd_gen/preamble_sfd_reg[2]

  Ref  DFF        ref:/WORK/zigbee/symbol_mapper_to_ppdu/u_preamble_sfd_gen/preamble_sfd_reg[30]
  Impl DFF        imp:/WORK/zigbee/symbol_mapper_to_ppdu/u_preamble_sfd_gen/preamble_sfd_reg[30]

  Ref  DFF        ref:/WORK/zigbee/symbol_mapper_to_ppdu/u_preamble_sfd_gen/preamble_sfd_reg[31]
  Impl DFF        imp:/WORK/zigbee/symbol_mapper_to_ppdu/u_preamble_sfd_gen/preamble_sfd_reg[31]

  Ref  DFF        ref:/WORK/zigbee/symbol_mapper_to_ppdu/u_preamble_sfd_gen/preamble_sfd_reg[33]
  Impl DFF        imp:/WORK/zigbee/symbol_mapper_to_ppdu/u_preamble_sfd_gen/preamble_sfd_reg[33]

  Ref  DFF        ref:/WORK/zigbee/symbol_mapper_to_ppdu/u_preamble_sfd_gen/preamble_sfd_reg[34]
  Impl DFF        imp:/WORK/zigbee/symbol_mapper_to_ppdu/u_preamble_sfd_gen/preamble_sfd_reg[34]

  Ref  DFF        ref:/WORK/zigbee/symbol_mapper_to_ppdu/u_preamble_sfd_gen/preamble_sfd_reg[35]
  Impl DFF        imp:/WORK/zigbee/symbol_mapper_to_ppdu/u_preamble_sfd_gen/preamble_sfd_reg[35]

  Ref  DFF        ref:/WORK/zigbee/symbol_mapper_to_ppdu/u_preamble_sfd_gen/preamble_sfd_reg[37]
  Impl DFF        imp:/WORK/zigbee/symbol_mapper_to_ppdu/u_preamble_sfd_gen/preamble_sfd_reg[37]

  Ref  DFF        ref:/WORK/zigbee/symbol_mapper_to_ppdu/u_preamble_sfd_gen/preamble_sfd_reg[3]
  Impl DFF        imp:/WORK/zigbee/symbol_mapper_to_ppdu/u_preamble_sfd_gen/preamble_sfd_reg[3]

  Ref  DFF        ref:/WORK/zigbee/symbol_mapper_to_ppdu/u_preamble_sfd_gen/preamble_sfd_reg[40]
  Impl DFF        imp:/WORK/zigbee/symbol_mapper_to_ppdu/u_preamble_sfd_gen/preamble_sfd_reg[40]

  Ref  DFF        ref:/WORK/zigbee/symbol_mapper_to_ppdu/u_preamble_sfd_gen/preamble_sfd_reg[43]
  Impl DFF        imp:/WORK/zigbee/symbol_mapper_to_ppdu/u_preamble_sfd_gen/preamble_sfd_reg[43]

  Ref  DFF        ref:/WORK/zigbee/symbol_mapper_to_ppdu/u_preamble_sfd_gen/preamble_sfd_reg[44]
  Impl DFF        imp:/WORK/zigbee/symbol_mapper_to_ppdu/u_preamble_sfd_gen/preamble_sfd_reg[44]

  Ref  DFF        ref:/WORK/zigbee/symbol_mapper_to_ppdu/u_preamble_sfd_gen/preamble_sfd_reg[45]
  Impl DFF        imp:/WORK/zigbee/symbol_mapper_to_ppdu/u_preamble_sfd_gen/preamble_sfd_reg[45]

  Ref  DFF        ref:/WORK/zigbee/symbol_mapper_to_ppdu/u_preamble_sfd_gen/preamble_sfd_reg[4]
  Impl DFF        imp:/WORK/zigbee/symbol_mapper_to_ppdu/u_preamble_sfd_gen/preamble_sfd_reg[4]

  Ref  DFF        ref:/WORK/zigbee/symbol_mapper_to_ppdu/u_preamble_sfd_gen/preamble_sfd_reg[5]
  Impl DFF        imp:/WORK/zigbee/symbol_mapper_to_ppdu/u_preamble_sfd_gen/preamble_sfd_reg[5]

  Ref  DFF        ref:/WORK/zigbee/symbol_mapper_to_ppdu/u_preamble_sfd_gen/preamble_sfd_reg[6]
  Impl DFF        imp:/WORK/zigbee/symbol_mapper_to_ppdu/u_preamble_sfd_gen/preamble_sfd_reg[6]

  Ref  DFF        ref:/WORK/zigbee/symbol_mapper_to_ppdu/u_preamble_sfd_gen/preamble_sfd_reg[7]
  Impl DFF        imp:/WORK/zigbee/symbol_mapper_to_ppdu/u_preamble_sfd_gen/preamble_sfd_reg[7]

  Ref  DFF        ref:/WORK/zigbee/symbol_mapper_to_ppdu/u_preamble_sfd_gen/preamble_sfd_reg[8]
  Impl DFF        imp:/WORK/zigbee/symbol_mapper_to_ppdu/u_preamble_sfd_gen/preamble_sfd_reg[8]

  Ref  DFF        ref:/WORK/zigbee/symbol_mapper_to_ppdu/u_preamble_sfd_gen/preamble_sfd_reg[9]
  Impl DFF        imp:/WORK/zigbee/symbol_mapper_to_ppdu/u_preamble_sfd_gen/preamble_sfd_reg[9]

  Ref  DFF        ref:/WORK/zigbee/symbol_mapper_to_ppdu/u_symbol_mapper_even/o_data_reg[0]
  Impl DFF        imp:/WORK/zigbee/symbol_mapper_to_ppdu/u_symbol_mapper_even/o_data_reg[0]

  Ref  DFF        ref:/WORK/zigbee/symbol_mapper_to_ppdu/u_symbol_mapper_even/o_data_reg[1]
  Impl DFF        imp:/WORK/zigbee/symbol_mapper_to_ppdu/u_symbol_mapper_even/o_data_reg[1]

  Ref  DFF        ref:/WORK/zigbee/symbol_mapper_to_ppdu/u_symbol_mapper_even/o_data_reg[2]
  Impl DFF        imp:/WORK/zigbee/symbol_mapper_to_ppdu/u_symbol_mapper_even/o_data_reg[2]

  Ref  DFF        ref:/WORK/zigbee/symbol_mapper_to_ppdu/u_symbol_mapper_even/o_data_reg[3]
  Impl DFF        imp:/WORK/zigbee/symbol_mapper_to_ppdu/u_symbol_mapper_even/o_data_reg[3]

  Ref  DFF        ref:/WORK/zigbee/symbol_mapper_to_ppdu/u_symbol_mapper_even/o_valid_reg
  Impl DFF        imp:/WORK/zigbee/symbol_mapper_to_ppdu/u_symbol_mapper_even/o_valid_reg

  Ref  DFF        ref:/WORK/zigbee/symbol_mapper_to_ppdu/u_symbol_mapper_odd/o_data_reg[0]
  Impl DFF        imp:/WORK/zigbee/symbol_mapper_to_ppdu/u_symbol_mapper_odd/o_data_reg[0]

  Ref  DFF        ref:/WORK/zigbee/symbol_mapper_to_ppdu/u_symbol_mapper_odd/o_data_reg[1]
  Impl DFF        imp:/WORK/zigbee/symbol_mapper_to_ppdu/u_symbol_mapper_odd/o_data_reg[1]

  Ref  DFF        ref:/WORK/zigbee/symbol_mapper_to_ppdu/u_symbol_mapper_odd/o_data_reg[2]
  Impl DFF        imp:/WORK/zigbee/symbol_mapper_to_ppdu/u_symbol_mapper_odd/o_data_reg[2]

  Ref  DFF        ref:/WORK/zigbee/symbol_mapper_to_ppdu/u_symbol_mapper_odd/o_data_reg[3]
  Impl DFF        imp:/WORK/zigbee/symbol_mapper_to_ppdu/u_symbol_mapper_odd/o_data_reg[3]

  Ref  DFF        ref:/WORK/zigbee/symbol_mapper_to_ppdu/u_symbol_mapper_odd/o_valid_reg
  Impl DFF        imp:/WORK/zigbee/symbol_mapper_to_ppdu/u_symbol_mapper_odd/o_valid_reg

  Ref  DFF        ref:/WORK/zigbee/symbol_mapper_to_ppdu/u_sync_fifo_even/dout_reg[0]
  Impl DFF        imp:/WORK/zigbee/symbol_mapper_to_ppdu/u_sync_fifo_even/dout_reg[0]

  Ref  DFF        ref:/WORK/zigbee/symbol_mapper_to_ppdu/u_sync_fifo_even/dout_reg[1]
  Impl DFF        imp:/WORK/zigbee/symbol_mapper_to_ppdu/u_sync_fifo_even/dout_reg[1]

  Ref  DFF        ref:/WORK/zigbee/symbol_mapper_to_ppdu/u_sync_fifo_even/dout_reg[2]
  Impl DFF        imp:/WORK/zigbee/symbol_mapper_to_ppdu/u_sync_fifo_even/dout_reg[2]

  Ref  DFF        ref:/WORK/zigbee/symbol_mapper_to_ppdu/u_sync_fifo_even/dout_reg[3]
  Impl DFF        imp:/WORK/zigbee/symbol_mapper_to_ppdu/u_sync_fifo_even/dout_reg[3]

  Ref  DFF        ref:/WORK/zigbee/symbol_mapper_to_ppdu/u_sync_fifo_even/mem_reg[0][0]
  Impl DFF        imp:/WORK/zigbee/symbol_mapper_to_ppdu/u_sync_fifo_even/mem_reg[0][0]

  Ref  DFF        ref:/WORK/zigbee/symbol_mapper_to_ppdu/u_sync_fifo_even/mem_reg[0][1]
  Impl DFF        imp:/WORK/zigbee/symbol_mapper_to_ppdu/u_sync_fifo_even/mem_reg[0][1]

  Ref  DFF        ref:/WORK/zigbee/symbol_mapper_to_ppdu/u_sync_fifo_even/mem_reg[0][2]
  Impl DFF        imp:/WORK/zigbee/symbol_mapper_to_ppdu/u_sync_fifo_even/mem_reg[0][2]

  Ref  DFF        ref:/WORK/zigbee/symbol_mapper_to_ppdu/u_sync_fifo_even/mem_reg[0][3]
  Impl DFF        imp:/WORK/zigbee/symbol_mapper_to_ppdu/u_sync_fifo_even/mem_reg[0][3]

  Ref  DFF        ref:/WORK/zigbee/symbol_mapper_to_ppdu/u_sync_fifo_even/mem_reg[10][0]
  Impl DFF        imp:/WORK/zigbee/symbol_mapper_to_ppdu/u_sync_fifo_even/mem_reg[10][0]

  Ref  DFF        ref:/WORK/zigbee/symbol_mapper_to_ppdu/u_sync_fifo_even/mem_reg[10][1]
  Impl DFF        imp:/WORK/zigbee/symbol_mapper_to_ppdu/u_sync_fifo_even/mem_reg[10][1]

  Ref  DFF        ref:/WORK/zigbee/symbol_mapper_to_ppdu/u_sync_fifo_even/mem_reg[10][2]
  Impl DFF        imp:/WORK/zigbee/symbol_mapper_to_ppdu/u_sync_fifo_even/mem_reg[10][2]

  Ref  DFF        ref:/WORK/zigbee/symbol_mapper_to_ppdu/u_sync_fifo_even/mem_reg[10][3]
  Impl DFF        imp:/WORK/zigbee/symbol_mapper_to_ppdu/u_sync_fifo_even/mem_reg[10][3]

  Ref  DFF        ref:/WORK/zigbee/symbol_mapper_to_ppdu/u_sync_fifo_even/mem_reg[11][0]
  Impl DFF        imp:/WORK/zigbee/symbol_mapper_to_ppdu/u_sync_fifo_even/mem_reg[11][0]

  Ref  DFF        ref:/WORK/zigbee/symbol_mapper_to_ppdu/u_sync_fifo_even/mem_reg[11][1]
  Impl DFF        imp:/WORK/zigbee/symbol_mapper_to_ppdu/u_sync_fifo_even/mem_reg[11][1]

  Ref  DFF        ref:/WORK/zigbee/symbol_mapper_to_ppdu/u_sync_fifo_even/mem_reg[11][2]
  Impl DFF        imp:/WORK/zigbee/symbol_mapper_to_ppdu/u_sync_fifo_even/mem_reg[11][2]

  Ref  DFF        ref:/WORK/zigbee/symbol_mapper_to_ppdu/u_sync_fifo_even/mem_reg[11][3]
  Impl DFF        imp:/WORK/zigbee/symbol_mapper_to_ppdu/u_sync_fifo_even/mem_reg[11][3]

  Ref  DFF        ref:/WORK/zigbee/symbol_mapper_to_ppdu/u_sync_fifo_even/mem_reg[12][0]
  Impl DFF        imp:/WORK/zigbee/symbol_mapper_to_ppdu/u_sync_fifo_even/mem_reg[12][0]

  Ref  DFF        ref:/WORK/zigbee/symbol_mapper_to_ppdu/u_sync_fifo_even/mem_reg[12][1]
  Impl DFF        imp:/WORK/zigbee/symbol_mapper_to_ppdu/u_sync_fifo_even/mem_reg[12][1]

  Ref  DFF        ref:/WORK/zigbee/symbol_mapper_to_ppdu/u_sync_fifo_even/mem_reg[12][2]
  Impl DFF        imp:/WORK/zigbee/symbol_mapper_to_ppdu/u_sync_fifo_even/mem_reg[12][2]

  Ref  DFF        ref:/WORK/zigbee/symbol_mapper_to_ppdu/u_sync_fifo_even/mem_reg[12][3]
  Impl DFF        imp:/WORK/zigbee/symbol_mapper_to_ppdu/u_sync_fifo_even/mem_reg[12][3]

  Ref  DFF        ref:/WORK/zigbee/symbol_mapper_to_ppdu/u_sync_fifo_even/mem_reg[13][0]
  Impl DFF        imp:/WORK/zigbee/symbol_mapper_to_ppdu/u_sync_fifo_even/mem_reg[13][0]

  Ref  DFF        ref:/WORK/zigbee/symbol_mapper_to_ppdu/u_sync_fifo_even/mem_reg[13][1]
  Impl DFF        imp:/WORK/zigbee/symbol_mapper_to_ppdu/u_sync_fifo_even/mem_reg[13][1]

  Ref  DFF        ref:/WORK/zigbee/symbol_mapper_to_ppdu/u_sync_fifo_even/mem_reg[13][2]
  Impl DFF        imp:/WORK/zigbee/symbol_mapper_to_ppdu/u_sync_fifo_even/mem_reg[13][2]

  Ref  DFF        ref:/WORK/zigbee/symbol_mapper_to_ppdu/u_sync_fifo_even/mem_reg[13][3]
  Impl DFF        imp:/WORK/zigbee/symbol_mapper_to_ppdu/u_sync_fifo_even/mem_reg[13][3]

  Ref  DFF        ref:/WORK/zigbee/symbol_mapper_to_ppdu/u_sync_fifo_even/mem_reg[14][0]
  Impl DFF        imp:/WORK/zigbee/symbol_mapper_to_ppdu/u_sync_fifo_even/mem_reg[14][0]

  Ref  DFF        ref:/WORK/zigbee/symbol_mapper_to_ppdu/u_sync_fifo_even/mem_reg[14][1]
  Impl DFF        imp:/WORK/zigbee/symbol_mapper_to_ppdu/u_sync_fifo_even/mem_reg[14][1]

  Ref  DFF        ref:/WORK/zigbee/symbol_mapper_to_ppdu/u_sync_fifo_even/mem_reg[14][2]
  Impl DFF        imp:/WORK/zigbee/symbol_mapper_to_ppdu/u_sync_fifo_even/mem_reg[14][2]

  Ref  DFF        ref:/WORK/zigbee/symbol_mapper_to_ppdu/u_sync_fifo_even/mem_reg[14][3]
  Impl DFF        imp:/WORK/zigbee/symbol_mapper_to_ppdu/u_sync_fifo_even/mem_reg[14][3]

  Ref  DFF        ref:/WORK/zigbee/symbol_mapper_to_ppdu/u_sync_fifo_even/mem_reg[15][0]
  Impl DFF        imp:/WORK/zigbee/symbol_mapper_to_ppdu/u_sync_fifo_even/mem_reg[15][0]

  Ref  DFF        ref:/WORK/zigbee/symbol_mapper_to_ppdu/u_sync_fifo_even/mem_reg[15][1]
  Impl DFF        imp:/WORK/zigbee/symbol_mapper_to_ppdu/u_sync_fifo_even/mem_reg[15][1]

  Ref  DFF        ref:/WORK/zigbee/symbol_mapper_to_ppdu/u_sync_fifo_even/mem_reg[15][2]
  Impl DFF        imp:/WORK/zigbee/symbol_mapper_to_ppdu/u_sync_fifo_even/mem_reg[15][2]

  Ref  DFF        ref:/WORK/zigbee/symbol_mapper_to_ppdu/u_sync_fifo_even/mem_reg[15][3]
  Impl DFF        imp:/WORK/zigbee/symbol_mapper_to_ppdu/u_sync_fifo_even/mem_reg[15][3]

  Ref  DFF        ref:/WORK/zigbee/symbol_mapper_to_ppdu/u_sync_fifo_even/mem_reg[16][0]
  Impl DFF        imp:/WORK/zigbee/symbol_mapper_to_ppdu/u_sync_fifo_even/mem_reg[16][0]

  Ref  DFF        ref:/WORK/zigbee/symbol_mapper_to_ppdu/u_sync_fifo_even/mem_reg[16][1]
  Impl DFF        imp:/WORK/zigbee/symbol_mapper_to_ppdu/u_sync_fifo_even/mem_reg[16][1]

  Ref  DFF        ref:/WORK/zigbee/symbol_mapper_to_ppdu/u_sync_fifo_even/mem_reg[16][2]
  Impl DFF        imp:/WORK/zigbee/symbol_mapper_to_ppdu/u_sync_fifo_even/mem_reg[16][2]

  Ref  DFF        ref:/WORK/zigbee/symbol_mapper_to_ppdu/u_sync_fifo_even/mem_reg[16][3]
  Impl DFF        imp:/WORK/zigbee/symbol_mapper_to_ppdu/u_sync_fifo_even/mem_reg[16][3]

  Ref  DFF        ref:/WORK/zigbee/symbol_mapper_to_ppdu/u_sync_fifo_even/mem_reg[17][0]
  Impl DFF        imp:/WORK/zigbee/symbol_mapper_to_ppdu/u_sync_fifo_even/mem_reg[17][0]

  Ref  DFF        ref:/WORK/zigbee/symbol_mapper_to_ppdu/u_sync_fifo_even/mem_reg[17][1]
  Impl DFF        imp:/WORK/zigbee/symbol_mapper_to_ppdu/u_sync_fifo_even/mem_reg[17][1]

  Ref  DFF        ref:/WORK/zigbee/symbol_mapper_to_ppdu/u_sync_fifo_even/mem_reg[17][2]
  Impl DFF        imp:/WORK/zigbee/symbol_mapper_to_ppdu/u_sync_fifo_even/mem_reg[17][2]

  Ref  DFF        ref:/WORK/zigbee/symbol_mapper_to_ppdu/u_sync_fifo_even/mem_reg[17][3]
  Impl DFF        imp:/WORK/zigbee/symbol_mapper_to_ppdu/u_sync_fifo_even/mem_reg[17][3]

  Ref  DFF        ref:/WORK/zigbee/symbol_mapper_to_ppdu/u_sync_fifo_even/mem_reg[18][0]
  Impl DFF        imp:/WORK/zigbee/symbol_mapper_to_ppdu/u_sync_fifo_even/mem_reg[18][0]

  Ref  DFF        ref:/WORK/zigbee/symbol_mapper_to_ppdu/u_sync_fifo_even/mem_reg[18][1]
  Impl DFF        imp:/WORK/zigbee/symbol_mapper_to_ppdu/u_sync_fifo_even/mem_reg[18][1]

  Ref  DFF        ref:/WORK/zigbee/symbol_mapper_to_ppdu/u_sync_fifo_even/mem_reg[18][2]
  Impl DFF        imp:/WORK/zigbee/symbol_mapper_to_ppdu/u_sync_fifo_even/mem_reg[18][2]

  Ref  DFF        ref:/WORK/zigbee/symbol_mapper_to_ppdu/u_sync_fifo_even/mem_reg[18][3]
  Impl DFF        imp:/WORK/zigbee/symbol_mapper_to_ppdu/u_sync_fifo_even/mem_reg[18][3]

  Ref  DFF        ref:/WORK/zigbee/symbol_mapper_to_ppdu/u_sync_fifo_even/mem_reg[19][0]
  Impl DFF        imp:/WORK/zigbee/symbol_mapper_to_ppdu/u_sync_fifo_even/mem_reg[19][0]

  Ref  DFF        ref:/WORK/zigbee/symbol_mapper_to_ppdu/u_sync_fifo_even/mem_reg[19][1]
  Impl DFF        imp:/WORK/zigbee/symbol_mapper_to_ppdu/u_sync_fifo_even/mem_reg[19][1]

  Ref  DFF        ref:/WORK/zigbee/symbol_mapper_to_ppdu/u_sync_fifo_even/mem_reg[19][2]
  Impl DFF        imp:/WORK/zigbee/symbol_mapper_to_ppdu/u_sync_fifo_even/mem_reg[19][2]

  Ref  DFF        ref:/WORK/zigbee/symbol_mapper_to_ppdu/u_sync_fifo_even/mem_reg[19][3]
  Impl DFF        imp:/WORK/zigbee/symbol_mapper_to_ppdu/u_sync_fifo_even/mem_reg[19][3]

  Ref  DFF        ref:/WORK/zigbee/symbol_mapper_to_ppdu/u_sync_fifo_even/mem_reg[1][0]
  Impl DFF        imp:/WORK/zigbee/symbol_mapper_to_ppdu/u_sync_fifo_even/mem_reg[1][0]

  Ref  DFF        ref:/WORK/zigbee/symbol_mapper_to_ppdu/u_sync_fifo_even/mem_reg[1][1]
  Impl DFF        imp:/WORK/zigbee/symbol_mapper_to_ppdu/u_sync_fifo_even/mem_reg[1][1]

  Ref  DFF        ref:/WORK/zigbee/symbol_mapper_to_ppdu/u_sync_fifo_even/mem_reg[1][2]
  Impl DFF        imp:/WORK/zigbee/symbol_mapper_to_ppdu/u_sync_fifo_even/mem_reg[1][2]

  Ref  DFF        ref:/WORK/zigbee/symbol_mapper_to_ppdu/u_sync_fifo_even/mem_reg[1][3]
  Impl DFF        imp:/WORK/zigbee/symbol_mapper_to_ppdu/u_sync_fifo_even/mem_reg[1][3]

  Ref  DFF        ref:/WORK/zigbee/symbol_mapper_to_ppdu/u_sync_fifo_even/mem_reg[20][0]
  Impl DFF        imp:/WORK/zigbee/symbol_mapper_to_ppdu/u_sync_fifo_even/mem_reg[20][0]

  Ref  DFF        ref:/WORK/zigbee/symbol_mapper_to_ppdu/u_sync_fifo_even/mem_reg[20][1]
  Impl DFF        imp:/WORK/zigbee/symbol_mapper_to_ppdu/u_sync_fifo_even/mem_reg[20][1]

  Ref  DFF        ref:/WORK/zigbee/symbol_mapper_to_ppdu/u_sync_fifo_even/mem_reg[20][2]
  Impl DFF        imp:/WORK/zigbee/symbol_mapper_to_ppdu/u_sync_fifo_even/mem_reg[20][2]

  Ref  DFF        ref:/WORK/zigbee/symbol_mapper_to_ppdu/u_sync_fifo_even/mem_reg[20][3]
  Impl DFF        imp:/WORK/zigbee/symbol_mapper_to_ppdu/u_sync_fifo_even/mem_reg[20][3]

  Ref  DFF        ref:/WORK/zigbee/symbol_mapper_to_ppdu/u_sync_fifo_even/mem_reg[21][0]
  Impl DFF        imp:/WORK/zigbee/symbol_mapper_to_ppdu/u_sync_fifo_even/mem_reg[21][0]

  Ref  DFF        ref:/WORK/zigbee/symbol_mapper_to_ppdu/u_sync_fifo_even/mem_reg[21][1]
  Impl DFF        imp:/WORK/zigbee/symbol_mapper_to_ppdu/u_sync_fifo_even/mem_reg[21][1]

  Ref  DFF        ref:/WORK/zigbee/symbol_mapper_to_ppdu/u_sync_fifo_even/mem_reg[21][2]
  Impl DFF        imp:/WORK/zigbee/symbol_mapper_to_ppdu/u_sync_fifo_even/mem_reg[21][2]

  Ref  DFF        ref:/WORK/zigbee/symbol_mapper_to_ppdu/u_sync_fifo_even/mem_reg[21][3]
  Impl DFF        imp:/WORK/zigbee/symbol_mapper_to_ppdu/u_sync_fifo_even/mem_reg[21][3]

  Ref  DFF        ref:/WORK/zigbee/symbol_mapper_to_ppdu/u_sync_fifo_even/mem_reg[22][0]
  Impl DFF        imp:/WORK/zigbee/symbol_mapper_to_ppdu/u_sync_fifo_even/mem_reg[22][0]

  Ref  DFF        ref:/WORK/zigbee/symbol_mapper_to_ppdu/u_sync_fifo_even/mem_reg[22][1]
  Impl DFF        imp:/WORK/zigbee/symbol_mapper_to_ppdu/u_sync_fifo_even/mem_reg[22][1]

  Ref  DFF        ref:/WORK/zigbee/symbol_mapper_to_ppdu/u_sync_fifo_even/mem_reg[22][2]
  Impl DFF        imp:/WORK/zigbee/symbol_mapper_to_ppdu/u_sync_fifo_even/mem_reg[22][2]

  Ref  DFF        ref:/WORK/zigbee/symbol_mapper_to_ppdu/u_sync_fifo_even/mem_reg[22][3]
  Impl DFF        imp:/WORK/zigbee/symbol_mapper_to_ppdu/u_sync_fifo_even/mem_reg[22][3]

  Ref  DFF        ref:/WORK/zigbee/symbol_mapper_to_ppdu/u_sync_fifo_even/mem_reg[23][0]
  Impl DFF        imp:/WORK/zigbee/symbol_mapper_to_ppdu/u_sync_fifo_even/mem_reg[23][0]

  Ref  DFF        ref:/WORK/zigbee/symbol_mapper_to_ppdu/u_sync_fifo_even/mem_reg[23][1]
  Impl DFF        imp:/WORK/zigbee/symbol_mapper_to_ppdu/u_sync_fifo_even/mem_reg[23][1]

  Ref  DFF        ref:/WORK/zigbee/symbol_mapper_to_ppdu/u_sync_fifo_even/mem_reg[23][2]
  Impl DFF        imp:/WORK/zigbee/symbol_mapper_to_ppdu/u_sync_fifo_even/mem_reg[23][2]

  Ref  DFF        ref:/WORK/zigbee/symbol_mapper_to_ppdu/u_sync_fifo_even/mem_reg[23][3]
  Impl DFF        imp:/WORK/zigbee/symbol_mapper_to_ppdu/u_sync_fifo_even/mem_reg[23][3]

  Ref  DFF        ref:/WORK/zigbee/symbol_mapper_to_ppdu/u_sync_fifo_even/mem_reg[24][0]
  Impl DFF        imp:/WORK/zigbee/symbol_mapper_to_ppdu/u_sync_fifo_even/mem_reg[24][0]

  Ref  DFF        ref:/WORK/zigbee/symbol_mapper_to_ppdu/u_sync_fifo_even/mem_reg[24][1]
  Impl DFF        imp:/WORK/zigbee/symbol_mapper_to_ppdu/u_sync_fifo_even/mem_reg[24][1]

  Ref  DFF        ref:/WORK/zigbee/symbol_mapper_to_ppdu/u_sync_fifo_even/mem_reg[24][2]
  Impl DFF        imp:/WORK/zigbee/symbol_mapper_to_ppdu/u_sync_fifo_even/mem_reg[24][2]

  Ref  DFF        ref:/WORK/zigbee/symbol_mapper_to_ppdu/u_sync_fifo_even/mem_reg[24][3]
  Impl DFF        imp:/WORK/zigbee/symbol_mapper_to_ppdu/u_sync_fifo_even/mem_reg[24][3]

  Ref  DFF        ref:/WORK/zigbee/symbol_mapper_to_ppdu/u_sync_fifo_even/mem_reg[25][0]
  Impl DFF        imp:/WORK/zigbee/symbol_mapper_to_ppdu/u_sync_fifo_even/mem_reg[25][0]

  Ref  DFF        ref:/WORK/zigbee/symbol_mapper_to_ppdu/u_sync_fifo_even/mem_reg[25][1]
  Impl DFF        imp:/WORK/zigbee/symbol_mapper_to_ppdu/u_sync_fifo_even/mem_reg[25][1]

  Ref  DFF        ref:/WORK/zigbee/symbol_mapper_to_ppdu/u_sync_fifo_even/mem_reg[25][2]
  Impl DFF        imp:/WORK/zigbee/symbol_mapper_to_ppdu/u_sync_fifo_even/mem_reg[25][2]

  Ref  DFF        ref:/WORK/zigbee/symbol_mapper_to_ppdu/u_sync_fifo_even/mem_reg[25][3]
  Impl DFF        imp:/WORK/zigbee/symbol_mapper_to_ppdu/u_sync_fifo_even/mem_reg[25][3]

  Ref  DFF        ref:/WORK/zigbee/symbol_mapper_to_ppdu/u_sync_fifo_even/mem_reg[26][0]
  Impl DFF        imp:/WORK/zigbee/symbol_mapper_to_ppdu/u_sync_fifo_even/mem_reg[26][0]

  Ref  DFF        ref:/WORK/zigbee/symbol_mapper_to_ppdu/u_sync_fifo_even/mem_reg[26][1]
  Impl DFF        imp:/WORK/zigbee/symbol_mapper_to_ppdu/u_sync_fifo_even/mem_reg[26][1]

  Ref  DFF        ref:/WORK/zigbee/symbol_mapper_to_ppdu/u_sync_fifo_even/mem_reg[26][2]
  Impl DFF        imp:/WORK/zigbee/symbol_mapper_to_ppdu/u_sync_fifo_even/mem_reg[26][2]

  Ref  DFF        ref:/WORK/zigbee/symbol_mapper_to_ppdu/u_sync_fifo_even/mem_reg[26][3]
  Impl DFF        imp:/WORK/zigbee/symbol_mapper_to_ppdu/u_sync_fifo_even/mem_reg[26][3]

  Ref  DFF        ref:/WORK/zigbee/symbol_mapper_to_ppdu/u_sync_fifo_even/mem_reg[27][0]
  Impl DFF        imp:/WORK/zigbee/symbol_mapper_to_ppdu/u_sync_fifo_even/mem_reg[27][0]

  Ref  DFF        ref:/WORK/zigbee/symbol_mapper_to_ppdu/u_sync_fifo_even/mem_reg[27][1]
  Impl DFF        imp:/WORK/zigbee/symbol_mapper_to_ppdu/u_sync_fifo_even/mem_reg[27][1]

  Ref  DFF        ref:/WORK/zigbee/symbol_mapper_to_ppdu/u_sync_fifo_even/mem_reg[27][2]
  Impl DFF        imp:/WORK/zigbee/symbol_mapper_to_ppdu/u_sync_fifo_even/mem_reg[27][2]

  Ref  DFF        ref:/WORK/zigbee/symbol_mapper_to_ppdu/u_sync_fifo_even/mem_reg[27][3]
  Impl DFF        imp:/WORK/zigbee/symbol_mapper_to_ppdu/u_sync_fifo_even/mem_reg[27][3]

  Ref  DFF        ref:/WORK/zigbee/symbol_mapper_to_ppdu/u_sync_fifo_even/mem_reg[28][0]
  Impl DFF        imp:/WORK/zigbee/symbol_mapper_to_ppdu/u_sync_fifo_even/mem_reg[28][0]

  Ref  DFF        ref:/WORK/zigbee/symbol_mapper_to_ppdu/u_sync_fifo_even/mem_reg[28][1]
  Impl DFF        imp:/WORK/zigbee/symbol_mapper_to_ppdu/u_sync_fifo_even/mem_reg[28][1]

  Ref  DFF        ref:/WORK/zigbee/symbol_mapper_to_ppdu/u_sync_fifo_even/mem_reg[28][2]
  Impl DFF        imp:/WORK/zigbee/symbol_mapper_to_ppdu/u_sync_fifo_even/mem_reg[28][2]

  Ref  DFF        ref:/WORK/zigbee/symbol_mapper_to_ppdu/u_sync_fifo_even/mem_reg[28][3]
  Impl DFF        imp:/WORK/zigbee/symbol_mapper_to_ppdu/u_sync_fifo_even/mem_reg[28][3]

  Ref  DFF        ref:/WORK/zigbee/symbol_mapper_to_ppdu/u_sync_fifo_even/mem_reg[29][0]
  Impl DFF        imp:/WORK/zigbee/symbol_mapper_to_ppdu/u_sync_fifo_even/mem_reg[29][0]

  Ref  DFF        ref:/WORK/zigbee/symbol_mapper_to_ppdu/u_sync_fifo_even/mem_reg[29][1]
  Impl DFF        imp:/WORK/zigbee/symbol_mapper_to_ppdu/u_sync_fifo_even/mem_reg[29][1]

  Ref  DFF        ref:/WORK/zigbee/symbol_mapper_to_ppdu/u_sync_fifo_even/mem_reg[29][2]
  Impl DFF        imp:/WORK/zigbee/symbol_mapper_to_ppdu/u_sync_fifo_even/mem_reg[29][2]

  Ref  DFF        ref:/WORK/zigbee/symbol_mapper_to_ppdu/u_sync_fifo_even/mem_reg[29][3]
  Impl DFF        imp:/WORK/zigbee/symbol_mapper_to_ppdu/u_sync_fifo_even/mem_reg[29][3]

  Ref  DFF        ref:/WORK/zigbee/symbol_mapper_to_ppdu/u_sync_fifo_even/mem_reg[2][0]
  Impl DFF        imp:/WORK/zigbee/symbol_mapper_to_ppdu/u_sync_fifo_even/mem_reg[2][0]

  Ref  DFF        ref:/WORK/zigbee/symbol_mapper_to_ppdu/u_sync_fifo_even/mem_reg[2][1]
  Impl DFF        imp:/WORK/zigbee/symbol_mapper_to_ppdu/u_sync_fifo_even/mem_reg[2][1]

  Ref  DFF        ref:/WORK/zigbee/symbol_mapper_to_ppdu/u_sync_fifo_even/mem_reg[2][2]
  Impl DFF        imp:/WORK/zigbee/symbol_mapper_to_ppdu/u_sync_fifo_even/mem_reg[2][2]

  Ref  DFF        ref:/WORK/zigbee/symbol_mapper_to_ppdu/u_sync_fifo_even/mem_reg[2][3]
  Impl DFF        imp:/WORK/zigbee/symbol_mapper_to_ppdu/u_sync_fifo_even/mem_reg[2][3]

  Ref  DFF        ref:/WORK/zigbee/symbol_mapper_to_ppdu/u_sync_fifo_even/mem_reg[30][0]
  Impl DFF        imp:/WORK/zigbee/symbol_mapper_to_ppdu/u_sync_fifo_even/mem_reg[30][0]

  Ref  DFF        ref:/WORK/zigbee/symbol_mapper_to_ppdu/u_sync_fifo_even/mem_reg[30][1]
  Impl DFF        imp:/WORK/zigbee/symbol_mapper_to_ppdu/u_sync_fifo_even/mem_reg[30][1]

  Ref  DFF        ref:/WORK/zigbee/symbol_mapper_to_ppdu/u_sync_fifo_even/mem_reg[30][2]
  Impl DFF        imp:/WORK/zigbee/symbol_mapper_to_ppdu/u_sync_fifo_even/mem_reg[30][2]

  Ref  DFF        ref:/WORK/zigbee/symbol_mapper_to_ppdu/u_sync_fifo_even/mem_reg[30][3]
  Impl DFF        imp:/WORK/zigbee/symbol_mapper_to_ppdu/u_sync_fifo_even/mem_reg[30][3]

  Ref  DFF        ref:/WORK/zigbee/symbol_mapper_to_ppdu/u_sync_fifo_even/mem_reg[31][0]
  Impl DFF        imp:/WORK/zigbee/symbol_mapper_to_ppdu/u_sync_fifo_even/mem_reg[31][0]

  Ref  DFF        ref:/WORK/zigbee/symbol_mapper_to_ppdu/u_sync_fifo_even/mem_reg[31][1]
  Impl DFF        imp:/WORK/zigbee/symbol_mapper_to_ppdu/u_sync_fifo_even/mem_reg[31][1]

  Ref  DFF        ref:/WORK/zigbee/symbol_mapper_to_ppdu/u_sync_fifo_even/mem_reg[31][2]
  Impl DFF        imp:/WORK/zigbee/symbol_mapper_to_ppdu/u_sync_fifo_even/mem_reg[31][2]

  Ref  DFF        ref:/WORK/zigbee/symbol_mapper_to_ppdu/u_sync_fifo_even/mem_reg[31][3]
  Impl DFF        imp:/WORK/zigbee/symbol_mapper_to_ppdu/u_sync_fifo_even/mem_reg[31][3]

  Ref  DFF        ref:/WORK/zigbee/symbol_mapper_to_ppdu/u_sync_fifo_even/mem_reg[32][0]
  Impl DFF        imp:/WORK/zigbee/symbol_mapper_to_ppdu/u_sync_fifo_even/mem_reg[32][0]

  Ref  DFF        ref:/WORK/zigbee/symbol_mapper_to_ppdu/u_sync_fifo_even/mem_reg[32][1]
  Impl DFF        imp:/WORK/zigbee/symbol_mapper_to_ppdu/u_sync_fifo_even/mem_reg[32][1]

  Ref  DFF        ref:/WORK/zigbee/symbol_mapper_to_ppdu/u_sync_fifo_even/mem_reg[32][2]
  Impl DFF        imp:/WORK/zigbee/symbol_mapper_to_ppdu/u_sync_fifo_even/mem_reg[32][2]

  Ref  DFF        ref:/WORK/zigbee/symbol_mapper_to_ppdu/u_sync_fifo_even/mem_reg[32][3]
  Impl DFF        imp:/WORK/zigbee/symbol_mapper_to_ppdu/u_sync_fifo_even/mem_reg[32][3]

  Ref  DFF        ref:/WORK/zigbee/symbol_mapper_to_ppdu/u_sync_fifo_even/mem_reg[33][0]
  Impl DFF        imp:/WORK/zigbee/symbol_mapper_to_ppdu/u_sync_fifo_even/mem_reg[33][0]

  Ref  DFF        ref:/WORK/zigbee/symbol_mapper_to_ppdu/u_sync_fifo_even/mem_reg[33][1]
  Impl DFF        imp:/WORK/zigbee/symbol_mapper_to_ppdu/u_sync_fifo_even/mem_reg[33][1]

  Ref  DFF        ref:/WORK/zigbee/symbol_mapper_to_ppdu/u_sync_fifo_even/mem_reg[33][2]
  Impl DFF        imp:/WORK/zigbee/symbol_mapper_to_ppdu/u_sync_fifo_even/mem_reg[33][2]

  Ref  DFF        ref:/WORK/zigbee/symbol_mapper_to_ppdu/u_sync_fifo_even/mem_reg[33][3]
  Impl DFF        imp:/WORK/zigbee/symbol_mapper_to_ppdu/u_sync_fifo_even/mem_reg[33][3]

  Ref  DFF        ref:/WORK/zigbee/symbol_mapper_to_ppdu/u_sync_fifo_even/mem_reg[34][0]
  Impl DFF        imp:/WORK/zigbee/symbol_mapper_to_ppdu/u_sync_fifo_even/mem_reg[34][0]

  Ref  DFF        ref:/WORK/zigbee/symbol_mapper_to_ppdu/u_sync_fifo_even/mem_reg[34][1]
  Impl DFF        imp:/WORK/zigbee/symbol_mapper_to_ppdu/u_sync_fifo_even/mem_reg[34][1]

  Ref  DFF        ref:/WORK/zigbee/symbol_mapper_to_ppdu/u_sync_fifo_even/mem_reg[34][2]
  Impl DFF        imp:/WORK/zigbee/symbol_mapper_to_ppdu/u_sync_fifo_even/mem_reg[34][2]

  Ref  DFF        ref:/WORK/zigbee/symbol_mapper_to_ppdu/u_sync_fifo_even/mem_reg[34][3]
  Impl DFF        imp:/WORK/zigbee/symbol_mapper_to_ppdu/u_sync_fifo_even/mem_reg[34][3]

  Ref  DFF        ref:/WORK/zigbee/symbol_mapper_to_ppdu/u_sync_fifo_even/mem_reg[35][0]
  Impl DFF        imp:/WORK/zigbee/symbol_mapper_to_ppdu/u_sync_fifo_even/mem_reg[35][0]

  Ref  DFF        ref:/WORK/zigbee/symbol_mapper_to_ppdu/u_sync_fifo_even/mem_reg[35][1]
  Impl DFF        imp:/WORK/zigbee/symbol_mapper_to_ppdu/u_sync_fifo_even/mem_reg[35][1]

  Ref  DFF        ref:/WORK/zigbee/symbol_mapper_to_ppdu/u_sync_fifo_even/mem_reg[35][2]
  Impl DFF        imp:/WORK/zigbee/symbol_mapper_to_ppdu/u_sync_fifo_even/mem_reg[35][2]

  Ref  DFF        ref:/WORK/zigbee/symbol_mapper_to_ppdu/u_sync_fifo_even/mem_reg[35][3]
  Impl DFF        imp:/WORK/zigbee/symbol_mapper_to_ppdu/u_sync_fifo_even/mem_reg[35][3]

  Ref  DFF        ref:/WORK/zigbee/symbol_mapper_to_ppdu/u_sync_fifo_even/mem_reg[36][0]
  Impl DFF        imp:/WORK/zigbee/symbol_mapper_to_ppdu/u_sync_fifo_even/mem_reg[36][0]

  Ref  DFF        ref:/WORK/zigbee/symbol_mapper_to_ppdu/u_sync_fifo_even/mem_reg[36][1]
  Impl DFF        imp:/WORK/zigbee/symbol_mapper_to_ppdu/u_sync_fifo_even/mem_reg[36][1]

  Ref  DFF        ref:/WORK/zigbee/symbol_mapper_to_ppdu/u_sync_fifo_even/mem_reg[36][2]
  Impl DFF        imp:/WORK/zigbee/symbol_mapper_to_ppdu/u_sync_fifo_even/mem_reg[36][2]

  Ref  DFF        ref:/WORK/zigbee/symbol_mapper_to_ppdu/u_sync_fifo_even/mem_reg[36][3]
  Impl DFF        imp:/WORK/zigbee/symbol_mapper_to_ppdu/u_sync_fifo_even/mem_reg[36][3]

  Ref  DFF        ref:/WORK/zigbee/symbol_mapper_to_ppdu/u_sync_fifo_even/mem_reg[37][0]
  Impl DFF        imp:/WORK/zigbee/symbol_mapper_to_ppdu/u_sync_fifo_even/mem_reg[37][0]

  Ref  DFF        ref:/WORK/zigbee/symbol_mapper_to_ppdu/u_sync_fifo_even/mem_reg[37][1]
  Impl DFF        imp:/WORK/zigbee/symbol_mapper_to_ppdu/u_sync_fifo_even/mem_reg[37][1]

  Ref  DFF        ref:/WORK/zigbee/symbol_mapper_to_ppdu/u_sync_fifo_even/mem_reg[37][2]
  Impl DFF        imp:/WORK/zigbee/symbol_mapper_to_ppdu/u_sync_fifo_even/mem_reg[37][2]

  Ref  DFF        ref:/WORK/zigbee/symbol_mapper_to_ppdu/u_sync_fifo_even/mem_reg[37][3]
  Impl DFF        imp:/WORK/zigbee/symbol_mapper_to_ppdu/u_sync_fifo_even/mem_reg[37][3]

  Ref  DFF        ref:/WORK/zigbee/symbol_mapper_to_ppdu/u_sync_fifo_even/mem_reg[38][0]
  Impl DFF        imp:/WORK/zigbee/symbol_mapper_to_ppdu/u_sync_fifo_even/mem_reg[38][0]

  Ref  DFF        ref:/WORK/zigbee/symbol_mapper_to_ppdu/u_sync_fifo_even/mem_reg[38][1]
  Impl DFF        imp:/WORK/zigbee/symbol_mapper_to_ppdu/u_sync_fifo_even/mem_reg[38][1]

  Ref  DFF        ref:/WORK/zigbee/symbol_mapper_to_ppdu/u_sync_fifo_even/mem_reg[38][2]
  Impl DFF        imp:/WORK/zigbee/symbol_mapper_to_ppdu/u_sync_fifo_even/mem_reg[38][2]

  Ref  DFF        ref:/WORK/zigbee/symbol_mapper_to_ppdu/u_sync_fifo_even/mem_reg[38][3]
  Impl DFF        imp:/WORK/zigbee/symbol_mapper_to_ppdu/u_sync_fifo_even/mem_reg[38][3]

  Ref  DFF        ref:/WORK/zigbee/symbol_mapper_to_ppdu/u_sync_fifo_even/mem_reg[39][0]
  Impl DFF        imp:/WORK/zigbee/symbol_mapper_to_ppdu/u_sync_fifo_even/mem_reg[39][0]

  Ref  DFF        ref:/WORK/zigbee/symbol_mapper_to_ppdu/u_sync_fifo_even/mem_reg[39][1]
  Impl DFF        imp:/WORK/zigbee/symbol_mapper_to_ppdu/u_sync_fifo_even/mem_reg[39][1]

  Ref  DFF        ref:/WORK/zigbee/symbol_mapper_to_ppdu/u_sync_fifo_even/mem_reg[39][2]
  Impl DFF        imp:/WORK/zigbee/symbol_mapper_to_ppdu/u_sync_fifo_even/mem_reg[39][2]

  Ref  DFF        ref:/WORK/zigbee/symbol_mapper_to_ppdu/u_sync_fifo_even/mem_reg[39][3]
  Impl DFF        imp:/WORK/zigbee/symbol_mapper_to_ppdu/u_sync_fifo_even/mem_reg[39][3]

  Ref  DFF        ref:/WORK/zigbee/symbol_mapper_to_ppdu/u_sync_fifo_even/mem_reg[3][0]
  Impl DFF        imp:/WORK/zigbee/symbol_mapper_to_ppdu/u_sync_fifo_even/mem_reg[3][0]

  Ref  DFF        ref:/WORK/zigbee/symbol_mapper_to_ppdu/u_sync_fifo_even/mem_reg[3][1]
  Impl DFF        imp:/WORK/zigbee/symbol_mapper_to_ppdu/u_sync_fifo_even/mem_reg[3][1]

  Ref  DFF        ref:/WORK/zigbee/symbol_mapper_to_ppdu/u_sync_fifo_even/mem_reg[3][2]
  Impl DFF        imp:/WORK/zigbee/symbol_mapper_to_ppdu/u_sync_fifo_even/mem_reg[3][2]

  Ref  DFF        ref:/WORK/zigbee/symbol_mapper_to_ppdu/u_sync_fifo_even/mem_reg[3][3]
  Impl DFF        imp:/WORK/zigbee/symbol_mapper_to_ppdu/u_sync_fifo_even/mem_reg[3][3]

  Ref  DFF        ref:/WORK/zigbee/symbol_mapper_to_ppdu/u_sync_fifo_even/mem_reg[40][0]
  Impl DFF        imp:/WORK/zigbee/symbol_mapper_to_ppdu/u_sync_fifo_even/mem_reg[40][0]

  Ref  DFF        ref:/WORK/zigbee/symbol_mapper_to_ppdu/u_sync_fifo_even/mem_reg[40][1]
  Impl DFF        imp:/WORK/zigbee/symbol_mapper_to_ppdu/u_sync_fifo_even/mem_reg[40][1]

  Ref  DFF        ref:/WORK/zigbee/symbol_mapper_to_ppdu/u_sync_fifo_even/mem_reg[40][2]
  Impl DFF        imp:/WORK/zigbee/symbol_mapper_to_ppdu/u_sync_fifo_even/mem_reg[40][2]

  Ref  DFF        ref:/WORK/zigbee/symbol_mapper_to_ppdu/u_sync_fifo_even/mem_reg[40][3]
  Impl DFF        imp:/WORK/zigbee/symbol_mapper_to_ppdu/u_sync_fifo_even/mem_reg[40][3]

  Ref  DFF        ref:/WORK/zigbee/symbol_mapper_to_ppdu/u_sync_fifo_even/mem_reg[41][0]
  Impl DFF        imp:/WORK/zigbee/symbol_mapper_to_ppdu/u_sync_fifo_even/mem_reg[41][0]

  Ref  DFF        ref:/WORK/zigbee/symbol_mapper_to_ppdu/u_sync_fifo_even/mem_reg[41][1]
  Impl DFF        imp:/WORK/zigbee/symbol_mapper_to_ppdu/u_sync_fifo_even/mem_reg[41][1]

  Ref  DFF        ref:/WORK/zigbee/symbol_mapper_to_ppdu/u_sync_fifo_even/mem_reg[41][2]
  Impl DFF        imp:/WORK/zigbee/symbol_mapper_to_ppdu/u_sync_fifo_even/mem_reg[41][2]

  Ref  DFF        ref:/WORK/zigbee/symbol_mapper_to_ppdu/u_sync_fifo_even/mem_reg[41][3]
  Impl DFF        imp:/WORK/zigbee/symbol_mapper_to_ppdu/u_sync_fifo_even/mem_reg[41][3]

  Ref  DFF        ref:/WORK/zigbee/symbol_mapper_to_ppdu/u_sync_fifo_even/mem_reg[42][0]
  Impl DFF        imp:/WORK/zigbee/symbol_mapper_to_ppdu/u_sync_fifo_even/mem_reg[42][0]

  Ref  DFF        ref:/WORK/zigbee/symbol_mapper_to_ppdu/u_sync_fifo_even/mem_reg[42][1]
  Impl DFF        imp:/WORK/zigbee/symbol_mapper_to_ppdu/u_sync_fifo_even/mem_reg[42][1]

  Ref  DFF        ref:/WORK/zigbee/symbol_mapper_to_ppdu/u_sync_fifo_even/mem_reg[42][2]
  Impl DFF        imp:/WORK/zigbee/symbol_mapper_to_ppdu/u_sync_fifo_even/mem_reg[42][2]

  Ref  DFF        ref:/WORK/zigbee/symbol_mapper_to_ppdu/u_sync_fifo_even/mem_reg[42][3]
  Impl DFF        imp:/WORK/zigbee/symbol_mapper_to_ppdu/u_sync_fifo_even/mem_reg[42][3]

  Ref  DFF        ref:/WORK/zigbee/symbol_mapper_to_ppdu/u_sync_fifo_even/mem_reg[43][0]
  Impl DFF        imp:/WORK/zigbee/symbol_mapper_to_ppdu/u_sync_fifo_even/mem_reg[43][0]

  Ref  DFF        ref:/WORK/zigbee/symbol_mapper_to_ppdu/u_sync_fifo_even/mem_reg[43][1]
  Impl DFF        imp:/WORK/zigbee/symbol_mapper_to_ppdu/u_sync_fifo_even/mem_reg[43][1]

  Ref  DFF        ref:/WORK/zigbee/symbol_mapper_to_ppdu/u_sync_fifo_even/mem_reg[43][2]
  Impl DFF        imp:/WORK/zigbee/symbol_mapper_to_ppdu/u_sync_fifo_even/mem_reg[43][2]

  Ref  DFF        ref:/WORK/zigbee/symbol_mapper_to_ppdu/u_sync_fifo_even/mem_reg[43][3]
  Impl DFF        imp:/WORK/zigbee/symbol_mapper_to_ppdu/u_sync_fifo_even/mem_reg[43][3]

  Ref  DFF        ref:/WORK/zigbee/symbol_mapper_to_ppdu/u_sync_fifo_even/mem_reg[44][0]
  Impl DFF        imp:/WORK/zigbee/symbol_mapper_to_ppdu/u_sync_fifo_even/mem_reg[44][0]

  Ref  DFF        ref:/WORK/zigbee/symbol_mapper_to_ppdu/u_sync_fifo_even/mem_reg[44][1]
  Impl DFF        imp:/WORK/zigbee/symbol_mapper_to_ppdu/u_sync_fifo_even/mem_reg[44][1]

  Ref  DFF        ref:/WORK/zigbee/symbol_mapper_to_ppdu/u_sync_fifo_even/mem_reg[44][2]
  Impl DFF        imp:/WORK/zigbee/symbol_mapper_to_ppdu/u_sync_fifo_even/mem_reg[44][2]

  Ref  DFF        ref:/WORK/zigbee/symbol_mapper_to_ppdu/u_sync_fifo_even/mem_reg[44][3]
  Impl DFF        imp:/WORK/zigbee/symbol_mapper_to_ppdu/u_sync_fifo_even/mem_reg[44][3]

  Ref  DFF        ref:/WORK/zigbee/symbol_mapper_to_ppdu/u_sync_fifo_even/mem_reg[45][0]
  Impl DFF        imp:/WORK/zigbee/symbol_mapper_to_ppdu/u_sync_fifo_even/mem_reg[45][0]

  Ref  DFF        ref:/WORK/zigbee/symbol_mapper_to_ppdu/u_sync_fifo_even/mem_reg[45][1]
  Impl DFF        imp:/WORK/zigbee/symbol_mapper_to_ppdu/u_sync_fifo_even/mem_reg[45][1]

  Ref  DFF        ref:/WORK/zigbee/symbol_mapper_to_ppdu/u_sync_fifo_even/mem_reg[45][2]
  Impl DFF        imp:/WORK/zigbee/symbol_mapper_to_ppdu/u_sync_fifo_even/mem_reg[45][2]

  Ref  DFF        ref:/WORK/zigbee/symbol_mapper_to_ppdu/u_sync_fifo_even/mem_reg[45][3]
  Impl DFF        imp:/WORK/zigbee/symbol_mapper_to_ppdu/u_sync_fifo_even/mem_reg[45][3]

  Ref  DFF        ref:/WORK/zigbee/symbol_mapper_to_ppdu/u_sync_fifo_even/mem_reg[46][0]
  Impl DFF        imp:/WORK/zigbee/symbol_mapper_to_ppdu/u_sync_fifo_even/mem_reg[46][0]

  Ref  DFF        ref:/WORK/zigbee/symbol_mapper_to_ppdu/u_sync_fifo_even/mem_reg[46][1]
  Impl DFF        imp:/WORK/zigbee/symbol_mapper_to_ppdu/u_sync_fifo_even/mem_reg[46][1]

  Ref  DFF        ref:/WORK/zigbee/symbol_mapper_to_ppdu/u_sync_fifo_even/mem_reg[46][2]
  Impl DFF        imp:/WORK/zigbee/symbol_mapper_to_ppdu/u_sync_fifo_even/mem_reg[46][2]

  Ref  DFF        ref:/WORK/zigbee/symbol_mapper_to_ppdu/u_sync_fifo_even/mem_reg[46][3]
  Impl DFF        imp:/WORK/zigbee/symbol_mapper_to_ppdu/u_sync_fifo_even/mem_reg[46][3]

  Ref  DFF        ref:/WORK/zigbee/symbol_mapper_to_ppdu/u_sync_fifo_even/mem_reg[47][0]
  Impl DFF        imp:/WORK/zigbee/symbol_mapper_to_ppdu/u_sync_fifo_even/mem_reg[47][0]

  Ref  DFF        ref:/WORK/zigbee/symbol_mapper_to_ppdu/u_sync_fifo_even/mem_reg[47][1]
  Impl DFF        imp:/WORK/zigbee/symbol_mapper_to_ppdu/u_sync_fifo_even/mem_reg[47][1]

  Ref  DFF        ref:/WORK/zigbee/symbol_mapper_to_ppdu/u_sync_fifo_even/mem_reg[47][2]
  Impl DFF        imp:/WORK/zigbee/symbol_mapper_to_ppdu/u_sync_fifo_even/mem_reg[47][2]

  Ref  DFF        ref:/WORK/zigbee/symbol_mapper_to_ppdu/u_sync_fifo_even/mem_reg[47][3]
  Impl DFF        imp:/WORK/zigbee/symbol_mapper_to_ppdu/u_sync_fifo_even/mem_reg[47][3]

  Ref  DFF        ref:/WORK/zigbee/symbol_mapper_to_ppdu/u_sync_fifo_even/mem_reg[48][0]
  Impl DFF        imp:/WORK/zigbee/symbol_mapper_to_ppdu/u_sync_fifo_even/mem_reg[48][0]

  Ref  DFF        ref:/WORK/zigbee/symbol_mapper_to_ppdu/u_sync_fifo_even/mem_reg[48][1]
  Impl DFF        imp:/WORK/zigbee/symbol_mapper_to_ppdu/u_sync_fifo_even/mem_reg[48][1]

  Ref  DFF        ref:/WORK/zigbee/symbol_mapper_to_ppdu/u_sync_fifo_even/mem_reg[48][2]
  Impl DFF        imp:/WORK/zigbee/symbol_mapper_to_ppdu/u_sync_fifo_even/mem_reg[48][2]

  Ref  DFF        ref:/WORK/zigbee/symbol_mapper_to_ppdu/u_sync_fifo_even/mem_reg[48][3]
  Impl DFF        imp:/WORK/zigbee/symbol_mapper_to_ppdu/u_sync_fifo_even/mem_reg[48][3]

  Ref  DFF        ref:/WORK/zigbee/symbol_mapper_to_ppdu/u_sync_fifo_even/mem_reg[49][0]
  Impl DFF        imp:/WORK/zigbee/symbol_mapper_to_ppdu/u_sync_fifo_even/mem_reg[49][0]

  Ref  DFF        ref:/WORK/zigbee/symbol_mapper_to_ppdu/u_sync_fifo_even/mem_reg[49][1]
  Impl DFF        imp:/WORK/zigbee/symbol_mapper_to_ppdu/u_sync_fifo_even/mem_reg[49][1]

  Ref  DFF        ref:/WORK/zigbee/symbol_mapper_to_ppdu/u_sync_fifo_even/mem_reg[49][2]
  Impl DFF        imp:/WORK/zigbee/symbol_mapper_to_ppdu/u_sync_fifo_even/mem_reg[49][2]

  Ref  DFF        ref:/WORK/zigbee/symbol_mapper_to_ppdu/u_sync_fifo_even/mem_reg[49][3]
  Impl DFF        imp:/WORK/zigbee/symbol_mapper_to_ppdu/u_sync_fifo_even/mem_reg[49][3]

  Ref  DFF        ref:/WORK/zigbee/symbol_mapper_to_ppdu/u_sync_fifo_even/mem_reg[4][0]
  Impl DFF        imp:/WORK/zigbee/symbol_mapper_to_ppdu/u_sync_fifo_even/mem_reg[4][0]

  Ref  DFF        ref:/WORK/zigbee/symbol_mapper_to_ppdu/u_sync_fifo_even/mem_reg[4][1]
  Impl DFF        imp:/WORK/zigbee/symbol_mapper_to_ppdu/u_sync_fifo_even/mem_reg[4][1]

  Ref  DFF        ref:/WORK/zigbee/symbol_mapper_to_ppdu/u_sync_fifo_even/mem_reg[4][2]
  Impl DFF        imp:/WORK/zigbee/symbol_mapper_to_ppdu/u_sync_fifo_even/mem_reg[4][2]

  Ref  DFF        ref:/WORK/zigbee/symbol_mapper_to_ppdu/u_sync_fifo_even/mem_reg[4][3]
  Impl DFF        imp:/WORK/zigbee/symbol_mapper_to_ppdu/u_sync_fifo_even/mem_reg[4][3]

  Ref  DFF        ref:/WORK/zigbee/symbol_mapper_to_ppdu/u_sync_fifo_even/mem_reg[50][0]
  Impl DFF        imp:/WORK/zigbee/symbol_mapper_to_ppdu/u_sync_fifo_even/mem_reg[50][0]

  Ref  DFF        ref:/WORK/zigbee/symbol_mapper_to_ppdu/u_sync_fifo_even/mem_reg[50][1]
  Impl DFF        imp:/WORK/zigbee/symbol_mapper_to_ppdu/u_sync_fifo_even/mem_reg[50][1]

  Ref  DFF        ref:/WORK/zigbee/symbol_mapper_to_ppdu/u_sync_fifo_even/mem_reg[50][2]
  Impl DFF        imp:/WORK/zigbee/symbol_mapper_to_ppdu/u_sync_fifo_even/mem_reg[50][2]

  Ref  DFF        ref:/WORK/zigbee/symbol_mapper_to_ppdu/u_sync_fifo_even/mem_reg[50][3]
  Impl DFF        imp:/WORK/zigbee/symbol_mapper_to_ppdu/u_sync_fifo_even/mem_reg[50][3]

  Ref  DFF        ref:/WORK/zigbee/symbol_mapper_to_ppdu/u_sync_fifo_even/mem_reg[51][0]
  Impl DFF        imp:/WORK/zigbee/symbol_mapper_to_ppdu/u_sync_fifo_even/mem_reg[51][0]

  Ref  DFF        ref:/WORK/zigbee/symbol_mapper_to_ppdu/u_sync_fifo_even/mem_reg[51][1]
  Impl DFF        imp:/WORK/zigbee/symbol_mapper_to_ppdu/u_sync_fifo_even/mem_reg[51][1]

  Ref  DFF        ref:/WORK/zigbee/symbol_mapper_to_ppdu/u_sync_fifo_even/mem_reg[51][2]
  Impl DFF        imp:/WORK/zigbee/symbol_mapper_to_ppdu/u_sync_fifo_even/mem_reg[51][2]

  Ref  DFF        ref:/WORK/zigbee/symbol_mapper_to_ppdu/u_sync_fifo_even/mem_reg[51][3]
  Impl DFF        imp:/WORK/zigbee/symbol_mapper_to_ppdu/u_sync_fifo_even/mem_reg[51][3]

  Ref  DFF        ref:/WORK/zigbee/symbol_mapper_to_ppdu/u_sync_fifo_even/mem_reg[52][0]
  Impl DFF        imp:/WORK/zigbee/symbol_mapper_to_ppdu/u_sync_fifo_even/mem_reg[52][0]

  Ref  DFF        ref:/WORK/zigbee/symbol_mapper_to_ppdu/u_sync_fifo_even/mem_reg[52][1]
  Impl DFF        imp:/WORK/zigbee/symbol_mapper_to_ppdu/u_sync_fifo_even/mem_reg[52][1]

  Ref  DFF        ref:/WORK/zigbee/symbol_mapper_to_ppdu/u_sync_fifo_even/mem_reg[52][2]
  Impl DFF        imp:/WORK/zigbee/symbol_mapper_to_ppdu/u_sync_fifo_even/mem_reg[52][2]

  Ref  DFF        ref:/WORK/zigbee/symbol_mapper_to_ppdu/u_sync_fifo_even/mem_reg[52][3]
  Impl DFF        imp:/WORK/zigbee/symbol_mapper_to_ppdu/u_sync_fifo_even/mem_reg[52][3]

  Ref  DFF        ref:/WORK/zigbee/symbol_mapper_to_ppdu/u_sync_fifo_even/mem_reg[53][0]
  Impl DFF        imp:/WORK/zigbee/symbol_mapper_to_ppdu/u_sync_fifo_even/mem_reg[53][0]

  Ref  DFF        ref:/WORK/zigbee/symbol_mapper_to_ppdu/u_sync_fifo_even/mem_reg[53][1]
  Impl DFF        imp:/WORK/zigbee/symbol_mapper_to_ppdu/u_sync_fifo_even/mem_reg[53][1]

  Ref  DFF        ref:/WORK/zigbee/symbol_mapper_to_ppdu/u_sync_fifo_even/mem_reg[53][2]
  Impl DFF        imp:/WORK/zigbee/symbol_mapper_to_ppdu/u_sync_fifo_even/mem_reg[53][2]

  Ref  DFF        ref:/WORK/zigbee/symbol_mapper_to_ppdu/u_sync_fifo_even/mem_reg[53][3]
  Impl DFF        imp:/WORK/zigbee/symbol_mapper_to_ppdu/u_sync_fifo_even/mem_reg[53][3]

  Ref  DFF        ref:/WORK/zigbee/symbol_mapper_to_ppdu/u_sync_fifo_even/mem_reg[54][0]
  Impl DFF        imp:/WORK/zigbee/symbol_mapper_to_ppdu/u_sync_fifo_even/mem_reg[54][0]

  Ref  DFF        ref:/WORK/zigbee/symbol_mapper_to_ppdu/u_sync_fifo_even/mem_reg[54][1]
  Impl DFF        imp:/WORK/zigbee/symbol_mapper_to_ppdu/u_sync_fifo_even/mem_reg[54][1]

  Ref  DFF        ref:/WORK/zigbee/symbol_mapper_to_ppdu/u_sync_fifo_even/mem_reg[54][2]
  Impl DFF        imp:/WORK/zigbee/symbol_mapper_to_ppdu/u_sync_fifo_even/mem_reg[54][2]

  Ref  DFF        ref:/WORK/zigbee/symbol_mapper_to_ppdu/u_sync_fifo_even/mem_reg[54][3]
  Impl DFF        imp:/WORK/zigbee/symbol_mapper_to_ppdu/u_sync_fifo_even/mem_reg[54][3]

  Ref  DFF        ref:/WORK/zigbee/symbol_mapper_to_ppdu/u_sync_fifo_even/mem_reg[55][0]
  Impl DFF        imp:/WORK/zigbee/symbol_mapper_to_ppdu/u_sync_fifo_even/mem_reg[55][0]

  Ref  DFF        ref:/WORK/zigbee/symbol_mapper_to_ppdu/u_sync_fifo_even/mem_reg[55][1]
  Impl DFF        imp:/WORK/zigbee/symbol_mapper_to_ppdu/u_sync_fifo_even/mem_reg[55][1]

  Ref  DFF        ref:/WORK/zigbee/symbol_mapper_to_ppdu/u_sync_fifo_even/mem_reg[55][2]
  Impl DFF        imp:/WORK/zigbee/symbol_mapper_to_ppdu/u_sync_fifo_even/mem_reg[55][2]

  Ref  DFF        ref:/WORK/zigbee/symbol_mapper_to_ppdu/u_sync_fifo_even/mem_reg[55][3]
  Impl DFF        imp:/WORK/zigbee/symbol_mapper_to_ppdu/u_sync_fifo_even/mem_reg[55][3]

  Ref  DFF        ref:/WORK/zigbee/symbol_mapper_to_ppdu/u_sync_fifo_even/mem_reg[56][0]
  Impl DFF        imp:/WORK/zigbee/symbol_mapper_to_ppdu/u_sync_fifo_even/mem_reg[56][0]

  Ref  DFF        ref:/WORK/zigbee/symbol_mapper_to_ppdu/u_sync_fifo_even/mem_reg[56][1]
  Impl DFF        imp:/WORK/zigbee/symbol_mapper_to_ppdu/u_sync_fifo_even/mem_reg[56][1]

  Ref  DFF        ref:/WORK/zigbee/symbol_mapper_to_ppdu/u_sync_fifo_even/mem_reg[56][2]
  Impl DFF        imp:/WORK/zigbee/symbol_mapper_to_ppdu/u_sync_fifo_even/mem_reg[56][2]

  Ref  DFF        ref:/WORK/zigbee/symbol_mapper_to_ppdu/u_sync_fifo_even/mem_reg[56][3]
  Impl DFF        imp:/WORK/zigbee/symbol_mapper_to_ppdu/u_sync_fifo_even/mem_reg[56][3]

  Ref  DFF        ref:/WORK/zigbee/symbol_mapper_to_ppdu/u_sync_fifo_even/mem_reg[57][0]
  Impl DFF        imp:/WORK/zigbee/symbol_mapper_to_ppdu/u_sync_fifo_even/mem_reg[57][0]

  Ref  DFF        ref:/WORK/zigbee/symbol_mapper_to_ppdu/u_sync_fifo_even/mem_reg[57][1]
  Impl DFF        imp:/WORK/zigbee/symbol_mapper_to_ppdu/u_sync_fifo_even/mem_reg[57][1]

  Ref  DFF        ref:/WORK/zigbee/symbol_mapper_to_ppdu/u_sync_fifo_even/mem_reg[57][2]
  Impl DFF        imp:/WORK/zigbee/symbol_mapper_to_ppdu/u_sync_fifo_even/mem_reg[57][2]

  Ref  DFF        ref:/WORK/zigbee/symbol_mapper_to_ppdu/u_sync_fifo_even/mem_reg[57][3]
  Impl DFF        imp:/WORK/zigbee/symbol_mapper_to_ppdu/u_sync_fifo_even/mem_reg[57][3]

  Ref  DFF        ref:/WORK/zigbee/symbol_mapper_to_ppdu/u_sync_fifo_even/mem_reg[58][0]
  Impl DFF        imp:/WORK/zigbee/symbol_mapper_to_ppdu/u_sync_fifo_even/mem_reg[58][0]

  Ref  DFF        ref:/WORK/zigbee/symbol_mapper_to_ppdu/u_sync_fifo_even/mem_reg[58][1]
  Impl DFF        imp:/WORK/zigbee/symbol_mapper_to_ppdu/u_sync_fifo_even/mem_reg[58][1]

  Ref  DFF        ref:/WORK/zigbee/symbol_mapper_to_ppdu/u_sync_fifo_even/mem_reg[58][2]
  Impl DFF        imp:/WORK/zigbee/symbol_mapper_to_ppdu/u_sync_fifo_even/mem_reg[58][2]

  Ref  DFF        ref:/WORK/zigbee/symbol_mapper_to_ppdu/u_sync_fifo_even/mem_reg[58][3]
  Impl DFF        imp:/WORK/zigbee/symbol_mapper_to_ppdu/u_sync_fifo_even/mem_reg[58][3]

  Ref  DFF        ref:/WORK/zigbee/symbol_mapper_to_ppdu/u_sync_fifo_even/mem_reg[59][0]
  Impl DFF        imp:/WORK/zigbee/symbol_mapper_to_ppdu/u_sync_fifo_even/mem_reg[59][0]

  Ref  DFF        ref:/WORK/zigbee/symbol_mapper_to_ppdu/u_sync_fifo_even/mem_reg[59][1]
  Impl DFF        imp:/WORK/zigbee/symbol_mapper_to_ppdu/u_sync_fifo_even/mem_reg[59][1]

  Ref  DFF        ref:/WORK/zigbee/symbol_mapper_to_ppdu/u_sync_fifo_even/mem_reg[59][2]
  Impl DFF        imp:/WORK/zigbee/symbol_mapper_to_ppdu/u_sync_fifo_even/mem_reg[59][2]

  Ref  DFF        ref:/WORK/zigbee/symbol_mapper_to_ppdu/u_sync_fifo_even/mem_reg[59][3]
  Impl DFF        imp:/WORK/zigbee/symbol_mapper_to_ppdu/u_sync_fifo_even/mem_reg[59][3]

  Ref  DFF        ref:/WORK/zigbee/symbol_mapper_to_ppdu/u_sync_fifo_even/mem_reg[5][0]
  Impl DFF        imp:/WORK/zigbee/symbol_mapper_to_ppdu/u_sync_fifo_even/mem_reg[5][0]

  Ref  DFF        ref:/WORK/zigbee/symbol_mapper_to_ppdu/u_sync_fifo_even/mem_reg[5][1]
  Impl DFF        imp:/WORK/zigbee/symbol_mapper_to_ppdu/u_sync_fifo_even/mem_reg[5][1]

  Ref  DFF        ref:/WORK/zigbee/symbol_mapper_to_ppdu/u_sync_fifo_even/mem_reg[5][2]
  Impl DFF        imp:/WORK/zigbee/symbol_mapper_to_ppdu/u_sync_fifo_even/mem_reg[5][2]

  Ref  DFF        ref:/WORK/zigbee/symbol_mapper_to_ppdu/u_sync_fifo_even/mem_reg[5][3]
  Impl DFF        imp:/WORK/zigbee/symbol_mapper_to_ppdu/u_sync_fifo_even/mem_reg[5][3]

  Ref  DFF        ref:/WORK/zigbee/symbol_mapper_to_ppdu/u_sync_fifo_even/mem_reg[60][0]
  Impl DFF        imp:/WORK/zigbee/symbol_mapper_to_ppdu/u_sync_fifo_even/mem_reg[60][0]

  Ref  DFF        ref:/WORK/zigbee/symbol_mapper_to_ppdu/u_sync_fifo_even/mem_reg[60][1]
  Impl DFF        imp:/WORK/zigbee/symbol_mapper_to_ppdu/u_sync_fifo_even/mem_reg[60][1]

  Ref  DFF        ref:/WORK/zigbee/symbol_mapper_to_ppdu/u_sync_fifo_even/mem_reg[60][2]
  Impl DFF        imp:/WORK/zigbee/symbol_mapper_to_ppdu/u_sync_fifo_even/mem_reg[60][2]

  Ref  DFF        ref:/WORK/zigbee/symbol_mapper_to_ppdu/u_sync_fifo_even/mem_reg[60][3]
  Impl DFF        imp:/WORK/zigbee/symbol_mapper_to_ppdu/u_sync_fifo_even/mem_reg[60][3]

  Ref  DFF        ref:/WORK/zigbee/symbol_mapper_to_ppdu/u_sync_fifo_even/mem_reg[61][0]
  Impl DFF        imp:/WORK/zigbee/symbol_mapper_to_ppdu/u_sync_fifo_even/mem_reg[61][0]

  Ref  DFF        ref:/WORK/zigbee/symbol_mapper_to_ppdu/u_sync_fifo_even/mem_reg[61][1]
  Impl DFF        imp:/WORK/zigbee/symbol_mapper_to_ppdu/u_sync_fifo_even/mem_reg[61][1]

  Ref  DFF        ref:/WORK/zigbee/symbol_mapper_to_ppdu/u_sync_fifo_even/mem_reg[61][2]
  Impl DFF        imp:/WORK/zigbee/symbol_mapper_to_ppdu/u_sync_fifo_even/mem_reg[61][2]

  Ref  DFF        ref:/WORK/zigbee/symbol_mapper_to_ppdu/u_sync_fifo_even/mem_reg[61][3]
  Impl DFF        imp:/WORK/zigbee/symbol_mapper_to_ppdu/u_sync_fifo_even/mem_reg[61][3]

  Ref  DFF        ref:/WORK/zigbee/symbol_mapper_to_ppdu/u_sync_fifo_even/mem_reg[62][0]
  Impl DFF        imp:/WORK/zigbee/symbol_mapper_to_ppdu/u_sync_fifo_even/mem_reg[62][0]

  Ref  DFF        ref:/WORK/zigbee/symbol_mapper_to_ppdu/u_sync_fifo_even/mem_reg[62][1]
  Impl DFF        imp:/WORK/zigbee/symbol_mapper_to_ppdu/u_sync_fifo_even/mem_reg[62][1]

  Ref  DFF        ref:/WORK/zigbee/symbol_mapper_to_ppdu/u_sync_fifo_even/mem_reg[62][2]
  Impl DFF        imp:/WORK/zigbee/symbol_mapper_to_ppdu/u_sync_fifo_even/mem_reg[62][2]

  Ref  DFF        ref:/WORK/zigbee/symbol_mapper_to_ppdu/u_sync_fifo_even/mem_reg[62][3]
  Impl DFF        imp:/WORK/zigbee/symbol_mapper_to_ppdu/u_sync_fifo_even/mem_reg[62][3]

  Ref  DFF        ref:/WORK/zigbee/symbol_mapper_to_ppdu/u_sync_fifo_even/mem_reg[63][0]
  Impl DFF        imp:/WORK/zigbee/symbol_mapper_to_ppdu/u_sync_fifo_even/mem_reg[63][0]

  Ref  DFF        ref:/WORK/zigbee/symbol_mapper_to_ppdu/u_sync_fifo_even/mem_reg[63][1]
  Impl DFF        imp:/WORK/zigbee/symbol_mapper_to_ppdu/u_sync_fifo_even/mem_reg[63][1]

  Ref  DFF        ref:/WORK/zigbee/symbol_mapper_to_ppdu/u_sync_fifo_even/mem_reg[63][2]
  Impl DFF        imp:/WORK/zigbee/symbol_mapper_to_ppdu/u_sync_fifo_even/mem_reg[63][2]

  Ref  DFF        ref:/WORK/zigbee/symbol_mapper_to_ppdu/u_sync_fifo_even/mem_reg[63][3]
  Impl DFF        imp:/WORK/zigbee/symbol_mapper_to_ppdu/u_sync_fifo_even/mem_reg[63][3]

  Ref  DFF        ref:/WORK/zigbee/symbol_mapper_to_ppdu/u_sync_fifo_even/mem_reg[6][0]
  Impl DFF        imp:/WORK/zigbee/symbol_mapper_to_ppdu/u_sync_fifo_even/mem_reg[6][0]

  Ref  DFF        ref:/WORK/zigbee/symbol_mapper_to_ppdu/u_sync_fifo_even/mem_reg[6][1]
  Impl DFF        imp:/WORK/zigbee/symbol_mapper_to_ppdu/u_sync_fifo_even/mem_reg[6][1]

  Ref  DFF        ref:/WORK/zigbee/symbol_mapper_to_ppdu/u_sync_fifo_even/mem_reg[6][2]
  Impl DFF        imp:/WORK/zigbee/symbol_mapper_to_ppdu/u_sync_fifo_even/mem_reg[6][2]

  Ref  DFF        ref:/WORK/zigbee/symbol_mapper_to_ppdu/u_sync_fifo_even/mem_reg[6][3]
  Impl DFF        imp:/WORK/zigbee/symbol_mapper_to_ppdu/u_sync_fifo_even/mem_reg[6][3]

  Ref  DFF        ref:/WORK/zigbee/symbol_mapper_to_ppdu/u_sync_fifo_even/mem_reg[7][0]
  Impl DFF        imp:/WORK/zigbee/symbol_mapper_to_ppdu/u_sync_fifo_even/mem_reg[7][0]

  Ref  DFF        ref:/WORK/zigbee/symbol_mapper_to_ppdu/u_sync_fifo_even/mem_reg[7][1]
  Impl DFF        imp:/WORK/zigbee/symbol_mapper_to_ppdu/u_sync_fifo_even/mem_reg[7][1]

  Ref  DFF        ref:/WORK/zigbee/symbol_mapper_to_ppdu/u_sync_fifo_even/mem_reg[7][2]
  Impl DFF        imp:/WORK/zigbee/symbol_mapper_to_ppdu/u_sync_fifo_even/mem_reg[7][2]

  Ref  DFF        ref:/WORK/zigbee/symbol_mapper_to_ppdu/u_sync_fifo_even/mem_reg[7][3]
  Impl DFF        imp:/WORK/zigbee/symbol_mapper_to_ppdu/u_sync_fifo_even/mem_reg[7][3]

  Ref  DFF        ref:/WORK/zigbee/symbol_mapper_to_ppdu/u_sync_fifo_even/mem_reg[8][0]
  Impl DFF        imp:/WORK/zigbee/symbol_mapper_to_ppdu/u_sync_fifo_even/mem_reg[8][0]

  Ref  DFF        ref:/WORK/zigbee/symbol_mapper_to_ppdu/u_sync_fifo_even/mem_reg[8][1]
  Impl DFF        imp:/WORK/zigbee/symbol_mapper_to_ppdu/u_sync_fifo_even/mem_reg[8][1]

  Ref  DFF        ref:/WORK/zigbee/symbol_mapper_to_ppdu/u_sync_fifo_even/mem_reg[8][2]
  Impl DFF        imp:/WORK/zigbee/symbol_mapper_to_ppdu/u_sync_fifo_even/mem_reg[8][2]

  Ref  DFF        ref:/WORK/zigbee/symbol_mapper_to_ppdu/u_sync_fifo_even/mem_reg[8][3]
  Impl DFF        imp:/WORK/zigbee/symbol_mapper_to_ppdu/u_sync_fifo_even/mem_reg[8][3]

  Ref  DFF        ref:/WORK/zigbee/symbol_mapper_to_ppdu/u_sync_fifo_even/mem_reg[9][0]
  Impl DFF        imp:/WORK/zigbee/symbol_mapper_to_ppdu/u_sync_fifo_even/mem_reg[9][0]

  Ref  DFF        ref:/WORK/zigbee/symbol_mapper_to_ppdu/u_sync_fifo_even/mem_reg[9][1]
  Impl DFF        imp:/WORK/zigbee/symbol_mapper_to_ppdu/u_sync_fifo_even/mem_reg[9][1]

  Ref  DFF        ref:/WORK/zigbee/symbol_mapper_to_ppdu/u_sync_fifo_even/mem_reg[9][2]
  Impl DFF        imp:/WORK/zigbee/symbol_mapper_to_ppdu/u_sync_fifo_even/mem_reg[9][2]

  Ref  DFF        ref:/WORK/zigbee/symbol_mapper_to_ppdu/u_sync_fifo_even/mem_reg[9][3]
  Impl DFF        imp:/WORK/zigbee/symbol_mapper_to_ppdu/u_sync_fifo_even/mem_reg[9][3]

  Ref  DFF        ref:/WORK/zigbee/symbol_mapper_to_ppdu/u_sync_fifo_even/rd_from_addr_reg[0]
  Impl DFF        imp:/WORK/zigbee/symbol_mapper_to_ppdu/u_sync_fifo_even/rd_from_addr_reg[0]

  Ref  DFF        ref:/WORK/zigbee/symbol_mapper_to_ppdu/u_sync_fifo_even/rd_from_addr_reg[1]
  Impl DFF        imp:/WORK/zigbee/symbol_mapper_to_ppdu/u_sync_fifo_even/rd_from_addr_reg[1]

  Ref  DFF        ref:/WORK/zigbee/symbol_mapper_to_ppdu/u_sync_fifo_even/rd_from_addr_reg[2]
  Impl DFF        imp:/WORK/zigbee/symbol_mapper_to_ppdu/u_sync_fifo_even/rd_from_addr_reg[2]

  Ref  DFF        ref:/WORK/zigbee/symbol_mapper_to_ppdu/u_sync_fifo_even/rd_from_addr_reg[3]
  Impl DFF        imp:/WORK/zigbee/symbol_mapper_to_ppdu/u_sync_fifo_even/rd_from_addr_reg[3]

  Ref  DFF        ref:/WORK/zigbee/symbol_mapper_to_ppdu/u_sync_fifo_even/rd_from_addr_reg[4]
  Impl DFF        imp:/WORK/zigbee/symbol_mapper_to_ppdu/u_sync_fifo_even/rd_from_addr_reg[4]

  Ref  DFF        ref:/WORK/zigbee/symbol_mapper_to_ppdu/u_sync_fifo_even/rd_from_addr_reg[5]
  Impl DFF        imp:/WORK/zigbee/symbol_mapper_to_ppdu/u_sync_fifo_even/rd_from_addr_reg[5]

  Ref  DFF        ref:/WORK/zigbee/symbol_mapper_to_ppdu/u_sync_fifo_even/rd_from_addr_reg[6]
  Impl DFF        imp:/WORK/zigbee/symbol_mapper_to_ppdu/u_sync_fifo_even/rd_from_addr_reg[6]

  Ref  DFF        ref:/WORK/zigbee/symbol_mapper_to_ppdu/u_sync_fifo_even/wr_in_addr_reg[0]
  Impl DFF        imp:/WORK/zigbee/symbol_mapper_to_ppdu/u_sync_fifo_even/wr_in_addr_reg[0]

  Ref  DFF        ref:/WORK/zigbee/symbol_mapper_to_ppdu/u_sync_fifo_even/wr_in_addr_reg[1]
  Impl DFF        imp:/WORK/zigbee/symbol_mapper_to_ppdu/u_sync_fifo_even/wr_in_addr_reg[1]

  Ref  DFF        ref:/WORK/zigbee/symbol_mapper_to_ppdu/u_sync_fifo_even/wr_in_addr_reg[2]
  Impl DFF        imp:/WORK/zigbee/symbol_mapper_to_ppdu/u_sync_fifo_even/wr_in_addr_reg[2]

  Ref  DFF        ref:/WORK/zigbee/symbol_mapper_to_ppdu/u_sync_fifo_even/wr_in_addr_reg[3]
  Impl DFF        imp:/WORK/zigbee/symbol_mapper_to_ppdu/u_sync_fifo_even/wr_in_addr_reg[3]

  Ref  DFF        ref:/WORK/zigbee/symbol_mapper_to_ppdu/u_sync_fifo_even/wr_in_addr_reg[4]
  Impl DFF        imp:/WORK/zigbee/symbol_mapper_to_ppdu/u_sync_fifo_even/wr_in_addr_reg[4]

  Ref  DFF        ref:/WORK/zigbee/symbol_mapper_to_ppdu/u_sync_fifo_even/wr_in_addr_reg[5]
  Impl DFF        imp:/WORK/zigbee/symbol_mapper_to_ppdu/u_sync_fifo_even/wr_in_addr_reg[5]

  Ref  DFF        ref:/WORK/zigbee/symbol_mapper_to_ppdu/u_sync_fifo_even/wr_in_addr_reg[6]
  Impl DFF        imp:/WORK/zigbee/symbol_mapper_to_ppdu/u_sync_fifo_even/wr_in_addr_reg[6]

  Ref  DFF        ref:/WORK/zigbee/symbol_mapper_to_ppdu/u_sync_fifo_odd/dout_reg[0]
  Impl DFF        imp:/WORK/zigbee/symbol_mapper_to_ppdu/u_sync_fifo_odd/dout_reg[0]

  Ref  DFF        ref:/WORK/zigbee/symbol_mapper_to_ppdu/u_sync_fifo_odd/dout_reg[1]
  Impl DFF        imp:/WORK/zigbee/symbol_mapper_to_ppdu/u_sync_fifo_odd/dout_reg[1]

  Ref  DFF        ref:/WORK/zigbee/symbol_mapper_to_ppdu/u_sync_fifo_odd/dout_reg[2]
  Impl DFF        imp:/WORK/zigbee/symbol_mapper_to_ppdu/u_sync_fifo_odd/dout_reg[2]

  Ref  DFF        ref:/WORK/zigbee/symbol_mapper_to_ppdu/u_sync_fifo_odd/dout_reg[3]
  Impl DFF        imp:/WORK/zigbee/symbol_mapper_to_ppdu/u_sync_fifo_odd/dout_reg[3]

  Ref  DFF        ref:/WORK/zigbee/symbol_mapper_to_ppdu/u_sync_fifo_odd/mem_reg[0][0]
  Impl DFF        imp:/WORK/zigbee/symbol_mapper_to_ppdu/u_sync_fifo_odd/mem_reg[0][0]

  Ref  DFF        ref:/WORK/zigbee/symbol_mapper_to_ppdu/u_sync_fifo_odd/mem_reg[0][1]
  Impl DFF        imp:/WORK/zigbee/symbol_mapper_to_ppdu/u_sync_fifo_odd/mem_reg[0][1]

  Ref  DFF        ref:/WORK/zigbee/symbol_mapper_to_ppdu/u_sync_fifo_odd/mem_reg[0][2]
  Impl DFF        imp:/WORK/zigbee/symbol_mapper_to_ppdu/u_sync_fifo_odd/mem_reg[0][2]

  Ref  DFF        ref:/WORK/zigbee/symbol_mapper_to_ppdu/u_sync_fifo_odd/mem_reg[0][3]
  Impl DFF        imp:/WORK/zigbee/symbol_mapper_to_ppdu/u_sync_fifo_odd/mem_reg[0][3]

  Ref  DFF        ref:/WORK/zigbee/symbol_mapper_to_ppdu/u_sync_fifo_odd/mem_reg[10][0]
  Impl DFF        imp:/WORK/zigbee/symbol_mapper_to_ppdu/u_sync_fifo_odd/mem_reg[10][0]

  Ref  DFF        ref:/WORK/zigbee/symbol_mapper_to_ppdu/u_sync_fifo_odd/mem_reg[10][1]
  Impl DFF        imp:/WORK/zigbee/symbol_mapper_to_ppdu/u_sync_fifo_odd/mem_reg[10][1]

  Ref  DFF        ref:/WORK/zigbee/symbol_mapper_to_ppdu/u_sync_fifo_odd/mem_reg[10][2]
  Impl DFF        imp:/WORK/zigbee/symbol_mapper_to_ppdu/u_sync_fifo_odd/mem_reg[10][2]

  Ref  DFF        ref:/WORK/zigbee/symbol_mapper_to_ppdu/u_sync_fifo_odd/mem_reg[10][3]
  Impl DFF        imp:/WORK/zigbee/symbol_mapper_to_ppdu/u_sync_fifo_odd/mem_reg[10][3]

  Ref  DFF        ref:/WORK/zigbee/symbol_mapper_to_ppdu/u_sync_fifo_odd/mem_reg[11][0]
  Impl DFF        imp:/WORK/zigbee/symbol_mapper_to_ppdu/u_sync_fifo_odd/mem_reg[11][0]

  Ref  DFF        ref:/WORK/zigbee/symbol_mapper_to_ppdu/u_sync_fifo_odd/mem_reg[11][1]
  Impl DFF        imp:/WORK/zigbee/symbol_mapper_to_ppdu/u_sync_fifo_odd/mem_reg[11][1]

  Ref  DFF        ref:/WORK/zigbee/symbol_mapper_to_ppdu/u_sync_fifo_odd/mem_reg[11][2]
  Impl DFF        imp:/WORK/zigbee/symbol_mapper_to_ppdu/u_sync_fifo_odd/mem_reg[11][2]

  Ref  DFF        ref:/WORK/zigbee/symbol_mapper_to_ppdu/u_sync_fifo_odd/mem_reg[11][3]
  Impl DFF        imp:/WORK/zigbee/symbol_mapper_to_ppdu/u_sync_fifo_odd/mem_reg[11][3]

  Ref  DFF        ref:/WORK/zigbee/symbol_mapper_to_ppdu/u_sync_fifo_odd/mem_reg[12][0]
  Impl DFF        imp:/WORK/zigbee/symbol_mapper_to_ppdu/u_sync_fifo_odd/mem_reg[12][0]

  Ref  DFF        ref:/WORK/zigbee/symbol_mapper_to_ppdu/u_sync_fifo_odd/mem_reg[12][1]
  Impl DFF        imp:/WORK/zigbee/symbol_mapper_to_ppdu/u_sync_fifo_odd/mem_reg[12][1]

  Ref  DFF        ref:/WORK/zigbee/symbol_mapper_to_ppdu/u_sync_fifo_odd/mem_reg[12][2]
  Impl DFF        imp:/WORK/zigbee/symbol_mapper_to_ppdu/u_sync_fifo_odd/mem_reg[12][2]

  Ref  DFF        ref:/WORK/zigbee/symbol_mapper_to_ppdu/u_sync_fifo_odd/mem_reg[12][3]
  Impl DFF        imp:/WORK/zigbee/symbol_mapper_to_ppdu/u_sync_fifo_odd/mem_reg[12][3]

  Ref  DFF        ref:/WORK/zigbee/symbol_mapper_to_ppdu/u_sync_fifo_odd/mem_reg[13][0]
  Impl DFF        imp:/WORK/zigbee/symbol_mapper_to_ppdu/u_sync_fifo_odd/mem_reg[13][0]

  Ref  DFF        ref:/WORK/zigbee/symbol_mapper_to_ppdu/u_sync_fifo_odd/mem_reg[13][1]
  Impl DFF        imp:/WORK/zigbee/symbol_mapper_to_ppdu/u_sync_fifo_odd/mem_reg[13][1]

  Ref  DFF        ref:/WORK/zigbee/symbol_mapper_to_ppdu/u_sync_fifo_odd/mem_reg[13][2]
  Impl DFF        imp:/WORK/zigbee/symbol_mapper_to_ppdu/u_sync_fifo_odd/mem_reg[13][2]

  Ref  DFF        ref:/WORK/zigbee/symbol_mapper_to_ppdu/u_sync_fifo_odd/mem_reg[13][3]
  Impl DFF        imp:/WORK/zigbee/symbol_mapper_to_ppdu/u_sync_fifo_odd/mem_reg[13][3]

  Ref  DFF        ref:/WORK/zigbee/symbol_mapper_to_ppdu/u_sync_fifo_odd/mem_reg[14][0]
  Impl DFF        imp:/WORK/zigbee/symbol_mapper_to_ppdu/u_sync_fifo_odd/mem_reg[14][0]

  Ref  DFF        ref:/WORK/zigbee/symbol_mapper_to_ppdu/u_sync_fifo_odd/mem_reg[14][1]
  Impl DFF        imp:/WORK/zigbee/symbol_mapper_to_ppdu/u_sync_fifo_odd/mem_reg[14][1]

  Ref  DFF        ref:/WORK/zigbee/symbol_mapper_to_ppdu/u_sync_fifo_odd/mem_reg[14][2]
  Impl DFF        imp:/WORK/zigbee/symbol_mapper_to_ppdu/u_sync_fifo_odd/mem_reg[14][2]

  Ref  DFF        ref:/WORK/zigbee/symbol_mapper_to_ppdu/u_sync_fifo_odd/mem_reg[14][3]
  Impl DFF        imp:/WORK/zigbee/symbol_mapper_to_ppdu/u_sync_fifo_odd/mem_reg[14][3]

  Ref  DFF        ref:/WORK/zigbee/symbol_mapper_to_ppdu/u_sync_fifo_odd/mem_reg[15][0]
  Impl DFF        imp:/WORK/zigbee/symbol_mapper_to_ppdu/u_sync_fifo_odd/mem_reg[15][0]

  Ref  DFF        ref:/WORK/zigbee/symbol_mapper_to_ppdu/u_sync_fifo_odd/mem_reg[15][1]
  Impl DFF        imp:/WORK/zigbee/symbol_mapper_to_ppdu/u_sync_fifo_odd/mem_reg[15][1]

  Ref  DFF        ref:/WORK/zigbee/symbol_mapper_to_ppdu/u_sync_fifo_odd/mem_reg[15][2]
  Impl DFF        imp:/WORK/zigbee/symbol_mapper_to_ppdu/u_sync_fifo_odd/mem_reg[15][2]

  Ref  DFF        ref:/WORK/zigbee/symbol_mapper_to_ppdu/u_sync_fifo_odd/mem_reg[15][3]
  Impl DFF        imp:/WORK/zigbee/symbol_mapper_to_ppdu/u_sync_fifo_odd/mem_reg[15][3]

  Ref  DFF        ref:/WORK/zigbee/symbol_mapper_to_ppdu/u_sync_fifo_odd/mem_reg[16][0]
  Impl DFF        imp:/WORK/zigbee/symbol_mapper_to_ppdu/u_sync_fifo_odd/mem_reg[16][0]

  Ref  DFF        ref:/WORK/zigbee/symbol_mapper_to_ppdu/u_sync_fifo_odd/mem_reg[16][1]
  Impl DFF        imp:/WORK/zigbee/symbol_mapper_to_ppdu/u_sync_fifo_odd/mem_reg[16][1]

  Ref  DFF        ref:/WORK/zigbee/symbol_mapper_to_ppdu/u_sync_fifo_odd/mem_reg[16][2]
  Impl DFF        imp:/WORK/zigbee/symbol_mapper_to_ppdu/u_sync_fifo_odd/mem_reg[16][2]

  Ref  DFF        ref:/WORK/zigbee/symbol_mapper_to_ppdu/u_sync_fifo_odd/mem_reg[16][3]
  Impl DFF        imp:/WORK/zigbee/symbol_mapper_to_ppdu/u_sync_fifo_odd/mem_reg[16][3]

  Ref  DFF        ref:/WORK/zigbee/symbol_mapper_to_ppdu/u_sync_fifo_odd/mem_reg[17][0]
  Impl DFF        imp:/WORK/zigbee/symbol_mapper_to_ppdu/u_sync_fifo_odd/mem_reg[17][0]

  Ref  DFF        ref:/WORK/zigbee/symbol_mapper_to_ppdu/u_sync_fifo_odd/mem_reg[17][1]
  Impl DFF        imp:/WORK/zigbee/symbol_mapper_to_ppdu/u_sync_fifo_odd/mem_reg[17][1]

  Ref  DFF        ref:/WORK/zigbee/symbol_mapper_to_ppdu/u_sync_fifo_odd/mem_reg[17][2]
  Impl DFF        imp:/WORK/zigbee/symbol_mapper_to_ppdu/u_sync_fifo_odd/mem_reg[17][2]

  Ref  DFF        ref:/WORK/zigbee/symbol_mapper_to_ppdu/u_sync_fifo_odd/mem_reg[17][3]
  Impl DFF        imp:/WORK/zigbee/symbol_mapper_to_ppdu/u_sync_fifo_odd/mem_reg[17][3]

  Ref  DFF        ref:/WORK/zigbee/symbol_mapper_to_ppdu/u_sync_fifo_odd/mem_reg[18][0]
  Impl DFF        imp:/WORK/zigbee/symbol_mapper_to_ppdu/u_sync_fifo_odd/mem_reg[18][0]

  Ref  DFF        ref:/WORK/zigbee/symbol_mapper_to_ppdu/u_sync_fifo_odd/mem_reg[18][1]
  Impl DFF        imp:/WORK/zigbee/symbol_mapper_to_ppdu/u_sync_fifo_odd/mem_reg[18][1]

  Ref  DFF        ref:/WORK/zigbee/symbol_mapper_to_ppdu/u_sync_fifo_odd/mem_reg[18][2]
  Impl DFF        imp:/WORK/zigbee/symbol_mapper_to_ppdu/u_sync_fifo_odd/mem_reg[18][2]

  Ref  DFF        ref:/WORK/zigbee/symbol_mapper_to_ppdu/u_sync_fifo_odd/mem_reg[18][3]
  Impl DFF        imp:/WORK/zigbee/symbol_mapper_to_ppdu/u_sync_fifo_odd/mem_reg[18][3]

  Ref  DFF        ref:/WORK/zigbee/symbol_mapper_to_ppdu/u_sync_fifo_odd/mem_reg[19][0]
  Impl DFF        imp:/WORK/zigbee/symbol_mapper_to_ppdu/u_sync_fifo_odd/mem_reg[19][0]

  Ref  DFF        ref:/WORK/zigbee/symbol_mapper_to_ppdu/u_sync_fifo_odd/mem_reg[19][1]
  Impl DFF        imp:/WORK/zigbee/symbol_mapper_to_ppdu/u_sync_fifo_odd/mem_reg[19][1]

  Ref  DFF        ref:/WORK/zigbee/symbol_mapper_to_ppdu/u_sync_fifo_odd/mem_reg[19][2]
  Impl DFF        imp:/WORK/zigbee/symbol_mapper_to_ppdu/u_sync_fifo_odd/mem_reg[19][2]

  Ref  DFF        ref:/WORK/zigbee/symbol_mapper_to_ppdu/u_sync_fifo_odd/mem_reg[19][3]
  Impl DFF        imp:/WORK/zigbee/symbol_mapper_to_ppdu/u_sync_fifo_odd/mem_reg[19][3]

  Ref  DFF        ref:/WORK/zigbee/symbol_mapper_to_ppdu/u_sync_fifo_odd/mem_reg[1][0]
  Impl DFF        imp:/WORK/zigbee/symbol_mapper_to_ppdu/u_sync_fifo_odd/mem_reg[1][0]

  Ref  DFF        ref:/WORK/zigbee/symbol_mapper_to_ppdu/u_sync_fifo_odd/mem_reg[1][1]
  Impl DFF        imp:/WORK/zigbee/symbol_mapper_to_ppdu/u_sync_fifo_odd/mem_reg[1][1]

  Ref  DFF        ref:/WORK/zigbee/symbol_mapper_to_ppdu/u_sync_fifo_odd/mem_reg[1][2]
  Impl DFF        imp:/WORK/zigbee/symbol_mapper_to_ppdu/u_sync_fifo_odd/mem_reg[1][2]

  Ref  DFF        ref:/WORK/zigbee/symbol_mapper_to_ppdu/u_sync_fifo_odd/mem_reg[1][3]
  Impl DFF        imp:/WORK/zigbee/symbol_mapper_to_ppdu/u_sync_fifo_odd/mem_reg[1][3]

  Ref  DFF        ref:/WORK/zigbee/symbol_mapper_to_ppdu/u_sync_fifo_odd/mem_reg[20][0]
  Impl DFF        imp:/WORK/zigbee/symbol_mapper_to_ppdu/u_sync_fifo_odd/mem_reg[20][0]

  Ref  DFF        ref:/WORK/zigbee/symbol_mapper_to_ppdu/u_sync_fifo_odd/mem_reg[20][1]
  Impl DFF        imp:/WORK/zigbee/symbol_mapper_to_ppdu/u_sync_fifo_odd/mem_reg[20][1]

  Ref  DFF        ref:/WORK/zigbee/symbol_mapper_to_ppdu/u_sync_fifo_odd/mem_reg[20][2]
  Impl DFF        imp:/WORK/zigbee/symbol_mapper_to_ppdu/u_sync_fifo_odd/mem_reg[20][2]

  Ref  DFF        ref:/WORK/zigbee/symbol_mapper_to_ppdu/u_sync_fifo_odd/mem_reg[20][3]
  Impl DFF        imp:/WORK/zigbee/symbol_mapper_to_ppdu/u_sync_fifo_odd/mem_reg[20][3]

  Ref  DFF        ref:/WORK/zigbee/symbol_mapper_to_ppdu/u_sync_fifo_odd/mem_reg[21][0]
  Impl DFF        imp:/WORK/zigbee/symbol_mapper_to_ppdu/u_sync_fifo_odd/mem_reg[21][0]

  Ref  DFF        ref:/WORK/zigbee/symbol_mapper_to_ppdu/u_sync_fifo_odd/mem_reg[21][1]
  Impl DFF        imp:/WORK/zigbee/symbol_mapper_to_ppdu/u_sync_fifo_odd/mem_reg[21][1]

  Ref  DFF        ref:/WORK/zigbee/symbol_mapper_to_ppdu/u_sync_fifo_odd/mem_reg[21][2]
  Impl DFF        imp:/WORK/zigbee/symbol_mapper_to_ppdu/u_sync_fifo_odd/mem_reg[21][2]

  Ref  DFF        ref:/WORK/zigbee/symbol_mapper_to_ppdu/u_sync_fifo_odd/mem_reg[21][3]
  Impl DFF        imp:/WORK/zigbee/symbol_mapper_to_ppdu/u_sync_fifo_odd/mem_reg[21][3]

  Ref  DFF        ref:/WORK/zigbee/symbol_mapper_to_ppdu/u_sync_fifo_odd/mem_reg[22][0]
  Impl DFF        imp:/WORK/zigbee/symbol_mapper_to_ppdu/u_sync_fifo_odd/mem_reg[22][0]

  Ref  DFF        ref:/WORK/zigbee/symbol_mapper_to_ppdu/u_sync_fifo_odd/mem_reg[22][1]
  Impl DFF        imp:/WORK/zigbee/symbol_mapper_to_ppdu/u_sync_fifo_odd/mem_reg[22][1]

  Ref  DFF        ref:/WORK/zigbee/symbol_mapper_to_ppdu/u_sync_fifo_odd/mem_reg[22][2]
  Impl DFF        imp:/WORK/zigbee/symbol_mapper_to_ppdu/u_sync_fifo_odd/mem_reg[22][2]

  Ref  DFF        ref:/WORK/zigbee/symbol_mapper_to_ppdu/u_sync_fifo_odd/mem_reg[22][3]
  Impl DFF        imp:/WORK/zigbee/symbol_mapper_to_ppdu/u_sync_fifo_odd/mem_reg[22][3]

  Ref  DFF        ref:/WORK/zigbee/symbol_mapper_to_ppdu/u_sync_fifo_odd/mem_reg[23][0]
  Impl DFF        imp:/WORK/zigbee/symbol_mapper_to_ppdu/u_sync_fifo_odd/mem_reg[23][0]

  Ref  DFF        ref:/WORK/zigbee/symbol_mapper_to_ppdu/u_sync_fifo_odd/mem_reg[23][1]
  Impl DFF        imp:/WORK/zigbee/symbol_mapper_to_ppdu/u_sync_fifo_odd/mem_reg[23][1]

  Ref  DFF        ref:/WORK/zigbee/symbol_mapper_to_ppdu/u_sync_fifo_odd/mem_reg[23][2]
  Impl DFF        imp:/WORK/zigbee/symbol_mapper_to_ppdu/u_sync_fifo_odd/mem_reg[23][2]

  Ref  DFF        ref:/WORK/zigbee/symbol_mapper_to_ppdu/u_sync_fifo_odd/mem_reg[23][3]
  Impl DFF        imp:/WORK/zigbee/symbol_mapper_to_ppdu/u_sync_fifo_odd/mem_reg[23][3]

  Ref  DFF        ref:/WORK/zigbee/symbol_mapper_to_ppdu/u_sync_fifo_odd/mem_reg[24][0]
  Impl DFF        imp:/WORK/zigbee/symbol_mapper_to_ppdu/u_sync_fifo_odd/mem_reg[24][0]

  Ref  DFF        ref:/WORK/zigbee/symbol_mapper_to_ppdu/u_sync_fifo_odd/mem_reg[24][1]
  Impl DFF        imp:/WORK/zigbee/symbol_mapper_to_ppdu/u_sync_fifo_odd/mem_reg[24][1]

  Ref  DFF        ref:/WORK/zigbee/symbol_mapper_to_ppdu/u_sync_fifo_odd/mem_reg[24][2]
  Impl DFF        imp:/WORK/zigbee/symbol_mapper_to_ppdu/u_sync_fifo_odd/mem_reg[24][2]

  Ref  DFF        ref:/WORK/zigbee/symbol_mapper_to_ppdu/u_sync_fifo_odd/mem_reg[24][3]
  Impl DFF        imp:/WORK/zigbee/symbol_mapper_to_ppdu/u_sync_fifo_odd/mem_reg[24][3]

  Ref  DFF        ref:/WORK/zigbee/symbol_mapper_to_ppdu/u_sync_fifo_odd/mem_reg[25][0]
  Impl DFF        imp:/WORK/zigbee/symbol_mapper_to_ppdu/u_sync_fifo_odd/mem_reg[25][0]

  Ref  DFF        ref:/WORK/zigbee/symbol_mapper_to_ppdu/u_sync_fifo_odd/mem_reg[25][1]
  Impl DFF        imp:/WORK/zigbee/symbol_mapper_to_ppdu/u_sync_fifo_odd/mem_reg[25][1]

  Ref  DFF        ref:/WORK/zigbee/symbol_mapper_to_ppdu/u_sync_fifo_odd/mem_reg[25][2]
  Impl DFF        imp:/WORK/zigbee/symbol_mapper_to_ppdu/u_sync_fifo_odd/mem_reg[25][2]

  Ref  DFF        ref:/WORK/zigbee/symbol_mapper_to_ppdu/u_sync_fifo_odd/mem_reg[25][3]
  Impl DFF        imp:/WORK/zigbee/symbol_mapper_to_ppdu/u_sync_fifo_odd/mem_reg[25][3]

  Ref  DFF        ref:/WORK/zigbee/symbol_mapper_to_ppdu/u_sync_fifo_odd/mem_reg[26][0]
  Impl DFF        imp:/WORK/zigbee/symbol_mapper_to_ppdu/u_sync_fifo_odd/mem_reg[26][0]

  Ref  DFF        ref:/WORK/zigbee/symbol_mapper_to_ppdu/u_sync_fifo_odd/mem_reg[26][1]
  Impl DFF        imp:/WORK/zigbee/symbol_mapper_to_ppdu/u_sync_fifo_odd/mem_reg[26][1]

  Ref  DFF        ref:/WORK/zigbee/symbol_mapper_to_ppdu/u_sync_fifo_odd/mem_reg[26][2]
  Impl DFF        imp:/WORK/zigbee/symbol_mapper_to_ppdu/u_sync_fifo_odd/mem_reg[26][2]

  Ref  DFF        ref:/WORK/zigbee/symbol_mapper_to_ppdu/u_sync_fifo_odd/mem_reg[26][3]
  Impl DFF        imp:/WORK/zigbee/symbol_mapper_to_ppdu/u_sync_fifo_odd/mem_reg[26][3]

  Ref  DFF        ref:/WORK/zigbee/symbol_mapper_to_ppdu/u_sync_fifo_odd/mem_reg[27][0]
  Impl DFF        imp:/WORK/zigbee/symbol_mapper_to_ppdu/u_sync_fifo_odd/mem_reg[27][0]

  Ref  DFF        ref:/WORK/zigbee/symbol_mapper_to_ppdu/u_sync_fifo_odd/mem_reg[27][1]
  Impl DFF        imp:/WORK/zigbee/symbol_mapper_to_ppdu/u_sync_fifo_odd/mem_reg[27][1]

  Ref  DFF        ref:/WORK/zigbee/symbol_mapper_to_ppdu/u_sync_fifo_odd/mem_reg[27][2]
  Impl DFF        imp:/WORK/zigbee/symbol_mapper_to_ppdu/u_sync_fifo_odd/mem_reg[27][2]

  Ref  DFF        ref:/WORK/zigbee/symbol_mapper_to_ppdu/u_sync_fifo_odd/mem_reg[27][3]
  Impl DFF        imp:/WORK/zigbee/symbol_mapper_to_ppdu/u_sync_fifo_odd/mem_reg[27][3]

  Ref  DFF        ref:/WORK/zigbee/symbol_mapper_to_ppdu/u_sync_fifo_odd/mem_reg[28][0]
  Impl DFF        imp:/WORK/zigbee/symbol_mapper_to_ppdu/u_sync_fifo_odd/mem_reg[28][0]

  Ref  DFF        ref:/WORK/zigbee/symbol_mapper_to_ppdu/u_sync_fifo_odd/mem_reg[28][1]
  Impl DFF        imp:/WORK/zigbee/symbol_mapper_to_ppdu/u_sync_fifo_odd/mem_reg[28][1]

  Ref  DFF        ref:/WORK/zigbee/symbol_mapper_to_ppdu/u_sync_fifo_odd/mem_reg[28][2]
  Impl DFF        imp:/WORK/zigbee/symbol_mapper_to_ppdu/u_sync_fifo_odd/mem_reg[28][2]

  Ref  DFF        ref:/WORK/zigbee/symbol_mapper_to_ppdu/u_sync_fifo_odd/mem_reg[28][3]
  Impl DFF        imp:/WORK/zigbee/symbol_mapper_to_ppdu/u_sync_fifo_odd/mem_reg[28][3]

  Ref  DFF        ref:/WORK/zigbee/symbol_mapper_to_ppdu/u_sync_fifo_odd/mem_reg[29][0]
  Impl DFF        imp:/WORK/zigbee/symbol_mapper_to_ppdu/u_sync_fifo_odd/mem_reg[29][0]

  Ref  DFF        ref:/WORK/zigbee/symbol_mapper_to_ppdu/u_sync_fifo_odd/mem_reg[29][1]
  Impl DFF        imp:/WORK/zigbee/symbol_mapper_to_ppdu/u_sync_fifo_odd/mem_reg[29][1]

  Ref  DFF        ref:/WORK/zigbee/symbol_mapper_to_ppdu/u_sync_fifo_odd/mem_reg[29][2]
  Impl DFF        imp:/WORK/zigbee/symbol_mapper_to_ppdu/u_sync_fifo_odd/mem_reg[29][2]

  Ref  DFF        ref:/WORK/zigbee/symbol_mapper_to_ppdu/u_sync_fifo_odd/mem_reg[29][3]
  Impl DFF        imp:/WORK/zigbee/symbol_mapper_to_ppdu/u_sync_fifo_odd/mem_reg[29][3]

  Ref  DFF        ref:/WORK/zigbee/symbol_mapper_to_ppdu/u_sync_fifo_odd/mem_reg[2][0]
  Impl DFF        imp:/WORK/zigbee/symbol_mapper_to_ppdu/u_sync_fifo_odd/mem_reg[2][0]

  Ref  DFF        ref:/WORK/zigbee/symbol_mapper_to_ppdu/u_sync_fifo_odd/mem_reg[2][1]
  Impl DFF        imp:/WORK/zigbee/symbol_mapper_to_ppdu/u_sync_fifo_odd/mem_reg[2][1]

  Ref  DFF        ref:/WORK/zigbee/symbol_mapper_to_ppdu/u_sync_fifo_odd/mem_reg[2][2]
  Impl DFF        imp:/WORK/zigbee/symbol_mapper_to_ppdu/u_sync_fifo_odd/mem_reg[2][2]

  Ref  DFF        ref:/WORK/zigbee/symbol_mapper_to_ppdu/u_sync_fifo_odd/mem_reg[2][3]
  Impl DFF        imp:/WORK/zigbee/symbol_mapper_to_ppdu/u_sync_fifo_odd/mem_reg[2][3]

  Ref  DFF        ref:/WORK/zigbee/symbol_mapper_to_ppdu/u_sync_fifo_odd/mem_reg[30][0]
  Impl DFF        imp:/WORK/zigbee/symbol_mapper_to_ppdu/u_sync_fifo_odd/mem_reg[30][0]

  Ref  DFF        ref:/WORK/zigbee/symbol_mapper_to_ppdu/u_sync_fifo_odd/mem_reg[30][1]
  Impl DFF        imp:/WORK/zigbee/symbol_mapper_to_ppdu/u_sync_fifo_odd/mem_reg[30][1]

  Ref  DFF        ref:/WORK/zigbee/symbol_mapper_to_ppdu/u_sync_fifo_odd/mem_reg[30][2]
  Impl DFF        imp:/WORK/zigbee/symbol_mapper_to_ppdu/u_sync_fifo_odd/mem_reg[30][2]

  Ref  DFF        ref:/WORK/zigbee/symbol_mapper_to_ppdu/u_sync_fifo_odd/mem_reg[30][3]
  Impl DFF        imp:/WORK/zigbee/symbol_mapper_to_ppdu/u_sync_fifo_odd/mem_reg[30][3]

  Ref  DFF        ref:/WORK/zigbee/symbol_mapper_to_ppdu/u_sync_fifo_odd/mem_reg[31][0]
  Impl DFF        imp:/WORK/zigbee/symbol_mapper_to_ppdu/u_sync_fifo_odd/mem_reg[31][0]

  Ref  DFF        ref:/WORK/zigbee/symbol_mapper_to_ppdu/u_sync_fifo_odd/mem_reg[31][1]
  Impl DFF        imp:/WORK/zigbee/symbol_mapper_to_ppdu/u_sync_fifo_odd/mem_reg[31][1]

  Ref  DFF        ref:/WORK/zigbee/symbol_mapper_to_ppdu/u_sync_fifo_odd/mem_reg[31][2]
  Impl DFF        imp:/WORK/zigbee/symbol_mapper_to_ppdu/u_sync_fifo_odd/mem_reg[31][2]

  Ref  DFF        ref:/WORK/zigbee/symbol_mapper_to_ppdu/u_sync_fifo_odd/mem_reg[31][3]
  Impl DFF        imp:/WORK/zigbee/symbol_mapper_to_ppdu/u_sync_fifo_odd/mem_reg[31][3]

  Ref  DFF        ref:/WORK/zigbee/symbol_mapper_to_ppdu/u_sync_fifo_odd/mem_reg[32][0]
  Impl DFF        imp:/WORK/zigbee/symbol_mapper_to_ppdu/u_sync_fifo_odd/mem_reg[32][0]

  Ref  DFF        ref:/WORK/zigbee/symbol_mapper_to_ppdu/u_sync_fifo_odd/mem_reg[32][1]
  Impl DFF        imp:/WORK/zigbee/symbol_mapper_to_ppdu/u_sync_fifo_odd/mem_reg[32][1]

  Ref  DFF        ref:/WORK/zigbee/symbol_mapper_to_ppdu/u_sync_fifo_odd/mem_reg[32][2]
  Impl DFF        imp:/WORK/zigbee/symbol_mapper_to_ppdu/u_sync_fifo_odd/mem_reg[32][2]

  Ref  DFF        ref:/WORK/zigbee/symbol_mapper_to_ppdu/u_sync_fifo_odd/mem_reg[32][3]
  Impl DFF        imp:/WORK/zigbee/symbol_mapper_to_ppdu/u_sync_fifo_odd/mem_reg[32][3]

  Ref  DFF        ref:/WORK/zigbee/symbol_mapper_to_ppdu/u_sync_fifo_odd/mem_reg[33][0]
  Impl DFF        imp:/WORK/zigbee/symbol_mapper_to_ppdu/u_sync_fifo_odd/mem_reg[33][0]

  Ref  DFF        ref:/WORK/zigbee/symbol_mapper_to_ppdu/u_sync_fifo_odd/mem_reg[33][1]
  Impl DFF        imp:/WORK/zigbee/symbol_mapper_to_ppdu/u_sync_fifo_odd/mem_reg[33][1]

  Ref  DFF        ref:/WORK/zigbee/symbol_mapper_to_ppdu/u_sync_fifo_odd/mem_reg[33][2]
  Impl DFF        imp:/WORK/zigbee/symbol_mapper_to_ppdu/u_sync_fifo_odd/mem_reg[33][2]

  Ref  DFF        ref:/WORK/zigbee/symbol_mapper_to_ppdu/u_sync_fifo_odd/mem_reg[33][3]
  Impl DFF        imp:/WORK/zigbee/symbol_mapper_to_ppdu/u_sync_fifo_odd/mem_reg[33][3]

  Ref  DFF        ref:/WORK/zigbee/symbol_mapper_to_ppdu/u_sync_fifo_odd/mem_reg[34][0]
  Impl DFF        imp:/WORK/zigbee/symbol_mapper_to_ppdu/u_sync_fifo_odd/mem_reg[34][0]

  Ref  DFF        ref:/WORK/zigbee/symbol_mapper_to_ppdu/u_sync_fifo_odd/mem_reg[34][1]
  Impl DFF        imp:/WORK/zigbee/symbol_mapper_to_ppdu/u_sync_fifo_odd/mem_reg[34][1]

  Ref  DFF        ref:/WORK/zigbee/symbol_mapper_to_ppdu/u_sync_fifo_odd/mem_reg[34][2]
  Impl DFF        imp:/WORK/zigbee/symbol_mapper_to_ppdu/u_sync_fifo_odd/mem_reg[34][2]

  Ref  DFF        ref:/WORK/zigbee/symbol_mapper_to_ppdu/u_sync_fifo_odd/mem_reg[34][3]
  Impl DFF        imp:/WORK/zigbee/symbol_mapper_to_ppdu/u_sync_fifo_odd/mem_reg[34][3]

  Ref  DFF        ref:/WORK/zigbee/symbol_mapper_to_ppdu/u_sync_fifo_odd/mem_reg[35][0]
  Impl DFF        imp:/WORK/zigbee/symbol_mapper_to_ppdu/u_sync_fifo_odd/mem_reg[35][0]

  Ref  DFF        ref:/WORK/zigbee/symbol_mapper_to_ppdu/u_sync_fifo_odd/mem_reg[35][1]
  Impl DFF        imp:/WORK/zigbee/symbol_mapper_to_ppdu/u_sync_fifo_odd/mem_reg[35][1]

  Ref  DFF        ref:/WORK/zigbee/symbol_mapper_to_ppdu/u_sync_fifo_odd/mem_reg[35][2]
  Impl DFF        imp:/WORK/zigbee/symbol_mapper_to_ppdu/u_sync_fifo_odd/mem_reg[35][2]

  Ref  DFF        ref:/WORK/zigbee/symbol_mapper_to_ppdu/u_sync_fifo_odd/mem_reg[35][3]
  Impl DFF        imp:/WORK/zigbee/symbol_mapper_to_ppdu/u_sync_fifo_odd/mem_reg[35][3]

  Ref  DFF        ref:/WORK/zigbee/symbol_mapper_to_ppdu/u_sync_fifo_odd/mem_reg[36][0]
  Impl DFF        imp:/WORK/zigbee/symbol_mapper_to_ppdu/u_sync_fifo_odd/mem_reg[36][0]

  Ref  DFF        ref:/WORK/zigbee/symbol_mapper_to_ppdu/u_sync_fifo_odd/mem_reg[36][1]
  Impl DFF        imp:/WORK/zigbee/symbol_mapper_to_ppdu/u_sync_fifo_odd/mem_reg[36][1]

  Ref  DFF        ref:/WORK/zigbee/symbol_mapper_to_ppdu/u_sync_fifo_odd/mem_reg[36][2]
  Impl DFF        imp:/WORK/zigbee/symbol_mapper_to_ppdu/u_sync_fifo_odd/mem_reg[36][2]

  Ref  DFF        ref:/WORK/zigbee/symbol_mapper_to_ppdu/u_sync_fifo_odd/mem_reg[36][3]
  Impl DFF        imp:/WORK/zigbee/symbol_mapper_to_ppdu/u_sync_fifo_odd/mem_reg[36][3]

  Ref  DFF        ref:/WORK/zigbee/symbol_mapper_to_ppdu/u_sync_fifo_odd/mem_reg[37][0]
  Impl DFF        imp:/WORK/zigbee/symbol_mapper_to_ppdu/u_sync_fifo_odd/mem_reg[37][0]

  Ref  DFF        ref:/WORK/zigbee/symbol_mapper_to_ppdu/u_sync_fifo_odd/mem_reg[37][1]
  Impl DFF        imp:/WORK/zigbee/symbol_mapper_to_ppdu/u_sync_fifo_odd/mem_reg[37][1]

  Ref  DFF        ref:/WORK/zigbee/symbol_mapper_to_ppdu/u_sync_fifo_odd/mem_reg[37][2]
  Impl DFF        imp:/WORK/zigbee/symbol_mapper_to_ppdu/u_sync_fifo_odd/mem_reg[37][2]

  Ref  DFF        ref:/WORK/zigbee/symbol_mapper_to_ppdu/u_sync_fifo_odd/mem_reg[37][3]
  Impl DFF        imp:/WORK/zigbee/symbol_mapper_to_ppdu/u_sync_fifo_odd/mem_reg[37][3]

  Ref  DFF        ref:/WORK/zigbee/symbol_mapper_to_ppdu/u_sync_fifo_odd/mem_reg[38][0]
  Impl DFF        imp:/WORK/zigbee/symbol_mapper_to_ppdu/u_sync_fifo_odd/mem_reg[38][0]

  Ref  DFF        ref:/WORK/zigbee/symbol_mapper_to_ppdu/u_sync_fifo_odd/mem_reg[38][1]
  Impl DFF        imp:/WORK/zigbee/symbol_mapper_to_ppdu/u_sync_fifo_odd/mem_reg[38][1]

  Ref  DFF        ref:/WORK/zigbee/symbol_mapper_to_ppdu/u_sync_fifo_odd/mem_reg[38][2]
  Impl DFF        imp:/WORK/zigbee/symbol_mapper_to_ppdu/u_sync_fifo_odd/mem_reg[38][2]

  Ref  DFF        ref:/WORK/zigbee/symbol_mapper_to_ppdu/u_sync_fifo_odd/mem_reg[38][3]
  Impl DFF        imp:/WORK/zigbee/symbol_mapper_to_ppdu/u_sync_fifo_odd/mem_reg[38][3]

  Ref  DFF        ref:/WORK/zigbee/symbol_mapper_to_ppdu/u_sync_fifo_odd/mem_reg[39][0]
  Impl DFF        imp:/WORK/zigbee/symbol_mapper_to_ppdu/u_sync_fifo_odd/mem_reg[39][0]

  Ref  DFF        ref:/WORK/zigbee/symbol_mapper_to_ppdu/u_sync_fifo_odd/mem_reg[39][1]
  Impl DFF        imp:/WORK/zigbee/symbol_mapper_to_ppdu/u_sync_fifo_odd/mem_reg[39][1]

  Ref  DFF        ref:/WORK/zigbee/symbol_mapper_to_ppdu/u_sync_fifo_odd/mem_reg[39][2]
  Impl DFF        imp:/WORK/zigbee/symbol_mapper_to_ppdu/u_sync_fifo_odd/mem_reg[39][2]

  Ref  DFF        ref:/WORK/zigbee/symbol_mapper_to_ppdu/u_sync_fifo_odd/mem_reg[39][3]
  Impl DFF        imp:/WORK/zigbee/symbol_mapper_to_ppdu/u_sync_fifo_odd/mem_reg[39][3]

  Ref  DFF        ref:/WORK/zigbee/symbol_mapper_to_ppdu/u_sync_fifo_odd/mem_reg[3][0]
  Impl DFF        imp:/WORK/zigbee/symbol_mapper_to_ppdu/u_sync_fifo_odd/mem_reg[3][0]

  Ref  DFF        ref:/WORK/zigbee/symbol_mapper_to_ppdu/u_sync_fifo_odd/mem_reg[3][1]
  Impl DFF        imp:/WORK/zigbee/symbol_mapper_to_ppdu/u_sync_fifo_odd/mem_reg[3][1]

  Ref  DFF        ref:/WORK/zigbee/symbol_mapper_to_ppdu/u_sync_fifo_odd/mem_reg[3][2]
  Impl DFF        imp:/WORK/zigbee/symbol_mapper_to_ppdu/u_sync_fifo_odd/mem_reg[3][2]

  Ref  DFF        ref:/WORK/zigbee/symbol_mapper_to_ppdu/u_sync_fifo_odd/mem_reg[3][3]
  Impl DFF        imp:/WORK/zigbee/symbol_mapper_to_ppdu/u_sync_fifo_odd/mem_reg[3][3]

  Ref  DFF        ref:/WORK/zigbee/symbol_mapper_to_ppdu/u_sync_fifo_odd/mem_reg[40][0]
  Impl DFF        imp:/WORK/zigbee/symbol_mapper_to_ppdu/u_sync_fifo_odd/mem_reg[40][0]

  Ref  DFF        ref:/WORK/zigbee/symbol_mapper_to_ppdu/u_sync_fifo_odd/mem_reg[40][1]
  Impl DFF        imp:/WORK/zigbee/symbol_mapper_to_ppdu/u_sync_fifo_odd/mem_reg[40][1]

  Ref  DFF        ref:/WORK/zigbee/symbol_mapper_to_ppdu/u_sync_fifo_odd/mem_reg[40][2]
  Impl DFF        imp:/WORK/zigbee/symbol_mapper_to_ppdu/u_sync_fifo_odd/mem_reg[40][2]

  Ref  DFF        ref:/WORK/zigbee/symbol_mapper_to_ppdu/u_sync_fifo_odd/mem_reg[40][3]
  Impl DFF        imp:/WORK/zigbee/symbol_mapper_to_ppdu/u_sync_fifo_odd/mem_reg[40][3]

  Ref  DFF        ref:/WORK/zigbee/symbol_mapper_to_ppdu/u_sync_fifo_odd/mem_reg[41][0]
  Impl DFF        imp:/WORK/zigbee/symbol_mapper_to_ppdu/u_sync_fifo_odd/mem_reg[41][0]

  Ref  DFF        ref:/WORK/zigbee/symbol_mapper_to_ppdu/u_sync_fifo_odd/mem_reg[41][1]
  Impl DFF        imp:/WORK/zigbee/symbol_mapper_to_ppdu/u_sync_fifo_odd/mem_reg[41][1]

  Ref  DFF        ref:/WORK/zigbee/symbol_mapper_to_ppdu/u_sync_fifo_odd/mem_reg[41][2]
  Impl DFF        imp:/WORK/zigbee/symbol_mapper_to_ppdu/u_sync_fifo_odd/mem_reg[41][2]

  Ref  DFF        ref:/WORK/zigbee/symbol_mapper_to_ppdu/u_sync_fifo_odd/mem_reg[41][3]
  Impl DFF        imp:/WORK/zigbee/symbol_mapper_to_ppdu/u_sync_fifo_odd/mem_reg[41][3]

  Ref  DFF        ref:/WORK/zigbee/symbol_mapper_to_ppdu/u_sync_fifo_odd/mem_reg[42][0]
  Impl DFF        imp:/WORK/zigbee/symbol_mapper_to_ppdu/u_sync_fifo_odd/mem_reg[42][0]

  Ref  DFF        ref:/WORK/zigbee/symbol_mapper_to_ppdu/u_sync_fifo_odd/mem_reg[42][1]
  Impl DFF        imp:/WORK/zigbee/symbol_mapper_to_ppdu/u_sync_fifo_odd/mem_reg[42][1]

  Ref  DFF        ref:/WORK/zigbee/symbol_mapper_to_ppdu/u_sync_fifo_odd/mem_reg[42][2]
  Impl DFF        imp:/WORK/zigbee/symbol_mapper_to_ppdu/u_sync_fifo_odd/mem_reg[42][2]

  Ref  DFF        ref:/WORK/zigbee/symbol_mapper_to_ppdu/u_sync_fifo_odd/mem_reg[42][3]
  Impl DFF        imp:/WORK/zigbee/symbol_mapper_to_ppdu/u_sync_fifo_odd/mem_reg[42][3]

  Ref  DFF        ref:/WORK/zigbee/symbol_mapper_to_ppdu/u_sync_fifo_odd/mem_reg[43][0]
  Impl DFF        imp:/WORK/zigbee/symbol_mapper_to_ppdu/u_sync_fifo_odd/mem_reg[43][0]

  Ref  DFF        ref:/WORK/zigbee/symbol_mapper_to_ppdu/u_sync_fifo_odd/mem_reg[43][1]
  Impl DFF        imp:/WORK/zigbee/symbol_mapper_to_ppdu/u_sync_fifo_odd/mem_reg[43][1]

  Ref  DFF        ref:/WORK/zigbee/symbol_mapper_to_ppdu/u_sync_fifo_odd/mem_reg[43][2]
  Impl DFF        imp:/WORK/zigbee/symbol_mapper_to_ppdu/u_sync_fifo_odd/mem_reg[43][2]

  Ref  DFF        ref:/WORK/zigbee/symbol_mapper_to_ppdu/u_sync_fifo_odd/mem_reg[43][3]
  Impl DFF        imp:/WORK/zigbee/symbol_mapper_to_ppdu/u_sync_fifo_odd/mem_reg[43][3]

  Ref  DFF        ref:/WORK/zigbee/symbol_mapper_to_ppdu/u_sync_fifo_odd/mem_reg[44][0]
  Impl DFF        imp:/WORK/zigbee/symbol_mapper_to_ppdu/u_sync_fifo_odd/mem_reg[44][0]

  Ref  DFF        ref:/WORK/zigbee/symbol_mapper_to_ppdu/u_sync_fifo_odd/mem_reg[44][1]
  Impl DFF        imp:/WORK/zigbee/symbol_mapper_to_ppdu/u_sync_fifo_odd/mem_reg[44][1]

  Ref  DFF        ref:/WORK/zigbee/symbol_mapper_to_ppdu/u_sync_fifo_odd/mem_reg[44][2]
  Impl DFF        imp:/WORK/zigbee/symbol_mapper_to_ppdu/u_sync_fifo_odd/mem_reg[44][2]

  Ref  DFF        ref:/WORK/zigbee/symbol_mapper_to_ppdu/u_sync_fifo_odd/mem_reg[44][3]
  Impl DFF        imp:/WORK/zigbee/symbol_mapper_to_ppdu/u_sync_fifo_odd/mem_reg[44][3]

  Ref  DFF        ref:/WORK/zigbee/symbol_mapper_to_ppdu/u_sync_fifo_odd/mem_reg[45][0]
  Impl DFF        imp:/WORK/zigbee/symbol_mapper_to_ppdu/u_sync_fifo_odd/mem_reg[45][0]

  Ref  DFF        ref:/WORK/zigbee/symbol_mapper_to_ppdu/u_sync_fifo_odd/mem_reg[45][1]
  Impl DFF        imp:/WORK/zigbee/symbol_mapper_to_ppdu/u_sync_fifo_odd/mem_reg[45][1]

  Ref  DFF        ref:/WORK/zigbee/symbol_mapper_to_ppdu/u_sync_fifo_odd/mem_reg[45][2]
  Impl DFF        imp:/WORK/zigbee/symbol_mapper_to_ppdu/u_sync_fifo_odd/mem_reg[45][2]

  Ref  DFF        ref:/WORK/zigbee/symbol_mapper_to_ppdu/u_sync_fifo_odd/mem_reg[45][3]
  Impl DFF        imp:/WORK/zigbee/symbol_mapper_to_ppdu/u_sync_fifo_odd/mem_reg[45][3]

  Ref  DFF        ref:/WORK/zigbee/symbol_mapper_to_ppdu/u_sync_fifo_odd/mem_reg[46][0]
  Impl DFF        imp:/WORK/zigbee/symbol_mapper_to_ppdu/u_sync_fifo_odd/mem_reg[46][0]

  Ref  DFF        ref:/WORK/zigbee/symbol_mapper_to_ppdu/u_sync_fifo_odd/mem_reg[46][1]
  Impl DFF        imp:/WORK/zigbee/symbol_mapper_to_ppdu/u_sync_fifo_odd/mem_reg[46][1]

  Ref  DFF        ref:/WORK/zigbee/symbol_mapper_to_ppdu/u_sync_fifo_odd/mem_reg[46][2]
  Impl DFF        imp:/WORK/zigbee/symbol_mapper_to_ppdu/u_sync_fifo_odd/mem_reg[46][2]

  Ref  DFF        ref:/WORK/zigbee/symbol_mapper_to_ppdu/u_sync_fifo_odd/mem_reg[46][3]
  Impl DFF        imp:/WORK/zigbee/symbol_mapper_to_ppdu/u_sync_fifo_odd/mem_reg[46][3]

  Ref  DFF        ref:/WORK/zigbee/symbol_mapper_to_ppdu/u_sync_fifo_odd/mem_reg[47][0]
  Impl DFF        imp:/WORK/zigbee/symbol_mapper_to_ppdu/u_sync_fifo_odd/mem_reg[47][0]

  Ref  DFF        ref:/WORK/zigbee/symbol_mapper_to_ppdu/u_sync_fifo_odd/mem_reg[47][1]
  Impl DFF        imp:/WORK/zigbee/symbol_mapper_to_ppdu/u_sync_fifo_odd/mem_reg[47][1]

  Ref  DFF        ref:/WORK/zigbee/symbol_mapper_to_ppdu/u_sync_fifo_odd/mem_reg[47][2]
  Impl DFF        imp:/WORK/zigbee/symbol_mapper_to_ppdu/u_sync_fifo_odd/mem_reg[47][2]

  Ref  DFF        ref:/WORK/zigbee/symbol_mapper_to_ppdu/u_sync_fifo_odd/mem_reg[47][3]
  Impl DFF        imp:/WORK/zigbee/symbol_mapper_to_ppdu/u_sync_fifo_odd/mem_reg[47][3]

  Ref  DFF        ref:/WORK/zigbee/symbol_mapper_to_ppdu/u_sync_fifo_odd/mem_reg[48][0]
  Impl DFF        imp:/WORK/zigbee/symbol_mapper_to_ppdu/u_sync_fifo_odd/mem_reg[48][0]

  Ref  DFF        ref:/WORK/zigbee/symbol_mapper_to_ppdu/u_sync_fifo_odd/mem_reg[48][1]
  Impl DFF        imp:/WORK/zigbee/symbol_mapper_to_ppdu/u_sync_fifo_odd/mem_reg[48][1]

  Ref  DFF        ref:/WORK/zigbee/symbol_mapper_to_ppdu/u_sync_fifo_odd/mem_reg[48][2]
  Impl DFF        imp:/WORK/zigbee/symbol_mapper_to_ppdu/u_sync_fifo_odd/mem_reg[48][2]

  Ref  DFF        ref:/WORK/zigbee/symbol_mapper_to_ppdu/u_sync_fifo_odd/mem_reg[48][3]
  Impl DFF        imp:/WORK/zigbee/symbol_mapper_to_ppdu/u_sync_fifo_odd/mem_reg[48][3]

  Ref  DFF        ref:/WORK/zigbee/symbol_mapper_to_ppdu/u_sync_fifo_odd/mem_reg[49][0]
  Impl DFF        imp:/WORK/zigbee/symbol_mapper_to_ppdu/u_sync_fifo_odd/mem_reg[49][0]

  Ref  DFF        ref:/WORK/zigbee/symbol_mapper_to_ppdu/u_sync_fifo_odd/mem_reg[49][1]
  Impl DFF        imp:/WORK/zigbee/symbol_mapper_to_ppdu/u_sync_fifo_odd/mem_reg[49][1]

  Ref  DFF        ref:/WORK/zigbee/symbol_mapper_to_ppdu/u_sync_fifo_odd/mem_reg[49][2]
  Impl DFF        imp:/WORK/zigbee/symbol_mapper_to_ppdu/u_sync_fifo_odd/mem_reg[49][2]

  Ref  DFF        ref:/WORK/zigbee/symbol_mapper_to_ppdu/u_sync_fifo_odd/mem_reg[49][3]
  Impl DFF        imp:/WORK/zigbee/symbol_mapper_to_ppdu/u_sync_fifo_odd/mem_reg[49][3]

  Ref  DFF        ref:/WORK/zigbee/symbol_mapper_to_ppdu/u_sync_fifo_odd/mem_reg[4][0]
  Impl DFF        imp:/WORK/zigbee/symbol_mapper_to_ppdu/u_sync_fifo_odd/mem_reg[4][0]

  Ref  DFF        ref:/WORK/zigbee/symbol_mapper_to_ppdu/u_sync_fifo_odd/mem_reg[4][1]
  Impl DFF        imp:/WORK/zigbee/symbol_mapper_to_ppdu/u_sync_fifo_odd/mem_reg[4][1]

  Ref  DFF        ref:/WORK/zigbee/symbol_mapper_to_ppdu/u_sync_fifo_odd/mem_reg[4][2]
  Impl DFF        imp:/WORK/zigbee/symbol_mapper_to_ppdu/u_sync_fifo_odd/mem_reg[4][2]

  Ref  DFF        ref:/WORK/zigbee/symbol_mapper_to_ppdu/u_sync_fifo_odd/mem_reg[4][3]
  Impl DFF        imp:/WORK/zigbee/symbol_mapper_to_ppdu/u_sync_fifo_odd/mem_reg[4][3]

  Ref  DFF        ref:/WORK/zigbee/symbol_mapper_to_ppdu/u_sync_fifo_odd/mem_reg[50][0]
  Impl DFF        imp:/WORK/zigbee/symbol_mapper_to_ppdu/u_sync_fifo_odd/mem_reg[50][0]

  Ref  DFF        ref:/WORK/zigbee/symbol_mapper_to_ppdu/u_sync_fifo_odd/mem_reg[50][1]
  Impl DFF        imp:/WORK/zigbee/symbol_mapper_to_ppdu/u_sync_fifo_odd/mem_reg[50][1]

  Ref  DFF        ref:/WORK/zigbee/symbol_mapper_to_ppdu/u_sync_fifo_odd/mem_reg[50][2]
  Impl DFF        imp:/WORK/zigbee/symbol_mapper_to_ppdu/u_sync_fifo_odd/mem_reg[50][2]

  Ref  DFF        ref:/WORK/zigbee/symbol_mapper_to_ppdu/u_sync_fifo_odd/mem_reg[50][3]
  Impl DFF        imp:/WORK/zigbee/symbol_mapper_to_ppdu/u_sync_fifo_odd/mem_reg[50][3]

  Ref  DFF        ref:/WORK/zigbee/symbol_mapper_to_ppdu/u_sync_fifo_odd/mem_reg[51][0]
  Impl DFF        imp:/WORK/zigbee/symbol_mapper_to_ppdu/u_sync_fifo_odd/mem_reg[51][0]

  Ref  DFF        ref:/WORK/zigbee/symbol_mapper_to_ppdu/u_sync_fifo_odd/mem_reg[51][1]
  Impl DFF        imp:/WORK/zigbee/symbol_mapper_to_ppdu/u_sync_fifo_odd/mem_reg[51][1]

  Ref  DFF        ref:/WORK/zigbee/symbol_mapper_to_ppdu/u_sync_fifo_odd/mem_reg[51][2]
  Impl DFF        imp:/WORK/zigbee/symbol_mapper_to_ppdu/u_sync_fifo_odd/mem_reg[51][2]

  Ref  DFF        ref:/WORK/zigbee/symbol_mapper_to_ppdu/u_sync_fifo_odd/mem_reg[51][3]
  Impl DFF        imp:/WORK/zigbee/symbol_mapper_to_ppdu/u_sync_fifo_odd/mem_reg[51][3]

  Ref  DFF        ref:/WORK/zigbee/symbol_mapper_to_ppdu/u_sync_fifo_odd/mem_reg[52][0]
  Impl DFF        imp:/WORK/zigbee/symbol_mapper_to_ppdu/u_sync_fifo_odd/mem_reg[52][0]

  Ref  DFF        ref:/WORK/zigbee/symbol_mapper_to_ppdu/u_sync_fifo_odd/mem_reg[52][1]
  Impl DFF        imp:/WORK/zigbee/symbol_mapper_to_ppdu/u_sync_fifo_odd/mem_reg[52][1]

  Ref  DFF        ref:/WORK/zigbee/symbol_mapper_to_ppdu/u_sync_fifo_odd/mem_reg[52][2]
  Impl DFF        imp:/WORK/zigbee/symbol_mapper_to_ppdu/u_sync_fifo_odd/mem_reg[52][2]

  Ref  DFF        ref:/WORK/zigbee/symbol_mapper_to_ppdu/u_sync_fifo_odd/mem_reg[52][3]
  Impl DFF        imp:/WORK/zigbee/symbol_mapper_to_ppdu/u_sync_fifo_odd/mem_reg[52][3]

  Ref  DFF        ref:/WORK/zigbee/symbol_mapper_to_ppdu/u_sync_fifo_odd/mem_reg[53][0]
  Impl DFF        imp:/WORK/zigbee/symbol_mapper_to_ppdu/u_sync_fifo_odd/mem_reg[53][0]

  Ref  DFF        ref:/WORK/zigbee/symbol_mapper_to_ppdu/u_sync_fifo_odd/mem_reg[53][1]
  Impl DFF        imp:/WORK/zigbee/symbol_mapper_to_ppdu/u_sync_fifo_odd/mem_reg[53][1]

  Ref  DFF        ref:/WORK/zigbee/symbol_mapper_to_ppdu/u_sync_fifo_odd/mem_reg[53][2]
  Impl DFF        imp:/WORK/zigbee/symbol_mapper_to_ppdu/u_sync_fifo_odd/mem_reg[53][2]

  Ref  DFF        ref:/WORK/zigbee/symbol_mapper_to_ppdu/u_sync_fifo_odd/mem_reg[53][3]
  Impl DFF        imp:/WORK/zigbee/symbol_mapper_to_ppdu/u_sync_fifo_odd/mem_reg[53][3]

  Ref  DFF        ref:/WORK/zigbee/symbol_mapper_to_ppdu/u_sync_fifo_odd/mem_reg[54][0]
  Impl DFF        imp:/WORK/zigbee/symbol_mapper_to_ppdu/u_sync_fifo_odd/mem_reg[54][0]

  Ref  DFF        ref:/WORK/zigbee/symbol_mapper_to_ppdu/u_sync_fifo_odd/mem_reg[54][1]
  Impl DFF        imp:/WORK/zigbee/symbol_mapper_to_ppdu/u_sync_fifo_odd/mem_reg[54][1]

  Ref  DFF        ref:/WORK/zigbee/symbol_mapper_to_ppdu/u_sync_fifo_odd/mem_reg[54][2]
  Impl DFF        imp:/WORK/zigbee/symbol_mapper_to_ppdu/u_sync_fifo_odd/mem_reg[54][2]

  Ref  DFF        ref:/WORK/zigbee/symbol_mapper_to_ppdu/u_sync_fifo_odd/mem_reg[54][3]
  Impl DFF        imp:/WORK/zigbee/symbol_mapper_to_ppdu/u_sync_fifo_odd/mem_reg[54][3]

  Ref  DFF        ref:/WORK/zigbee/symbol_mapper_to_ppdu/u_sync_fifo_odd/mem_reg[55][0]
  Impl DFF        imp:/WORK/zigbee/symbol_mapper_to_ppdu/u_sync_fifo_odd/mem_reg[55][0]

  Ref  DFF        ref:/WORK/zigbee/symbol_mapper_to_ppdu/u_sync_fifo_odd/mem_reg[55][1]
  Impl DFF        imp:/WORK/zigbee/symbol_mapper_to_ppdu/u_sync_fifo_odd/mem_reg[55][1]

  Ref  DFF        ref:/WORK/zigbee/symbol_mapper_to_ppdu/u_sync_fifo_odd/mem_reg[55][2]
  Impl DFF        imp:/WORK/zigbee/symbol_mapper_to_ppdu/u_sync_fifo_odd/mem_reg[55][2]

  Ref  DFF        ref:/WORK/zigbee/symbol_mapper_to_ppdu/u_sync_fifo_odd/mem_reg[55][3]
  Impl DFF        imp:/WORK/zigbee/symbol_mapper_to_ppdu/u_sync_fifo_odd/mem_reg[55][3]

  Ref  DFF        ref:/WORK/zigbee/symbol_mapper_to_ppdu/u_sync_fifo_odd/mem_reg[56][0]
  Impl DFF        imp:/WORK/zigbee/symbol_mapper_to_ppdu/u_sync_fifo_odd/mem_reg[56][0]

  Ref  DFF        ref:/WORK/zigbee/symbol_mapper_to_ppdu/u_sync_fifo_odd/mem_reg[56][1]
  Impl DFF        imp:/WORK/zigbee/symbol_mapper_to_ppdu/u_sync_fifo_odd/mem_reg[56][1]

  Ref  DFF        ref:/WORK/zigbee/symbol_mapper_to_ppdu/u_sync_fifo_odd/mem_reg[56][2]
  Impl DFF        imp:/WORK/zigbee/symbol_mapper_to_ppdu/u_sync_fifo_odd/mem_reg[56][2]

  Ref  DFF        ref:/WORK/zigbee/symbol_mapper_to_ppdu/u_sync_fifo_odd/mem_reg[56][3]
  Impl DFF        imp:/WORK/zigbee/symbol_mapper_to_ppdu/u_sync_fifo_odd/mem_reg[56][3]

  Ref  DFF        ref:/WORK/zigbee/symbol_mapper_to_ppdu/u_sync_fifo_odd/mem_reg[57][0]
  Impl DFF        imp:/WORK/zigbee/symbol_mapper_to_ppdu/u_sync_fifo_odd/mem_reg[57][0]

  Ref  DFF        ref:/WORK/zigbee/symbol_mapper_to_ppdu/u_sync_fifo_odd/mem_reg[57][1]
  Impl DFF        imp:/WORK/zigbee/symbol_mapper_to_ppdu/u_sync_fifo_odd/mem_reg[57][1]

  Ref  DFF        ref:/WORK/zigbee/symbol_mapper_to_ppdu/u_sync_fifo_odd/mem_reg[57][2]
  Impl DFF        imp:/WORK/zigbee/symbol_mapper_to_ppdu/u_sync_fifo_odd/mem_reg[57][2]

  Ref  DFF        ref:/WORK/zigbee/symbol_mapper_to_ppdu/u_sync_fifo_odd/mem_reg[57][3]
  Impl DFF        imp:/WORK/zigbee/symbol_mapper_to_ppdu/u_sync_fifo_odd/mem_reg[57][3]

  Ref  DFF        ref:/WORK/zigbee/symbol_mapper_to_ppdu/u_sync_fifo_odd/mem_reg[58][0]
  Impl DFF        imp:/WORK/zigbee/symbol_mapper_to_ppdu/u_sync_fifo_odd/mem_reg[58][0]

  Ref  DFF        ref:/WORK/zigbee/symbol_mapper_to_ppdu/u_sync_fifo_odd/mem_reg[58][1]
  Impl DFF        imp:/WORK/zigbee/symbol_mapper_to_ppdu/u_sync_fifo_odd/mem_reg[58][1]

  Ref  DFF        ref:/WORK/zigbee/symbol_mapper_to_ppdu/u_sync_fifo_odd/mem_reg[58][2]
  Impl DFF        imp:/WORK/zigbee/symbol_mapper_to_ppdu/u_sync_fifo_odd/mem_reg[58][2]

  Ref  DFF        ref:/WORK/zigbee/symbol_mapper_to_ppdu/u_sync_fifo_odd/mem_reg[58][3]
  Impl DFF        imp:/WORK/zigbee/symbol_mapper_to_ppdu/u_sync_fifo_odd/mem_reg[58][3]

  Ref  DFF        ref:/WORK/zigbee/symbol_mapper_to_ppdu/u_sync_fifo_odd/mem_reg[59][0]
  Impl DFF        imp:/WORK/zigbee/symbol_mapper_to_ppdu/u_sync_fifo_odd/mem_reg[59][0]

  Ref  DFF        ref:/WORK/zigbee/symbol_mapper_to_ppdu/u_sync_fifo_odd/mem_reg[59][1]
  Impl DFF        imp:/WORK/zigbee/symbol_mapper_to_ppdu/u_sync_fifo_odd/mem_reg[59][1]

  Ref  DFF        ref:/WORK/zigbee/symbol_mapper_to_ppdu/u_sync_fifo_odd/mem_reg[59][2]
  Impl DFF        imp:/WORK/zigbee/symbol_mapper_to_ppdu/u_sync_fifo_odd/mem_reg[59][2]

  Ref  DFF        ref:/WORK/zigbee/symbol_mapper_to_ppdu/u_sync_fifo_odd/mem_reg[59][3]
  Impl DFF        imp:/WORK/zigbee/symbol_mapper_to_ppdu/u_sync_fifo_odd/mem_reg[59][3]

  Ref  DFF        ref:/WORK/zigbee/symbol_mapper_to_ppdu/u_sync_fifo_odd/mem_reg[5][0]
  Impl DFF        imp:/WORK/zigbee/symbol_mapper_to_ppdu/u_sync_fifo_odd/mem_reg[5][0]

  Ref  DFF        ref:/WORK/zigbee/symbol_mapper_to_ppdu/u_sync_fifo_odd/mem_reg[5][1]
  Impl DFF        imp:/WORK/zigbee/symbol_mapper_to_ppdu/u_sync_fifo_odd/mem_reg[5][1]

  Ref  DFF        ref:/WORK/zigbee/symbol_mapper_to_ppdu/u_sync_fifo_odd/mem_reg[5][2]
  Impl DFF        imp:/WORK/zigbee/symbol_mapper_to_ppdu/u_sync_fifo_odd/mem_reg[5][2]

  Ref  DFF        ref:/WORK/zigbee/symbol_mapper_to_ppdu/u_sync_fifo_odd/mem_reg[5][3]
  Impl DFF        imp:/WORK/zigbee/symbol_mapper_to_ppdu/u_sync_fifo_odd/mem_reg[5][3]

  Ref  DFF        ref:/WORK/zigbee/symbol_mapper_to_ppdu/u_sync_fifo_odd/mem_reg[60][0]
  Impl DFF        imp:/WORK/zigbee/symbol_mapper_to_ppdu/u_sync_fifo_odd/mem_reg[60][0]

  Ref  DFF        ref:/WORK/zigbee/symbol_mapper_to_ppdu/u_sync_fifo_odd/mem_reg[60][1]
  Impl DFF        imp:/WORK/zigbee/symbol_mapper_to_ppdu/u_sync_fifo_odd/mem_reg[60][1]

  Ref  DFF        ref:/WORK/zigbee/symbol_mapper_to_ppdu/u_sync_fifo_odd/mem_reg[60][2]
  Impl DFF        imp:/WORK/zigbee/symbol_mapper_to_ppdu/u_sync_fifo_odd/mem_reg[60][2]

  Ref  DFF        ref:/WORK/zigbee/symbol_mapper_to_ppdu/u_sync_fifo_odd/mem_reg[60][3]
  Impl DFF        imp:/WORK/zigbee/symbol_mapper_to_ppdu/u_sync_fifo_odd/mem_reg[60][3]

  Ref  DFF        ref:/WORK/zigbee/symbol_mapper_to_ppdu/u_sync_fifo_odd/mem_reg[61][0]
  Impl DFF        imp:/WORK/zigbee/symbol_mapper_to_ppdu/u_sync_fifo_odd/mem_reg[61][0]

  Ref  DFF        ref:/WORK/zigbee/symbol_mapper_to_ppdu/u_sync_fifo_odd/mem_reg[61][1]
  Impl DFF        imp:/WORK/zigbee/symbol_mapper_to_ppdu/u_sync_fifo_odd/mem_reg[61][1]

  Ref  DFF        ref:/WORK/zigbee/symbol_mapper_to_ppdu/u_sync_fifo_odd/mem_reg[61][2]
  Impl DFF        imp:/WORK/zigbee/symbol_mapper_to_ppdu/u_sync_fifo_odd/mem_reg[61][2]

  Ref  DFF        ref:/WORK/zigbee/symbol_mapper_to_ppdu/u_sync_fifo_odd/mem_reg[61][3]
  Impl DFF        imp:/WORK/zigbee/symbol_mapper_to_ppdu/u_sync_fifo_odd/mem_reg[61][3]

  Ref  DFF        ref:/WORK/zigbee/symbol_mapper_to_ppdu/u_sync_fifo_odd/mem_reg[62][0]
  Impl DFF        imp:/WORK/zigbee/symbol_mapper_to_ppdu/u_sync_fifo_odd/mem_reg[62][0]

  Ref  DFF        ref:/WORK/zigbee/symbol_mapper_to_ppdu/u_sync_fifo_odd/mem_reg[62][1]
  Impl DFF        imp:/WORK/zigbee/symbol_mapper_to_ppdu/u_sync_fifo_odd/mem_reg[62][1]

  Ref  DFF        ref:/WORK/zigbee/symbol_mapper_to_ppdu/u_sync_fifo_odd/mem_reg[62][2]
  Impl DFF        imp:/WORK/zigbee/symbol_mapper_to_ppdu/u_sync_fifo_odd/mem_reg[62][2]

  Ref  DFF        ref:/WORK/zigbee/symbol_mapper_to_ppdu/u_sync_fifo_odd/mem_reg[62][3]
  Impl DFF        imp:/WORK/zigbee/symbol_mapper_to_ppdu/u_sync_fifo_odd/mem_reg[62][3]

  Ref  DFF        ref:/WORK/zigbee/symbol_mapper_to_ppdu/u_sync_fifo_odd/mem_reg[63][0]
  Impl DFF        imp:/WORK/zigbee/symbol_mapper_to_ppdu/u_sync_fifo_odd/mem_reg[63][0]

  Ref  DFF        ref:/WORK/zigbee/symbol_mapper_to_ppdu/u_sync_fifo_odd/mem_reg[63][1]
  Impl DFF        imp:/WORK/zigbee/symbol_mapper_to_ppdu/u_sync_fifo_odd/mem_reg[63][1]

  Ref  DFF        ref:/WORK/zigbee/symbol_mapper_to_ppdu/u_sync_fifo_odd/mem_reg[63][2]
  Impl DFF        imp:/WORK/zigbee/symbol_mapper_to_ppdu/u_sync_fifo_odd/mem_reg[63][2]

  Ref  DFF        ref:/WORK/zigbee/symbol_mapper_to_ppdu/u_sync_fifo_odd/mem_reg[63][3]
  Impl DFF        imp:/WORK/zigbee/symbol_mapper_to_ppdu/u_sync_fifo_odd/mem_reg[63][3]

  Ref  DFF        ref:/WORK/zigbee/symbol_mapper_to_ppdu/u_sync_fifo_odd/mem_reg[6][0]
  Impl DFF        imp:/WORK/zigbee/symbol_mapper_to_ppdu/u_sync_fifo_odd/mem_reg[6][0]

  Ref  DFF        ref:/WORK/zigbee/symbol_mapper_to_ppdu/u_sync_fifo_odd/mem_reg[6][1]
  Impl DFF        imp:/WORK/zigbee/symbol_mapper_to_ppdu/u_sync_fifo_odd/mem_reg[6][1]

  Ref  DFF        ref:/WORK/zigbee/symbol_mapper_to_ppdu/u_sync_fifo_odd/mem_reg[6][2]
  Impl DFF        imp:/WORK/zigbee/symbol_mapper_to_ppdu/u_sync_fifo_odd/mem_reg[6][2]

  Ref  DFF        ref:/WORK/zigbee/symbol_mapper_to_ppdu/u_sync_fifo_odd/mem_reg[6][3]
  Impl DFF        imp:/WORK/zigbee/symbol_mapper_to_ppdu/u_sync_fifo_odd/mem_reg[6][3]

  Ref  DFF        ref:/WORK/zigbee/symbol_mapper_to_ppdu/u_sync_fifo_odd/mem_reg[7][0]
  Impl DFF        imp:/WORK/zigbee/symbol_mapper_to_ppdu/u_sync_fifo_odd/mem_reg[7][0]

  Ref  DFF        ref:/WORK/zigbee/symbol_mapper_to_ppdu/u_sync_fifo_odd/mem_reg[7][1]
  Impl DFF        imp:/WORK/zigbee/symbol_mapper_to_ppdu/u_sync_fifo_odd/mem_reg[7][1]

  Ref  DFF        ref:/WORK/zigbee/symbol_mapper_to_ppdu/u_sync_fifo_odd/mem_reg[7][2]
  Impl DFF        imp:/WORK/zigbee/symbol_mapper_to_ppdu/u_sync_fifo_odd/mem_reg[7][2]

  Ref  DFF        ref:/WORK/zigbee/symbol_mapper_to_ppdu/u_sync_fifo_odd/mem_reg[7][3]
  Impl DFF        imp:/WORK/zigbee/symbol_mapper_to_ppdu/u_sync_fifo_odd/mem_reg[7][3]

  Ref  DFF        ref:/WORK/zigbee/symbol_mapper_to_ppdu/u_sync_fifo_odd/mem_reg[8][0]
  Impl DFF        imp:/WORK/zigbee/symbol_mapper_to_ppdu/u_sync_fifo_odd/mem_reg[8][0]

  Ref  DFF        ref:/WORK/zigbee/symbol_mapper_to_ppdu/u_sync_fifo_odd/mem_reg[8][1]
  Impl DFF        imp:/WORK/zigbee/symbol_mapper_to_ppdu/u_sync_fifo_odd/mem_reg[8][1]

  Ref  DFF        ref:/WORK/zigbee/symbol_mapper_to_ppdu/u_sync_fifo_odd/mem_reg[8][2]
  Impl DFF        imp:/WORK/zigbee/symbol_mapper_to_ppdu/u_sync_fifo_odd/mem_reg[8][2]

  Ref  DFF        ref:/WORK/zigbee/symbol_mapper_to_ppdu/u_sync_fifo_odd/mem_reg[8][3]
  Impl DFF        imp:/WORK/zigbee/symbol_mapper_to_ppdu/u_sync_fifo_odd/mem_reg[8][3]

  Ref  DFF        ref:/WORK/zigbee/symbol_mapper_to_ppdu/u_sync_fifo_odd/mem_reg[9][0]
  Impl DFF        imp:/WORK/zigbee/symbol_mapper_to_ppdu/u_sync_fifo_odd/mem_reg[9][0]

  Ref  DFF        ref:/WORK/zigbee/symbol_mapper_to_ppdu/u_sync_fifo_odd/mem_reg[9][1]
  Impl DFF        imp:/WORK/zigbee/symbol_mapper_to_ppdu/u_sync_fifo_odd/mem_reg[9][1]

  Ref  DFF        ref:/WORK/zigbee/symbol_mapper_to_ppdu/u_sync_fifo_odd/mem_reg[9][2]
  Impl DFF        imp:/WORK/zigbee/symbol_mapper_to_ppdu/u_sync_fifo_odd/mem_reg[9][2]

  Ref  DFF        ref:/WORK/zigbee/symbol_mapper_to_ppdu/u_sync_fifo_odd/mem_reg[9][3]
  Impl DFF        imp:/WORK/zigbee/symbol_mapper_to_ppdu/u_sync_fifo_odd/mem_reg[9][3]

  Ref  DFF        ref:/WORK/zigbee/symbol_mapper_to_ppdu/u_sync_fifo_odd/rd_from_addr_reg[0]
  Impl DFF        imp:/WORK/zigbee/symbol_mapper_to_ppdu/u_sync_fifo_odd/rd_from_addr_reg[0]

  Ref  DFF        ref:/WORK/zigbee/symbol_mapper_to_ppdu/u_sync_fifo_odd/rd_from_addr_reg[1]
  Impl DFF        imp:/WORK/zigbee/symbol_mapper_to_ppdu/u_sync_fifo_odd/rd_from_addr_reg[1]

  Ref  DFF        ref:/WORK/zigbee/symbol_mapper_to_ppdu/u_sync_fifo_odd/rd_from_addr_reg[2]
  Impl DFF        imp:/WORK/zigbee/symbol_mapper_to_ppdu/u_sync_fifo_odd/rd_from_addr_reg[2]

  Ref  DFF        ref:/WORK/zigbee/symbol_mapper_to_ppdu/u_sync_fifo_odd/rd_from_addr_reg[3]
  Impl DFF        imp:/WORK/zigbee/symbol_mapper_to_ppdu/u_sync_fifo_odd/rd_from_addr_reg[3]

  Ref  DFF        ref:/WORK/zigbee/symbol_mapper_to_ppdu/u_sync_fifo_odd/rd_from_addr_reg[4]
  Impl DFF        imp:/WORK/zigbee/symbol_mapper_to_ppdu/u_sync_fifo_odd/rd_from_addr_reg[4]

  Ref  DFF        ref:/WORK/zigbee/symbol_mapper_to_ppdu/u_sync_fifo_odd/rd_from_addr_reg[5]
  Impl DFF        imp:/WORK/zigbee/symbol_mapper_to_ppdu/u_sync_fifo_odd/rd_from_addr_reg[5]

  Ref  DFF        ref:/WORK/zigbee/symbol_mapper_to_ppdu/u_sync_fifo_odd/rd_from_addr_reg[6]
  Impl DFF        imp:/WORK/zigbee/symbol_mapper_to_ppdu/u_sync_fifo_odd/rd_from_addr_reg[6]

  Ref  DFF        ref:/WORK/zigbee/symbol_mapper_to_ppdu/u_sync_fifo_odd/wr_in_addr_reg[0]
  Impl DFF        imp:/WORK/zigbee/symbol_mapper_to_ppdu/u_sync_fifo_odd/wr_in_addr_reg[0]

  Ref  DFF        ref:/WORK/zigbee/symbol_mapper_to_ppdu/u_sync_fifo_odd/wr_in_addr_reg[1]
  Impl DFF        imp:/WORK/zigbee/symbol_mapper_to_ppdu/u_sync_fifo_odd/wr_in_addr_reg[1]

  Ref  DFF        ref:/WORK/zigbee/symbol_mapper_to_ppdu/u_sync_fifo_odd/wr_in_addr_reg[2]
  Impl DFF        imp:/WORK/zigbee/symbol_mapper_to_ppdu/u_sync_fifo_odd/wr_in_addr_reg[2]

  Ref  DFF        ref:/WORK/zigbee/symbol_mapper_to_ppdu/u_sync_fifo_odd/wr_in_addr_reg[3]
  Impl DFF        imp:/WORK/zigbee/symbol_mapper_to_ppdu/u_sync_fifo_odd/wr_in_addr_reg[3]

  Ref  DFF        ref:/WORK/zigbee/symbol_mapper_to_ppdu/u_sync_fifo_odd/wr_in_addr_reg[4]
  Impl DFF        imp:/WORK/zigbee/symbol_mapper_to_ppdu/u_sync_fifo_odd/wr_in_addr_reg[4]

  Ref  DFF        ref:/WORK/zigbee/symbol_mapper_to_ppdu/u_sync_fifo_odd/wr_in_addr_reg[5]
  Impl DFF        imp:/WORK/zigbee/symbol_mapper_to_ppdu/u_sync_fifo_odd/wr_in_addr_reg[5]

  Ref  DFF        ref:/WORK/zigbee/symbol_mapper_to_ppdu/u_sync_fifo_odd/wr_in_addr_reg[6]
  Impl DFF        imp:/WORK/zigbee/symbol_mapper_to_ppdu/u_sync_fifo_odd/wr_in_addr_reg[6]

  Ref  Port       ref:/WORK/zigbee/tx_done
  Impl Port       imp:/WORK/zigbee/tx_done

  Ref  Port       ref:/WORK/zigbee/tx_imag[0]
  Impl Port       imp:/WORK/zigbee/tx_imag[0]

  Ref  Port       ref:/WORK/zigbee/tx_imag[1]
  Impl Port       imp:/WORK/zigbee/tx_imag[1]

  Ref  Port       ref:/WORK/zigbee/tx_imag[2]
  Impl Port       imp:/WORK/zigbee/tx_imag[2]

  Ref  Port       ref:/WORK/zigbee/tx_imag[3]
  Impl Port       imp:/WORK/zigbee/tx_imag[3]

  Ref  Port       ref:/WORK/zigbee/tx_imag[4]
  Impl Port       imp:/WORK/zigbee/tx_imag[4]

  Ref  Port       ref:/WORK/zigbee/tx_imag[5]
  Impl Port       imp:/WORK/zigbee/tx_imag[5]

  Ref  Port       ref:/WORK/zigbee/tx_imag[6]
  Impl Port       imp:/WORK/zigbee/tx_imag[6]

  Ref  Port       ref:/WORK/zigbee/tx_imag[7]
  Impl Port       imp:/WORK/zigbee/tx_imag[7]

  Ref  Port       ref:/WORK/zigbee/tx_real[0]
  Impl Port       imp:/WORK/zigbee/tx_real[0]

  Ref  Port       ref:/WORK/zigbee/tx_real[1]
  Impl Port       imp:/WORK/zigbee/tx_real[1]

  Ref  Port       ref:/WORK/zigbee/tx_real[2]
  Impl Port       imp:/WORK/zigbee/tx_real[2]

  Ref  Port       ref:/WORK/zigbee/tx_real[3]
  Impl Port       imp:/WORK/zigbee/tx_real[3]

  Ref  Port       ref:/WORK/zigbee/tx_real[4]
  Impl Port       imp:/WORK/zigbee/tx_real[4]

  Ref  Port       ref:/WORK/zigbee/tx_real[5]
  Impl Port       imp:/WORK/zigbee/tx_real[5]

  Ref  Port       ref:/WORK/zigbee/tx_real[6]
  Impl Port       imp:/WORK/zigbee/tx_real[6]

  Ref  Port       ref:/WORK/zigbee/tx_real[7]
  Impl Port       imp:/WORK/zigbee/tx_real[7]

 [BBNet: multiply-driven net
  BBPin: black-box pin
  Cut:   cut-point
  DFF:   non-constant DFF register
  DFF0:  constant 0 DFF register
  DFF1:  constant 1 DFF register
  DFFX:  constant X DFF register
  DFF0X: constrained 0X DFF register
  DFF1X: constrained 1X DFF register
  LAT:   non-constant latch register
  LAT0:  constant 0 latch register
  LAT1:  constant 1 latch register
  LATX:  constant X latch register
  LAT0X: constrained 0X latch register
  LAT1X: constrained 1X latch register
  LATCG: clock-gating latch register
  TLA:   transparent latch register
  TLA0X: transparent constrained 0X latch register
  TLA1X: transparent constrained 1X latch register
  Loop:  cycle break point
  Port:  primary (top-level) port
  Und:   undriven signal cut-point
  Unk:   unknown signal cut-point]

1
