


                              IC Compiler II (TM)

             Version O-2018.06-SP1 for linux64 - Jul 17, 2018 -SLE

                    Copyright (c) 1988 - 2018 Synopsys, Inc.
   This software and the associated documentation are proprietary to Synopsys,
 Inc. This software may only be used in accordance with the terms and conditions
 of a written license agreement with Synopsys, Inc. All other use, reproduction,
            or distribution of this software is strictly prohibited.

Loading user preference file /home/ICer/.synopsys_icc2_gui/preferences.tcl
####################################################################################
#########################################################
#### Section 1 : Config Definition ####
#########################################################
####################################################################################
##### Project Name #####
set top_module "zigbee"
zigbee
set proj_path "/home/ICer/Desktop/shared_folder/ROBO/Zigbee/ASIC_32"
/home/ICer/Desktop/shared_folder/ROBO/Zigbee/ASIC_32
##### Library Type #####
set lib_typ "syn"
syn
set SSLIB "/home/ICer/Desktop/shared_folder/32nm_lib/dbs/hvt/saed32hvt_ss0p75vn40c.db"
/home/ICer/Desktop/shared_folder/32nm_lib/dbs/hvt/saed32hvt_ss0p75vn40c.db
set rate "fast"
fast
if {$rate == "fast"} {
       set param "F"
} elseif {$rate == "slow"} {
       set param "S"
} elseif {$rate == "hybrid"} {
       set param "H"
}
F
##### Design Library #####
set dlib_dir "${proj_path}/pnr/design_lib/outputs/${rate}"
/home/ICer/Desktop/shared_folder/ROBO/Zigbee/ASIC_32/pnr/design_lib/outputs/fast
set clock_names [list clk]
clk
##### Layers #####
set hm_top M9
M9
set vm_top M8
M8
##### Stages #####
set prev_stage      "cts"
cts
set current_stage   "routing"
routing
###################################################################################
#########################################################
#### Section 2 : Design Library Setup ####
#########################################################
####################################################################################
##### Open The Last Stage's Block #####
open_block $dlib_dir/${top_module}_${param}.dlib:${top_module}_${param}_${prev_stage}.design
Warning: Technology used to create frame-view and current technology have inconsistency: Fat table contents are different. (FRAM-054)
Warning: Technology 'saed32nm_1p9m.tf' used for frame-view creation in library 'bumps', is inconsistent with the current technology 'saed32nm_1p9m.tf' of library "zigbee_F.dlib'. (NDM-102)
Warning: Technology used to create frame-view and current technology have inconsistency: Fat table contents are different. (FRAM-054)
Warning: Technology 'saed32nm_1p9m.tf' used for frame-view creation in library 'saed32_hvt|saed32_hvt_std', is inconsistent with the current technology 'saed32nm_1p9m.tf' of library "zigbee_F.dlib'. (NDM-102)
Warning: Technology used to create frame-view and current technology have inconsistency: Fat table contents are different. (FRAM-054)
Warning: Technology 'saed32nm_1p9m.tf' used for frame-view creation in library 'saed32_hvt|saed32_hvt_pg', is inconsistent with the current technology 'saed32nm_1p9m.tf' of library "zigbee_F.dlib'. (NDM-102)
Warning: Technology used to create frame-view and current technology have inconsistency: Fat table contents are different. (FRAM-054)
Warning: Technology 'saed32nm_1p9m.tf' used for frame-view creation in library 'saed32_hvt|saed32_hvt_lsdn', is inconsistent with the current technology 'saed32nm_1p9m.tf' of library "zigbee_F.dlib'. (NDM-102)
Warning: Technology used to create frame-view and current technology have inconsistency: Fat table contents are different. (FRAM-054)
Warning: Technology 'saed32nm_1p9m.tf' used for frame-view creation in library 'saed32_hvt|saed32_hvt_lsup', is inconsistent with the current technology 'saed32nm_1p9m.tf' of library "zigbee_F.dlib'. (NDM-102)
Warning: Technology used to create frame-view and current technology have inconsistency: Fat table contents are different. (FRAM-054)
Warning: Technology 'saed32nm_1p9m.tf' used for frame-view creation in library 'saed32_iodrivers', is inconsistent with the current technology 'saed32nm_1p9m.tf' of library "zigbee_F.dlib'. (NDM-102)
Warning: Technology used to create frame-view and current technology have inconsistency: Fat table contents are different. (FRAM-054)
Warning: Technology 'saed32nm_1p9m.tf' used for frame-view creation in library 'saed32_lvt|saed32_lvt_std', is inconsistent with the current technology 'saed32nm_1p9m.tf' of library "zigbee_F.dlib'. (NDM-102)
Warning: Technology used to create frame-view and current technology have inconsistency: Fat table contents are different. (FRAM-054)
Warning: Technology 'saed32nm_1p9m.tf' used for frame-view creation in library 'saed32_lvt|saed32_lvt_pg', is inconsistent with the current technology 'saed32nm_1p9m.tf' of library "zigbee_F.dlib'. (NDM-102)
Warning: Technology used to create frame-view and current technology have inconsistency: Fat table contents are different. (FRAM-054)
Warning: Technology 'saed32nm_1p9m.tf' used for frame-view creation in library 'saed32_lvt|saed32_lvt_lsdn', is inconsistent with the current technology 'saed32nm_1p9m.tf' of library "zigbee_F.dlib'. (NDM-102)
Warning: Technology used to create frame-view and current technology have inconsistency: Fat table contents are different. (FRAM-054)
Warning: Technology 'saed32nm_1p9m.tf' used for frame-view creation in library 'saed32_lvt|saed32_lvt_lsup', is inconsistent with the current technology 'saed32nm_1p9m.tf' of library "zigbee_F.dlib'. (NDM-102)
Warning: Technology used to create frame-view and current technology have inconsistency: Fat table contents are different. (FRAM-054)
Warning: Technology 'saed32nm_1p9m.tf' used for frame-view creation in library 'saed32_rvt|saed32_rvt_std', is inconsistent with the current technology 'saed32nm_1p9m.tf' of library "zigbee_F.dlib'. (NDM-102)
Warning: Technology used to create frame-view and current technology have inconsistency: Fat table contents are different. (FRAM-054)
Warning: Technology 'saed32nm_1p9m.tf' used for frame-view creation in library 'saed32_rvt|saed32_rvt_pg', is inconsistent with the current technology 'saed32nm_1p9m.tf' of library "zigbee_F.dlib'. (NDM-102)
Warning: Technology used to create frame-view and current technology have inconsistency: Fat table contents are different. (FRAM-054)
Warning: Technology 'saed32nm_1p9m.tf' used for frame-view creation in library 'saed32_rvt|saed32_rvt_lsdn', is inconsistent with the current technology 'saed32nm_1p9m.tf' of library "zigbee_F.dlib'. (NDM-102)
Warning: Technology used to create frame-view and current technology have inconsistency: Fat table contents are different. (FRAM-054)
Warning: Technology 'saed32nm_1p9m.tf' used for frame-view creation in library 'saed32_rvt|saed32_rvt_lsup', is inconsistent with the current technology 'saed32nm_1p9m.tf' of library "zigbee_F.dlib'. (NDM-102)
Warning: Technology used to create frame-view and current technology have inconsistency: Fat table contents are different. (FRAM-054)
Warning: Technology 'saed32nm_1p9m.tf' used for frame-view creation in library 'saed32_sram_lp', is inconsistent with the current technology 'saed32nm_1p9m.tf' of library "zigbee_F.dlib'. (NDM-102)
Information: User units loaded from library 'saed32_hvt|saed32_hvt_std' (LNK-040)
Opening block 'zigbee_F.dlib:zigbee_F_cts.design' in edit mode
Information: loading PG routing via master rules, patterns, strategies and strategy via rules.
{zigbee_F.dlib:zigbee_F_cts.design}
##### Copy The Last Stage's Block to a new one to start Editing #####
copy_block    -from_block   ${top_module}_${param}.dlib:${top_module}_${param}_${prev_stage}.design               -to           ${top_module}_${param}.dlib:${top_module}_${param}_${current_stage}.design
Information: Overwriting block 'zigbee_F_routing.design' in library 'zigbee_F.dlib'. (DES-025)
{zigbee_F.dlib:zigbee_F_routing.design}
##### Change The Current Block #####
current_block ${top_module}_${param}_${current_stage}.design
{zigbee_F.dlib:zigbee_F_routing.design}
###################################################################################
#########################################################
#### Section 3 : Tool Setup ####
#########################################################
####################################################################################
##### For MultiThreading #####
set_host_options -max_cores 12
1
###################################################################################
#########################################################
#### Section 4 : Pre_Route Checks ####
#########################################################
####################################################################################
check_routability
Using libraries: zigbee_F.dlib bumps saed32_1p9m_tech saed32_hvt saed32_iodrivers saed32_lvt saed32_rvt saed32_sram_lp
Warning: In library zigbee_F.dlib, no block views exist for block zigbee. (LNK-064)
Visiting block zigbee_F.dlib:zigbee_F_routing.design
Design 'zigbee' was successfully linked.
Warning: Cell contains tie connections which are not connected to real PG. (ZRT-511)
Turn off antenna since no rule is specified
Cell Min-Routing-Layer = M3
Cell Max-Routing-Layer = M7
Warning: Cannot find a default contact code for layer CO. (ZRT-022)
rule clk_network_NDR_leaf equivalent to default rule
Warning: Ignore 2 top cell ports with no pins. (ZRT-027)
Info: number of net_type_blockage: 0 
soft rule ICC2_GENERATED_DEFAULT_SPACING_RULE_3_8_wire is redundant
soft rule LOPT_M3_M7_3_8_wire is redundant
soft rule LOPT_M6_M7_3_8_wire is redundant
Printing options for 'route.common.*'

Printing options for 'route.detail.*'
detail.antenna                                          :	 true                
detail.force_end_on_preferred_grid                      :	 true                

Printing options for 'route.auto_via_ladder.*'


============================================
==  Check for overlap of standard cells   ==
============================================

>>>>>> No overlap of standard cells found

============================================
==     Check for min-grid violations      ==
============================================

>>>>>> No min-grid violations found


============================================
==    Check for out-of-boundary ports     ==
============================================

>>>>>> No out-of-boundary error found

============================================
==        Check for blocked ports         ==
============================================

>>>>>> Port might be blocked by layer constraints - min/max and freeze layer settings

>>>>>> Port might be blocked by check port access

>>>>>> No blocked ports found

>>>>>> Net blocked by layer constraints - min/max and freeze layer settings

>>>>>> No blocked nets found

============================================
==     Check for shielding violations     ==
============================================

>>>>>> The following Non-PG net has a shape with shape_use shield_route

>>> No non-PG net has a shape with shape_use shield_route.

>>>>>> The following PG net has shape with shape_use detail_route and shape length is too long.

>>> No PG net has shape with shape_use detail_route and shape length is too long.

>>>>>> The following nets with shield non-default rule has no internal data representation in Zroute.

>>> No nets with shield non-default rule has no internal data representation in Zroute.

============================================
==     Check for via cut blockage violation   ==
============================================

>>>>>> The following via cut blockages are wrongly treated as real vias.

>>> No via cut blockage is wrongly treated as real via.

============================================
==     Check for custom via definition    ==
============================================

>>> No custom via definition has too many cuts

============================================
==          Check for via master          ==
============================================

>>> The total number of via master definition is 306

===============================================
==     Check non-default rule setting        ==
===============================================

>>> No NDR width is larger than signalRouteMaxWidth

>>> No NDR shield width is larger than signalRouteMaxWidth

End of check_routability
check_design  -checks pre_route_stage
****************************************
 Report : check_design 
 Options: { pre_route_stage }
 Design : zigbee
 Version: O-2018.06-SP1
 Date   : Mon Sep 21 04:56:19 2026
****************************************

Running mega-check 'pre_route_stage': 
    Running atomic-check 'design_mismatch'
    Running atomic-check 'scan_chain'
    Running atomic-check 'mv_design'
    Running atomic-check 'design_extraction'
    Running atomic-check 'timing'
    Running atomic-check 'routability'
    Running atomic-check 'hier_pre_route'

  *** EMS Message summary ***
  ----------------------------------------------------------------------------------------------------
  Rule         Type   Count      Message
  ----------------------------------------------------------------------------------------------------
  DFT-011      Info   1          The design has no scan chain defined in the scandef.
  NEX-048      Error  1          Port shape or size is abnormal for port '%portName'.
  TCK-001      Warn   195        The reported endpoint '%endpoint' is unconstrained. Reason: '%re...
  TCK-002      Warn   3          The register clock pin '%pin' has no fanin clocks. Mode:'%mode'.
  ----------------------------------------------------------------------------------------------------
  Total 200 EMS messages : 1 errors, 198 warnings, 1 info.
  ----------------------------------------------------------------------------------------------------

  *** Non-EMS message summary ***
  ----------------------------------------------------------------------------------------------------
  Rule         Type   Count      Message
  ----------------------------------------------------------------------------------------------------
  PVT-030             1          Corner %s:  %d process number, %d process label, %d voltage, and...
  PVT-031             1          %d cells affected for early, %d for late.
  PVT-034             1          %d port driving_cells affected for early, %d for late.
  ZRT-022             1          Cannot find a default contact code for layer %s.
  ZRT-027             1          Ignore %d top cell ports with no pins.
  ZRT-511             1          Cell contains tie connections which are not connected to real PG.
  ----------------------------------------------------------------------------------------------------
  Total 6 non-EMS messages : 0 errors, 6 warnings, 0 info.
  ----------------------------------------------------------------------------------------------------

Warning: EMS database "check_design.ems" already exists, over-writing it. (EMS-040)

Information: EMS database is saved to file 'check_design.ems'.
Information: Non-EMS messages are saved into file 'check_design2026Sep21045619.log'.
1
set_ignored_layers -max M9 -min M2
1
###################################################################################
#########################################################
#### Section 5 : App Options ####
#########################################################
####################################################################################
##### Enable Timing Driven #####
set_app_options -name route.global.timing_driven                            -value true
route.global.timing_driven true
set_app_options -name route.track.timing_driven                             -value true
route.track.timing_driven true
set_app_options -name route.detail.timing_driven                            -value true
route.detail.timing_driven true
##### Enable Cross-Talk aware Routing #####
set_app_options -name route.global.crosstalk_driven                         -value true
route.global.crosstalk_driven true
set_app_options -name route.track.crosstalk_driven                          -value true
route.track.crosstalk_driven true
##### Timing Analysis #####
set_app_options -name time.si_enable_analysis                               -value true
time.si_enable_analysis true
set_app_options -name time.all_clocks_propagated                            -value true
time.all_clocks_propagated true
##### Improve DRC Convergence #####
set_app_options -name route.detail.eco_max_number_of_iterations             -value 60
route.detail.eco_max_number_of_iterations 60
set_app_options -name route.detail.drc_convergence_effort_level             -value high
route.detail.drc_convergence_effort_level high
set_app_options -name route.detail.check_patchable_drc_from_fixed_shapes    -value true
route.detail.check_patchable_drc_from_fixed_shapes true
##### Enable CCD #####
set_app_options -name route_opt.flow.enable_ccd                             -value true
route_opt.flow.enable_ccd true
set_app_options -name route_opt.flow.enable_ccd_clock_drc_fixing            -value auto
route_opt.flow.enable_ccd_clock_drc_fixing auto
set_app_options -name refine_opt.hold.effort                                -value "high"
refine_opt.hold.effort high
set_app_options -list {route_opt.flow.enable_cto                                    {true}}
route_opt.flow.enable_cto true
set_app_options -list {route_opt.flow.enable_targeted_ccd_wns_optimization          {true}}
route_opt.flow.enable_targeted_ccd_wns_optimization true
set_app_options -list {route_opt.flow.enable_ccd                                    {true}}
route_opt.flow.enable_ccd true
##### Prefix Routing #####
set_app_options -name opt.common.user_instance_name_prefix                          -value "ROUTE_"
opt.common.user_instance_name_prefix ROUTE_
###################################################################################
#########################################################
#### Section 6 : Routing Optimisation ####
#########################################################
####################################################################################
route_opt
Route-opt command begin                   CPU:    21 s (  0.01 hr )  ELAPSE:    22 s (  0.01 hr )  MEM-PEAK:   777 MB
Information: The stitching and editing of coupling caps is turned ON for design 'zigbee_F.dlib:zigbee_F_routing.design'. (TIM-125)
Information: Design zigbee_F_routing has 47770 nets, 0 global routed, 1686 detail routed. (NEX-024)
Information: The RC mode used is CTO for design 'zigbee'. (NEX-022)
Information: Crosstalk analysis has been disabled. (TIM-114)
Information: Design Average RC for design zigbee_F_routing  (NEX-011)
Information: r = 1.066843 ohm/um, via_r = 0.484413 ohm/cut, c = 0.081244 ff/um, cc = 0.000000 ff/um (X dir) (NEX-017)
Information: r = 1.507492 ohm/um, via_r = 0.485660 ohm/cut, c = 0.093143 ff/um, cc = 0.000000 ff/um (Y dir) (NEX-017)
Information: Update timing completed net estimation for all the timing graph nets (TIM-111)
Information: Net estimation statistics: timing graph nets = 47768, routed nets = 1686, across physical hierarchy nets = 0, parasitics cached nets = 47768, delay annotated nets = 0, parasitics annotated nets = 0, multi-voltage nets = 0. (TIM-112)

Route-opt timing update complete          CPU:    26 s (  0.01 hr )  ELAPSE:    23 s (  0.01 hr )  MEM-PEAK:   777 MB

Route-opt initial QoR
_____________________
Scenario Mapping Table
1: default

Pathgroup Mapping Table
1: **default**
2: **async_default**
3: **clock_gating_default**
4: **in2reg_default**
5: **reg2out_default**
6: **in2out_default**
7: clk

-----------------------------------------------------------------------------------------------------------
Scene  PG      WNS        TNS    NSV      WHV        THV    NHV
    1   1   0.0000     0.0000      0   0.0000     0.0000      0
    1   2   0.0000     0.0000      0   0.0000     0.0000      0
    1   3   0.0000     0.0000      0   0.0000     0.0000      0
    1   4   0.0000     0.0000      0   0.0000     0.0000      0
    1   5   0.0000     0.0000      0   0.0000     0.0000      0
    1   6   0.0000     0.0000      0   0.0000     0.0000      0
    1   7   0.0000     0.0000      0   0.2292     1.3377     97
--------------------------------------------------------------------------------------------------------------------
Scene  PG      WNS        TNS    NSV      WHV        THV    NHV  MaxTrnV  MaxCapV    Leakage
    1   *   0.0000     0.0000      0   0.2292     1.3377     97        -        -          -
--------------------------------------------------------------------------------------------------------------------
Scene  PG      WNS        TNS    NSV      WHV        THV    NHV  MaxTrnV  MaxCapV    Leakage         Area    InstCnt
    *   *   0.0000     0.0000      0   0.2292     1.3377     97        -        -          -    221115.45      47554
--------------------------------------------------------------------------------------------------------------------

Route-opt initial QoR Summary       WNS        TNS    NSV      WHV        THV    NHV  MaxTrnV  MaxCapV    Leakage         Area    InstCnt
Route-opt initial QoR Summary    0.0000     0.0000      0   0.2292     1.3377     97        -        -          -    221115.45      47554
Information: The netlist and extraction change observers are disabled for further incremental timing updates during on-route optimization. (TIM-119)
INFO: using 12 threads
Route-opt initialization complete         CPU:    27 s (  0.01 hr )  ELAPSE:    24 s (  0.01 hr )  MEM-PEAK:   777 MB
Use advanced legalizer engine : 0
Route-opt optimization summary            SETUP-COST HOLD-COST LDRC-COST        AREA       POWER     ELAPSE (hr)
Warning: Some nets are not fully connected before route_opt. Some examples of open nets are listed below. (ROPT-004)
  symbol_mapper_to_ppdu/u_form_ppdu/net_aps_42
  payload[7]
  payload[6]
  payload[5]
  payload[4]
  payload[3]
  payload[2]
  payload[1]
  payload[0]
  payload_length[6]
Warning: Many nets are not fully detailed routed. Some examples are listed below. (ROPT-006)
  symbol_mapper_to_ppdu/u_form_ppdu/net_aps_42
  payload[7]
  payload[6]
  payload[5]
  payload[4]
  payload[3]
  payload[2]
  payload[1]
  payload[0]
  payload_length[6]
Timing-driven drc fixing is enabled, post-route clock optimization is skipped.

Route-opt optimization Phase 1 Iter  1          0.00      1.47         -       0.221           -           0.007
Begin building search trees for block zigbee_F.dlib:SCRATCH_DESIGN_2147483649.design
Done building search trees for block zigbee_F.dlib:SCRATCH_DESIGN_2147483649.design (time 0s)
Begin building search trees for block zigbee_F.dlib:SCRATCH_DESIGN_2147483650.design
Begin building search trees for block zigbee_F.dlib:SCRATCH_DESIGN_2147483651.design
Done building search trees for block zigbee_F.dlib:SCRATCH_DESIGN_2147483651.design (time 0s)
Begin building search trees for block zigbee_F.dlib:SCRATCH_DESIGN_2147483653.design
Begin building search trees for block zigbee_F.dlib:SCRATCH_DESIGN_2147483654.design
Begin building search trees for block zigbee_F.dlib:SCRATCH_DESIGN_2147483656.design
Begin building search trees for block zigbee_F.dlib:SCRATCH_DESIGN_2147483655.design
Begin building search trees for block zigbee_F.dlib:SCRATCH_DESIGN_2147483657.design
Begin building search trees for block zigbee_F.dlib:SCRATCH_DESIGN_2147483648.design
Begin building search trees for block zigbee_F.dlib:SCRATCH_DESIGN_2147483658.design
Begin building search trees for block zigbee_F.dlib:SCRATCH_DESIGN_2147483659.design
Done building search trees for block zigbee_F.dlib:SCRATCH_DESIGN_2147483659.design (time 0s)
Begin building search trees for block zigbee_F.dlib:SCRATCH_DESIGN_2147483652.design
Done building search trees for block zigbee_F.dlib:SCRATCH_DESIGN_2147483652.design (time 0s)
Done building search trees for block zigbee_F.dlib:SCRATCH_DESIGN_2147483654.design (time 0s)
Done building search trees for block zigbee_F.dlib:SCRATCH_DESIGN_2147483656.design (time 0s)
Done building search trees for block zigbee_F.dlib:SCRATCH_DESIGN_2147483655.design (time 0s)
Done building search trees for block zigbee_F.dlib:SCRATCH_DESIGN_2147483657.design (time 0s)
Done building search trees for block zigbee_F.dlib:SCRATCH_DESIGN_2147483648.design (time 0s)
Done building search trees for block zigbee_F.dlib:SCRATCH_DESIGN_2147483658.design (time 0s)
Done building search trees for block zigbee_F.dlib:SCRATCH_DESIGN_2147483650.design (time 0s)
Done building search trees for block zigbee_F.dlib:SCRATCH_DESIGN_2147483653.design (time 0s)

Route-opt optimization Phase 2 Iter  1          0.00      1.47         0       0.220           -           0.008

Route-opt optimization Phase 3 Iter  1          0.00      1.47         0       0.220           -           0.008
Route-opt optimization Phase 3 Iter  2          0.00      1.47         0       0.220           -           0.008
Route-opt optimization Phase 3 Iter  3          0.00      1.47         0       0.220           -           0.008
Route-opt optimization Phase 3 Iter  4          0.00      1.47         0       0.220           -           0.008
Route-opt optimization Phase 3 Iter  5          0.00      1.47         0       0.220           -           0.008
Route-opt optimization Phase 3 Iter  6          0.00      1.47         0       0.220           -           0.008
Route-opt optimization Phase 3 Iter  7          0.00      1.47         0       0.220           -           0.008

Route-opt optimization Phase 4 Iter  1          0.00      1.47         0       0.220           -           0.008
Begin building search trees for block zigbee_F.dlib:SCRATCH_DESIGN_2147483648.design
Begin building search trees for block zigbee_F.dlib:SCRATCH_DESIGN_2147483649.design
Begin building search trees for block zigbee_F.dlib:SCRATCH_DESIGN_2147483651.design
Begin building search trees for block zigbee_F.dlib:SCRATCH_DESIGN_2147483650.design
Begin building search trees for block zigbee_F.dlib:SCRATCH_DESIGN_2147483652.design
Begin building search trees for block zigbee_F.dlib:SCRATCH_DESIGN_2147483653.design
Begin building search trees for block zigbee_F.dlib:SCRATCH_DESIGN_2147483654.design
Begin building search trees for block zigbee_F.dlib:SCRATCH_DESIGN_2147483655.design
Begin building search trees for block zigbee_F.dlib:SCRATCH_DESIGN_2147483656.design
Done building search trees for block zigbee_F.dlib:SCRATCH_DESIGN_2147483648.design (time 0s)
Begin building search trees for block zigbee_F.dlib:SCRATCH_DESIGN_2147483658.design
Begin building search trees for block zigbee_F.dlib:SCRATCH_DESIGN_2147483659.design
Done building search trees for block zigbee_F.dlib:SCRATCH_DESIGN_2147483649.design (time 0s)
Done building search trees for block zigbee_F.dlib:SCRATCH_DESIGN_2147483651.design (time 0s)
Done building search trees for block zigbee_F.dlib:SCRATCH_DESIGN_2147483650.design (time 0s)
Done building search trees for block zigbee_F.dlib:SCRATCH_DESIGN_2147483652.design (time 0s)
Done building search trees for block zigbee_F.dlib:SCRATCH_DESIGN_2147483653.design (time 0s)
Done building search trees for block zigbee_F.dlib:SCRATCH_DESIGN_2147483654.design (time 0s)
Done building search trees for block zigbee_F.dlib:SCRATCH_DESIGN_2147483655.design (time 0s)
Done building search trees for block zigbee_F.dlib:SCRATCH_DESIGN_2147483656.design (time 0s)
Done building search trees for block zigbee_F.dlib:SCRATCH_DESIGN_2147483658.design (time 0s)
Done building search trees for block zigbee_F.dlib:SCRATCH_DESIGN_2147483659.design (time 0s)
Route-opt optimization Phase 4 Iter  2          0.00      1.43         0       0.220           -           0.008

Route-opt optimization Phase 5 Iter  1          0.00      1.43         0       0.220           -           0.008
Information: CTS will work on the following scenarios. (CTS-101)
   default	(Mode: default; Corner: default)
Information: CTS will work on all clocks in active scenarios, including 1 master clocks and 0 generated clocks. (CTS-107)
Information: Clock derating is enabled

CTS related app options set by user:
   cts.common.max_fanout = 5
   cts.common.max_net_length = 100
   cts.common.user_instance_name_prefix = CTS_
   cts.compile.enable_global_route = true
   cts.compile.remove_existing_clock_trees = true

Buffer/Inverter reference list for clock tree synthesis:
   saed32_hvt|saed32_hvt_std/NBUFFX16_HVT
   saed32_hvt|saed32_hvt_std/NBUFFX2_HVT
   saed32_hvt|saed32_hvt_std/NBUFFX4_HVT
   saed32_hvt|saed32_hvt_std/NBUFFX8_HVT
   saed32_lvt|saed32_lvt_std/NBUFFX16_LVT
   saed32_lvt|saed32_lvt_std/NBUFFX2_LVT
   saed32_lvt|saed32_lvt_std/NBUFFX4_LVT
   saed32_lvt|saed32_lvt_std/NBUFFX8_LVT
   saed32_rvt|saed32_rvt_std/NBUFFX16_RVT
   saed32_rvt|saed32_rvt_std/NBUFFX2_RVT
   saed32_rvt|saed32_rvt_std/NBUFFX4_RVT
   saed32_rvt|saed32_rvt_std/NBUFFX8_RVT
   saed32_hvt|saed32_hvt_std/IBUFFX16_HVT
   saed32_hvt|saed32_hvt_std/IBUFFX2_HVT
   saed32_hvt|saed32_hvt_std/IBUFFX4_HVT
   saed32_hvt|saed32_hvt_std/IBUFFX8_HVT
   saed32_hvt|saed32_hvt_std/INVX16_HVT
   saed32_hvt|saed32_hvt_std/INVX2_HVT
   saed32_hvt|saed32_hvt_std/INVX4_HVT
   saed32_hvt|saed32_hvt_std/INVX8_HVT
   saed32_lvt|saed32_lvt_std/IBUFFX16_LVT
   saed32_lvt|saed32_lvt_std/IBUFFX2_LVT
   saed32_lvt|saed32_lvt_std/IBUFFX4_LVT
   saed32_lvt|saed32_lvt_std/IBUFFX8_LVT
   saed32_lvt|saed32_lvt_std/INVX16_LVT
   saed32_lvt|saed32_lvt_std/INVX2_LVT
   saed32_lvt|saed32_lvt_std/INVX4_LVT
   saed32_lvt|saed32_lvt_std/INVX8_LVT
   saed32_rvt|saed32_rvt_std/IBUFFX16_RVT
   saed32_rvt|saed32_rvt_std/IBUFFX2_RVT
   saed32_rvt|saed32_rvt_std/IBUFFX4_RVT
   saed32_rvt|saed32_rvt_std/IBUFFX8_RVT
   saed32_rvt|saed32_rvt_std/INVX16_RVT
   saed32_rvt|saed32_rvt_std/INVX2_RVT
   saed32_rvt|saed32_rvt_std/INVX4_RVT
   saed32_rvt|saed32_rvt_std/INVX8_RVT
There is no CTS reference for ICG cells
There is no CTS reference for register cells
Information: 'default' is identified as primary corner for initial clock tree building. (CTS-103)
Number of Site types in the design = 1
Setting up Chip Core
Chip Core shape: (100000 100000) (5222400 5216320)
Number of unique PDs = 1
Number of Power Domains = 1
Number of Voltage Areas = 1
Number of supply Nets = 2
Number of used supplies = 2
CTS NDR rule list:
   Clock: clk (mode default); Net Type: sink;     Rule: clk_network_NDR_leaf; Min Layer: M1; Max Layer: M3
   Clock: clk (mode default); Net Type: internal; Rule: clk_network_NDR_internal; Min Layer: M3; Max Layer: M6
   Clock: clk (mode default); Net Type: root;     Rule: clk_network_NDR_root; Min Layer: M6; Max Layer: M7

Clock cell spacing rule list:
   No clock cell spacing rule is found.
Warning: Power CCD will be skipped because there is no dynamic power scenario detected !
Scenario default::default : setup = true, hold = true
Begin building search trees for block zigbee_F.dlib:zigbee_F_routing.design
Done building search trees for block zigbee_F.dlib:zigbee_F_routing.design (time 0s)
Drc Mode Option: auto
Use advanced legalizer engine : 0
Warning: Routing direction of metal layer PO is neither "horizontal" nor "vertical".  PDC checks will not be performed on this layer. (PDC-003)
PDC app_options settings =========
	place.legalize.enable_prerouted_net_check: 1

Expand check halo by 0.1520 x 0.1520
Scanning PG objects...
PG hash cached 2 nets; 11 viaBoxes; 0 viaMatrices.
PG scanned 280 objects; 79325 vias; 0 staples.
PG scan complete.  Hash key = eb822d0a7a433e8c
Reading PG structure for 'zigbee_F.dlib:zigbee_F_routing.design'
Layer M1: read 0 secDefs  0 sectors
Layer M2: read 6 secDefs  31776 sectors
Layer M3: read 6 secDefs  31776 sectors
Layer M4: read 6 secDefs  31776 sectors
Layer M5: read 6 secDefs  31776 sectors
Layer M6: read 6 secDefs  31776 sectors
Layer M7: read 6 secDefs  31776 sectors
Layer M8: read 12 secDefs  21253 sectors
Layer M9: read 23 secDefs  4969 sectors
Layer MRDL: read 0 secDefs  0 sectors

Sector Array Stats:
Num Sectors: 216878
Num SecDefs:    71
Shared: 63 count; 3442.4 ave; 5390 max
SecDef Shapes: 51 Below-aligned, 0 Above-aligned, 12 Horizontal, 8 Vertical
Referenced Patterns: 4 count; 2.0 ave; 2 max

Place Cache read: 46783 elements -- 8 drcFail 46775 drcOk
Place Cache read: 94 libcells referenced from 2 libs
Place Cache read: used 6 of 71 total secDefs
Access Cache read: 48680 elements -- 3490 drcFail 45190 drcOk
Access Cache read: 118 libcells referenced from 3 libs
Access Cache read: used 6 of 71 total secDefs
Connection checks for layer M2: blocked_pin pin_access_default track_drc pin_extend0
Connection checks for layer M3: blocked_pin pin_access_default track_drc pin_extend1
Connection checks for layer M4: blocked_pin pin_access_default track_drc pin_extend1
Connection checks for layer M5: blocked_pin pin_access_default track_drc pin_extend1
Information: Legalizer's PDC rule check is enabled
Information: Legalizer's advanced rule check is enabled
CCD initialization runtime: cpu 1.331709, elapsed 1.255891, speed up 1.060370.

CCD app options set by user:
   clock_opt.flow.enable_ccd = true
   clock_opt.flow.enable_clock_power_recovery = area
   clock_opt.flow.optimize_ndr = true
   clock_opt.hold.effort = high
CCD: using 12 threads
CTSSC route status detected: clock (VR 0, GR 0, DR 35910), data (VR 46148, GR 0, DR 0); stage = postroute, isPostRoute = TRUE
Total power = 0.000000, Leakage = 0.000000, Internal = 0.000000, Switching = 0.000000

CCD: Initial QOR:
    Scenario default  WNS = 0.000000, WEIGHTED_GROUP_SLACK = 0.000000, TNS = 0.000000, NVP = 0
    Scenario default  WNHS = 0.229216, TNHS = 1.304899, NHVP = 51
RepeaterCount 1685, RepeaterArea 2881.992960, CellCount 1685, CellArea 2881.992960, FlopCount 6154, FlopArea 40768.763904, LatchCount 0, LatchArea 0.000000
Total power = 0.000000, Leakage = 0.000000, Internal = 0.000000, Switching = 0.000000

CCD: Before drc optimization


    Optimization Summary 		

-------------------------------------------------

	# Drivers Attempted               =          0
	# Skipped during isValid and estimate          =          0
	# Failed subgraph evaluation           =          0
	# Failed main graph committ          =          0
	# Successful main graph commit      =          0
	# NumCTCells changed               =          0


	# Flow total CPU                  =     0.1006
	# Flow total elapsed                  =     0.1006
	# Flow total speed up                =     1.0002

-------------------------------------------------


CCD: After drc optimization:
    Scenario default  WNS = 0.000000, WEIGHTED_GROUP_SLACK = 0.000000, TNS = 0.000000, NVP = 0
    Scenario default  WNHS = 0.229216, TNHS = 1.304899, NHVP = 51
RepeaterCount 1685, RepeaterArea 2881.992960, CellCount 1685, CellArea 2881.992960, FlopCount 6154, FlopArea 40768.763904, LatchCount 0, LatchArea 0.000000
Total power = 0.000000, Leakage = 0.000000, Internal = 0.000000, Switching = 0.000000


    Optimization Summary 		

-------------------------------------------------

	# Drivers Attempted               =         31
	# Skipped during isValid and estimate          =         31
	# Failed subgraph evaluation           =          0
	# Failed main graph committ          =          0
	# Successful main graph commit      =          0
	# NumCTCells changed               =          0


	# Flow total CPU                  =     3.6935
	# Flow total elapsed                  =     0.6104
	# Flow total speed up                =     6.0508

-------------------------------------------------


CCD: After CG based optimization:
    Scenario default  WNS = 0.000000, WEIGHTED_GROUP_SLACK = 0.000000, TNS = 0.000000, NVP = 0
    Scenario default  WNHS = 0.229216, TNHS = 1.304899, NHVP = 51
RepeaterCount 1685, RepeaterArea 2881.992960, CellCount 1685, CellArea 2881.992960, FlopCount 6154, FlopArea 40768.763904, LatchCount 0, LatchArea 0.000000
Total power = 0.000000, Leakage = 0.000000, Internal = 0.000000, Switching = 0.000000

    Optimization Summary 		

-------------------------------------------------

	# Drivers Attempted               =          0
	# Skipped during isValid and estimate          =          0
	# Failed subgraph evaluation           =          0
	# Failed main graph committ          =          0
	# Successful main graph commit      =          0
	# NumCTCells changed               =          0


	# Flow total CPU                  =     0.0722
	# Flow total elapsed                  =     0.0722
	# Flow total speed up                =     1.0002

-------------------------------------------------


CCD: After WNS optimization (wns opto):
    Scenario default  WNS = 0.000000, WEIGHTED_GROUP_SLACK = 0.000000, TNS = 0.000000, NVP = 0
    Scenario default  WNHS = 0.229216, TNHS = 1.304899, NHVP = 51
RepeaterCount 1685, RepeaterArea 2881.992960, CellCount 1685, CellArea 2881.992960, FlopCount 6154, FlopArea 40768.763904, LatchCount 0, LatchArea 0.000000
Total power = 0.000000, Leakage = 0.000000, Internal = 0.000000, Switching = 0.000000
Warning: There is no specified path groups or end points.

CCD: After targeted wns optimization:
    Scenario default  WNS = 0.000000, WEIGHTED_GROUP_SLACK = 0.000000, TNS = 0.000000, NVP = 0
    Scenario default  WNHS = 0.229216, TNHS = 1.304899, NHVP = 51
RepeaterCount 1685, RepeaterArea 2881.992960, CellCount 1685, CellArea 2881.992960, FlopCount 6154, FlopArea 40768.763904, LatchCount 0, LatchArea 0.000000
Total power = 0.000000, Leakage = 0.000000, Internal = 0.000000, Switching = 0.000000
 CCD flow runtime: cpu 4.294106, elapsed 1.253337, speed up 3.426138.
Place Cache save: 46823 elements -- 8 drcFail 46815 drcOk
Place Cache save: 98 libcells referenced from 2 libs
Place Cache save: used 6 of 71 total secDefs
Access Cache save: 48722 elements -- 3490 drcFail 45232 drcOk
Access Cache save: 122 libcells referenced from 3 libs
Access Cache save: used 6 of 71 total secDefs
NPLDRC Place Cache: unique cache elements 46823
NPLDRC Place Cache: read cache elements 46783
NPLDRC Place Cache: hit rate  99.9%  (40 / 33443)
NPLDRC Access Cache: unique cache elements 48722
NPLDRC Access Cache: read cache elements 48680
NPLDRC Access Cache: hit rate  99.9%  (42 / 34986)
NPLDRC Pin Status Cache: no calls
NPLDRC Multi Cell Cache: no calls
NPLDRC ViaLadder Cache: no calls
Mark clock trees...
Marking clock synthesized attributes

Rebuilding Cell-Density Map
Use advanced legalizer engine : 0

Route-opt optimization Phase 6 Iter  1          0.00      1.43         0       0.220           -           0.009

Route-opt optimization Phase 7 Iter  1          0.00      1.43         0       0.220           -           0.009
Begin building search trees for block zigbee_F.dlib:SCRATCH_DESIGN_2147483650.design
Begin building search trees for block zigbee_F.dlib:SCRATCH_DESIGN_2147483659.design
Begin building search trees for block zigbee_F.dlib:SCRATCH_DESIGN_2147483649.design
Begin building search trees for block zigbee_F.dlib:SCRATCH_DESIGN_2147483651.design
Begin building search trees for block zigbee_F.dlib:SCRATCH_DESIGN_2147483652.design
Begin building search trees for block zigbee_F.dlib:SCRATCH_DESIGN_2147483653.design
Begin building search trees for block zigbee_F.dlib:SCRATCH_DESIGN_2147483655.design
Begin building search trees for block zigbee_F.dlib:SCRATCH_DESIGN_2147483654.design
Begin building search trees for block zigbee_F.dlib:SCRATCH_DESIGN_2147483656.design
Begin building search trees for block zigbee_F.dlib:SCRATCH_DESIGN_2147483658.design
Begin building search trees for block zigbee_F.dlib:SCRATCH_DESIGN_2147483648.design
Done building search trees for block zigbee_F.dlib:SCRATCH_DESIGN_2147483650.design (time 0s)
Begin building search trees for block zigbee_F.dlib:SCRATCH_DESIGN_2147483657.design
Done building search trees for block zigbee_F.dlib:SCRATCH_DESIGN_2147483657.design (time 0s)
Done building search trees for block zigbee_F.dlib:SCRATCH_DESIGN_2147483649.design (time 0s)
Done building search trees for block zigbee_F.dlib:SCRATCH_DESIGN_2147483651.design (time 0s)
Done building search trees for block zigbee_F.dlib:SCRATCH_DESIGN_2147483652.design (time 0s)
Done building search trees for block zigbee_F.dlib:SCRATCH_DESIGN_2147483653.design (time 0s)
Done building search trees for block zigbee_F.dlib:SCRATCH_DESIGN_2147483655.design (time 0s)
Done building search trees for block zigbee_F.dlib:SCRATCH_DESIGN_2147483654.design (time 0s)
Done building search trees for block zigbee_F.dlib:SCRATCH_DESIGN_2147483656.design (time 0s)
Done building search trees for block zigbee_F.dlib:SCRATCH_DESIGN_2147483658.design (time 0s)
Done building search trees for block zigbee_F.dlib:SCRATCH_DESIGN_2147483648.design (time 0s)
Done building search trees for block zigbee_F.dlib:SCRATCH_DESIGN_2147483659.design (time 0s)
Route-opt optimization Phase 7 Iter  2          0.00      1.43         0       0.220           -           0.009

Route-opt optimization complete                 0.00      1.43         0       0.220           -           0.009
Generating Timing information  
Design  Scenario default (Mode default Corner default)
Estimated unitRes/unitCap :
Layer M1 : Res  2 ohm/um Cap  0.149907 ff/um
Layer M2 : Res  1.78571 ohm/um Cap  0.152807 ff/um
Layer M3 : Res  1.78571 ohm/um Cap  0.10377 ff/um
Layer M4 : Res  1.78571 ohm/um Cap  0.10376 ff/um
Layer M5 : Res  0.357143 ohm/um Cap  0.090434 ff/um
Layer M6 : Res  0.357143 ohm/um Cap  0.0904285 ff/um
Layer M7 : Res  0.0892857 ohm/um Cap  0.0888719 ff/um
Layer M8 : Res  0.0892857 ohm/um Cap  0.0880677 ff/um
Layer M9 : Res  0.0125 ohm/um Cap  0.102767 ff/um
Layer MRDL : Res  0.175 ohm/um Cap  0.107256 ff/um
Generating Timing information  ... Done
Information: The net parasitics of block zigbee are cleared. (TIM-123)

Route-opt route preserve complete         CPU:    72 s (  0.02 hr )  ELAPSE:    36 s (  0.01 hr )  MEM-PEAK:   923 MB
Information: The netlist and extraction change observers are enabled for further incremental timing updates. (TIM-120)
----------------------------------------------------------------
running legalize_placement
nplDplc2Placer::setParam(effort,1)
nplDplc2Placer::setParam(debug,0)
nplDplc2Placer::setParam(site_check,2)
nplDplc2Placer::setParam(app_firm_wgt,0)

Running Advanced Legalizer....
Begin building search trees for block zigbee_F.dlib:zigbee_F_routing.design
Done building search trees for block zigbee_F.dlib:zigbee_F_routing.design (time 0s)
INFO: Setting bounds and VA...
INFO: Setting up voltage area DEFAULT_VA
INFO: Setting up cell instances...
INFO: All fillers in the reference libraries will be considered during legalization/check legality
Information: Initializing site map 'unit' at {10 10} {522.24 521.632}.
INFO: Init siteMap unit with 3370 sites x 306 rows
Adding rule engine Basic Rules version 1.0.0...
Adding rule engine VT Implant Rules version 1.0.0...
Adding rule engine OD Rules version 1.0.0...
Adding rule engine TPO Rules version 1.0.0...
Adding rule engine Pin Access Rules version 1.0.0...
Adding rule engine Span Rules version 1.0.0...
Adding rule engine Index Rules version 1.0.0...
Adding rule engine Color Rules version 1.0.0...
Adding rule engine Inbound (PPNN) Rules version 1.0.0...
Adding rule engine PG DRC/VINS Rules version 1.0.0...
Adding rule engine Exp Rules version 1.0.0...
Adding rule engine N5 Soft Rules version 1.0.0...
2D rule auto detection will enable the following rules:
spacing_rule
pg_drc
INFO: Initializing CTS constraints...
WARNING: No via0 alignment grid is specified, via0 alignment rule will be ignored
WARNING: Please check place.legalize.via0_alignment_grid_name
Constructing pin color alignment legality info...
Initializing PG drc check engine...
Expand check halo by 0.1520 x 0.1520
Scanning PG objects...
PG hash cached 2 nets; 11 viaBoxes; 0 viaMatrices.
PG scanned 280 objects; 79325 vias; 0 staples.
PG scan complete.  Hash key = eb822d0a7a433e8c
Reading PG structure for 'zigbee_F.dlib:zigbee_F_routing.design'
Layer M1: read 0 secDefs  0 sectors
Layer M2: read 6 secDefs  31776 sectors
Layer M3: read 6 secDefs  31776 sectors
Layer M4: read 6 secDefs  31776 sectors
Layer M5: read 6 secDefs  31776 sectors
Layer M6: read 6 secDefs  31776 sectors
Layer M7: read 6 secDefs  31776 sectors
Layer M8: read 12 secDefs  21253 sectors
Layer M9: read 23 secDefs  4969 sectors
Layer MRDL: read 0 secDefs  0 sectors

Sector Array Stats:
Num Sectors: 216878
Num SecDefs:    71
Shared: 63 count; 3442.4 ave; 5390 max
SecDef Shapes: 51 Below-aligned, 0 Above-aligned, 12 Horizontal, 8 Vertical
Referenced Patterns: 4 count; 2.0 ave; 2 max

Place Cache read: 46823 elements -- 8 drcFail 46815 drcOk
Place Cache read: 98 libcells referenced from 2 libs
Place Cache read: used 6 of 71 total secDefs
Access Cache read: 48722 elements -- 3490 drcFail 45232 drcOk
Access Cache read: 122 libcells referenced from 3 libs
Access Cache read: used 6 of 71 total secDefs
Connection checks for layer M2: blocked_pin pin_access_default track_drc pin_extend0
Connection checks for layer M3: blocked_pin pin_access_default track_drc pin_extend1
Connection checks for layer M4: blocked_pin pin_access_default track_drc pin_extend1
Connection checks for layer M5: blocked_pin pin_access_default track_drc pin_extend1
INFO: Extracting M1 PG straps
INFO: Constructing BlkInst pin extension data for fast PG check
INFO: Constructing PG-Via/VIB/VINS layer info (VIA1/M2)...
INFO: PG-Via Abut check extension is 0
INFO: VIB check extension is 0
INFO: VINS check extension is 0
INFO: PG-Via(pg_via_abut) design rule for layer VIA1 and VIA1 not found
INFO: VIB(vib_abut) design rule for layer M2 and VIA1 not found
INFO: VINS(vins_abut) design rule for layer M2 and VIA1 not found
INFO: Enabling hard placement rule spacing_rule...
INFO: Enabling hard placement rule pg_drc...
INFO: Timing cost factor is 0
Information: Legalizing 45608 moveable cells.
..
Legalization progress 5%...
Legalization progress 10%...
Legalization progress 15%...
Legalization progress 20%...
Legalization progress 25%...
Legalization progress 30%...
Legalization progress 35%...
Legalization progress 40%...
Legalization progress 45%...
Legalization progress 50%...
Legalization progress 55%...
Legalization progress 60%...
Legalization progress 65%...
Legalization progress 70%...
Legalization progress 75%...
Legalization progress 80%...
Legalization progress 85%...
Legalization progress 90%...
Legalization progress 95%...
Legalization progress 100%.
10 references with the lowest legality passing rate:
AO22X2_HVT: 74.7% (56 / 75)
AO22X1_HVT: 99.3% (5717 / 5755)
AND2X1_HVT: 100.0% (540 / 540)
AND2X1_LVT: 100.0% (11 / 11)
AND2X2_HVT: 100.0% (2 / 2)
AND2X4_HVT: 100.0% (2 / 2)
AND2X4_LVT: 100.0% (1 / 1)
AND3X1_HVT: 100.0% (110 / 110)
AND3X1_LVT: 100.0% (1 / 1)
AND3X1_RVT: 100.0% (2 / 2)
================ Displacement Report =================
Area: placed=855719, unplaced=0, fixed=11340, blocked=0, total=1031220
Density = 867059/1031220 sites = 84.08%
Inbound cells: 0; 2-row cells: 0; >2-row cells: 0
    Total cell instance count: 47293 (45608 placed, 0 unplaced, 1685 fixed)
        Number of cells moved: 736 (1.56%)
    Average cell displacement: 0.0165 um (AW: 0.0111 um = 0.0066 rh)
        RMS cell displacement: 0.2070 um (AW: 0.1533 um = 0.0917 rh)
        Max cell displacement: 12.7118 um = 7.6027 rh
           Max displaced cell: DQPSK_CSK/Imag_Sync_FIFO/U889 (232.528 349.416)
Number of large displacements: 16
 Large displacement threshold: 3.0000 rh
 Largest displacement cells:
   Cell: DQPSK_CSK/Imag_Sync_FIFO/U889 (INVX1_HVT)
     Input location: (232.528 349.416)
     Legal location: (223.712 342.728)
     Displacement: 12.7118 um, 7.6027 rh.
   Cell: DQPSK_CSK/Imag_Sync_FIFO/PLACE_HFSINV_10946_3466 (INVX1_RVT)
     Input location: (209.272 356.104)
     Legal location: (201.824 352.76)
     Displacement: 7.6334 um, 4.5654 rh.
   Cell: payload_ram/PLACE_HFSINV_3041_687 (INVX1_RVT)
     Input location: (401.4 182.216)
     Legal location: (396.536 185.56)
     Displacement: 7.5359 um, 4.5071 rh.
   Cell: payload_ram/PLACE_HFSINV_104_398 (INVX1_RVT)
     Input location: (431.04 198.936)
     Legal location: (426.936 205.624)
     Displacement: 6.9870 um, 4.1789 rh.
   Cell: payload_ram/PLACE_HFSINV_57_117 (INVX1_RVT)
     Input location: (451.256 195.592)
     Legal location: (455.664 188.904)
     Displacement: 6.6776 um, 3.9938 rh.
   Cell: payload_ram/PLACE_HFSINV_2999_798 (INVX1_RVT)
     Input location: (430.28 198.936)
     Legal location: (424.808 195.592)
     Displacement: 6.4129 um, 3.8355 rh.
   Cell: payload_ram/U364 (AO221X1_HVT)
     Input location: (388.024 182.216)
     Legal location: (386.504 185.56)
     Displacement: 6.0285 um, 3.6056 rh.
   Cell: DQPSK_CSK/Imag_Sync_FIFO/ROUTE_ropt_h_inst_51231 (NBUFFX2_RVT)
     Input location: (126.539 365.391)
     Legal location: (130.536 369.48)
     Displacement: 5.7180 um, 3.4199 rh.
   Cell: DQPSK_CSK/Imag_Sync_FIFO/U2221 (NAND2X0_HVT)
     Input location: (185.864 352.76)
     Legal location: (190.424 356.104)
     Displacement: 5.6547 um, 3.3820 rh.
   Cell: DQPSK_CSK/Imag_Sync_FIFO/U1329 (INVX1_HVT)
     Input location: (201.064 352.76)
     Legal location: (199.544 359.448)
     Displacement: 5.5099 um, 3.2954 rh.
======================================================
Place Cache save: 46897 elements -- 8 drcFail 46889 drcOk
Place Cache save: 99 libcells referenced from 2 libs
Place Cache save: used 6 of 71 total secDefs
Access Cache save: 48824 elements -- 3509 drcFail 45315 drcOk
Access Cache save: 130 libcells referenced from 3 libs
Access Cache save: used 6 of 71 total secDefs
NPLDRC Place Cache: unique cache elements 46897
NPLDRC Place Cache: read cache elements 46823
NPLDRC Place Cache: hit rate  99.8%  (74 / 30220)
NPLDRC Access Cache: unique cache elements 48824
NPLDRC Access Cache: read cache elements 48722
NPLDRC Access Cache: hit rate  99.7%  (102 / 30411)
NPLDRC Pin Status Cache: no calls
NPLDRC Multi Cell Cache: no calls
NPLDRC ViaLadder Cache: no calls
Legalization succeeded.
Total Legalizer CPU: 1.697
----------------------------------------------------------------

Route-opt legalization complete           CPU:    74 s (  0.02 hr )  ELAPSE:    37 s (  0.01 hr )  MEM-PEAK:   923 MB
Warning: Cell contains tie connections which are not connected to real PG. (ZRT-511)
Turn off antenna since no rule is specified
Cell Min-Routing-Layer = M2
Cell Max-Routing-Layer = M9
Warning: Cannot find a default contact code for layer CO. (ZRT-022)
rule clk_network_NDR_leaf equivalent to default rule
Warning: Ignore 2 top cell ports with no pins. (ZRT-027)
Info: number of net_type_blockage: 0 
Design 'zigbee_F_routing' has missing meta data file '__private_meta_data_:DRC_report_by_check_pg_drc', for attached data file 'DRC_report_by_check_pg_drc'
Design 'zigbee_F_routing' has missing meta data file '__private_meta_data_:zigbee_F_cts_floatingPG.err', for attached data file 'zigbee_F_cts_floatingPG.err'
Design 'zigbee_F_routing' has missing meta data file '__private_meta_data_:zigbee_F_cts_missingVia.err', for attached data file 'zigbee_F_cts_missingVia.err'
Design 'zigbee_F_routing' has missing meta data file '__private_meta_data_:zigbee_F_floorplan_dppinassgn.err', for attached data file 'zigbee_F_floorplan_dppinassgn.err'
Design 'zigbee_F_routing' has missing meta data file '__private_meta_data_:zigbee_F_placement_floatingPG.err', for attached data file 'zigbee_F_placement_floatingPG.err'
Design 'zigbee_F_routing' has missing meta data file '__private_meta_data_:zigbee_F_placement_missingVia.err', for attached data file 'zigbee_F_placement_missingVia.err'
Design 'zigbee_F_routing' has missing meta data file '__private_meta_data_:zigbee_F_powerplan_floatingPG.err', for attached data file 'zigbee_F_powerplan_floatingPG.err'
Design 'zigbee_F_routing' has missing meta data file '__private_meta_data_:zigbee_F_powerplan_missingVia.err', for attached data file 'zigbee_F_powerplan_missingVia.err'
Design 'zigbee_F_routing' has missing meta data file '__private_meta_data_:zroute.err', for attached data file 'zroute.err'
Design 'zigbee_F_routing' has missing meta data file '__private_meta_data_:zroute_internal.err', for attached data file 'zroute_internal.err'
soft rule ICC2_GENERATED_DEFAULT_SPACING_RULE_3_8_wire is redundant
soft rule LOPT_M3_M7_3_8_wire is redundant
soft rule LOPT_M6_M7_3_8_wire is redundant
[ECO: DbIn With Extraction] Elapsed real time: 0:00:01 
[ECO: DbIn With Extraction] Elapsed cpu  time: sys=0:00:01 usr=0:00:06 total=0:00:07
[ECO: DbIn With Extraction] Stage (MB): Used  115  Alloctr  122  Proc   16 
[ECO: DbIn With Extraction] Total (MB): Used  116  Alloctr  123  Proc 2126 
[ECO: Analysis] Elapsed real time: 0:00:01 
[ECO: Analysis] Elapsed cpu  time: sys=0:00:01 usr=0:00:06 total=0:00:07
[ECO: Analysis] Stage (MB): Used  116  Alloctr  122  Proc   16 
[ECO: Analysis] Total (MB): Used  117  Alloctr  124  Proc 2126 
Num of eco nets = 47509
Num of open eco nets = 45872
[ECO: Init] Elapsed real time: 0:00:01 
[ECO: Init] Elapsed cpu  time: sys=0:00:01 usr=0:00:06 total=0:00:07
[ECO: Init] Stage (MB): Used  120  Alloctr  125  Proc   16 
[ECO: Init] Total (MB): Used  121  Alloctr  127  Proc 2126 
Start Global Route ... 
[Init] Elapsed real time: 0:00:00 
[Init] Elapsed cpu  time: sys=0:00:00 usr=0:00:00 total=0:00:00
[Init] Stage (MB): Used    0  Alloctr    0  Proc    0 
[Init] Total (MB): Used  126  Alloctr  131  Proc 2126 
Printing options for 'route.common.*'
common.verbose_level                                    :	 0                   

Printing options for 'route.global.*'
global.crosstalk_driven                                 :	 true                
global.deterministic                                    :	 off                 
global.placement_timing_driven_mode                     :	 false               
global.timing_driven                                    :	 true                

Begin global routing.
Loading timing information to the router from design
Timing information loaded to the router.
Constructing data structure ...
Design statistics:
Design Bounding Box (0.00,0.00,532.24,531.63)
Number of routing layers = 10
layer M1, dir Hor, min width = 0.05, min space = 0.05 pitch = 0.15
layer M2, dir Ver, min width = 0.06, min space = 0.06 pitch = 0.15
layer M3, dir Hor, min width = 0.06, min space = 0.06 pitch = 0.30
layer M4, dir Ver, min width = 0.06, min space = 0.06 pitch = 0.30
layer M5, dir Hor, min width = 0.06, min space = 0.06 pitch = 0.61
layer M6, dir Ver, min width = 0.06, min space = 0.06 pitch = 0.61
layer M7, dir Hor, min width = 0.06, min space = 0.06 pitch = 1.22
layer M8, dir Ver, min width = 0.06, min space = 0.06 pitch = 1.22
layer M9, dir Hor, min width = 0.16, min space = 0.16 pitch = 2.43
layer MRDL, dir Ver, min width = 2.00, min space = 2.00 pitch = 4.86
Current Stage stats:
[End of Build Tech Data] Elapsed real time: 0:00:00 
[End of Build Tech Data] Elapsed cpu  time: sys=0:00:00 usr=0:00:00 total=0:00:00
[End of Build Tech Data] Stage (MB): Used    3  Alloctr    3  Proc    0 
[End of Build Tech Data] Total (MB): Used  137  Alloctr  142  Proc 2126 
Warning: No existing global route is available for reuse in incremental global routing. (ZRT-586)
Net statistics:
Total number of nets     = 47509
Number of nets to route  = 45872
Number of nets with min-layer-mode soft = 1686
Number of nets with min-layer-mode soft-cost-medium = 1686
Number of nets with max-layer-mode hard = 1686
51 nets are partially connected,
 of which 51 are detail routed and 0 are global routed.
1637 nets are fully connected,
 of which 1637 are detail routed and 0 are global routed.
313 nets have non-default rule clk_network_NDR_internal
138 nets have non-default rule clk_network_NDR_internal_ext_spacing
3 nets have non-default rule clk_network_NDR_root
1 nets have non-default rule clk_network_NDR_root_ext_spacing
608 nets have non-default rule default_rule_equivalent_ndr_double_spacing
Current Stage stats:
[End of Build All Nets] Elapsed real time: 0:00:00 
[End of Build All Nets] Elapsed cpu  time: sys=0:00:00 usr=0:00:00 total=0:00:00
[End of Build All Nets] Stage (MB): Used   14  Alloctr   14  Proc    0 
[End of Build All Nets] Total (MB): Used  151  Alloctr  156  Proc 2126 
Average gCell capacity  1.95	 on layer (1)	 M1
Average gCell capacity  9.73	 on layer (2)	 M2
Average gCell capacity  5.21	 on layer (3)	 M3
Average gCell capacity  4.98	 on layer (4)	 M4
Average gCell capacity  2.64	 on layer (5)	 M5
Average gCell capacity  2.51	 on layer (6)	 M6
Average gCell capacity  1.34	 on layer (7)	 M7
Average gCell capacity  0.75	 on layer (8)	 M8
Average gCell capacity  0.39	 on layer (9)	 M9
Average gCell capacity  0.34	 on layer (10)	 MRDL
Average number of tracks per gCell 11.00	 on layer (1)	 M1
Average number of tracks per gCell 11.01	 on layer (2)	 M2
Average number of tracks per gCell 5.50	 on layer (3)	 M3
Average number of tracks per gCell 5.51	 on layer (4)	 M4
Average number of tracks per gCell 2.75	 on layer (5)	 M5
Average number of tracks per gCell 2.76	 on layer (6)	 M6
Average number of tracks per gCell 1.38	 on layer (7)	 M7
Average number of tracks per gCell 1.38	 on layer (8)	 M8
Average number of tracks per gCell 0.69	 on layer (9)	 M9
Average number of tracks per gCell 0.35	 on layer (10)	 MRDL
Number of gCells = 1011240
Current Stage stats:
[End of Build Congestion map] Elapsed real time: 0:00:00 
[End of Build Congestion map] Elapsed cpu  time: sys=0:00:00 usr=0:00:00 total=0:00:00
[End of Build Congestion map] Stage (MB): Used   16  Alloctr   16  Proc    0 
[End of Build Congestion map] Total (MB): Used  167  Alloctr  173  Proc 2126 
Information: RC layer preference is turned on for this design. (ZRT-613)
Total stats:
[End of Build Data] Elapsed real time: 0:00:00 
[End of Build Data] Elapsed cpu  time: sys=0:00:00 usr=0:00:01 total=0:00:01
[End of Build Data] Stage (MB): Used   34  Alloctr   34  Proc    0 
[End of Build Data] Total (MB): Used  168  Alloctr  173  Proc 2126 
Current Stage stats:
[End of Blocked Pin Detection] Elapsed real time: 0:00:00 
[End of Blocked Pin Detection] Elapsed cpu  time: sys=0:00:00 usr=0:00:00 total=0:00:01
[End of Blocked Pin Detection] Stage (MB): Used    0  Alloctr    0  Proc    0 
[End of Blocked Pin Detection] Total (MB): Used  168  Alloctr  173  Proc 2126 
Information: Using 12 threads for routing. (ZRT-444)
multi gcell levels ON

Start GR phase 0
10% of nets complete Elapsed cpu time: 0:00:00 Elapsed real time: 0:00:00
20% of nets complete Elapsed cpu time: 0:00:00 Elapsed real time: 0:00:00
30% of nets complete Elapsed cpu time: 0:00:00 Elapsed real time: 0:00:00
40% of nets complete Elapsed cpu time: 0:00:00 Elapsed real time: 0:00:00
50% of nets complete Elapsed cpu time: 0:00:00 Elapsed real time: 0:00:00
60% of nets complete Elapsed cpu time: 0:00:00 Elapsed real time: 0:00:00
70% of nets complete Elapsed cpu time: 0:00:00 Elapsed real time: 0:00:00
80% of nets complete Elapsed cpu time: 0:00:01 Elapsed real time: 0:00:01
90% of nets complete Elapsed cpu time: 0:00:01 Elapsed real time: 0:00:01
Current Stage stats:
[End of Initial Routing] Elapsed real time: 0:00:03 
[End of Initial Routing] Elapsed cpu  time: sys=0:00:00 usr=0:00:03 total=0:00:03
[End of Initial Routing] Stage (MB): Used   16  Alloctr   16  Proc    0 
[End of Initial Routing] Total (MB): Used  185  Alloctr  190  Proc 2126 
Initial. Routing result:
Initial. Both Dirs: Overflow =  6748 Max = 7 GRCs =  8104 (4.01%)
Initial. H routing: Overflow =  3445 Max = 5 (GRCs =  1) GRCs =  5105 (5.05%)
Initial. V routing: Overflow =  3303 Max = 7 (GRCs =  1) GRCs =  2999 (2.97%)
Initial. M1         Overflow =     0 Max = 0 (GRCs =  0) GRCs =     0 (0.00%)
Initial. M2         Overflow =  1431 Max = 7 (GRCs =  1) GRCs =  1251 (1.24%)
Initial. M3         Overflow =  1820 Max = 5 (GRCs =  1) GRCs =  3561 (3.52%)
Initial. M4         Overflow =   469 Max = 3 (GRCs = 13) GRCs =   391 (0.39%)
Initial. M5         Overflow =   762 Max = 3 (GRCs =  4) GRCs =   692 (0.68%)
Initial. M6         Overflow =   791 Max = 3 (GRCs =  1) GRCs =   749 (0.74%)
Initial. M7         Overflow =   863 Max = 2 (GRCs = 11) GRCs =   852 (0.84%)
Initial. M8         Overflow =   611 Max = 2 (GRCs =  3) GRCs =   608 (0.60%)
Initial. M9         Overflow =     0 Max = 0 (GRCs =  0) GRCs =     0 (0.00%)
Initial. MRDL       Overflow =     0 Max = 0 (GRCs =  0) GRCs =     0 (0.00%)


Density distribution:
Layer    0.0  0.1  0.2  0.3  0.4  0.5  0.6  0.7  0.8  0.9  1.0  1.1  1.2  > 1.2 
M1       100. 0.00 0.00 0.00 0.00 0.00 0.00 0.00 0.00 0.00 0.00 0.00 0.00 0.00
M2       38.8 19.7 11.3 11.0 4.87 5.81 3.15 1.59 0.93 0.17 2.00 0.03 0.13 0.40
M3       15.4 15.3 2.19 22.7 0.00 9.96 17.2 1.50 9.49 0.00 4.87 0.20 0.70 0.27
M4       55.8 22.6 1.65 11.1 0.00 3.49 2.57 0.23 0.60 0.00 1.48 0.02 0.06 0.31
M5       51.9 0.00 0.00 23.7 0.00 9.06 9.65 0.00 0.00 0.00 4.91 0.00 0.00 0.68
M6       58.7 0.00 0.00 17.9 0.00 7.97 7.55 0.00 0.00 0.00 7.08 0.00 0.00 0.74
M7       65.5 0.00 0.00 0.00 0.00 13.3 0.00 0.00 0.00 0.00 20.2 0.00 0.00 0.84
M8       74.2 0.00 0.00 0.00 0.00 5.05 0.00 0.00 0.00 0.00 20.0 0.00 0.00 0.60
M9       98.9 0.00 0.00 0.00 0.00 0.00 0.00 0.00 0.00 0.00 1.01 0.00 0.00 0.00
MRDL     100. 0.00 0.00 0.00 0.00 0.00 0.00 0.00 0.00 0.00 0.00 0.00 0.00 0.00
Total    64.0 6.09 1.61 9.16 0.51 5.78 4.24 0.35 1.16 0.02 6.51 0.03 0.09 0.41


Initial. Total Wire Length = 769309.60
Initial. Layer M1 wire length = 0.00
Initial. Layer M2 wire length = 173591.96
Initial. Layer M3 wire length = 237641.43
Initial. Layer M4 wire length = 77739.81
Initial. Layer M5 wire length = 86805.56
Initial. Layer M6 wire length = 81960.71
Initial. Layer M7 wire length = 61460.90
Initial. Layer M8 wire length = 48537.35
Initial. Layer M9 wire length = 1571.87
Initial. Layer MRDL wire length = 0.00
Initial. Total Number of Contacts = 311769
Initial. Via VIA12SQ_C count = 121990
Initial. Via VIA23SQ_C count = 115184
Initial. Via VIA34SQ_C count = 28730
Initial. Via VIA45SQ_C count = 21871
Initial. Via VIA56SQ_C count = 13529
Initial. Via VIA67SQ_C count = 6844
Initial. Via VIA78SQ_C count = 3551
Initial. Via VIA89_C count = 70
Initial. Via VIA9RDL count = 0
Initial. completed.

Start GR phase 1
10% of nets complete Elapsed cpu time: 0:00:01 Elapsed real time: 0:00:00
20% of nets complete Elapsed cpu time: 0:00:01 Elapsed real time: 0:00:01
30% of nets complete Elapsed cpu time: 0:00:01 Elapsed real time: 0:00:01
40% of nets complete Elapsed cpu time: 0:00:01 Elapsed real time: 0:00:01
50% of nets complete Elapsed cpu time: 0:00:01 Elapsed real time: 0:00:01
60% of nets complete Elapsed cpu time: 0:00:01 Elapsed real time: 0:00:01
70% of nets complete Elapsed cpu time: 0:00:01 Elapsed real time: 0:00:01
80% of nets complete Elapsed cpu time: 0:00:01 Elapsed real time: 0:00:01
90% of nets complete Elapsed cpu time: 0:00:01 Elapsed real time: 0:00:01
Current Stage stats:
[End of Phase1 Routing] Elapsed real time: 0:00:01 
[End of Phase1 Routing] Elapsed cpu  time: sys=0:00:00 usr=0:00:01 total=0:00:01
[End of Phase1 Routing] Stage (MB): Used    0  Alloctr    0  Proc    0 
[End of Phase1 Routing] Total (MB): Used  185  Alloctr  191  Proc 2126 
phase1. Routing result:
phase1. Both Dirs: Overflow =  1732 Max = 7 GRCs =  2058 (1.02%)
phase1. H routing: Overflow =   314 Max = 3 (GRCs =  6) GRCs =   798 (0.79%)
phase1. V routing: Overflow =  1417 Max = 7 (GRCs =  1) GRCs =  1260 (1.25%)
phase1. M1         Overflow =     0 Max = 0 (GRCs =  0) GRCs =     0 (0.00%)
phase1. M2         Overflow =  1236 Max = 7 (GRCs =  1) GRCs =  1076 (1.06%)
phase1. M3         Overflow =   202 Max = 3 (GRCs =  6) GRCs =   686 (0.68%)
phase1. M4         Overflow =    52 Max = 2 (GRCs =  1) GRCs =    56 (0.06%)
phase1. M5         Overflow =    68 Max = 1 (GRCs = 68) GRCs =    68 (0.07%)
phase1. M6         Overflow =    70 Max = 1 (GRCs = 70) GRCs =    70 (0.07%)
phase1. M7         Overflow =    44 Max = 1 (GRCs = 44) GRCs =    44 (0.04%)
phase1. M8         Overflow =    58 Max = 1 (GRCs = 58) GRCs =    58 (0.06%)
phase1. M9         Overflow =     0 Max = 0 (GRCs =  0) GRCs =     0 (0.00%)
phase1. MRDL       Overflow =     0 Max = 0 (GRCs =  0) GRCs =     0 (0.00%)


Density distribution:
Layer    0.0  0.1  0.2  0.3  0.4  0.5  0.6  0.7  0.8  0.9  1.0  1.1  1.2  > 1.2 
M1       100. 0.00 0.00 0.00 0.00 0.00 0.00 0.00 0.00 0.00 0.00 0.00 0.00 0.00
M2       38.2 19.7 11.3 11.0 4.97 5.82 3.27 1.66 1.03 0.20 2.18 0.04 0.13 0.32
M3       15.1 14.8 2.17 22.3 0.00 10.1 17.9 1.82 11.9 0.00 3.54 0.00 0.06 0.04
M4       54.4 22.9 1.71 11.6 0.00 3.61 2.79 0.25 0.67 0.00 1.92 0.01 0.01 0.04
M5       50.0 0.00 0.00 24.0 0.00 9.56 10.5 0.00 0.00 0.00 5.69 0.00 0.00 0.07
M6       57.9 0.00 0.00 18.4 0.00 8.42 7.89 0.00 0.00 0.00 7.23 0.00 0.00 0.07
M7       64.2 0.00 0.00 0.00 0.00 14.2 0.00 0.00 0.00 0.00 21.4 0.00 0.00 0.04
M8       73.5 0.00 0.00 0.00 0.00 5.46 0.00 0.00 0.00 0.00 20.9 0.00 0.00 0.06
M9       98.7 0.00 0.00 0.00 0.00 0.00 0.00 0.00 0.00 0.00 1.22 0.00 0.00 0.00
MRDL     100. 0.00 0.00 0.00 0.00 0.00 0.00 0.00 0.00 0.00 0.00 0.00 0.00 0.00
Total    63.5 6.03 1.60 9.19 0.52 6.02 4.46 0.39 1.43 0.02 6.73 0.01 0.02 0.07


phase1. Total Wire Length = 775040.00
phase1. Layer M1 wire length = 0.00
phase1. Layer M2 wire length = 177439.83
phase1. Layer M3 wire length = 236100.53
phase1. Layer M4 wire length = 80333.21
phase1. Layer M5 wire length = 89515.59
phase1. Layer M6 wire length = 80778.72
phase1. Layer M7 wire length = 60834.19
phase1. Layer M8 wire length = 48155.17
phase1. Layer M9 wire length = 1882.76
phase1. Layer MRDL wire length = 0.00
phase1. Total Number of Contacts = 314890
phase1. Via VIA12SQ_C count = 121935
phase1. Via VIA23SQ_C count = 115934
phase1. Via VIA34SQ_C count = 29545
phase1. Via VIA45SQ_C count = 22637
phase1. Via VIA56SQ_C count = 13830
phase1. Via VIA67SQ_C count = 7161
phase1. Via VIA78SQ_C count = 3740
phase1. Via VIA89_C count = 108
phase1. Via VIA9RDL count = 0
phase1. completed.

Start GR phase 2
10% of nets complete Elapsed cpu time: 0:00:01 Elapsed real time: 0:00:00
20% of nets complete Elapsed cpu time: 0:00:01 Elapsed real time: 0:00:00
30% of nets complete Elapsed cpu time: 0:00:01 Elapsed real time: 0:00:01
40% of nets complete Elapsed cpu time: 0:00:01 Elapsed real time: 0:00:01
50% of nets complete Elapsed cpu time: 0:00:01 Elapsed real time: 0:00:01
60% of nets complete Elapsed cpu time: 0:00:01 Elapsed real time: 0:00:01
70% of nets complete Elapsed cpu time: 0:00:01 Elapsed real time: 0:00:01
80% of nets complete Elapsed cpu time: 0:00:01 Elapsed real time: 0:00:01
90% of nets complete Elapsed cpu time: 0:00:01 Elapsed real time: 0:00:01
Current Stage stats:
[End of Phase2 Routing] Elapsed real time: 0:00:01 
[End of Phase2 Routing] Elapsed cpu  time: sys=0:00:00 usr=0:00:01 total=0:00:01
[End of Phase2 Routing] Stage (MB): Used    0  Alloctr    0  Proc    0 
[End of Phase2 Routing] Total (MB): Used  185  Alloctr  191  Proc 2126 
phase2. Routing result:
phase2. Both Dirs: Overflow =  1326 Max = 7 GRCs =  1409 (0.70%)
phase2. H routing: Overflow =   101 Max = 3 (GRCs =  5) GRCs =   357 (0.35%)
phase2. V routing: Overflow =  1224 Max = 7 (GRCs =  1) GRCs =  1052 (1.04%)
phase2. M1         Overflow =     1 Max = 1 (GRCs =  2) GRCs =     2 (0.00%)
phase2. M2         Overflow =  1214 Max = 7 (GRCs =  1) GRCs =  1038 (1.03%)
phase2. M3         Overflow =    98 Max = 3 (GRCs =  5) GRCs =   353 (0.35%)
phase2. M4         Overflow =     8 Max = 1 (GRCs = 12) GRCs =    12 (0.01%)
phase2. M5         Overflow =     1 Max = 1 (GRCs =  1) GRCs =     1 (0.00%)
phase2. M6         Overflow =     2 Max = 1 (GRCs =  2) GRCs =     2 (0.00%)
phase2. M7         Overflow =     1 Max = 1 (GRCs =  1) GRCs =     1 (0.00%)
phase2. M8         Overflow =     0 Max = 0 (GRCs =  0) GRCs =     0 (0.00%)
phase2. M9         Overflow =     0 Max = 0 (GRCs =  0) GRCs =     0 (0.00%)
phase2. MRDL       Overflow =     0 Max = 0 (GRCs =  0) GRCs =     0 (0.00%)


Density distribution:
Layer    0.0  0.1  0.2  0.3  0.4  0.5  0.6  0.7  0.8  0.9  1.0  1.1  1.2  > 1.2 
M1       100. 0.00 0.00 0.00 0.00 0.00 0.00 0.00 0.00 0.00 0.00 0.00 0.00 0.00
M2       38.1 19.6 11.4 11.1 4.99 5.82 3.27 1.69 1.06 0.21 2.17 0.04 0.13 0.32
M3       15.1 14.8 2.17 22.2 0.00 10.2 18.0 1.85 12.0 0.00 3.39 0.00 0.03 0.02
M4       54.2 22.8 1.73 11.7 0.00 3.66 2.83 0.25 0.71 0.00 1.96 0.00 0.00 0.00
M5       49.8 0.00 0.00 24.0 0.00 9.59 10.7 0.00 0.00 0.00 5.88 0.00 0.00 0.00
M6       57.8 0.00 0.00 18.4 0.00 8.49 7.88 0.00 0.00 0.00 7.30 0.00 0.00 0.00
M7       64.0 0.00 0.00 0.00 0.00 14.3 0.00 0.00 0.00 0.00 21.6 0.00 0.00 0.00
M8       73.5 0.00 0.00 0.00 0.00 5.45 0.00 0.00 0.00 0.00 21.0 0.00 0.00 0.00
M9       98.8 0.00 0.00 0.00 0.00 0.00 0.00 0.00 0.00 0.00 1.20 0.00 0.00 0.00
MRDL     100. 0.00 0.00 0.00 0.00 0.00 0.00 0.00 0.00 0.00 0.00 0.00 0.00 0.00
Total    63.4 6.01 1.60 9.19 0.52 6.03 4.47 0.40 1.45 0.02 6.76 0.00 0.02 0.04


phase2. Total Wire Length = 776306.80
phase2. Layer M1 wire length = 5.08
phase2. Layer M2 wire length = 178132.57
phase2. Layer M3 wire length = 235613.15
phase2. Layer M4 wire length = 80754.48
phase2. Layer M5 wire length = 90101.88
phase2. Layer M6 wire length = 80751.87
phase2. Layer M7 wire length = 60939.42
phase2. Layer M8 wire length = 48139.21
phase2. Layer M9 wire length = 1869.15
phase2. Layer MRDL wire length = 0.00
phase2. Total Number of Contacts = 315710
phase2. Via VIA12SQ_C count = 121925
phase2. Via VIA23SQ_C count = 116026
phase2. Via VIA34SQ_C count = 29763
phase2. Via VIA45SQ_C count = 22907
phase2. Via VIA56SQ_C count = 13904
phase2. Via VIA67SQ_C count = 7278
phase2. Via VIA78SQ_C count = 3799
phase2. Via VIA89_C count = 108
phase2. Via VIA9RDL count = 0
phase2. completed.

Start GR phase 3
10% of nets complete Elapsed cpu time: 0:00:01 Elapsed real time: 0:00:01
20% of nets complete Elapsed cpu time: 0:00:01 Elapsed real time: 0:00:01
30% of nets complete Elapsed cpu time: 0:00:01 Elapsed real time: 0:00:01
40% of nets complete Elapsed cpu time: 0:00:01 Elapsed real time: 0:00:01
50% of nets complete Elapsed cpu time: 0:00:01 Elapsed real time: 0:00:01
60% of nets complete Elapsed cpu time: 0:00:01 Elapsed real time: 0:00:01
70% of nets complete Elapsed cpu time: 0:00:01 Elapsed real time: 0:00:01
80% of nets complete Elapsed cpu time: 0:00:01 Elapsed real time: 0:00:01
90% of nets complete Elapsed cpu time: 0:00:01 Elapsed real time: 0:00:01
Current Stage stats:
[End of Phase3 Routing] Elapsed real time: 0:00:01 
[End of Phase3 Routing] Elapsed cpu  time: sys=0:00:00 usr=0:00:01 total=0:00:01
[End of Phase3 Routing] Stage (MB): Used    0  Alloctr    0  Proc    0 
[End of Phase3 Routing] Total (MB): Used  186  Alloctr  191  Proc 2126 
phase3. Routing result:
phase3. Both Dirs: Overflow =  1294 Max = 7 GRCs =  1320 (0.65%)
phase3. H routing: Overflow =    80 Max = 3 (GRCs =  4) GRCs =   286 (0.28%)
phase3. V routing: Overflow =  1214 Max = 7 (GRCs =  1) GRCs =  1034 (1.02%)
phase3. M1         Overflow =     1 Max = 1 (GRCs =  3) GRCs =     3 (0.00%)
phase3. M2         Overflow =  1211 Max = 7 (GRCs =  1) GRCs =  1027 (1.02%)
phase3. M3         Overflow =    78 Max = 3 (GRCs =  4) GRCs =   283 (0.28%)
phase3. M4         Overflow =     3 Max = 1 (GRCs =  7) GRCs =     7 (0.01%)
phase3. M5         Overflow =     0 Max = 0 (GRCs =  0) GRCs =     0 (0.00%)
phase3. M6         Overflow =     0 Max = 0 (GRCs =  0) GRCs =     0 (0.00%)
phase3. M7         Overflow =     0 Max = 0 (GRCs =  0) GRCs =     0 (0.00%)
phase3. M8         Overflow =     0 Max = 0 (GRCs =  0) GRCs =     0 (0.00%)
phase3. M9         Overflow =     0 Max = 0 (GRCs =  0) GRCs =     0 (0.00%)
phase3. MRDL       Overflow =     0 Max = 0 (GRCs =  0) GRCs =     0 (0.00%)


Density distribution:
Layer    0.0  0.1  0.2  0.3  0.4  0.5  0.6  0.7  0.8  0.9  1.0  1.1  1.2  > 1.2 
M1       99.9 0.00 0.00 0.00 0.00 0.00 0.00 0.00 0.00 0.00 0.00 0.00 0.00 0.00
M2       38.0 19.6 11.4 11.1 5.00 5.82 3.26 1.70 1.06 0.22 2.17 0.03 0.13 0.32
M3       15.1 14.8 2.17 22.2 0.00 10.2 18.0 1.86 12.0 0.00 3.30 0.00 0.02 0.01
M4       54.1 22.9 1.73 11.7 0.00 3.67 2.82 0.24 0.71 0.00 1.96 0.00 0.00 0.00
M5       49.7 0.00 0.00 24.0 0.00 9.61 10.7 0.00 0.00 0.00 5.89 0.00 0.00 0.00
M6       57.8 0.00 0.00 18.4 0.00 8.47 7.89 0.00 0.00 0.00 7.31 0.00 0.00 0.00
M7       64.0 0.00 0.00 0.00 0.00 14.3 0.00 0.00 0.00 0.00 21.6 0.00 0.00 0.00
M8       73.5 0.00 0.00 0.00 0.00 5.45 0.00 0.00 0.00 0.00 21.0 0.00 0.00 0.00
M9       98.8 0.00 0.00 0.00 0.00 0.00 0.00 0.00 0.00 0.00 1.19 0.00 0.00 0.00
MRDL     100. 0.00 0.00 0.00 0.00 0.00 0.00 0.00 0.00 0.00 0.00 0.00 0.00 0.00
Total    63.5 6.01 1.60 9.18 0.52 6.03 4.48 0.40 1.45 0.02 6.75 0.00 0.02 0.03


phase3. Total Wire Length = 776539.96
phase3. Layer M1 wire length = 7.11
phase3. Layer M2 wire length = 178290.27
phase3. Layer M3 wire length = 235342.06
phase3. Layer M4 wire length = 80851.07
phase3. Layer M5 wire length = 90354.14
phase3. Layer M6 wire length = 80755.77
phase3. Layer M7 wire length = 60968.47
phase3. Layer M8 wire length = 48101.92
phase3. Layer M9 wire length = 1869.15
phase3. Layer MRDL wire length = 0.00
phase3. Total Number of Contacts = 315865
phase3. Via VIA12SQ_C count = 121924
phase3. Via VIA23SQ_C count = 116030
phase3. Via VIA34SQ_C count = 29823
phase3. Via VIA45SQ_C count = 22957
phase3. Via VIA56SQ_C count = 13929
phase3. Via VIA67SQ_C count = 7290
phase3. Via VIA78SQ_C count = 3804
phase3. Via VIA89_C count = 108
phase3. Via VIA9RDL count = 0
phase3. completed.
[End of Whole Chip Routing] Elapsed real time: 0:00:08 
[End of Whole Chip Routing] Elapsed cpu  time: sys=0:00:01 usr=0:00:10 total=0:00:11
[End of Whole Chip Routing] Stage (MB): Used   52  Alloctr   52  Proc    0 
[End of Whole Chip Routing] Total (MB): Used  186  Alloctr  191  Proc 2126 

Information: Global Routing terminated early: false (ZRT-103)

Congestion utilization per direction:
Average vertical track utilization   = 22.96 %
Peak    vertical track utilization   = 220.00 %
Average horizontal track utilization = 30.60 %
Peak    horizontal track utilization = 150.00 %

Current Stage stats:
[GR: Done] Elapsed real time: 0:00:00 
[GR: Done] Elapsed cpu  time: sys=0:00:00 usr=0:00:00 total=0:00:00
[GR: Done] Stage (MB): Used  -14  Alloctr  -14  Proc    0 
[GR: Done] Total (MB): Used  171  Alloctr  177  Proc 2126 
GR Total stats:
[GR: Done] Elapsed real time: 0:00:09 
[GR: Done] Elapsed cpu  time: sys=0:00:01 usr=0:00:10 total=0:00:11
[GR: Done] Stage (MB): Used   45  Alloctr   46  Proc    0 
[GR: Done] Total (MB): Used  171  Alloctr  177  Proc 2126 
Updating congestion ...
Updating congestion ...
Final total stats:
[End of Global Routing] Elapsed real time: 0:00:09 
[End of Global Routing] Elapsed cpu  time: sys=0:00:01 usr=0:00:11 total=0:00:12
[End of Global Routing] Stage (MB): Used   24  Alloctr   24  Proc    0 
[End of Global Routing] Total (MB): Used  149  Alloctr  155  Proc 2126 
[ECO: GR] Elapsed real time: 0:00:10 
[ECO: GR] Elapsed cpu  time: sys=0:00:02 usr=0:00:17 total=0:00:20
[ECO: GR] Stage (MB): Used  148  Alloctr  153  Proc   16 
[ECO: GR] Total (MB): Used  149  Alloctr  155  Proc 2126 

Start track assignment

Printing options for 'route.common.*'
common.verbose_level                                    :	 0                   

Printing options for 'route.track.*'
track.crosstalk_driven                                  :	 true                
track.timing_driven                                     :	 true                

Information: Using 12 threads for routing. (ZRT-444)
Information: RC layer preference is turned on for this design. (ZRT-613)

[Track Assign: Read routes] Elapsed real time: 0:00:00 
[Track Assign: Read routes] Elapsed cpu  time: sys=0:00:00 usr=0:00:01 total=0:00:02
[Track Assign: Read routes] Stage (MB): Used    8  Alloctr    8  Proc    0 
[Track Assign: Read routes] Total (MB): Used  154  Alloctr  159  Proc 2126 

Start initial assignment

Assign Horizontal partitions, iteration 0
Routed partition 1/106     
Routed partition 2/106     
Routed partition 3/106     
Routed partition 5/106     
Routed partition 5/106     
Routed partition 6/106     
Routed partition 7/106     
Routed partition 8/106     
Routed partition 9/106     
Routed partition 14/106    
Routed partition 14/106    
Routed partition 14/106    
Routed partition 14/106    
Routed partition 14/106    
Routed partition 15/106    
Routed partition 17/106    
Routed partition 17/106    
Routed partition 18/106    
Routed partition 19/106    
Routed partition 20/106    
Routed partition 21/106    
Routed partition 22/106    
Routed partition 23/106    
Routed partition 24/106    
Routed partition 25/106    
Routed partition 26/106    
Routed partition 29/106    
Routed partition 29/106    
Routed partition 29/106    
Routed partition 30/106    
Routed partition 31/106    
Routed partition 32/106    
Routed partition 33/106    
Routed partition 34/106    
Routed partition 35/106    
Routed partition 36/106    
Routed partition 37/106    
Routed partition 38/106    
Routed partition 39/106    
Routed partition 40/106    
Routed partition 41/106    
Routed partition 42/106    
Routed partition 43/106    
Routed partition 45/106    
Routed partition 45/106    
Routed partition 46/106    
Routed partition 47/106    
Routed partition 48/106    
Routed partition 49/106    
Routed partition 50/106    
Routed partition 51/106    
Routed partition 52/106    
Routed partition 53/106    
Routed partition 54/106    
Routed partition 56/106    
Routed partition 56/106    
Routed partition 57/106    
Routed partition 58/106    
Routed partition 59/106    
Routed partition 61/106    
Routed partition 61/106    
Routed partition 62/106    
Routed partition 65/106    
Routed partition 65/106    
Routed partition 65/106    
Routed partition 66/106    
Routed partition 67/106    
Routed partition 68/106    
Routed partition 69/106    
Routed partition 70/106    
Routed partition 71/106    
Routed partition 72/106    
Routed partition 73/106    
Routed partition 74/106    
Routed partition 75/106    
Routed partition 77/106    
Routed partition 77/106    
Routed partition 78/106    
Routed partition 80/106    
Routed partition 80/106    
Routed partition 81/106    
Routed partition 83/106    
Routed partition 83/106    
Routed partition 85/106    
Routed partition 85/106    
Routed partition 86/106    
Routed partition 88/106    
Routed partition 88/106    
Routed partition 89/106    
Routed partition 90/106    
Routed partition 91/106    
Routed partition 92/106    
Routed partition 93/106    
Routed partition 95/106    
Routed partition 95/106    
Routed partition 96/106    
Routed partition 97/106    
Routed partition 98/106    
Routed partition 99/106    
Routed partition 100/106   
Routed partition 101/106   
Routed partition 102/106   
Routed partition 103/106   
Routed partition 104/106   
Routed partition 105/106   
Routed partition 106/106   

Assign Vertical partitions, iteration 0
Routed partition 1/106     
Routed partition 2/106     
Routed partition 3/106     
Routed partition 4/106     
Routed partition 5/106     
Routed partition 6/106     
Routed partition 7/106     
Routed partition 8/106     
Routed partition 9/106     
Routed partition 12/106    
Routed partition 12/106    
Routed partition 12/106    
Routed partition 13/106    
Routed partition 14/106    
Routed partition 15/106    
Routed partition 18/106    
Routed partition 18/106    
Routed partition 18/106    
Routed partition 19/106    
Routed partition 20/106    
Routed partition 22/106    
Routed partition 22/106    
Routed partition 23/106    
Routed partition 24/106    
Routed partition 25/106    
Routed partition 26/106    
Routed partition 27/106    
Routed partition 28/106    
Routed partition 29/106    
Routed partition 30/106    
Routed partition 31/106    
Routed partition 32/106    
Routed partition 33/106    
Routed partition 34/106    
Routed partition 35/106    
Routed partition 36/106    
Routed partition 37/106    
Routed partition 38/106    
Routed partition 39/106    
Routed partition 40/106    
Routed partition 41/106    
Routed partition 42/106    
Routed partition 43/106    
Routed partition 44/106    
Routed partition 45/106    
Routed partition 46/106    
Routed partition 47/106    
Routed partition 48/106    
Routed partition 50/106    
Routed partition 50/106    
Routed partition 51/106    
Routed partition 52/106    
Routed partition 53/106    
Routed partition 56/106    
Routed partition 56/106    
Routed partition 56/106    
Routed partition 57/106    
Routed partition 58/106    
Routed partition 59/106    
Routed partition 60/106    
Routed partition 61/106    
Routed partition 62/106    
Routed partition 63/106    
Routed partition 64/106    
Routed partition 65/106    
Routed partition 66/106    
Routed partition 67/106    
Routed partition 68/106    
Routed partition 69/106    
Routed partition 70/106    
Routed partition 71/106    
Routed partition 72/106    
Routed partition 73/106    
Routed partition 74/106    
Routed partition 75/106    
Routed partition 76/106    
Routed partition 77/106    
Routed partition 78/106    
Routed partition 79/106    
Routed partition 80/106    
Routed partition 81/106    
Routed partition 82/106    
Routed partition 83/106    
Routed partition 84/106    
Routed partition 85/106    
Routed partition 86/106    
Routed partition 88/106    
Routed partition 88/106    
Routed partition 89/106    
Routed partition 90/106    
Routed partition 91/106    
Routed partition 92/106    
Routed partition 93/106    
Routed partition 94/106    
Routed partition 95/106    
Routed partition 96/106    
Routed partition 97/106    
Routed partition 98/106    
Routed partition 99/106    
Routed partition 100/106   
Routed partition 101/106   
Routed partition 102/106   
Routed partition 103/106   
Routed partition 104/106   
Routed partition 105/106   
Routed partition 106/106   

Number of wires with overlap after iteration 0 = 233253 of 358342


[Track Assign: Iteration 0] Elapsed real time: 0:00:05 
[Track Assign: Iteration 0] Elapsed cpu  time: sys=0:00:00 usr=0:00:49 total=0:00:50
[Track Assign: Iteration 0] Stage (MB): Used   15  Alloctr   20  Proc  270 
[Track Assign: Iteration 0] Total (MB): Used  160  Alloctr  171  Proc 2396 

Reroute to fix overlaps

Assign Horizontal partitions, iteration 1
Routed partition 1/106     
Routed partition 2/106     
Routed partition 3/106     
Routed partition 4/106     
Routed partition 5/106     
Routed partition 7/106     
Routed partition 7/106     
Routed partition 8/106     
Routed partition 9/106     
Routed partition 10/106    
Routed partition 11/106    
Routed partition 15/106    
Routed partition 15/106    
Routed partition 15/106    
Routed partition 15/106    
Routed partition 16/106    
Routed partition 17/106    
Routed partition 18/106    
Routed partition 19/106    
Routed partition 20/106    
Routed partition 22/106    
Routed partition 23/106    
Routed partition 23/106    
Routed partition 24/106    
Routed partition 25/106    
Routed partition 26/106    
Routed partition 28/106    
Routed partition 28/106    
Routed partition 29/106    
Routed partition 30/106    
Routed partition 32/106    
Routed partition 32/106    
Routed partition 33/106    
Routed partition 34/106    
Routed partition 38/106    
Routed partition 38/106    
Routed partition 39/106    
Routed partition 39/106    
Routed partition 40/106    
Routed partition 41/106    
Routed partition 41/106    
Routed partition 42/106    
Routed partition 44/106    
Routed partition 44/106    
Routed partition 45/106    
Routed partition 46/106    
Routed partition 47/106    
Routed partition 48/106    
Routed partition 49/106    
Routed partition 50/106    
Routed partition 51/106    
Routed partition 52/106    
Routed partition 53/106    
Routed partition 54/106    
Routed partition 55/106    
Routed partition 56/106    
Routed partition 57/106    
Routed partition 58/106    
Routed partition 59/106    
Routed partition 60/106    
Routed partition 62/106    
Routed partition 62/106    
Routed partition 63/106    
Routed partition 64/106    
Routed partition 65/106    
Routed partition 66/106    
Routed partition 67/106    
Routed partition 68/106    
Routed partition 69/106    
Routed partition 70/106    
Routed partition 72/106    
Routed partition 72/106    
Routed partition 73/106    
Routed partition 74/106    
Routed partition 75/106    
Routed partition 76/106    
Routed partition 77/106    
Routed partition 78/106    
Routed partition 79/106    
Routed partition 80/106    
Routed partition 81/106    
Routed partition 82/106    
Routed partition 84/106    
Routed partition 85/106    
Routed partition 85/106    
Routed partition 86/106    
Routed partition 87/106    
Routed partition 88/106    
Routed partition 89/106    
Routed partition 90/106    
Routed partition 91/106    
Routed partition 94/106    
Routed partition 94/106    
Routed partition 96/106    
Routed partition 96/106    
Routed partition 96/106    
Routed partition 97/106    
Routed partition 98/106    
Routed partition 99/106    
Routed partition 100/106   
Routed partition 101/106   
Routed partition 102/106   
Routed partition 103/106   
Routed partition 104/106   
Routed partition 105/106   
Routed partition 106/106   

Assign Vertical partitions, iteration 1
Routed partition 1/106     
Routed partition 2/106     
Routed partition 3/106     
Routed partition 4/106     
Routed partition 5/106     
Routed partition 6/106     
Routed partition 7/106     
Routed partition 8/106     
Routed partition 9/106     
Routed partition 10/106    
Routed partition 11/106    
Routed partition 13/106    
Routed partition 13/106    
Routed partition 14/106    
Routed partition 15/106    
Routed partition 16/106    
Routed partition 17/106    
Routed partition 18/106    
Routed partition 19/106    
Routed partition 23/106    
Routed partition 23/106    
Routed partition 23/106    
Routed partition 23/106    
Routed partition 24/106    
Routed partition 25/106    
Routed partition 27/106    
Routed partition 27/106    
Routed partition 28/106    
Routed partition 29/106    
Routed partition 30/106    
Routed partition 31/106    
Routed partition 32/106    
Routed partition 33/106    
Routed partition 35/106    
Routed partition 35/106    
Routed partition 36/106    
Routed partition 37/106    
Routed partition 38/106    
Routed partition 39/106    
Routed partition 40/106    
Routed partition 41/106    
Routed partition 42/106    
Routed partition 43/106    
Routed partition 44/106    
Routed partition 46/106    
Routed partition 47/106    
Routed partition 47/106    
Routed partition 48/106    
Routed partition 49/106    
Routed partition 50/106    
Routed partition 51/106    
Routed partition 52/106    
Routed partition 53/106    
Routed partition 54/106    
Routed partition 55/106    
Routed partition 56/106    
Routed partition 57/106    
Routed partition 58/106    
Routed partition 59/106    
Routed partition 60/106    
Routed partition 63/106    
Routed partition 65/106    
Routed partition 65/106    
Routed partition 65/106    
Routed partition 65/106    
Routed partition 66/106    
Routed partition 67/106    
Routed partition 68/106    
Routed partition 71/106    
Routed partition 71/106    
Routed partition 71/106    
Routed partition 72/106    
Routed partition 73/106    
Routed partition 74/106    
Routed partition 75/106    
Routed partition 76/106    
Routed partition 77/106    
Routed partition 78/106    
Routed partition 79/106    
Routed partition 80/106    
Routed partition 81/106    
Routed partition 82/106    
Routed partition 83/106    
Routed partition 84/106    
Routed partition 85/106    
Routed partition 87/106    
Routed partition 87/106    
Routed partition 88/106    
Routed partition 89/106    
Routed partition 90/106    
Routed partition 91/106    
Routed partition 92/106    
Routed partition 93/106    
Routed partition 94/106    
Routed partition 95/106    
Routed partition 96/106    
Routed partition 97/106    
Routed partition 98/106    
Routed partition 99/106    
Routed partition 100/106   
Routed partition 101/106   
Routed partition 102/106   
Routed partition 103/106   
Routed partition 104/106   
Routed partition 105/106   
Routed partition 106/106   

[Track Assign: Iteration 1] Elapsed real time: 0:00:10 
[Track Assign: Iteration 1] Elapsed cpu  time: sys=0:00:00 usr=0:01:35 total=0:01:36
[Track Assign: Iteration 1] Stage (MB): Used   15  Alloctr   21  Proc  292 
[Track Assign: Iteration 1] Total (MB): Used  160  Alloctr  171  Proc 2419 

Number of wires with overlap after iteration 1 = 148567 of 266062


Wire length and via report:
---------------------------
Number of M1 wires: 23345 		  : 0
Number of M2 wires: 112357 		 VIA12SQ_C: 124942
Number of M3 wires: 77913 		 VIA23SQ_C: 130236
Number of M4 wires: 21123 		 VIA34SQ_C: 32483
Number of M5 wires: 15910 		 VIA45SQ_C: 23465
Number of M6 wires: 8763 		 VIA56SQ_C: 13800
Number of M7 wires: 4671 		 VIA67SQ_C: 6978
Number of M8 wires: 1929 		 VIA78SQ_C: 3464
Number of M9 wires: 51 		 VIA89_C: 101
Number of MRDL wires: 0 		 VIA9RDL: 0
Total number of wires: 266062 		 vias: 335469

Total M1 wire length: 4804.1
Total M2 wire length: 177138.4
Total M3 wire length: 242628.6
Total M4 wire length: 84432.9
Total M5 wire length: 92163.8
Total M6 wire length: 78594.6
Total M7 wire length: 58724.9
Total M8 wire length: 46248.2
Total M9 wire length: 1872.8
Total MRDL wire length: 0.0
Total wire length: 786608.3

Longest M1 wire length: 1.8
Longest M2 wire length: 54.4
Longest M3 wire length: 327.6
Longest M4 wire length: 170.5
Longest M5 wire length: 262.0
Longest M6 wire length: 263.9
Longest M7 wire length: 277.9
Longest M8 wire length: 217.7
Longest M9 wire length: 186.0
Longest MRDL wire length: 0.0


[Track Assign: Done] Elapsed real time: 0:00:10 
[Track Assign: Done] Elapsed cpu  time: sys=0:00:01 usr=0:01:38 total=0:01:39
[Track Assign: Done] Stage (MB): Used    1  Alloctr    2  Proc  292 
[Track Assign: Done] Total (MB): Used  147  Alloctr  153  Proc 2419 
[ECO: CDR] Elapsed real time: 0:00:21 
[ECO: CDR] Elapsed cpu  time: sys=0:00:03 usr=0:01:56 total=0:01:59
[ECO: CDR] Stage (MB): Used  145  Alloctr  151  Proc  308 
[ECO: CDR] Total (MB): Used  147  Alloctr  153  Proc 2419 
Printing options for 'route.common.*'
common.verbose_level                                    :	 0                   

Printing options for 'route.detail.*'
detail.antenna                                          :	 true                
detail.check_patchable_drc_from_fixed_shapes            :	 true                
detail.drc_convergence_effort_level                     :	 high                
detail.eco_max_number_of_iterations                     :	 60                  
detail.force_end_on_preferred_grid                      :	 true                
detail.timing_driven                                    :	 true                

Printing options for 'route.auto_via_ladder.*'

Information: RC layer preference is turned on for this design. (ZRT-613)
Total number of nets = 47509, of which 0 are not extracted
Total number of open nets = 0, of which 0 are frozen
Information: Using 12 threads for routing. (ZRT-444)
Start DR iteration 0: uniform partition
Routed	2/1024 Partitions, Violations =	0
Routed	5/1024 Partitions, Violations =	0
Routed	11/1024 Partitions, Violations =	0
Routed	15/1024 Partitions, Violations =	0
Routed	20/1024 Partitions, Violations =	0
Routed	25/1024 Partitions, Violations =	0
Routed	30/1024 Partitions, Violations =	1
Routed	35/1024 Partitions, Violations =	5
Routed	40/1024 Partitions, Violations =	21
Routed	45/1024 Partitions, Violations =	55
Routed	50/1024 Partitions, Violations =	67
Routed	55/1024 Partitions, Violations =	61
Routed	60/1024 Partitions, Violations =	61
Routed	65/1024 Partitions, Violations =	73
Routed	70/1024 Partitions, Violations =	59
Routed	75/1024 Partitions, Violations =	60
Routed	80/1024 Partitions, Violations =	71
Routed	85/1024 Partitions, Violations =	87
Routed	90/1024 Partitions, Violations =	82
Routed	95/1024 Partitions, Violations =	97
Routed	100/1024 Partitions, Violations =	114
Routed	105/1024 Partitions, Violations =	142
Routed	110/1024 Partitions, Violations =	151
Routed	115/1024 Partitions, Violations =	173
Routed	120/1024 Partitions, Violations =	225
Routed	125/1024 Partitions, Violations =	236
Routed	130/1024 Partitions, Violations =	256
Routed	135/1024 Partitions, Violations =	224
Routed	140/1024 Partitions, Violations =	268
Routed	145/1024 Partitions, Violations =	241
Routed	150/1024 Partitions, Violations =	270
Routed	155/1024 Partitions, Violations =	235
Routed	160/1024 Partitions, Violations =	209
Routed	165/1024 Partitions, Violations =	237
Routed	170/1024 Partitions, Violations =	264
Routed	175/1024 Partitions, Violations =	264
Routed	180/1024 Partitions, Violations =	276
Routed	185/1024 Partitions, Violations =	260
Routed	190/1024 Partitions, Violations =	295
Routed	195/1024 Partitions, Violations =	262
Routed	200/1024 Partitions, Violations =	293
Routed	205/1024 Partitions, Violations =	304
Routed	210/1024 Partitions, Violations =	266
Routed	215/1024 Partitions, Violations =	304
Routed	220/1024 Partitions, Violations =	279
Routed	225/1024 Partitions, Violations =	280
Routed	230/1024 Partitions, Violations =	296
Routed	235/1024 Partitions, Violations =	235
Routed	240/1024 Partitions, Violations =	239
Routed	245/1024 Partitions, Violations =	260
Routed	250/1024 Partitions, Violations =	211
Routed	255/1024 Partitions, Violations =	233
Routed	260/1024 Partitions, Violations =	244
Routed	265/1024 Partitions, Violations =	222
Routed	270/1024 Partitions, Violations =	230
Routed	275/1024 Partitions, Violations =	220
Routed	280/1024 Partitions, Violations =	202
Routed	285/1024 Partitions, Violations =	218
Routed	290/1024 Partitions, Violations =	216
Routed	295/1024 Partitions, Violations =	209
Routed	300/1024 Partitions, Violations =	230
Routed	305/1024 Partitions, Violations =	226
Routed	310/1024 Partitions, Violations =	210
Routed	315/1024 Partitions, Violations =	205
Routed	320/1024 Partitions, Violations =	209
Routed	325/1024 Partitions, Violations =	214
Routed	330/1024 Partitions, Violations =	231
Routed	335/1024 Partitions, Violations =	283
Routed	340/1024 Partitions, Violations =	292
Routed	345/1024 Partitions, Violations =	309
Routed	350/1024 Partitions, Violations =	292
Routed	355/1024 Partitions, Violations =	298
Routed	360/1024 Partitions, Violations =	306
Routed	365/1024 Partitions, Violations =	328
Routed	370/1024 Partitions, Violations =	303
Routed	375/1024 Partitions, Violations =	281
Routed	380/1024 Partitions, Violations =	265
Routed	385/1024 Partitions, Violations =	271
Routed	390/1024 Partitions, Violations =	292
Routed	395/1024 Partitions, Violations =	309
Routed	400/1024 Partitions, Violations =	275
Routed	405/1024 Partitions, Violations =	306
Routed	410/1024 Partitions, Violations =	321
Routed	415/1024 Partitions, Violations =	282
Routed	420/1024 Partitions, Violations =	271
Routed	425/1024 Partitions, Violations =	294
Routed	430/1024 Partitions, Violations =	354
Routed	435/1024 Partitions, Violations =	331
Routed	440/1024 Partitions, Violations =	346
Routed	445/1024 Partitions, Violations =	414
Routed	450/1024 Partitions, Violations =	388
Routed	455/1024 Partitions, Violations =	444
Routed	460/1024 Partitions, Violations =	423
Routed	465/1024 Partitions, Violations =	454
Routed	470/1024 Partitions, Violations =	424
Routed	475/1024 Partitions, Violations =	451
Routed	480/1024 Partitions, Violations =	433
Routed	485/1024 Partitions, Violations =	446
Routed	490/1024 Partitions, Violations =	470
Routed	495/1024 Partitions, Violations =	420
Routed	500/1024 Partitions, Violations =	422
Routed	505/1024 Partitions, Violations =	458
Routed	510/1024 Partitions, Violations =	496
Routed	515/1024 Partitions, Violations =	501
Routed	520/1024 Partitions, Violations =	493
Routed	525/1024 Partitions, Violations =	548
Routed	530/1024 Partitions, Violations =	551
Routed	535/1024 Partitions, Violations =	556
Routed	540/1024 Partitions, Violations =	531
Routed	545/1024 Partitions, Violations =	535
Routed	550/1024 Partitions, Violations =	507
Routed	555/1024 Partitions, Violations =	501
Routed	560/1024 Partitions, Violations =	511
Routed	565/1024 Partitions, Violations =	488
Routed	570/1024 Partitions, Violations =	530
Routed	575/1024 Partitions, Violations =	523
Routed	580/1024 Partitions, Violations =	502
Routed	585/1024 Partitions, Violations =	526
Routed	590/1024 Partitions, Violations =	525
Routed	595/1024 Partitions, Violations =	549
Routed	600/1024 Partitions, Violations =	533
Routed	605/1024 Partitions, Violations =	532
Routed	610/1024 Partitions, Violations =	530
Routed	615/1024 Partitions, Violations =	534
Routed	620/1024 Partitions, Violations =	544
Routed	625/1024 Partitions, Violations =	523
Routed	630/1024 Partitions, Violations =	532
Routed	635/1024 Partitions, Violations =	521
Routed	640/1024 Partitions, Violations =	540
Routed	645/1024 Partitions, Violations =	537
Routed	650/1024 Partitions, Violations =	508
Routed	655/1024 Partitions, Violations =	526
Routed	660/1024 Partitions, Violations =	502
Routed	665/1024 Partitions, Violations =	540
Routed	670/1024 Partitions, Violations =	541
Routed	675/1024 Partitions, Violations =	589
Routed	680/1024 Partitions, Violations =	522
Routed	685/1024 Partitions, Violations =	482
Routed	690/1024 Partitions, Violations =	537
Routed	695/1024 Partitions, Violations =	559
Routed	700/1024 Partitions, Violations =	508
Routed	705/1024 Partitions, Violations =	510
Routed	710/1024 Partitions, Violations =	594
Routed	715/1024 Partitions, Violations =	552
Routed	720/1024 Partitions, Violations =	596
Routed	725/1024 Partitions, Violations =	618
Routed	730/1024 Partitions, Violations =	599
Routed	735/1024 Partitions, Violations =	627
Routed	740/1024 Partitions, Violations =	526
Routed	745/1024 Partitions, Violations =	545
Routed	750/1024 Partitions, Violations =	555
Routed	755/1024 Partitions, Violations =	593
Routed	760/1024 Partitions, Violations =	590
Routed	765/1024 Partitions, Violations =	593
Routed	770/1024 Partitions, Violations =	633
Routed	775/1024 Partitions, Violations =	623
Routed	780/1024 Partitions, Violations =	609
Routed	785/1024 Partitions, Violations =	623
Routed	790/1024 Partitions, Violations =	619
Routed	795/1024 Partitions, Violations =	630
Routed	800/1024 Partitions, Violations =	629
Routed	805/1024 Partitions, Violations =	593
Routed	810/1024 Partitions, Violations =	583
Routed	815/1024 Partitions, Violations =	586
Routed	820/1024 Partitions, Violations =	594
Routed	825/1024 Partitions, Violations =	575
Routed	830/1024 Partitions, Violations =	546
Routed	835/1024 Partitions, Violations =	603
Routed	840/1024 Partitions, Violations =	555
Routed	845/1024 Partitions, Violations =	582
Routed	850/1024 Partitions, Violations =	588
Routed	855/1024 Partitions, Violations =	537
Routed	860/1024 Partitions, Violations =	581
Routed	865/1024 Partitions, Violations =	556
Routed	870/1024 Partitions, Violations =	553
Routed	875/1024 Partitions, Violations =	569
Routed	880/1024 Partitions, Violations =	593
Routed	885/1024 Partitions, Violations =	499
Routed	890/1024 Partitions, Violations =	523
Routed	895/1024 Partitions, Violations =	528
Routed	900/1024 Partitions, Violations =	542
Routed	905/1024 Partitions, Violations =	509
Routed	910/1024 Partitions, Violations =	485
Routed	915/1024 Partitions, Violations =	472
Routed	920/1024 Partitions, Violations =	458
Routed	925/1024 Partitions, Violations =	491
Routed	930/1024 Partitions, Violations =	496
Routed	935/1024 Partitions, Violations =	469
Routed	940/1024 Partitions, Violations =	486
Routed	945/1024 Partitions, Violations =	479
Routed	950/1024 Partitions, Violations =	477
Routed	955/1024 Partitions, Violations =	482
Routed	960/1024 Partitions, Violations =	478
Routed	965/1024 Partitions, Violations =	486
Routed	970/1024 Partitions, Violations =	464
Routed	975/1024 Partitions, Violations =	415
Routed	980/1024 Partitions, Violations =	405
Routed	985/1024 Partitions, Violations =	382
Routed	990/1024 Partitions, Violations =	379
Routed	995/1024 Partitions, Violations =	378
Routed	1000/1024 Partitions, Violations =	342
Routed	1005/1024 Partitions, Violations =	329
Routed	1010/1024 Partitions, Violations =	346
Routed	1015/1024 Partitions, Violations =	341
Routed	1020/1024 Partitions, Violations =	306

DRC-SUMMARY:
	@@@@@@@ TOTAL VIOLATIONS =	263
	Diff net spacing : 9
	Diff net via-cut spacing : 2
	Less than minimum area : 126
	Same net spacing : 22
	Short : 99
	Internal-only types : 5

[Iter 0] Elapsed real time: 0:00:09 
[Iter 0] Elapsed cpu  time: sys=0:00:00 usr=0:01:23 total=0:01:24
[Iter 0] Stage (MB): Used   21  Alloctr   21  Proc  275 
[Iter 0] Total (MB): Used  168  Alloctr  174  Proc 2695 

End DR iteration 0 with 1024 parts

Start DR iteration 1: non-uniform partition
Routed	1/144 Partitions, Violations =	239
Routed	2/144 Partitions, Violations =	235
Routed	5/144 Partitions, Violations =	227
Routed	8/144 Partitions, Violations =	226
Routed	11/144 Partitions, Violations =	220
Routed	11/144 Partitions, Violations =	220
Routed	11/144 Partitions, Violations =	220
Routed	12/144 Partitions, Violations =	220
Routed	12/144 Partitions, Violations =	220
Routed	12/144 Partitions, Violations =	220
Routed	12/144 Partitions, Violations =	220
Routed	13/144 Partitions, Violations =	200
Routed	14/144 Partitions, Violations =	189
Routed	16/144 Partitions, Violations =	178
Routed	16/144 Partitions, Violations =	178
Routed	16/144 Partitions, Violations =	178
Routed	17/144 Partitions, Violations =	178
Routed	22/144 Partitions, Violations =	181
Routed	24/144 Partitions, Violations =	177
Routed	24/144 Partitions, Violations =	177
Routed	25/144 Partitions, Violations =	177
Routed	25/144 Partitions, Violations =	177
Routed	27/144 Partitions, Violations =	164
Routed	29/144 Partitions, Violations =	162
Routed	29/144 Partitions, Violations =	162
Routed	32/144 Partitions, Violations =	155
Routed	34/144 Partitions, Violations =	157
Routed	37/144 Partitions, Violations =	156
Routed	38/144 Partitions, Violations =	156
Routed	38/144 Partitions, Violations =	156
Routed	38/144 Partitions, Violations =	156
Routed	38/144 Partitions, Violations =	143
Routed	38/144 Partitions, Violations =	143
Routed	41/144 Partitions, Violations =	143
Routed	41/144 Partitions, Violations =	143
Routed	41/144 Partitions, Violations =	143
Routed	42/144 Partitions, Violations =	141
Routed	42/144 Partitions, Violations =	141
Routed	43/144 Partitions, Violations =	134
Routed	45/144 Partitions, Violations =	134
Routed	45/144 Partitions, Violations =	134
Routed	46/144 Partitions, Violations =	132
Routed	48/144 Partitions, Violations =	122
Routed	48/144 Partitions, Violations =	122
Routed	49/144 Partitions, Violations =	122
Routed	52/144 Partitions, Violations =	115
Routed	55/144 Partitions, Violations =	115
Routed	55/144 Partitions, Violations =	115
Routed	55/144 Partitions, Violations =	115
Routed	55/144 Partitions, Violations =	115
Routed	55/144 Partitions, Violations =	115
Routed	55/144 Partitions, Violations =	106
Routed	59/144 Partitions, Violations =	106
Routed	59/144 Partitions, Violations =	106
Routed	61/144 Partitions, Violations =	106
Routed	61/144 Partitions, Violations =	106
Routed	61/144 Partitions, Violations =	106
Routed	61/144 Partitions, Violations =	106
Routed	61/144 Partitions, Violations =	102
Routed	64/144 Partitions, Violations =	96
Routed	64/144 Partitions, Violations =	96
Routed	68/144 Partitions, Violations =	96
Routed	69/144 Partitions, Violations =	96
Routed	69/144 Partitions, Violations =	96
Routed	69/144 Partitions, Violations =	93
Routed	69/144 Partitions, Violations =	93
Routed	71/144 Partitions, Violations =	93
Routed	71/144 Partitions, Violations =	90
Routed	73/144 Partitions, Violations =	83
Routed	73/144 Partitions, Violations =	83
Routed	75/144 Partitions, Violations =	83
Routed	78/144 Partitions, Violations =	83
Routed	79/144 Partitions, Violations =	79
Routed	79/144 Partitions, Violations =	79
Routed	82/144 Partitions, Violations =	79
Routed	82/144 Partitions, Violations =	79
Routed	82/144 Partitions, Violations =	77
Routed	83/144 Partitions, Violations =	76
Routed	83/144 Partitions, Violations =	76
Routed	83/144 Partitions, Violations =	74
Routed	85/144 Partitions, Violations =	69
Routed	86/144 Partitions, Violations =	69
Routed	91/144 Partitions, Violations =	68
Routed	91/144 Partitions, Violations =	68
Routed	91/144 Partitions, Violations =	65
Routed	91/144 Partitions, Violations =	65
Routed	92/144 Partitions, Violations =	65
Routed	94/144 Partitions, Violations =	65
Routed	95/144 Partitions, Violations =	61
Routed	98/144 Partitions, Violations =	61
Routed	98/144 Partitions, Violations =	61
Routed	98/144 Partitions, Violations =	61
Routed	98/144 Partitions, Violations =	57
Routed	98/144 Partitions, Violations =	57
Routed	98/144 Partitions, Violations =	57
Routed	102/144 Partitions, Violations =	54
Routed	102/144 Partitions, Violations =	54
Routed	103/144 Partitions, Violations =	54
Routed	103/144 Partitions, Violations =	54
Routed	105/144 Partitions, Violations =	52
Routed	108/144 Partitions, Violations =	48
Routed	108/144 Partitions, Violations =	48
Routed	111/144 Partitions, Violations =	48
Routed	111/144 Partitions, Violations =	48
Routed	111/144 Partitions, Violations =	48
Routed	111/144 Partitions, Violations =	47
Routed	112/144 Partitions, Violations =	43
Routed	112/144 Partitions, Violations =	43
Routed	115/144 Partitions, Violations =	40
Routed	117/144 Partitions, Violations =	40
Routed	118/144 Partitions, Violations =	38
Routed	118/144 Partitions, Violations =	38
Routed	118/144 Partitions, Violations =	38
Routed	118/144 Partitions, Violations =	38
Routed	120/144 Partitions, Violations =	38
Routed	120/144 Partitions, Violations =	33
Routed	126/144 Partitions, Violations =	32
Routed	127/144 Partitions, Violations =	32
Routed	127/144 Partitions, Violations =	32
Routed	127/144 Partitions, Violations =	31
Routed	127/144 Partitions, Violations =	31
Routed	128/144 Partitions, Violations =	29
Routed	128/144 Partitions, Violations =	29
Routed	130/144 Partitions, Violations =	28
Routed	131/144 Partitions, Violations =	25
Routed	131/144 Partitions, Violations =	25
Routed	131/144 Partitions, Violations =	25
Routed	131/144 Partitions, Violations =	25
Routed	131/144 Partitions, Violations =	25
Routed	131/144 Partitions, Violations =	25
Routed	134/144 Partitions, Violations =	25
Routed	134/144 Partitions, Violations =	25
Routed	134/144 Partitions, Violations =	25
Routed	134/144 Partitions, Violations =	25
Routed	135/144 Partitions, Violations =	22
Routed	136/144 Partitions, Violations =	22
Routed	137/144 Partitions, Violations =	21
Routed	138/144 Partitions, Violations =	20
Routed	139/144 Partitions, Violations =	19
Routed	140/144 Partitions, Violations =	18
Routed	141/144 Partitions, Violations =	17
Routed	142/144 Partitions, Violations =	16
Routed	143/144 Partitions, Violations =	15
Routed	144/144 Partitions, Violations =	14

DRC-SUMMARY:
	@@@@@@@ TOTAL VIOLATIONS =	14
	Short : 14

[Iter 1] Elapsed real time: 0:00:11 
[Iter 1] Elapsed cpu  time: sys=0:00:01 usr=0:01:33 total=0:01:34
[Iter 1] Stage (MB): Used   21  Alloctr   21  Proc  275 
[Iter 1] Total (MB): Used  168  Alloctr  174  Proc 2695 

End DR iteration 1 with 144 parts

Start DR iteration 2: non-uniform partition
Routed	1/6 Partitions, Violations =	4
Routed	2/6 Partitions, Violations =	4
Routed	3/6 Partitions, Violations =	6
Routed	4/6 Partitions, Violations =	6
Routed	5/6 Partitions, Violations =	8
Routed	6/6 Partitions, Violations =	10

DRC-SUMMARY:
	@@@@@@@ TOTAL VIOLATIONS =	10
	Short : 10

[Iter 2] Elapsed real time: 0:00:11 
[Iter 2] Elapsed cpu  time: sys=0:00:01 usr=0:01:33 total=0:01:35
[Iter 2] Stage (MB): Used   21  Alloctr   21  Proc  275 
[Iter 2] Total (MB): Used  168  Alloctr  174  Proc 2695 

End DR iteration 2 with 6 parts

Start DR iteration 3: non-uniform partition
Routed	1/4 Partitions, Violations =	2
Routed	2/4 Partitions, Violations =	2
Routed	3/4 Partitions, Violations =	4
Routed	4/4 Partitions, Violations =	4

DRC-SUMMARY:
	@@@@@@@ TOTAL VIOLATIONS =	4
	Short : 4

[Iter 3] Elapsed real time: 0:00:11 
[Iter 3] Elapsed cpu  time: sys=0:00:01 usr=0:01:34 total=0:01:35
[Iter 3] Stage (MB): Used   21  Alloctr   21  Proc  275 
[Iter 3] Total (MB): Used  168  Alloctr  174  Proc 2695 

End DR iteration 3 with 4 parts

Start DR iteration 4: non-uniform partition
Routed	1/2 Partitions, Violations =	2
Routed	2/2 Partitions, Violations =	4

DRC-SUMMARY:
	@@@@@@@ TOTAL VIOLATIONS =	4
	Short : 4

[Iter 4] Elapsed real time: 0:00:11 
[Iter 4] Elapsed cpu  time: sys=0:00:01 usr=0:01:35 total=0:01:36
[Iter 4] Stage (MB): Used   21  Alloctr   21  Proc  275 
[Iter 4] Total (MB): Used  168  Alloctr  174  Proc 2695 

End DR iteration 4 with 2 parts

Start DR iteration 5: non-uniform partition
Routed	1/2 Partitions, Violations =	2
Routed	2/2 Partitions, Violations =	4

DRC-SUMMARY:
	@@@@@@@ TOTAL VIOLATIONS =	4
	Short : 4

[Iter 5] Elapsed real time: 0:00:11 
[Iter 5] Elapsed cpu  time: sys=0:00:01 usr=0:01:36 total=0:01:37
[Iter 5] Stage (MB): Used   21  Alloctr   21  Proc  275 
[Iter 5] Total (MB): Used  168  Alloctr  174  Proc 2695 

End DR iteration 5 with 2 parts

Start DR iteration 6: non-uniform partition
Routed	1/2 Partitions, Violations =	2
Routed	2/2 Partitions, Violations =	4

DRC-SUMMARY:
	@@@@@@@ TOTAL VIOLATIONS =	4
	Short : 4

[Iter 6] Elapsed real time: 0:00:11 
[Iter 6] Elapsed cpu  time: sys=0:00:01 usr=0:01:37 total=0:01:39
[Iter 6] Stage (MB): Used   21  Alloctr   21  Proc  275 
[Iter 6] Total (MB): Used  168  Alloctr  174  Proc 2695 

End DR iteration 6 with 2 parts

Start DR iteration 7: non-uniform partition
Routed	1/2 Partitions, Violations =	2
Routed	2/2 Partitions, Violations =	4

DRC-SUMMARY:
	@@@@@@@ TOTAL VIOLATIONS =	4
	Short : 4

[Iter 7] Elapsed real time: 0:00:12 
[Iter 7] Elapsed cpu  time: sys=0:00:01 usr=0:01:39 total=0:01:40
[Iter 7] Stage (MB): Used   21  Alloctr   21  Proc  275 
[Iter 7] Total (MB): Used  168  Alloctr  174  Proc 2695 

End DR iteration 7 with 2 parts

Start DR iteration 8: non-uniform partition
Routed	1/2 Partitions, Violations =	2
Routed	2/2 Partitions, Violations =	4

DRC-SUMMARY:
	@@@@@@@ TOTAL VIOLATIONS =	4
	Short : 4

[Iter 8] Elapsed real time: 0:00:12 
[Iter 8] Elapsed cpu  time: sys=0:00:01 usr=0:01:40 total=0:01:41
[Iter 8] Stage (MB): Used   21  Alloctr   21  Proc  275 
[Iter 8] Total (MB): Used  168  Alloctr  174  Proc 2695 

End DR iteration 8 with 2 parts

Start DR iteration 9: non-uniform partition
Routed	1/2 Partitions, Violations =	4
Routed	2/2 Partitions, Violations =	4

DRC-SUMMARY:
	@@@@@@@ TOTAL VIOLATIONS =	4
	Short : 4

[Iter 9] Elapsed real time: 0:00:12 
[Iter 9] Elapsed cpu  time: sys=0:00:01 usr=0:01:40 total=0:01:42
[Iter 9] Stage (MB): Used   21  Alloctr   21  Proc  275 
[Iter 9] Total (MB): Used  168  Alloctr  174  Proc 2695 

End DR iteration 9 with 2 parts

Start DR iteration 10: non-uniform partition
Routed	1/2 Partitions, Violations =	2
Routed	2/2 Partitions, Violations =	4

DRC-SUMMARY:
	@@@@@@@ TOTAL VIOLATIONS =	4
	Short : 4

[Iter 10] Elapsed real time: 0:00:12 
[Iter 10] Elapsed cpu  time: sys=0:00:01 usr=0:01:42 total=0:01:44
[Iter 10] Stage (MB): Used   21  Alloctr   21  Proc  275 
[Iter 10] Total (MB): Used  168  Alloctr  174  Proc 2695 

End DR iteration 10 with 2 parts

Start DR iteration 11: non-uniform partition
Routed	1/2 Partitions, Violations =	2
Routed	2/2 Partitions, Violations =	4

DRC-SUMMARY:
	@@@@@@@ TOTAL VIOLATIONS =	4
	Short : 4

[Iter 11] Elapsed real time: 0:00:12 
[Iter 11] Elapsed cpu  time: sys=0:00:02 usr=0:01:43 total=0:01:45
[Iter 11] Stage (MB): Used   21  Alloctr   21  Proc  275 
[Iter 11] Total (MB): Used  168  Alloctr  174  Proc 2695 

End DR iteration 11 with 2 parts

Start DR iteration 12: non-uniform partition
Routed	1/2 Partitions, Violations =	2
Routed	2/2 Partitions, Violations =	4

DRC-SUMMARY:
	@@@@@@@ TOTAL VIOLATIONS =	4
	Short : 4

[Iter 12] Elapsed real time: 0:00:13 
[Iter 12] Elapsed cpu  time: sys=0:00:02 usr=0:01:44 total=0:01:46
[Iter 12] Stage (MB): Used   21  Alloctr   21  Proc  275 
[Iter 12] Total (MB): Used  168  Alloctr  174  Proc 2695 

End DR iteration 12 with 2 parts

Start DR iteration 13: non-uniform partition
Routed	1/2 Partitions, Violations =	2
Routed	2/2 Partitions, Violations =	4

DRC-SUMMARY:
	@@@@@@@ TOTAL VIOLATIONS =	4
	Short : 4

[Iter 13] Elapsed real time: 0:00:13 
[Iter 13] Elapsed cpu  time: sys=0:00:02 usr=0:01:45 total=0:01:47
[Iter 13] Stage (MB): Used   21  Alloctr   21  Proc  275 
[Iter 13] Total (MB): Used  168  Alloctr  174  Proc 2695 

End DR iteration 13 with 2 parts

Start DR iteration 14: non-uniform partition
Routed	1/2 Partitions, Violations =	2
Routed	2/2 Partitions, Violations =	4

DRC-SUMMARY:
	@@@@@@@ TOTAL VIOLATIONS =	4
	Short : 4

[Iter 14] Elapsed real time: 0:00:13 
[Iter 14] Elapsed cpu  time: sys=0:00:02 usr=0:01:45 total=0:01:48
[Iter 14] Stage (MB): Used   21  Alloctr   21  Proc  275 
[Iter 14] Total (MB): Used  168  Alloctr  174  Proc 2695 

End DR iteration 14 with 2 parts

Stop DR since not converging

Information: Detail Routing terminated early because DRCs were not converging: true (ZRT-312)
Information: Merged away 2 aligned/redundant DRCs. (ZRT-305)

DR finished with 2 violations


DRC-SUMMARY:
	@@@@@@@ TOTAL VIOLATIONS =	2
	Short : 2


Total Wire Length =                    890517 micron
Total Number of Contacts =             356688
Total Number of Wires =                295255
Total Number of PtConns =              77193
Total Number of Routed Wires =       295255
Total Routed Wire Length =           878987 micron
Total Number of Routed Contacts =       356688
	Layer             M1 :       4563 micron
	Layer             M2 :     222815 micron
	Layer             M3 :     286416 micron
	Layer             M4 :      88533 micron
	Layer             M5 :      96401 micron
	Layer             M6 :      86252 micron
	Layer             M7 :      57890 micron
	Layer             M8 :      45814 micron
	Layer             M9 :       1831 micron
	Layer           MRDL :          0 micron
	Via     VIA89_C(rot) :         96
	Via        VIA78SQ_C :       3357
	Via       VIA78BAR_C :          3
	Via    VIA78SQ_C_2x1 :         29
	Via        VIA67SQ_C :          8
	Via   VIA67SQ_C(rot) :       6706
	Via        VIA56SQ_C :      13907
	Via   VIA56SQ_C(rot) :          3
	Via        VIA45SQ_C :        887
	Via   VIA45SQ_C(rot) :      22051
	Via        VIA34SQ_C :      32916
	Via   VIA34SQ_C(rot) :        132
	Via        VIA23SQ_C :        836
	Via   VIA23SQ_C(rot) :     142741
	Via        VIA12SQ_C :     127126
	Via   VIA12SQ_C(rot) :       5832
	Via       VIA12BAR_C :         48
	Via    VIA12SQ_C_2x1 :         10

 
Redundant via conversion report:
--------------------------------

  Total optimized via conversion rate =  0.01% (39 / 356688 vias)
 
    Layer VIA1       =  0.01% (10     / 133016  vias)
        Weight 1     =  0.01% (10      vias)
        Un-optimized =  0.00% (0       vias)
        Un-mapped    = 99.99% (133006  vias)
    Layer VIA2       =  0.00% (0      / 143577  vias)
        Un-optimized =  0.00% (0       vias)
        Un-mapped    = 100.00% (143577  vias)
    Layer VIA3       =  0.00% (0      / 33048   vias)
        Un-optimized =  0.00% (0       vias)
        Un-mapped    = 100.00% (33048   vias)
    Layer VIA4       =  0.00% (0      / 22938   vias)
        Un-optimized =  0.00% (0       vias)
        Un-mapped    = 100.00% (22938   vias)
    Layer VIA5       =  0.00% (0      / 13910   vias)
        Un-optimized =  0.00% (0       vias)
        Un-mapped    = 100.00% (13910   vias)
    Layer VIA6       =  0.00% (0      / 6714    vias)
        Un-optimized =  0.00% (0       vias)
        Un-mapped    = 100.00% (6714    vias)
    Layer VIA7       =  0.86% (29     / 3389    vias)
        Weight 1     =  0.86% (29      vias)
        Un-optimized =  0.00% (0       vias)
        Un-mapped    = 99.14% (3360    vias)
    Layer VIA8       =  0.00% (0      / 96      vias)
        Un-optimized =  0.00% (0       vias)
        Un-mapped    = 100.00% (96      vias)
 
  Total double via conversion rate    =  0.01% (39 / 356688 vias)
 
    Layer VIA1       =  0.01% (10     / 133016  vias)
    Layer VIA2       =  0.00% (0      / 143577  vias)
    Layer VIA3       =  0.00% (0      / 33048   vias)
    Layer VIA4       =  0.00% (0      / 22938   vias)
    Layer VIA5       =  0.00% (0      / 13910   vias)
    Layer VIA6       =  0.00% (0      / 6714    vias)
    Layer VIA7       =  0.86% (29     / 3389    vias)
    Layer VIA8       =  0.00% (0      / 96      vias)
 
  The optimized via conversion rate based on total routed via count =  0.01% (39 / 356688 vias)
 
    Layer VIA1       =  0.01% (10     / 133016  vias)
        Weight 1     =  0.01% (10      vias)
        Un-optimized =  0.00% (0       vias)
        Un-mapped    = 99.99% (133006  vias)
    Layer VIA2       =  0.00% (0      / 143577  vias)
        Un-optimized =  0.00% (0       vias)
        Un-mapped    = 100.00% (143577  vias)
    Layer VIA3       =  0.00% (0      / 33048   vias)
        Un-optimized =  0.00% (0       vias)
        Un-mapped    = 100.00% (33048   vias)
    Layer VIA4       =  0.00% (0      / 22938   vias)
        Un-optimized =  0.00% (0       vias)
        Un-mapped    = 100.00% (22938   vias)
    Layer VIA5       =  0.00% (0      / 13910   vias)
        Un-optimized =  0.00% (0       vias)
        Un-mapped    = 100.00% (13910   vias)
    Layer VIA6       =  0.00% (0      / 6714    vias)
        Un-optimized =  0.00% (0       vias)
        Un-mapped    = 100.00% (6714    vias)
    Layer VIA7       =  0.86% (29     / 3389    vias)
        Weight 1     =  0.86% (29      vias)
        Un-optimized =  0.00% (0       vias)
        Un-mapped    = 99.14% (3360    vias)
    Layer VIA8       =  0.00% (0      / 96      vias)
        Un-optimized =  0.00% (0       vias)
        Un-mapped    = 100.00% (96      vias)
 



Begin timing optimization in DR ...

Printing options for 'route.common.*'
common.verbose_level                                    :	 0                   

Printing options for 'route.detail.*'
detail.antenna                                          :	 true                
detail.check_patchable_drc_from_fixed_shapes            :	 true                
detail.drc_convergence_effort_level                     :	 high                
detail.eco_max_number_of_iterations                     :	 60                  
detail.force_end_on_preferred_grid                      :	 true                
detail.timing_driven                                    :	 true                

Printing options for 'route.auto_via_ladder.*'

Information: RC layer preference is turned on for this design. (ZRT-613)
[Dr init] Elapsed real time: 0:00:13 
[Dr init] Elapsed cpu  time: sys=0:00:02 usr=0:01:46 total=0:01:48
[Dr init] Stage (MB): Used   12  Alloctr   12  Proc  275 
[Dr init] Total (MB): Used  159  Alloctr  165  Proc 2695 

Begin timing soft drc check ...

Created 0 soft drcs


DRC-SUMMARY:
	@@@@@@@ TOTAL VIOLATIONS =	2
[SOFT DRC] Elapsed real time: 0:00:00 
[SOFT DRC] Elapsed cpu  time: sys=0:00:00 usr=0:00:00 total=0:00:00
[SOFT DRC] Stage (MB): Used    0  Alloctr    0  Proc    0 
[SOFT DRC] Total (MB): Used  160  Alloctr  166  Proc 2695 
[DR] Elapsed real time: 0:00:13 
[DR] Elapsed cpu  time: sys=0:00:02 usr=0:01:46 total=0:01:48
[DR] Stage (MB): Used    5  Alloctr    5  Proc  275 
[DR] Total (MB): Used  152  Alloctr  159  Proc 2695 
[DR: Done] Elapsed real time: 0:00:13 
[DR: Done] Elapsed cpu  time: sys=0:00:02 usr=0:01:46 total=0:01:48
[DR: Done] Stage (MB): Used    5  Alloctr    5  Proc  275 
[DR: Done] Total (MB): Used  152  Alloctr  159  Proc 2695 


Finished timing optimization in DR ...


Nets that have been changed:
Net 1 = symbol_mapper_to_ppdu/u_form_ppdu/net_aps_42
Net 2 = payload[7]
Net 3 = payload[6]
Net 4 = payload[5]
Net 5 = payload[4]
Net 6 = payload[3]
Net 7 = payload[2]
Net 8 = payload[1]
Net 9 = payload[0]
Net 10 = payload_length[6]
Net 11 = payload_length[5]
Net 12 = payload_length[4]
Net 13 = payload_length[3]
Net 14 = payload_length[2]
Net 15 = payload_length[1]
Net 16 = payload_length[0]
Net 17 = start_tx
Net 18 = tx_real[7]
Net 19 = tx_real[6]
Net 20 = tx_real[5]
Net 21 = tx_real[4]
Net 22 = tx_real[3]
Net 23 = tx_real[2]
Net 24 = tx_real[1]
Net 25 = tx_real[0]
Net 26 = tx_imag[7]
Net 27 = tx_imag[6]
Net 28 = tx_imag[5]
Net 29 = tx_imag[4]
Net 30 = tx_imag[3]
Net 31 = tx_imag[2]
Net 32 = tx_imag[1]
Net 33 = tx_imag[0]
Net 34 = PLACE_HFSNET_5273
Net 35 = n3
Net 36 = DEMUX/PLACE_HFSNET_0
Net 37 = DEMUX/PLACE_HFSNET_1
Net 38 = DQPSK_CSK/CSK_GEN_DUT/PLACE_HFSNET_1
Net 39 = counter_wren
Net 40 = zeropadding_nextitem
Net 41 = payload_fifo_full
Net 42 = payload_fifo_empty
Net 43 = zeropadding_en
Net 44 = zeropadding_valid
Net 45 = zeropadding_out
Net 46 = demux_valid
Net 47 = ppdu_i
Net 48 = ppdu_q
Net 49 = ppdu_valid
Net 50 = qpsk_valid
Net 51 = symbol_mapper_to_ppdu/u_form_ppdu/net_aps_43
Net 52 = symbol_mapper_to_ppdu/u_form_ppdu/net_aps_44
Net 53 = symbol_mapper_to_ppdu/u_form_ppdu/net_aps_45
Net 54 = symbol_mapper_to_ppdu/u_form_ppdu/net_aps_46
Net 55 = symbol_mapper_to_ppdu/u_form_ppdu/net_aps_47
Net 56 = symbol_mapper_to_ppdu/u_form_ppdu/net_aps_48
Net 57 = symbol_mapper_to_ppdu/u_form_ppdu/net_aps_49
Net 58 = symbol_mapper_to_ppdu/u_form_ppdu/net_aps_50
Net 59 = payload_fifo_out[7]
Net 60 = payload_fifo_out[6]
Net 61 = payload_fifo_out[5]
Net 62 = payload_fifo_out[4]
Net 63 = payload_fifo_out[3]
Net 64 = payload_fifo_out[2]
Net 65 = payload_fifo_out[1]
Net 66 = payload_fifo_out[0]
Net 67 = e_demux_branch[2]
Net 68 = e_demux_branch[1]
Net 69 = e_demux_branch[0]
Net 70 = o_demux_branch[2]
Net 71 = o_demux_branch[1]
Net 72 = o_demux_branch[0]
Net 73 = qpsk_real_o[1]
Net 74 = qpsk_real_o[0]
Net 75 = qpsk_imag_o[1]
Net 76 = qpsk_imag_o[0]
Net 77 = ZeroPadding/PLACE_HFSNET_957
Net 78 = payload_ram/PLACE_HFSNET_906
Net 79 = payload_ram/PLACE_HFSNET_853
Net 80 = payload_ram/PLACE_HFSNET_800
Net 81 = payload_ram/PLACE_HFSNET_748
Net 82 = payload_ram/PLACE_HFSNET_694
Net 83 = payload_ram/PLACE_HFSNET_645
Net 84 = payload_ram/PLACE_HFSNET_593
Net 85 = payload_ram/aps_rename_1_
Net 86 = payload_ram/aps_rename_2_
Net 87 = payload_ram/aps_rename_3_
Net 88 = payload_ram/aps_rename_4_
Net 89 = payload_ram/aps_rename_5_
Net 90 = payload_ram/aps_rename_6_
Net 91 = symbol_mapper_to_ppdu/u_form_ppdu/net_aps_51
Net 92 = payload_ram/N16
Net 93 = payload_ram/N17
Net 94 = payload_ram/N18
Net 95 = payload_ram/N19
Net 96 = payload_ram/N20
Net 97 = payload_ram/N21
Net 98 = payload_ram/rd_from_addr[7]
Net 99 = payload_ram/PLACE_HFSNET_5281
Net 100 = payload_ram/N159
.... and 46705 other nets
Total number of changed nets = 46805 (out of 47509)

[DR: Done] Elapsed real time: 0:00:13 
[DR: Done] Elapsed cpu  time: sys=0:00:02 usr=0:01:46 total=0:01:48
[DR: Done] Stage (MB): Used    5  Alloctr    5  Proc  275 
[DR: Done] Total (MB): Used  152  Alloctr  158  Proc 2695 
[ECO: DR] Elapsed real time: 0:00:35 
[ECO: DR] Elapsed cpu  time: sys=0:00:05 usr=0:03:42 total=0:03:48
[ECO: DR] Stage (MB): Used  151  Alloctr  157  Proc  584 
[ECO: DR] Total (MB): Used  152  Alloctr  158  Proc 2695 

ECO Route finished with 0 open nets, of which 0 are frozen

ECO Route finished with 2 violations

DRC-SUMMARY:
	@@@@@@@ TOTAL VIOLATIONS =	2
	Short : 2



Total Wire Length =                    890517 micron
Total Number of Contacts =             356688
Total Number of Wires =                295255
Total Number of PtConns =              77193
Total Number of Routed Wires =       295255
Total Routed Wire Length =           878987 micron
Total Number of Routed Contacts =       356688
	Layer             M1 :       4563 micron
	Layer             M2 :     222815 micron
	Layer             M3 :     286416 micron
	Layer             M4 :      88533 micron
	Layer             M5 :      96401 micron
	Layer             M6 :      86252 micron
	Layer             M7 :      57890 micron
	Layer             M8 :      45814 micron
	Layer             M9 :       1831 micron
	Layer           MRDL :          0 micron
	Via     VIA89_C(rot) :         96
	Via        VIA78SQ_C :       3357
	Via       VIA78BAR_C :          3
	Via    VIA78SQ_C_2x1 :         29
	Via        VIA67SQ_C :          8
	Via   VIA67SQ_C(rot) :       6706
	Via        VIA56SQ_C :      13907
	Via   VIA56SQ_C(rot) :          3
	Via        VIA45SQ_C :        887
	Via   VIA45SQ_C(rot) :      22051
	Via        VIA34SQ_C :      32916
	Via   VIA34SQ_C(rot) :        132
	Via        VIA23SQ_C :        836
	Via   VIA23SQ_C(rot) :     142741
	Via        VIA12SQ_C :     127126
	Via   VIA12SQ_C(rot) :       5832
	Via       VIA12BAR_C :         48
	Via    VIA12SQ_C_2x1 :         10

 
Redundant via conversion report:
--------------------------------

  Total optimized via conversion rate =  0.01% (39 / 356688 vias)
 
    Layer VIA1       =  0.01% (10     / 133016  vias)
        Weight 1     =  0.01% (10      vias)
        Un-optimized =  0.00% (0       vias)
        Un-mapped    = 99.99% (133006  vias)
    Layer VIA2       =  0.00% (0      / 143577  vias)
        Un-optimized =  0.00% (0       vias)
        Un-mapped    = 100.00% (143577  vias)
    Layer VIA3       =  0.00% (0      / 33048   vias)
        Un-optimized =  0.00% (0       vias)
        Un-mapped    = 100.00% (33048   vias)
    Layer VIA4       =  0.00% (0      / 22938   vias)
        Un-optimized =  0.00% (0       vias)
        Un-mapped    = 100.00% (22938   vias)
    Layer VIA5       =  0.00% (0      / 13910   vias)
        Un-optimized =  0.00% (0       vias)
        Un-mapped    = 100.00% (13910   vias)
    Layer VIA6       =  0.00% (0      / 6714    vias)
        Un-optimized =  0.00% (0       vias)
        Un-mapped    = 100.00% (6714    vias)
    Layer VIA7       =  0.86% (29     / 3389    vias)
        Weight 1     =  0.86% (29      vias)
        Un-optimized =  0.00% (0       vias)
        Un-mapped    = 99.14% (3360    vias)
    Layer VIA8       =  0.00% (0      / 96      vias)
        Un-optimized =  0.00% (0       vias)
        Un-mapped    = 100.00% (96      vias)
 
  Total double via conversion rate    =  0.01% (39 / 356688 vias)
 
    Layer VIA1       =  0.01% (10     / 133016  vias)
    Layer VIA2       =  0.00% (0      / 143577  vias)
    Layer VIA3       =  0.00% (0      / 33048   vias)
    Layer VIA4       =  0.00% (0      / 22938   vias)
    Layer VIA5       =  0.00% (0      / 13910   vias)
    Layer VIA6       =  0.00% (0      / 6714    vias)
    Layer VIA7       =  0.86% (29     / 3389    vias)
    Layer VIA8       =  0.00% (0      / 96      vias)
 
  The optimized via conversion rate based on total routed via count =  0.01% (39 / 356688 vias)
 
    Layer VIA1       =  0.01% (10     / 133016  vias)
        Weight 1     =  0.01% (10      vias)
        Un-optimized =  0.00% (0       vias)
        Un-mapped    = 99.99% (133006  vias)
    Layer VIA2       =  0.00% (0      / 143577  vias)
        Un-optimized =  0.00% (0       vias)
        Un-mapped    = 100.00% (143577  vias)
    Layer VIA3       =  0.00% (0      / 33048   vias)
        Un-optimized =  0.00% (0       vias)
        Un-mapped    = 100.00% (33048   vias)
    Layer VIA4       =  0.00% (0      / 22938   vias)
        Un-optimized =  0.00% (0       vias)
        Un-mapped    = 100.00% (22938   vias)
    Layer VIA5       =  0.00% (0      / 13910   vias)
        Un-optimized =  0.00% (0       vias)
        Un-mapped    = 100.00% (13910   vias)
    Layer VIA6       =  0.00% (0      / 6714    vias)
        Un-optimized =  0.00% (0       vias)
        Un-mapped    = 100.00% (6714    vias)
    Layer VIA7       =  0.86% (29     / 3389    vias)
        Weight 1     =  0.86% (29      vias)
        Un-optimized =  0.00% (0       vias)
        Un-mapped    = 99.14% (3360    vias)
    Layer VIA8       =  0.00% (0      / 96      vias)
        Un-optimized =  0.00% (0       vias)
        Un-mapped    = 100.00% (96      vias)
 

Total number of nets = 47509
0 open nets, of which 0 are frozen
Total number of excluded ports = 0 ports of 0 unplaced cells connected to 0 nets
                                 0 ports without pins of 0 cells connected to 0 nets
                                 0 ports of 0 cover cells connected to 0 non-pg nets
Total number of DRCs = 2
Total number of antenna violations = antenna checking not active
Information: Routes in non-preferred voltage areas = 0 (ZRT-559)

Total Wire Length =                    890517 micron
Total Number of Contacts =             356688
Total Number of Wires =                295255
Total Number of PtConns =              77193
Total Number of Routed Wires =       295255
Total Routed Wire Length =           878987 micron
Total Number of Routed Contacts =       356688
	Layer             M1 :       4563 micron
	Layer             M2 :     222815 micron
	Layer             M3 :     286416 micron
	Layer             M4 :      88533 micron
	Layer             M5 :      96401 micron
	Layer             M6 :      86252 micron
	Layer             M7 :      57890 micron
	Layer             M8 :      45814 micron
	Layer             M9 :       1831 micron
	Layer           MRDL :          0 micron
	Via     VIA89_C(rot) :         96
	Via        VIA78SQ_C :       3357
	Via       VIA78BAR_C :          3
	Via    VIA78SQ_C_2x1 :         29
	Via        VIA67SQ_C :          8
	Via   VIA67SQ_C(rot) :       6706
	Via        VIA56SQ_C :      13907
	Via   VIA56SQ_C(rot) :          3
	Via        VIA45SQ_C :        887
	Via   VIA45SQ_C(rot) :      22051
	Via        VIA34SQ_C :      32916
	Via   VIA34SQ_C(rot) :        132
	Via        VIA23SQ_C :        836
	Via   VIA23SQ_C(rot) :     142741
	Via        VIA12SQ_C :     127126
	Via   VIA12SQ_C(rot) :       5832
	Via       VIA12BAR_C :         48
	Via    VIA12SQ_C_2x1 :         10

 
Redundant via conversion report:
--------------------------------

  Total optimized via conversion rate =  0.01% (39 / 356688 vias)
 
    Layer VIA1       =  0.01% (10     / 133016  vias)
        Weight 1     =  0.01% (10      vias)
        Un-optimized =  0.00% (0       vias)
        Un-mapped    = 99.99% (133006  vias)
    Layer VIA2       =  0.00% (0      / 143577  vias)
        Un-optimized =  0.00% (0       vias)
        Un-mapped    = 100.00% (143577  vias)
    Layer VIA3       =  0.00% (0      / 33048   vias)
        Un-optimized =  0.00% (0       vias)
        Un-mapped    = 100.00% (33048   vias)
    Layer VIA4       =  0.00% (0      / 22938   vias)
        Un-optimized =  0.00% (0       vias)
        Un-mapped    = 100.00% (22938   vias)
    Layer VIA5       =  0.00% (0      / 13910   vias)
        Un-optimized =  0.00% (0       vias)
        Un-mapped    = 100.00% (13910   vias)
    Layer VIA6       =  0.00% (0      / 6714    vias)
        Un-optimized =  0.00% (0       vias)
        Un-mapped    = 100.00% (6714    vias)
    Layer VIA7       =  0.86% (29     / 3389    vias)
        Weight 1     =  0.86% (29      vias)
        Un-optimized =  0.00% (0       vias)
        Un-mapped    = 99.14% (3360    vias)
    Layer VIA8       =  0.00% (0      / 96      vias)
        Un-optimized =  0.00% (0       vias)
        Un-mapped    = 100.00% (96      vias)
 
  Total double via conversion rate    =  0.01% (39 / 356688 vias)
 
    Layer VIA1       =  0.01% (10     / 133016  vias)
    Layer VIA2       =  0.00% (0      / 143577  vias)
    Layer VIA3       =  0.00% (0      / 33048   vias)
    Layer VIA4       =  0.00% (0      / 22938   vias)
    Layer VIA5       =  0.00% (0      / 13910   vias)
    Layer VIA6       =  0.00% (0      / 6714    vias)
    Layer VIA7       =  0.86% (29     / 3389    vias)
    Layer VIA8       =  0.00% (0      / 96      vias)
 
  The optimized via conversion rate based on total routed via count =  0.01% (39 / 356688 vias)
 
    Layer VIA1       =  0.01% (10     / 133016  vias)
        Weight 1     =  0.01% (10      vias)
        Un-optimized =  0.00% (0       vias)
        Un-mapped    = 99.99% (133006  vias)
    Layer VIA2       =  0.00% (0      / 143577  vias)
        Un-optimized =  0.00% (0       vias)
        Un-mapped    = 100.00% (143577  vias)
    Layer VIA3       =  0.00% (0      / 33048   vias)
        Un-optimized =  0.00% (0       vias)
        Un-mapped    = 100.00% (33048   vias)
    Layer VIA4       =  0.00% (0      / 22938   vias)
        Un-optimized =  0.00% (0       vias)
        Un-mapped    = 100.00% (22938   vias)
    Layer VIA5       =  0.00% (0      / 13910   vias)
        Un-optimized =  0.00% (0       vias)
        Un-mapped    = 100.00% (13910   vias)
    Layer VIA6       =  0.00% (0      / 6714    vias)
        Un-optimized =  0.00% (0       vias)
        Un-mapped    = 100.00% (6714    vias)
    Layer VIA7       =  0.86% (29     / 3389    vias)
        Weight 1     =  0.86% (29      vias)
        Un-optimized =  0.00% (0       vias)
        Un-mapped    = 99.14% (3360    vias)
    Layer VIA8       =  0.00% (0      / 96      vias)
        Un-optimized =  0.00% (0       vias)
        Un-mapped    = 100.00% (96      vias)
 
Topology ECO not run, no qualifying violations or in frozen nets.
Updating the database ...
...updated 93610 nets
[ECO: End] Elapsed real time: 0:00:36 
[ECO: End] Elapsed cpu  time: sys=0:00:05 usr=0:03:43 total=0:03:49
[ECO: End] Stage (MB): Used    0  Alloctr    0  Proc  584 
[ECO: End] Total (MB): Used    1  Alloctr    2  Proc 2695 
Information: The stitching and editing of coupling caps is turned ON for design 'zigbee_F.dlib:zigbee_F_routing.design'. (TIM-125)
Begin building search trees for block zigbee_F.dlib:zigbee_F_routing.design
Done building search trees for block zigbee_F.dlib:zigbee_F_routing.design (time 0s)
Information: Design zigbee_F_routing has 47509 nets, 0 global routed, 47507 detail routed. (NEX-024)
Information: Serialized np data
INFO: timer data saved to /tmp/zigbee_F_routing_107666_279478272.timdat

Route-opt ECO routing complete            CPU:   297 s (  0.08 hr )  ELAPSE:    74 s (  0.02 hr )  MEM-PEAK:  1492 MB
Co-efficient Ratio Summary:
4.193421605155  6.578038173730  2.479639287277  7.744187562323  0.485050133024  3.179564533784  -5.567214854587  -2.894454487461  -6.565921317863  9.039048040187  3.108325200933
9.863439509851  6.078123964085  2.744208341123  8.318115626829  9.699225159727  2.464633950064  -1.382370321226  -9.387184129619  -3.142429506669  0.980784183541  6.617803123294
4.146578793224  7.876358918112  2.191135103696  0.963734163916  2.700148576525  3.840460064440  -3.750206153169  -7.663458942299  -6.212201267950  7.771600877544  7.866966456717
0.402387977150  0.032845095897  0.596111512371  4.701287318714  7.205135645803  8.278361398268  -1.183725290997  -3.334436508244  -5.867609831622  7.195826789941  9.663532399761
7.591487347087  7.632106393266  7.679078063326  9.831314200552  1.878805940662  3.230082343539  -1.226270137326  -7.050450594780  -2.403928273631  6.151884948631  4.104933466110
1.274718589655  4.570746653063  5.624878808820  7.826857275590  4.759133548653  5.409022026377  -2.609823752834  -0.626142638674  -6.381676752919  9.109416389572  0.517374096621
5.027570618562  6.119813446103  6.181472312107  1.581675387698  7.486041952597  9.584567569756  -2.041727487119  -3.921160967338  -0.650488782345  9.494490269586  3.362102694994
4.897111549020  6.860149244452  2.000104051691  9.095345929501  2.197041839902  0.915905167443  -5.466092408426  -8.142690155883  -4.607193365224  8.266481056067  3.508598005451
1.682716012888  7.173433718510  9.939562708373  3.617852794505  8.946772318028  1.169990732707  -4.529946756262  -3.090979509795  -5.580726236993  1.153315025010  0.725427925254
7.515947417690  0.649322209371  1.017031043513  5.811519688181  5.826730918892  4.349388992435  -0.216216018317  -9.612142522527  -7.311156882104  0.845544825993  0.350880586693
Information: The stitching and editing of coupling caps is turned ON for design 'zigbee_F.dlib:zigbee_F_routing.design'. (TIM-125)
Information: Design zigbee_F_routing has 47509 nets, 0 global routed, 47507 detail routed. (NEX-024)
Information: The RC mode used is DR for design 'zigbee'. (NEX-022)
---extraction options---
Corner: default
 late_cap_scale                : 1
 late_res_scale                : 1
 late_ccap_scale               : 1
 early_cap_scale               : 1
 early_res_scale               : 1
 early_ccap_scale              : 1
Global options:
 late_ccap_threshold       : 0.003pf
 late_ccap_ratio           : 0.03
 reference_direction       : use_from_tluplus
 real_metalfill_extraction : none
 virtual_shield_extraction : true
---app options---
 host.max_cores                   : 12
 extract.connect_open           : true
 extract.incremental_extraction : true
 extract.enable_coupling_cap    : true
Extracting design: zigbee_F_routing 
Information: coupling capacitance is created explicitly. (NEX-029)
Information: 47507 nets are successfully extracted. (NEX-028)
Information: Advanced receiver model has not been enabled for detailed routed design. (TIM-204)
Information: Update timing completed net estimation for all the timing graph nets (TIM-111)
Information: Net estimation statistics: timing graph nets = 47507, routed nets = 47507, across physical hierarchy nets = 0, parasitics cached nets = 47507, delay annotated nets = 0, parasitics annotated nets = 0, multi-voltage nets = 0. (TIM-112)
Information: Freeing timing information from routing. (ZRT-574)

Route-opt final QoR
___________________
Scenario Mapping Table
1: default

Pathgroup Mapping Table
1: **default**
2: **async_default**
3: **clock_gating_default**
4: **in2reg_default**
5: **reg2out_default**
6: **in2out_default**
7: clk

-----------------------------------------------------------------------------------------------------------
Scene  PG      WNS        TNS    NSV      WHV        THV    NHV
    1   1   0.0000     0.0000      0   0.0000     0.0000      0
    1   2   0.0000     0.0000      0   0.0000     0.0000      0
    1   3   0.0000     0.0000      0   0.0000     0.0000      0
    1   4   0.0000     0.0000      0   0.0000     0.0000      0
    1   5   0.0000     0.0000      0   0.0000     0.0000      0
    1   6   0.0000     0.0000      0   0.0000     0.0000      0
    1   7   0.0000     0.0000      0   0.2306     5.9056   1345
--------------------------------------------------------------------------------------------------------------------
Scene  PG      WNS        TNS    NSV      WHV        THV    NHV  MaxTrnV  MaxCapV    Leakage
    1   *   0.0000     0.0000      0   0.2306     5.9056   1345        -        -          -
--------------------------------------------------------------------------------------------------------------------
Scene  PG      WNS        TNS    NSV      WHV        THV    NHV  MaxTrnV  MaxCapV    Leakage         Area    InstCnt
    *   *   0.0000     0.0000      0   0.2306     5.9056   1345        -        -          -    220357.84      47293
--------------------------------------------------------------------------------------------------------------------

Route-opt final QoR Summary         WNS        TNS    NSV      WHV        THV    NHV  MaxTrnV  MaxCapV    Leakage         Area    InstCnt
Route-opt final QoR Summary      0.0000     0.0000      0   0.2306     5.9056   1345        -        -          -    220357.84      47293

Route-opt command complete                CPU:   320 s (  0.09 hr )  ELAPSE:    76 s (  0.02 hr )  MEM-PEAK:  1573 MB
Route-opt command statistics  CPU=299 sec (0.08 hr) ELAPSED=54 sec (0.02 hr) MEM-PEAK=1.536 GB
Information: Running auto PG connection. (NDM-099)
1
sizeof_collection   [get_cells "ROUTE_*"]
Warning: No cell objects matched 'ROUTE_*' (SEL-004)
Error: Nothing matched for collection (SEL-005)
0
sizeof_collection   [get_cells "CTS_*"]
1685
sizeof_collection   [get_cells "PLACE_*"]
30
sizeof_collection   [get_cells "OPT_*"]
255
###################################################################################
#########################################################
#### Section 7 : Connect ####
#########################################################
####################################################################################
connect_pg_net -net "VDD" [get_pins -hierarchical */VDD]
connect_pg_net -net "VSS" [get_pins -hierarchical */VSS]
###################################################################################
#########################################################
#### Section 8 : Post_Route Checks ####
#########################################################
####################################################################################
check_routes 
Warning: Cell contains tie connections which are not connected to real PG. (ZRT-511)
Turn off antenna since no rule is specified
Cell Min-Routing-Layer = M2
Cell Max-Routing-Layer = M9
Warning: Cannot find a default contact code for layer CO. (ZRT-022)
rule clk_network_NDR_leaf equivalent to default rule
Warning: Ignore 2 top cell ports with no pins. (ZRT-027)
Info: number of net_type_blockage: 0 
soft rule ICC2_GENERATED_DEFAULT_SPACING_RULE_3_8_wire is redundant
soft rule LOPT_M3_M7_3_8_wire is redundant
soft rule LOPT_M6_M7_3_8_wire is redundant


Start checking for open nets ... 

Total number of nets = 47509, of which 0 are not extracted
Total number of open nets = 0, of which 0 are frozen

Check 47509 nets, 0 have Errors

[CHECK OPEN NETS] Elapsed real time: 0:00:00 
[CHECK OPEN NETS] Elapsed cpu  time: sys=0:00:00 usr=0:00:00 total=0:00:00
[CHECK OPEN NETS] Stage (MB): Used    0  Alloctr    0  Proc    0 
[CHECK OPEN NETS] Total (MB): Used  137  Alloctr  151  Proc 2776 
Printing options for 'route.common.*'
common.verbose_level                                    :	 0                   

Printing options for 'route.detail.*'
detail.antenna                                          :	 true                
detail.check_patchable_drc_from_fixed_shapes            :	 true                
detail.drc_convergence_effort_level                     :	 high                
detail.eco_max_number_of_iterations                     :	 60                  
detail.force_end_on_preferred_grid                      :	 true                
detail.timing_driven                                    :	 true                

Printing options for 'route.auto_via_ladder.*'


Begin full DRC check ...

Information: Using 12 threads for routing. (ZRT-444)
Checked	1/64 Partitions, Violations =	0
Checked	2/64 Partitions, Violations =	0
Checked	4/64 Partitions, Violations =	0
Checked	6/64 Partitions, Violations =	0
Checked	8/64 Partitions, Violations =	0
Checked	10/64 Partitions, Violations =	0
Checked	12/64 Partitions, Violations =	0
Checked	14/64 Partitions, Violations =	0
Checked	16/64 Partitions, Violations =	0
Checked	18/64 Partitions, Violations =	0
Checked	20/64 Partitions, Violations =	2
Checked	22/64 Partitions, Violations =	2
Checked	24/64 Partitions, Violations =	2
Checked	26/64 Partitions, Violations =	2
Checked	28/64 Partitions, Violations =	2
Checked	30/64 Partitions, Violations =	2
Checked	32/64 Partitions, Violations =	2
Checked	34/64 Partitions, Violations =	2
Checked	36/64 Partitions, Violations =	4
Checked	38/64 Partitions, Violations =	4
Checked	40/64 Partitions, Violations =	4
Checked	42/64 Partitions, Violations =	4
Checked	44/64 Partitions, Violations =	4
Checked	46/64 Partitions, Violations =	4
Checked	48/64 Partitions, Violations =	4
Checked	50/64 Partitions, Violations =	4
Checked	52/64 Partitions, Violations =	4
Checked	54/64 Partitions, Violations =	4
Checked	56/64 Partitions, Violations =	4
Checked	58/64 Partitions, Violations =	4
Checked	60/64 Partitions, Violations =	4
Checked	62/64 Partitions, Violations =	4
Checked	64/64 Partitions, Violations =	4
[DRC CHECK] Elapsed real time: 0:00:03 
[DRC CHECK] Elapsed cpu  time: sys=0:00:00 usr=0:00:24 total=0:00:25
[DRC CHECK] Stage (MB): Used    0  Alloctr    1  Proc  567 
[DRC CHECK] Total (MB): Used  159  Alloctr  172  Proc 3344 
Warning: No antenna rules defined, Skip antenna analysis. (ZRT-309)
Information: Merged away 2 aligned/redundant DRCs. (ZRT-305)

DRC-SUMMARY:
	@@@@@@@ TOTAL VIOLATIONS =	2
	Short : 2


Total Wire Length =                    890538 micron
Total Number of Contacts =             356688
Total Number of Wires =                297739
Total Number of PtConns =              77194
Total Number of Routed Wires =       297739
Total Routed Wire Length =           879008 micron
Total Number of Routed Contacts =       356688
	Layer             M1 :       4565 micron
	Layer             M2 :     222823 micron
	Layer             M3 :     286427 micron
	Layer             M4 :      88533 micron
	Layer             M5 :      96402 micron
	Layer             M6 :      86252 micron
	Layer             M7 :      57890 micron
	Layer             M8 :      45814 micron
	Layer             M9 :       1831 micron
	Layer           MRDL :          0 micron
	Via     VIA89_C(rot) :         96
	Via        VIA78SQ_C :       3357
	Via       VIA78BAR_C :          3
	Via    VIA78SQ_C_2x1 :         29
	Via        VIA67SQ_C :          8
	Via   VIA67SQ_C(rot) :       6706
	Via        VIA56SQ_C :      13907
	Via   VIA56SQ_C(rot) :          3
	Via        VIA45SQ_C :        887
	Via   VIA45SQ_C(rot) :      22051
	Via        VIA34SQ_C :      32916
	Via   VIA34SQ_C(rot) :        132
	Via        VIA23SQ_C :        836
	Via   VIA23SQ_C(rot) :     142741
	Via        VIA12SQ_C :     127126
	Via   VIA12SQ_C(rot) :       5832
	Via       VIA12BAR_C :         48
	Via    VIA12SQ_C_2x1 :         10

 
Redundant via conversion report:
--------------------------------

  Total optimized via conversion rate =  0.01% (39 / 356688 vias)
 
    Layer VIA1       =  0.01% (10     / 133016  vias)
        Weight 1     =  0.01% (10      vias)
        Un-optimized =  0.00% (0       vias)
        Un-mapped    = 99.99% (133006  vias)
    Layer VIA2       =  0.00% (0      / 143577  vias)
        Un-optimized =  0.00% (0       vias)
        Un-mapped    = 100.00% (143577  vias)
    Layer VIA3       =  0.00% (0      / 33048   vias)
        Un-optimized =  0.00% (0       vias)
        Un-mapped    = 100.00% (33048   vias)
    Layer VIA4       =  0.00% (0      / 22938   vias)
        Un-optimized =  0.00% (0       vias)
        Un-mapped    = 100.00% (22938   vias)
    Layer VIA5       =  0.00% (0      / 13910   vias)
        Un-optimized =  0.00% (0       vias)
        Un-mapped    = 100.00% (13910   vias)
    Layer VIA6       =  0.00% (0      / 6714    vias)
        Un-optimized =  0.00% (0       vias)
        Un-mapped    = 100.00% (6714    vias)
    Layer VIA7       =  0.86% (29     / 3389    vias)
        Weight 1     =  0.86% (29      vias)
        Un-optimized =  0.00% (0       vias)
        Un-mapped    = 99.14% (3360    vias)
    Layer VIA8       =  0.00% (0      / 96      vias)
        Un-optimized =  0.00% (0       vias)
        Un-mapped    = 100.00% (96      vias)
 
  Total double via conversion rate    =  0.01% (39 / 356688 vias)
 
    Layer VIA1       =  0.01% (10     / 133016  vias)
    Layer VIA2       =  0.00% (0      / 143577  vias)
    Layer VIA3       =  0.00% (0      / 33048   vias)
    Layer VIA4       =  0.00% (0      / 22938   vias)
    Layer VIA5       =  0.00% (0      / 13910   vias)
    Layer VIA6       =  0.00% (0      / 6714    vias)
    Layer VIA7       =  0.86% (29     / 3389    vias)
    Layer VIA8       =  0.00% (0      / 96      vias)
 
  The optimized via conversion rate based on total routed via count =  0.01% (39 / 356688 vias)
 
    Layer VIA1       =  0.01% (10     / 133016  vias)
        Weight 1     =  0.01% (10      vias)
        Un-optimized =  0.00% (0       vias)
        Un-mapped    = 99.99% (133006  vias)
    Layer VIA2       =  0.00% (0      / 143577  vias)
        Un-optimized =  0.00% (0       vias)
        Un-mapped    = 100.00% (143577  vias)
    Layer VIA3       =  0.00% (0      / 33048   vias)
        Un-optimized =  0.00% (0       vias)
        Un-mapped    = 100.00% (33048   vias)
    Layer VIA4       =  0.00% (0      / 22938   vias)
        Un-optimized =  0.00% (0       vias)
        Un-mapped    = 100.00% (22938   vias)
    Layer VIA5       =  0.00% (0      / 13910   vias)
        Un-optimized =  0.00% (0       vias)
        Un-mapped    = 100.00% (13910   vias)
    Layer VIA6       =  0.00% (0      / 6714    vias)
        Un-optimized =  0.00% (0       vias)
        Un-mapped    = 100.00% (6714    vias)
    Layer VIA7       =  0.86% (29     / 3389    vias)
        Weight 1     =  0.86% (29      vias)
        Un-optimized =  0.00% (0       vias)
        Un-mapped    = 99.14% (3360    vias)
    Layer VIA8       =  0.00% (0      / 96      vias)
        Un-optimized =  0.00% (0       vias)
        Un-mapped    = 100.00% (96      vias)
 


Verify Summary:

Total number of nets = 47509, of which 0 are not extracted
Total number of open nets = 0, of which 0 are frozen
Total number of excluded ports = 0 ports of 0 unplaced cells connected to 0 nets
                                 0 ports without pins of 0 cells connected to 0 nets
                                 0 ports of 0 cover cells connected to 0 non-pg nets
Total number of DRCs = 2
Total number of antenna violations = no antenna rules defined
Total number of tie to rail violations = not checked
Total number of tie to rail directly violations = not checked


check_lvs
Information: Using 12 threads for LVS
[Check Short] Stage 1	Elapsed =    0:00:00, CPU =    0:00:00
[Check Net] Init	Elapsed =    0:00:00, CPU =    0:00:00
Warning: Port VSS have no valid pin shapes. Skip this port. (RT-203)
Warning: Port VDD have no valid pin shapes. Skip this port. (RT-203)
[Check Short] Stage 1-2	Elapsed =    0:00:00, CPU =    0:00:02
[Check Short] Stage 2	Elapsed =    0:00:00, CPU =    0:00:02
[Check Net] 10% 	Elapsed =    0:00:00, CPU =    0:00:03
[Check Short] Stage 2-2	Elapsed =    0:00:01, CPU =    0:00:10
[Check Short] Stage 3	Elapsed =    0:00:01, CPU =    0:00:10
[Check Short] End	Elapsed =    0:00:01, CPU =    0:00:10
[Check Net] 20% 	Elapsed =    0:00:01, CPU =    0:00:11
[Check Net] 30% 	Elapsed =    0:00:01, CPU =    0:00:11
[Check Net] 40% 	Elapsed =    0:00:01, CPU =    0:00:12
[Check Net] 50% 	Elapsed =    0:00:01, CPU =    0:00:12
[Check Net] 60% 	Elapsed =    0:00:01, CPU =    0:00:12
[Check Net] 70% 	Elapsed =    0:00:01, CPU =    0:00:13
[Check Net] 80% 	Elapsed =    0:00:01, CPU =    0:00:13
[Check Net] 90% 	Elapsed =    0:00:01, CPU =    0:00:13
[Check Net] All nets are submitted.
[Check Net] 100%	Elapsed =    0:00:01, CPU =    0:00:14
Information: Detected short violation. Net1: VSS. Net2: payload_ram/PLACE_HFSNET_4649. BBox: (498.0440 138.6890)(498.1000 138.7990). Layer: M3. (RT-586)
Information: Detected short violation. Net1: DQPSK_CSK/Imag_Sync_FIFO/PLACE_HFSNET_2275. Net2: VSS. BBox: (153.3080 426.2980)(153.3640 426.3580). Layer: M3. (RT-586)
Information: Detected short violation. Net1: DQPSK_CSK/Imag_Sync_FIFO/PLACE_HFSNET_2275. Net2: VSS. BBox: (153.3080 426.2730)(153.3640 426.3830). Layer: M3. (RT-586)
Information: Detected short violation. Net1: VSS. Net2: payload_ram/PLACE_HFSNET_4649. BBox: (498.0440 138.7140)(498.1000 138.7740). Layer: M3. (RT-586)

===============================================================
    Maximum number of violations is set to 20
    Abort checking when more than 20 violations are found
    All violations might not be found.
===============================================================
Total number of input nets is 47526.
Total number of short violations is 4.
Total number of open nets is 0.
Total number of floating route violations is 0.

Elapsed =    0:00:02, CPU =    0:00:16
1
check_pg_connectivity
Loading cell instances...
Number of Standard Cells: 47293
Number of Macro Cells: 0
Number of IO Pad Cells: 0
Number of Blocks: 0
Loading P/G wires and vias...
Number of VDD Wires: 227
Number of VDD Vias: 40532
Number of VDD Terminals: 138
Number of VSS Wires: 225
Number of VSS Vias: 39006
Number of VSS Terminals: 136
**************Verify net VDD connectivity*****************
  Number of floating wires: 0
  Number of floating vias: 0
  Number of floating std cells: 0
  Number of floating hard macros: 0
  Number of floating I/O pads: 0
  Number of floating terminals: 0
  Number of floating hierarchical blocks: 0
************************************************************
**************Verify net VSS connectivity*****************
  Number of floating wires: 0
  Number of floating vias: 0
  Number of floating std cells: 0
  Number of floating hard macros: 0
  Number of floating I/O pads: 0
  Number of floating terminals: 0
  Number of floating hierarchical blocks: 0
************************************************************
Overall runtime: 1 seconds.
###################################################################################
#########################################################
#### Section 9 : Reporting  ####
#########################################################
####################################################################################
report_congestion                                       > ../reports/${rate}/Congestion.rpt
check_pg_drc                                            > ../reports/${rate}/drc.rpt
report_qor                                              > ../reports/${rate}/post_qor.rpt
# If there is a timing Violations go to prime time to solve them before proceeding to the next steps
report_timing                                           > ../reports/${rate}/timing.rpt
report_timing -delay max -max_paths 10                  > ../reports/${rate}/crit_paths.rpt
check_routes -drc true                                  > ../reports/${rate}/DRC.rpt
check_pg_connectivity                                   > ../reports/${rate}/pg_drc_connection.rpt
analyze_design_violations                               > ../reports/${rate}/setup_check_paths.rpt
report_design  -all                                     > ../reports/${rate}/design.rpt
check_legality                                          > ../reports/${rate}/leglaity.rpt
report_utilization                                      > ../reports/${rate}/Utilization.rpt
####################################################################################
#########################################################
#### Section 10 : Saving The Block  ####
#########################################################
####################################################################################
write_def                          ../outputs/${rate}/${top_module}.write_def
****************************************
Report : Data Mismatches
Version: O-2018.06-SP1
Date   : Mon Sep 21 04:57:45 2026
****************************************
No mismatches exist on the design.
---------------------------------------
Number of Written DEF Constructs
---------------------------------------
VERSION                        : 1
DIVIDERCHAR                    : 1
BUSBITCHARS                    : 1
DESIGN                         : 1
UNITS                          : 1
PROPERTYDEFINITIONS            : 1
DIEAREA                        : 1
ROW                            : 306
TRACKS                         : 20
VIAS                           : 13
NONDEFAULTRULES                : 9
COMPONENTS                     : 47293
PINS                           : 39
PINPROPERTIES                  : 35
BLOCKAGES                      : 3
SPECIALNETS                    : 34324
NETS                           : 47507
1
write_verilog -include {all}       ../outputs/${rate}/${top_module}.v
1
write_sdc     -output              ../outputs/${rate}/${top_module}.sdc
1
# Extract the RC parasitics from the routed layout
#extract_parasitics
# Write out the SPEF file for signoff STA
write_parasitics -format spef -output ../outputs/${rate}/${top_module}.spef
Information: Design zigbee_F_routing has 47509 nets, 0 global routed, 47507 detail routed. (NEX-024)
NEX: extract design zigbee
Information: The RC mode used is DR for design 'zigbee'. (NEX-022)
---extraction options---
Corner: default
 late_cap_scale                : 1
 late_res_scale                : 1
 late_ccap_scale               : 1
 early_cap_scale               : 1
 early_res_scale               : 1
 early_ccap_scale              : 1
Global options:
 late_ccap_threshold       : 0.003pf
 late_ccap_ratio           : 0.03
 reference_direction       : use_from_tluplus
 real_metalfill_extraction : none
 virtual_shield_extraction : true
---app options---
 host.max_cores                   : 12
 extract.connect_open           : true
 extract.incremental_extraction : true
 extract.enable_coupling_cap    : true
Extracting design: zigbee_F_routing 
Information: coupling capacitance is created explicitly. (NEX-029)
Information: 47507 nets are successfully extracted. (NEX-028)
Information: batch extract takes 13.47 seconds, elapse 1.47 seconds (NEX-015)
NEX: write corner ID 0 parasitics to ../outputs/fast/zigbee.spef.tlup_max_-40.spef 
spefName ../outputs/fast/zigbee.spef.tlup_max_-40.spef, corner name default 
Information: The stitching and editing of coupling caps is turned ON for design 'zigbee_F.dlib:zigbee_F_routing.design'. (TIM-125)
Information: SPEF output -mt with 12 threads (NEX-014)
save_blockInformation: Saving block 'zigbee_F.dlib:zigbee_F_routing.design'
1
1
icc2_shell> gui_start
icc2_shell> gui_show_error_data
icc2_shell> rouy[Kte_detail -in
incremental            initial_drc_from_input 
icc2_shell> route_detail -incremental true
Generating Timing information  
Design  Scenario default (Mode default Corner default)
Estimated unitRes/unitCap :
Layer M1 : Res  2 ohm/um Cap  0.149907 ff/um
Layer M2 : Res  1.78571 ohm/um Cap  0.152807 ff/um
Layer M3 : Res  1.78571 ohm/um Cap  0.10377 ff/um
Layer M4 : Res  1.78571 ohm/um Cap  0.10376 ff/um
Layer M5 : Res  0.357143 ohm/um Cap  0.090434 ff/um
Layer M6 : Res  0.357143 ohm/um Cap  0.0904285 ff/um
Layer M7 : Res  0.0892857 ohm/um Cap  0.0888719 ff/um
Layer M8 : Res  0.0892857 ohm/um Cap  0.0880677 ff/um
Layer M9 : Res  0.0125 ohm/um Cap  0.102767 ff/um
Layer MRDL : Res  0.175 ohm/um Cap  0.107256 ff/um
Generating Timing information  ... Done
Information: The net parasitics of block zigbee are cleared. (TIM-123)
Warning: Cell contains tie connections which are not connected to real PG. (ZRT-511)
Turn off antenna since no rule is specified
Cell Min-Routing-Layer = M2
Cell Max-Routing-Layer = M9
Warning: Cannot find a default contact code for layer CO. (ZRT-022)
rule clk_network_NDR_leaf equivalent to default rule
Warning: Ignore 2 top cell ports with no pins. (ZRT-027)
Info: number of net_type_blockage: 0 
soft rule ICC2_GENERATED_DEFAULT_SPACING_RULE_3_8_wire is redundant
soft rule LOPT_M3_M7_3_8_wire is redundant
soft rule LOPT_M6_M7_3_8_wire is redundant
Printing options for 'route.common.*'
common.verbose_level                                    :	 0                   

Printing options for 'route.detail.*'
detail.antenna                                          :	 true                
detail.check_patchable_drc_from_fixed_shapes            :	 true                
detail.drc_convergence_effort_level                     :	 high                
detail.eco_max_number_of_iterations                     :	 60                  
detail.force_end_on_preferred_grid                      :	 true                
detail.timing_driven                                    :	 true                

Printing options for 'route.auto_via_ladder.*'


Begin full DRC check ...

Information: Using 12 threads for routing. (ZRT-444)
Checked	1/64 Partitions, Violations =	0
Checked	2/64 Partitions, Violations =	0
Checked	4/64 Partitions, Violations =	0
Checked	6/64 Partitions, Violations =	0
Checked	8/64 Partitions, Violations =	0
Checked	10/64 Partitions, Violations =	0
Checked	12/64 Partitions, Violations =	0
Checked	14/64 Partitions, Violations =	0
Checked	16/64 Partitions, Violations =	0
Checked	18/64 Partitions, Violations =	0
Checked	20/64 Partitions, Violations =	0
Checked	22/64 Partitions, Violations =	2
Checked	24/64 Partitions, Violations =	2
Checked	26/64 Partitions, Violations =	2
Checked	28/64 Partitions, Violations =	2
Checked	30/64 Partitions, Violations =	2
Checked	32/64 Partitions, Violations =	2
Checked	34/64 Partitions, Violations =	2
Checked	36/64 Partitions, Violations =	2
Checked	38/64 Partitions, Violations =	2
Checked	40/64 Partitions, Violations =	2
Checked	42/64 Partitions, Violations =	4
Checked	44/64 Partitions, Violations =	4
Checked	46/64 Partitions, Violations =	4
Checked	48/64 Partitions, Violations =	4
Checked	50/64 Partitions, Violations =	4
Checked	52/64 Partitions, Violations =	4
Checked	54/64 Partitions, Violations =	4
Checked	56/64 Partitions, Violations =	4
Checked	58/64 Partitions, Violations =	4
Checked	60/64 Partitions, Violations =	4
Checked	62/64 Partitions, Violations =	4
Checked	64/64 Partitions, Violations =	4
[DRC CHECK] Elapsed real time: 0:00:02 
[DRC CHECK] Elapsed cpu  time: sys=0:00:00 usr=0:00:24 total=0:00:24
[DRC CHECK] Stage (MB): Used    0  Alloctr    1  Proc    0 
[DRC CHECK] Total (MB): Used  159  Alloctr  172  Proc 3535 
Loading timing information to the router from design
Timing information loaded to the router.
Printing options for 'route.common.*'
common.verbose_level                                    :	 0                   

Printing options for 'route.detail.*'
detail.antenna                                          :	 true                
detail.check_patchable_drc_from_fixed_shapes            :	 true                
detail.drc_convergence_effort_level                     :	 high                
detail.eco_max_number_of_iterations                     :	 60                  
detail.force_end_on_preferred_grid                      :	 true                
detail.timing_driven                                    :	 true                

Printing options for 'route.auto_via_ladder.*'

Information: RC layer preference is turned on for this design. (ZRT-613)
[Dr init] Elapsed real time: 0:00:04 
[Dr init] Elapsed cpu  time: sys=0:00:01 usr=0:00:32 total=0:00:33
[Dr init] Stage (MB): Used  156  Alloctr  168  Proc    0 
[Dr init] Total (MB): Used  157  Alloctr  171  Proc 3535 
Total number of nets = 47509, of which 0 are not extracted
Total number of open nets = 0, of which 0 are frozen
Information: Using 12 threads for routing. (ZRT-444)
Routing in incremental mode, starting from iteration 2

Start DR iteration 2: non-uniform partition
Routed	1/2 Partitions, Violations =	2
Routed	2/2 Partitions, Violations =	4

DRC-SUMMARY:
	@@@@@@@ TOTAL VIOLATIONS =	4
	Short : 4

[Iter 2] Elapsed real time: 0:00:04 
[Iter 2] Elapsed cpu  time: sys=0:00:01 usr=0:00:33 total=0:00:34
[Iter 2] Stage (MB): Used  165  Alloctr  177  Proc    0 
[Iter 2] Total (MB): Used  166  Alloctr  180  Proc 3535 

End DR iteration 2 with 2 parts

Start DR iteration 3: non-uniform partition
Routed	1/2 Partitions, Violations =	2
Routed	2/2 Partitions, Violations =	4

DRC-SUMMARY:
	@@@@@@@ TOTAL VIOLATIONS =	4
	Short : 4

[Iter 3] Elapsed real time: 0:00:04 
[Iter 3] Elapsed cpu  time: sys=0:00:01 usr=0:00:33 total=0:00:35
[Iter 3] Stage (MB): Used  165  Alloctr  177  Proc    0 
[Iter 3] Total (MB): Used  166  Alloctr  180  Proc 3535 

End DR iteration 3 with 2 parts

Start DR iteration 4: non-uniform partition
Routed	1/2 Partitions, Violations =	2
Routed	2/2 Partitions, Violations =	4

DRC-SUMMARY:
	@@@@@@@ TOTAL VIOLATIONS =	4
	Short : 4

[Iter 4] Elapsed real time: 0:00:04 
[Iter 4] Elapsed cpu  time: sys=0:00:01 usr=0:00:34 total=0:00:36
[Iter 4] Stage (MB): Used  165  Alloctr  177  Proc    0 
[Iter 4] Total (MB): Used  166  Alloctr  180  Proc 3535 

End DR iteration 4 with 2 parts

Start DR iteration 5: non-uniform partition
Routed	1/2 Partitions, Violations =	2
Routed	2/2 Partitions, Violations =	4

DRC-SUMMARY:
	@@@@@@@ TOTAL VIOLATIONS =	4
	Short : 4

[Iter 5] Elapsed real time: 0:00:04 
[Iter 5] Elapsed cpu  time: sys=0:00:01 usr=0:00:35 total=0:00:37
[Iter 5] Stage (MB): Used  165  Alloctr  177  Proc    0 
[Iter 5] Total (MB): Used  166  Alloctr  180  Proc 3535 

End DR iteration 5 with 2 parts

Start DR iteration 6: non-uniform partition
Routed	1/2 Partitions, Violations =	2
Routed	2/2 Partitions, Violations =	4

DRC-SUMMARY:
	@@@@@@@ TOTAL VIOLATIONS =	4
	Short : 4

[Iter 6] Elapsed real time: 0:00:05 
[Iter 6] Elapsed cpu  time: sys=0:00:01 usr=0:00:36 total=0:00:38
[Iter 6] Stage (MB): Used  165  Alloctr  177  Proc    0 
[Iter 6] Total (MB): Used  166  Alloctr  180  Proc 3535 

End DR iteration 6 with 2 parts

Start DR iteration 7: non-uniform partition
Routed	1/2 Partitions, Violations =	4
Routed	2/2 Partitions, Violations =	4

DRC-SUMMARY:
	@@@@@@@ TOTAL VIOLATIONS =	4
	Short : 4

[Iter 7] Elapsed real time: 0:00:05 
[Iter 7] Elapsed cpu  time: sys=0:00:02 usr=0:00:37 total=0:00:39
[Iter 7] Stage (MB): Used  165  Alloctr  177  Proc    0 
[Iter 7] Total (MB): Used  166  Alloctr  180  Proc 3535 

End DR iteration 7 with 2 parts

Start DR iteration 8: non-uniform partition
Routed	1/2 Partitions, Violations =	0
Routed	2/2 Partitions, Violations =	2

DRC-SUMMARY:
	@@@@@@@ TOTAL VIOLATIONS =	2
	Short : 2

[Iter 8] Elapsed real time: 0:00:05 
[Iter 8] Elapsed cpu  time: sys=0:00:02 usr=0:00:38 total=0:00:40
[Iter 8] Stage (MB): Used  165  Alloctr  177  Proc    0 
[Iter 8] Total (MB): Used  166  Alloctr  180  Proc 3535 

End DR iteration 8 with 2 parts

Start DR iteration 9: non-uniform partition
Routed	1/1 Partitions, Violations =	2

DRC-SUMMARY:
	@@@@@@@ TOTAL VIOLATIONS =	2
	Short : 2

[Iter 9] Elapsed real time: 0:00:05 
[Iter 9] Elapsed cpu  time: sys=0:00:02 usr=0:00:40 total=0:00:42
[Iter 9] Stage (MB): Used  165  Alloctr  177  Proc    0 
[Iter 9] Total (MB): Used  166  Alloctr  180  Proc 3535 

End DR iteration 9 with 1 parts

Start DR iteration 10: non-uniform partition
Routed	1/1 Partitions, Violations =	2

DRC-SUMMARY:
	@@@@@@@ TOTAL VIOLATIONS =	2
	Short : 2

[Iter 10] Elapsed real time: 0:00:05 
[Iter 10] Elapsed cpu  time: sys=0:00:02 usr=0:00:41 total=0:00:43
[Iter 10] Stage (MB): Used  165  Alloctr  177  Proc    0 
[Iter 10] Total (MB): Used  166  Alloctr  180  Proc 3535 

End DR iteration 10 with 1 parts

Start DR iteration 11: non-uniform partition
Routed	1/1 Partitions, Violations =	2

DRC-SUMMARY:
	@@@@@@@ TOTAL VIOLATIONS =	2
	Short : 2

[Iter 11] Elapsed real time: 0:00:05 
[Iter 11] Elapsed cpu  time: sys=0:00:02 usr=0:00:42 total=0:00:44
[Iter 11] Stage (MB): Used  165  Alloctr  177  Proc    0 
[Iter 11] Total (MB): Used  166  Alloctr  180  Proc 3535 

End DR iteration 11 with 1 parts

Start DR iteration 12: non-uniform partition
Routed	1/1 Partitions, Violations =	2

DRC-SUMMARY:
	@@@@@@@ TOTAL VIOLATIONS =	2
	Short : 2

[Iter 12] Elapsed real time: 0:00:06 
[Iter 12] Elapsed cpu  time: sys=0:00:02 usr=0:00:42 total=0:00:45
[Iter 12] Stage (MB): Used  165  Alloctr  177  Proc    0 
[Iter 12] Total (MB): Used  166  Alloctr  180  Proc 3535 

End DR iteration 12 with 1 parts

Start DR iteration 13: non-uniform partition
Routed	1/1 Partitions, Violations =	2

DRC-SUMMARY:
	@@@@@@@ TOTAL VIOLATIONS =	2
	Short : 2

[Iter 13] Elapsed real time: 0:00:06 
[Iter 13] Elapsed cpu  time: sys=0:00:02 usr=0:00:43 total=0:00:46
[Iter 13] Stage (MB): Used  165  Alloctr  177  Proc    0 
[Iter 13] Total (MB): Used  166  Alloctr  180  Proc 3535 

End DR iteration 13 with 1 parts

Start DR iteration 14: non-uniform partition
Routed	1/1 Partitions, Violations =	2

DRC-SUMMARY:
	@@@@@@@ TOTAL VIOLATIONS =	2
	Short : 2

[Iter 14] Elapsed real time: 0:00:06 
[Iter 14] Elapsed cpu  time: sys=0:00:02 usr=0:00:44 total=0:00:47
[Iter 14] Stage (MB): Used  165  Alloctr  177  Proc    0 
[Iter 14] Total (MB): Used  166  Alloctr  180  Proc 3535 

End DR iteration 14 with 1 parts

Start DR iteration 15: non-uniform partition
Routed	1/1 Partitions, Violations =	2

DRC-SUMMARY:
	@@@@@@@ TOTAL VIOLATIONS =	2
	Short : 2

[Iter 15] Elapsed real time: 0:00:06 
[Iter 15] Elapsed cpu  time: sys=0:00:03 usr=0:00:47 total=0:00:50
[Iter 15] Stage (MB): Used  165  Alloctr  177  Proc    0 
[Iter 15] Total (MB): Used  166  Alloctr  180  Proc 3535 

End DR iteration 15 with 1 parts

Start DR iteration 16: non-uniform partition
Routed	1/1 Partitions, Violations =	2

DRC-SUMMARY:
	@@@@@@@ TOTAL VIOLATIONS =	2
	Short : 2

[Iter 16] Elapsed real time: 0:00:07 
[Iter 16] Elapsed cpu  time: sys=0:00:03 usr=0:00:47 total=0:00:51
[Iter 16] Stage (MB): Used  165  Alloctr  177  Proc    0 
[Iter 16] Total (MB): Used  166  Alloctr  180  Proc 3535 

End DR iteration 16 with 1 parts

Start DR iteration 17: non-uniform partition
Routed	1/1 Partitions, Violations =	2

DRC-SUMMARY:
	@@@@@@@ TOTAL VIOLATIONS =	2
	Short : 2

[Iter 17] Elapsed real time: 0:00:07 
[Iter 17] Elapsed cpu  time: sys=0:00:03 usr=0:00:48 total=0:00:52
[Iter 17] Stage (MB): Used  165  Alloctr  177  Proc    0 
[Iter 17] Total (MB): Used  166  Alloctr  180  Proc 3535 

End DR iteration 17 with 1 parts

Start DR iteration 18: non-uniform partition
Routed	1/1 Partitions, Violations =	2

DRC-SUMMARY:
	@@@@@@@ TOTAL VIOLATIONS =	2
	Short : 2

[Iter 18] Elapsed real time: 0:00:07 
[Iter 18] Elapsed cpu  time: sys=0:00:03 usr=0:00:49 total=0:00:53
[Iter 18] Stage (MB): Used  165  Alloctr  177  Proc    0 
[Iter 18] Total (MB): Used  166  Alloctr  180  Proc 3535 

End DR iteration 18 with 1 parts

Start DR iteration 19: non-uniform partition
Routed	1/1 Partitions, Violations =	2

DRC-SUMMARY:
	@@@@@@@ TOTAL VIOLATIONS =	2
	Short : 2

[Iter 19] Elapsed real time: 0:00:07 
[Iter 19] Elapsed cpu  time: sys=0:00:03 usr=0:00:51 total=0:00:54
[Iter 19] Stage (MB): Used  165  Alloctr  177  Proc    0 
[Iter 19] Total (MB): Used  166  Alloctr  180  Proc 3535 

End DR iteration 19 with 1 parts

Stop DR since not converging

Information: Detail Routing terminated early because DRCs were not converging: true (ZRT-312)
[DR] Elapsed real time: 0:00:07 
[DR] Elapsed cpu  time: sys=0:00:03 usr=0:00:51 total=0:00:54
[DR] Stage (MB): Used  149  Alloctr  161  Proc    0 
[DR] Total (MB): Used  150  Alloctr  164  Proc 3535 
[DR: Done] Elapsed real time: 0:00:07 
[DR: Done] Elapsed cpu  time: sys=0:00:03 usr=0:00:51 total=0:00:54
[DR: Done] Stage (MB): Used  149  Alloctr  161  Proc    0 
[DR: Done] Total (MB): Used  150  Alloctr  164  Proc 3535 

DR finished with 0 open nets, of which 0 are frozen
Information: Merged away 1 aligned/redundant DRCs. (ZRT-305)

DR finished with 1 violations

DRC-SUMMARY:
	@@@@@@@ TOTAL VIOLATIONS =	1
	Short : 1



Total Wire Length =                    890538 micron
Total Number of Contacts =             356683
Total Number of Wires =                295215
Total Number of PtConns =              77194
Total Number of Routed Wires =       295215
Total Routed Wire Length =           879008 micron
Total Number of Routed Contacts =       356683
	Layer             M1 :       4565 micron
	Layer             M2 :     222825 micron
	Layer             M3 :     286425 micron
	Layer             M4 :      88529 micron
	Layer             M5 :      96407 micron
	Layer             M6 :      86257 micron
	Layer             M7 :      57885 micron
	Layer             M8 :      45814 micron
	Layer             M9 :       1831 micron
	Layer           MRDL :          0 micron
	Via     VIA89_C(rot) :         96
	Via        VIA78SQ_C :       3357
	Via       VIA78BAR_C :          3
	Via    VIA78SQ_C_2x1 :         29
	Via        VIA67SQ_C :          8
	Via   VIA67SQ_C(rot) :       6704
	Via        VIA56SQ_C :      13909
	Via   VIA56SQ_C(rot) :          3
	Via        VIA45SQ_C :        887
	Via   VIA45SQ_C(rot) :      22049
	Via        VIA34SQ_C :      32916
	Via   VIA34SQ_C(rot) :        132
	Via        VIA23SQ_C :        836
	Via   VIA23SQ_C(rot) :     142738
	Via        VIA12SQ_C :     127126
	Via   VIA12SQ_C(rot) :       5832
	Via       VIA12BAR_C :         48
	Via    VIA12SQ_C_2x1 :         10

 
Redundant via conversion report:
--------------------------------

  Total optimized via conversion rate =  0.01% (39 / 356683 vias)
 
    Layer VIA1       =  0.01% (10     / 133016  vias)
        Weight 1     =  0.01% (10      vias)
        Un-optimized =  0.00% (0       vias)
        Un-mapped    = 99.99% (133006  vias)
    Layer VIA2       =  0.00% (0      / 143574  vias)
        Un-optimized =  0.00% (0       vias)
        Un-mapped    = 100.00% (143574  vias)
    Layer VIA3       =  0.00% (0      / 33048   vias)
        Un-optimized =  0.00% (0       vias)
        Un-mapped    = 100.00% (33048   vias)
    Layer VIA4       =  0.00% (0      / 22936   vias)
        Un-optimized =  0.00% (0       vias)
        Un-mapped    = 100.00% (22936   vias)
    Layer VIA5       =  0.00% (0      / 13912   vias)
        Un-optimized =  0.00% (0       vias)
        Un-mapped    = 100.00% (13912   vias)
    Layer VIA6       =  0.00% (0      / 6712    vias)
        Un-optimized =  0.00% (0       vias)
        Un-mapped    = 100.00% (6712    vias)
    Layer VIA7       =  0.86% (29     / 3389    vias)
        Weight 1     =  0.86% (29      vias)
        Un-optimized =  0.00% (0       vias)
        Un-mapped    = 99.14% (3360    vias)
    Layer VIA8       =  0.00% (0      / 96      vias)
        Un-optimized =  0.00% (0       vias)
        Un-mapped    = 100.00% (96      vias)
 
  Total double via conversion rate    =  0.01% (39 / 356683 vias)
 
    Layer VIA1       =  0.01% (10     / 133016  vias)
    Layer VIA2       =  0.00% (0      / 143574  vias)
    Layer VIA3       =  0.00% (0      / 33048   vias)
    Layer VIA4       =  0.00% (0      / 22936   vias)
    Layer VIA5       =  0.00% (0      / 13912   vias)
    Layer VIA6       =  0.00% (0      / 6712    vias)
    Layer VIA7       =  0.86% (29     / 3389    vias)
    Layer VIA8       =  0.00% (0      / 96      vias)
 
  The optimized via conversion rate based on total routed via count =  0.01% (39 / 356683 vias)
 
    Layer VIA1       =  0.01% (10     / 133016  vias)
        Weight 1     =  0.01% (10      vias)
        Un-optimized =  0.00% (0       vias)
        Un-mapped    = 99.99% (133006  vias)
    Layer VIA2       =  0.00% (0      / 143574  vias)
        Un-optimized =  0.00% (0       vias)
        Un-mapped    = 100.00% (143574  vias)
    Layer VIA3       =  0.00% (0      / 33048   vias)
        Un-optimized =  0.00% (0       vias)
        Un-mapped    = 100.00% (33048   vias)
    Layer VIA4       =  0.00% (0      / 22936   vias)
        Un-optimized =  0.00% (0       vias)
        Un-mapped    = 100.00% (22936   vias)
    Layer VIA5       =  0.00% (0      / 13912   vias)
        Un-optimized =  0.00% (0       vias)
        Un-mapped    = 100.00% (13912   vias)
    Layer VIA6       =  0.00% (0      / 6712    vias)
        Un-optimized =  0.00% (0       vias)
        Un-mapped    = 100.00% (6712    vias)
    Layer VIA7       =  0.86% (29     / 3389    vias)
        Weight 1     =  0.86% (29      vias)
        Un-optimized =  0.00% (0       vias)
        Un-mapped    = 99.14% (3360    vias)
    Layer VIA8       =  0.00% (0      / 96      vias)
        Un-optimized =  0.00% (0       vias)
        Un-mapped    = 100.00% (96      vias)
 

Total number of nets = 47509
0 open nets, of which 0 are frozen
Total number of excluded ports = 0 ports of 0 unplaced cells connected to 0 nets
                                 0 ports without pins of 0 cells connected to 0 nets
                                 0 ports of 0 cover cells connected to 0 non-pg nets
Total number of DRCs = 1
Total number of antenna violations = antenna checking not active
Information: Routes in non-preferred voltage areas = 0 (ZRT-559)

Topology ECO not run, no qualifying violations or in frozen nets.
Updating the database ...
icc2_shell> Begin building search trees for block zigbee_F.dlib:zigbee_F_routing.design
Done building search trees for block zigbee_F.dlib:zigbee_F_routing.design (time 0s)
icc2_shell> route_detail -incremental true
Warning: Cell contains tie connections which are not connected to real PG. (ZRT-511)
Turn off antenna since no rule is specified
Cell Min-Routing-Layer = M2
Cell Max-Routing-Layer = M9
Warning: Cannot find a default contact code for layer CO. (ZRT-022)
rule clk_network_NDR_leaf equivalent to default rule
Warning: Ignore 2 top cell ports with no pins. (ZRT-027)
Info: number of net_type_blockage: 0 
soft rule ICC2_GENERATED_DEFAULT_SPACING_RULE_3_8_wire is redundant
soft rule LOPT_M3_M7_3_8_wire is redundant
soft rule LOPT_M6_M7_3_8_wire is redundant
Printing options for 'route.common.*'
common.verbose_level                                    :	 0                   

Printing options for 'route.detail.*'
detail.antenna                                          :	 true                
detail.check_patchable_drc_from_fixed_shapes            :	 true                
detail.drc_convergence_effort_level                     :	 high                
detail.eco_max_number_of_iterations                     :	 60                  
detail.force_end_on_preferred_grid                      :	 true                
detail.timing_driven                                    :	 true                

Printing options for 'route.auto_via_ladder.*'


Begin full DRC check ...

Information: Using 12 threads for routing. (ZRT-444)
Checked	1/64 Partitions, Violations =	0
Checked	2/64 Partitions, Violations =	0
Checked	4/64 Partitions, Violations =	0
Checked	6/64 Partitions, Violations =	0
Checked	8/64 Partitions, Violations =	0
Checked	10/64 Partitions, Violations =	0
Checked	12/64 Partitions, Violations =	0
Checked	14/64 Partitions, Violations =	0
Checked	16/64 Partitions, Violations =	0
Checked	18/64 Partitions, Violations =	0
Checked	20/64 Partitions, Violations =	0
Checked	22/64 Partitions, Violations =	0
Checked	24/64 Partitions, Violations =	0
Checked	26/64 Partitions, Violations =	2
Checked	28/64 Partitions, Violations =	2
Checked	30/64 Partitions, Violations =	2
Checked	32/64 Partitions, Violations =	2
Checked	34/64 Partitions, Violations =	2
Checked	36/64 Partitions, Violations =	2
Checked	38/64 Partitions, Violations =	2
Checked	40/64 Partitions, Violations =	2
Checked	42/64 Partitions, Violations =	2
Checked	44/64 Partitions, Violations =	2
Checked	46/64 Partitions, Violations =	2
Checked	48/64 Partitions, Violations =	2
Checked	50/64 Partitions, Violations =	2
Checked	52/64 Partitions, Violations =	2
Checked	54/64 Partitions, Violations =	2
Checked	56/64 Partitions, Violations =	2
Checked	58/64 Partitions, Violations =	2
Checked	60/64 Partitions, Violations =	2
Checked	62/64 Partitions, Violations =	2
Checked	64/64 Partitions, Violations =	2
[DRC CHECK] Elapsed real time: 0:00:02 
[DRC CHECK] Elapsed cpu  time: sys=0:00:00 usr=0:00:24 total=0:00:24
[DRC CHECK] Stage (MB): Used    0  Alloctr    1  Proc    0 
[DRC CHECK] Total (MB): Used  159  Alloctr  172  Proc 3535 
Loading timing information to the router from design
Timing information loaded to the router.
Printing options for 'route.common.*'
common.verbose_level                                    :	 0                   

Printing options for 'route.detail.*'
detail.antenna                                          :	 true                
detail.check_patchable_drc_from_fixed_shapes            :	 true                
detail.drc_convergence_effort_level                     :	 high                
detail.eco_max_number_of_iterations                     :	 60                  
detail.force_end_on_preferred_grid                      :	 true                
detail.timing_driven                                    :	 true                

Printing options for 'route.auto_via_ladder.*'

Information: RC layer preference is turned on for this design. (ZRT-613)
[Dr init] Elapsed real time: 0:00:04 
[Dr init] Elapsed cpu  time: sys=0:00:01 usr=0:00:32 total=0:00:34
[Dr init] Stage (MB): Used  156  Alloctr  168  Proc    0 
[Dr init] Total (MB): Used  157  Alloctr  170  Proc 3535 
Total number of nets = 47509, of which 0 are not extracted
Total number of open nets = 0, of which 0 are frozen
Information: Using 12 threads for routing. (ZRT-444)
Routing in incremental mode, starting from iteration 20

Start DR iteration 20: non-uniform partition
Routed	1/1 Partitions, Violations =	2

DRC-SUMMARY:
	@@@@@@@ TOTAL VIOLATIONS =	2
	Short : 2

[Iter 20] Elapsed real time: 0:00:04 
[Iter 20] Elapsed cpu  time: sys=0:00:01 usr=0:00:33 total=0:00:35
[Iter 20] Stage (MB): Used  165  Alloctr  176  Proc    0 
[Iter 20] Total (MB): Used  166  Alloctr  179  Proc 3535 

End DR iteration 20 with 1 parts

Start DR iteration 21: non-uniform partition
Routed	1/1 Partitions, Violations =	2

DRC-SUMMARY:
	@@@@@@@ TOTAL VIOLATIONS =	2
	Short : 2

[Iter 21] Elapsed real time: 0:00:04 
[Iter 21] Elapsed cpu  time: sys=0:00:01 usr=0:00:34 total=0:00:36
[Iter 21] Stage (MB): Used  165  Alloctr  176  Proc    0 
[Iter 21] Total (MB): Used  166  Alloctr  179  Proc 3535 

End DR iteration 21 with 1 parts

Start DR iteration 22: non-uniform partition
Routed	1/1 Partitions, Violations =	2

DRC-SUMMARY:
	@@@@@@@ TOTAL VIOLATIONS =	2
	Short : 2

[Iter 22] Elapsed real time: 0:00:04 
[Iter 22] Elapsed cpu  time: sys=0:00:01 usr=0:00:36 total=0:00:37
[Iter 22] Stage (MB): Used  165  Alloctr  176  Proc    0 
[Iter 22] Total (MB): Used  166  Alloctr  179  Proc 3535 

End DR iteration 22 with 1 parts

Start DR iteration 23: non-uniform partition
Routed	1/1 Partitions, Violations =	2

DRC-SUMMARY:
	@@@@@@@ TOTAL VIOLATIONS =	2
	Short : 2

[Iter 23] Elapsed real time: 0:00:04 
[Iter 23] Elapsed cpu  time: sys=0:00:01 usr=0:00:36 total=0:00:38
[Iter 23] Stage (MB): Used  165  Alloctr  176  Proc    0 
[Iter 23] Total (MB): Used  166  Alloctr  179  Proc 3535 

End DR iteration 23 with 1 parts

Start DR iteration 24: non-uniform partition
Routed	1/1 Partitions, Violations =	2

DRC-SUMMARY:
	@@@@@@@ TOTAL VIOLATIONS =	2
	Short : 2

[Iter 24] Elapsed real time: 0:00:05 
[Iter 24] Elapsed cpu  time: sys=0:00:01 usr=0:00:37 total=0:00:39
[Iter 24] Stage (MB): Used  165  Alloctr  176  Proc    0 
[Iter 24] Total (MB): Used  166  Alloctr  179  Proc 3535 

End DR iteration 24 with 1 parts

Start DR iteration 25: non-uniform partition
Routed	1/1 Partitions, Violations =	2

DRC-SUMMARY:
	@@@@@@@ TOTAL VIOLATIONS =	2
	Short : 2

[Iter 25] Elapsed real time: 0:00:05 
[Iter 25] Elapsed cpu  time: sys=0:00:02 usr=0:00:38 total=0:00:40
[Iter 25] Stage (MB): Used  165  Alloctr  176  Proc    0 
[Iter 25] Total (MB): Used  166  Alloctr  179  Proc 3535 

End DR iteration 25 with 1 parts

Start DR iteration 26: non-uniform partition
Routed	1/1 Partitions, Violations =	2

DRC-SUMMARY:
	@@@@@@@ TOTAL VIOLATIONS =	2
	Short : 2

[Iter 26] Elapsed real time: 0:00:05 
[Iter 26] Elapsed cpu  time: sys=0:00:02 usr=0:00:39 total=0:00:41
[Iter 26] Stage (MB): Used  165  Alloctr  176  Proc    0 
[Iter 26] Total (MB): Used  166  Alloctr  179  Proc 3535 

End DR iteration 26 with 1 parts

Start DR iteration 27: non-uniform partition
Routed	1/1 Partitions, Violations =	2

DRC-SUMMARY:
	@@@@@@@ TOTAL VIOLATIONS =	2
	Short : 2

[Iter 27] Elapsed real time: 0:00:05 
[Iter 27] Elapsed cpu  time: sys=0:00:02 usr=0:00:40 total=0:00:42
[Iter 27] Stage (MB): Used  165  Alloctr  176  Proc    0 
[Iter 27] Total (MB): Used  166  Alloctr  179  Proc 3535 

End DR iteration 27 with 1 parts

Start DR iteration 28: non-uniform partition
Routed	1/1 Partitions, Violations =	2

DRC-SUMMARY:
	@@@@@@@ TOTAL VIOLATIONS =	2
	Short : 2

[Iter 28] Elapsed real time: 0:00:05 
[Iter 28] Elapsed cpu  time: sys=0:00:02 usr=0:00:40 total=0:00:43
[Iter 28] Stage (MB): Used  165  Alloctr  176  Proc    0 
[Iter 28] Total (MB): Used  166  Alloctr  179  Proc 3535 

End DR iteration 28 with 1 parts

Start DR iteration 29: non-uniform partition
Routed	1/1 Partitions, Violations =	2

DRC-SUMMARY:
	@@@@@@@ TOTAL VIOLATIONS =	2
	Short : 2

[Iter 29] Elapsed real time: 0:00:05 
[Iter 29] Elapsed cpu  time: sys=0:00:02 usr=0:00:41 total=0:00:43
[Iter 29] Stage (MB): Used  165  Alloctr  176  Proc    0 
[Iter 29] Total (MB): Used  166  Alloctr  179  Proc 3535 

End DR iteration 29 with 1 parts

Start DR iteration 30: non-uniform partition
Routed	1/1 Partitions, Violations =	2

DRC-SUMMARY:
	@@@@@@@ TOTAL VIOLATIONS =	2
	Short : 2

[Iter 30] Elapsed real time: 0:00:06 
[Iter 30] Elapsed cpu  time: sys=0:00:02 usr=0:00:42 total=0:00:44
[Iter 30] Stage (MB): Used  165  Alloctr  176  Proc    0 
[Iter 30] Total (MB): Used  166  Alloctr  179  Proc 3535 

End DR iteration 30 with 1 parts

Stop DR since not converging

Information: Detail Routing terminated early because DRCs were not converging: true (ZRT-312)
[DR] Elapsed real time: 0:00:06 
[DR] Elapsed cpu  time: sys=0:00:02 usr=0:00:42 total=0:00:44
[DR] Stage (MB): Used  149  Alloctr  161  Proc    0 
[DR] Total (MB): Used  150  Alloctr  163  Proc 3535 
[DR: Done] Elapsed real time: 0:00:06 
[DR: Done] Elapsed cpu  time: sys=0:00:02 usr=0:00:42 total=0:00:44
[DR: Done] Stage (MB): Used  149  Alloctr  161  Proc    0 
[DR: Done] Total (MB): Used  150  Alloctr  163  Proc 3535 

DR finished with 0 open nets, of which 0 are frozen
Information: Merged away 1 aligned/redundant DRCs. (ZRT-305)

DR finished with 1 violations

DRC-SUMMARY:
	@@@@@@@ TOTAL VIOLATIONS =	1
	Short : 1



Total Wire Length =                    890537 micron
Total Number of Contacts =             356683
Total Number of Wires =                295216
Total Number of PtConns =              77194
Total Number of Routed Wires =       295216
Total Routed Wire Length =           879007 micron
Total Number of Routed Contacts =       356683
	Layer             M1 :       4565 micron
	Layer             M2 :     222825 micron
	Layer             M3 :     286424 micron
	Layer             M4 :      88529 micron
	Layer             M5 :      96407 micron
	Layer             M6 :      86257 micron
	Layer             M7 :      57885 micron
	Layer             M8 :      45814 micron
	Layer             M9 :       1831 micron
	Layer           MRDL :          0 micron
	Via     VIA89_C(rot) :         96
	Via        VIA78SQ_C :       3357
	Via       VIA78BAR_C :          3
	Via    VIA78SQ_C_2x1 :         29
	Via        VIA67SQ_C :          8
	Via   VIA67SQ_C(rot) :       6704
	Via        VIA56SQ_C :      13909
	Via   VIA56SQ_C(rot) :          3
	Via        VIA45SQ_C :        887
	Via   VIA45SQ_C(rot) :      22049
	Via        VIA34SQ_C :      32916
	Via   VIA34SQ_C(rot) :        132
	Via        VIA23SQ_C :        836
	Via   VIA23SQ_C(rot) :     142738
	Via        VIA12SQ_C :     127126
	Via   VIA12SQ_C(rot) :       5832
	Via       VIA12BAR_C :         48
	Via    VIA12SQ_C_2x1 :         10

 
Redundant via conversion report:
--------------------------------

  Total optimized via conversion rate =  0.01% (39 / 356683 vias)
 
    Layer VIA1       =  0.01% (10     / 133016  vias)
        Weight 1     =  0.01% (10      vias)
        Un-optimized =  0.00% (0       vias)
        Un-mapped    = 99.99% (133006  vias)
    Layer VIA2       =  0.00% (0      / 143574  vias)
        Un-optimized =  0.00% (0       vias)
        Un-mapped    = 100.00% (143574  vias)
    Layer VIA3       =  0.00% (0      / 33048   vias)
        Un-optimized =  0.00% (0       vias)
        Un-mapped    = 100.00% (33048   vias)
    Layer VIA4       =  0.00% (0      / 22936   vias)
        Un-optimized =  0.00% (0       vias)
        Un-mapped    = 100.00% (22936   vias)
    Layer VIA5       =  0.00% (0      / 13912   vias)
        Un-optimized =  0.00% (0       vias)
        Un-mapped    = 100.00% (13912   vias)
    Layer VIA6       =  0.00% (0      / 6712    vias)
        Un-optimized =  0.00% (0       vias)
        Un-mapped    = 100.00% (6712    vias)
    Layer VIA7       =  0.86% (29     / 3389    vias)
        Weight 1     =  0.86% (29      vias)
        Un-optimized =  0.00% (0       vias)
        Un-mapped    = 99.14% (3360    vias)
    Layer VIA8       =  0.00% (0      / 96      vias)
        Un-optimized =  0.00% (0       vias)
        Un-mapped    = 100.00% (96      vias)
 
  Total double via conversion rate    =  0.01% (39 / 356683 vias)
 
    Layer VIA1       =  0.01% (10     / 133016  vias)
    Layer VIA2       =  0.00% (0      / 143574  vias)
    Layer VIA3       =  0.00% (0      / 33048   vias)
    Layer VIA4       =  0.00% (0      / 22936   vias)
    Layer VIA5       =  0.00% (0      / 13912   vias)
    Layer VIA6       =  0.00% (0      / 6712    vias)
    Layer VIA7       =  0.86% (29     / 3389    vias)
    Layer VIA8       =  0.00% (0      / 96      vias)
 
  The optimized via conversion rate based on total routed via count =  0.01% (39 / 356683 vias)
 
    Layer VIA1       =  0.01% (10     / 133016  vias)
        Weight 1     =  0.01% (10      vias)
        Un-optimized =  0.00% (0       vias)
        Un-mapped    = 99.99% (133006  vias)
    Layer VIA2       =  0.00% (0      / 143574  vias)
        Un-optimized =  0.00% (0       vias)
        Un-mapped    = 100.00% (143574  vias)
    Layer VIA3       =  0.00% (0      / 33048   vias)
        Un-optimized =  0.00% (0       vias)
        Un-mapped    = 100.00% (33048   vias)
    Layer VIA4       =  0.00% (0      / 22936   vias)
        Un-optimized =  0.00% (0       vias)
        Un-mapped    = 100.00% (22936   vias)
    Layer VIA5       =  0.00% (0      / 13912   vias)
        Un-optimized =  0.00% (0       vias)
        Un-mapped    = 100.00% (13912   vias)
    Layer VIA6       =  0.00% (0      / 6712    vias)
        Un-optimized =  0.00% (0       vias)
        Un-mapped    = 100.00% (6712    vias)
    Layer VIA7       =  0.86% (29     / 3389    vias)
        Weight 1     =  0.86% (29      vias)
        Un-optimized =  0.00% (0       vias)
        Un-mapped    = 99.14% (3360    vias)
    Layer VIA8       =  0.00% (0      / 96      vias)
        Un-optimized =  0.00% (0       vias)
        Un-mapped    = 100.00% (96      vias)
 

Total number of nets = 47509
0 open nets, of which 0 are frozen
Total number of excluded ports = 0 ports of 0 unplaced cells connected to 0 nets
                                 0 ports without pins of 0 cells connected to 0 nets
                                 0 ports of 0 cover cells connected to 0 non-pg nets
Total number of DRCs = 1
Total number of antenna violations = antenna checking not active
Information: Routes in non-preferred voltage areas = 0 (ZRT-559)

Topology ECO not run, no qualifying violations or in frozen nets.
Updating the database ...
icc2_shell> Begin building search trees for block zigbee_F.dlib:zigbee_F_routing.design
Done building search trees for block zigbee_F.dlib:zigbee_F_routing.design (time 0s)
icc2_shell> check_routes
Warning: Cell contains tie connections which are not connected to real PG. (ZRT-511)
Turn off antenna since no rule is specified
Cell Min-Routing-Layer = M2
Cell Max-Routing-Layer = M9
Warning: Cannot find a default contact code for layer CO. (ZRT-022)
rule clk_network_NDR_leaf equivalent to default rule
Warning: Ignore 2 top cell ports with no pins. (ZRT-027)
Info: number of net_type_blockage: 0 
soft rule ICC2_GENERATED_DEFAULT_SPACING_RULE_3_8_wire is redundant
soft rule LOPT_M3_M7_3_8_wire is redundant
soft rule LOPT_M6_M7_3_8_wire is redundant


Start checking for open nets ... 

Total number of nets = 47509, of which 0 are not extracted
Total number of open nets = 0, of which 0 are frozen

Check 47509 nets, 0 have Errors

[CHECK OPEN NETS] Elapsed real time: 0:00:00 
[CHECK OPEN NETS] Elapsed cpu  time: sys=0:00:00 usr=0:00:00 total=0:00:00
[CHECK OPEN NETS] Stage (MB): Used    0  Alloctr    0  Proc    0 
[CHECK OPEN NETS] Total (MB): Used  137  Alloctr  152  Proc 3535 
Printing options for 'route.common.*'
common.verbose_level                                    :	 0                   

Printing options for 'route.detail.*'
detail.antenna                                          :	 true                
detail.check_patchable_drc_from_fixed_shapes            :	 true                
detail.drc_convergence_effort_level                     :	 high                
detail.eco_max_number_of_iterations                     :	 60                  
detail.force_end_on_preferred_grid                      :	 true                
detail.timing_driven                                    :	 true                

Printing options for 'route.auto_via_ladder.*'


Begin full DRC check ...

Information: Using 12 threads for routing. (ZRT-444)
Checked	1/64 Partitions, Violations =	0
Checked	2/64 Partitions, Violations =	0
Checked	4/64 Partitions, Violations =	0
Checked	6/64 Partitions, Violations =	0
Checked	8/64 Partitions, Violations =	0
Checked	10/64 Partitions, Violations =	0
Checked	12/64 Partitions, Violations =	2
Checked	14/64 Partitions, Violations =	2
Checked	16/64 Partitions, Violations =	2
Checked	18/64 Partitions, Violations =	2
Checked	20/64 Partitions, Violations =	2
Checked	22/64 Partitions, Violations =	2
Checked	24/64 Partitions, Violations =	2
Checked	26/64 Partitions, Violations =	2
Checked	28/64 Partitions, Violations =	2
Checked	30/64 Partitions, Violations =	2
Checked	32/64 Partitions, Violations =	2
Checked	34/64 Partitions, Violations =	2
Checked	36/64 Partitions, Violations =	2
Checked	38/64 Partitions, Violations =	2
Checked	40/64 Partitions, Violations =	2
Checked	42/64 Partitions, Violations =	2
Checked	44/64 Partitions, Violations =	2
Checked	46/64 Partitions, Violations =	2
Checked	48/64 Partitions, Violations =	2
Checked	50/64 Partitions, Violations =	2
Checked	52/64 Partitions, Violations =	2
Checked	54/64 Partitions, Violations =	2
Checked	56/64 Partitions, Violations =	2
Checked	58/64 Partitions, Violations =	2
Checked	60/64 Partitions, Violations =	2
Checked	62/64 Partitions, Violations =	2
Checked	64/64 Partitions, Violations =	2
[DRC CHECK] Elapsed real time: 0:00:02 
[DRC CHECK] Elapsed cpu  time: sys=0:00:00 usr=0:00:25 total=0:00:25
[DRC CHECK] Stage (MB): Used    0  Alloctr    1  Proc    2 
[DRC CHECK] Total (MB): Used  159  Alloctr  173  Proc 3537 
Warning: No antenna rules defined, Skip antenna analysis. (ZRT-309)
Information: Merged away 1 aligned/redundant DRCs. (ZRT-305)

DRC-SUMMARY:
	@@@@@@@ TOTAL VIOLATIONS =	1
	Short : 1


Total Wire Length =                    890537 micron
Total Number of Contacts =             356683
Total Number of Wires =                297685
Total Number of PtConns =              77194
Total Number of Routed Wires =       297685
Total Routed Wire Length =           879007 micron
Total Number of Routed Contacts =       356683
	Layer             M1 :       4565 micron
	Layer             M2 :     222825 micron
	Layer             M3 :     286424 micron
	Layer             M4 :      88529 micron
	Layer             M5 :      96407 micron
	Layer             M6 :      86257 micron
	Layer             M7 :      57885 micron
	Layer             M8 :      45814 micron
	Layer             M9 :       1831 micron
	Layer           MRDL :          0 micron
	Via     VIA89_C(rot) :         96
	Via        VIA78SQ_C :       3357
	Via       VIA78BAR_C :          3
	Via    VIA78SQ_C_2x1 :         29
	Via        VIA67SQ_C :          8
	Via   VIA67SQ_C(rot) :       6704
	Via        VIA56SQ_C :      13909
	Via   VIA56SQ_C(rot) :          3
	Via        VIA45SQ_C :        887
	Via   VIA45SQ_C(rot) :      22049
	Via        VIA34SQ_C :      32916
	Via   VIA34SQ_C(rot) :        132
	Via        VIA23SQ_C :        836
	Via   VIA23SQ_C(rot) :     142738
	Via        VIA12SQ_C :     127126
	Via   VIA12SQ_C(rot) :       5832
	Via       VIA12BAR_C :         48
	Via    VIA12SQ_C_2x1 :         10

 
Redundant via conversion report:
--------------------------------

  Total optimized via conversion rate =  0.01% (39 / 356683 vias)
 
    Layer VIA1       =  0.01% (10     / 133016  vias)
        Weight 1     =  0.01% (10      vias)
        Un-optimized =  0.00% (0       vias)
        Un-mapped    = 99.99% (133006  vias)
    Layer VIA2       =  0.00% (0      / 143574  vias)
        Un-optimized =  0.00% (0       vias)
        Un-mapped    = 100.00% (143574  vias)
    Layer VIA3       =  0.00% (0      / 33048   vias)
        Un-optimized =  0.00% (0       vias)
        Un-mapped    = 100.00% (33048   vias)
    Layer VIA4       =  0.00% (0      / 22936   vias)
        Un-optimized =  0.00% (0       vias)
        Un-mapped    = 100.00% (22936   vias)
    Layer VIA5       =  0.00% (0      / 13912   vias)
        Un-optimized =  0.00% (0       vias)
        Un-mapped    = 100.00% (13912   vias)
    Layer VIA6       =  0.00% (0      / 6712    vias)
        Un-optimized =  0.00% (0       vias)
        Un-mapped    = 100.00% (6712    vias)
    Layer VIA7       =  0.86% (29     / 3389    vias)
        Weight 1     =  0.86% (29      vias)
        Un-optimized =  0.00% (0       vias)
        Un-mapped    = 99.14% (3360    vias)
    Layer VIA8       =  0.00% (0      / 96      vias)
        Un-optimized =  0.00% (0       vias)
        Un-mapped    = 100.00% (96      vias)
 
  Total double via conversion rate    =  0.01% (39 / 356683 vias)
 
    Layer VIA1       =  0.01% (10     / 133016  vias)
    Layer VIA2       =  0.00% (0      / 143574  vias)
    Layer VIA3       =  0.00% (0      / 33048   vias)
    Layer VIA4       =  0.00% (0      / 22936   vias)
    Layer VIA5       =  0.00% (0      / 13912   vias)
    Layer VIA6       =  0.00% (0      / 6712    vias)
    Layer VIA7       =  0.86% (29     / 3389    vias)
    Layer VIA8       =  0.00% (0      / 96      vias)
 
  The optimized via conversion rate based on total routed via count =  0.01% (39 / 356683 vias)
 
    Layer VIA1       =  0.01% (10     / 133016  vias)
        Weight 1     =  0.01% (10      vias)
        Un-optimized =  0.00% (0       vias)
        Un-mapped    = 99.99% (133006  vias)
    Layer VIA2       =  0.00% (0      / 143574  vias)
        Un-optimized =  0.00% (0       vias)
        Un-mapped    = 100.00% (143574  vias)
    Layer VIA3       =  0.00% (0      / 33048   vias)
        Un-optimized =  0.00% (0       vias)
        Un-mapped    = 100.00% (33048   vias)
    Layer VIA4       =  0.00% (0      / 22936   vias)
        Un-optimized =  0.00% (0       vias)
        Un-mapped    = 100.00% (22936   vias)
    Layer VIA5       =  0.00% (0      / 13912   vias)
        Un-optimized =  0.00% (0       vias)
        Un-mapped    = 100.00% (13912   vias)
    Layer VIA6       =  0.00% (0      / 6712    vias)
        Un-optimized =  0.00% (0       vias)
        Un-mapped    = 100.00% (6712    vias)
    Layer VIA7       =  0.86% (29     / 3389    vias)
        Weight 1     =  0.86% (29      vias)
        Un-optimized =  0.00% (0       vias)
        Un-mapped    = 99.14% (3360    vias)
    Layer VIA8       =  0.00% (0      / 96      vias)
        Un-optimized =  0.00% (0       vias)
        Un-mapped    = 100.00% (96      vias)
 


Verify Summary:

Total number of nets = 47509, of which 0 are not extracted
Total number of open nets = 0, of which 0 are frozen
Total number of excluded ports = 0 ports of 0 unplaced cells connected to 0 nets
                                 0 ports without pins of 0 cells connected to 0 nets
                                 0 ports of 0 cover cells connected to 0 non-pg nets
Total number of DRCs = 1
Total number of antenna violations = no antenna rules defined
Total number of tie to rail violations = not checked
Total number of tie to rail directly violations = not checked


icc2_shell> gui_show_error_data
icc2_shell> gui_set_layout_layer_visibility -toggle [get_layers -filter {mask_name == metal9} -quiet]
1
icc2_shell> gui_set_layout_layer_visibility -toggle [get_layers -filter {mask_name == metal8} -quiet]
1
icc2_shell> gui_set_layout_layer_visibility -toggle [get_layers -filter {mask_name == metal7} -quiet]
1
icc2_shell> gui_set_layout_layer_visibility -toggle [get_layers -filter {mask_name == metal6} -quiet]
1
icc2_shell> gui_set_layout_layer_visibility -toggle [get_layers -filter {mask_name == metal5} -quiet]
1
icc2_shell> gui_set_layout_layer_visibility -toggle [get_layers -filter {mask_name == metal4} -quiet]
1
icc2_shell> gui_set_layout_layer_visibility -toggle [get_layers -filter {mask_name == metal3} -quiet]
1
icc2_shell> gui_set_layout_layer_visibility -toggle [get_layers -filter {mask_name == metal2} -quiet]
1
icc2_shell> gui_mouse_tool -window [gui_get_current_window -types Layout -mru] -start MoveTool
icc2_shell> gui_mouse_tool -window [gui_get_current_window -types Layout -mru] -drag {{498.375 139.421} {497.936 139.402}} -scale 0.0064
icc2_shell> gui_mouse_tool -window [gui_get_current_window -types Layout -mru] -add_point {496.783 139.408} -scale 0.0064
icc2_shell> gui_mouse_tool -window [gui_get_current_window -types Layout -mru] -drag {{497.095 139.465} {496.452 139.465}} -scale 0.0064
icc2_shell> gui_mouse_tool -window [gui_get_current_window -types Layout -mru] -drag {{497.923 139.491} {497.611 139.491}} -scale 0.0064
icc2_shell> gui_mouse_tool -window [gui_get_current_window -types Layout -mru] -abort
icc2_shell> lega
legalize_placement legalize_rp_groups 
icc2_shell> legalize_placement 
----------------------------------------------------------------
running legalize_placement
nplDplc2Placer::setParam(effort,1)
nplDplc2Placer::setParam(debug,0)
nplDplc2Placer::setParam(site_check,2)
nplDplc2Placer::setParam(app_firm_wgt,0)

Running Advanced Legalizer....
INFO: Setting bounds and VA...
INFO: Setting up voltage area DEFAULT_VA
INFO: Setting up cell instances...
INFO: All fillers in the reference libraries will be considered during legalization/check legality
Information: Initializing site map 'unit' at {10 10} {522.24 521.632}.
INFO: Init siteMap unit with 3370 sites x 306 rows
Adding rule engine Basic Rules version 1.0.0...
Adding rule engine VT Implant Rules version 1.0.0...
Adding rule engine OD Rules version 1.0.0...
Adding rule engine TPO Rules version 1.0.0...
Adding rule engine Pin Access Rules version 1.0.0...
Adding rule engine Span Rules version 1.0.0...
Adding rule engine Index Rules version 1.0.0...
Adding rule engine Color Rules version 1.0.0...
Adding rule engine Inbound (PPNN) Rules version 1.0.0...
Adding rule engine PG DRC/VINS Rules version 1.0.0...
Adding rule engine Exp Rules version 1.0.0...
Adding rule engine N5 Soft Rules version 1.0.0...
2D rule auto detection will enable the following rules:
spacing_rule
pg_drc
INFO: Initializing CTS constraints...
WARNING: No via0 alignment grid is specified, via0 alignment rule will be ignored
WARNING: Please check place.legalize.via0_alignment_grid_name
Constructing pin color alignment legality info...
Initializing PG drc check engine...
Expand check halo by 0.1520 x 0.1520
Scanning PG objects...
PG hash cached 2 nets; 11 viaBoxes; 0 viaMatrices.
PG scanned 280 objects; 79325 vias; 0 staples.
PG scan complete.  Hash key = eb822d0a7a433e8c
Reading PG structure for 'zigbee_F.dlib:zigbee_F_routing.design'
Layer M1: read 0 secDefs  0 sectors
Layer M2: read 6 secDefs  31776 sectors
Layer M3: read 6 secDefs  31776 sectors
Layer M4: read 6 secDefs  31776 sectors
Layer M5: read 6 secDefs  31776 sectors
Layer M6: read 6 secDefs  31776 sectors
Layer M7: read 6 secDefs  31776 sectors
Layer M8: read 12 secDefs  21253 sectors
Layer M9: read 23 secDefs  4969 sectors
Layer MRDL: read 0 secDefs  0 sectors

Sector Array Stats:
Num Sectors: 216878
Num SecDefs:    71
Shared: 63 count; 3442.4 ave; 5390 max
SecDef Shapes: 51 Below-aligned, 0 Above-aligned, 12 Horizontal, 8 Vertical
Referenced Patterns: 4 count; 2.0 ave; 2 max

Place Cache read: 46897 elements -- 8 drcFail 46889 drcOk
Place Cache read: 99 libcells referenced from 2 libs
Place Cache read: used 6 of 71 total secDefs
Access Cache read: 48824 elements -- 3509 drcFail 45315 drcOk
Access Cache read: 130 libcells referenced from 3 libs
Access Cache read: used 6 of 71 total secDefs
Connection checks for layer M2: blocked_pin pin_access_default track_drc pin_extend0
Connection checks for layer M3: blocked_pin pin_access_default track_drc pin_extend1
Connection checks for layer M4: blocked_pin pin_access_default track_drc pin_extend1
Connection checks for layer M5: blocked_pin pin_access_default track_drc pin_extend1
INFO: Extracting M1 PG straps
INFO: Constructing BlkInst pin extension data for fast PG check
INFO: Constructing PG-Via/VIB/VINS layer info (VIA1/M2)...
INFO: PG-Via Abut check extension is 0
INFO: VIB check extension is 0
INFO: VINS check extension is 0
INFO: PG-Via(pg_via_abut) design rule for layer VIA1 and VIA1 not found
INFO: VIB(vib_abut) design rule for layer M2 and VIA1 not found
INFO: VINS(vins_abut) design rule for layer M2 and VIA1 not found
INFO: Enabling hard placement rule spacing_rule...
INFO: Enabling hard placement rule pg_drc...
INFO: Timing cost factor is 0
Information: Legalizing 45608 moveable cells.
..
Legalization progress 5%...
Legalization progress 10%...
Legalization progress 15%...
Legalization progress 20%...
Legalization progress 25%...
Legalization progress 30%...
Legalization progress 35%...
Legalization progress 40%...
Legalization progress 45%...
Legalization progress 50%...
Legalization progress 55%...
Legalization progress 60%...
Legalization progress 65%...
Legalization progress 70%...
Legalization progress 75%...
Legalization progress 80%...
Legalization progress 85%...
Legalization progress 90%...
Legalization progress 95%...
Legalization progress 100%.
10 references with the lowest legality passing rate:
AND2X1_HVT: 100.0% (534 / 534)
AND2X1_LVT: 100.0% (11 / 11)
AND2X2_HVT: 100.0% (2 / 2)
AND2X4_HVT: 100.0% (2 / 2)
AND2X4_LVT: 100.0% (1 / 1)
AND3X1_HVT: 100.0% (109 / 109)
AND3X1_LVT: 100.0% (1 / 1)
AND3X1_RVT: 100.0% (2 / 2)
AND3X4_HVT: 100.0% (1 / 1)
AND3X4_LVT: 100.0% (1 / 1)
================ Displacement Report =================
Area: placed=855719, unplaced=0, fixed=11340, blocked=0, total=1031220
Density = 867059/1031220 sites = 84.08%
Inbound cells: 0; 2-row cells: 0; >2-row cells: 0
    Total cell instance count: 47293 (45608 placed, 0 unplaced, 1685 fixed)
No cells moved
======================================================
NPLDRC Place Cache: unique cache elements 46897
NPLDRC Place Cache: read cache elements 46897
NPLDRC Place Cache: hit rate 100.0%  (0 / 29776)
NPLDRC Access Cache: unique cache elements 48824
NPLDRC Access Cache: read cache elements 48824
NPLDRC Access Cache: hit rate 100.0%  (0 / 29964)
NPLDRC Pin Status Cache: no calls
NPLDRC Multi Cell Cache: no calls
NPLDRC ViaLadder Cache: no calls
Legalization succeeded.
Total Legalizer CPU: 1.538
----------------------------------------------------------------
1
icc2_shell> legalize_placement[13G[Klegalize_placement[13Ggui_set_layout_layer_visibility -toggle [get_layers -filter {mask_name == metal2} -quiet ][A[92G3[100Gt][A[92G4[100Gt][A[92G5[100Gt][A[92G6[100Gt][A[92G7[100Gt][A[92G8[100Gt][A[92G9[100Gt][A[18Ghow_error_data[K[100G ][K[A[32G[13Gcheck_routes[K[13Ggui_show_error_data[18Get_layout_layer_visibility -toggle [get_layers -filter {mask_name == metal9} -quiet ][A[92G8[100Gt][A[92G7[100Gt][A[92G6[100Gt][A[92G5[100Gt][A[92G4[100Gt][A[92G3[100Gt][A[92G2[100Gt][A[13Glegalize_placement[K[100G ][K[A[31G[13G[Kroute_detail -incremental RE[K[Ktrure[K[Ke
Warning: Cell contains tie connections which are not connected to real PG. (ZRT-511)
Turn off antenna since no rule is specified
Cell Min-Routing-Layer = M2
Cell Max-Routing-Layer = M9
Warning: Cannot find a default contact code for layer CO. (ZRT-022)
rule clk_network_NDR_leaf equivalent to default rule
Warning: Ignore 2 top cell ports with no pins. (ZRT-027)
Info: number of net_type_blockage: 0 
soft rule ICC2_GENERATED_DEFAULT_SPACING_RULE_3_8_wire is redundant
soft rule LOPT_M3_M7_3_8_wire is redundant
soft rule LOPT_M6_M7_3_8_wire is redundant
Printing options for 'route.common.*'
common.verbose_level                                    :	 0                   

Printing options for 'route.detail.*'
detail.antenna                                          :	 true                
detail.check_patchable_drc_from_fixed_shapes            :	 true                
detail.drc_convergence_effort_level                     :	 high                
detail.eco_max_number_of_iterations                     :	 60                  
detail.force_end_on_preferred_grid                      :	 true                
detail.timing_driven                                    :	 true                

Printing options for 'route.auto_via_ladder.*'


Begin full DRC check ...

Information: Using 12 threads for routing. (ZRT-444)
Checked	1/64 Partitions, Violations =	0
Checked	2/64 Partitions, Violations =	0
Checked	4/64 Partitions, Violations =	0
Checked	6/64 Partitions, Violations =	0
Checked	8/64 Partitions, Violations =	0
Checked	10/64 Partitions, Violations =	0
Checked	12/64 Partitions, Violations =	0
Checked	14/64 Partitions, Violations =	0
Checked	16/64 Partitions, Violations =	0
Checked	18/64 Partitions, Violations =	0
Checked	20/64 Partitions, Violations =	7
Checked	22/64 Partitions, Violations =	9
Checked	24/64 Partitions, Violations =	9
Checked	26/64 Partitions, Violations =	9
Checked	28/64 Partitions, Violations =	9
Checked	30/64 Partitions, Violations =	9
Checked	32/64 Partitions, Violations =	9
Checked	34/64 Partitions, Violations =	9
Checked	36/64 Partitions, Violations =	9
Checked	38/64 Partitions, Violations =	9
Checked	40/64 Partitions, Violations =	9
Checked	42/64 Partitions, Violations =	9
Checked	44/64 Partitions, Violations =	9
Checked	46/64 Partitions, Violations =	9
Checked	48/64 Partitions, Violations =	9
Checked	50/64 Partitions, Violations =	9
Checked	52/64 Partitions, Violations =	9
Checked	54/64 Partitions, Violations =	9
Checked	56/64 Partitions, Violations =	9
Checked	58/64 Partitions, Violations =	9
Checked	60/64 Partitions, Violations =	9
Checked	62/64 Partitions, Violations =	9
Checked	64/64 Partitions, Violations =	9
[DRC CHECK] Elapsed real time: 0:00:02 
[DRC CHECK] Elapsed cpu  time: sys=0:00:00 usr=0:00:23 total=0:00:23
[DRC CHECK] Stage (MB): Used    0  Alloctr    1  Proc    0 
[DRC CHECK] Total (MB): Used  159  Alloctr  173  Proc 3553 
Loading timing information to the router from design
Timing information loaded to the router.
Printing options for 'route.common.*'
common.verbose_level                                    :	 0                   

Printing options for 'route.detail.*'
detail.antenna                                          :	 true                
detail.check_patchable_drc_from_fixed_shapes            :	 true                
detail.drc_convergence_effort_level                     :	 high                
detail.eco_max_number_of_iterations                     :	 60                  
detail.force_end_on_preferred_grid                      :	 true                
detail.timing_driven                                    :	 true                

Printing options for 'route.auto_via_ladder.*'

Information: RC layer preference is turned on for this design. (ZRT-613)
[Dr init] Elapsed real time: 0:00:04 
[Dr init] Elapsed cpu  time: sys=0:00:01 usr=0:00:32 total=0:00:34
[Dr init] Stage (MB): Used  156  Alloctr  168  Proc   16 
[Dr init] Total (MB): Used  157  Alloctr  171  Proc 3553 
Total number of nets = 47509, of which 0 are not extracted
Total number of open nets = 4, of which 0 are frozen
Information: Using 12 threads for routing. (ZRT-444)
Routing in incremental mode, starting from iteration 31

Start DR iteration 31: non-uniform partition
Routed	1/2 Partitions, Violations =	4
Routed	2/2 Partitions, Violations =	6

DRC-SUMMARY:
	@@@@@@@ TOTAL VIOLATIONS =	6
	Less than minimum area : 2
	Short : 2
	Internal-only types : 2

[Iter 31] Elapsed real time: 0:00:04 
[Iter 31] Elapsed cpu  time: sys=0:00:01 usr=0:00:33 total=0:00:35
[Iter 31] Stage (MB): Used  165  Alloctr  177  Proc   16 
[Iter 31] Total (MB): Used  166  Alloctr  180  Proc 3553 

End DR iteration 31 with 2 parts

Start DR iteration 32: non-uniform partition
Routed	1/2 Partitions, Violations =	3
Routed	2/2 Partitions, Violations =	5

DRC-SUMMARY:
	@@@@@@@ TOTAL VIOLATIONS =	5
	Less than minimum area : 2
	Short : 2
	Internal-only types : 1

[Iter 32] Elapsed real time: 0:00:04 
[Iter 32] Elapsed cpu  time: sys=0:00:01 usr=0:00:34 total=0:00:36
[Iter 32] Stage (MB): Used  165  Alloctr  177  Proc   16 
[Iter 32] Total (MB): Used  166  Alloctr  180  Proc 3553 

End DR iteration 32 with 2 parts

Start DR iteration 33: non-uniform partition
Routed	1/2 Partitions, Violations =	3
Routed	2/2 Partitions, Violations =	5

DRC-SUMMARY:
	@@@@@@@ TOTAL VIOLATIONS =	5
	Less than minimum area : 2
	Short : 2
	Internal-only types : 1

[Iter 33] Elapsed real time: 0:00:04 
[Iter 33] Elapsed cpu  time: sys=0:00:01 usr=0:00:35 total=0:00:37
[Iter 33] Stage (MB): Used  165  Alloctr  177  Proc   16 
[Iter 33] Total (MB): Used  166  Alloctr  180  Proc 3553 

End DR iteration 33 with 2 parts

Start DR iteration 34: non-uniform partition
Routed	1/3 Partitions, Violations =	4
Routed	2/3 Partitions, Violations =	2
Routed	3/3 Partitions, Violations =	4

DRC-SUMMARY:
	@@@@@@@ TOTAL VIOLATIONS =	4
	Less than minimum area : 2
	Short : 2

[Iter 34] Elapsed real time: 0:00:05 
[Iter 34] Elapsed cpu  time: sys=0:00:01 usr=0:00:38 total=0:00:40
[Iter 34] Stage (MB): Used  165  Alloctr  177  Proc   16 
[Iter 34] Total (MB): Used  166  Alloctr  180  Proc 3553 

End DR iteration 34 with 3 parts

Start DR iteration 35: non-uniform partition
Routed	1/2 Partitions, Violations =	3
Routed	2/2 Partitions, Violations =	5

DRC-SUMMARY:
	@@@@@@@ TOTAL VIOLATIONS =	5
	Less than minimum area : 2
	Short : 2
	Internal-only types : 1

[Iter 35] Elapsed real time: 0:00:05 
[Iter 35] Elapsed cpu  time: sys=0:00:02 usr=0:00:38 total=0:00:40
[Iter 35] Stage (MB): Used  165  Alloctr  177  Proc   16 
[Iter 35] Total (MB): Used  166  Alloctr  180  Proc 3553 

End DR iteration 35 with 2 parts

Start DR iteration 36: non-uniform partition
Routed	1/2 Partitions, Violations =	3
Routed	2/2 Partitions, Violations =	5

DRC-SUMMARY:
	@@@@@@@ TOTAL VIOLATIONS =	5
	Less than minimum area : 2
	Short : 2
	Internal-only types : 1

[Iter 36] Elapsed real time: 0:00:05 
[Iter 36] Elapsed cpu  time: sys=0:00:02 usr=0:00:39 total=0:00:41
[Iter 36] Stage (MB): Used  165  Alloctr  177  Proc   16 
[Iter 36] Total (MB): Used  166  Alloctr  180  Proc 3553 

End DR iteration 36 with 2 parts

Start DR iteration 37: non-uniform partition
Routed	1/3 Partitions, Violations =	6
Routed	2/3 Partitions, Violations =	2
Routed	3/3 Partitions, Violations =	4

DRC-SUMMARY:
	@@@@@@@ TOTAL VIOLATIONS =	4
	Less than minimum area : 2
	Short : 2

[Iter 37] Elapsed real time: 0:00:05 
[Iter 37] Elapsed cpu  time: sys=0:00:02 usr=0:00:40 total=0:00:42
[Iter 37] Stage (MB): Used  165  Alloctr  177  Proc   16 
[Iter 37] Total (MB): Used  166  Alloctr  180  Proc 3553 

End DR iteration 37 with 3 parts

Start DR iteration 38: non-uniform partition
Routed	1/2 Partitions, Violations =	5
Routed	2/2 Partitions, Violations =	5

DRC-SUMMARY:
	@@@@@@@ TOTAL VIOLATIONS =	5
	Less than minimum area : 2
	Short : 2
	Internal-only types : 1

[Iter 38] Elapsed real time: 0:00:05 
[Iter 38] Elapsed cpu  time: sys=0:00:02 usr=0:00:41 total=0:00:43
[Iter 38] Stage (MB): Used  165  Alloctr  177  Proc   16 
[Iter 38] Total (MB): Used  166  Alloctr  180  Proc 3553 

End DR iteration 38 with 2 parts

Start DR iteration 39: non-uniform partition
Routed	1/3 Partitions, Violations =	4
Routed	2/3 Partitions, Violations =	2
Routed	3/3 Partitions, Violations =	4

DRC-SUMMARY:
	@@@@@@@ TOTAL VIOLATIONS =	4
	Less than minimum area : 2
	Short : 2

[Iter 39] Elapsed real time: 0:00:05 
[Iter 39] Elapsed cpu  time: sys=0:00:02 usr=0:00:42 total=0:00:44
[Iter 39] Stage (MB): Used  165  Alloctr  177  Proc   16 
[Iter 39] Total (MB): Used  166  Alloctr  180  Proc 3553 

End DR iteration 39 with 3 parts

Start DR iteration 40: non-uniform partition
Routed	1/2 Partitions, Violations =	3
Routed	2/2 Partitions, Violations =	5

DRC-SUMMARY:
	@@@@@@@ TOTAL VIOLATIONS =	5
	Less than minimum area : 2
	Short : 2
	Internal-only types : 1

[Iter 40] Elapsed real time: 0:00:06 
[Iter 40] Elapsed cpu  time: sys=0:00:02 usr=0:00:43 total=0:00:45
[Iter 40] Stage (MB): Used  165  Alloctr  177  Proc   16 
[Iter 40] Total (MB): Used  166  Alloctr  180  Proc 3553 

End DR iteration 40 with 2 parts

Start DR iteration 41: non-uniform partition
Routed	1/2 Partitions, Violations =	3
Routed	2/2 Partitions, Violations =	5

DRC-SUMMARY:
	@@@@@@@ TOTAL VIOLATIONS =	5
	Less than minimum area : 2
	Short : 2
	Internal-only types : 1

[Iter 41] Elapsed real time: 0:00:06 
[Iter 41] Elapsed cpu  time: sys=0:00:02 usr=0:00:44 total=0:00:47
[Iter 41] Stage (MB): Used  165  Alloctr  177  Proc   16 
[Iter 41] Total (MB): Used  166  Alloctr  180  Proc 3553 

End DR iteration 41 with 2 parts

Start DR iteration 42: non-uniform partition
Routed	1/3 Partitions, Violations =	3
Routed	2/3 Partitions, Violations =	2
Routed	3/3 Partitions, Violations =	4

DRC-SUMMARY:
	@@@@@@@ TOTAL VIOLATIONS =	4
	Less than minimum area : 2
	Short : 2

[Iter 42] Elapsed real time: 0:00:06 
[Iter 42] Elapsed cpu  time: sys=0:00:02 usr=0:00:46 total=0:00:48
[Iter 42] Stage (MB): Used  165  Alloctr  177  Proc   16 
[Iter 42] Total (MB): Used  166  Alloctr  180  Proc 3553 

End DR iteration 42 with 3 parts

Stop DR since not converging

Information: Detail Routing terminated early because DRCs were not converging: true (ZRT-312)
[DR] Elapsed real time: 0:00:06 
[DR] Elapsed cpu  time: sys=0:00:02 usr=0:00:46 total=0:00:48
[DR] Stage (MB): Used  149  Alloctr  162  Proc   16 
[DR] Total (MB): Used  150  Alloctr  164  Proc 3553 
[DR: Done] Elapsed real time: 0:00:06 
[DR: Done] Elapsed cpu  time: sys=0:00:02 usr=0:00:46 total=0:00:48
[DR: Done] Stage (MB): Used  149  Alloctr  162  Proc   16 
[DR: Done] Total (MB): Used  150  Alloctr  164  Proc 3553 

DR finished with 4 open nets, of which 0 are frozen
Information: Merged away 1 aligned/redundant DRCs. (ZRT-305)

DR finished with 3 violations

DRC-SUMMARY:
	@@@@@@@ TOTAL VIOLATIONS =	3
	Less than minimum area : 2
	Short : 1



Total Wire Length =                    890525 micron
Total Number of Contacts =             356677
Total Number of Wires =                295210
Total Number of PtConns =              77192
Total Number of Routed Wires =       295210
Total Routed Wire Length =           878995 micron
Total Number of Routed Contacts =       356677
	Layer             M1 :       4565 micron
	Layer             M2 :     222824 micron
	Layer             M3 :     286422 micron
	Layer             M4 :      88520 micron
	Layer             M5 :      96407 micron
	Layer             M6 :      86257 micron
	Layer             M7 :      57885 micron
	Layer             M8 :      45814 micron
	Layer             M9 :       1831 micron
	Layer           MRDL :          0 micron
	Via     VIA89_C(rot) :         96
	Via        VIA78SQ_C :       3357
	Via       VIA78BAR_C :          3
	Via    VIA78SQ_C_2x1 :         29
	Via        VIA67SQ_C :          8
	Via   VIA67SQ_C(rot) :       6704
	Via        VIA56SQ_C :      13909
	Via   VIA56SQ_C(rot) :          3
	Via        VIA45SQ_C :        887
	Via   VIA45SQ_C(rot) :      22049
	Via        VIA34SQ_C :      32915
	Via   VIA34SQ_C(rot) :        132
	Via        VIA23SQ_C :        836
	Via   VIA23SQ_C(rot) :     142736
	Via        VIA12SQ_C :     127123
	Via   VIA12SQ_C(rot) :       5832
	Via       VIA12BAR_C :         48
	Via    VIA12SQ_C_2x1 :         10

 
Redundant via conversion report:
--------------------------------

  Total optimized via conversion rate =  0.01% (39 / 356677 vias)
 
    Layer VIA1       =  0.01% (10     / 133013  vias)
        Weight 1     =  0.01% (10      vias)
        Un-optimized =  0.00% (0       vias)
        Un-mapped    = 99.99% (133003  vias)
    Layer VIA2       =  0.00% (0      / 143572  vias)
        Un-optimized =  0.00% (0       vias)
        Un-mapped    = 100.00% (143572  vias)
    Layer VIA3       =  0.00% (0      / 33047   vias)
        Un-optimized =  0.00% (0       vias)
        Un-mapped    = 100.00% (33047   vias)
    Layer VIA4       =  0.00% (0      / 22936   vias)
        Un-optimized =  0.00% (0       vias)
        Un-mapped    = 100.00% (22936   vias)
    Layer VIA5       =  0.00% (0      / 13912   vias)
        Un-optimized =  0.00% (0       vias)
        Un-mapped    = 100.00% (13912   vias)
    Layer VIA6       =  0.00% (0      / 6712    vias)
        Un-optimized =  0.00% (0       vias)
        Un-mapped    = 100.00% (6712    vias)
    Layer VIA7       =  0.86% (29     / 3389    vias)
        Weight 1     =  0.86% (29      vias)
        Un-optimized =  0.00% (0       vias)
        Un-mapped    = 99.14% (3360    vias)
    Layer VIA8       =  0.00% (0      / 96      vias)
        Un-optimized =  0.00% (0       vias)
        Un-mapped    = 100.00% (96      vias)
 
  Total double via conversion rate    =  0.01% (39 / 356677 vias)
 
    Layer VIA1       =  0.01% (10     / 133013  vias)
    Layer VIA2       =  0.00% (0      / 143572  vias)
    Layer VIA3       =  0.00% (0      / 33047   vias)
    Layer VIA4       =  0.00% (0      / 22936   vias)
    Layer VIA5       =  0.00% (0      / 13912   vias)
    Layer VIA6       =  0.00% (0      / 6712    vias)
    Layer VIA7       =  0.86% (29     / 3389    vias)
    Layer VIA8       =  0.00% (0      / 96      vias)
 
  The optimized via conversion rate based on total routed via count =  0.01% (39 / 356677 vias)
 
    Layer VIA1       =  0.01% (10     / 133013  vias)
        Weight 1     =  0.01% (10      vias)
        Un-optimized =  0.00% (0       vias)
        Un-mapped    = 99.99% (133003  vias)
    Layer VIA2       =  0.00% (0      / 143572  vias)
        Un-optimized =  0.00% (0       vias)
        Un-mapped    = 100.00% (143572  vias)
    Layer VIA3       =  0.00% (0      / 33047   vias)
        Un-optimized =  0.00% (0       vias)
        Un-mapped    = 100.00% (33047   vias)
    Layer VIA4       =  0.00% (0      / 22936   vias)
        Un-optimized =  0.00% (0       vias)
        Un-mapped    = 100.00% (22936   vias)
    Layer VIA5       =  0.00% (0      / 13912   vias)
        Un-optimized =  0.00% (0       vias)
        Un-mapped    = 100.00% (13912   vias)
    Layer VIA6       =  0.00% (0      / 6712    vias)
        Un-optimized =  0.00% (0       vias)
        Un-mapped    = 100.00% (6712    vias)
    Layer VIA7       =  0.86% (29     / 3389    vias)
        Weight 1     =  0.86% (29      vias)
        Un-optimized =  0.00% (0       vias)
        Un-mapped    = 99.14% (3360    vias)
    Layer VIA8       =  0.00% (0      / 96      vias)
        Un-optimized =  0.00% (0       vias)
        Un-mapped    = 100.00% (96      vias)
 

Total number of nets = 47509
4 open nets, of which 0 are frozen
Total number of excluded ports = 0 ports of 0 unplaced cells connected to 0 nets
                                 0 ports without pins of 0 cells connected to 0 nets
                                 0 ports of 0 cover cells connected to 0 non-pg nets
Total number of DRCs = 3
Total number of antenna violations = antenna checking not active
Information: Routes in non-preferred voltage areas = 0 (ZRT-559)

Topology ECO not run, no qualifying violations or in frozen nets.
Updating the database ...
icc2_shell> Begin building search trees for block zigbee_F.dlib:zigbee_F_routing.design
Done building search trees for block zigbee_F.dlib:zigbee_F_routing.design (time 0s)
icc2_shell> route_detail -incremental true
Warning: Cell contains tie connections which are not connected to real PG. (ZRT-511)
Turn off antenna since no rule is specified
Cell Min-Routing-Layer = M2
Cell Max-Routing-Layer = M9
Warning: Cannot find a default contact code for layer CO. (ZRT-022)
rule clk_network_NDR_leaf equivalent to default rule
Warning: Ignore 2 top cell ports with no pins. (ZRT-027)
Info: number of net_type_blockage: 0 
soft rule ICC2_GENERATED_DEFAULT_SPACING_RULE_3_8_wire is redundant
soft rule LOPT_M3_M7_3_8_wire is redundant
soft rule LOPT_M6_M7_3_8_wire is redundant
Printing options for 'route.common.*'
common.verbose_level                                    :	 0                   

Printing options for 'route.detail.*'
detail.antenna                                          :	 true                
detail.check_patchable_drc_from_fixed_shapes            :	 true                
detail.drc_convergence_effort_level                     :	 high                
detail.eco_max_number_of_iterations                     :	 60                  
detail.force_end_on_preferred_grid                      :	 true                
detail.timing_driven                                    :	 true                

Printing options for 'route.auto_via_ladder.*'


Begin full DRC check ...

Information: Using 12 threads for routing. (ZRT-444)
Checked	1/64 Partitions, Violations =	0
Checked	2/64 Partitions, Violations =	0
Checked	4/64 Partitions, Violations =	0
Checked	6/64 Partitions, Violations =	0
Checked	8/64 Partitions, Violations =	0
Checked	10/64 Partitions, Violations =	0
Checked	12/64 Partitions, Violations =	0
Checked	14/64 Partitions, Violations =	0
Checked	16/64 Partitions, Violations =	0
Checked	18/64 Partitions, Violations =	0
Checked	20/64 Partitions, Violations =	0
Checked	22/64 Partitions, Violations =	0
Checked	24/64 Partitions, Violations =	0
Checked	26/64 Partitions, Violations =	0
Checked	28/64 Partitions, Violations =	0
Checked	30/64 Partitions, Violations =	0
Checked	32/64 Partitions, Violations =	0
Checked	34/64 Partitions, Violations =	0
Checked	36/64 Partitions, Violations =	2
Checked	38/64 Partitions, Violations =	2
Checked	40/64 Partitions, Violations =	2
Checked	42/64 Partitions, Violations =	2
Checked	44/64 Partitions, Violations =	2
Checked	46/64 Partitions, Violations =	4
Checked	48/64 Partitions, Violations =	4
Checked	50/64 Partitions, Violations =	4
Checked	52/64 Partitions, Violations =	4
Checked	54/64 Partitions, Violations =	4
Checked	56/64 Partitions, Violations =	4
Checked	58/64 Partitions, Violations =	4
Checked	60/64 Partitions, Violations =	4
Checked	62/64 Partitions, Violations =	4
Checked	64/64 Partitions, Violations =	4
[DRC CHECK] Elapsed real time: 0:00:02 
[DRC CHECK] Elapsed cpu  time: sys=0:00:00 usr=0:00:23 total=0:00:23
[DRC CHECK] Stage (MB): Used    0  Alloctr    1  Proc    0 
[DRC CHECK] Total (MB): Used  159  Alloctr  173  Proc 3553 
Loading timing information to the router from design
Timing information loaded to the router.
Printing options for 'route.common.*'
common.verbose_level                                    :	 0                   

Printing options for 'route.detail.*'
detail.antenna                                          :	 true                
detail.check_patchable_drc_from_fixed_shapes            :	 true                
detail.drc_convergence_effort_level                     :	 high                
detail.eco_max_number_of_iterations                     :	 60                  
detail.force_end_on_preferred_grid                      :	 true                
detail.timing_driven                                    :	 true                

Printing options for 'route.auto_via_ladder.*'

Information: RC layer preference is turned on for this design. (ZRT-613)
[Dr init] Elapsed real time: 0:00:04 
[Dr init] Elapsed cpu  time: sys=0:00:01 usr=0:00:32 total=0:00:33
[Dr init] Stage (MB): Used  156  Alloctr  169  Proc    0 
[Dr init] Total (MB): Used  157  Alloctr  171  Proc 3553 
Total number of nets = 47509, of which 0 are not extracted
Total number of open nets = 4, of which 0 are frozen
Information: Using 12 threads for routing. (ZRT-444)
Routing in incremental mode, starting from iteration 43

Start DR iteration 43: non-uniform partition
Routed	1/2 Partitions, Violations =	3
Routed	2/2 Partitions, Violations =	5

DRC-SUMMARY:
	@@@@@@@ TOTAL VIOLATIONS =	5
	Less than minimum area : 2
	Short : 2
	Internal-only types : 1

[Iter 43] Elapsed real time: 0:00:04 
[Iter 43] Elapsed cpu  time: sys=0:00:01 usr=0:00:33 total=0:00:35
[Iter 43] Stage (MB): Used  165  Alloctr  178  Proc    0 
[Iter 43] Total (MB): Used  166  Alloctr  180  Proc 3553 

End DR iteration 43 with 2 parts

Start DR iteration 44: non-uniform partition
Routed	1/2 Partitions, Violations =	3
Routed	2/2 Partitions, Violations =	5

DRC-SUMMARY:
	@@@@@@@ TOTAL VIOLATIONS =	5
	Less than minimum area : 2
	Short : 2
	Internal-only types : 1

[Iter 44] Elapsed real time: 0:00:04 
[Iter 44] Elapsed cpu  time: sys=0:00:01 usr=0:00:34 total=0:00:36
[Iter 44] Stage (MB): Used  165  Alloctr  178  Proc    0 
[Iter 44] Total (MB): Used  166  Alloctr  180  Proc 3553 

End DR iteration 44 with 2 parts

Start DR iteration 45: non-uniform partition
Routed	1/2 Partitions, Violations =	3
Routed	2/2 Partitions, Violations =	5

DRC-SUMMARY:
	@@@@@@@ TOTAL VIOLATIONS =	5
	Less than minimum area : 2
	Short : 2
	Internal-only types : 1

[Iter 45] Elapsed real time: 0:00:05 
[Iter 45] Elapsed cpu  time: sys=0:00:01 usr=0:00:36 total=0:00:37
[Iter 45] Stage (MB): Used  165  Alloctr  178  Proc    0 
[Iter 45] Total (MB): Used  166  Alloctr  180  Proc 3553 

End DR iteration 45 with 2 parts

Start DR iteration 46: non-uniform partition
Routed	1/3 Partitions, Violations =	4
Routed	2/3 Partitions, Violations =	2
Routed	3/3 Partitions, Violations =	4

DRC-SUMMARY:
	@@@@@@@ TOTAL VIOLATIONS =	4
	Less than minimum area : 2
	Short : 2

[Iter 46] Elapsed real time: 0:00:05 
[Iter 46] Elapsed cpu  time: sys=0:00:01 usr=0:00:36 total=0:00:38
[Iter 46] Stage (MB): Used  165  Alloctr  178  Proc    0 
[Iter 46] Total (MB): Used  166  Alloctr  180  Proc 3553 

End DR iteration 46 with 3 parts

Start DR iteration 47: non-uniform partition
Routed	1/2 Partitions, Violations =	3
Routed	2/2 Partitions, Violations =	5

DRC-SUMMARY:
	@@@@@@@ TOTAL VIOLATIONS =	5
	Less than minimum area : 2
	Short : 2
	Internal-only types : 1

[Iter 47] Elapsed real time: 0:00:05 
[Iter 47] Elapsed cpu  time: sys=0:00:01 usr=0:00:38 total=0:00:40
[Iter 47] Stage (MB): Used  165  Alloctr  178  Proc    0 
[Iter 47] Total (MB): Used  166  Alloctr  180  Proc 3553 

End DR iteration 47 with 2 parts

Start DR iteration 48: non-uniform partition
Routed	1/2 Partitions, Violations =	3
Routed	2/2 Partitions, Violations =	5

DRC-SUMMARY:
	@@@@@@@ TOTAL VIOLATIONS =	5
	Less than minimum area : 2
	Short : 2
	Internal-only types : 1

[Iter 48] Elapsed real time: 0:00:05 
[Iter 48] Elapsed cpu  time: sys=0:00:01 usr=0:00:39 total=0:00:41
[Iter 48] Stage (MB): Used  165  Alloctr  178  Proc    0 
[Iter 48] Total (MB): Used  166  Alloctr  180  Proc 3553 

End DR iteration 48 with 2 parts

Start DR iteration 49: non-uniform partition
Routed	1/3 Partitions, Violations =	4
Routed	2/3 Partitions, Violations =	2
Routed	3/3 Partitions, Violations =	4

DRC-SUMMARY:
	@@@@@@@ TOTAL VIOLATIONS =	4
	Less than minimum area : 2
	Short : 2

[Iter 49] Elapsed real time: 0:00:05 
[Iter 49] Elapsed cpu  time: sys=0:00:02 usr=0:00:40 total=0:00:42
[Iter 49] Stage (MB): Used  165  Alloctr  178  Proc    0 
[Iter 49] Total (MB): Used  166  Alloctr  180  Proc 3553 

End DR iteration 49 with 3 parts

Start DR iteration 50: non-uniform partition
Routed	1/2 Partitions, Violations =	3
Routed	2/2 Partitions, Violations =	5

DRC-SUMMARY:
	@@@@@@@ TOTAL VIOLATIONS =	5
	Less than minimum area : 2
	Short : 2
	Internal-only types : 1

[Iter 50] Elapsed real time: 0:00:05 
[Iter 50] Elapsed cpu  time: sys=0:00:02 usr=0:00:41 total=0:00:43
[Iter 50] Stage (MB): Used  165  Alloctr  178  Proc    0 
[Iter 50] Total (MB): Used  166  Alloctr  180  Proc 3553 

End DR iteration 50 with 2 parts

Start DR iteration 51: non-uniform partition
Routed	1/3 Partitions, Violations =	4
Routed	2/3 Partitions, Violations =	2
Routed	3/3 Partitions, Violations =	4

DRC-SUMMARY:
	@@@@@@@ TOTAL VIOLATIONS =	4
	Less than minimum area : 2
	Short : 2

[Iter 51] Elapsed real time: 0:00:06 
[Iter 51] Elapsed cpu  time: sys=0:00:02 usr=0:00:42 total=0:00:44
[Iter 51] Stage (MB): Used  165  Alloctr  178  Proc    0 
[Iter 51] Total (MB): Used  166  Alloctr  180  Proc 3553 

End DR iteration 51 with 3 parts

Start DR iteration 52: non-uniform partition
Routed	1/2 Partitions, Violations =	5
Routed	2/2 Partitions, Violations =	5

DRC-SUMMARY:
	@@@@@@@ TOTAL VIOLATIONS =	5
	Less than minimum area : 2
	Short : 2
	Internal-only types : 1

[Iter 52] Elapsed real time: 0:00:06 
[Iter 52] Elapsed cpu  time: sys=0:00:02 usr=0:00:43 total=0:00:45
[Iter 52] Stage (MB): Used  165  Alloctr  178  Proc    0 
[Iter 52] Total (MB): Used  166  Alloctr  180  Proc 3553 

End DR iteration 52 with 2 parts

Start DR iteration 53: non-uniform partition
Routed	1/2 Partitions, Violations =	3
Routed	2/2 Partitions, Violations =	5

DRC-SUMMARY:
	@@@@@@@ TOTAL VIOLATIONS =	5
	Less than minimum area : 2
	Short : 2
	Internal-only types : 1

[Iter 53] Elapsed real time: 0:00:06 
[Iter 53] Elapsed cpu  time: sys=0:00:02 usr=0:00:44 total=0:00:47
[Iter 53] Stage (MB): Used  165  Alloctr  178  Proc    0 
[Iter 53] Total (MB): Used  166  Alloctr  180  Proc 3553 

End DR iteration 53 with 2 parts

Stop DR since not converging

Information: Detail Routing terminated early because DRCs were not converging: true (ZRT-312)
Information: Discarded 1 drcs of internal-only type. (ZRT-306)
[DR] Elapsed real time: 0:00:06 
[DR] Elapsed cpu  time: sys=0:00:02 usr=0:00:44 total=0:00:47
[DR] Stage (MB): Used  149  Alloctr  162  Proc    0 
[DR] Total (MB): Used  150  Alloctr  164  Proc 3553 
[DR: Done] Elapsed real time: 0:00:06 
[DR: Done] Elapsed cpu  time: sys=0:00:02 usr=0:00:44 total=0:00:47
[DR: Done] Stage (MB): Used  149  Alloctr  162  Proc    0 
[DR: Done] Total (MB): Used  150  Alloctr  164  Proc 3553 

DR finished with 4 open nets, of which 0 are frozen
Information: Merged away 1 aligned/redundant DRCs. (ZRT-305)

DR finished with 3 violations

DRC-SUMMARY:
	@@@@@@@ TOTAL VIOLATIONS =	3
	Less than minimum area : 2
	Short : 1



Total Wire Length =                    890525 micron
Total Number of Contacts =             356677
Total Number of Wires =                295210
Total Number of PtConns =              77192
Total Number of Routed Wires =       295210
Total Routed Wire Length =           878995 micron
Total Number of Routed Contacts =       356677
	Layer             M1 :       4565 micron
	Layer             M2 :     222824 micron
	Layer             M3 :     286422 micron
	Layer             M4 :      88520 micron
	Layer             M5 :      96407 micron
	Layer             M6 :      86257 micron
	Layer             M7 :      57885 micron
	Layer             M8 :      45814 micron
	Layer             M9 :       1831 micron
	Layer           MRDL :          0 micron
	Via     VIA89_C(rot) :         96
	Via        VIA78SQ_C :       3357
	Via       VIA78BAR_C :          3
	Via    VIA78SQ_C_2x1 :         29
	Via        VIA67SQ_C :          8
	Via   VIA67SQ_C(rot) :       6704
	Via        VIA56SQ_C :      13909
	Via   VIA56SQ_C(rot) :          3
	Via        VIA45SQ_C :        887
	Via   VIA45SQ_C(rot) :      22049
	Via        VIA34SQ_C :      32915
	Via   VIA34SQ_C(rot) :        132
	Via        VIA23SQ_C :        836
	Via   VIA23SQ_C(rot) :     142736
	Via        VIA12SQ_C :     127123
	Via   VIA12SQ_C(rot) :       5832
	Via       VIA12BAR_C :         48
	Via    VIA12SQ_C_2x1 :         10

 
Redundant via conversion report:
--------------------------------

  Total optimized via conversion rate =  0.01% (39 / 356677 vias)
 
    Layer VIA1       =  0.01% (10     / 133013  vias)
        Weight 1     =  0.01% (10      vias)
        Un-optimized =  0.00% (0       vias)
        Un-mapped    = 99.99% (133003  vias)
    Layer VIA2       =  0.00% (0      / 143572  vias)
        Un-optimized =  0.00% (0       vias)
        Un-mapped    = 100.00% (143572  vias)
    Layer VIA3       =  0.00% (0      / 33047   vias)
        Un-optimized =  0.00% (0       vias)
        Un-mapped    = 100.00% (33047   vias)
    Layer VIA4       =  0.00% (0      / 22936   vias)
        Un-optimized =  0.00% (0       vias)
        Un-mapped    = 100.00% (22936   vias)
    Layer VIA5       =  0.00% (0      / 13912   vias)
        Un-optimized =  0.00% (0       vias)
        Un-mapped    = 100.00% (13912   vias)
    Layer VIA6       =  0.00% (0      / 6712    vias)
        Un-optimized =  0.00% (0       vias)
        Un-mapped    = 100.00% (6712    vias)
    Layer VIA7       =  0.86% (29     / 3389    vias)
        Weight 1     =  0.86% (29      vias)
        Un-optimized =  0.00% (0       vias)
        Un-mapped    = 99.14% (3360    vias)
    Layer VIA8       =  0.00% (0      / 96      vias)
        Un-optimized =  0.00% (0       vias)
        Un-mapped    = 100.00% (96      vias)
 
  Total double via conversion rate    =  0.01% (39 / 356677 vias)
 
    Layer VIA1       =  0.01% (10     / 133013  vias)
    Layer VIA2       =  0.00% (0      / 143572  vias)
    Layer VIA3       =  0.00% (0      / 33047   vias)
    Layer VIA4       =  0.00% (0      / 22936   vias)
    Layer VIA5       =  0.00% (0      / 13912   vias)
    Layer VIA6       =  0.00% (0      / 6712    vias)
    Layer VIA7       =  0.86% (29     / 3389    vias)
    Layer VIA8       =  0.00% (0      / 96      vias)
 
  The optimized via conversion rate based on total routed via count =  0.01% (39 / 356677 vias)
 
    Layer VIA1       =  0.01% (10     / 133013  vias)
        Weight 1     =  0.01% (10      vias)
        Un-optimized =  0.00% (0       vias)
        Un-mapped    = 99.99% (133003  vias)
    Layer VIA2       =  0.00% (0      / 143572  vias)
        Un-optimized =  0.00% (0       vias)
        Un-mapped    = 100.00% (143572  vias)
    Layer VIA3       =  0.00% (0      / 33047   vias)
        Un-optimized =  0.00% (0       vias)
        Un-mapped    = 100.00% (33047   vias)
    Layer VIA4       =  0.00% (0      / 22936   vias)
        Un-optimized =  0.00% (0       vias)
        Un-mapped    = 100.00% (22936   vias)
    Layer VIA5       =  0.00% (0      / 13912   vias)
        Un-optimized =  0.00% (0       vias)
        Un-mapped    = 100.00% (13912   vias)
    Layer VIA6       =  0.00% (0      / 6712    vias)
        Un-optimized =  0.00% (0       vias)
        Un-mapped    = 100.00% (6712    vias)
    Layer VIA7       =  0.86% (29     / 3389    vias)
        Weight 1     =  0.86% (29      vias)
        Un-optimized =  0.00% (0       vias)
        Un-mapped    = 99.14% (3360    vias)
    Layer VIA8       =  0.00% (0      / 96      vias)
        Un-optimized =  0.00% (0       vias)
        Un-mapped    = 100.00% (96      vias)
 

Total number of nets = 47509
4 open nets, of which 0 are frozen
Total number of excluded ports = 0 ports of 0 unplaced cells connected to 0 nets
                                 0 ports without pins of 0 cells connected to 0 nets
                                 0 ports of 0 cover cells connected to 0 non-pg nets
Total number of DRCs = 3
Total number of antenna violations = antenna checking not active
Information: Routes in non-preferred voltage areas = 0 (ZRT-559)

Topology ECO not run, no qualifying violations or in frozen nets.
Updating the database ...
icc2_shell> Begin building search trees for block zigbee_F.dlib:zigbee_F_routing.design
Done building search trees for block zigbee_F.dlib:zigbee_F_routing.design (time 0s)
route_detail -incremental trueicc2_shell> [13G[Kgui_show_error_data
icc2_shell> gui_set_layout_layer_visibility -toggle [get_layers -filter {mask_name == metal9} -quiet]
1
icc2_shell> gui_set_layout_layer_visibility -toggle [get_layers -filter {mask_name == metal8} -quiet]
1
icc2_shell> gui_set_layout_layer_visibility -toggle [get_layers -filter {mask_name == metal7} -quiet]
1
icc2_shell> gui_set_layout_layer_visibility -toggle [get_layers -filter {mask_name == metal9} -quiet]
1
icc2_shell> gui_set_layout_layer_visibility -toggle [get_layers -filter {mask_name == metal8} -quiet]
1
icc2_shell> gui_set_layout_layer_visibility -toggle [get_layers -filter {mask_name == metal7} -quiet]
1
icc2_shell> gui_set_layout_layer_visibility -toggle [get_layers -filter {mask_name == metal6} -quiet]
1
icc2_shell> gui_set_layout_layer_visibility -toggle [get_layers -filter {mask_name == metal5} -quiet]
1
icc2_shell> gui_set_layout_layer_visibility -toggle [get_layers -filter {mask_name == metal6} -quiet]
1
icc2_shell> gui_set_layout_layer_visibility -toggle [get_layers -filter {mask_name == metal5} -quiet]
1
icc2_shell> check_routes
Warning: Cell contains tie connections which are not connected to real PG. (ZRT-511)
Turn off antenna since no rule is specified
Cell Min-Routing-Layer = M2
Cell Max-Routing-Layer = M9
Warning: Cannot find a default contact code for layer CO. (ZRT-022)
rule clk_network_NDR_leaf equivalent to default rule
Warning: Ignore 2 top cell ports with no pins. (ZRT-027)
Info: number of net_type_blockage: 0 
soft rule ICC2_GENERATED_DEFAULT_SPACING_RULE_3_8_wire is redundant
soft rule LOPT_M3_M7_3_8_wire is redundant
soft rule LOPT_M6_M7_3_8_wire is redundant


Start checking for open nets ... 

net(payload_ram/PLACE_HFSNET_4648) has floating ports (dbId = 27842 idx_ = 26867 numNodes = 5 numEdges = 3 numCmps = 2)
net(payload_ram/PLACE_HFSNET_4649) has floating ports (dbId = 27843 idx_ = 26868 numNodes = 7 numEdges = 5 numCmps = 2)
net(ctsbuf_net_14823782) has floating ports (dbId = 36833 idx_ = 33042 numNodes = 9 numEdges = 8 numCmps = 2)
net(ctsbuf_net_15793879) has floating ports (dbId = 36930 idx_ = 33137 numNodes = 5 numEdges = 3 numCmps = 2)
Total number of nets = 47509, of which 0 are not extracted
Total number of open nets = 4, of which 0 are frozen

Check 47509 nets, 4 have Errors

[CHECK OPEN NETS] Elapsed real time: 0:00:00 
[CHECK OPEN NETS] Elapsed cpu  time: sys=0:00:00 usr=0:00:00 total=0:00:00
[CHECK OPEN NETS] Stage (MB): Used    0  Alloctr    0  Proc    0 
[CHECK OPEN NETS] Total (MB): Used  137  Alloctr  152  Proc 3569 
Printing options for 'route.common.*'
common.verbose_level                                    :	 0                   

Printing options for 'route.detail.*'
detail.antenna                                          :	 true                
detail.check_patchable_drc_from_fixed_shapes            :	 true                
detail.drc_convergence_effort_level                     :	 high                
detail.eco_max_number_of_iterations                     :	 60                  
detail.force_end_on_preferred_grid                      :	 true                
detail.timing_driven                                    :	 true                

Printing options for 'route.auto_via_ladder.*'


Begin full DRC check ...

Information: Using 12 threads for routing. (ZRT-444)
Checked	1/64 Partitions, Violations =	0
Checked	2/64 Partitions, Violations =	0
Checked	4/64 Partitions, Violations =	0
Checked	6/64 Partitions, Violations =	0
Checked	8/64 Partitions, Violations =	0
Checked	10/64 Partitions, Violations =	0
Checked	12/64 Partitions, Violations =	0
Checked	14/64 Partitions, Violations =	0
Checked	16/64 Partitions, Violations =	0
Checked	18/64 Partitions, Violations =	2
Checked	20/64 Partitions, Violations =	2
Checked	22/64 Partitions, Violations =	2
Checked	24/64 Partitions, Violations =	2
Checked	26/64 Partitions, Violations =	2
Checked	28/64 Partitions, Violations =	2
Checked	30/64 Partitions, Violations =	2
Checked	32/64 Partitions, Violations =	2
Checked	34/64 Partitions, Violations =	2
Checked	36/64 Partitions, Violations =	2
Checked	38/64 Partitions, Violations =	2
Checked	40/64 Partitions, Violations =	2
Checked	42/64 Partitions, Violations =	2
Checked	44/64 Partitions, Violations =	2
Checked	46/64 Partitions, Violations =	2
Checked	48/64 Partitions, Violations =	4
Checked	50/64 Partitions, Violations =	4
Checked	52/64 Partitions, Violations =	4
Checked	54/64 Partitions, Violations =	4
Checked	56/64 Partitions, Violations =	4
Checked	58/64 Partitions, Violations =	4
Checked	60/64 Partitions, Violations =	4
Checked	62/64 Partitions, Violations =	4
Checked	64/64 Partitions, Violations =	4
[DRC CHECK] Elapsed real time: 0:00:03 
[DRC CHECK] Elapsed cpu  time: sys=0:00:00 usr=0:00:25 total=0:00:25
[DRC CHECK] Stage (MB): Used    0  Alloctr    1  Proc    0 
[DRC CHECK] Total (MB): Used  159  Alloctr  173  Proc 3569 
Warning: No antenna rules defined, Skip antenna analysis. (ZRT-309)
Information: Merged away 1 aligned/redundant DRCs. (ZRT-305)

DRC-SUMMARY:
	@@@@@@@ TOTAL VIOLATIONS =	3
	Less than minimum area : 2
	Short : 1


Total Wire Length =                    890525 micron
Total Number of Contacts =             356677
Total Number of Wires =                297679
Total Number of PtConns =              77192
Total Number of Routed Wires =       297679
Total Routed Wire Length =           878995 micron
Total Number of Routed Contacts =       356677
	Layer             M1 :       4565 micron
	Layer             M2 :     222824 micron
	Layer             M3 :     286422 micron
	Layer             M4 :      88520 micron
	Layer             M5 :      96407 micron
	Layer             M6 :      86257 micron
	Layer             M7 :      57885 micron
	Layer             M8 :      45814 micron
	Layer             M9 :       1831 micron
	Layer           MRDL :          0 micron
	Via     VIA89_C(rot) :         96
	Via        VIA78SQ_C :       3357
	Via       VIA78BAR_C :          3
	Via    VIA78SQ_C_2x1 :         29
	Via        VIA67SQ_C :          8
	Via   VIA67SQ_C(rot) :       6704
	Via        VIA56SQ_C :      13909
	Via   VIA56SQ_C(rot) :          3
	Via        VIA45SQ_C :        887
	Via   VIA45SQ_C(rot) :      22049
	Via        VIA34SQ_C :      32915
	Via   VIA34SQ_C(rot) :        132
	Via        VIA23SQ_C :        836
	Via   VIA23SQ_C(rot) :     142736
	Via        VIA12SQ_C :     127123
	Via   VIA12SQ_C(rot) :       5832
	Via       VIA12BAR_C :         48
	Via    VIA12SQ_C_2x1 :         10

 
Redundant via conversion report:
--------------------------------

  Total optimized via conversion rate =  0.01% (39 / 356677 vias)
 
    Layer VIA1       =  0.01% (10     / 133013  vias)
        Weight 1     =  0.01% (10      vias)
        Un-optimized =  0.00% (0       vias)
        Un-mapped    = 99.99% (133003  vias)
    Layer VIA2       =  0.00% (0      / 143572  vias)
        Un-optimized =  0.00% (0       vias)
        Un-mapped    = 100.00% (143572  vias)
    Layer VIA3       =  0.00% (0      / 33047   vias)
        Un-optimized =  0.00% (0       vias)
        Un-mapped    = 100.00% (33047   vias)
    Layer VIA4       =  0.00% (0      / 22936   vias)
        Un-optimized =  0.00% (0       vias)
        Un-mapped    = 100.00% (22936   vias)
    Layer VIA5       =  0.00% (0      / 13912   vias)
        Un-optimized =  0.00% (0       vias)
        Un-mapped    = 100.00% (13912   vias)
    Layer VIA6       =  0.00% (0      / 6712    vias)
        Un-optimized =  0.00% (0       vias)
        Un-mapped    = 100.00% (6712    vias)
    Layer VIA7       =  0.86% (29     / 3389    vias)
        Weight 1     =  0.86% (29      vias)
        Un-optimized =  0.00% (0       vias)
        Un-mapped    = 99.14% (3360    vias)
    Layer VIA8       =  0.00% (0      / 96      vias)
        Un-optimized =  0.00% (0       vias)
        Un-mapped    = 100.00% (96      vias)
 
  Total double via conversion rate    =  0.01% (39 / 356677 vias)
 
    Layer VIA1       =  0.01% (10     / 133013  vias)
    Layer VIA2       =  0.00% (0      / 143572  vias)
    Layer VIA3       =  0.00% (0      / 33047   vias)
    Layer VIA4       =  0.00% (0      / 22936   vias)
    Layer VIA5       =  0.00% (0      / 13912   vias)
    Layer VIA6       =  0.00% (0      / 6712    vias)
    Layer VIA7       =  0.86% (29     / 3389    vias)
    Layer VIA8       =  0.00% (0      / 96      vias)
 
  The optimized via conversion rate based on total routed via count =  0.01% (39 / 356677 vias)
 
    Layer VIA1       =  0.01% (10     / 133013  vias)
        Weight 1     =  0.01% (10      vias)
        Un-optimized =  0.00% (0       vias)
        Un-mapped    = 99.99% (133003  vias)
    Layer VIA2       =  0.00% (0      / 143572  vias)
        Un-optimized =  0.00% (0       vias)
        Un-mapped    = 100.00% (143572  vias)
    Layer VIA3       =  0.00% (0      / 33047   vias)
        Un-optimized =  0.00% (0       vias)
        Un-mapped    = 100.00% (33047   vias)
    Layer VIA4       =  0.00% (0      / 22936   vias)
        Un-optimized =  0.00% (0       vias)
        Un-mapped    = 100.00% (22936   vias)
    Layer VIA5       =  0.00% (0      / 13912   vias)
        Un-optimized =  0.00% (0       vias)
        Un-mapped    = 100.00% (13912   vias)
    Layer VIA6       =  0.00% (0      / 6712    vias)
        Un-optimized =  0.00% (0       vias)
        Un-mapped    = 100.00% (6712    vias)
    Layer VIA7       =  0.86% (29     / 3389    vias)
        Weight 1     =  0.86% (29      vias)
        Un-optimized =  0.00% (0       vias)
        Un-mapped    = 99.14% (3360    vias)
    Layer VIA8       =  0.00% (0      / 96      vias)
        Un-optimized =  0.00% (0       vias)
        Un-mapped    = 100.00% (96      vias)
 


Verify Summary:

Total number of nets = 47509, of which 0 are not extracted
Total number of open nets = 4, of which 0 are frozen
Total number of excluded ports = 0 ports of 0 unplaced cells connected to 0 nets
                                 0 ports without pins of 0 cells connected to 0 nets
                                 0 ports of 0 cover cells connected to 0 non-pg nets
Total number of DRCs = 3
Total number of antenna violations = no antenna rules defined
Total number of tie to rail violations = not checked
Total number of tie to rail directly violations = not checked


icc2_shell> check_lvs
Information: Using 12 threads for LVS
[Check Net] Init	Elapsed =    0:00:00, CPU =    0:00:00
[Check Short] Stage 1	Elapsed =    0:00:00, CPU =    0:00:00
Warning: Port VSS have no valid pin shapes. Skip this port. (RT-203)
Warning: Port VDD have no valid pin shapes. Skip this port. (RT-203)
[Check Short] Stage 1-2	Elapsed =    0:00:00, CPU =    0:00:02
[Check Net] 10% 	Elapsed =    0:00:00, CPU =    0:00:02
[Check Short] Stage 2	Elapsed =    0:00:00, CPU =    0:00:02
[Check Short] Stage 2-2	Elapsed =    0:00:01, CPU =    0:00:09
[Check Short] Stage 3	Elapsed =    0:00:01, CPU =    0:00:09
[Check Short] End	Elapsed =    0:00:01, CPU =    0:00:09
[Check Net] 20% 	Elapsed =    0:00:01, CPU =    0:00:10
[Check Net] 30% 	Elapsed =    0:00:01, CPU =    0:00:10
[Check Net] 40% 	Elapsed =    0:00:01, CPU =    0:00:10
[Check Net] 50% 	Elapsed =    0:00:01, CPU =    0:00:11
[Check Net] 60% 	Elapsed =    0:00:01, CPU =    0:00:11
[Check Net] 70% 	Elapsed =    0:00:01, CPU =    0:00:11
[Check Net] 80% 	Elapsed =    0:00:01, CPU =    0:00:12
[Check Net] 90% 	Elapsed =    0:00:01, CPU =    0:00:12
[Check Net] All nets are submitted.
[Check Net] 100%	Elapsed =    0:00:01, CPU =    0:00:12
Information: Detected open violation for Net ctsbuf_net_14823782. BBox: (491.6330 132.6040)(497.1400 140.3080). (RT-585)
Information: Detected open violation for Net payload_ram/PLACE_HFSNET_4648. BBox: (497.4390 124.0920)(501.2290 140.3080). (RT-585)
Information: Detected open violation for Net ctsbuf_net_15793879. BBox: (483.7590 60.8600)(500.0280 139.5590). (RT-585)
Information: Detected open violation for Net payload_ram/PLACE_HFSNET_4649. BBox: (458.1880 136.0600)(498.2790 158.1480). (RT-585)
Information: Detected short violation. Net1: DQPSK_CSK/Imag_Sync_FIFO/PLACE_HFSNET_2275. Net2: VSS. BBox: (153.6120 426.2730)(153.6680 426.3830). Layer: M3. (RT-586)
Information: Detected short violation. Net1: DQPSK_CSK/Imag_Sync_FIFO/PLACE_HFSNET_2275. Net2: VSS. BBox: (153.6120 426.2980)(153.6680 426.3580). Layer: M3. (RT-586)

===============================================================
    Maximum number of violations is set to 20
    Abort checking when more than 20 violations are found
    All violations might not be found.
===============================================================
Total number of input nets is 47526.
Total number of short violations is 2.
Total number of open nets is 4.
Open nets are payload_ram/PLACE_HFSNET_4648 payload_ram/PLACE_HFSNET_4649 ctsbuf_net_14823782 ctsbuf_net_15793879 
Total number of floating route violations is 0.

Elapsed =    0:00:02, CPU =    0:00:13
1
icc2_shell> route_eco -open_net_driven true
Generating Timing information  
Information: The stitching and editing of coupling caps is turned ON for design 'zigbee_F.dlib:zigbee_F_routing.design'. (TIM-125)
Information: Design zigbee_F_routing has 47509 nets, 0 global routed, 47507 detail routed. (NEX-024)
Information: The RC mode used is DR for design 'zigbee'. (NEX-022)
---extraction options---
Corner: default
 late_cap_scale                : 1
 late_res_scale                : 1
 late_ccap_scale               : 1
 early_cap_scale               : 1
 early_res_scale               : 1
 early_ccap_scale              : 1
Global options:
 late_ccap_threshold       : 0.003pf
 late_ccap_ratio           : 0.03
 reference_direction       : use_from_tluplus
 real_metalfill_extraction : none
 virtual_shield_extraction : true
---app options---
 host.max_cores                   : 12
 extract.connect_open           : true
 extract.incremental_extraction : true
 extract.enable_coupling_cap    : true
Extracting design: zigbee_F_routing 
Information: coupling capacitance is created explicitly. (NEX-029)
Information: 47507 nets are successfully extracted. (NEX-028)
Information: Advanced receiver model has not been enabled for detailed routed design. (TIM-204)
Information: Update timing completed net estimation for all the timing graph nets (TIM-111)
Information: Net estimation statistics: timing graph nets = 47507, routed nets = 47507, across physical hierarchy nets = 0, parasitics cached nets = 47507, delay annotated nets = 0, parasitics annotated nets = 0, multi-voltage nets = 0. (TIM-112)
Design  Scenario default (Mode default Corner default)
Estimated unitRes/unitCap :
Layer M1 : Res  2 ohm/um Cap  0.149907 ff/um
Layer M2 : Res  1.78571 ohm/um Cap  0.152807 ff/um
Layer M3 : Res  1.78571 ohm/um Cap  0.10377 ff/um
Layer M4 : Res  1.78571 ohm/um Cap  0.10376 ff/um
Layer M5 : Res  0.357143 ohm/um Cap  0.090434 ff/um
Layer M6 : Res  0.357143 ohm/um Cap  0.0904285 ff/um
Layer M7 : Res  0.0892857 ohm/um Cap  0.0888719 ff/um
Layer M8 : Res  0.0892857 ohm/um Cap  0.0880677 ff/um
Layer M9 : Res  0.0125 ohm/um Cap  0.102767 ff/um
Layer MRDL : Res  0.175 ohm/um Cap  0.107256 ff/um
Generating Timing information  ... Done
Information: Serialized np data
INFO: timer data saved to /tmp/zigbee_F_routing_107666_279478272.timdat
Warning: Cell contains tie connections which are not connected to real PG. (ZRT-511)
Turn off antenna since no rule is specified
Cell Min-Routing-Layer = M2
Cell Max-Routing-Layer = M9
Warning: Cannot find a default contact code for layer CO. (ZRT-022)
rule clk_network_NDR_leaf equivalent to default rule
Warning: Ignore 2 top cell ports with no pins. (ZRT-027)
Info: number of net_type_blockage: 0 
soft rule ICC2_GENERATED_DEFAULT_SPACING_RULE_3_8_wire is redundant
soft rule LOPT_M3_M7_3_8_wire is redundant
soft rule LOPT_M6_M7_3_8_wire is redundant
[ECO: DbIn With Extraction] Elapsed real time: 0:00:01 
[ECO: DbIn With Extraction] Elapsed cpu  time: sys=0:00:01 usr=0:00:08 total=0:00:09
[ECO: DbIn With Extraction] Stage (MB): Used  136  Alloctr  149  Proc    0 
[ECO: DbIn With Extraction] Total (MB): Used  137  Alloctr  152  Proc 3569 
[ECO: Analysis] Elapsed real time: 0:00:01 
[ECO: Analysis] Elapsed cpu  time: sys=0:00:01 usr=0:00:08 total=0:00:09
[ECO: Analysis] Stage (MB): Used  136  Alloctr  149  Proc    0 
[ECO: Analysis] Total (MB): Used  137  Alloctr  152  Proc 3569 
Num of eco nets = 11
Num of open eco nets = 11
[ECO: Init] Elapsed real time: 0:00:01 
[ECO: Init] Elapsed cpu  time: sys=0:00:01 usr=0:00:08 total=0:00:09
[ECO: Init] Stage (MB): Used  140  Alloctr  152  Proc    0 
[ECO: Init] Total (MB): Used  141  Alloctr  155  Proc 3569 
Start Global Route ... 
[Init] Elapsed real time: 0:00:00 
[Init] Elapsed cpu  time: sys=0:00:00 usr=0:00:00 total=0:00:00
[Init] Stage (MB): Used    0  Alloctr    0  Proc    0 
[Init] Total (MB): Used  145  Alloctr  159  Proc 3569 
Printing options for 'route.common.*'
common.verbose_level                                    :	 0                   

Printing options for 'route.global.*'
global.crosstalk_driven                                 :	 true                
global.deterministic                                    :	 off                 
global.placement_timing_driven_mode                     :	 false               
global.timing_driven                                    :	 true                

Begin global routing.
Loading timing information to the router from design
Timing information loaded to the router.
Constructing data structure ...
Design statistics:
Design Bounding Box (0.00,0.00,532.24,531.63)
Number of routing layers = 10
layer M1, dir Hor, min width = 0.05, min space = 0.05 pitch = 0.15
layer M2, dir Ver, min width = 0.06, min space = 0.06 pitch = 0.15
layer M3, dir Hor, min width = 0.06, min space = 0.06 pitch = 0.30
layer M4, dir Ver, min width = 0.06, min space = 0.06 pitch = 0.30
layer M5, dir Hor, min width = 0.06, min space = 0.06 pitch = 0.61
layer M6, dir Ver, min width = 0.06, min space = 0.06 pitch = 0.61
layer M7, dir Hor, min width = 0.06, min space = 0.06 pitch = 1.22
layer M8, dir Ver, min width = 0.06, min space = 0.06 pitch = 1.22
layer M9, dir Hor, min width = 0.16, min space = 0.16 pitch = 2.43
layer MRDL, dir Ver, min width = 2.00, min space = 2.00 pitch = 4.86
Current Stage stats:
[End of Build Tech Data] Elapsed real time: 0:00:00 
[End of Build Tech Data] Elapsed cpu  time: sys=0:00:00 usr=0:00:00 total=0:00:00
[End of Build Tech Data] Stage (MB): Used    3  Alloctr    3  Proc    0 
[End of Build Tech Data] Total (MB): Used  156  Alloctr  170  Proc 3569 
Net statistics:
Total number of nets     = 47509
Number of nets to route  = 11
Number of nets with min-layer-mode soft = 1686
Number of nets with min-layer-mode soft-cost-medium = 1686
Number of nets with max-layer-mode hard = 1686
11 nets are partially connected,
 of which 11 are detail routed and 0 are global routed.
47498 nets are fully connected,
 of which 47498 are detail routed and 0 are global routed.
313 nets have non-default rule clk_network_NDR_internal
138 nets have non-default rule clk_network_NDR_internal_ext_spacing
3 nets have non-default rule clk_network_NDR_root
1 nets have non-default rule clk_network_NDR_root_ext_spacing
608 nets have non-default rule default_rule_equivalent_ndr_double_spacing
Current Stage stats:
[End of Build All Nets] Elapsed real time: 0:00:00 
[End of Build All Nets] Elapsed cpu  time: sys=0:00:00 usr=0:00:00 total=0:00:00
[End of Build All Nets] Stage (MB): Used   14  Alloctr   13  Proc    0 
[End of Build All Nets] Total (MB): Used  170  Alloctr  184  Proc 3569 
Average gCell capacity  1.95	 on layer (1)	 M1
Average gCell capacity  9.73	 on layer (2)	 M2
Average gCell capacity  5.22	 on layer (3)	 M3
Average gCell capacity  4.98	 on layer (4)	 M4
Average gCell capacity  2.64	 on layer (5)	 M5
Average gCell capacity  2.51	 on layer (6)	 M6
Average gCell capacity  1.34	 on layer (7)	 M7
Average gCell capacity  0.75	 on layer (8)	 M8
Average gCell capacity  0.39	 on layer (9)	 M9
Average gCell capacity  0.34	 on layer (10)	 MRDL
Average number of tracks per gCell 11.00	 on layer (1)	 M1
Average number of tracks per gCell 11.01	 on layer (2)	 M2
Average number of tracks per gCell 5.50	 on layer (3)	 M3
Average number of tracks per gCell 5.51	 on layer (4)	 M4
Average number of tracks per gCell 2.75	 on layer (5)	 M5
Average number of tracks per gCell 2.76	 on layer (6)	 M6
Average number of tracks per gCell 1.38	 on layer (7)	 M7
Average number of tracks per gCell 1.38	 on layer (8)	 M8
Average number of tracks per gCell 0.69	 on layer (9)	 M9
Average number of tracks per gCell 0.35	 on layer (10)	 MRDL
Number of gCells = 1011240
Current Stage stats:
[End of Build Congestion map] Elapsed real time: 0:00:00 
[End of Build Congestion map] Elapsed cpu  time: sys=0:00:00 usr=0:00:00 total=0:00:00
[End of Build Congestion map] Stage (MB): Used   15  Alloctr   15  Proc    0 
[End of Build Congestion map] Total (MB): Used  186  Alloctr  199  Proc 3569 
Information: RC layer preference is turned on for this design. (ZRT-613)
Total stats:
[End of Build Data] Elapsed real time: 0:00:00 
[End of Build Data] Elapsed cpu  time: sys=0:00:00 usr=0:00:01 total=0:00:01
[End of Build Data] Stage (MB): Used   34  Alloctr   33  Proc    0 
[End of Build Data] Total (MB): Used  187  Alloctr  200  Proc 3569 
Current Stage stats:
[End of Blocked Pin Detection] Elapsed real time: 0:00:00 
[End of Blocked Pin Detection] Elapsed cpu  time: sys=0:00:00 usr=0:00:00 total=0:00:00
[End of Blocked Pin Detection] Stage (MB): Used    1  Alloctr    1  Proc    0 
[End of Blocked Pin Detection] Total (MB): Used  187  Alloctr  200  Proc 3569 
Information: Using 12 threads for routing. (ZRT-444)
multi gcell levels ON

Start GR phase 0
Current Stage stats:
[End of Initial Routing] Elapsed real time: 0:00:00 
[End of Initial Routing] Elapsed cpu  time: sys=0:00:00 usr=0:00:00 total=0:00:00
[End of Initial Routing] Stage (MB): Used    0  Alloctr    0  Proc    0 
[End of Initial Routing] Total (MB): Used  187  Alloctr  200  Proc 3569 
Initial. Routing result:
Initial. Both Dirs: Overflow =  2176 Max = 11 GRCs =  2993 (1.48%)
Initial. H routing: Overflow =   542 Max =  3 (GRCs =   5) GRCs =  1355 (1.34%)
Initial. V routing: Overflow =  1634 Max = 11 (GRCs =   2) GRCs =  1638 (1.62%)
Initial. M1         Overflow =     1 Max =  1 (GRCs =   1) GRCs =     1 (0.00%)
Initial. M2         Overflow =  1450 Max = 11 (GRCs =   2) GRCs =  1139 (1.13%)
Initial. M3         Overflow =   380 Max =  3 (GRCs =   5) GRCs =   785 (0.78%)
Initial. M4         Overflow =   116 Max =  3 (GRCs =   1) GRCs =   235 (0.23%)
Initial. M5         Overflow =   118 Max =  2 (GRCs =   3) GRCs =   384 (0.38%)
Initial. M6         Overflow =    58 Max =  2 (GRCs =   2) GRCs =   198 (0.20%)
Initial. M7         Overflow =    42 Max =  1 (GRCs = 185) GRCs =   185 (0.18%)
Initial. M8         Overflow =    10 Max =  1 (GRCs =  66) GRCs =    66 (0.07%)
Initial. M9         Overflow =     0 Max =  0 (GRCs =   0) GRCs =     0 (0.00%)
Initial. MRDL       Overflow =     0 Max =  0 (GRCs =   0) GRCs =     0 (0.00%)


Density distribution:
Layer    0.0  0.1  0.2  0.3  0.4  0.5  0.6  0.7  0.8  0.9  1.0  1.1  1.2  > 1.2 
M1       99.8 0.11 0.00 0.01 0.00 0.01 0.00 0.00 0.00 0.00 0.01 0.00 0.00 0.00
M2       43.0 21.6 12.2 11.0 3.67 3.95 1.59 0.43 0.17 0.00 1.52 0.09 0.07 0.48
M3       15.5 15.6 2.33 23.8 0.00 10.9 18.8 1.48 8.60 0.00 2.55 0.05 0.14 0.04
M4       56.0 23.0 1.78 11.1 0.00 3.63 2.33 0.21 0.42 0.00 1.36 0.00 0.01 0.06
M5       52.4 0.00 0.00 24.6 0.00 9.57 9.79 0.00 0.00 0.00 3.44 0.00 0.00 0.05
M6       60.4 0.00 0.00 18.2 0.00 8.36 7.31 0.00 0.00 0.00 5.61 0.00 0.00 0.02
M7       66.6 0.00 0.00 0.00 0.00 14.5 0.00 0.00 0.00 0.00 18.8 0.00 0.00 0.02
M8       74.6 0.00 0.00 0.00 0.00 5.59 0.00 0.00 0.00 0.00 19.7 0.00 0.00 0.00
M9       98.4 0.00 0.00 0.00 0.00 0.00 0.00 0.00 0.00 0.00 1.58 0.00 0.00 0.00
MRDL     100. 0.00 0.00 0.00 0.00 0.00 0.00 0.00 0.00 0.00 0.00 0.00 0.00 0.00
Total    63.5 6.63 1.79 9.77 0.40 6.21 4.37 0.23 1.01 0.00 5.95 0.02 0.02 0.07


Initial. Total Wire Length = 181.77
Initial. Layer M1 wire length = 0.00
Initial. Layer M2 wire length = 0.00
Initial. Layer M3 wire length = 8.09
Initial. Layer M4 wire length = 15.68
Initial. Layer M5 wire length = 121.22
Initial. Layer M6 wire length = 36.78
Initial. Layer M7 wire length = 0.00
Initial. Layer M8 wire length = 0.00
Initial. Layer M9 wire length = 0.00
Initial. Layer MRDL wire length = 0.00
Initial. Total Number of Contacts = 42
Initial. Via VIA12SQ_C count = 11
Initial. Via VIA23SQ_C count = 10
Initial. Via VIA34SQ_C count = 10
Initial. Via VIA45SQ_C count = 7
Initial. Via VIA56SQ_C count = 4
Initial. Via VIA67SQ_C count = 0
Initial. Via VIA78SQ_C count = 0
Initial. Via VIA89_C count = 0
Initial. Via VIA9RDL count = 0
Initial. completed.

Start GR phase 1
Current Stage stats:
[End of Phase1 Routing] Elapsed real time: 0:00:00 
[End of Phase1 Routing] Elapsed cpu  time: sys=0:00:00 usr=0:00:00 total=0:00:00
[End of Phase1 Routing] Stage (MB): Used    0  Alloctr    0  Proc    0 
[End of Phase1 Routing] Total (MB): Used  187  Alloctr  200  Proc 3569 
phase1. Routing result:
phase1. Both Dirs: Overflow =  2168 Max = 11 GRCs =  2987 (1.48%)
phase1. H routing: Overflow =   536 Max =  3 (GRCs =   5) GRCs =  1349 (1.33%)
phase1. V routing: Overflow =  1632 Max = 11 (GRCs =   2) GRCs =  1638 (1.62%)
phase1. M1         Overflow =     1 Max =  1 (GRCs =   1) GRCs =     1 (0.00%)
phase1. M2         Overflow =  1450 Max = 11 (GRCs =   2) GRCs =  1139 (1.13%)
phase1. M3         Overflow =   380 Max =  3 (GRCs =   5) GRCs =   785 (0.78%)
phase1. M4         Overflow =   114 Max =  2 (GRCs =   7) GRCs =   235 (0.23%)
phase1. M5         Overflow =   112 Max =  2 (GRCs =   2) GRCs =   378 (0.37%)
phase1. M6         Overflow =    58 Max =  2 (GRCs =   2) GRCs =   198 (0.20%)
phase1. M7         Overflow =    42 Max =  1 (GRCs = 185) GRCs =   185 (0.18%)
phase1. M8         Overflow =    10 Max =  1 (GRCs =  66) GRCs =    66 (0.07%)
phase1. M9         Overflow =     0 Max =  0 (GRCs =   0) GRCs =     0 (0.00%)
phase1. MRDL       Overflow =     0 Max =  0 (GRCs =   0) GRCs =     0 (0.00%)


Density distribution:
Layer    0.0  0.1  0.2  0.3  0.4  0.5  0.6  0.7  0.8  0.9  1.0  1.1  1.2  > 1.2 
M1       99.8 0.11 0.00 0.01 0.00 0.01 0.00 0.00 0.00 0.00 0.01 0.00 0.00 0.00
M2       43.0 21.6 12.2 11.0 3.67 3.95 1.59 0.43 0.17 0.00 1.52 0.09 0.07 0.48
M3       15.5 15.6 2.32 23.8 0.00 10.9 18.8 1.49 8.60 0.00 2.55 0.05 0.14 0.04
M4       56.0 23.0 1.78 11.1 0.00 3.63 2.33 0.22 0.43 0.00 1.36 0.00 0.01 0.06
M5       52.4 0.00 0.00 24.6 0.00 9.58 9.80 0.00 0.00 0.00 3.44 0.00 0.00 0.05
M6       60.4 0.00 0.00 18.2 0.00 8.36 7.31 0.00 0.00 0.00 5.61 0.00 0.00 0.02
M7       66.6 0.00 0.00 0.00 0.00 14.5 0.00 0.00 0.00 0.00 18.8 0.00 0.00 0.02
M8       74.6 0.00 0.00 0.00 0.00 5.59 0.00 0.00 0.00 0.00 19.7 0.00 0.00 0.00
M9       98.4 0.00 0.00 0.00 0.00 0.00 0.00 0.00 0.00 0.00 1.58 0.00 0.00 0.00
MRDL     100. 0.00 0.00 0.00 0.00 0.00 0.00 0.00 0.00 0.00 0.00 0.00 0.00 0.00
Total    63.5 6.63 1.79 9.77 0.40 6.21 4.37 0.23 1.01 0.00 5.95 0.02 0.02 0.07


phase1. Total Wire Length = 190.97
phase1. Layer M1 wire length = 0.00
phase1. Layer M2 wire length = 0.00
phase1. Layer M3 wire length = 8.92
phase1. Layer M4 wire length = 20.70
phase1. Layer M5 wire length = 119.55
phase1. Layer M6 wire length = 41.80
phase1. Layer M7 wire length = 0.00
phase1. Layer M8 wire length = 0.00
phase1. Layer M9 wire length = 0.00
phase1. Layer MRDL wire length = 0.00
phase1. Total Number of Contacts = 44
phase1. Via VIA12SQ_C count = 11
phase1. Via VIA23SQ_C count = 10
phase1. Via VIA34SQ_C count = 10
phase1. Via VIA45SQ_C count = 7
phase1. Via VIA56SQ_C count = 6
phase1. Via VIA67SQ_C count = 0
phase1. Via VIA78SQ_C count = 0
phase1. Via VIA89_C count = 0
phase1. Via VIA9RDL count = 0
phase1. completed.

Start GR phase 2
Current Stage stats:
[End of Phase2 Routing] Elapsed real time: 0:00:00 
[End of Phase2 Routing] Elapsed cpu  time: sys=0:00:00 usr=0:00:00 total=0:00:00
[End of Phase2 Routing] Stage (MB): Used    0  Alloctr    0  Proc    0 
[End of Phase2 Routing] Total (MB): Used  187  Alloctr  200  Proc 3569 
phase2. Routing result:
phase2. Both Dirs: Overflow =  2168 Max = 11 GRCs =  2987 (1.48%)
phase2. H routing: Overflow =   536 Max =  3 (GRCs =   5) GRCs =  1349 (1.33%)
phase2. V routing: Overflow =  1632 Max = 11 (GRCs =   2) GRCs =  1638 (1.62%)
phase2. M1         Overflow =     1 Max =  1 (GRCs =   1) GRCs =     1 (0.00%)
phase2. M2         Overflow =  1450 Max = 11 (GRCs =   2) GRCs =  1139 (1.13%)
phase2. M3         Overflow =   380 Max =  3 (GRCs =   5) GRCs =   785 (0.78%)
phase2. M4         Overflow =   114 Max =  2 (GRCs =   7) GRCs =   235 (0.23%)
phase2. M5         Overflow =   112 Max =  2 (GRCs =   2) GRCs =   378 (0.37%)
phase2. M6         Overflow =    58 Max =  2 (GRCs =   2) GRCs =   198 (0.20%)
phase2. M7         Overflow =    42 Max =  1 (GRCs = 185) GRCs =   185 (0.18%)
phase2. M8         Overflow =    10 Max =  1 (GRCs =  66) GRCs =    66 (0.07%)
phase2. M9         Overflow =     0 Max =  0 (GRCs =   0) GRCs =     0 (0.00%)
phase2. MRDL       Overflow =     0 Max =  0 (GRCs =   0) GRCs =     0 (0.00%)


Density distribution:
Layer    0.0  0.1  0.2  0.3  0.4  0.5  0.6  0.7  0.8  0.9  1.0  1.1  1.2  > 1.2 
M1       99.8 0.11 0.00 0.01 0.00 0.01 0.00 0.00 0.00 0.00 0.01 0.00 0.00 0.00
M2       43.0 21.6 12.2 11.0 3.67 3.95 1.59 0.43 0.17 0.00 1.52 0.09 0.07 0.48
M3       15.5 15.6 2.32 23.8 0.00 10.9 18.8 1.49 8.60 0.00 2.55 0.05 0.14 0.04
M4       56.0 23.0 1.78 11.1 0.00 3.63 2.33 0.22 0.42 0.00 1.36 0.00 0.01 0.06
M5       52.4 0.00 0.00 24.6 0.00 9.58 9.80 0.00 0.00 0.00 3.44 0.00 0.00 0.05
M6       60.4 0.00 0.00 18.2 0.00 8.36 7.31 0.00 0.00 0.00 5.61 0.00 0.00 0.02
M7       66.6 0.00 0.00 0.00 0.00 14.5 0.00 0.00 0.00 0.00 18.8 0.00 0.00 0.02
M8       74.6 0.00 0.00 0.00 0.00 5.59 0.00 0.00 0.00 0.00 19.7 0.00 0.00 0.00
M9       98.4 0.00 0.00 0.00 0.00 0.00 0.00 0.00 0.00 0.00 1.58 0.00 0.00 0.00
MRDL     100. 0.00 0.00 0.00 0.00 0.00 0.00 0.00 0.00 0.00 0.00 0.00 0.00 0.00
Total    63.5 6.63 1.79 9.77 0.40 6.21 4.37 0.23 1.01 0.00 5.95 0.02 0.02 0.07


phase2. Total Wire Length = 189.07
phase2. Layer M1 wire length = 0.00
phase2. Layer M2 wire length = 0.00
phase2. Layer M3 wire length = 7.33
phase2. Layer M4 wire length = 18.72
phase2. Layer M5 wire length = 119.55
phase2. Layer M6 wire length = 43.47
phase2. Layer M7 wire length = 0.00
phase2. Layer M8 wire length = 0.00
phase2. Layer M9 wire length = 0.00
phase2. Layer MRDL wire length = 0.00
phase2. Total Number of Contacts = 44
phase2. Via VIA12SQ_C count = 11
phase2. Via VIA23SQ_C count = 10
phase2. Via VIA34SQ_C count = 9
phase2. Via VIA45SQ_C count = 8
phase2. Via VIA56SQ_C count = 6
phase2. Via VIA67SQ_C count = 0
phase2. Via VIA78SQ_C count = 0
phase2. Via VIA89_C count = 0
phase2. Via VIA9RDL count = 0
phase2. completed.
[End of Whole Chip Routing] Elapsed real time: 0:00:01 
[End of Whole Chip Routing] Elapsed cpu  time: sys=0:00:00 usr=0:00:01 total=0:00:02
[End of Whole Chip Routing] Stage (MB): Used   34  Alloctr   33  Proc    0 
[End of Whole Chip Routing] Total (MB): Used  187  Alloctr  200  Proc 3569 

Information: Global Routing terminated early: true (ZRT-103)

Congestion utilization per direction:
Average vertical track utilization   = 19.27 %
Peak    vertical track utilization   = 200.00 %
Average horizontal track utilization = 28.79 %
Peak    horizontal track utilization = 137.50 %

Current Stage stats:
[GR: Done] Elapsed real time: 0:00:00 
[GR: Done] Elapsed cpu  time: sys=0:00:00 usr=0:00:00 total=0:00:00
[GR: Done] Stage (MB): Used  -14  Alloctr  -13  Proc    0 
[GR: Done] Total (MB): Used  173  Alloctr  187  Proc 3569 
GR Total stats:
[GR: Done] Elapsed real time: 0:00:01 
[GR: Done] Elapsed cpu  time: sys=0:00:00 usr=0:00:02 total=0:00:02
[GR: Done] Stage (MB): Used   28  Alloctr   27  Proc    0 
[GR: Done] Total (MB): Used  173  Alloctr  187  Proc 3569 
Updating congestion ...
Updating congestion ...
Final total stats:
[End of Global Routing] Elapsed real time: 0:00:01 
[End of Global Routing] Elapsed cpu  time: sys=0:00:00 usr=0:00:02 total=0:00:02
[End of Global Routing] Stage (MB): Used    7  Alloctr    7  Proc    0 
[End of Global Routing] Total (MB): Used  153  Alloctr  166  Proc 3569 
[ECO: GR] Elapsed real time: 0:00:03 
[ECO: GR] Elapsed cpu  time: sys=0:00:01 usr=0:00:10 total=0:00:12
[ECO: GR] Stage (MB): Used  152  Alloctr  164  Proc    0 
[ECO: GR] Total (MB): Used  153  Alloctr  166  Proc 3569 

Start track assignment

Printing options for 'route.common.*'
common.verbose_level                                    :	 0                   

Printing options for 'route.track.*'
track.crosstalk_driven                                  :	 true                
track.timing_driven                                     :	 true                

Information: Using 12 threads for routing. (ZRT-444)
Information: RC layer preference is turned on for this design. (ZRT-613)

[Track Assign: Read routes] Elapsed real time: 0:00:00 
[Track Assign: Read routes] Elapsed cpu  time: sys=0:00:00 usr=0:00:00 total=0:00:00
[Track Assign: Read routes] Stage (MB): Used    4  Alloctr    4  Proc    0 
[Track Assign: Read routes] Total (MB): Used  153  Alloctr  167  Proc 3569 

Start initial assignment
Routed partition 1/7       
Routed partition 2/7       
Routed partition 3/7       
Routed partition 6/7       
Routed partition 6/7       
Routed partition 6/7       
Routed partition 7/7       

Number of wires with overlap after iteration 0 = 18 of 46


[Track Assign: Iteration 0] Elapsed real time: 0:00:00 
[Track Assign: Iteration 0] Elapsed cpu  time: sys=0:00:00 usr=0:00:00 total=0:00:00
[Track Assign: Iteration 0] Stage (MB): Used    4  Alloctr    4  Proc    0 
[Track Assign: Iteration 0] Total (MB): Used  153  Alloctr  167  Proc 3569 

Reroute to fix overlaps
Routed partition 1/7       
Routed partition 2/7       
Routed partition 3/7       
Routed partition 4/7       
Routed partition 5/7       
Routed partition 6/7       
Routed partition 7/7       

[Track Assign: Iteration 1] Elapsed real time: 0:00:00 
[Track Assign: Iteration 1] Elapsed cpu  time: sys=0:00:00 usr=0:00:01 total=0:00:01
[Track Assign: Iteration 1] Stage (MB): Used    4  Alloctr    4  Proc    0 
[Track Assign: Iteration 1] Total (MB): Used  153  Alloctr  167  Proc 3569 

Number of wires with overlap after iteration 1 = 11 of 28


Wire length and via report:
---------------------------
Number of M1 wires: 1 		  : 0
Number of M2 wires: 7 		 VIA12SQ_C: 11
Number of M3 wires: 5 		 VIA23SQ_C: 10
Number of M4 wires: 5 		 VIA34SQ_C: 9
Number of M5 wires: 7 		 VIA45SQ_C: 6
Number of M6 wires: 3 		 VIA56SQ_C: 6
Number of M7 wires: 0 		 VIA67SQ_C: 0
Number of M8 wires: 0 		 VIA78SQ_C: 0
Number of M9 wires: 0 		 VIA89_C: 0
Number of MRDL wires: 0 		 VIA9RDL: 0
Total number of wires: 28 		 vias: 42

Total M1 wire length: 0.3
Total M2 wire length: 1.2
Total M3 wire length: 3.1
Total M4 wire length: 19.2
Total M5 wire length: 111.6
Total M6 wire length: 44.2
Total M7 wire length: 0.0
Total M8 wire length: 0.0
Total M9 wire length: 0.0
Total MRDL wire length: 0.0
Total wire length: 179.5

Longest M1 wire length: 0.3
Longest M2 wire length: 0.3
Longest M3 wire length: 1.5
Longest M4 wire length: 9.7
Longest M5 wire length: 35.0
Longest M6 wire length: 37.1
Longest M7 wire length: 0.0
Longest M8 wire length: 0.0
Longest M9 wire length: 0.0
Longest MRDL wire length: 0.0


[Track Assign: Done] Elapsed real time: 0:00:00 
[Track Assign: Done] Elapsed cpu  time: sys=0:00:00 usr=0:00:01 total=0:00:01
[Track Assign: Done] Stage (MB): Used    0  Alloctr    0  Proc    0 
[Track Assign: Done] Total (MB): Used  148  Alloctr  162  Proc 3569 
[ECO: CDR] Elapsed real time: 0:00:03 
[ECO: CDR] Elapsed cpu  time: sys=0:00:01 usr=0:00:11 total=0:00:13
[ECO: CDR] Stage (MB): Used  147  Alloctr  160  Proc    0 
[ECO: CDR] Total (MB): Used  148  Alloctr  162  Proc 3569 
Printing options for 'route.common.*'
common.verbose_level                                    :	 0                   

Printing options for 'route.detail.*'
detail.antenna                                          :	 true                
detail.check_patchable_drc_from_fixed_shapes            :	 true                
detail.drc_convergence_effort_level                     :	 high                
detail.eco_max_number_of_iterations                     :	 60                  
detail.force_end_on_preferred_grid                      :	 true                
detail.timing_driven                                    :	 true                

Printing options for 'route.auto_via_ladder.*'

Information: RC layer preference is turned on for this design. (ZRT-613)

Begin ECO DRC check ...

Checked	1/64 Partitions, Violations =	3
Checked	2/64 Partitions, Violations =	3
Checked	4/64 Partitions, Violations =	3
Checked	6/64 Partitions, Violations =	3
Checked	8/64 Partitions, Violations =	3
Checked	10/64 Partitions, Violations =	3
Checked	12/64 Partitions, Violations =	3
Checked	14/64 Partitions, Violations =	3
Checked	16/64 Partitions, Violations =	3
Checked	18/64 Partitions, Violations =	3
Checked	20/64 Partitions, Violations =	3
Checked	22/64 Partitions, Violations =	3
Checked	24/64 Partitions, Violations =	3
Checked	26/64 Partitions, Violations =	3
Checked	28/64 Partitions, Violations =	3
Checked	30/64 Partitions, Violations =	3
Checked	32/64 Partitions, Violations =	3
Checked	34/64 Partitions, Violations =	3
Checked	36/64 Partitions, Violations =	3
Checked	38/64 Partitions, Violations =	1
Checked	40/64 Partitions, Violations =	1
Checked	42/64 Partitions, Violations =	12
Checked	44/64 Partitions, Violations =	12
Checked	46/64 Partitions, Violations =	19
Checked	48/64 Partitions, Violations =	19
Checked	50/64 Partitions, Violations =	19
Checked	52/64 Partitions, Violations =	19
Checked	54/64 Partitions, Violations =	19
Checked	56/64 Partitions, Violations =	28
Checked	58/64 Partitions, Violations =	30
Checked	60/64 Partitions, Violations =	30
Checked	62/64 Partitions, Violations =	37
Checked	64/64 Partitions, Violations =	40

DRC-SUMMARY:
	@@@@@@@ TOTAL VIOLATIONS =	40

[DRC CHECK] Elapsed real time: 0:00:01 
[DRC CHECK] Elapsed cpu  time: sys=0:00:00 usr=0:00:04 total=0:00:04
[DRC CHECK] Stage (MB): Used    0  Alloctr    0  Proc    0 
[DRC CHECK] Total (MB): Used  166  Alloctr  180  Proc 3569 

Total Wire Length =                    890533 micron
Total Number of Contacts =             356682
Total Number of Wires =                293950
Total Number of PtConns =              77178
Total Number of Routed Wires =       293950
Total Routed Wire Length =           879006 micron
Total Number of Routed Contacts =       356682
	Layer             M1 :       4565 micron
	Layer             M2 :     222824 micron
	Layer             M3 :     286422 micron
	Layer             M4 :      88523 micron
	Layer             M5 :      96408 micron
	Layer             M6 :      86262 micron
	Layer             M7 :      57885 micron
	Layer             M8 :      45814 micron
	Layer             M9 :       1831 micron
	Layer           MRDL :          0 micron
	Via     VIA89_C(rot) :         96
	Via        VIA78SQ_C :       3357
	Via       VIA78BAR_C :          3
	Via    VIA78SQ_C_2x1 :         29
	Via        VIA67SQ_C :          8
	Via   VIA67SQ_C(rot) :       6704
	Via        VIA56SQ_C :      13909
	Via   VIA56SQ_C(rot) :          3
	Via        VIA45SQ_C :        886
	Via   VIA45SQ_C(rot) :      22049
	Via        VIA34SQ_C :      32916
	Via   VIA34SQ_C(rot) :        132
	Via        VIA23SQ_C :        836
	Via   VIA23SQ_C(rot) :     142738
	Via        VIA12SQ_C :     127126
	Via   VIA12SQ_C(rot) :       5832
	Via       VIA12BAR_C :         48
	Via    VIA12SQ_C_2x1 :         10

 
Redundant via conversion report:
--------------------------------

  Total optimized via conversion rate =  0.01% (39 / 356682 vias)
 
    Layer VIA1       =  0.01% (10     / 133016  vias)
        Weight 1     =  0.01% (10      vias)
        Un-optimized =  0.00% (0       vias)
        Un-mapped    = 99.99% (133006  vias)
    Layer VIA2       =  0.00% (0      / 143574  vias)
        Un-optimized =  0.00% (0       vias)
        Un-mapped    = 100.00% (143574  vias)
    Layer VIA3       =  0.00% (0      / 33048   vias)
        Un-optimized =  0.00% (0       vias)
        Un-mapped    = 100.00% (33048   vias)
    Layer VIA4       =  0.00% (0      / 22935   vias)
        Un-optimized =  0.00% (0       vias)
        Un-mapped    = 100.00% (22935   vias)
    Layer VIA5       =  0.00% (0      / 13912   vias)
        Un-optimized =  0.00% (0       vias)
        Un-mapped    = 100.00% (13912   vias)
    Layer VIA6       =  0.00% (0      / 6712    vias)
        Un-optimized =  0.00% (0       vias)
        Un-mapped    = 100.00% (6712    vias)
    Layer VIA7       =  0.86% (29     / 3389    vias)
        Weight 1     =  0.86% (29      vias)
        Un-optimized =  0.00% (0       vias)
        Un-mapped    = 99.14% (3360    vias)
    Layer VIA8       =  0.00% (0      / 96      vias)
        Un-optimized =  0.00% (0       vias)
        Un-mapped    = 100.00% (96      vias)
 
  Total double via conversion rate    =  0.01% (39 / 356682 vias)
 
    Layer VIA1       =  0.01% (10     / 133016  vias)
    Layer VIA2       =  0.00% (0      / 143574  vias)
    Layer VIA3       =  0.00% (0      / 33048   vias)
    Layer VIA4       =  0.00% (0      / 22935   vias)
    Layer VIA5       =  0.00% (0      / 13912   vias)
    Layer VIA6       =  0.00% (0      / 6712    vias)
    Layer VIA7       =  0.86% (29     / 3389    vias)
    Layer VIA8       =  0.00% (0      / 96      vias)
 
  The optimized via conversion rate based on total routed via count =  0.01% (39 / 356682 vias)
 
    Layer VIA1       =  0.01% (10     / 133016  vias)
        Weight 1     =  0.01% (10      vias)
        Un-optimized =  0.00% (0       vias)
        Un-mapped    = 99.99% (133006  vias)
    Layer VIA2       =  0.00% (0      / 143574  vias)
        Un-optimized =  0.00% (0       vias)
        Un-mapped    = 100.00% (143574  vias)
    Layer VIA3       =  0.00% (0      / 33048   vias)
        Un-optimized =  0.00% (0       vias)
        Un-mapped    = 100.00% (33048   vias)
    Layer VIA4       =  0.00% (0      / 22935   vias)
        Un-optimized =  0.00% (0       vias)
        Un-mapped    = 100.00% (22935   vias)
    Layer VIA5       =  0.00% (0      / 13912   vias)
        Un-optimized =  0.00% (0       vias)
        Un-mapped    = 100.00% (13912   vias)
    Layer VIA6       =  0.00% (0      / 6712    vias)
        Un-optimized =  0.00% (0       vias)
        Un-mapped    = 100.00% (6712    vias)
    Layer VIA7       =  0.86% (29     / 3389    vias)
        Weight 1     =  0.86% (29      vias)
        Un-optimized =  0.00% (0       vias)
        Un-mapped    = 99.14% (3360    vias)
    Layer VIA8       =  0.00% (0      / 96      vias)
        Un-optimized =  0.00% (0       vias)
        Un-mapped    = 100.00% (96      vias)
 
Total number of nets = 47509, of which 0 are not extracted
Total number of open nets = 0, of which 0 are frozen
Information: Using 12 threads for routing. (ZRT-444)
Start DR iteration 0: non-uniform partition
Routed	1/10 Partitions, Violations =	38
Routed	2/10 Partitions, Violations =	13
Routed	3/10 Partitions, Violations =	13
Routed	4/10 Partitions, Violations =	13
Routed	5/10 Partitions, Violations =	13
Routed	6/10 Partitions, Violations =	17
Routed	7/10 Partitions, Violations =	14
Routed	8/10 Partitions, Violations =	8
Routed	9/10 Partitions, Violations =	8
Routed	10/10 Partitions, Violations =	3

DRC-SUMMARY:
	@@@@@@@ TOTAL VIOLATIONS =	3
	Less than minimum area : 1
	Same net spacing : 1
	Short : 1

[Iter 0] Elapsed real time: 0:00:01 
[Iter 0] Elapsed cpu  time: sys=0:00:00 usr=0:00:06 total=0:00:06
[Iter 0] Stage (MB): Used   17  Alloctr   17  Proc    0 
[Iter 0] Total (MB): Used  166  Alloctr  180  Proc 3569 

End DR iteration 0 with 10 parts

Start DR iteration 1: non-uniform partition
Routed	1/1 Partitions, Violations =	1

DRC-SUMMARY:
	@@@@@@@ TOTAL VIOLATIONS =	1
	Short : 1

[Iter 1] Elapsed real time: 0:00:01 
[Iter 1] Elapsed cpu  time: sys=0:00:00 usr=0:00:06 total=0:00:07
[Iter 1] Stage (MB): Used   17  Alloctr   17  Proc    0 
[Iter 1] Total (MB): Used  166  Alloctr  180  Proc 3569 

End DR iteration 1 with 1 parts

Finish DR since reached 0 fixable DRC

Information: Detail Routing terminated early because DRCs were not converging: false (ZRT-312)

Nets that have been changed:
Net 1 = DQPSK_CSK/Real_Sync_FIFO/n1305
Net 2 = symbol_mapper_to_ppdu/u_sync_fifo_odd/net_aps_307
Net 3 = symbol_mapper_to_ppdu/u_sync_fifo_odd/PLACE_HFSNET_4588
Net 4 = payload_ram/PLACE_HFSNET_4648
Net 5 = payload_ram/PLACE_HFSNET_4649
Net 6 = DQPSK_CSK/Real_Sync_FIFO/PLACE_HFSNET_7111
Net 7 = ctsbuf_net_11653465
Net 8 = ctsbuf_net_11723472
Net 9 = ctsbuf_net_12063506
Net 10 = ctsbuf_net_13853685
Net 11 = ctsbuf_net_13993699
Net 12 = ctsbuf_net_14243724
Net 13 = ctsbuf_net_14273727
Net 14 = ctsbuf_net_14823782
Net 15 = ctsbuf_net_15303830
Net 16 = ctsbuf_net_15793879
Net 17 = ctsbuf_net_16093909
Net 18 = ctsbuf_net_16223922
Net 19 = ctsbuf_net_16273927
Net 20 = ctsbuf_net_16513951
Net 21 = ctsbuf_net_16523952
Total number of changed nets = 21 (out of 47509)

[DR: Done] Elapsed real time: 0:00:01 
[DR: Done] Elapsed cpu  time: sys=0:00:00 usr=0:00:06 total=0:00:07
[DR: Done] Stage (MB): Used    1  Alloctr    1  Proc    0 
[DR: Done] Total (MB): Used  150  Alloctr  164  Proc 3569 
[ECO: DR] Elapsed real time: 0:00:05 
[ECO: DR] Elapsed cpu  time: sys=0:00:02 usr=0:00:18 total=0:00:20
[ECO: DR] Stage (MB): Used  149  Alloctr  161  Proc    0 
[ECO: DR] Total (MB): Used  150  Alloctr  164  Proc 3569 

ECO Route finished with 0 open nets, of which 0 are frozen

ECO Route finished with 1 violations

DRC-SUMMARY:
	@@@@@@@ TOTAL VIOLATIONS =	1
	Short : 1



Total Wire Length =                    890541 micron
Total Number of Contacts =             356686
Total Number of Wires =                293955
Total Number of PtConns =              77194
Total Number of Routed Wires =       293955
Total Routed Wire Length =           879011 micron
Total Number of Routed Contacts =       356686
	Layer             M1 :       4565 micron
	Layer             M2 :     222826 micron
	Layer             M3 :     286424 micron
	Layer             M4 :      88523 micron
	Layer             M5 :      96406 micron
	Layer             M6 :      86266 micron
	Layer             M7 :      57887 micron
	Layer             M8 :      45814 micron
	Layer             M9 :       1831 micron
	Layer           MRDL :          0 micron
	Via     VIA89_C(rot) :         96
	Via        VIA78SQ_C :       3357
	Via       VIA78BAR_C :          3
	Via    VIA78SQ_C_2x1 :         29
	Via        VIA67SQ_C :          8
	Via   VIA67SQ_C(rot) :       6704
	Via        VIA56SQ_C :      13913
	Via   VIA56SQ_C(rot) :          3
	Via        VIA45SQ_C :        886
	Via   VIA45SQ_C(rot) :      22049
	Via        VIA34SQ_C :      32915
	Via   VIA34SQ_C(rot) :        132
	Via        VIA23SQ_C :        836
	Via   VIA23SQ_C(rot) :     142739
	Via        VIA12SQ_C :     127126
	Via   VIA12SQ_C(rot) :       5832
	Via       VIA12BAR_C :         48
	Via    VIA12SQ_C_2x1 :         10

 
Redundant via conversion report:
--------------------------------

  Total optimized via conversion rate =  0.01% (39 / 356686 vias)
 
    Layer VIA1       =  0.01% (10     / 133016  vias)
        Weight 1     =  0.01% (10      vias)
        Un-optimized =  0.00% (0       vias)
        Un-mapped    = 99.99% (133006  vias)
    Layer VIA2       =  0.00% (0      / 143575  vias)
        Un-optimized =  0.00% (0       vias)
        Un-mapped    = 100.00% (143575  vias)
    Layer VIA3       =  0.00% (0      / 33047   vias)
        Un-optimized =  0.00% (0       vias)
        Un-mapped    = 100.00% (33047   vias)
    Layer VIA4       =  0.00% (0      / 22935   vias)
        Un-optimized =  0.00% (0       vias)
        Un-mapped    = 100.00% (22935   vias)
    Layer VIA5       =  0.00% (0      / 13916   vias)
        Un-optimized =  0.00% (0       vias)
        Un-mapped    = 100.00% (13916   vias)
    Layer VIA6       =  0.00% (0      / 6712    vias)
        Un-optimized =  0.00% (0       vias)
        Un-mapped    = 100.00% (6712    vias)
    Layer VIA7       =  0.86% (29     / 3389    vias)
        Weight 1     =  0.86% (29      vias)
        Un-optimized =  0.00% (0       vias)
        Un-mapped    = 99.14% (3360    vias)
    Layer VIA8       =  0.00% (0      / 96      vias)
        Un-optimized =  0.00% (0       vias)
        Un-mapped    = 100.00% (96      vias)
 
  Total double via conversion rate    =  0.01% (39 / 356686 vias)
 
    Layer VIA1       =  0.01% (10     / 133016  vias)
    Layer VIA2       =  0.00% (0      / 143575  vias)
    Layer VIA3       =  0.00% (0      / 33047   vias)
    Layer VIA4       =  0.00% (0      / 22935   vias)
    Layer VIA5       =  0.00% (0      / 13916   vias)
    Layer VIA6       =  0.00% (0      / 6712    vias)
    Layer VIA7       =  0.86% (29     / 3389    vias)
    Layer VIA8       =  0.00% (0      / 96      vias)
 
  The optimized via conversion rate based on total routed via count =  0.01% (39 / 356686 vias)
 
    Layer VIA1       =  0.01% (10     / 133016  vias)
        Weight 1     =  0.01% (10      vias)
        Un-optimized =  0.00% (0       vias)
        Un-mapped    = 99.99% (133006  vias)
    Layer VIA2       =  0.00% (0      / 143575  vias)
        Un-optimized =  0.00% (0       vias)
        Un-mapped    = 100.00% (143575  vias)
    Layer VIA3       =  0.00% (0      / 33047   vias)
        Un-optimized =  0.00% (0       vias)
        Un-mapped    = 100.00% (33047   vias)
    Layer VIA4       =  0.00% (0      / 22935   vias)
        Un-optimized =  0.00% (0       vias)
        Un-mapped    = 100.00% (22935   vias)
    Layer VIA5       =  0.00% (0      / 13916   vias)
        Un-optimized =  0.00% (0       vias)
        Un-mapped    = 100.00% (13916   vias)
    Layer VIA6       =  0.00% (0      / 6712    vias)
        Un-optimized =  0.00% (0       vias)
        Un-mapped    = 100.00% (6712    vias)
    Layer VIA7       =  0.86% (29     / 3389    vias)
        Weight 1     =  0.86% (29      vias)
        Un-optimized =  0.00% (0       vias)
        Un-mapped    = 99.14% (3360    vias)
    Layer VIA8       =  0.00% (0      / 96      vias)
        Un-optimized =  0.00% (0       vias)
        Un-mapped    = 100.00% (96      vias)
 

Total number of nets = 47509
0 open nets, of which 0 are frozen
Total number of excluded ports = 0 ports of 0 unplaced cells connected to 0 nets
                                 0 ports without pins of 0 cells connected to 0 nets
                                 0 ports of 0 cover cells connected to 0 non-pg nets
Total number of DRCs = 1
Total number of antenna violations = antenna checking not active
Information: Routes in non-preferred voltage areas = 0 (ZRT-559)

Total Wire Length =                    890541 micron
Total Number of Contacts =             356686
Total Number of Wires =                293955
Total Number of PtConns =              77194
Total Number of Routed Wires =       293955
Total Routed Wire Length =           879011 micron
Total Number of Routed Contacts =       356686
	Layer             M1 :       4565 micron
	Layer             M2 :     222826 micron
	Layer             M3 :     286424 micron
	Layer             M4 :      88523 micron
	Layer             M5 :      96406 micron
	Layer             M6 :      86266 micron
	Layer             M7 :      57887 micron
	Layer             M8 :      45814 micron
	Layer             M9 :       1831 micron
	Layer           MRDL :          0 micron
	Via     VIA89_C(rot) :         96
	Via        VIA78SQ_C :       3357
	Via       VIA78BAR_C :          3
	Via    VIA78SQ_C_2x1 :         29
	Via        VIA67SQ_C :          8
	Via   VIA67SQ_C(rot) :       6704
	Via        VIA56SQ_C :      13913
	Via   VIA56SQ_C(rot) :          3
	Via        VIA45SQ_C :        886
	Via   VIA45SQ_C(rot) :      22049
	Via        VIA34SQ_C :      32915
	Via   VIA34SQ_C(rot) :        132
	Via        VIA23SQ_C :        836
	Via   VIA23SQ_C(rot) :     142739
	Via        VIA12SQ_C :     127126
	Via   VIA12SQ_C(rot) :       5832
	Via       VIA12BAR_C :         48
	Via    VIA12SQ_C_2x1 :         10

 
Redundant via conversion report:
--------------------------------

  Total optimized via conversion rate =  0.01% (39 / 356686 vias)
 
    Layer VIA1       =  0.01% (10     / 133016  vias)
        Weight 1     =  0.01% (10      vias)
        Un-optimized =  0.00% (0       vias)
        Un-mapped    = 99.99% (133006  vias)
    Layer VIA2       =  0.00% (0      / 143575  vias)
        Un-optimized =  0.00% (0       vias)
        Un-mapped    = 100.00% (143575  vias)
    Layer VIA3       =  0.00% (0      / 33047   vias)
        Un-optimized =  0.00% (0       vias)
        Un-mapped    = 100.00% (33047   vias)
    Layer VIA4       =  0.00% (0      / 22935   vias)
        Un-optimized =  0.00% (0       vias)
        Un-mapped    = 100.00% (22935   vias)
    Layer VIA5       =  0.00% (0      / 13916   vias)
        Un-optimized =  0.00% (0       vias)
        Un-mapped    = 100.00% (13916   vias)
    Layer VIA6       =  0.00% (0      / 6712    vias)
        Un-optimized =  0.00% (0       vias)
        Un-mapped    = 100.00% (6712    vias)
    Layer VIA7       =  0.86% (29     / 3389    vias)
        Weight 1     =  0.86% (29      vias)
        Un-optimized =  0.00% (0       vias)
        Un-mapped    = 99.14% (3360    vias)
    Layer VIA8       =  0.00% (0      / 96      vias)
        Un-optimized =  0.00% (0       vias)
        Un-mapped    = 100.00% (96      vias)
 
  Total double via conversion rate    =  0.01% (39 / 356686 vias)
 
    Layer VIA1       =  0.01% (10     / 133016  vias)
    Layer VIA2       =  0.00% (0      / 143575  vias)
    Layer VIA3       =  0.00% (0      / 33047   vias)
    Layer VIA4       =  0.00% (0      / 22935   vias)
    Layer VIA5       =  0.00% (0      / 13916   vias)
    Layer VIA6       =  0.00% (0      / 6712    vias)
    Layer VIA7       =  0.86% (29     / 3389    vias)
    Layer VIA8       =  0.00% (0      / 96      vias)
 
  The optimized via conversion rate based on total routed via count =  0.01% (39 / 356686 vias)
 
    Layer VIA1       =  0.01% (10     / 133016  vias)
        Weight 1     =  0.01% (10      vias)
        Un-optimized =  0.00% (0       vias)
        Un-mapped    = 99.99% (133006  vias)
    Layer VIA2       =  0.00% (0      / 143575  vias)
        Un-optimized =  0.00% (0       vias)
        Un-mapped    = 100.00% (143575  vias)
    Layer VIA3       =  0.00% (0      / 33047   vias)
        Un-optimized =  0.00% (0       vias)
        Un-mapped    = 100.00% (33047   vias)
    Layer VIA4       =  0.00% (0      / 22935   vias)
        Un-optimized =  0.00% (0       vias)
        Un-mapped    = 100.00% (22935   vias)
    Layer VIA5       =  0.00% (0      / 13916   vias)
        Un-optimized =  0.00% (0       vias)
        Un-mapped    = 100.00% (13916   vias)
    Layer VIA6       =  0.00% (0      / 6712    vias)
        Un-optimized =  0.00% (0       vias)
        Un-mapped    = 100.00% (6712    vias)
    Layer VIA7       =  0.86% (29     / 3389    vias)
        Weight 1     =  0.86% (29      vias)
        Un-optimized =  0.00% (0       vias)
        Un-mapped    = 99.14% (3360    vias)
    Layer VIA8       =  0.00% (0      / 96      vias)
        Un-optimized =  0.00% (0       vias)
        Un-mapped    = 100.00% (96      vias)
 
Topology ECO not run, no qualifying violations or in frozen nets.
Updating the database ...
...updated 21 nets
[ECO: End] Elapsed real time: 0:00:05 
[ECO: End] Elapsed cpu  time: sys=0:00:02 usr=0:00:19 total=0:00:21
[ECO: End] Stage (MB): Used    0  Alloctr    0  Proc    0 
[ECO: End] Total (MB): Used    0  Alloctr    2  Proc 3569 
icc2_shell> check_lvs
Information: Using 12 threads for LVS
[Check Net] Init	Elapsed =    0:00:00, CPU =    0:00:00
[Check Short] Stage 1	Elapsed =    0:00:00, CPU =    0:00:01
Warning: Port VDD have no valid pin shapes. Skip this port. (RT-203)
Warning: Port VSS have no valid pin shapes. Skip this port. (RT-203)
[Check Net] 10% 	Elapsed =    0:00:00, CPU =    0:00:02
[Check Short] Stage 1-2	Elapsed =    0:00:00, CPU =    0:00:02
[Check Short] Stage 2	Elapsed =    0:00:00, CPU =    0:00:03
[Check Net] 20% 	Elapsed =    0:00:01, CPU =    0:00:09
[Check Short] Stage 2-2	Elapsed =    0:00:01, CPU =    0:00:09
[Check Short] Stage 3	Elapsed =    0:00:01, CPU =    0:00:09
[Check Short] End	Elapsed =    0:00:01, CPU =    0:00:09
[Check Net] 30% 	Elapsed =    0:00:01, CPU =    0:00:09
[Check Net] 40% 	Elapsed =    0:00:01, CPU =    0:00:10
[Check Net] 50% 	Elapsed =    0:00:01, CPU =    0:00:10
[Check Net] 60% 	Elapsed =    0:00:01, CPU =    0:00:10
[Check Net] 70% 	Elapsed =    0:00:01, CPU =    0:00:11
[Check Net] 80% 	Elapsed =    0:00:01, CPU =    0:00:11
[Check Net] 90% 	Elapsed =    0:00:01, CPU =    0:00:11
[Check Net] All nets are submitted.
[Check Net] 100%	Elapsed =    0:00:01, CPU =    0:00:12
Information: Detected short violation. Net1: DQPSK_CSK/Imag_Sync_FIFO/PLACE_HFSNET_2275. Net2: VSS. BBox: (153.6120 426.2730)(153.6680 426.3830). Layer: M3. (RT-586)
Information: Detected short violation. Net1: DQPSK_CSK/Imag_Sync_FIFO/PLACE_HFSNET_2275. Net2: VSS. BBox: (153.6120 426.2980)(153.6680 426.3580). Layer: M3. (RT-586)

===============================================================
    Maximum number of violations is set to 20
    Abort checking when more than 20 violations are found
    All violations might not be found.
===============================================================
Total number of input nets is 47526.
Total number of short violations is 2.
Total number of open nets is 0.
Total number of floating route violations is 0.

Elapsed =    0:00:02, CPU =    0:00:13
1
icc2_shell> check_routes
Warning: Cell contains tie connections which are not connected to real PG. (ZRT-511)
Turn off antenna since no rule is specified
Cell Min-Routing-Layer = M2
Cell Max-Routing-Layer = M9
Warning: Cannot find a default contact code for layer CO. (ZRT-022)
rule clk_network_NDR_leaf equivalent to default rule
Warning: Ignore 2 top cell ports with no pins. (ZRT-027)
Info: number of net_type_blockage: 0 
soft rule ICC2_GENERATED_DEFAULT_SPACING_RULE_3_8_wire is redundant
soft rule LOPT_M3_M7_3_8_wire is redundant
soft rule LOPT_M6_M7_3_8_wire is redundant


Start checking for open nets ... 

Total number of nets = 47509, of which 0 are not extracted
Total number of open nets = 0, of which 0 are frozen

Check 47509 nets, 0 have Errors

[CHECK OPEN NETS] Elapsed real time: 0:00:00 
[CHECK OPEN NETS] Elapsed cpu  time: sys=0:00:00 usr=0:00:00 total=0:00:00
[CHECK OPEN NETS] Stage (MB): Used    0  Alloctr    0  Proc    0 
[CHECK OPEN NETS] Total (MB): Used  137  Alloctr  152  Proc 3569 
Printing options for 'route.common.*'
common.verbose_level                                    :	 0                   

Printing options for 'route.detail.*'
detail.antenna                                          :	 true                
detail.check_patchable_drc_from_fixed_shapes            :	 true                
detail.drc_convergence_effort_level                     :	 high                
detail.eco_max_number_of_iterations                     :	 60                  
detail.force_end_on_preferred_grid                      :	 true                
detail.timing_driven                                    :	 true                

Printing options for 'route.auto_via_ladder.*'


Begin full DRC check ...

Information: Using 12 threads for routing. (ZRT-444)
Checked	1/64 Partitions, Violations =	0
Checked	2/64 Partitions, Violations =	0
Checked	4/64 Partitions, Violations =	0
Checked	6/64 Partitions, Violations =	0
Checked	8/64 Partitions, Violations =	0
Checked	10/64 Partitions, Violations =	0
Checked	12/64 Partitions, Violations =	0
Checked	14/64 Partitions, Violations =	0
Checked	16/64 Partitions, Violations =	0
Checked	18/64 Partitions, Violations =	0
Checked	20/64 Partitions, Violations =	0
Checked	22/64 Partitions, Violations =	2
Checked	24/64 Partitions, Violations =	2
Checked	26/64 Partitions, Violations =	2
Checked	28/64 Partitions, Violations =	2
Checked	30/64 Partitions, Violations =	2
Checked	32/64 Partitions, Violations =	2
Checked	34/64 Partitions, Violations =	2
Checked	36/64 Partitions, Violations =	2
Checked	38/64 Partitions, Violations =	2
Checked	40/64 Partitions, Violations =	2
Checked	42/64 Partitions, Violations =	2
Checked	44/64 Partitions, Violations =	2
Checked	46/64 Partitions, Violations =	2
Checked	48/64 Partitions, Violations =	2
Checked	50/64 Partitions, Violations =	2
Checked	52/64 Partitions, Violations =	2
Checked	54/64 Partitions, Violations =	2
Checked	56/64 Partitions, Violations =	2
Checked	58/64 Partitions, Violations =	2
Checked	60/64 Partitions, Violations =	2
Checked	62/64 Partitions, Violations =	2
Checked	64/64 Partitions, Violations =	2
[DRC CHECK] Elapsed real time: 0:00:02 
[DRC CHECK] Elapsed cpu  time: sys=0:00:00 usr=0:00:24 total=0:00:24
[DRC CHECK] Stage (MB): Used    0  Alloctr    1  Proc   69 
[DRC CHECK] Total (MB): Used  159  Alloctr  173  Proc 3638 
Warning: No antenna rules defined, Skip antenna analysis. (ZRT-309)
Information: Merged away 1 aligned/redundant DRCs. (ZRT-305)

DRC-SUMMARY:
	@@@@@@@ TOTAL VIOLATIONS =	1
	Short : 1


Total Wire Length =                    890541 micron
Total Number of Contacts =             356686
Total Number of Wires =                297689
Total Number of PtConns =              77194
Total Number of Routed Wires =       297689
Total Routed Wire Length =           879011 micron
Total Number of Routed Contacts =       356686
	Layer             M1 :       4565 micron
	Layer             M2 :     222826 micron
	Layer             M3 :     286424 micron
	Layer             M4 :      88523 micron
	Layer             M5 :      96406 micron
	Layer             M6 :      86266 micron
	Layer             M7 :      57887 micron
	Layer             M8 :      45814 micron
	Layer             M9 :       1831 micron
	Layer           MRDL :          0 micron
	Via     VIA89_C(rot) :         96
	Via        VIA78SQ_C :       3357
	Via       VIA78BAR_C :          3
	Via    VIA78SQ_C_2x1 :         29
	Via        VIA67SQ_C :          8
	Via   VIA67SQ_C(rot) :       6704
	Via        VIA56SQ_C :      13913
	Via   VIA56SQ_C(rot) :          3
	Via        VIA45SQ_C :        886
	Via   VIA45SQ_C(rot) :      22049
	Via        VIA34SQ_C :      32915
	Via   VIA34SQ_C(rot) :        132
	Via        VIA23SQ_C :        836
	Via   VIA23SQ_C(rot) :     142739
	Via        VIA12SQ_C :     127126
	Via   VIA12SQ_C(rot) :       5832
	Via       VIA12BAR_C :         48
	Via    VIA12SQ_C_2x1 :         10

 
Redundant via conversion report:
--------------------------------

  Total optimized via conversion rate =  0.01% (39 / 356686 vias)
 
    Layer VIA1       =  0.01% (10     / 133016  vias)
        Weight 1     =  0.01% (10      vias)
        Un-optimized =  0.00% (0       vias)
        Un-mapped    = 99.99% (133006  vias)
    Layer VIA2       =  0.00% (0      / 143575  vias)
        Un-optimized =  0.00% (0       vias)
        Un-mapped    = 100.00% (143575  vias)
    Layer VIA3       =  0.00% (0      / 33047   vias)
        Un-optimized =  0.00% (0       vias)
        Un-mapped    = 100.00% (33047   vias)
    Layer VIA4       =  0.00% (0      / 22935   vias)
        Un-optimized =  0.00% (0       vias)
        Un-mapped    = 100.00% (22935   vias)
    Layer VIA5       =  0.00% (0      / 13916   vias)
        Un-optimized =  0.00% (0       vias)
        Un-mapped    = 100.00% (13916   vias)
    Layer VIA6       =  0.00% (0      / 6712    vias)
        Un-optimized =  0.00% (0       vias)
        Un-mapped    = 100.00% (6712    vias)
    Layer VIA7       =  0.86% (29     / 3389    vias)
        Weight 1     =  0.86% (29      vias)
        Un-optimized =  0.00% (0       vias)
        Un-mapped    = 99.14% (3360    vias)
    Layer VIA8       =  0.00% (0      / 96      vias)
        Un-optimized =  0.00% (0       vias)
        Un-mapped    = 100.00% (96      vias)
 
  Total double via conversion rate    =  0.01% (39 / 356686 vias)
 
    Layer VIA1       =  0.01% (10     / 133016  vias)
    Layer VIA2       =  0.00% (0      / 143575  vias)
    Layer VIA3       =  0.00% (0      / 33047   vias)
    Layer VIA4       =  0.00% (0      / 22935   vias)
    Layer VIA5       =  0.00% (0      / 13916   vias)
    Layer VIA6       =  0.00% (0      / 6712    vias)
    Layer VIA7       =  0.86% (29     / 3389    vias)
    Layer VIA8       =  0.00% (0      / 96      vias)
 
  The optimized via conversion rate based on total routed via count =  0.01% (39 / 356686 vias)
 
    Layer VIA1       =  0.01% (10     / 133016  vias)
        Weight 1     =  0.01% (10      vias)
        Un-optimized =  0.00% (0       vias)
        Un-mapped    = 99.99% (133006  vias)
    Layer VIA2       =  0.00% (0      / 143575  vias)
        Un-optimized =  0.00% (0       vias)
        Un-mapped    = 100.00% (143575  vias)
    Layer VIA3       =  0.00% (0      / 33047   vias)
        Un-optimized =  0.00% (0       vias)
        Un-mapped    = 100.00% (33047   vias)
    Layer VIA4       =  0.00% (0      / 22935   vias)
        Un-optimized =  0.00% (0       vias)
        Un-mapped    = 100.00% (22935   vias)
    Layer VIA5       =  0.00% (0      / 13916   vias)
        Un-optimized =  0.00% (0       vias)
        Un-mapped    = 100.00% (13916   vias)
    Layer VIA6       =  0.00% (0      / 6712    vias)
        Un-optimized =  0.00% (0       vias)
        Un-mapped    = 100.00% (6712    vias)
    Layer VIA7       =  0.86% (29     / 3389    vias)
        Weight 1     =  0.86% (29      vias)
        Un-optimized =  0.00% (0       vias)
        Un-mapped    = 99.14% (3360    vias)
    Layer VIA8       =  0.00% (0      / 96      vias)
        Un-optimized =  0.00% (0       vias)
        Un-mapped    = 100.00% (96      vias)
 


Verify Summary:

Total number of nets = 47509, of which 0 are not extracted
Total number of open nets = 0, of which 0 are frozen
Total number of excluded ports = 0 ports of 0 unplaced cells connected to 0 nets
                                 0 ports without pins of 0 cells connected to 0 nets
                                 0 ports of 0 cover cells connected to 0 non-pg nets
Total number of DRCs = 1
Total number of antenna violations = no antenna rules defined
Total number of tie to rail violations = not checked
Total number of tie to rail directly violations = not checked


icc2_shell> route_detail -incremental true
Warning: Cell contains tie connections which are not connected to real PG. (ZRT-511)
Turn off antenna since no rule is specified
Cell Min-Routing-Layer = M2
Cell Max-Routing-Layer = M9
Warning: Cannot find a default contact code for layer CO. (ZRT-022)
rule clk_network_NDR_leaf equivalent to default rule
Warning: Ignore 2 top cell ports with no pins. (ZRT-027)
Info: number of net_type_blockage: 0 
soft rule ICC2_GENERATED_DEFAULT_SPACING_RULE_3_8_wire is redundant
soft rule LOPT_M3_M7_3_8_wire is redundant
soft rule LOPT_M6_M7_3_8_wire is redundant
Printing options for 'route.common.*'
common.verbose_level                                    :	 0                   

Printing options for 'route.detail.*'
detail.antenna                                          :	 true                
detail.check_patchable_drc_from_fixed_shapes            :	 true                
detail.drc_convergence_effort_level                     :	 high                
detail.eco_max_number_of_iterations                     :	 60                  
detail.force_end_on_preferred_grid                      :	 true                
detail.timing_driven                                    :	 true                

Printing options for 'route.auto_via_ladder.*'


Begin full DRC check ...

Information: Using 12 threads for routing. (ZRT-444)
Checked	1/64 Partitions, Violations =	0
Checked	2/64 Partitions, Violations =	0
Checked	4/64 Partitions, Violations =	0
Checked	6/64 Partitions, Violations =	0
Checked	8/64 Partitions, Violations =	0
Checked	10/64 Partitions, Violations =	0
Checked	12/64 Partitions, Violations =	0
Checked	14/64 Partitions, Violations =	0
Checked	16/64 Partitions, Violations =	0
Checked	18/64 Partitions, Violations =	0
Checked	20/64 Partitions, Violations =	2
Checked	22/64 Partitions, Violations =	2
Checked	24/64 Partitions, Violations =	2
Checked	26/64 Partitions, Violations =	2
Checked	28/64 Partitions, Violations =	2
Checked	30/64 Partitions, Violations =	2
Checked	32/64 Partitions, Violations =	2
Checked	34/64 Partitions, Violations =	2
Checked	36/64 Partitions, Violations =	2
Checked	38/64 Partitions, Violations =	2
Checked	40/64 Partitions, Violations =	2
Checked	42/64 Partitions, Violations =	2
Checked	44/64 Partitions, Violations =	2
Checked	46/64 Partitions, Violations =	2
Checked	48/64 Partitions, Violations =	2
Checked	50/64 Partitions, Violations =	2
Checked	52/64 Partitions, Violations =	2
Checked	54/64 Partitions, Violations =	2
Checked	56/64 Partitions, Violations =	2
Checked	58/64 Partitions, Violations =	2
Checked	60/64 Partitions, Violations =	2
Checked	62/64 Partitions, Violations =	2
Checked	64/64 Partitions, Violations =	2
[DRC CHECK] Elapsed real time: 0:00:02 
[DRC CHECK] Elapsed cpu  time: sys=0:00:00 usr=0:00:24 total=0:00:24
[DRC CHECK] Stage (MB): Used    0  Alloctr    1  Proc   12 
[DRC CHECK] Total (MB): Used  159  Alloctr  173  Proc 3651 
Loading timing information to the router from design
Timing information loaded to the router.
Printing options for 'route.common.*'
common.verbose_level                                    :	 0                   

Printing options for 'route.detail.*'
detail.antenna                                          :	 true                
detail.check_patchable_drc_from_fixed_shapes            :	 true                
detail.drc_convergence_effort_level                     :	 high                
detail.eco_max_number_of_iterations                     :	 60                  
detail.force_end_on_preferred_grid                      :	 true                
detail.timing_driven                                    :	 true                

Printing options for 'route.auto_via_ladder.*'

Information: RC layer preference is turned on for this design. (ZRT-613)
[Dr init] Elapsed real time: 0:00:04 
[Dr init] Elapsed cpu  time: sys=0:00:01 usr=0:00:32 total=0:00:33
[Dr init] Stage (MB): Used  156  Alloctr  168  Proc   12 
[Dr init] Total (MB): Used  157  Alloctr  171  Proc 3651 
Total number of nets = 47509, of which 0 are not extracted
Total number of open nets = 0, of which 0 are frozen
Information: Using 12 threads for routing. (ZRT-444)
Routing in incremental mode, starting from iteration 54

Start DR iteration 54: non-uniform partition
Routed	1/1 Partitions, Violations =	2

DRC-SUMMARY:
	@@@@@@@ TOTAL VIOLATIONS =	2
	Short : 2

[Iter 54] Elapsed real time: 0:00:04 
[Iter 54] Elapsed cpu  time: sys=0:00:01 usr=0:00:33 total=0:00:34
[Iter 54] Stage (MB): Used  165  Alloctr  177  Proc   12 
[Iter 54] Total (MB): Used  166  Alloctr  180  Proc 3651 

End DR iteration 54 with 1 parts

Start DR iteration 55: non-uniform partition
Routed	1/1 Partitions, Violations =	2

DRC-SUMMARY:
	@@@@@@@ TOTAL VIOLATIONS =	2
	Short : 2

[Iter 55] Elapsed real time: 0:00:04 
[Iter 55] Elapsed cpu  time: sys=0:00:01 usr=0:00:33 total=0:00:35
[Iter 55] Stage (MB): Used  165  Alloctr  177  Proc   12 
[Iter 55] Total (MB): Used  166  Alloctr  180  Proc 3651 

End DR iteration 55 with 1 parts

Start DR iteration 56: non-uniform partition
Routed	1/1 Partitions, Violations =	2

DRC-SUMMARY:
	@@@@@@@ TOTAL VIOLATIONS =	2
	Short : 2

[Iter 56] Elapsed real time: 0:00:04 
[Iter 56] Elapsed cpu  time: sys=0:00:01 usr=0:00:36 total=0:00:37
[Iter 56] Stage (MB): Used  165  Alloctr  177  Proc   12 
[Iter 56] Total (MB): Used  166  Alloctr  180  Proc 3651 

End DR iteration 56 with 1 parts

Start DR iteration 57: non-uniform partition
Routed	1/1 Partitions, Violations =	2

DRC-SUMMARY:
	@@@@@@@ TOTAL VIOLATIONS =	2
	Short : 2

[Iter 57] Elapsed real time: 0:00:04 
[Iter 57] Elapsed cpu  time: sys=0:00:01 usr=0:00:37 total=0:00:39
[Iter 57] Stage (MB): Used  165  Alloctr  177  Proc   12 
[Iter 57] Total (MB): Used  166  Alloctr  180  Proc 3651 

End DR iteration 57 with 1 parts

Start DR iteration 58: non-uniform partition
Routed	1/1 Partitions, Violations =	2

DRC-SUMMARY:
	@@@@@@@ TOTAL VIOLATIONS =	2
	Short : 2

[Iter 58] Elapsed real time: 0:00:05 
[Iter 58] Elapsed cpu  time: sys=0:00:02 usr=0:00:38 total=0:00:40
[Iter 58] Stage (MB): Used  165  Alloctr  177  Proc   12 
[Iter 58] Total (MB): Used  166  Alloctr  180  Proc 3651 

End DR iteration 58 with 1 parts

Start DR iteration 59: non-uniform partition
Routed	1/1 Partitions, Violations =	2

DRC-SUMMARY:
	@@@@@@@ TOTAL VIOLATIONS =	2
	Short : 2

[Iter 59] Elapsed real time: 0:00:05 
[Iter 59] Elapsed cpu  time: sys=0:00:02 usr=0:00:39 total=0:00:41
[Iter 59] Stage (MB): Used  165  Alloctr  177  Proc   12 
[Iter 59] Total (MB): Used  166  Alloctr  180  Proc 3651 

End DR iteration 59 with 1 parts

Start DR iteration 60: non-uniform partition
Routed	1/1 Partitions, Violations =	2

DRC-SUMMARY:
	@@@@@@@ TOTAL VIOLATIONS =	2
	Short : 2

[Iter 60] Elapsed real time: 0:00:05 
[Iter 60] Elapsed cpu  time: sys=0:00:02 usr=0:00:40 total=0:00:42
[Iter 60] Stage (MB): Used  165  Alloctr  177  Proc   12 
[Iter 60] Total (MB): Used  166  Alloctr  180  Proc 3651 

End DR iteration 60 with 1 parts

Start DR iteration 61: non-uniform partition
Routed	1/1 Partitions, Violations =	2

DRC-SUMMARY:
	@@@@@@@ TOTAL VIOLATIONS =	2
	Short : 2

[Iter 61] Elapsed real time: 0:00:05 
[Iter 61] Elapsed cpu  time: sys=0:00:02 usr=0:00:40 total=0:00:43
[Iter 61] Stage (MB): Used  165  Alloctr  177  Proc   12 
[Iter 61] Total (MB): Used  166  Alloctr  180  Proc 3651 

End DR iteration 61 with 1 parts

Start DR iteration 62: non-uniform partition
Routed	1/1 Partitions, Violations =	2

DRC-SUMMARY:
	@@@@@@@ TOTAL VIOLATIONS =	2
	Short : 2

[Iter 62] Elapsed real time: 0:00:05 
[Iter 62] Elapsed cpu  time: sys=0:00:02 usr=0:00:41 total=0:00:44
[Iter 62] Stage (MB): Used  165  Alloctr  177  Proc   12 
[Iter 62] Total (MB): Used  166  Alloctr  180  Proc 3651 

End DR iteration 62 with 1 parts

Start DR iteration 63: non-uniform partition
Routed	1/1 Partitions, Violations =	2

DRC-SUMMARY:
	@@@@@@@ TOTAL VIOLATIONS =	2
	Short : 2

[Iter 63] Elapsed real time: 0:00:06 
[Iter 63] Elapsed cpu  time: sys=0:00:02 usr=0:00:42 total=0:00:45
[Iter 63] Stage (MB): Used  165  Alloctr  177  Proc   12 
[Iter 63] Total (MB): Used  166  Alloctr  180  Proc 3651 

End DR iteration 63 with 1 parts

Start DR iteration 64: non-uniform partition
Routed	1/1 Partitions, Violations =	2

DRC-SUMMARY:
	@@@@@@@ TOTAL VIOLATIONS =	2
	Short : 2

[Iter 64] Elapsed real time: 0:00:06 
[Iter 64] Elapsed cpu  time: sys=0:00:03 usr=0:00:43 total=0:00:46
[Iter 64] Stage (MB): Used  165  Alloctr  177  Proc   12 
[Iter 64] Total (MB): Used  166  Alloctr  180  Proc 3651 

End DR iteration 64 with 1 parts

Stop DR since not converging

Information: Detail Routing terminated early because DRCs were not converging: true (ZRT-312)
[DR] Elapsed real time: 0:00:06 
[DR] Elapsed cpu  time: sys=0:00:03 usr=0:00:43 total=0:00:46
[DR] Stage (MB): Used  149  Alloctr  162  Proc   12 
[DR] Total (MB): Used  150  Alloctr  164  Proc 3651 
[DR: Done] Elapsed real time: 0:00:06 
[DR: Done] Elapsed cpu  time: sys=0:00:03 usr=0:00:43 total=0:00:46
[DR: Done] Stage (MB): Used  149  Alloctr  162  Proc   12 
[DR: Done] Total (MB): Used  150  Alloctr  164  Proc 3651 

DR finished with 0 open nets, of which 0 are frozen
Information: Merged away 1 aligned/redundant DRCs. (ZRT-305)

DR finished with 1 violations

DRC-SUMMARY:
	@@@@@@@ TOTAL VIOLATIONS =	1
	Short : 1



Total Wire Length =                    890541 micron
Total Number of Contacts =             356686
Total Number of Wires =                295219
Total Number of PtConns =              77194
Total Number of Routed Wires =       295219
Total Routed Wire Length =           879011 micron
Total Number of Routed Contacts =       356686
	Layer             M1 :       4565 micron
	Layer             M2 :     222827 micron
	Layer             M3 :     286423 micron
	Layer             M4 :      88523 micron
	Layer             M5 :      96406 micron
	Layer             M6 :      86266 micron
	Layer             M7 :      57887 micron
	Layer             M8 :      45814 micron
	Layer             M9 :       1831 micron
	Layer           MRDL :          0 micron
	Via     VIA89_C(rot) :         96
	Via        VIA78SQ_C :       3357
	Via       VIA78BAR_C :          3
	Via    VIA78SQ_C_2x1 :         29
	Via        VIA67SQ_C :          8
	Via   VIA67SQ_C(rot) :       6704
	Via        VIA56SQ_C :      13913
	Via   VIA56SQ_C(rot) :          3
	Via        VIA45SQ_C :        886
	Via   VIA45SQ_C(rot) :      22049
	Via        VIA34SQ_C :      32915
	Via   VIA34SQ_C(rot) :        132
	Via        VIA23SQ_C :        836
	Via   VIA23SQ_C(rot) :     142739
	Via        VIA12SQ_C :     127126
	Via   VIA12SQ_C(rot) :       5832
	Via       VIA12BAR_C :         48
	Via    VIA12SQ_C_2x1 :         10

 
Redundant via conversion report:
--------------------------------

  Total optimized via conversion rate =  0.01% (39 / 356686 vias)
 
    Layer VIA1       =  0.01% (10     / 133016  vias)
        Weight 1     =  0.01% (10      vias)
        Un-optimized =  0.00% (0       vias)
        Un-mapped    = 99.99% (133006  vias)
    Layer VIA2       =  0.00% (0      / 143575  vias)
        Un-optimized =  0.00% (0       vias)
        Un-mapped    = 100.00% (143575  vias)
    Layer VIA3       =  0.00% (0      / 33047   vias)
        Un-optimized =  0.00% (0       vias)
        Un-mapped    = 100.00% (33047   vias)
    Layer VIA4       =  0.00% (0      / 22935   vias)
        Un-optimized =  0.00% (0       vias)
        Un-mapped    = 100.00% (22935   vias)
    Layer VIA5       =  0.00% (0      / 13916   vias)
        Un-optimized =  0.00% (0       vias)
        Un-mapped    = 100.00% (13916   vias)
    Layer VIA6       =  0.00% (0      / 6712    vias)
        Un-optimized =  0.00% (0       vias)
        Un-mapped    = 100.00% (6712    vias)
    Layer VIA7       =  0.86% (29     / 3389    vias)
        Weight 1     =  0.86% (29      vias)
        Un-optimized =  0.00% (0       vias)
        Un-mapped    = 99.14% (3360    vias)
    Layer VIA8       =  0.00% (0      / 96      vias)
        Un-optimized =  0.00% (0       vias)
        Un-mapped    = 100.00% (96      vias)
 
  Total double via conversion rate    =  0.01% (39 / 356686 vias)
 
    Layer VIA1       =  0.01% (10     / 133016  vias)
    Layer VIA2       =  0.00% (0      / 143575  vias)
    Layer VIA3       =  0.00% (0      / 33047   vias)
    Layer VIA4       =  0.00% (0      / 22935   vias)
    Layer VIA5       =  0.00% (0      / 13916   vias)
    Layer VIA6       =  0.00% (0      / 6712    vias)
    Layer VIA7       =  0.86% (29     / 3389    vias)
    Layer VIA8       =  0.00% (0      / 96      vias)
 
  The optimized via conversion rate based on total routed via count =  0.01% (39 / 356686 vias)
 
    Layer VIA1       =  0.01% (10     / 133016  vias)
        Weight 1     =  0.01% (10      vias)
        Un-optimized =  0.00% (0       vias)
        Un-mapped    = 99.99% (133006  vias)
    Layer VIA2       =  0.00% (0      / 143575  vias)
        Un-optimized =  0.00% (0       vias)
        Un-mapped    = 100.00% (143575  vias)
    Layer VIA3       =  0.00% (0      / 33047   vias)
        Un-optimized =  0.00% (0       vias)
        Un-mapped    = 100.00% (33047   vias)
    Layer VIA4       =  0.00% (0      / 22935   vias)
        Un-optimized =  0.00% (0       vias)
        Un-mapped    = 100.00% (22935   vias)
    Layer VIA5       =  0.00% (0      / 13916   vias)
        Un-optimized =  0.00% (0       vias)
        Un-mapped    = 100.00% (13916   vias)
    Layer VIA6       =  0.00% (0      / 6712    vias)
        Un-optimized =  0.00% (0       vias)
        Un-mapped    = 100.00% (6712    vias)
    Layer VIA7       =  0.86% (29     / 3389    vias)
        Weight 1     =  0.86% (29      vias)
        Un-optimized =  0.00% (0       vias)
        Un-mapped    = 99.14% (3360    vias)
    Layer VIA8       =  0.00% (0      / 96      vias)
        Un-optimized =  0.00% (0       vias)
        Un-mapped    = 100.00% (96      vias)
 

Total number of nets = 47509
0 open nets, of which 0 are frozen
Total number of excluded ports = 0 ports of 0 unplaced cells connected to 0 nets
                                 0 ports without pins of 0 cells connected to 0 nets
                                 0 ports of 0 cover cells connected to 0 non-pg nets
Total number of DRCs = 1
Total number of antenna violations = antenna checking not active
Information: Routes in non-preferred voltage areas = 0 (ZRT-559)

Topology ECO not run, no qualifying violations or in frozen nets.
Updating the database ...
Information: The net parasitics of block zigbee are cleared. (TIM-123)
Information: Freeing timing information from routing. (ZRT-574)
icc2_shell> Begin building search trees for block zigbee_F.dlib:zigbee_F_routing.design
Done building search trees for block zigbee_F.dlib:zigbee_F_routing.design (time 0s)
icc2_shell> check_ri[Koutes
Warning: Cell contains tie connections which are not connected to real PG. (ZRT-511)
Turn off antenna since no rule is specified
Cell Min-Routing-Layer = M2
Cell Max-Routing-Layer = M9
Warning: Cannot find a default contact code for layer CO. (ZRT-022)
rule clk_network_NDR_leaf equivalent to default rule
Warning: Ignore 2 top cell ports with no pins. (ZRT-027)
Info: number of net_type_blockage: 0 
soft rule ICC2_GENERATED_DEFAULT_SPACING_RULE_3_8_wire is redundant
soft rule LOPT_M3_M7_3_8_wire is redundant
soft rule LOPT_M6_M7_3_8_wire is redundant


Start checking for open nets ... 

Total number of nets = 47509, of which 0 are not extracted
Total number of open nets = 0, of which 0 are frozen

Check 47509 nets, 0 have Errors

[CHECK OPEN NETS] Elapsed real time: 0:00:00 
[CHECK OPEN NETS] Elapsed cpu  time: sys=0:00:00 usr=0:00:00 total=0:00:00
[CHECK OPEN NETS] Stage (MB): Used    0  Alloctr    0  Proc    0 
[CHECK OPEN NETS] Total (MB): Used  137  Alloctr  153  Proc 3651 
Printing options for 'route.common.*'
common.verbose_level                                    :	 0                   

Printing options for 'route.detail.*'
detail.antenna                                          :	 true                
detail.check_patchable_drc_from_fixed_shapes            :	 true                
detail.drc_convergence_effort_level                     :	 high                
detail.eco_max_number_of_iterations                     :	 60                  
detail.force_end_on_preferred_grid                      :	 true                
detail.timing_driven                                    :	 true                

Printing options for 'route.auto_via_ladder.*'


Begin full DRC check ...

Information: Using 12 threads for routing. (ZRT-444)
Checked	1/64 Partitions, Violations =	0
Checked	2/64 Partitions, Violations =	0
Checked	4/64 Partitions, Violations =	0
Checked	6/64 Partitions, Violations =	0
Checked	8/64 Partitions, Violations =	0
Checked	10/64 Partitions, Violations =	0
Checked	12/64 Partitions, Violations =	0
Checked	14/64 Partitions, Violations =	0
Checked	16/64 Partitions, Violations =	0
Checked	18/64 Partitions, Violations =	0
Checked	20/64 Partitions, Violations =	2
Checked	22/64 Partitions, Violations =	2
Checked	24/64 Partitions, Violations =	2
Checked	26/64 Partitions, Violations =	2
Checked	28/64 Partitions, Violations =	2
Checked	30/64 Partitions, Violations =	2
Checked	32/64 Partitions, Violations =	2
Checked	34/64 Partitions, Violations =	2
Checked	36/64 Partitions, Violations =	2
Checked	38/64 Partitions, Violations =	2
Checked	40/64 Partitions, Violations =	2
Checked	42/64 Partitions, Violations =	2
Checked	44/64 Partitions, Violations =	2
Checked	46/64 Partitions, Violations =	2
Checked	48/64 Partitions, Violations =	2
Checked	50/64 Partitions, Violations =	2
Checked	52/64 Partitions, Violations =	2
Checked	54/64 Partitions, Violations =	2
Checked	56/64 Partitions, Violations =	2
Checked	58/64 Partitions, Violations =	2
Checked	60/64 Partitions, Violations =	2
Checked	62/64 Partitions, Violations =	2
Checked	64/64 Partitions, Violations =	2
[DRC CHECK] Elapsed real time: 0:00:02 
[DRC CHECK] Elapsed cpu  time: sys=0:00:00 usr=0:00:23 total=0:00:23
[DRC CHECK] Stage (MB): Used    0  Alloctr    1  Proc    0 
[DRC CHECK] Total (MB): Used  159  Alloctr  173  Proc 3651 
Warning: No antenna rules defined, Skip antenna analysis. (ZRT-309)
Information: Merged away 1 aligned/redundant DRCs. (ZRT-305)

DRC-SUMMARY:
	@@@@@@@ TOTAL VIOLATIONS =	1
	Short : 1


Total Wire Length =                    890541 micron
Total Number of Contacts =             356686
Total Number of Wires =                297689
Total Number of PtConns =              77194
Total Number of Routed Wires =       297689
Total Routed Wire Length =           879011 micron
Total Number of Routed Contacts =       356686
	Layer             M1 :       4565 micron
	Layer             M2 :     222827 micron
	Layer             M3 :     286423 micron
	Layer             M4 :      88523 micron
	Layer             M5 :      96406 micron
	Layer             M6 :      86266 micron
	Layer             M7 :      57887 micron
	Layer             M8 :      45814 micron
	Layer             M9 :       1831 micron
	Layer           MRDL :          0 micron
	Via     VIA89_C(rot) :         96
	Via        VIA78SQ_C :       3357
	Via       VIA78BAR_C :          3
	Via    VIA78SQ_C_2x1 :         29
	Via        VIA67SQ_C :          8
	Via   VIA67SQ_C(rot) :       6704
	Via        VIA56SQ_C :      13913
	Via   VIA56SQ_C(rot) :          3
	Via        VIA45SQ_C :        886
	Via   VIA45SQ_C(rot) :      22049
	Via        VIA34SQ_C :      32915
	Via   VIA34SQ_C(rot) :        132
	Via        VIA23SQ_C :        836
	Via   VIA23SQ_C(rot) :     142739
	Via        VIA12SQ_C :     127126
	Via   VIA12SQ_C(rot) :       5832
	Via       VIA12BAR_C :         48
	Via    VIA12SQ_C_2x1 :         10

 
Redundant via conversion report:
--------------------------------

  Total optimized via conversion rate =  0.01% (39 / 356686 vias)
 
    Layer VIA1       =  0.01% (10     / 133016  vias)
        Weight 1     =  0.01% (10      vias)
        Un-optimized =  0.00% (0       vias)
        Un-mapped    = 99.99% (133006  vias)
    Layer VIA2       =  0.00% (0      / 143575  vias)
        Un-optimized =  0.00% (0       vias)
        Un-mapped    = 100.00% (143575  vias)
    Layer VIA3       =  0.00% (0      / 33047   vias)
        Un-optimized =  0.00% (0       vias)
        Un-mapped    = 100.00% (33047   vias)
    Layer VIA4       =  0.00% (0      / 22935   vias)
        Un-optimized =  0.00% (0       vias)
        Un-mapped    = 100.00% (22935   vias)
    Layer VIA5       =  0.00% (0      / 13916   vias)
        Un-optimized =  0.00% (0       vias)
        Un-mapped    = 100.00% (13916   vias)
    Layer VIA6       =  0.00% (0      / 6712    vias)
        Un-optimized =  0.00% (0       vias)
        Un-mapped    = 100.00% (6712    vias)
    Layer VIA7       =  0.86% (29     / 3389    vias)
        Weight 1     =  0.86% (29      vias)
        Un-optimized =  0.00% (0       vias)
        Un-mapped    = 99.14% (3360    vias)
    Layer VIA8       =  0.00% (0      / 96      vias)
        Un-optimized =  0.00% (0       vias)
        Un-mapped    = 100.00% (96      vias)
 
  Total double via conversion rate    =  0.01% (39 / 356686 vias)
 
    Layer VIA1       =  0.01% (10     / 133016  vias)
    Layer VIA2       =  0.00% (0      / 143575  vias)
    Layer VIA3       =  0.00% (0      / 33047   vias)
    Layer VIA4       =  0.00% (0      / 22935   vias)
    Layer VIA5       =  0.00% (0      / 13916   vias)
    Layer VIA6       =  0.00% (0      / 6712    vias)
    Layer VIA7       =  0.86% (29     / 3389    vias)
    Layer VIA8       =  0.00% (0      / 96      vias)
 
  The optimized via conversion rate based on total routed via count =  0.01% (39 / 356686 vias)
 
    Layer VIA1       =  0.01% (10     / 133016  vias)
        Weight 1     =  0.01% (10      vias)
        Un-optimized =  0.00% (0       vias)
        Un-mapped    = 99.99% (133006  vias)
    Layer VIA2       =  0.00% (0      / 143575  vias)
        Un-optimized =  0.00% (0       vias)
        Un-mapped    = 100.00% (143575  vias)
    Layer VIA3       =  0.00% (0      / 33047   vias)
        Un-optimized =  0.00% (0       vias)
        Un-mapped    = 100.00% (33047   vias)
    Layer VIA4       =  0.00% (0      / 22935   vias)
        Un-optimized =  0.00% (0       vias)
        Un-mapped    = 100.00% (22935   vias)
    Layer VIA5       =  0.00% (0      / 13916   vias)
        Un-optimized =  0.00% (0       vias)
        Un-mapped    = 100.00% (13916   vias)
    Layer VIA6       =  0.00% (0      / 6712    vias)
        Un-optimized =  0.00% (0       vias)
        Un-mapped    = 100.00% (6712    vias)
    Layer VIA7       =  0.86% (29     / 3389    vias)
        Weight 1     =  0.86% (29      vias)
        Un-optimized =  0.00% (0       vias)
        Un-mapped    = 99.14% (3360    vias)
    Layer VIA8       =  0.00% (0      / 96      vias)
        Un-optimized =  0.00% (0       vias)
        Un-mapped    = 100.00% (96      vias)
 


Verify Summary:

Total number of nets = 47509, of which 0 are not extracted
Total number of open nets = 0, of which 0 are frozen
Total number of excluded ports = 0 ports of 0 unplaced cells connected to 0 nets
                                 0 ports without pins of 0 cells connected to 0 nets
                                 0 ports of 0 cover cells connected to 0 non-pg nets
Total number of DRCs = 1
Total number of antenna violations = no antenna rules defined
Total number of tie to rail violations = not checked
Total number of tie to rail directly violations = not checked


icc2_shell> check_lvs
Information: Using 12 threads for LVS
[Check Net] Init	[Check Short] Stage 1	Elapsed =    0:00:00, CPU =    0:00:01
Elapsed =    0:00:00, CPU =    0:00:00
Warning: Port VSS have no valid pin shapes. Skip this port. (RT-203)
Warning: Port VDD have no valid pin shapes. Skip this port. (RT-203)
[Check Net] 10% 	Elapsed =    0:00:00, CPU =    0:00:02
[Check Short] Stage 1-2	Elapsed =    0:00:00, CPU =    0:00:03
[Check Net] 20% 	Elapsed =    0:00:00, CPU =    0:00:04
[Check Short] Stage 2	Elapsed =    0:00:00, CPU =    0:00:04
[Check Short] Stage 2-2	Elapsed =    0:00:01, CPU =    0:00:10
[Check Short] Stage 3	Elapsed =    0:00:01, CPU =    0:00:10
[Check Short] End	Elapsed =    0:00:01, CPU =    0:00:10
[Check Net] 30% 	Elapsed =    0:00:01, CPU =    0:00:10
[Check Net] 40% 	Elapsed =    0:00:01, CPU =    0:00:11
[Check Net] 50% 	Elapsed =    0:00:01, CPU =    0:00:11
[Check Net] 60% 	Elapsed =    0:00:01, CPU =    0:00:11
[Check Net] 70% 	Elapsed =    0:00:01, CPU =    0:00:12
[Check Net] 80% 	Elapsed =    0:00:01, CPU =    0:00:12
[Check Net] 90% 	Elapsed =    0:00:01, CPU =    0:00:12
[Check Net] All nets are submitted.
[Check Net] 100%	Elapsed =    0:00:01, CPU =    0:00:12
Information: Detected short violation. Net1: DQPSK_CSK/Imag_Sync_FIFO/PLACE_HFSNET_2275. Net2: VSS. BBox: (152.8520 426.2730)(152.9080 426.3830). Layer: M3. (RT-586)
Information: Detected short violation. Net1: DQPSK_CSK/Imag_Sync_FIFO/PLACE_HFSNET_2275. Net2: VSS. BBox: (152.8520 426.2980)(152.9080 426.3580). Layer: M3. (RT-586)

===============================================================
    Maximum number of violations is set to 20
    Abort checking when more than 20 violations are found
    All violations might not be found.
===============================================================
Total number of input nets is 47526.
Total number of short violations is 2.
Total number of open nets is 0.
Total number of floating route violations is 0.

Elapsed =    0:00:02, CPU =    0:00:13
1
icc2_shell> gui_show_error_data
icc2_shell> gui_mouse_tool -window [gui_get_current_window -types Layout -mru] -start MoveTool
icc2_shell> gui_mouse_tool -window [gui_get_current_window -types Layout -mru] -add_point {153.503 425.771} -scale 0.0048
icc2_shell> gui_mouse_tool -window [gui_get_current_window -types Layout -mru] -drag {{153.508 425.738} {153.787 425.738}} -scale 0.0048
icc2_shell> gui_mouse_tool -window [gui_get_current_window -types Layout -mru] -add_point {152.998 425.896} -scale 0.0048
icc2_shell> gui_set_mouse_tool_option -tool MoveTool -option {dragAngle} -value {Orthogonal}
icc2_shell> gui_set_mouse_tool_option -tool MoveTool -option {dragAngle} -value {Diagonal}
icc2_shell> gui_mouse_tool -window [gui_get_current_window -types Layout -mru] -abort
icc2_shell> gui_mouse_tool -window [gui_get_current_window -types Layout -mru] -start MoveTool
icc2_shell> gui_mouse_tool -window [gui_get_current_window -types Layout -mru] -add_point {125.535 425.758} -scale 0.0192
icc2_shell> gui_mouse_tool -window [gui_get_current_window -types Layout -mru] -add_point {125.131 425.758} -scale 0.0192
icc2_shell> gui_mouse_tool -window [gui_get_current_window -types Layout -mru] -add_point {129.629 425.508} -scale 0.0192
icc2_shell> gui_mouse_tool -window [gui_get_current_window -types Layout -mru] -add_point {128.168 425.527} -scale 0.0192
icc2_shell> gui_mouse_tool -window [gui_get_current_window -types Layout -mru] -add_point {133.722 425.412} -scale 0.0192
icc2_shell> gui_mouse_tool -window [gui_get_current_window -types Layout -mru] -add_point {132.415 425.392} -scale 0.0192
icc2_shell> gui_mouse_tool -window [gui_get_current_window -types Layout -mru] -add_point {135.183 425.316} -scale 0.0192
icc2_shell> gui_mouse_tool -window [gui_get_current_window -types Layout -mru] -add_point {134.222 425.316} -scale 0.0192
icc2_shell> gui_mouse_tool -window [gui_get_current_window -types Layout -mru] -add_point {135.817 425.316} -scale 0.0192
icc2_shell> gui_mouse_tool -window [gui_get_current_window -types Layout -mru] -add_point {135.144 425.239} -scale 0.0192
icc2_shell> gui_mouse_tool -window [gui_get_current_window -types Layout -mru] -add_point {137.239 425.219} -scale 0.0192
icc2_shell> gui_mouse_tool -window [gui_get_current_window -types Layout -mru] -add_point {136.797 425.066} -scale 0.0192
icc2_shell> gui_mouse_tool -window [gui_get_current_window -types Layout -mru] -add_point {138.200 424.970} -scale 0.0192
icc2_shell> gui_mouse_tool -window [gui_get_current_window -types Layout -mru] -add_point {137.796 424.970} -scale 0.0192
icc2_shell> gui_mouse_tool -window [gui_get_current_window -types Layout -mru] -add_point {125.189 425.796} -scale 0.0192
icc2_shell> gui_mouse_tool -window [gui_get_current_window -types Layout -mru] -add_point {123.190 425.758} -scale 0.0192
icc2_shell> gui_mouse_tool -window [gui_get_current_window -types Layout -mru] -add_point {128.014 425.450} -scale 0.0192
icc2_shell> gui_mouse_tool -window [gui_get_current_window -types Layout -mru] -add_point {126.035 425.277} -scale 0.0192
icc2_shell> gui_mouse_tool -window [gui_get_current_window -types Layout -mru] -add_point {132.703 425.219} -scale 0.0192
icc2_shell> gui_mouse_tool -window [gui_get_current_window -types Layout -mru] -add_point {130.474 425.219} -scale 0.0192
icc2_shell> gui_mouse_tool -window [gui_get_current_window -types Layout -mru] -add_point {134.145 425.104} -scale 0.0192
icc2_shell> gui_mouse_tool -window [gui_get_current_window -types Layout -mru] -add_point {131.550 425.143} -scale 0.0192
icc2_shell> gui_mouse_tool -window [gui_get_current_window -types Layout -mru] -add_point {135.144 425.047} -scale 0.0192
icc2_shell> gui_mouse_tool -window [gui_get_current_window -types Layout -mru] -add_point {132.165 425.123} -scale 0.0192
icc2_shell> gui_mouse_tool -window [gui_get_current_window -types Layout -mru] -add_point {136.778 425.085} -scale 0.0192
icc2_shell> gui_mouse_tool -window [gui_get_current_window -types Layout -mru] -add_point {133.511 425.239} -scale 0.0192
icc2_shell> gui_mouse_tool -window [gui_get_current_window -types Layout -mru] -add_point {138.392 425.277} -scale 0.0192
icc2_shell> gui_mouse_tool -window [gui_get_current_window -types Layout -mru] -add_point {134.741 425.277} -scale 0.0192
icc2_shell> gui_set_mouse_tool_option -tool MoveTool -option {dragAngle} -value {Orthogonal}
icc2_shell> gui_set_mouse_tool_option -tool MoveTool -option {dragAngle} -value {Diagonal}
icc2_shell> gui_mouse_tool -window [gui_get_current_window -types Layout -mru] -add_point {140.352 426.891} -scale 0.0192
icc2_shell> gui_mouse_tool -window [gui_get_current_window -types Layout -mru] -add_point {138.431 425.450} -scale 0.0192
icc2_shell> gui_mouse_tool -window [gui_get_current_window -types Layout -mru] -add_point {140.910 425.277} -scale 0.0192
icc2_shell> gui_mouse_tool -window [gui_get_current_window -types Layout -mru] -add_point {139.199 426.795} -scale 0.0192
icc2_shell> gui_mouse_tool -window [gui_get_current_window -types Layout -mru] -add_point {145.234 425.316} -scale 0.0192
icc2_shell> gui_mouse_tool -window [gui_get_current_window -types Layout -mru] -add_point {141.486 425.450} -scale 0.0192
icc2_shell> gui_mouse_tool -window [gui_get_current_window -types Layout -mru] -add_point {149.981 425.143} -scale 0.0192
icc2_shell> gui_mouse_tool -window [gui_get_current_window -types Layout -mru] -add_point {146.349 425.277} -scale 0.0192
icc2_shell> gui_mouse_tool -window [gui_get_current_window -types Layout -mru] -add_point {153.728 425.604} -scale 0.0192
icc2_shell> gui_mouse_tool -window [gui_get_current_window -types Layout -mru] -add_point {151.211 425.623} -scale 0.0192
icc2_shell> gui_mouse_tool -window [gui_get_current_window -types Layout -mru] -add_point {154.305 425.431} -scale 0.0192
icc2_shell> gui_mouse_tool -window [gui_get_current_window -types Layout -mru] -add_point {153.363 425.412} -scale 0.0192
icc2_shell> gui_mouse_tool -window [gui_get_current_window -types Layout -mru] -add_point {153.690 425.200} -scale 0.0192
icc2_shell> gui_mouse_tool -window [gui_get_current_window -types Layout -mru] -add_point {152.979 425.200} -scale 0.0192
icc2_shell> gui_mouse_tool -window [gui_get_current_window -types Layout -mru] -add_point {155.016 425.162} -scale 0.0192
icc2_shell> gui_mouse_tool -window [gui_get_current_window -types Layout -mru] -add_point {154.113 425.162} -scale 0.0192
icc2_shell> leg
legalize_placement legalize_rp_groups 
icc2_shell> legalize_gui_mouse_tool -window [gui_get_current_window -types Layout -mru] -abort
icc2_shell> lega[K[K[K[K[K[K[K[K[K[K[K[K[Kll[K[Klegal
legalize_placement legalize_rp_groups 
icc2_shell> legalize_placement -incremental 
./                                      check_design2026Sep12175919.log         
../                                     check_design2026Sep12180616.log         
analyze_design_violations.max_trans.txt check_design2026Sep20221257.log         
check_design.ems                        check_design2026Sep21022643.log         
check_design2026Sep11234724.log         check_design2026Sep21045619.log         
check_design2026Sep12022245.log         icc2_command.log                        
check_design2026Sep12070336.log         icc2_output.txt                         
check_design2026Sep12070613.log         run.sh                                  
check_design2026Sep12070658.log         
icc2_shell> legalize_placement -incremental 
----------------------------------------------------------------
running legalize_placement
nplDplc2Placer::setParam(effort,1)
nplDplc2Placer::setParam(debug,0)
nplDplc2Placer::setParam(site_check,2)
nplDplc2Placer::setParam(app_firm_wgt,0)

Running Advanced Legalizer....
INFO: Setting bounds and VA...
INFO: Setting up voltage area DEFAULT_VA
INFO: Setting up cell instances...
INFO: All fillers in the reference libraries will be considered during legalization/check legality
Information: Initializing site map 'unit' at {10 10} {522.24 521.632}.
INFO: Init siteMap unit with 3370 sites x 306 rows
Adding rule engine Basic Rules version 1.0.0...
Adding rule engine VT Implant Rules version 1.0.0...
Adding rule engine OD Rules version 1.0.0...
Adding rule engine TPO Rules version 1.0.0...
Adding rule engine Pin Access Rules version 1.0.0...
Adding rule engine Span Rules version 1.0.0...
Adding rule engine Index Rules version 1.0.0...
Adding rule engine Color Rules version 1.0.0...
Adding rule engine Inbound (PPNN) Rules version 1.0.0...
Adding rule engine PG DRC/VINS Rules version 1.0.0...
Adding rule engine Exp Rules version 1.0.0...
Adding rule engine N5 Soft Rules version 1.0.0...
2D rule auto detection will enable the following rules:
spacing_rule
pg_drc
INFO: Initializing CTS constraints...
WARNING: No via0 alignment grid is specified, via0 alignment rule will be ignored
WARNING: Please check place.legalize.via0_alignment_grid_name
Constructing pin color alignment legality info...
Initializing PG drc check engine...
Expand check halo by 0.1520 x 0.1520
Scanning PG objects...
PG hash cached 2 nets; 11 viaBoxes; 0 viaMatrices.
PG scanned 280 objects; 79325 vias; 0 staples.
PG scan complete.  Hash key = eb822d0a7a433e8c
Reading PG structure for 'zigbee_F.dlib:zigbee_F_routing.design'
Layer M1: read 0 secDefs  0 sectors
Layer M2: read 6 secDefs  31776 sectors
Layer M3: read 6 secDefs  31776 sectors
Layer M4: read 6 secDefs  31776 sectors
Layer M5: read 6 secDefs  31776 sectors
Layer M6: read 6 secDefs  31776 sectors
Layer M7: read 6 secDefs  31776 sectors
Layer M8: read 12 secDefs  21253 sectors
Layer M9: read 23 secDefs  4969 sectors
Layer MRDL: read 0 secDefs  0 sectors

Sector Array Stats:
Num Sectors: 216878
Num SecDefs:    71
Shared: 63 count; 3442.4 ave; 5390 max
SecDef Shapes: 51 Below-aligned, 0 Above-aligned, 12 Horizontal, 8 Vertical
Referenced Patterns: 4 count; 2.0 ave; 2 max

Place Cache read: 46897 elements -- 8 drcFail 46889 drcOk
Place Cache read: 99 libcells referenced from 2 libs
Place Cache read: used 6 of 71 total secDefs
Access Cache read: 48824 elements -- 3509 drcFail 45315 drcOk
Access Cache read: 130 libcells referenced from 3 libs
Access Cache read: used 6 of 71 total secDefs
Connection checks for layer M2: blocked_pin pin_access_default track_drc pin_extend0
Connection checks for layer M3: blocked_pin pin_access_default track_drc pin_extend1
Connection checks for layer M4: blocked_pin pin_access_default track_drc pin_extend1
Connection checks for layer M5: blocked_pin pin_access_default track_drc pin_extend1
INFO: Extracting M1 PG straps
INFO: Constructing BlkInst pin extension data for fast PG check
INFO: Constructing PG-Via/VIB/VINS layer info (VIA1/M2)...
INFO: PG-Via Abut check extension is 0
INFO: VIB check extension is 0
INFO: VINS check extension is 0
INFO: PG-Via(pg_via_abut) design rule for layer VIA1 and VIA1 not found
INFO: VIB(vib_abut) design rule for layer M2 and VIA1 not found
INFO: VINS(vins_abut) design rule for layer M2 and VIA1 not found
INFO: Enabling hard placement rule spacing_rule...
INFO: Enabling hard placement rule pg_drc...
INFO: Timing cost factor is 0
Information: Legalizing 45608 moveable cells.
..
Legalization progress 5%...
Legalization progress 10%...
Legalization progress 15%...
Legalization progress 20%...
Legalization progress 25%...
Legalization progress 30%...
Legalization progress 35%...
Legalization progress 40%...
Legalization progress 45%...
Legalization progress 50%...
Legalization progress 55%...
Legalization progress 60%...
Legalization progress 65%...
Legalization progress 70%...
Legalization progress 75%...
Legalization progress 80%...
Legalization progress 85%...
Legalization progress 90%...
Legalization progress 95%...
Legalization progress 100%.
10 references with the lowest legality passing rate:
AO22X1_HVT: 99.7% (5650 / 5665)
AND2X1_HVT: 100.0% (534 / 534)
AND2X1_LVT: 100.0% (11 / 11)
AND2X2_HVT: 100.0% (2 / 2)
AND2X4_HVT: 100.0% (2 / 2)
AND2X4_LVT: 100.0% (1 / 1)
AND3X1_HVT: 100.0% (109 / 109)
AND3X1_LVT: 100.0% (1 / 1)
AND3X1_RVT: 100.0% (2 / 2)
AND3X4_HVT: 100.0% (1 / 1)
================ Displacement Report =================
Area: placed=855719, unplaced=0, fixed=11340, blocked=0, total=1031220
Density = 867059/1031220 sites = 84.08%
Inbound cells: 0; 2-row cells: 0; >2-row cells: 0
    Total cell instance count: 47293 (45608 placed, 0 unplaced, 1685 fixed)
        Number of cells moved: 7 (0.01%)
    Average cell displacement: 0.0001 um (AW: 0.0001 um = 0.0000 rh)
        RMS cell displacement: 0.0100 um (AW: 0.0070 um = 0.0042 rh)
        Max cell displacement: 1.7791 um = 1.0641 rh
           Max displaced cell: DQPSK_CSK/Imag_Sync_FIFO/U1363 (122.328 426.328)
Number of large displacements: 0
 Large displacement threshold: 3.0000 rh
======================================================
Place Cache save: 46898 elements -- 8 drcFail 46890 drcOk
Place Cache save: 99 libcells referenced from 2 libs
Place Cache save: used 6 of 71 total secDefs
Access Cache save: 48826 elements -- 3509 drcFail 45317 drcOk
Access Cache save: 130 libcells referenced from 3 libs
Access Cache save: used 6 of 71 total secDefs
NPLDRC Place Cache: unique cache elements 46898
NPLDRC Place Cache: read cache elements 46897
NPLDRC Place Cache: hit rate 100.0%  (1 / 29796)
NPLDRC Access Cache: unique cache elements 48826
NPLDRC Access Cache: read cache elements 48824
NPLDRC Access Cache: hit rate 100.0%  (2 / 29984)
NPLDRC Pin Status Cache: no calls
NPLDRC Multi Cell Cache: no calls
NPLDRC ViaLadder Cache: no calls
Legalization succeeded.
Total Legalizer CPU: 1.631
----------------------------------------------------------------
1
icc2_shell> route_detail -incremental true
Generating Timing information  
Information: The stitching and editing of coupling caps is turned ON for design 'zigbee_F.dlib:zigbee_F_routing.design'. (TIM-125)
Information: Design zigbee_F_routing has 47509 nets, 0 global routed, 47507 detail routed. (NEX-024)
Information: The RC mode used is DR for design 'zigbee'. (NEX-022)
---extraction options---
Corner: default
 late_cap_scale                : 1
 late_res_scale                : 1
 late_ccap_scale               : 1
 early_cap_scale               : 1
 early_res_scale               : 1
 early_ccap_scale              : 1
Global options:
 late_ccap_threshold       : 0.003pf
 late_ccap_ratio           : 0.03
 reference_direction       : use_from_tluplus
 real_metalfill_extraction : none
 virtual_shield_extraction : true
---app options---
 host.max_cores                   : 12
 extract.connect_open           : true
 extract.incremental_extraction : true
 extract.enable_coupling_cap    : true
Extracting design: zigbee_F_routing 
Information: coupling capacitance is created explicitly. (NEX-029)
Information: 47507 nets are successfully extracted. (NEX-028)
Information: Advanced receiver model has not been enabled for detailed routed design. (TIM-204)
Information: Update timing completed net estimation for all the timing graph nets (TIM-111)
Information: Net estimation statistics: timing graph nets = 47507, routed nets = 47507, across physical hierarchy nets = 0, parasitics cached nets = 47507, delay annotated nets = 0, parasitics annotated nets = 0, multi-voltage nets = 0. (TIM-112)
Design  Scenario default (Mode default Corner default)
Estimated unitRes/unitCap :
Layer M1 : Res  2 ohm/um Cap  0.149907 ff/um
Layer M2 : Res  1.78571 ohm/um Cap  0.152807 ff/um
Layer M3 : Res  1.78571 ohm/um Cap  0.10377 ff/um
Layer M4 : Res  1.78571 ohm/um Cap  0.10376 ff/um
Layer M5 : Res  0.357143 ohm/um Cap  0.090434 ff/um
Layer M6 : Res  0.357143 ohm/um Cap  0.0904285 ff/um
Layer M7 : Res  0.0892857 ohm/um Cap  0.0888719 ff/um
Layer M8 : Res  0.0892857 ohm/um Cap  0.0880677 ff/um
Layer M9 : Res  0.0125 ohm/um Cap  0.102767 ff/um
Layer MRDL : Res  0.175 ohm/um Cap  0.107256 ff/um
Generating Timing information  ... Done
Information: The net parasitics of block zigbee are cleared. (TIM-123)
Warning: Cell contains tie connections which are not connected to real PG. (ZRT-511)
Turn off antenna since no rule is specified
Cell Min-Routing-Layer = M2
Cell Max-Routing-Layer = M9
Warning: Cannot find a default contact code for layer CO. (ZRT-022)
rule clk_network_NDR_leaf equivalent to default rule
Warning: Ignore 2 top cell ports with no pins. (ZRT-027)
Info: number of net_type_blockage: 0 
soft rule ICC2_GENERATED_DEFAULT_SPACING_RULE_3_8_wire is redundant
soft rule LOPT_M3_M7_3_8_wire is redundant
soft rule LOPT_M6_M7_3_8_wire is redundant
Printing options for 'route.common.*'
common.verbose_level                                    :	 0                   

Printing options for 'route.detail.*'
detail.antenna                                          :	 true                
detail.check_patchable_drc_from_fixed_shapes            :	 true                
detail.drc_convergence_effort_level                     :	 high                
detail.eco_max_number_of_iterations                     :	 60                  
detail.force_end_on_preferred_grid                      :	 true                
detail.timing_driven                                    :	 true                

Printing options for 'route.auto_via_ladder.*'


Begin full DRC check ...

Information: Using 12 threads for routing. (ZRT-444)
Checked	1/64 Partitions, Violations =	0
Checked	2/64 Partitions, Violations =	0
Checked	4/64 Partitions, Violations =	0
Checked	6/64 Partitions, Violations =	0
Checked	8/64 Partitions, Violations =	0
Checked	10/64 Partitions, Violations =	0
Checked	12/64 Partitions, Violations =	0
Checked	14/64 Partitions, Violations =	0
Checked	16/64 Partitions, Violations =	0
Checked	18/64 Partitions, Violations =	0
Checked	20/64 Partitions, Violations =	82
Checked	22/64 Partitions, Violations =	82
Checked	24/64 Partitions, Violations =	82
Checked	26/64 Partitions, Violations =	82
Checked	28/64 Partitions, Violations =	82
Checked	30/64 Partitions, Violations =	82
Checked	32/64 Partitions, Violations =	82
Checked	34/64 Partitions, Violations =	82
Checked	36/64 Partitions, Violations =	82
Checked	38/64 Partitions, Violations =	82
Checked	40/64 Partitions, Violations =	82
Checked	42/64 Partitions, Violations =	82
Checked	44/64 Partitions, Violations =	82
Checked	46/64 Partitions, Violations =	82
Checked	48/64 Partitions, Violations =	82
Checked	50/64 Partitions, Violations =	82
Checked	52/64 Partitions, Violations =	82
Checked	54/64 Partitions, Violations =	82
Checked	56/64 Partitions, Violations =	82
Checked	58/64 Partitions, Violations =	82
Checked	60/64 Partitions, Violations =	82
Checked	62/64 Partitions, Violations =	82
Checked	64/64 Partitions, Violations =	144
[DRC CHECK] Elapsed real time: 0:00:02 
[DRC CHECK] Elapsed cpu  time: sys=0:00:00 usr=0:00:24 total=0:00:24
[DRC CHECK] Stage (MB): Used    0  Alloctr    1  Proc    0 
[DRC CHECK] Total (MB): Used  159  Alloctr  173  Proc 3651 
Loading timing information to the router from design
Timing information loaded to the router.
Printing options for 'route.common.*'
common.verbose_level                                    :	 0                   

Printing options for 'route.detail.*'
detail.antenna                                          :	 true                
detail.check_patchable_drc_from_fixed_shapes            :	 true                
detail.drc_convergence_effort_level                     :	 high                
detail.eco_max_number_of_iterations                     :	 60                  
detail.force_end_on_preferred_grid                      :	 true                
detail.timing_driven                                    :	 true                

Printing options for 'route.auto_via_ladder.*'

Information: RC layer preference is turned on for this design. (ZRT-613)
[Dr init] Elapsed real time: 0:00:04 
[Dr init] Elapsed cpu  time: sys=0:00:01 usr=0:00:32 total=0:00:34
[Dr init] Stage (MB): Used  156  Alloctr  169  Proc    0 
[Dr init] Total (MB): Used  157  Alloctr  172  Proc 3651 
Total number of nets = 47509, of which 0 are not extracted
Total number of open nets = 39, of which 0 are frozen
Information: Using 12 threads for routing. (ZRT-444)
Routing in incremental mode, starting from iteration 65

Start DR iteration 65: non-uniform partition
Routed	1/4 Partitions, Violations =	65
Routed	2/4 Partitions, Violations =	22
Routed	3/4 Partitions, Violations =	24
Routed	4/4 Partitions, Violations =	21

DRC-SUMMARY:
	@@@@@@@ TOTAL VIOLATIONS =	21
	Less than minimum area : 10
	Internal-only types : 11

[Iter 65] Elapsed real time: 0:00:04 
[Iter 65] Elapsed cpu  time: sys=0:00:01 usr=0:00:33 total=0:00:35
[Iter 65] Stage (MB): Used  165  Alloctr  178  Proc    0 
[Iter 65] Total (MB): Used  166  Alloctr  181  Proc 3651 

End DR iteration 65 with 4 parts

Start DR iteration 66: non-uniform partition
Routed	1/2 Partitions, Violations =	18
Routed	2/2 Partitions, Violations =	11

DRC-SUMMARY:
	@@@@@@@ TOTAL VIOLATIONS =	11
	Less than minimum area : 4
	Internal-only types : 7

[Iter 66] Elapsed real time: 0:00:04 
[Iter 66] Elapsed cpu  time: sys=0:00:01 usr=0:00:34 total=0:00:36
[Iter 66] Stage (MB): Used  165  Alloctr  178  Proc    0 
[Iter 66] Total (MB): Used  166  Alloctr  181  Proc 3651 

End DR iteration 66 with 2 parts

Start DR iteration 67: non-uniform partition
Routed	1/4 Partitions, Violations =	13
Routed	2/4 Partitions, Violations =	14
Routed	3/4 Partitions, Violations =	13
Routed	4/4 Partitions, Violations =	11

DRC-SUMMARY:
	@@@@@@@ TOTAL VIOLATIONS =	11
	Less than minimum area : 3
	Internal-only types : 8

[Iter 67] Elapsed real time: 0:00:04 
[Iter 67] Elapsed cpu  time: sys=0:00:01 usr=0:00:35 total=0:00:37
[Iter 67] Stage (MB): Used  165  Alloctr  178  Proc    0 
[Iter 67] Total (MB): Used  166  Alloctr  181  Proc 3651 

End DR iteration 67 with 4 parts

Start DR iteration 68: non-uniform partition
Routed	1/3 Partitions, Violations =	10
Routed	2/3 Partitions, Violations =	11
Routed	3/3 Partitions, Violations =	9

DRC-SUMMARY:
	@@@@@@@ TOTAL VIOLATIONS =	9
	Less than minimum area : 4
	Internal-only types : 5

[Iter 68] Elapsed real time: 0:00:05 
[Iter 68] Elapsed cpu  time: sys=0:00:01 usr=0:00:36 total=0:00:38
[Iter 68] Stage (MB): Used  165  Alloctr  178  Proc    0 
[Iter 68] Total (MB): Used  166  Alloctr  181  Proc 3651 

End DR iteration 68 with 3 parts

Start DR iteration 69: non-uniform partition
Routed	1/3 Partitions, Violations =	6
Routed	2/3 Partitions, Violations =	7
Routed	3/3 Partitions, Violations =	7

DRC-SUMMARY:
	@@@@@@@ TOTAL VIOLATIONS =	7
	Less than minimum area : 4
	Internal-only types : 3

[Iter 69] Elapsed real time: 0:00:05 
[Iter 69] Elapsed cpu  time: sys=0:00:01 usr=0:00:38 total=0:00:39
[Iter 69] Stage (MB): Used  165  Alloctr  178  Proc    0 
[Iter 69] Total (MB): Used  166  Alloctr  181  Proc 3651 

End DR iteration 69 with 3 parts

Start DR iteration 70: non-uniform partition
Routed	1/5 Partitions, Violations =	7
Routed	2/5 Partitions, Violations =	7
Routed	3/5 Partitions, Violations =	8
Routed	4/5 Partitions, Violations =	7
Routed	5/5 Partitions, Violations =	6

DRC-SUMMARY:
	@@@@@@@ TOTAL VIOLATIONS =	6
	Less than minimum area : 4
	Internal-only types : 2

[Iter 70] Elapsed real time: 0:00:05 
[Iter 70] Elapsed cpu  time: sys=0:00:01 usr=0:00:39 total=0:00:41
[Iter 70] Stage (MB): Used  165  Alloctr  178  Proc    0 
[Iter 70] Total (MB): Used  166  Alloctr  181  Proc 3651 

End DR iteration 70 with 5 parts

Start DR iteration 71: non-uniform partition
Routed	1/4 Partitions, Violations =	7
Routed	2/4 Partitions, Violations =	6
Routed	3/4 Partitions, Violations =	7
Routed	4/4 Partitions, Violations =	5

DRC-SUMMARY:
	@@@@@@@ TOTAL VIOLATIONS =	5
	Less than minimum area : 4
	Internal-only types : 1

[Iter 71] Elapsed real time: 0:00:05 
[Iter 71] Elapsed cpu  time: sys=0:00:02 usr=0:00:39 total=0:00:41
[Iter 71] Stage (MB): Used  165  Alloctr  178  Proc    0 
[Iter 71] Total (MB): Used  166  Alloctr  181  Proc 3651 

End DR iteration 71 with 4 parts

Start DR iteration 72: non-uniform partition
Routed	1/3 Partitions, Violations =	6
Routed	2/3 Partitions, Violations =	5
Routed	3/3 Partitions, Violations =	6

DRC-SUMMARY:
	@@@@@@@ TOTAL VIOLATIONS =	6
	Less than minimum area : 4
	Internal-only types : 2

[Iter 72] Elapsed real time: 0:00:05 
[Iter 72] Elapsed cpu  time: sys=0:00:02 usr=0:00:40 total=0:00:42
[Iter 72] Stage (MB): Used  165  Alloctr  178  Proc    0 
[Iter 72] Total (MB): Used  166  Alloctr  181  Proc 3651 

End DR iteration 72 with 3 parts

Start DR iteration 73: non-uniform partition
Routed	1/5 Partitions, Violations =	7
Routed	2/5 Partitions, Violations =	7
Routed	3/5 Partitions, Violations =	7
Routed	4/5 Partitions, Violations =	6
Routed	5/5 Partitions, Violations =	4

DRC-SUMMARY:
	@@@@@@@ TOTAL VIOLATIONS =	4
	Less than minimum area : 4

[Iter 73] Elapsed real time: 0:00:06 
[Iter 73] Elapsed cpu  time: sys=0:00:02 usr=0:00:41 total=0:00:43
[Iter 73] Stage (MB): Used  165  Alloctr  178  Proc    0 
[Iter 73] Total (MB): Used  166  Alloctr  181  Proc 3651 

End DR iteration 73 with 5 parts

Start DR iteration 74: non-uniform partition
Routed	1/3 Partitions, Violations =	5
Routed	2/3 Partitions, Violations =	5
Routed	3/3 Partitions, Violations =	6

DRC-SUMMARY:
	@@@@@@@ TOTAL VIOLATIONS =	6
	Less than minimum area : 4
	Internal-only types : 2

[Iter 74] Elapsed real time: 0:00:06 
[Iter 74] Elapsed cpu  time: sys=0:00:02 usr=0:00:42 total=0:00:44
[Iter 74] Stage (MB): Used  165  Alloctr  178  Proc    0 
[Iter 74] Total (MB): Used  166  Alloctr  181  Proc 3651 

End DR iteration 74 with 3 parts

Start DR iteration 75: non-uniform partition
Routed	1/4 Partitions, Violations =	7
Routed	2/4 Partitions, Violations =	6
Routed	3/4 Partitions, Violations =	7
Routed	4/4 Partitions, Violations =	5

DRC-SUMMARY:
	@@@@@@@ TOTAL VIOLATIONS =	5
	Less than minimum area : 4
	Internal-only types : 1

[Iter 75] Elapsed real time: 0:00:06 
[Iter 75] Elapsed cpu  time: sys=0:00:02 usr=0:00:43 total=0:00:45
[Iter 75] Stage (MB): Used  165  Alloctr  178  Proc    0 
[Iter 75] Total (MB): Used  166  Alloctr  181  Proc 3651 

End DR iteration 75 with 4 parts

Start DR iteration 76: non-uniform partition
Routed	1/4 Partitions, Violations =	6
Routed	2/4 Partitions, Violations =	7
Routed	3/4 Partitions, Violations =	5
Routed	4/4 Partitions, Violations =	6

DRC-SUMMARY:
	@@@@@@@ TOTAL VIOLATIONS =	6
	Less than minimum area : 4
	Internal-only types : 2

[Iter 76] Elapsed real time: 0:00:06 
[Iter 76] Elapsed cpu  time: sys=0:00:02 usr=0:00:44 total=0:00:46
[Iter 76] Stage (MB): Used  165  Alloctr  178  Proc    0 
[Iter 76] Total (MB): Used  166  Alloctr  181  Proc 3651 

End DR iteration 76 with 4 parts

Start DR iteration 77: non-uniform partition
Routed	1/4 Partitions, Violations =	6
Routed	2/4 Partitions, Violations =	6
Routed	3/4 Partitions, Violations =	6
Routed	4/4 Partitions, Violations =	5

DRC-SUMMARY:
	@@@@@@@ TOTAL VIOLATIONS =	5
	Less than minimum area : 3
	Internal-only types : 2

[Iter 77] Elapsed real time: 0:00:06 
[Iter 77] Elapsed cpu  time: sys=0:00:02 usr=0:00:44 total=0:00:47
[Iter 77] Stage (MB): Used  165  Alloctr  178  Proc    0 
[Iter 77] Total (MB): Used  166  Alloctr  181  Proc 3651 

End DR iteration 77 with 4 parts

Stop DR since not converging

Information: Detail Routing terminated early because DRCs were not converging: true (ZRT-312)
Information: Discarded 2 drcs of internal-only type. (ZRT-306)
[DR] Elapsed real time: 0:00:06 
[DR] Elapsed cpu  time: sys=0:00:02 usr=0:00:44 total=0:00:47
[DR] Stage (MB): Used  149  Alloctr  162  Proc    0 
[DR] Total (MB): Used  150  Alloctr  165  Proc 3651 
[DR: Done] Elapsed real time: 0:00:06 
[DR: Done] Elapsed cpu  time: sys=0:00:02 usr=0:00:44 total=0:00:47
[DR: Done] Stage (MB): Used  149  Alloctr  162  Proc    0 
[DR: Done] Total (MB): Used  150  Alloctr  165  Proc 3651 

DR finished with 39 open nets, of which 0 are frozen

DR finished with 3 violations

DRC-SUMMARY:
	@@@@@@@ TOTAL VIOLATIONS =	3
	Less than minimum area : 3



Total Wire Length =                    890314 micron
Total Number of Contacts =             356550
Total Number of Wires =                295113
Total Number of PtConns =              77165
Total Number of Routed Wires =       295113
Total Routed Wire Length =           878789 micron
Total Number of Routed Contacts =       356550
	Layer             M1 :       4562 micron
	Layer             M2 :     222762 micron
	Layer             M3 :     286299 micron
	Layer             M4 :      88518 micron
	Layer             M5 :      96377 micron
	Layer             M6 :      86264 micron
	Layer             M7 :      57887 micron
	Layer             M8 :      45814 micron
	Layer             M9 :       1831 micron
	Layer           MRDL :          0 micron
	Via     VIA89_C(rot) :         96
	Via        VIA78SQ_C :       3357
	Via       VIA78BAR_C :          3
	Via    VIA78SQ_C_2x1 :         29
	Via        VIA67SQ_C :          8
	Via   VIA67SQ_C(rot) :       6704
	Via        VIA56SQ_C :      13910
	Via   VIA56SQ_C(rot) :          3
	Via        VIA45SQ_C :        886
	Via   VIA45SQ_C(rot) :      22043
	Via        VIA34SQ_C :      32909
	Via   VIA34SQ_C(rot) :        132
	Via        VIA23SQ_C :        836
	Via   VIA23SQ_C(rot) :     142677
	Via        VIA12SQ_C :     127070
	Via   VIA12SQ_C(rot) :       5829
	Via       VIA12BAR_C :         48
	Via    VIA12SQ_C_2x1 :         10

 
Redundant via conversion report:
--------------------------------

  Total optimized via conversion rate =  0.01% (39 / 356550 vias)
 
    Layer VIA1       =  0.01% (10     / 132957  vias)
        Weight 1     =  0.01% (10      vias)
        Un-optimized =  0.00% (0       vias)
        Un-mapped    = 99.99% (132947  vias)
    Layer VIA2       =  0.00% (0      / 143513  vias)
        Un-optimized =  0.00% (0       vias)
        Un-mapped    = 100.00% (143513  vias)
    Layer VIA3       =  0.00% (0      / 33041   vias)
        Un-optimized =  0.00% (0       vias)
        Un-mapped    = 100.00% (33041   vias)
    Layer VIA4       =  0.00% (0      / 22929   vias)
        Un-optimized =  0.00% (0       vias)
        Un-mapped    = 100.00% (22929   vias)
    Layer VIA5       =  0.00% (0      / 13913   vias)
        Un-optimized =  0.00% (0       vias)
        Un-mapped    = 100.00% (13913   vias)
    Layer VIA6       =  0.00% (0      / 6712    vias)
        Un-optimized =  0.00% (0       vias)
        Un-mapped    = 100.00% (6712    vias)
    Layer VIA7       =  0.86% (29     / 3389    vias)
        Weight 1     =  0.86% (29      vias)
        Un-optimized =  0.00% (0       vias)
        Un-mapped    = 99.14% (3360    vias)
    Layer VIA8       =  0.00% (0      / 96      vias)
        Un-optimized =  0.00% (0       vias)
        Un-mapped    = 100.00% (96      vias)
 
  Total double via conversion rate    =  0.01% (39 / 356550 vias)
 
    Layer VIA1       =  0.01% (10     / 132957  vias)
    Layer VIA2       =  0.00% (0      / 143513  vias)
    Layer VIA3       =  0.00% (0      / 33041   vias)
    Layer VIA4       =  0.00% (0      / 22929   vias)
    Layer VIA5       =  0.00% (0      / 13913   vias)
    Layer VIA6       =  0.00% (0      / 6712    vias)
    Layer VIA7       =  0.86% (29     / 3389    vias)
    Layer VIA8       =  0.00% (0      / 96      vias)
 
  The optimized via conversion rate based on total routed via count =  0.01% (39 / 356550 vias)
 
    Layer VIA1       =  0.01% (10     / 132957  vias)
        Weight 1     =  0.01% (10      vias)
        Un-optimized =  0.00% (0       vias)
        Un-mapped    = 99.99% (132947  vias)
    Layer VIA2       =  0.00% (0      / 143513  vias)
        Un-optimized =  0.00% (0       vias)
        Un-mapped    = 100.00% (143513  vias)
    Layer VIA3       =  0.00% (0      / 33041   vias)
        Un-optimized =  0.00% (0       vias)
        Un-mapped    = 100.00% (33041   vias)
    Layer VIA4       =  0.00% (0      / 22929   vias)
        Un-optimized =  0.00% (0       vias)
        Un-mapped    = 100.00% (22929   vias)
    Layer VIA5       =  0.00% (0      / 13913   vias)
        Un-optimized =  0.00% (0       vias)
        Un-mapped    = 100.00% (13913   vias)
    Layer VIA6       =  0.00% (0      / 6712    vias)
        Un-optimized =  0.00% (0       vias)
        Un-mapped    = 100.00% (6712    vias)
    Layer VIA7       =  0.86% (29     / 3389    vias)
        Weight 1     =  0.86% (29      vias)
        Un-optimized =  0.00% (0       vias)
        Un-mapped    = 99.14% (3360    vias)
    Layer VIA8       =  0.00% (0      / 96      vias)
        Un-optimized =  0.00% (0       vias)
        Un-mapped    = 100.00% (96      vias)
 

Total number of nets = 47509
39 open nets, of which 0 are frozen
Total number of excluded ports = 0 ports of 0 unplaced cells connected to 0 nets
                                 0 ports without pins of 0 cells connected to 0 nets
                                 0 ports of 0 cover cells connected to 0 non-pg nets
Total number of DRCs = 3
Total number of antenna violations = antenna checking not active
Information: Routes in non-preferred voltage areas = 0 (ZRT-559)

Topology ECO not run, no qualifying violations or in frozen nets.
Updating the database ...
icc2_shell> route_detail -incremental true
Warning: Cell contains tie connections which are not connected to real PG. (ZRT-511)
Turn off antenna since no rule is specified
Cell Min-Routing-Layer = M2
Cell Max-Routing-Layer = M9
Warning: Cannot find a default contact code for layer CO. (ZRT-022)
rule clk_network_NDR_leaf equivalent to default rule
Warning: Ignore 2 top cell ports with no pins. (ZRT-027)
Info: number of net_type_blockage: 0 
soft rule ICC2_GENERATED_DEFAULT_SPACING_RULE_3_8_wire is redundant
soft rule LOPT_M3_M7_3_8_wire is redundant
soft rule LOPT_M6_M7_3_8_wire is redundant
Printing options for 'route.common.*'
common.verbose_level                                    :	 0                   

Printing options for 'route.detail.*'
detail.antenna                                          :	 true                
detail.check_patchable_drc_from_fixed_shapes            :	 true                
detail.drc_convergence_effort_level                     :	 high                
detail.eco_max_number_of_iterations                     :	 60                  
detail.force_end_on_preferred_grid                      :	 true                
detail.timing_driven                                    :	 true                

Printing options for 'route.auto_via_ladder.*'


Begin full DRC check ...

Information: Using 12 threads for routing. (ZRT-444)
Checked	1/64 Partitions, Violations =	0
Checked	2/64 Partitions, Violations =	0
Checked	4/64 Partitions, Violations =	0
Checked	6/64 Partitions, Violations =	0
Checked	8/64 Partitions, Violations =	0
Checked	10/64 Partitions, Violations =	0
Checked	12/64 Partitions, Violations =	0
Checked	14/64 Partitions, Violations =	0
Checked	16/64 Partitions, Violations =	0
Checked	18/64 Partitions, Violations =	3
Checked	20/64 Partitions, Violations =	3
Checked	22/64 Partitions, Violations =	3
Checked	24/64 Partitions, Violations =	3
Checked	26/64 Partitions, Violations =	3
Checked	28/64 Partitions, Violations =	3
Checked	30/64 Partitions, Violations =	3
Checked	32/64 Partitions, Violations =	3
Checked	34/64 Partitions, Violations =	3
Checked	36/64 Partitions, Violations =	3
Checked	38/64 Partitions, Violations =	3
Checked	40/64 Partitions, Violations =	3
Checked	42/64 Partitions, Violations =	3
Checked	44/64 Partitions, Violations =	3
Checked	46/64 Partitions, Violations =	3
Checked	48/64 Partitions, Violations =	3
Checked	50/64 Partitions, Violations =	3
Checked	52/64 Partitions, Violations =	3
Checked	54/64 Partitions, Violations =	3
Checked	56/64 Partitions, Violations =	3
Checked	58/64 Partitions, Violations =	3
Checked	60/64 Partitions, Violations =	3
Checked	62/64 Partitions, Violations =	3
Checked	64/64 Partitions, Violations =	3
[DRC CHECK] Elapsed real time: 0:00:02 
[DRC CHECK] Elapsed cpu  time: sys=0:00:00 usr=0:00:24 total=0:00:24
[DRC CHECK] Stage (MB): Used    0  Alloctr    1  Proc    0 
[DRC CHECK] Total (MB): Used  159  Alloctr  172  Proc 3651 
Loading timing information to the router from design
Timing information loaded to the router.
Printing options for 'route.common.*'
common.verbose_level                                    :	 0                   

Printing options for 'route.detail.*'
detail.antenna                                          :	 true                
detail.check_patchable_drc_from_fixed_shapes            :	 true                
detail.drc_convergence_effort_level                     :	 high                
detail.eco_max_number_of_iterations                     :	 60                  
detail.force_end_on_preferred_grid                      :	 true                
detail.timing_driven                                    :	 true                

Printing options for 'route.auto_via_ladder.*'

Information: RC layer preference is turned on for this design. (ZRT-613)
[Dr init] Elapsed real time: 0:00:04 
[Dr init] Elapsed cpu  time: sys=0:00:01 usr=0:00:32 total=0:00:34
[Dr init] Stage (MB): Used  156  Alloctr  167  Proc    0 
[Dr init] Total (MB): Used  157  Alloctr  170  Proc 3651 
Total number of nets = 47509, of which 0 are not extracted
Total number of open nets = 39, of which 0 are frozen
Information: Using 12 threads for routing. (ZRT-444)
Routing in incremental mode, starting from iteration 78

Start DR iteration 78: non-uniform partition
Routed	1/2 Partitions, Violations =	4
Routed	2/2 Partitions, Violations =	6

DRC-SUMMARY:
	@@@@@@@ TOTAL VIOLATIONS =	6
	Less than minimum area : 4
	Internal-only types : 2

[Iter 78] Elapsed real time: 0:00:04 
[Iter 78] Elapsed cpu  time: sys=0:00:01 usr=0:00:34 total=0:00:35
[Iter 78] Stage (MB): Used  165  Alloctr  176  Proc    0 
[Iter 78] Total (MB): Used  166  Alloctr  179  Proc 3651 

End DR iteration 78 with 2 parts

Start DR iteration 79: non-uniform partition
Routed	1/2 Partitions, Violations =	6
Routed	2/2 Partitions, Violations =	6

DRC-SUMMARY:
	@@@@@@@ TOTAL VIOLATIONS =	6
	Less than minimum area : 4
	Internal-only types : 2

[Iter 79] Elapsed real time: 0:00:04 
[Iter 79] Elapsed cpu  time: sys=0:00:01 usr=0:00:34 total=0:00:36
[Iter 79] Stage (MB): Used  165  Alloctr  176  Proc    0 
[Iter 79] Total (MB): Used  166  Alloctr  179  Proc 3651 

End DR iteration 79 with 2 parts

Start DR iteration 80: non-uniform partition
Routed	1/3 Partitions, Violations =	6
Routed	2/3 Partitions, Violations =	6
Routed	3/3 Partitions, Violations =	5

DRC-SUMMARY:
	@@@@@@@ TOTAL VIOLATIONS =	5
	Less than minimum area : 4
	Internal-only types : 1

[Iter 80] Elapsed real time: 0:00:04 
[Iter 80] Elapsed cpu  time: sys=0:00:01 usr=0:00:35 total=0:00:37
[Iter 80] Stage (MB): Used  165  Alloctr  176  Proc    0 
[Iter 80] Total (MB): Used  166  Alloctr  179  Proc 3651 

End DR iteration 80 with 3 parts

Start DR iteration 81: non-uniform partition
Routed	1/3 Partitions, Violations =	6
Routed	2/3 Partitions, Violations =	7
Routed	3/3 Partitions, Violations =	6

DRC-SUMMARY:
	@@@@@@@ TOTAL VIOLATIONS =	6
	Less than minimum area : 4
	Internal-only types : 2

[Iter 81] Elapsed real time: 0:00:04 
[Iter 81] Elapsed cpu  time: sys=0:00:01 usr=0:00:37 total=0:00:38
[Iter 81] Stage (MB): Used  165  Alloctr  176  Proc    0 
[Iter 81] Total (MB): Used  166  Alloctr  179  Proc 3651 

End DR iteration 81 with 3 parts

Start DR iteration 82: non-uniform partition
Routed	1/3 Partitions, Violations =	6
Routed	2/3 Partitions, Violations =	7
Routed	3/3 Partitions, Violations =	6

DRC-SUMMARY:
	@@@@@@@ TOTAL VIOLATIONS =	6
	Less than minimum area : 4
	Internal-only types : 2

[Iter 82] Elapsed real time: 0:00:05 
[Iter 82] Elapsed cpu  time: sys=0:00:01 usr=0:00:38 total=0:00:39
[Iter 82] Stage (MB): Used  165  Alloctr  176  Proc    0 
[Iter 82] Total (MB): Used  166  Alloctr  179  Proc 3651 

End DR iteration 82 with 3 parts

Start DR iteration 83: non-uniform partition
Routed	1/2 Partitions, Violations =	6
Routed	2/2 Partitions, Violations =	6

DRC-SUMMARY:
	@@@@@@@ TOTAL VIOLATIONS =	6
	Less than minimum area : 4
	Internal-only types : 2

[Iter 83] Elapsed real time: 0:00:05 
[Iter 83] Elapsed cpu  time: sys=0:00:01 usr=0:00:39 total=0:00:40
[Iter 83] Stage (MB): Used  165  Alloctr  176  Proc    0 
[Iter 83] Total (MB): Used  166  Alloctr  179  Proc 3651 

End DR iteration 83 with 2 parts

Start DR iteration 84: non-uniform partition
Routed	1/2 Partitions, Violations =	6
Routed	2/2 Partitions, Violations =	6

DRC-SUMMARY:
	@@@@@@@ TOTAL VIOLATIONS =	6
	Less than minimum area : 4
	Internal-only types : 2

[Iter 84] Elapsed real time: 0:00:05 
[Iter 84] Elapsed cpu  time: sys=0:00:01 usr=0:00:39 total=0:00:41
[Iter 84] Stage (MB): Used  165  Alloctr  176  Proc    0 
[Iter 84] Total (MB): Used  166  Alloctr  179  Proc 3651 

End DR iteration 84 with 2 parts

Start DR iteration 85: non-uniform partition
Routed	1/3 Partitions, Violations =	8
Routed	2/3 Partitions, Violations =	6
Routed	3/3 Partitions, Violations =	4

DRC-SUMMARY:
	@@@@@@@ TOTAL VIOLATIONS =	4
	Less than minimum area : 4

[Iter 85] Elapsed real time: 0:00:05 
[Iter 85] Elapsed cpu  time: sys=0:00:02 usr=0:00:40 total=0:00:42
[Iter 85] Stage (MB): Used  165  Alloctr  176  Proc    0 
[Iter 85] Total (MB): Used  166  Alloctr  179  Proc 3651 

End DR iteration 85 with 3 parts

Start DR iteration 86: non-uniform partition
Routed	1/2 Partitions, Violations =	6
Routed	2/2 Partitions, Violations =	6

DRC-SUMMARY:
	@@@@@@@ TOTAL VIOLATIONS =	6
	Less than minimum area : 4
	Internal-only types : 2

[Iter 86] Elapsed real time: 0:00:05 
[Iter 86] Elapsed cpu  time: sys=0:00:02 usr=0:00:41 total=0:00:43
[Iter 86] Stage (MB): Used  165  Alloctr  176  Proc    0 
[Iter 86] Total (MB): Used  166  Alloctr  179  Proc 3651 

End DR iteration 86 with 2 parts

Start DR iteration 87: non-uniform partition
Routed	1/2 Partitions, Violations =	6
Routed	2/2 Partitions, Violations =	6

DRC-SUMMARY:
	@@@@@@@ TOTAL VIOLATIONS =	6
	Less than minimum area : 4
	Internal-only types : 2

[Iter 87] Elapsed real time: 0:00:05 
[Iter 87] Elapsed cpu  time: sys=0:00:02 usr=0:00:42 total=0:00:44
[Iter 87] Stage (MB): Used  165  Alloctr  176  Proc    0 
[Iter 87] Total (MB): Used  166  Alloctr  179  Proc 3651 

End DR iteration 87 with 2 parts

Start DR iteration 88: non-uniform partition
Routed	1/3 Partitions, Violations =	8
Routed	2/3 Partitions, Violations =	7
Routed	3/3 Partitions, Violations =	5

DRC-SUMMARY:
	@@@@@@@ TOTAL VIOLATIONS =	5
	Less than minimum area : 4
	Internal-only types : 1

[Iter 88] Elapsed real time: 0:00:06 
[Iter 88] Elapsed cpu  time: sys=0:00:02 usr=0:00:42 total=0:00:45
[Iter 88] Stage (MB): Used  165  Alloctr  176  Proc    0 
[Iter 88] Total (MB): Used  166  Alloctr  179  Proc 3651 

End DR iteration 88 with 3 parts

Stop DR since not converging

Information: Detail Routing terminated early because DRCs were not converging: true (ZRT-312)
Information: Discarded 1 drcs of internal-only type. (ZRT-306)
[DR] Elapsed real time: 0:00:06 
[DR] Elapsed cpu  time: sys=0:00:02 usr=0:00:42 total=0:00:45
[DR] Stage (MB): Used  149  Alloctr  160  Proc    0 
[DR] Total (MB): Used  150  Alloctr  163  Proc 3651 
[DR: Done] Elapsed real time: 0:00:06 
[DR: Done] Elapsed cpu  time: sys=0:00:02 usr=0:00:42 total=0:00:45
[DR: Done] Stage (MB): Used  149  Alloctr  160  Proc    0 
[DR: Done] Total (MB): Used  150  Alloctr  163  Proc 3651 

DR finished with 39 open nets, of which 0 are frozen

DR finished with 4 violations

DRC-SUMMARY:
	@@@@@@@ TOTAL VIOLATIONS =	4
	Less than minimum area : 4



Total Wire Length =                    890314 micron
Total Number of Contacts =             356550
Total Number of Wires =                295112
Total Number of PtConns =              77165
Total Number of Routed Wires =       295112
Total Routed Wire Length =           878788 micron
Total Number of Routed Contacts =       356550
	Layer             M1 :       4562 micron
	Layer             M2 :     222762 micron
	Layer             M3 :     286299 micron
	Layer             M4 :      88518 micron
	Layer             M5 :      96377 micron
	Layer             M6 :      86264 micron
	Layer             M7 :      57887 micron
	Layer             M8 :      45814 micron
	Layer             M9 :       1831 micron
	Layer           MRDL :          0 micron
	Via     VIA89_C(rot) :         96
	Via        VIA78SQ_C :       3357
	Via       VIA78BAR_C :          3
	Via    VIA78SQ_C_2x1 :         29
	Via        VIA67SQ_C :          8
	Via   VIA67SQ_C(rot) :       6704
	Via        VIA56SQ_C :      13910
	Via   VIA56SQ_C(rot) :          3
	Via        VIA45SQ_C :        886
	Via   VIA45SQ_C(rot) :      22043
	Via        VIA34SQ_C :      32909
	Via   VIA34SQ_C(rot) :        132
	Via        VIA23SQ_C :        836
	Via   VIA23SQ_C(rot) :     142677
	Via        VIA12SQ_C :     127070
	Via   VIA12SQ_C(rot) :       5829
	Via       VIA12BAR_C :         48
	Via    VIA12SQ_C_2x1 :         10

 
Redundant via conversion report:
--------------------------------

  Total optimized via conversion rate =  0.01% (39 / 356550 vias)
 
    Layer VIA1       =  0.01% (10     / 132957  vias)
        Weight 1     =  0.01% (10      vias)
        Un-optimized =  0.00% (0       vias)
        Un-mapped    = 99.99% (132947  vias)
    Layer VIA2       =  0.00% (0      / 143513  vias)
        Un-optimized =  0.00% (0       vias)
        Un-mapped    = 100.00% (143513  vias)
    Layer VIA3       =  0.00% (0      / 33041   vias)
        Un-optimized =  0.00% (0       vias)
        Un-mapped    = 100.00% (33041   vias)
    Layer VIA4       =  0.00% (0      / 22929   vias)
        Un-optimized =  0.00% (0       vias)
        Un-mapped    = 100.00% (22929   vias)
    Layer VIA5       =  0.00% (0      / 13913   vias)
        Un-optimized =  0.00% (0       vias)
        Un-mapped    = 100.00% (13913   vias)
    Layer VIA6       =  0.00% (0      / 6712    vias)
        Un-optimized =  0.00% (0       vias)
        Un-mapped    = 100.00% (6712    vias)
    Layer VIA7       =  0.86% (29     / 3389    vias)
        Weight 1     =  0.86% (29      vias)
        Un-optimized =  0.00% (0       vias)
        Un-mapped    = 99.14% (3360    vias)
    Layer VIA8       =  0.00% (0      / 96      vias)
        Un-optimized =  0.00% (0       vias)
        Un-mapped    = 100.00% (96      vias)
 
  Total double via conversion rate    =  0.01% (39 / 356550 vias)
 
    Layer VIA1       =  0.01% (10     / 132957  vias)
    Layer VIA2       =  0.00% (0      / 143513  vias)
    Layer VIA3       =  0.00% (0      / 33041   vias)
    Layer VIA4       =  0.00% (0      / 22929   vias)
    Layer VIA5       =  0.00% (0      / 13913   vias)
    Layer VIA6       =  0.00% (0      / 6712    vias)
    Layer VIA7       =  0.86% (29     / 3389    vias)
    Layer VIA8       =  0.00% (0      / 96      vias)
 
  The optimized via conversion rate based on total routed via count =  0.01% (39 / 356550 vias)
 
    Layer VIA1       =  0.01% (10     / 132957  vias)
        Weight 1     =  0.01% (10      vias)
        Un-optimized =  0.00% (0       vias)
        Un-mapped    = 99.99% (132947  vias)
    Layer VIA2       =  0.00% (0      / 143513  vias)
        Un-optimized =  0.00% (0       vias)
        Un-mapped    = 100.00% (143513  vias)
    Layer VIA3       =  0.00% (0      / 33041   vias)
        Un-optimized =  0.00% (0       vias)
        Un-mapped    = 100.00% (33041   vias)
    Layer VIA4       =  0.00% (0      / 22929   vias)
        Un-optimized =  0.00% (0       vias)
        Un-mapped    = 100.00% (22929   vias)
    Layer VIA5       =  0.00% (0      / 13913   vias)
        Un-optimized =  0.00% (0       vias)
        Un-mapped    = 100.00% (13913   vias)
    Layer VIA6       =  0.00% (0      / 6712    vias)
        Un-optimized =  0.00% (0       vias)
        Un-mapped    = 100.00% (6712    vias)
    Layer VIA7       =  0.86% (29     / 3389    vias)
        Weight 1     =  0.86% (29      vias)
        Un-optimized =  0.00% (0       vias)
        Un-mapped    = 99.14% (3360    vias)
    Layer VIA8       =  0.00% (0      / 96      vias)
        Un-optimized =  0.00% (0       vias)
        Un-mapped    = 100.00% (96      vias)
 

Total number of nets = 47509
39 open nets, of which 0 are frozen
Total number of excluded ports = 0 ports of 0 unplaced cells connected to 0 nets
                                 0 ports without pins of 0 cells connected to 0 nets
                                 0 ports of 0 cover cells connected to 0 non-pg nets
Total number of DRCs = 4
Total number of antenna violations = antenna checking not active
Information: Routes in non-preferred voltage areas = 0 (ZRT-559)

Topology ECO not run, no qualifying violations or in frozen nets.
Updating the database ...
icc2_shell> route_detail -incremental true
Warning: Cell contains tie connections which are not connected to real PG. (ZRT-511)
Turn off antenna since no rule is specified
Cell Min-Routing-Layer = M2
Cell Max-Routing-Layer = M9
Warning: Cannot find a default contact code for layer CO. (ZRT-022)
rule clk_network_NDR_leaf equivalent to default rule
Warning: Ignore 2 top cell ports with no pins. (ZRT-027)
Info: number of net_type_blockage: 0 
soft rule ICC2_GENERATED_DEFAULT_SPACING_RULE_3_8_wire is redundant
soft rule LOPT_M3_M7_3_8_wire is redundant
soft rule LOPT_M6_M7_3_8_wire is redundant
Printing options for 'route.common.*'
common.verbose_level                                    :	 0                   

Printing options for 'route.detail.*'
detail.antenna                                          :	 true                
detail.check_patchable_drc_from_fixed_shapes            :	 true                
detail.drc_convergence_effort_level                     :	 high                
detail.eco_max_number_of_iterations                     :	 60                  
detail.force_end_on_preferred_grid                      :	 true                
detail.timing_driven                                    :	 true                

Printing options for 'route.auto_via_ladder.*'


Begin full DRC check ...

Information: Using 12 threads for routing. (ZRT-444)
Checked	1/64 Partitions, Violations =	0
Checked	2/64 Partitions, Violations =	0
Checked	4/64 Partitions, Violations =	0
Checked	6/64 Partitions, Violations =	0
Checked	8/64 Partitions, Violations =	0
Checked	10/64 Partitions, Violations =	0
Checked	12/64 Partitions, Violations =	0
Checked	14/64 Partitions, Violations =	0
Checked	16/64 Partitions, Violations =	0
Checked	18/64 Partitions, Violations =	0
Checked	20/64 Partitions, Violations =	0
Checked	22/64 Partitions, Violations =	0
Checked	24/64 Partitions, Violations =	4
Checked	26/64 Partitions, Violations =	4
Checked	28/64 Partitions, Violations =	4
Checked	30/64 Partitions, Violations =	4
Checked	32/64 Partitions, Violations =	4
Checked	34/64 Partitions, Violations =	4
Checked	36/64 Partitions, Violations =	4
Checked	38/64 Partitions, Violations =	4
Checked	40/64 Partitions, Violations =	4
Checked	42/64 Partitions, Violations =	4
Checked	44/64 Partitions, Violations =	4
Checked	46/64 Partitions, Violations =	4
Checked	48/64 Partitions, Violations =	4
Checked	50/64 Partitions, Violations =	4
Checked	52/64 Partitions, Violations =	4
Checked	54/64 Partitions, Violations =	4
Checked	56/64 Partitions, Violations =	4
Checked	58/64 Partitions, Violations =	4
Checked	60/64 Partitions, Violations =	4
Checked	62/64 Partitions, Violations =	4
Checked	64/64 Partitions, Violations =	4
[DRC CHECK] Elapsed real time: 0:00:02 
[DRC CHECK] Elapsed cpu  time: sys=0:00:00 usr=0:00:25 total=0:00:25
[DRC CHECK] Stage (MB): Used    0  Alloctr    1  Proc    0 
[DRC CHECK] Total (MB): Used  159  Alloctr  173  Proc 3651 
Loading timing information to the router from design
Timing information loaded to the router.
Printing options for 'route.common.*'
common.verbose_level                                    :	 0                   

Printing options for 'route.detail.*'
detail.antenna                                          :	 true                
detail.check_patchable_drc_from_fixed_shapes            :	 true                
detail.drc_convergence_effort_level                     :	 high                
detail.eco_max_number_of_iterations                     :	 60                  
detail.force_end_on_preferred_grid                      :	 true                
detail.timing_driven                                    :	 true                

Printing options for 'route.auto_via_ladder.*'

Information: RC layer preference is turned on for this design. (ZRT-613)
[Dr init] Elapsed real time: 0:00:04 
[Dr init] Elapsed cpu  time: sys=0:00:01 usr=0:00:33 total=0:00:34
[Dr init] Stage (MB): Used  156  Alloctr  168  Proc    0 
[Dr init] Total (MB): Used  157  Alloctr  171  Proc 3651 
Total number of nets = 47509, of which 0 are not extracted
Total number of open nets = 39, of which 0 are frozen
Information: Using 12 threads for routing. (ZRT-444)
Routing in incremental mode, starting from iteration 89

Start DR iteration 89: non-uniform partition
Routed	1/2 Partitions, Violations =	5
Routed	2/2 Partitions, Violations =	6

DRC-SUMMARY:
	@@@@@@@ TOTAL VIOLATIONS =	6
	Less than minimum area : 4
	Internal-only types : 2

[Iter 89] Elapsed real time: 0:00:04 
[Iter 89] Elapsed cpu  time: sys=0:00:01 usr=0:00:35 total=0:00:37
[Iter 89] Stage (MB): Used  165  Alloctr  177  Proc    0 
[Iter 89] Total (MB): Used  166  Alloctr  180  Proc 3651 

End DR iteration 89 with 2 parts

Start DR iteration 90: non-uniform partition
Routed	1/2 Partitions, Violations =	6
Routed	2/2 Partitions, Violations =	6

DRC-SUMMARY:
	@@@@@@@ TOTAL VIOLATIONS =	6
	Less than minimum area : 4
	Internal-only types : 2

[Iter 90] Elapsed real time: 0:00:04 
[Iter 90] Elapsed cpu  time: sys=0:00:01 usr=0:00:36 total=0:00:37
[Iter 90] Stage (MB): Used  165  Alloctr  177  Proc    0 
[Iter 90] Total (MB): Used  166  Alloctr  180  Proc 3651 

End DR iteration 90 with 2 parts

Start DR iteration 91: non-uniform partition
Routed	1/4 Partitions, Violations =	6
Routed	2/4 Partitions, Violations =	7
Routed	3/4 Partitions, Violations =	5
Routed	4/4 Partitions, Violations =	5

DRC-SUMMARY:
	@@@@@@@ TOTAL VIOLATIONS =	5
	Less than minimum area : 4
	Internal-only types : 1

[Iter 91] Elapsed real time: 0:00:04 
[Iter 91] Elapsed cpu  time: sys=0:00:01 usr=0:00:37 total=0:00:39
[Iter 91] Stage (MB): Used  165  Alloctr  177  Proc    0 
[Iter 91] Total (MB): Used  166  Alloctr  180  Proc 3651 

End DR iteration 91 with 4 parts

Start DR iteration 92: non-uniform partition
Routed	1/3 Partitions, Violations =	6
Routed	2/3 Partitions, Violations =	7
Routed	3/3 Partitions, Violations =	5

DRC-SUMMARY:
	@@@@@@@ TOTAL VIOLATIONS =	5
	Less than minimum area : 4
	Internal-only types : 1

[Iter 92] Elapsed real time: 0:00:05 
[Iter 92] Elapsed cpu  time: sys=0:00:01 usr=0:00:38 total=0:00:39
[Iter 92] Stage (MB): Used  165  Alloctr  177  Proc    0 
[Iter 92] Total (MB): Used  166  Alloctr  180  Proc 3651 

End DR iteration 92 with 3 parts

Start DR iteration 93: non-uniform partition
Routed	1/2 Partitions, Violations =	6
Routed	2/2 Partitions, Violations =	6

DRC-SUMMARY:
	@@@@@@@ TOTAL VIOLATIONS =	6
	Less than minimum area : 4
	Internal-only types : 2

[Iter 93] Elapsed real time: 0:00:05 
[Iter 93] Elapsed cpu  time: sys=0:00:01 usr=0:00:39 total=0:00:40
[Iter 93] Stage (MB): Used  165  Alloctr  177  Proc    0 
[Iter 93] Total (MB): Used  166  Alloctr  180  Proc 3651 

End DR iteration 93 with 2 parts

Start DR iteration 94: non-uniform partition
Routed	1/3 Partitions, Violations =	6
Routed	2/3 Partitions, Violations =	7
Routed	3/3 Partitions, Violations =	5

DRC-SUMMARY:
	@@@@@@@ TOTAL VIOLATIONS =	5
	Less than minimum area : 4
	Internal-only types : 1

[Iter 94] Elapsed real time: 0:00:05 
[Iter 94] Elapsed cpu  time: sys=0:00:01 usr=0:00:39 total=0:00:41
[Iter 94] Stage (MB): Used  165  Alloctr  177  Proc    0 
[Iter 94] Total (MB): Used  166  Alloctr  180  Proc 3651 

End DR iteration 94 with 3 parts

Start DR iteration 95: non-uniform partition
Routed	1/3 Partitions, Violations =	6
Routed	2/3 Partitions, Violations =	6
Routed	3/3 Partitions, Violations =	5

DRC-SUMMARY:
	@@@@@@@ TOTAL VIOLATIONS =	5
	Less than minimum area : 4
	Internal-only types : 1

[Iter 95] Elapsed real time: 0:00:05 
[Iter 95] Elapsed cpu  time: sys=0:00:02 usr=0:00:40 total=0:00:42
[Iter 95] Stage (MB): Used  165  Alloctr  177  Proc    0 
[Iter 95] Total (MB): Used  166  Alloctr  180  Proc 3651 

End DR iteration 95 with 3 parts

Start DR iteration 96: non-uniform partition
Routed	1/3 Partitions, Violations =	6
Routed	2/3 Partitions, Violations =	7
Routed	3/3 Partitions, Violations =	6

DRC-SUMMARY:
	@@@@@@@ TOTAL VIOLATIONS =	6
	Less than minimum area : 4
	Internal-only types : 2

[Iter 96] Elapsed real time: 0:00:05 
[Iter 96] Elapsed cpu  time: sys=0:00:02 usr=0:00:41 total=0:00:43
[Iter 96] Stage (MB): Used  165  Alloctr  177  Proc    0 
[Iter 96] Total (MB): Used  166  Alloctr  180  Proc 3651 

End DR iteration 96 with 3 parts

Start DR iteration 97: non-uniform partition
Routed	1/3 Partitions, Violations =	6
Routed	2/3 Partitions, Violations =	7
Routed	3/3 Partitions, Violations =	6

DRC-SUMMARY:
	@@@@@@@ TOTAL VIOLATIONS =	6
	Less than minimum area : 4
	Internal-only types : 2

[Iter 97] Elapsed real time: 0:00:05 
[Iter 97] Elapsed cpu  time: sys=0:00:02 usr=0:00:42 total=0:00:44
[Iter 97] Stage (MB): Used  165  Alloctr  177  Proc    0 
[Iter 97] Total (MB): Used  166  Alloctr  180  Proc 3651 

End DR iteration 97 with 3 parts

Start DR iteration 98: non-uniform partition
Routed	1/3 Partitions, Violations =	7
Routed	2/3 Partitions, Violations =	7
Routed	3/3 Partitions, Violations =	5

DRC-SUMMARY:
	@@@@@@@ TOTAL VIOLATIONS =	5
	Less than minimum area : 4
	Internal-only types : 1

[Iter 98] Elapsed real time: 0:00:06 
[Iter 98] Elapsed cpu  time: sys=0:00:02 usr=0:00:43 total=0:00:46
[Iter 98] Stage (MB): Used  165  Alloctr  177  Proc    0 
[Iter 98] Total (MB): Used  166  Alloctr  180  Proc 3651 

End DR iteration 98 with 3 parts

Start DR iteration 99: non-uniform partition
Routed	1/2 Partitions, Violations =	6
Routed	2/2 Partitions, Violations =	6

DRC-SUMMARY:
	@@@@@@@ TOTAL VIOLATIONS =	6
	Less than minimum area : 4
	Internal-only types : 2

[Iter 99] Elapsed real time: 0:00:06 
[Iter 99] Elapsed cpu  time: sys=0:00:02 usr=0:00:44 total=0:00:46
[Iter 99] Stage (MB): Used  165  Alloctr  177  Proc    0 
[Iter 99] Total (MB): Used  166  Alloctr  180  Proc 3651 

End DR iteration 99 with 2 parts

Stop DR since not converging

Information: Detail Routing terminated early because DRCs were not converging: true (ZRT-312)
Information: Discarded 2 drcs of internal-only type. (ZRT-306)
[DR] Elapsed real time: 0:00:06 
[DR] Elapsed cpu  time: sys=0:00:02 usr=0:00:44 total=0:00:46
[DR] Stage (MB): Used  149  Alloctr  162  Proc    0 
[DR] Total (MB): Used  150  Alloctr  165  Proc 3651 
[DR: Done] Elapsed real time: 0:00:06 
[DR: Done] Elapsed cpu  time: sys=0:00:02 usr=0:00:44 total=0:00:46
[DR: Done] Stage (MB): Used  149  Alloctr  162  Proc    0 
[DR: Done] Total (MB): Used  150  Alloctr  165  Proc 3651 

DR finished with 39 open nets, of which 0 are frozen

DR finished with 4 violations

DRC-SUMMARY:
	@@@@@@@ TOTAL VIOLATIONS =	4
	Less than minimum area : 4



Total Wire Length =                    890314 micron
Total Number of Contacts =             356550
Total Number of Wires =                295112
Total Number of PtConns =              77165
Total Number of Routed Wires =       295112
Total Routed Wire Length =           878788 micron
Total Number of Routed Contacts =       356550
	Layer             M1 :       4562 micron
	Layer             M2 :     222762 micron
	Layer             M3 :     286299 micron
	Layer             M4 :      88518 micron
	Layer             M5 :      96377 micron
	Layer             M6 :      86264 micron
	Layer             M7 :      57887 micron
	Layer             M8 :      45814 micron
	Layer             M9 :       1831 micron
	Layer           MRDL :          0 micron
	Via     VIA89_C(rot) :         96
	Via        VIA78SQ_C :       3357
	Via       VIA78BAR_C :          3
	Via    VIA78SQ_C_2x1 :         29
	Via        VIA67SQ_C :          8
	Via   VIA67SQ_C(rot) :       6704
	Via        VIA56SQ_C :      13910
	Via   VIA56SQ_C(rot) :          3
	Via        VIA45SQ_C :        886
	Via   VIA45SQ_C(rot) :      22043
	Via        VIA34SQ_C :      32909
	Via   VIA34SQ_C(rot) :        132
	Via        VIA23SQ_C :        836
	Via   VIA23SQ_C(rot) :     142677
	Via        VIA12SQ_C :     127070
	Via   VIA12SQ_C(rot) :       5829
	Via       VIA12BAR_C :         48
	Via    VIA12SQ_C_2x1 :         10

 
Redundant via conversion report:
--------------------------------

  Total optimized via conversion rate =  0.01% (39 / 356550 vias)
 
    Layer VIA1       =  0.01% (10     / 132957  vias)
        Weight 1     =  0.01% (10      vias)
        Un-optimized =  0.00% (0       vias)
        Un-mapped    = 99.99% (132947  vias)
    Layer VIA2       =  0.00% (0      / 143513  vias)
        Un-optimized =  0.00% (0       vias)
        Un-mapped    = 100.00% (143513  vias)
    Layer VIA3       =  0.00% (0      / 33041   vias)
        Un-optimized =  0.00% (0       vias)
        Un-mapped    = 100.00% (33041   vias)
    Layer VIA4       =  0.00% (0      / 22929   vias)
        Un-optimized =  0.00% (0       vias)
        Un-mapped    = 100.00% (22929   vias)
    Layer VIA5       =  0.00% (0      / 13913   vias)
        Un-optimized =  0.00% (0       vias)
        Un-mapped    = 100.00% (13913   vias)
    Layer VIA6       =  0.00% (0      / 6712    vias)
        Un-optimized =  0.00% (0       vias)
        Un-mapped    = 100.00% (6712    vias)
    Layer VIA7       =  0.86% (29     / 3389    vias)
        Weight 1     =  0.86% (29      vias)
        Un-optimized =  0.00% (0       vias)
        Un-mapped    = 99.14% (3360    vias)
    Layer VIA8       =  0.00% (0      / 96      vias)
        Un-optimized =  0.00% (0       vias)
        Un-mapped    = 100.00% (96      vias)
 
  Total double via conversion rate    =  0.01% (39 / 356550 vias)
 
    Layer VIA1       =  0.01% (10     / 132957  vias)
    Layer VIA2       =  0.00% (0      / 143513  vias)
    Layer VIA3       =  0.00% (0      / 33041   vias)
    Layer VIA4       =  0.00% (0      / 22929   vias)
    Layer VIA5       =  0.00% (0      / 13913   vias)
    Layer VIA6       =  0.00% (0      / 6712    vias)
    Layer VIA7       =  0.86% (29     / 3389    vias)
    Layer VIA8       =  0.00% (0      / 96      vias)
 
  The optimized via conversion rate based on total routed via count =  0.01% (39 / 356550 vias)
 
    Layer VIA1       =  0.01% (10     / 132957  vias)
        Weight 1     =  0.01% (10      vias)
        Un-optimized =  0.00% (0       vias)
        Un-mapped    = 99.99% (132947  vias)
    Layer VIA2       =  0.00% (0      / 143513  vias)
        Un-optimized =  0.00% (0       vias)
        Un-mapped    = 100.00% (143513  vias)
    Layer VIA3       =  0.00% (0      / 33041   vias)
        Un-optimized =  0.00% (0       vias)
        Un-mapped    = 100.00% (33041   vias)
    Layer VIA4       =  0.00% (0      / 22929   vias)
        Un-optimized =  0.00% (0       vias)
        Un-mapped    = 100.00% (22929   vias)
    Layer VIA5       =  0.00% (0      / 13913   vias)
        Un-optimized =  0.00% (0       vias)
        Un-mapped    = 100.00% (13913   vias)
    Layer VIA6       =  0.00% (0      / 6712    vias)
        Un-optimized =  0.00% (0       vias)
        Un-mapped    = 100.00% (6712    vias)
    Layer VIA7       =  0.86% (29     / 3389    vias)
        Weight 1     =  0.86% (29      vias)
        Un-optimized =  0.00% (0       vias)
        Un-mapped    = 99.14% (3360    vias)
    Layer VIA8       =  0.00% (0      / 96      vias)
        Un-optimized =  0.00% (0       vias)
        Un-mapped    = 100.00% (96      vias)
 

Total number of nets = 47509
39 open nets, of which 0 are frozen
Total number of excluded ports = 0 ports of 0 unplaced cells connected to 0 nets
                                 0 ports without pins of 0 cells connected to 0 nets
                                 0 ports of 0 cover cells connected to 0 non-pg nets
Total number of DRCs = 4
Total number of antenna violations = antenna checking not active
Information: Routes in non-preferred voltage areas = 0 (ZRT-559)

Topology ECO not run, no qualifying violations or in frozen nets.
Updating the database ...
icc2_shell> route_detail -incremental true
Warning: Cell contains tie connections which are not connected to real PG. (ZRT-511)
Turn off antenna since no rule is specified
Cell Min-Routing-Layer = M2
Cell Max-Routing-Layer = M9
Warning: Cannot find a default contact code for layer CO. (ZRT-022)
rule clk_network_NDR_leaf equivalent to default rule
Warning: Ignore 2 top cell ports with no pins. (ZRT-027)
Info: number of net_type_blockage: 0 
soft rule ICC2_GENERATED_DEFAULT_SPACING_RULE_3_8_wire is redundant
soft rule LOPT_M3_M7_3_8_wire is redundant
soft rule LOPT_M6_M7_3_8_wire is redundant
Printing options for 'route.common.*'
common.verbose_level                                    :	 0                   

Printing options for 'route.detail.*'
detail.antenna                                          :	 true                
detail.check_patchable_drc_from_fixed_shapes            :	 true                
detail.drc_convergence_effort_level                     :	 high                
detail.eco_max_number_of_iterations                     :	 60                  
detail.force_end_on_preferred_grid                      :	 true                
detail.timing_driven                                    :	 true                

Printing options for 'route.auto_via_ladder.*'


Begin full DRC check ...

Information: Using 12 threads for routing. (ZRT-444)
Checked	1/64 Partitions, Violations =	0
Checked	2/64 Partitions, Violations =	0
Checked	4/64 Partitions, Violations =	0
Checked	6/64 Partitions, Violations =	0
Checked	8/64 Partitions, Violations =	0
Checked	10/64 Partitions, Violations =	0
Checked	12/64 Partitions, Violations =	0
Checked	14/64 Partitions, Violations =	0
Checked	16/64 Partitions, Violations =	0
Checked	18/64 Partitions, Violations =	0
Checked	20/64 Partitions, Violations =	0
Checked	22/64 Partitions, Violations =	4
Checked	24/64 Partitions, Violations =	4
Checked	26/64 Partitions, Violations =	4
Checked	28/64 Partitions, Violations =	4
Checked	30/64 Partitions, Violations =	4
Checked	32/64 Partitions, Violations =	4
Checked	34/64 Partitions, Violations =	4
Checked	36/64 Partitions, Violations =	4
Checked	38/64 Partitions, Violations =	4
Checked	40/64 Partitions, Violations =	4
Checked	42/64 Partitions, Violations =	4
Checked	44/64 Partitions, Violations =	4
Checked	46/64 Partitions, Violations =	4
Checked	48/64 Partitions, Violations =	4
Checked	50/64 Partitions, Violations =	4
Checked	52/64 Partitions, Violations =	4
Checked	54/64 Partitions, Violations =	4
Checked	56/64 Partitions, Violations =	4
Checked	58/64 Partitions, Violations =	4
Checked	60/64 Partitions, Violations =	4
Checked	62/64 Partitions, Violations =	4
Checked	64/64 Partitions, Violations =	4
[DRC CHECK] Elapsed real time: 0:00:02 
[DRC CHECK] Elapsed cpu  time: sys=0:00:00 usr=0:00:24 total=0:00:24
[DRC CHECK] Stage (MB): Used    0  Alloctr    1  Proc    0 
[DRC CHECK] Total (MB): Used  159  Alloctr  173  Proc 3651 
Loading timing information to the router from design
Timing information loaded to the router.
Printing options for 'route.common.*'
common.verbose_level                                    :	 0                   

Printing options for 'route.detail.*'
detail.antenna                                          :	 true                
detail.check_patchable_drc_from_fixed_shapes            :	 true                
detail.drc_convergence_effort_level                     :	 high                
detail.eco_max_number_of_iterations                     :	 60                  
detail.force_end_on_preferred_grid                      :	 true                
detail.timing_driven                                    :	 true                

Printing options for 'route.auto_via_ladder.*'

Information: RC layer preference is turned on for this design. (ZRT-613)
[Dr init] Elapsed real time: 0:00:04 
[Dr init] Elapsed cpu  time: sys=0:00:01 usr=0:00:32 total=0:00:34
[Dr init] Stage (MB): Used  156  Alloctr  168  Proc    0 
[Dr init] Total (MB): Used  157  Alloctr  171  Proc 3651 
Total number of nets = 47509, of which 0 are not extracted
Total number of open nets = 39, of which 0 are frozen
Information: Using 12 threads for routing. (ZRT-444)
Routing in incremental mode, starting from iteration 100

Start DR iteration 100: non-uniform partition
Routed	1/2 Partitions, Violations =	5
Routed	2/2 Partitions, Violations =	6

DRC-SUMMARY:
	@@@@@@@ TOTAL VIOLATIONS =	6
	Less than minimum area : 4
	Internal-only types : 2

[Iter 100] Elapsed real time: 0:00:04 
[Iter 100] Elapsed cpu  time: sys=0:00:01 usr=0:00:34 total=0:00:35
[Iter 100] Stage (MB): Used  165  Alloctr  177  Proc    0 
[Iter 100] Total (MB): Used  166  Alloctr  180  Proc 3651 

End DR iteration 100 with 2 parts

Start DR iteration 101: non-uniform partition
Routed	1/2 Partitions, Violations =	6
Routed	2/2 Partitions, Violations =	6

DRC-SUMMARY:
	@@@@@@@ TOTAL VIOLATIONS =	6
	Less than minimum area : 4
	Internal-only types : 2

[Iter 101] Elapsed real time: 0:00:04 
[Iter 101] Elapsed cpu  time: sys=0:00:01 usr=0:00:35 total=0:00:36
[Iter 101] Stage (MB): Used  165  Alloctr  177  Proc    0 
[Iter 101] Total (MB): Used  166  Alloctr  180  Proc 3651 

End DR iteration 101 with 2 parts

Start DR iteration 102: non-uniform partition
Routed	1/4 Partitions, Violations =	6
Routed	2/4 Partitions, Violations =	7
Routed	3/4 Partitions, Violations =	5
Routed	4/4 Partitions, Violations =	5

DRC-SUMMARY:
	@@@@@@@ TOTAL VIOLATIONS =	5
	Less than minimum area : 4
	Internal-only types : 1

[Iter 102] Elapsed real time: 0:00:04 
[Iter 102] Elapsed cpu  time: sys=0:00:01 usr=0:00:36 total=0:00:37
[Iter 102] Stage (MB): Used  165  Alloctr  177  Proc    0 
[Iter 102] Total (MB): Used  166  Alloctr  180  Proc 3651 

End DR iteration 102 with 4 parts

Start DR iteration 103: non-uniform partition
Routed	1/3 Partitions, Violations =	6
Routed	2/3 Partitions, Violations =	7
Routed	3/3 Partitions, Violations =	5

DRC-SUMMARY:
	@@@@@@@ TOTAL VIOLATIONS =	5
	Less than minimum area : 4
	Internal-only types : 1

[Iter 103] Elapsed real time: 0:00:04 
[Iter 103] Elapsed cpu  time: sys=0:00:01 usr=0:00:37 total=0:00:38
[Iter 103] Stage (MB): Used  165  Alloctr  177  Proc    0 
[Iter 103] Total (MB): Used  166  Alloctr  180  Proc 3651 

End DR iteration 103 with 3 parts

Start DR iteration 104: non-uniform partition
Routed	1/2 Partitions, Violations =	6
Routed	2/2 Partitions, Violations =	6

DRC-SUMMARY:
	@@@@@@@ TOTAL VIOLATIONS =	6
	Less than minimum area : 4
	Internal-only types : 2

[Iter 104] Elapsed real time: 0:00:05 
[Iter 104] Elapsed cpu  time: sys=0:00:01 usr=0:00:37 total=0:00:39
[Iter 104] Stage (MB): Used  165  Alloctr  177  Proc    0 
[Iter 104] Total (MB): Used  166  Alloctr  180  Proc 3651 

End DR iteration 104 with 2 parts

Start DR iteration 105: non-uniform partition
Routed	1/3 Partitions, Violations =	6
Routed	2/3 Partitions, Violations =	7
Routed	3/3 Partitions, Violations =	5

DRC-SUMMARY:
	@@@@@@@ TOTAL VIOLATIONS =	5
	Less than minimum area : 4
	Internal-only types : 1

[Iter 105] Elapsed real time: 0:00:05 
[Iter 105] Elapsed cpu  time: sys=0:00:01 usr=0:00:38 total=0:00:40
[Iter 105] Stage (MB): Used  165  Alloctr  177  Proc    0 
[Iter 105] Total (MB): Used  166  Alloctr  180  Proc 3651 

End DR iteration 105 with 3 parts

Start DR iteration 106: non-uniform partition
Routed	1/3 Partitions, Violations =	6
Routed	2/3 Partitions, Violations =	6
Routed	3/3 Partitions, Violations =	5

DRC-SUMMARY:
	@@@@@@@ TOTAL VIOLATIONS =	5
	Less than minimum area : 4
	Internal-only types : 1

[Iter 106] Elapsed real time: 0:00:05 
[Iter 106] Elapsed cpu  time: sys=0:00:01 usr=0:00:40 total=0:00:42
[Iter 106] Stage (MB): Used  165  Alloctr  177  Proc    0 
[Iter 106] Total (MB): Used  166  Alloctr  180  Proc 3651 

End DR iteration 106 with 3 parts

Start DR iteration 107: non-uniform partition
Routed	1/3 Partitions, Violations =	6
Routed	2/3 Partitions, Violations =	7
Routed	3/3 Partitions, Violations =	6

DRC-SUMMARY:
	@@@@@@@ TOTAL VIOLATIONS =	6
	Less than minimum area : 4
	Internal-only types : 2

[Iter 107] Elapsed real time: 0:00:05 
[Iter 107] Elapsed cpu  time: sys=0:00:01 usr=0:00:41 total=0:00:43
[Iter 107] Stage (MB): Used  165  Alloctr  177  Proc    0 
[Iter 107] Total (MB): Used  166  Alloctr  180  Proc 3651 

End DR iteration 107 with 3 parts

Start DR iteration 108: non-uniform partition
Routed	1/3 Partitions, Violations =	6
Routed	2/3 Partitions, Violations =	7
Routed	3/3 Partitions, Violations =	6

DRC-SUMMARY:
	@@@@@@@ TOTAL VIOLATIONS =	6
	Less than minimum area : 4
	Internal-only types : 2

[Iter 108] Elapsed real time: 0:00:05 
[Iter 108] Elapsed cpu  time: sys=0:00:01 usr=0:00:42 total=0:00:44
[Iter 108] Stage (MB): Used  165  Alloctr  177  Proc    0 
[Iter 108] Total (MB): Used  166  Alloctr  180  Proc 3651 

End DR iteration 108 with 3 parts

Start DR iteration 109: non-uniform partition
Routed	1/3 Partitions, Violations =	7
Routed	2/3 Partitions, Violations =	7
Routed	3/3 Partitions, Violations =	5

DRC-SUMMARY:
	@@@@@@@ TOTAL VIOLATIONS =	5
	Less than minimum area : 4
	Internal-only types : 1

[Iter 109] Elapsed real time: 0:00:06 
[Iter 109] Elapsed cpu  time: sys=0:00:02 usr=0:00:43 total=0:00:45
[Iter 109] Stage (MB): Used  165  Alloctr  177  Proc    0 
[Iter 109] Total (MB): Used  166  Alloctr  180  Proc 3651 

End DR iteration 109 with 3 parts

Start DR iteration 110: non-uniform partition
Routed	1/2 Partitions, Violations =	6
Routed	2/2 Partitions, Violations =	6

DRC-SUMMARY:
	@@@@@@@ TOTAL VIOLATIONS =	6
	Less than minimum area : 4
	Internal-only types : 2

[Iter 110] Elapsed real time: 0:00:06 
[Iter 110] Elapsed cpu  time: sys=0:00:02 usr=0:00:44 total=0:00:46
[Iter 110] Stage (MB): Used  165  Alloctr  177  Proc    0 
[Iter 110] Total (MB): Used  166  Alloctr  180  Proc 3651 

End DR iteration 110 with 2 parts

Stop DR since not converging

Information: Detail Routing terminated early because DRCs were not converging: true (ZRT-312)
Information: Discarded 2 drcs of internal-only type. (ZRT-306)
[DR] Elapsed real time: 0:00:06 
[DR] Elapsed cpu  time: sys=0:00:02 usr=0:00:44 total=0:00:46
[DR] Stage (MB): Used  149  Alloctr  161  Proc    0 
[DR] Total (MB): Used  150  Alloctr  164  Proc 3651 
[DR: Done] Elapsed real time: 0:00:06 
[DR: Done] Elapsed cpu  time: sys=0:00:02 usr=0:00:44 total=0:00:46
[DR: Done] Stage (MB): Used  149  Alloctr  161  Proc    0 
[DR: Done] Total (MB): Used  150  Alloctr  164  Proc 3651 

DR finished with 39 open nets, of which 0 are frozen

DR finished with 4 violations

DRC-SUMMARY:
	@@@@@@@ TOTAL VIOLATIONS =	4
	Less than minimum area : 4



Total Wire Length =                    890314 micron
Total Number of Contacts =             356550
Total Number of Wires =                295112
Total Number of PtConns =              77165
Total Number of Routed Wires =       295112
Total Routed Wire Length =           878788 micron
Total Number of Routed Contacts =       356550
	Layer             M1 :       4562 micron
	Layer             M2 :     222762 micron
	Layer             M3 :     286299 micron
	Layer             M4 :      88518 micron
	Layer             M5 :      96377 micron
	Layer             M6 :      86264 micron
	Layer             M7 :      57887 micron
	Layer             M8 :      45814 micron
	Layer             M9 :       1831 micron
	Layer           MRDL :          0 micron
	Via     VIA89_C(rot) :         96
	Via        VIA78SQ_C :       3357
	Via       VIA78BAR_C :          3
	Via    VIA78SQ_C_2x1 :         29
	Via        VIA67SQ_C :          8
	Via   VIA67SQ_C(rot) :       6704
	Via        VIA56SQ_C :      13910
	Via   VIA56SQ_C(rot) :          3
	Via        VIA45SQ_C :        886
	Via   VIA45SQ_C(rot) :      22043
	Via        VIA34SQ_C :      32909
	Via   VIA34SQ_C(rot) :        132
	Via        VIA23SQ_C :        836
	Via   VIA23SQ_C(rot) :     142677
	Via        VIA12SQ_C :     127070
	Via   VIA12SQ_C(rot) :       5829
	Via       VIA12BAR_C :         48
	Via    VIA12SQ_C_2x1 :         10

 
Redundant via conversion report:
--------------------------------

  Total optimized via conversion rate =  0.01% (39 / 356550 vias)
 
    Layer VIA1       =  0.01% (10     / 132957  vias)
        Weight 1     =  0.01% (10      vias)
        Un-optimized =  0.00% (0       vias)
        Un-mapped    = 99.99% (132947  vias)
    Layer VIA2       =  0.00% (0      / 143513  vias)
        Un-optimized =  0.00% (0       vias)
        Un-mapped    = 100.00% (143513  vias)
    Layer VIA3       =  0.00% (0      / 33041   vias)
        Un-optimized =  0.00% (0       vias)
        Un-mapped    = 100.00% (33041   vias)
    Layer VIA4       =  0.00% (0      / 22929   vias)
        Un-optimized =  0.00% (0       vias)
        Un-mapped    = 100.00% (22929   vias)
    Layer VIA5       =  0.00% (0      / 13913   vias)
        Un-optimized =  0.00% (0       vias)
        Un-mapped    = 100.00% (13913   vias)
    Layer VIA6       =  0.00% (0      / 6712    vias)
        Un-optimized =  0.00% (0       vias)
        Un-mapped    = 100.00% (6712    vias)
    Layer VIA7       =  0.86% (29     / 3389    vias)
        Weight 1     =  0.86% (29      vias)
        Un-optimized =  0.00% (0       vias)
        Un-mapped    = 99.14% (3360    vias)
    Layer VIA8       =  0.00% (0      / 96      vias)
        Un-optimized =  0.00% (0       vias)
        Un-mapped    = 100.00% (96      vias)
 
  Total double via conversion rate    =  0.01% (39 / 356550 vias)
 
    Layer VIA1       =  0.01% (10     / 132957  vias)
    Layer VIA2       =  0.00% (0      / 143513  vias)
    Layer VIA3       =  0.00% (0      / 33041   vias)
    Layer VIA4       =  0.00% (0      / 22929   vias)
    Layer VIA5       =  0.00% (0      / 13913   vias)
    Layer VIA6       =  0.00% (0      / 6712    vias)
    Layer VIA7       =  0.86% (29     / 3389    vias)
    Layer VIA8       =  0.00% (0      / 96      vias)
 
  The optimized via conversion rate based on total routed via count =  0.01% (39 / 356550 vias)
 
    Layer VIA1       =  0.01% (10     / 132957  vias)
        Weight 1     =  0.01% (10      vias)
        Un-optimized =  0.00% (0       vias)
        Un-mapped    = 99.99% (132947  vias)
    Layer VIA2       =  0.00% (0      / 143513  vias)
        Un-optimized =  0.00% (0       vias)
        Un-mapped    = 100.00% (143513  vias)
    Layer VIA3       =  0.00% (0      / 33041   vias)
        Un-optimized =  0.00% (0       vias)
        Un-mapped    = 100.00% (33041   vias)
    Layer VIA4       =  0.00% (0      / 22929   vias)
        Un-optimized =  0.00% (0       vias)
        Un-mapped    = 100.00% (22929   vias)
    Layer VIA5       =  0.00% (0      / 13913   vias)
        Un-optimized =  0.00% (0       vias)
        Un-mapped    = 100.00% (13913   vias)
    Layer VIA6       =  0.00% (0      / 6712    vias)
        Un-optimized =  0.00% (0       vias)
        Un-mapped    = 100.00% (6712    vias)
    Layer VIA7       =  0.86% (29     / 3389    vias)
        Weight 1     =  0.86% (29      vias)
        Un-optimized =  0.00% (0       vias)
        Un-mapped    = 99.14% (3360    vias)
    Layer VIA8       =  0.00% (0      / 96      vias)
        Un-optimized =  0.00% (0       vias)
        Un-mapped    = 100.00% (96      vias)
 

Total number of nets = 47509
39 open nets, of which 0 are frozen
Total number of excluded ports = 0 ports of 0 unplaced cells connected to 0 nets
                                 0 ports without pins of 0 cells connected to 0 nets
                                 0 ports of 0 cover cells connected to 0 non-pg nets
Total number of DRCs = 4
Total number of antenna violations = antenna checking not active
Information: Routes in non-preferred voltage areas = 0 (ZRT-559)

Topology ECO not run, no qualifying violations or in frozen nets.
Updating the database ...
icc2_shell> check _l
check_legality check_license  check_lvs      
icc2_shell> check_lvs 
Information: Using 12 threads for LVS
Begin building search trees for block zigbee_F.dlib:zigbee_F_routing.design
Done building search trees for block zigbee_F.dlib:zigbee_F_routing.design (time 0s)
[Check Net] Init	Elapsed =    0:00:00, CPU =    0:00:03
[Check Short] Stage 1	Elapsed =    0:00:00, CPU =    0:00:04
Warning: Port VDD have no valid pin shapes. Skip this port. (RT-203)
Warning: Port VSS have no valid pin shapes. Skip this port. (RT-203)
[Check Net] 10% 	Elapsed =    0:00:00, CPU =    0:00:05
[Check Short] Stage 1-2	Elapsed =    0:00:00, CPU =    0:00:05
[Check Short] Stage 2	Elapsed =    0:00:01, CPU =    0:00:06
[Check Short] Stage 2-2	Elapsed =    0:00:01, CPU =    0:00:13
[Check Short] Stage 3	Elapsed =    0:00:01, CPU =    0:00:13
[Check Short] End	Elapsed =    0:00:01, CPU =    0:00:13
[Check Net] 20% 	Elapsed =    0:00:01, CPU =    0:00:13
[Check Net] 30% 	Elapsed =    0:00:01, CPU =    0:00:13
[Check Net] 40% 	Elapsed =    0:00:01, CPU =    0:00:13
[Check Net] 50% 	Elapsed =    0:00:01, CPU =    0:00:14
[Check Net] 60% 	Elapsed =    0:00:01, CPU =    0:00:14
[Check Net] 70% 	Elapsed =    0:00:01, CPU =    0:00:14
Information: Detected open violation for Net DQPSK_CSK/Imag_Sync_FIFO/n16. BBox: (132.9130 381.8840)(222.4610 427.1430). (RT-585)
Information: Detected open violation for Net DQPSK_CSK/Imag_Sync_FIFO/copt_net_6163. BBox: (123.9450 425.5130)(133.1750 429.5560). (RT-585)
Information: Detected open violation for Net DQPSK_CSK/Imag_Sync_FIFO/copt_net_6162. BBox: (127.4410 424.7640)(129.5270 433.7460). (RT-585)
Information: Detected open violation for Net DQPSK_CSK/Imag_Sync_FIFO/PLACE_HFSNET_3096. BBox: (131.2410 424.7640)(132.3250 426.2120). (RT-585)
Information: Detected open violation for Net DQPSK_CSK/Imag_Sync_FIFO/net_aps_238. BBox: (123.3370 423.9930)(123.9030 427.8920). (RT-585)
Information: Detected open violation for Net DQPSK_CSK/Imag_Sync_FIFO/n8030. BBox: (131.0890 425.5980)(135.8210 431.2090). (RT-585)
Information: Detected open violation for Net DQPSK_CSK/Imag_Sync_FIFO/n8017. BBox: (139.6010 425.5980)(145.3350 427.8650). (RT-585)
Information: Detected open violation for Net DQPSK_CSK/Imag_Sync_FIFO/n8018. BBox: (137.7770 426.4730)(143.8150 427.8650). (RT-585)
Information: Detected open violation for Net DQPSK_CSK/Imag_Sync_FIFO/n8010. BBox: (122.8810 423.5370)(127.7650 427.8650). (RT-585)
Information: Detected open violation for Net DQPSK_CSK/Imag_Sync_FIFO/n693. BBox: (130.7850 424.7910)(139.2550 432.3110). (RT-585)
Information: Detected open violation for Net DQPSK_CSK/Imag_Sync_FIFO/mem[107][1]. BBox: (130.6630 423.1320)(132.1730 427.1430). (RT-585)
Information: Detected open violation for Net DQPSK_CSK/Imag_Sync_FIFO/mem[103][0]. BBox: (142.6710 422.1690)(147.2210 426.1800). (RT-585)
Information: Detected open violation for Net DQPSK_CSK/Imag_Sync_FIFO/mem[97][1]. BBox: (133.3690 424.7820)(139.1030 428.9970). (RT-585)
Information: Detected open violation for Net DQPSK_CSK/Imag_Sync_FIFO/copt_net_10126. BBox: (124.2490 426.1020)(133.0230 432.9000). (RT-585)
Information: Detected open violation for Net DQPSK_CSK/Imag_Sync_FIFO/copt_net_9165. BBox: (126.0730 423.0810)(137.4310 427.8920). (RT-585)
Information: Detected open violation for Net DQPSK_CSK/Imag_Sync_FIFO/copt_net_8849. BBox: (143.5530 421.4200)(152.4790 425.6530). (RT-585)
Information: Detected open violation for Net DQPSK_CSK/Imag_Sync_FIFO/PLACE_HFSNET_6829. BBox: (125.7990 423.1000)(132.0040 425.7750). (RT-585)
Information: Detected open violation for Net DQPSK_CSK/Imag_Sync_FIFO/n5985. BBox: (121.9690 426.4250)(125.5750 428.9670). (RT-585)
Information: Detected open violation for Net DQPSK_CSK/Imag_Sync_FIFO/n5795. BBox: (152.5220 424.7640)(184.4440 474.5670). (RT-585)
Information: Detected open violation for Net DQPSK_CSK/Imag_Sync_FIFO/mem[103][1]. BBox: (140.8470 423.5320)(144.7890 427.8740). (RT-585)
[Check Net] 80% 	Elapsed =    0:00:02, CPU =    0:00:19
Detected more than 20 open violations. Skip checking open violations.
[Check Net] 90% 	Elapsed =    0:00:02, CPU =    0:00:19
Detected more than 20 open violations. Skip checking open violations.
[Check Net] All nets are submitted.
[Check Net] 100%	Elapsed =    0:00:02, CPU =    0:00:20

===============================================================
    Maximum number of violations is set to 20
    Abort checking when more than 20 violations are found
    All violations might not be found.
===============================================================
Total number of input nets is 47526.
Total number of short violations is 0.
Total number of open nets is 20.
Open nets are DQPSK_CSK/Imag_Sync_FIFO/mem[97][1] DQPSK_CSK/Imag_Sync_FIFO/mem[103][1] DQPSK_CSK/Imag_Sync_FIFO/mem[103][0] DQPSK_CSK/Imag_Sync_FIFO/mem[107][1] DQPSK_CSK/Imag_Sync_FIFO/n16 DQPSK_CSK/Imag_Sync_FIFO/n693 DQPSK_CSK/Imag_Sync_FIFO/n5795 DQPSK_CSK/Imag_Sync_FIFO/n5985 DQPSK_CSK/Imag_Sync_FIFO/n8010 DQPSK_CSK/Imag_Sync_FIFO/n8017 DQPSK_CSK/Imag_Sync_FIFO/n8018 DQPSK_CSK/Imag_Sync_FIFO/n8030 DQPSK_CSK/Imag_Sync_FIFO/net_aps_238 DQPSK_CSK/Imag_Sync_FIFO/PLACE_HFSNET_3096 DQPSK_CSK/Imag_Sync_FIFO/PLACE_HFSNET_6829 DQPSK_CSK/Imag_Sync_FIFO/copt_net_6162 DQPSK_CSK/Imag_Sync_FIFO/copt_net_6163 DQPSK_CSK/Imag_Sync_FIFO/copt_net_8849 DQPSK_CSK/Imag_Sync_FIFO/copt_net_9165 DQPSK_CSK/Imag_Sync_FIFO/copt_net_10126 ...
Total number of floating route violations is 0.

Elapsed =    0:00:03, CPU =    0:00:21
1
icc2_shell> route_eco op[K[K-open_net_driven true
Generating Timing information  
Information: The stitching and editing of coupling caps is turned ON for design 'zigbee_F.dlib:zigbee_F_routing.design'. (TIM-125)
Information: Design zigbee_F_routing has 47509 nets, 0 global routed, 47490 detail routed. (NEX-024)
Information: The RC mode used is DR for design 'zigbee'. (NEX-022)
---extraction options---
Corner: default
 late_cap_scale                : 1
 late_res_scale                : 1
 late_ccap_scale               : 1
 early_cap_scale               : 1
 early_res_scale               : 1
 early_ccap_scale              : 1
Global options:
 late_ccap_threshold       : 0.003pf
 late_ccap_ratio           : 0.03
 reference_direction       : use_from_tluplus
 real_metalfill_extraction : none
 virtual_shield_extraction : true
---app options---
 host.max_cores                   : 12
 extract.connect_open           : true
 extract.incremental_extraction : true
 extract.enable_coupling_cap    : true
Extracting design: zigbee_F_routing 
Information: coupling capacitance is created explicitly. (NEX-029)
Information: 47490 nets are successfully extracted. (NEX-028)
Information: Design Average RC for design zigbee_F_routing  (NEX-011)
Information: r = 1.066843 ohm/um, via_r = 0.484413 ohm/cut, c = 0.081133 ff/um, cc = 0.000000 ff/um (X dir) (NEX-017)
Information: r = 1.507492 ohm/um, via_r = 0.485660 ohm/cut, c = 0.092881 ff/um, cc = 0.000000 ff/um (Y dir) (NEX-017)
Information: Advanced receiver model has not been enabled for detailed routed design. (TIM-204)
Information: Update timing completed net estimation for all the timing graph nets (TIM-111)
Information: Net estimation statistics: timing graph nets = 47507, routed nets = 47490, across physical hierarchy nets = 0, parasitics cached nets = 47507, delay annotated nets = 0, parasitics annotated nets = 0, multi-voltage nets = 0. (TIM-112)
Design  Scenario default (Mode default Corner default)
Estimated unitRes/unitCap :
Layer M1 : Res  2 ohm/um Cap  0.149907 ff/um
Layer M2 : Res  1.78571 ohm/um Cap  0.152807 ff/um
Layer M3 : Res  1.78571 ohm/um Cap  0.10377 ff/um
Layer M4 : Res  1.78571 ohm/um Cap  0.10376 ff/um
Layer M5 : Res  0.357143 ohm/um Cap  0.090434 ff/um
Layer M6 : Res  0.357143 ohm/um Cap  0.0904285 ff/um
Layer M7 : Res  0.0892857 ohm/um Cap  0.0888719 ff/um
Layer M8 : Res  0.0892857 ohm/um Cap  0.0880677 ff/um
Layer M9 : Res  0.0125 ohm/um Cap  0.102767 ff/um
Layer MRDL : Res  0.175 ohm/um Cap  0.107256 ff/um
Generating Timing information  ... Done
Information: Serialized np data
INFO: timer data saved to /tmp/zigbee_F_routing_107666_279478272.timdat
Warning: Cell contains tie connections which are not connected to real PG. (ZRT-511)
Turn off antenna since no rule is specified
Cell Min-Routing-Layer = M2
Cell Max-Routing-Layer = M9
Warning: Cannot find a default contact code for layer CO. (ZRT-022)
rule clk_network_NDR_leaf equivalent to default rule
Warning: Ignore 2 top cell ports with no pins. (ZRT-027)
Info: number of net_type_blockage: 0 
soft rule ICC2_GENERATED_DEFAULT_SPACING_RULE_3_8_wire is redundant
soft rule LOPT_M3_M7_3_8_wire is redundant
soft rule LOPT_M6_M7_3_8_wire is redundant
[ECO: DbIn With Extraction] Elapsed real time: 0:00:01 
[ECO: DbIn With Extraction] Elapsed cpu  time: sys=0:00:01 usr=0:00:08 total=0:00:09
[ECO: DbIn With Extraction] Stage (MB): Used  136  Alloctr  149  Proc    0 
[ECO: DbIn With Extraction] Total (MB): Used  137  Alloctr  152  Proc 3651 
[ECO: Analysis] Elapsed real time: 0:00:01 
[ECO: Analysis] Elapsed cpu  time: sys=0:00:01 usr=0:00:08 total=0:00:09
[ECO: Analysis] Stage (MB): Used  136  Alloctr  149  Proc    0 
[ECO: Analysis] Total (MB): Used  137  Alloctr  152  Proc 3651 
Num of eco nets = 46
Num of open eco nets = 46
[ECO: Init] Elapsed real time: 0:00:01 
[ECO: Init] Elapsed cpu  time: sys=0:00:01 usr=0:00:08 total=0:00:09
[ECO: Init] Stage (MB): Used  140  Alloctr  152  Proc    0 
[ECO: Init] Total (MB): Used  141  Alloctr  155  Proc 3651 
Start Global Route ... 
[Init] Elapsed real time: 0:00:00 
[Init] Elapsed cpu  time: sys=0:00:00 usr=0:00:00 total=0:00:00
[Init] Stage (MB): Used    0  Alloctr    0  Proc    0 
[Init] Total (MB): Used  145  Alloctr  159  Proc 3651 
Printing options for 'route.common.*'
common.verbose_level                                    :	 0                   

Printing options for 'route.global.*'
global.crosstalk_driven                                 :	 true                
global.deterministic                                    :	 off                 
global.placement_timing_driven_mode                     :	 false               
global.timing_driven                                    :	 true                

Begin global routing.
Loading timing information to the router from design
Timing information loaded to the router.
Constructing data structure ...
Design statistics:
Design Bounding Box (0.00,0.00,532.24,531.63)
Number of routing layers = 10
layer M1, dir Hor, min width = 0.05, min space = 0.05 pitch = 0.15
layer M2, dir Ver, min width = 0.06, min space = 0.06 pitch = 0.15
layer M3, dir Hor, min width = 0.06, min space = 0.06 pitch = 0.30
layer M4, dir Ver, min width = 0.06, min space = 0.06 pitch = 0.30
layer M5, dir Hor, min width = 0.06, min space = 0.06 pitch = 0.61
layer M6, dir Ver, min width = 0.06, min space = 0.06 pitch = 0.61
layer M7, dir Hor, min width = 0.06, min space = 0.06 pitch = 1.22
layer M8, dir Ver, min width = 0.06, min space = 0.06 pitch = 1.22
layer M9, dir Hor, min width = 0.16, min space = 0.16 pitch = 2.43
layer MRDL, dir Ver, min width = 2.00, min space = 2.00 pitch = 4.86
Current Stage stats:
[End of Build Tech Data] Elapsed real time: 0:00:00 
[End of Build Tech Data] Elapsed cpu  time: sys=0:00:00 usr=0:00:00 total=0:00:00
[End of Build Tech Data] Stage (MB): Used    3  Alloctr    3  Proc    0 
[End of Build Tech Data] Total (MB): Used  156  Alloctr  169  Proc 3651 
Net statistics:
Total number of nets     = 47509
Number of nets to route  = 46
Number of nets with min-layer-mode soft = 1686
Number of nets with min-layer-mode soft-cost-medium = 1686
Number of nets with max-layer-mode hard = 1686
29 nets are partially connected,
 of which 29 are detail routed and 0 are global routed.
47463 nets are fully connected,
 of which 47463 are detail routed and 0 are global routed.
313 nets have non-default rule clk_network_NDR_internal
138 nets have non-default rule clk_network_NDR_internal_ext_spacing
3 nets have non-default rule clk_network_NDR_root
1 nets have non-default rule clk_network_NDR_root_ext_spacing
608 nets have non-default rule default_rule_equivalent_ndr_double_spacing
Current Stage stats:
[End of Build All Nets] Elapsed real time: 0:00:00 
[End of Build All Nets] Elapsed cpu  time: sys=0:00:00 usr=0:00:00 total=0:00:00
[End of Build All Nets] Stage (MB): Used   14  Alloctr   14  Proc    0 
[End of Build All Nets] Total (MB): Used  170  Alloctr  183  Proc 3651 
Average gCell capacity  1.95	 on layer (1)	 M1
Average gCell capacity  9.73	 on layer (2)	 M2
Average gCell capacity  5.22	 on layer (3)	 M3
Average gCell capacity  4.98	 on layer (4)	 M4
Average gCell capacity  2.64	 on layer (5)	 M5
Average gCell capacity  2.51	 on layer (6)	 M6
Average gCell capacity  1.34	 on layer (7)	 M7
Average gCell capacity  0.75	 on layer (8)	 M8
Average gCell capacity  0.39	 on layer (9)	 M9
Average gCell capacity  0.34	 on layer (10)	 MRDL
Average number of tracks per gCell 11.00	 on layer (1)	 M1
Average number of tracks per gCell 11.01	 on layer (2)	 M2
Average number of tracks per gCell 5.50	 on layer (3)	 M3
Average number of tracks per gCell 5.51	 on layer (4)	 M4
Average number of tracks per gCell 2.75	 on layer (5)	 M5
Average number of tracks per gCell 2.76	 on layer (6)	 M6
Average number of tracks per gCell 1.38	 on layer (7)	 M7
Average number of tracks per gCell 1.38	 on layer (8)	 M8
Average number of tracks per gCell 0.69	 on layer (9)	 M9
Average number of tracks per gCell 0.35	 on layer (10)	 MRDL
Number of gCells = 1011240
Current Stage stats:
[End of Build Congestion map] Elapsed real time: 0:00:00 
[End of Build Congestion map] Elapsed cpu  time: sys=0:00:00 usr=0:00:00 total=0:00:00
[End of Build Congestion map] Stage (MB): Used   15  Alloctr   15  Proc    0 
[End of Build Congestion map] Total (MB): Used  186  Alloctr  199  Proc 3651 
Information: RC layer preference is turned on for this design. (ZRT-613)
Total stats:
[End of Build Data] Elapsed real time: 0:00:00 
[End of Build Data] Elapsed cpu  time: sys=0:00:00 usr=0:00:01 total=0:00:01
[End of Build Data] Stage (MB): Used   34  Alloctr   34  Proc    0 
[End of Build Data] Total (MB): Used  187  Alloctr  200  Proc 3651 
Current Stage stats:
[End of Blocked Pin Detection] Elapsed real time: 0:00:00 
[End of Blocked Pin Detection] Elapsed cpu  time: sys=0:00:00 usr=0:00:00 total=0:00:00
[End of Blocked Pin Detection] Stage (MB): Used    1  Alloctr    1  Proc    0 
[End of Blocked Pin Detection] Total (MB): Used  187  Alloctr  200  Proc 3651 
Information: Using 12 threads for routing. (ZRT-444)
multi gcell levels ON

Start GR phase 0
Current Stage stats:
[End of Initial Routing] Elapsed real time: 0:00:00 
[End of Initial Routing] Elapsed cpu  time: sys=0:00:00 usr=0:00:00 total=0:00:00
[End of Initial Routing] Stage (MB): Used    0  Alloctr    0  Proc    0 
[End of Initial Routing] Total (MB): Used  187  Alloctr  200  Proc 3651 
Initial. Routing result:
Initial. Both Dirs: Overflow =  2178 Max = 11 GRCs =  2992 (1.48%)
Initial. H routing: Overflow =   545 Max =  3 (GRCs =   5) GRCs =  1358 (1.34%)
Initial. V routing: Overflow =  1632 Max = 11 (GRCs =   2) GRCs =  1634 (1.62%)
Initial. M1         Overflow =     1 Max =  1 (GRCs =   1) GRCs =     1 (0.00%)
Initial. M2         Overflow =  1448 Max = 11 (GRCs =   2) GRCs =  1135 (1.12%)
Initial. M3         Overflow =   379 Max =  3 (GRCs =   5) GRCs =   784 (0.78%)
Initial. M4         Overflow =   116 Max =  3 (GRCs =   1) GRCs =   235 (0.23%)
Initial. M5         Overflow =   122 Max =  2 (GRCs =   3) GRCs =   388 (0.38%)
Initial. M6         Overflow =    58 Max =  2 (GRCs =   2) GRCs =   198 (0.20%)
Initial. M7         Overflow =    42 Max =  1 (GRCs = 185) GRCs =   185 (0.18%)
Initial. M8         Overflow =    10 Max =  1 (GRCs =  66) GRCs =    66 (0.07%)
Initial. M9         Overflow =     0 Max =  0 (GRCs =   0) GRCs =     0 (0.00%)
Initial. MRDL       Overflow =     0 Max =  0 (GRCs =   0) GRCs =     0 (0.00%)


Density distribution:
Layer    0.0  0.1  0.2  0.3  0.4  0.5  0.6  0.7  0.8  0.9  1.0  1.1  1.2  > 1.2 
M1       99.8 0.11 0.00 0.01 0.00 0.01 0.00 0.00 0.00 0.00 0.01 0.00 0.00 0.00
M2       43.0 21.6 12.2 11.0 3.67 3.95 1.59 0.43 0.17 0.00 1.52 0.09 0.07 0.48
M3       15.5 15.6 2.32 23.8 0.00 10.9 18.8 1.48 8.61 0.00 2.55 0.05 0.14 0.04
M4       56.0 23.0 1.78 11.1 0.00 3.63 2.33 0.21 0.42 0.00 1.36 0.00 0.01 0.06
M5       52.4 0.00 0.00 24.6 0.00 9.57 9.79 0.00 0.00 0.00 3.44 0.00 0.00 0.06
M6       60.4 0.00 0.00 18.2 0.00 8.36 7.31 0.00 0.00 0.00 5.61 0.00 0.00 0.02
M7       66.6 0.00 0.00 0.00 0.00 14.5 0.00 0.00 0.00 0.00 18.8 0.00 0.00 0.02
M8       74.6 0.00 0.00 0.00 0.00 5.59 0.00 0.00 0.00 0.00 19.7 0.00 0.00 0.00
M9       98.4 0.00 0.00 0.00 0.00 0.00 0.00 0.00 0.00 0.00 1.58 0.00 0.00 0.00
MRDL     100. 0.00 0.00 0.00 0.00 0.00 0.00 0.00 0.00 0.00 0.00 0.00 0.00 0.00
Total    63.5 6.63 1.79 9.77 0.40 6.21 4.37 0.23 1.01 0.00 5.95 0.02 0.02 0.07


Initial. Total Wire Length = 411.55
Initial. Layer M1 wire length = 0.00
Initial. Layer M2 wire length = 74.09
Initial. Layer M3 wire length = 129.11
Initial. Layer M4 wire length = 10.77
Initial. Layer M5 wire length = 159.33
Initial. Layer M6 wire length = 38.25
Initial. Layer M7 wire length = 0.00
Initial. Layer M8 wire length = 0.00
Initial. Layer M9 wire length = 0.00
Initial. Layer MRDL wire length = 0.00
Initial. Total Number of Contacts = 167
Initial. Via VIA12SQ_C count = 66
Initial. Via VIA23SQ_C count = 64
Initial. Via VIA34SQ_C count = 17
Initial. Via VIA45SQ_C count = 12
Initial. Via VIA56SQ_C count = 8
Initial. Via VIA67SQ_C count = 0
Initial. Via VIA78SQ_C count = 0
Initial. Via VIA89_C count = 0
Initial. Via VIA9RDL count = 0
Initial. completed.

Start GR phase 1
Current Stage stats:
[End of Phase1 Routing] Elapsed real time: 0:00:00 
[End of Phase1 Routing] Elapsed cpu  time: sys=0:00:00 usr=0:00:00 total=0:00:00
[End of Phase1 Routing] Stage (MB): Used    0  Alloctr    0  Proc    0 
[End of Phase1 Routing] Total (MB): Used  187  Alloctr  200  Proc 3651 
phase1. Routing result:
phase1. Both Dirs: Overflow =  2166 Max = 11 GRCs =  2981 (1.47%)
phase1. H routing: Overflow =   535 Max =  3 (GRCs =   5) GRCs =  1347 (1.33%)
phase1. V routing: Overflow =  1631 Max = 11 (GRCs =   2) GRCs =  1634 (1.62%)
phase1. M1         Overflow =     1 Max =  1 (GRCs =   1) GRCs =     1 (0.00%)
phase1. M2         Overflow =  1449 Max = 11 (GRCs =   2) GRCs =  1135 (1.12%)
phase1. M3         Overflow =   379 Max =  3 (GRCs =   5) GRCs =   783 (0.77%)
phase1. M4         Overflow =   114 Max =  2 (GRCs =   7) GRCs =   235 (0.23%)
phase1. M5         Overflow =   112 Max =  2 (GRCs =   2) GRCs =   378 (0.37%)
phase1. M6         Overflow =    58 Max =  2 (GRCs =   2) GRCs =   198 (0.20%)
phase1. M7         Overflow =    42 Max =  1 (GRCs = 185) GRCs =   185 (0.18%)
phase1. M8         Overflow =    10 Max =  1 (GRCs =  66) GRCs =    66 (0.07%)
phase1. M9         Overflow =     0 Max =  0 (GRCs =   0) GRCs =     0 (0.00%)
phase1. MRDL       Overflow =     0 Max =  0 (GRCs =   0) GRCs =     0 (0.00%)


Density distribution:
Layer    0.0  0.1  0.2  0.3  0.4  0.5  0.6  0.7  0.8  0.9  1.0  1.1  1.2  > 1.2 
M1       99.8 0.11 0.00 0.01 0.00 0.01 0.00 0.00 0.00 0.00 0.01 0.00 0.00 0.00
M2       43.0 21.6 12.2 11.0 3.67 3.95 1.59 0.43 0.17 0.00 1.52 0.09 0.07 0.48
M3       15.5 15.6 2.32 23.8 0.00 10.9 18.8 1.49 8.61 0.00 2.55 0.05 0.14 0.04
M4       56.0 23.0 1.78 11.1 0.00 3.63 2.33 0.22 0.43 0.00 1.36 0.00 0.01 0.06
M5       52.4 0.00 0.00 24.6 0.00 9.58 9.80 0.00 0.00 0.00 3.45 0.00 0.00 0.05
M6       60.4 0.00 0.00 18.2 0.00 8.36 7.31 0.00 0.00 0.00 5.61 0.00 0.00 0.02
M7       66.6 0.00 0.00 0.00 0.00 14.5 0.00 0.00 0.00 0.00 18.8 0.00 0.00 0.02
M8       74.6 0.00 0.00 0.00 0.00 5.59 0.00 0.00 0.00 0.00 19.7 0.00 0.00 0.00
M9       98.4 0.00 0.00 0.00 0.00 0.00 0.00 0.00 0.00 0.00 1.58 0.00 0.00 0.00
MRDL     100. 0.00 0.00 0.00 0.00 0.00 0.00 0.00 0.00 0.00 0.00 0.00 0.00 0.00
Total    63.5 6.63 1.79 9.77 0.40 6.21 4.37 0.23 1.01 0.00 5.95 0.02 0.02 0.07


phase1. Total Wire Length = 425.25
phase1. Layer M1 wire length = 0.00
phase1. Layer M2 wire length = 74.09
phase1. Layer M3 wire length = 129.95
phase1. Layer M4 wire length = 15.79
phase1. Layer M5 wire length = 158.19
phase1. Layer M6 wire length = 47.24
phase1. Layer M7 wire length = 0.00
phase1. Layer M8 wire length = 0.00
phase1. Layer M9 wire length = 0.00
phase1. Layer MRDL wire length = 0.00
phase1. Total Number of Contacts = 173
phase1. Via VIA12SQ_C count = 66
phase1. Via VIA23SQ_C count = 64
phase1. Via VIA34SQ_C count = 17
phase1. Via VIA45SQ_C count = 12
phase1. Via VIA56SQ_C count = 14
phase1. Via VIA67SQ_C count = 0
phase1. Via VIA78SQ_C count = 0
phase1. Via VIA89_C count = 0
phase1. Via VIA9RDL count = 0
phase1. completed.

Start GR phase 2
Current Stage stats:
[End of Phase2 Routing] Elapsed real time: 0:00:00 
[End of Phase2 Routing] Elapsed cpu  time: sys=0:00:00 usr=0:00:00 total=0:00:00
[End of Phase2 Routing] Stage (MB): Used    0  Alloctr    0  Proc    0 
[End of Phase2 Routing] Total (MB): Used  187  Alloctr  200  Proc 3651 
phase2. Routing result:
phase2. Both Dirs: Overflow =  2166 Max = 11 GRCs =  2981 (1.47%)
phase2. H routing: Overflow =   535 Max =  3 (GRCs =   5) GRCs =  1347 (1.33%)
phase2. V routing: Overflow =  1631 Max = 11 (GRCs =   2) GRCs =  1634 (1.62%)
phase2. M1         Overflow =     1 Max =  1 (GRCs =   1) GRCs =     1 (0.00%)
phase2. M2         Overflow =  1449 Max = 11 (GRCs =   2) GRCs =  1135 (1.12%)
phase2. M3         Overflow =   379 Max =  3 (GRCs =   5) GRCs =   783 (0.77%)
phase2. M4         Overflow =   114 Max =  2 (GRCs =   7) GRCs =   235 (0.23%)
phase2. M5         Overflow =   112 Max =  2 (GRCs =   2) GRCs =   378 (0.37%)
phase2. M6         Overflow =    58 Max =  2 (GRCs =   2) GRCs =   198 (0.20%)
phase2. M7         Overflow =    42 Max =  1 (GRCs = 185) GRCs =   185 (0.18%)
phase2. M8         Overflow =    10 Max =  1 (GRCs =  66) GRCs =    66 (0.07%)
phase2. M9         Overflow =     0 Max =  0 (GRCs =   0) GRCs =     0 (0.00%)
phase2. MRDL       Overflow =     0 Max =  0 (GRCs =   0) GRCs =     0 (0.00%)


Density distribution:
Layer    0.0  0.1  0.2  0.3  0.4  0.5  0.6  0.7  0.8  0.9  1.0  1.1  1.2  > 1.2 
M1       99.8 0.11 0.00 0.01 0.00 0.01 0.00 0.00 0.00 0.00 0.01 0.00 0.00 0.00
M2       43.0 21.6 12.2 11.0 3.67 3.95 1.59 0.43 0.17 0.00 1.52 0.09 0.07 0.48
M3       15.5 15.6 2.32 23.8 0.00 10.9 18.8 1.49 8.61 0.00 2.55 0.05 0.14 0.04
M4       56.0 23.0 1.78 11.1 0.00 3.63 2.33 0.22 0.42 0.00 1.36 0.00 0.01 0.06
M5       52.4 0.00 0.00 24.6 0.00 9.58 9.80 0.00 0.00 0.00 3.45 0.00 0.00 0.05
M6       60.4 0.00 0.00 18.2 0.00 8.36 7.31 0.00 0.00 0.00 5.61 0.00 0.00 0.02
M7       66.6 0.00 0.00 0.00 0.00 14.5 0.00 0.00 0.00 0.00 18.8 0.00 0.00 0.02
M8       74.6 0.00 0.00 0.00 0.00 5.59 0.00 0.00 0.00 0.00 19.7 0.00 0.00 0.00
M9       98.4 0.00 0.00 0.00 0.00 0.00 0.00 0.00 0.00 0.00 1.58 0.00 0.00 0.00
MRDL     100. 0.00 0.00 0.00 0.00 0.00 0.00 0.00 0.00 0.00 0.00 0.00 0.00 0.00
Total    63.5 6.63 1.79 9.77 0.40 6.21 4.37 0.23 1.01 0.00 5.95 0.02 0.02 0.07


phase2. Total Wire Length = 425.25
phase2. Layer M1 wire length = 0.00
phase2. Layer M2 wire length = 74.09
phase2. Layer M3 wire length = 129.95
phase2. Layer M4 wire length = 14.12
phase2. Layer M5 wire length = 158.19
phase2. Layer M6 wire length = 48.91
phase2. Layer M7 wire length = 0.00
phase2. Layer M8 wire length = 0.00
phase2. Layer M9 wire length = 0.00
phase2. Layer MRDL wire length = 0.00
phase2. Total Number of Contacts = 173
phase2. Via VIA12SQ_C count = 66
phase2. Via VIA23SQ_C count = 64
phase2. Via VIA34SQ_C count = 17
phase2. Via VIA45SQ_C count = 12
phase2. Via VIA56SQ_C count = 14
phase2. Via VIA67SQ_C count = 0
phase2. Via VIA78SQ_C count = 0
phase2. Via VIA89_C count = 0
phase2. Via VIA9RDL count = 0
phase2. completed.
[End of Whole Chip Routing] Elapsed real time: 0:00:01 
[End of Whole Chip Routing] Elapsed cpu  time: sys=0:00:00 usr=0:00:01 total=0:00:02
[End of Whole Chip Routing] Stage (MB): Used   34  Alloctr   34  Proc    0 
[End of Whole Chip Routing] Total (MB): Used  187  Alloctr  200  Proc 3651 

Information: Global Routing terminated early: true (ZRT-103)

Congestion utilization per direction:
Average vertical track utilization   = 19.27 %
Peak    vertical track utilization   = 200.00 %
Average horizontal track utilization = 28.79 %
Peak    horizontal track utilization = 137.50 %

Current Stage stats:
[GR: Done] Elapsed real time: 0:00:00 
[GR: Done] Elapsed cpu  time: sys=0:00:00 usr=0:00:00 total=0:00:00
[GR: Done] Stage (MB): Used  -14  Alloctr  -13  Proc    0 
[GR: Done] Total (MB): Used  173  Alloctr  187  Proc 3651 
GR Total stats:
[GR: Done] Elapsed real time: 0:00:01 
[GR: Done] Elapsed cpu  time: sys=0:00:00 usr=0:00:02 total=0:00:02
[GR: Done] Stage (MB): Used   28  Alloctr   27  Proc    0 
[GR: Done] Total (MB): Used  173  Alloctr  187  Proc 3651 
Updating congestion ...
Updating congestion ...
Final total stats:
[End of Global Routing] Elapsed real time: 0:00:01 
[End of Global Routing] Elapsed cpu  time: sys=0:00:00 usr=0:00:02 total=0:00:02
[End of Global Routing] Stage (MB): Used    7  Alloctr    7  Proc    0 
[End of Global Routing] Total (MB): Used  153  Alloctr  166  Proc 3651 
[ECO: GR] Elapsed real time: 0:00:02 
[ECO: GR] Elapsed cpu  time: sys=0:00:01 usr=0:00:10 total=0:00:12
[ECO: GR] Stage (MB): Used  152  Alloctr  163  Proc    0 
[ECO: GR] Total (MB): Used  153  Alloctr  166  Proc 3651 

Start track assignment

Printing options for 'route.common.*'
common.verbose_level                                    :	 0                   

Printing options for 'route.track.*'
track.crosstalk_driven                                  :	 true                
track.timing_driven                                     :	 true                

Information: Using 12 threads for routing. (ZRT-444)
Information: RC layer preference is turned on for this design. (ZRT-613)

[Track Assign: Read routes] Elapsed real time: 0:00:00 
[Track Assign: Read routes] Elapsed cpu  time: sys=0:00:00 usr=0:00:00 total=0:00:00
[Track Assign: Read routes] Stage (MB): Used    4  Alloctr    4  Proc    0 
[Track Assign: Read routes] Total (MB): Used  153  Alloctr  166  Proc 3651 

Start initial assignment
Routed partition 1/7       
Routed partition 2/7       
Routed partition 3/7       
Routed partition 4/7       
Routed partition 5/7       
Routed partition 6/7       
Routed partition 7/7       

Number of wires with overlap after iteration 0 = 113 of 203


[Track Assign: Iteration 0] Elapsed real time: 0:00:00 
[Track Assign: Iteration 0] Elapsed cpu  time: sys=0:00:00 usr=0:00:00 total=0:00:00
[Track Assign: Iteration 0] Stage (MB): Used    4  Alloctr    4  Proc    0 
[Track Assign: Iteration 0] Total (MB): Used  153  Alloctr  167  Proc 3651 

Reroute to fix overlaps
Routed partition 1/7       
Routed partition 2/7       
Routed partition 3/7       
Routed partition 4/7       
Routed partition 5/7       
Routed partition 6/7       
Routed partition 7/7       

[Track Assign: Iteration 1] Elapsed real time: 0:00:00 
[Track Assign: Iteration 1] Elapsed cpu  time: sys=0:00:00 usr=0:00:00 total=0:00:01
[Track Assign: Iteration 1] Stage (MB): Used    4  Alloctr    4  Proc    0 
[Track Assign: Iteration 1] Total (MB): Used  153  Alloctr  167  Proc 3651 

Number of wires with overlap after iteration 1 = 79 of 159


Wire length and via report:
---------------------------
Number of M1 wires: 18 		  : 0
Number of M2 wires: 57 		 VIA12SQ_C: 68
Number of M3 wires: 48 		 VIA23SQ_C: 78
Number of M4 wires: 16 		 VIA34SQ_C: 21
Number of M5 wires: 15 		 VIA45SQ_C: 14
Number of M6 wires: 5 		 VIA56SQ_C: 8
Number of M7 wires: 0 		 VIA67SQ_C: 0
Number of M8 wires: 0 		 VIA78SQ_C: 0
Number of M9 wires: 0 		 VIA89_C: 0
Number of MRDL wires: 0 		 VIA9RDL: 0
Total number of wires: 159 		 vias: 189

Total M1 wire length: 5.6
Total M2 wire length: 72.1
Total M3 wire length: 143.3
Total M4 wire length: 25.2
Total M5 wire length: 143.6
Total M6 wire length: 44.8
Total M7 wire length: 0.0
Total M8 wire length: 0.0
Total M9 wire length: 0.0
Total MRDL wire length: 0.0
Total wire length: 434.5

Longest M1 wire length: 1.4
Longest M2 wire length: 7.3
Longest M3 wire length: 13.1
Longest M4 wire length: 3.6
Longest M5 wire length: 35.0
Longest M6 wire length: 37.1
Longest M7 wire length: 0.0
Longest M8 wire length: 0.0
Longest M9 wire length: 0.0
Longest MRDL wire length: 0.0


[Track Assign: Done] Elapsed real time: 0:00:00 
[Track Assign: Done] Elapsed cpu  time: sys=0:00:00 usr=0:00:00 total=0:00:01
[Track Assign: Done] Stage (MB): Used    0  Alloctr    0  Proc    0 
[Track Assign: Done] Total (MB): Used  148  Alloctr  162  Proc 3651 
[ECO: CDR] Elapsed real time: 0:00:03 
[ECO: CDR] Elapsed cpu  time: sys=0:00:01 usr=0:00:11 total=0:00:13
[ECO: CDR] Stage (MB): Used  147  Alloctr  159  Proc    0 
[ECO: CDR] Total (MB): Used  148  Alloctr  162  Proc 3651 
Printing options for 'route.common.*'
common.verbose_level                                    :	 0                   

Printing options for 'route.detail.*'
detail.antenna                                          :	 true                
detail.check_patchable_drc_from_fixed_shapes            :	 true                
detail.drc_convergence_effort_level                     :	 high                
detail.eco_max_number_of_iterations                     :	 60                  
detail.force_end_on_preferred_grid                      :	 true                
detail.timing_driven                                    :	 true                

Printing options for 'route.auto_via_ladder.*'

Information: RC layer preference is turned on for this design. (ZRT-613)

Begin ECO DRC check ...

Checked	1/64 Partitions, Violations =	4
Checked	2/64 Partitions, Violations =	4
Checked	4/64 Partitions, Violations =	4
Checked	6/64 Partitions, Violations =	4
Checked	8/64 Partitions, Violations =	4
Checked	10/64 Partitions, Violations =	4
Checked	12/64 Partitions, Violations =	4
Checked	14/64 Partitions, Violations =	4
Checked	16/64 Partitions, Violations =	4
Checked	18/64 Partitions, Violations =	4
Checked	20/64 Partitions, Violations =	4
Checked	22/64 Partitions, Violations =	4
Checked	24/64 Partitions, Violations =	4
Checked	26/64 Partitions, Violations =	4
Checked	28/64 Partitions, Violations =	4
Checked	30/64 Partitions, Violations =	4
Checked	32/64 Partitions, Violations =	4
Checked	34/64 Partitions, Violations =	4
Checked	36/64 Partitions, Violations =	4
Checked	38/64 Partitions, Violations =	10
Checked	40/64 Partitions, Violations =	10
Checked	42/64 Partitions, Violations =	10
Checked	44/64 Partitions, Violations =	10
Checked	46/64 Partitions, Violations =	10
Checked	49/64 Partitions, Violations =	10
Checked	50/64 Partitions, Violations =	55
Checked	52/64 Partitions, Violations =	55
Checked	54/64 Partitions, Violations =	55
Checked	56/64 Partitions, Violations =	59
Checked	58/64 Partitions, Violations =	59
Checked	60/64 Partitions, Violations =	86
Checked	62/64 Partitions, Violations =	86
Checked	64/64 Partitions, Violations =	86

DRC-SUMMARY:
	@@@@@@@ TOTAL VIOLATIONS =	86

[DRC CHECK] Elapsed real time: 0:00:01 
[DRC CHECK] Elapsed cpu  time: sys=0:00:00 usr=0:00:04 total=0:00:04
[DRC CHECK] Stage (MB): Used    0  Alloctr    0  Proc    0 
[DRC CHECK] Total (MB): Used  166  Alloctr  180  Proc 3651 

Total Wire Length =                    890572 micron
Total Number of Contacts =             356699
Total Number of Wires =                293974
Total Number of PtConns =              77153
Total Number of Routed Wires =       293974
Total Routed Wire Length =           879049 micron
Total Number of Routed Contacts =       356699
	Layer             M1 :       4567 micron
	Layer             M2 :     222831 micron
	Layer             M3 :     286438 micron
	Layer             M4 :      88533 micron
	Layer             M5 :      96410 micron
	Layer             M6 :      86261 micron
	Layer             M7 :      57887 micron
	Layer             M8 :      45814 micron
	Layer             M9 :       1831 micron
	Layer           MRDL :          0 micron
	Via     VIA89_C(rot) :         96
	Via        VIA78SQ_C :       3357
	Via       VIA78BAR_C :          3
	Via    VIA78SQ_C_2x1 :         29
	Via        VIA67SQ_C :          8
	Via   VIA67SQ_C(rot) :       6704
	Via        VIA56SQ_C :      13908
	Via   VIA56SQ_C(rot) :          3
	Via        VIA45SQ_C :        886
	Via   VIA45SQ_C(rot) :      22051
	Via        VIA34SQ_C :      32922
	Via   VIA34SQ_C(rot) :        132
	Via        VIA23SQ_C :        836
	Via   VIA23SQ_C(rot) :     142748
	Via        VIA12SQ_C :     127128
	Via   VIA12SQ_C(rot) :       5830
	Via       VIA12BAR_C :         48
	Via    VIA12SQ_C_2x1 :         10

 
Redundant via conversion report:
--------------------------------

  Total optimized via conversion rate =  0.01% (39 / 356699 vias)
 
    Layer VIA1       =  0.01% (10     / 133016  vias)
        Weight 1     =  0.01% (10      vias)
        Un-optimized =  0.00% (0       vias)
        Un-mapped    = 99.99% (133006  vias)
    Layer VIA2       =  0.00% (0      / 143584  vias)
        Un-optimized =  0.00% (0       vias)
        Un-mapped    = 100.00% (143584  vias)
    Layer VIA3       =  0.00% (0      / 33054   vias)
        Un-optimized =  0.00% (0       vias)
        Un-mapped    = 100.00% (33054   vias)
    Layer VIA4       =  0.00% (0      / 22937   vias)
        Un-optimized =  0.00% (0       vias)
        Un-mapped    = 100.00% (22937   vias)
    Layer VIA5       =  0.00% (0      / 13911   vias)
        Un-optimized =  0.00% (0       vias)
        Un-mapped    = 100.00% (13911   vias)
    Layer VIA6       =  0.00% (0      / 6712    vias)
        Un-optimized =  0.00% (0       vias)
        Un-mapped    = 100.00% (6712    vias)
    Layer VIA7       =  0.86% (29     / 3389    vias)
        Weight 1     =  0.86% (29      vias)
        Un-optimized =  0.00% (0       vias)
        Un-mapped    = 99.14% (3360    vias)
    Layer VIA8       =  0.00% (0      / 96      vias)
        Un-optimized =  0.00% (0       vias)
        Un-mapped    = 100.00% (96      vias)
 
  Total double via conversion rate    =  0.01% (39 / 356699 vias)
 
    Layer VIA1       =  0.01% (10     / 133016  vias)
    Layer VIA2       =  0.00% (0      / 143584  vias)
    Layer VIA3       =  0.00% (0      / 33054   vias)
    Layer VIA4       =  0.00% (0      / 22937   vias)
    Layer VIA5       =  0.00% (0      / 13911   vias)
    Layer VIA6       =  0.00% (0      / 6712    vias)
    Layer VIA7       =  0.86% (29     / 3389    vias)
    Layer VIA8       =  0.00% (0      / 96      vias)
 
  The optimized via conversion rate based on total routed via count =  0.01% (39 / 356699 vias)
 
    Layer VIA1       =  0.01% (10     / 133016  vias)
        Weight 1     =  0.01% (10      vias)
        Un-optimized =  0.00% (0       vias)
        Un-mapped    = 99.99% (133006  vias)
    Layer VIA2       =  0.00% (0      / 143584  vias)
        Un-optimized =  0.00% (0       vias)
        Un-mapped    = 100.00% (143584  vias)
    Layer VIA3       =  0.00% (0      / 33054   vias)
        Un-optimized =  0.00% (0       vias)
        Un-mapped    = 100.00% (33054   vias)
    Layer VIA4       =  0.00% (0      / 22937   vias)
        Un-optimized =  0.00% (0       vias)
        Un-mapped    = 100.00% (22937   vias)
    Layer VIA5       =  0.00% (0      / 13911   vias)
        Un-optimized =  0.00% (0       vias)
        Un-mapped    = 100.00% (13911   vias)
    Layer VIA6       =  0.00% (0      / 6712    vias)
        Un-optimized =  0.00% (0       vias)
        Un-mapped    = 100.00% (6712    vias)
    Layer VIA7       =  0.86% (29     / 3389    vias)
        Weight 1     =  0.86% (29      vias)
        Un-optimized =  0.00% (0       vias)
        Un-mapped    = 99.14% (3360    vias)
    Layer VIA8       =  0.00% (0      / 96      vias)
        Un-optimized =  0.00% (0       vias)
        Un-mapped    = 100.00% (96      vias)
 
Total number of nets = 47509, of which 0 are not extracted
Total number of open nets = 0, of which 0 are frozen
Information: Using 12 threads for routing. (ZRT-444)
Start DR iteration 0: non-uniform partition
Routed	1/12 Partitions, Violations =	42
Routed	2/12 Partitions, Violations =	32
Routed	3/12 Partitions, Violations =	25
Routed	4/12 Partitions, Violations =	25
Routed	5/12 Partitions, Violations =	23
Routed	6/12 Partitions, Violations =	23
Routed	7/12 Partitions, Violations =	23
Routed	8/12 Partitions, Violations =	23
Routed	9/12 Partitions, Violations =	8
Routed	10/12 Partitions, Violations =	8
Routed	11/12 Partitions, Violations =	5
Routed	12/12 Partitions, Violations =	2

DRC-SUMMARY:
	@@@@@@@ TOTAL VIOLATIONS =	2
	Less than minimum area : 1
	Same net spacing : 1

[Iter 0] Elapsed real time: 0:00:01 
[Iter 0] Elapsed cpu  time: sys=0:00:00 usr=0:00:06 total=0:00:06
[Iter 0] Stage (MB): Used   17  Alloctr   17  Proc    0 
[Iter 0] Total (MB): Used  166  Alloctr  180  Proc 3651 

End DR iteration 0 with 12 parts

Start DR iteration 1: non-uniform partition
Routed	1/1 Partitions, Violations =	0

DRC-SUMMARY:
	@@@@@@@ TOTAL VIOLATIONS =	0

[Iter 1] Elapsed real time: 0:00:01 
[Iter 1] Elapsed cpu  time: sys=0:00:00 usr=0:00:07 total=0:00:07
[Iter 1] Stage (MB): Used   17  Alloctr   17  Proc    0 
[Iter 1] Total (MB): Used  166  Alloctr  180  Proc 3651 

End DR iteration 1 with 1 parts

Finish DR since reached 0 DRC

Information: Detail Routing terminated early because DRCs were not converging: false (ZRT-312)

Nets that have been changed:
Net 1 = DQPSK_CSK/Imag_Sync_FIFO/mem[97][1]
Net 2 = DQPSK_CSK/Imag_Sync_FIFO/mem[97][0]
Net 3 = DQPSK_CSK/Imag_Sync_FIFO/mem[103][1]
Net 4 = DQPSK_CSK/Imag_Sync_FIFO/mem[103][0]
Net 5 = DQPSK_CSK/Imag_Sync_FIFO/mem[107][1]
Net 6 = DQPSK_CSK/Imag_Sync_FIFO/n16
Net 7 = DQPSK_CSK/Imag_Sync_FIFO/n693
Net 8 = DQPSK_CSK/Imag_Sync_FIFO/PLACE_HFSNET_2275
Net 9 = DQPSK_CSK/Imag_Sync_FIFO/n5795
Net 10 = DQPSK_CSK/Imag_Sync_FIFO/n5985
Net 11 = DQPSK_CSK/Imag_Sync_FIFO/n8010
Net 12 = DQPSK_CSK/Imag_Sync_FIFO/n8017
Net 13 = DQPSK_CSK/Imag_Sync_FIFO/n8018
Net 14 = DQPSK_CSK/Imag_Sync_FIFO/n8030
Net 15 = DQPSK_CSK/Imag_Sync_FIFO/n9168
Net 16 = DQPSK_CSK/Imag_Sync_FIFO/n9222
Net 17 = DQPSK_CSK/Imag_Sync_FIFO/net_aps_234
Net 18 = DQPSK_CSK/Imag_Sync_FIFO/net_aps_238
Net 19 = DQPSK_CSK/Imag_Sync_FIFO/PLACE_HFSNET_2278
Net 20 = DQPSK_CSK/Imag_Sync_FIFO/PLACE_HFSNET_3094
Net 21 = DQPSK_CSK/Imag_Sync_FIFO/PLACE_HFSNET_3095
Net 22 = DQPSK_CSK/Imag_Sync_FIFO/PLACE_HFSNET_3096
Net 23 = DQPSK_CSK/Imag_Sync_FIFO/PLACE_HFSNET_3098
Net 24 = DQPSK_CSK/Imag_Sync_FIFO/PLACE_HFSNET_3099
Net 25 = symbol_mapper_to_ppdu/u_sync_fifo_odd/PLACE_HFSNET_4588
Net 26 = DQPSK_CSK/Imag_Sync_FIFO/PLACE_HFSNET_5747
Net 27 = DQPSK_CSK/Imag_Sync_FIFO/PLACE_HFSNET_6148
Net 28 = DQPSK_CSK/Imag_Sync_FIFO/PLACE_HFSNET_6829
Net 29 = DQPSK_CSK/Real_Sync_FIFO/PLACE_HFSNET_7111
Net 30 = ctsbuf_net_1242424
Net 31 = ctsbuf_net_1452445
Net 32 = ctsbuf_net_12063506
Net 33 = DQPSK_CSK/Imag_Sync_FIFO/copt_net_6162
Net 34 = DQPSK_CSK/Imag_Sync_FIFO/copt_net_6163
Net 35 = ctsbuf_net_13993699
Net 36 = ctsbuf_net_14243724
Net 37 = ctsbuf_net_14273727
Net 38 = ctsbuf_net_15303830
Net 39 = ctsbuf_net_16093909
Net 40 = ctsbuf_net_16223922
Net 41 = ctsbuf_net_16273927
Net 42 = ctsbuf_net_16513951
Net 43 = ctsbuf_net_16523952
Net 44 = DQPSK_CSK/Imag_Sync_FIFO/copt_net_8849
Net 45 = DQPSK_CSK/Imag_Sync_FIFO/copt_net_9165
Net 46 = DQPSK_CSK/Imag_Sync_FIFO/copt_net_10126
Net 47 = DQPSK_CSK/Imag_Sync_FIFO/copt_net_14628
Net 48 = DQPSK_CSK/Imag_Sync_FIFO/copt_net_14674
Net 49 = DQPSK_CSK/Imag_Sync_FIFO/copt_net_14835
Net 50 = DQPSK_CSK/Imag_Sync_FIFO/copt_net_21379
Net 51 = DQPSK_CSK/Imag_Sync_FIFO/copt_net_22425
Total number of changed nets = 51 (out of 47509)

[DR: Done] Elapsed real time: 0:00:01 
[DR: Done] Elapsed cpu  time: sys=0:00:00 usr=0:00:07 total=0:00:07
[DR: Done] Stage (MB): Used    1  Alloctr    1  Proc    0 
[DR: Done] Total (MB): Used  150  Alloctr  164  Proc 3651 
[ECO: DR] Elapsed real time: 0:00:05 
[ECO: DR] Elapsed cpu  time: sys=0:00:02 usr=0:00:18 total=0:00:20
[ECO: DR] Stage (MB): Used  149  Alloctr  161  Proc    0 
[ECO: DR] Total (MB): Used  150  Alloctr  164  Proc 3651 

ECO Route finished with 0 open nets, of which 0 are frozen

ECO Route finished with 0 violations

DRC-SUMMARY:
	@@@@@@@ TOTAL VIOLATIONS =	0



Total Wire Length =                    890579 micron
Total Number of Contacts =             356698
Total Number of Wires =                293982
Total Number of PtConns =              77187
Total Number of Routed Wires =       293982
Total Routed Wire Length =           879050 micron
Total Number of Routed Contacts =       356698
	Layer             M1 :       4566 micron
	Layer             M2 :     222841 micron
	Layer             M3 :     286441 micron
	Layer             M4 :      88531 micron
	Layer             M5 :      96404 micron
	Layer             M6 :      86264 micron
	Layer             M7 :      57887 micron
	Layer             M8 :      45814 micron
	Layer             M9 :       1831 micron
	Layer           MRDL :          0 micron
	Via     VIA89_C(rot) :         96
	Via        VIA78SQ_C :       3357
	Via       VIA78BAR_C :          3
	Via    VIA78SQ_C_2x1 :         29
	Via        VIA67SQ_C :          8
	Via   VIA67SQ_C(rot) :       6704
	Via        VIA56SQ_C :      13912
	Via   VIA56SQ_C(rot) :          3
	Via        VIA45SQ_C :        886
	Via   VIA45SQ_C(rot) :      22051
	Via        VIA34SQ_C :      32919
	Via   VIA34SQ_C(rot) :        132
	Via        VIA23SQ_C :        836
	Via   VIA23SQ_C(rot) :     142746
	Via        VIA12SQ_C :     127128
	Via   VIA12SQ_C(rot) :       5830
	Via       VIA12BAR_C :         48
	Via    VIA12SQ_C_2x1 :         10

 
Redundant via conversion report:
--------------------------------

  Total optimized via conversion rate =  0.01% (39 / 356698 vias)
 
    Layer VIA1       =  0.01% (10     / 133016  vias)
        Weight 1     =  0.01% (10      vias)
        Un-optimized =  0.00% (0       vias)
        Un-mapped    = 99.99% (133006  vias)
    Layer VIA2       =  0.00% (0      / 143582  vias)
        Un-optimized =  0.00% (0       vias)
        Un-mapped    = 100.00% (143582  vias)
    Layer VIA3       =  0.00% (0      / 33051   vias)
        Un-optimized =  0.00% (0       vias)
        Un-mapped    = 100.00% (33051   vias)
    Layer VIA4       =  0.00% (0      / 22937   vias)
        Un-optimized =  0.00% (0       vias)
        Un-mapped    = 100.00% (22937   vias)
    Layer VIA5       =  0.00% (0      / 13915   vias)
        Un-optimized =  0.00% (0       vias)
        Un-mapped    = 100.00% (13915   vias)
    Layer VIA6       =  0.00% (0      / 6712    vias)
        Un-optimized =  0.00% (0       vias)
        Un-mapped    = 100.00% (6712    vias)
    Layer VIA7       =  0.86% (29     / 3389    vias)
        Weight 1     =  0.86% (29      vias)
        Un-optimized =  0.00% (0       vias)
        Un-mapped    = 99.14% (3360    vias)
    Layer VIA8       =  0.00% (0      / 96      vias)
        Un-optimized =  0.00% (0       vias)
        Un-mapped    = 100.00% (96      vias)
 
  Total double via conversion rate    =  0.01% (39 / 356698 vias)
 
    Layer VIA1       =  0.01% (10     / 133016  vias)
    Layer VIA2       =  0.00% (0      / 143582  vias)
    Layer VIA3       =  0.00% (0      / 33051   vias)
    Layer VIA4       =  0.00% (0      / 22937   vias)
    Layer VIA5       =  0.00% (0      / 13915   vias)
    Layer VIA6       =  0.00% (0      / 6712    vias)
    Layer VIA7       =  0.86% (29     / 3389    vias)
    Layer VIA8       =  0.00% (0      / 96      vias)
 
  The optimized via conversion rate based on total routed via count =  0.01% (39 / 356698 vias)
 
    Layer VIA1       =  0.01% (10     / 133016  vias)
        Weight 1     =  0.01% (10      vias)
        Un-optimized =  0.00% (0       vias)
        Un-mapped    = 99.99% (133006  vias)
    Layer VIA2       =  0.00% (0      / 143582  vias)
        Un-optimized =  0.00% (0       vias)
        Un-mapped    = 100.00% (143582  vias)
    Layer VIA3       =  0.00% (0      / 33051   vias)
        Un-optimized =  0.00% (0       vias)
        Un-mapped    = 100.00% (33051   vias)
    Layer VIA4       =  0.00% (0      / 22937   vias)
        Un-optimized =  0.00% (0       vias)
        Un-mapped    = 100.00% (22937   vias)
    Layer VIA5       =  0.00% (0      / 13915   vias)
        Un-optimized =  0.00% (0       vias)
        Un-mapped    = 100.00% (13915   vias)
    Layer VIA6       =  0.00% (0      / 6712    vias)
        Un-optimized =  0.00% (0       vias)
        Un-mapped    = 100.00% (6712    vias)
    Layer VIA7       =  0.86% (29     / 3389    vias)
        Weight 1     =  0.86% (29      vias)
        Un-optimized =  0.00% (0       vias)
        Un-mapped    = 99.14% (3360    vias)
    Layer VIA8       =  0.00% (0      / 96      vias)
        Un-optimized =  0.00% (0       vias)
        Un-mapped    = 100.00% (96      vias)
 

Total number of nets = 47509
0 open nets, of which 0 are frozen
Total number of excluded ports = 0 ports of 0 unplaced cells connected to 0 nets
                                 0 ports without pins of 0 cells connected to 0 nets
                                 0 ports of 0 cover cells connected to 0 non-pg nets
Total number of DRCs = 0
Total number of antenna violations = antenna checking not active
Information: Routes in non-preferred voltage areas = 0 (ZRT-559)

Total Wire Length =                    890579 micron
Total Number of Contacts =             356698
Total Number of Wires =                293982
Total Number of PtConns =              77187
Total Number of Routed Wires =       293982
Total Routed Wire Length =           879050 micron
Total Number of Routed Contacts =       356698
	Layer             M1 :       4566 micron
	Layer             M2 :     222841 micron
	Layer             M3 :     286441 micron
	Layer             M4 :      88531 micron
	Layer             M5 :      96404 micron
	Layer             M6 :      86264 micron
	Layer             M7 :      57887 micron
	Layer             M8 :      45814 micron
	Layer             M9 :       1831 micron
	Layer           MRDL :          0 micron
	Via     VIA89_C(rot) :         96
	Via        VIA78SQ_C :       3357
	Via       VIA78BAR_C :          3
	Via    VIA78SQ_C_2x1 :         29
	Via        VIA67SQ_C :          8
	Via   VIA67SQ_C(rot) :       6704
	Via        VIA56SQ_C :      13912
	Via   VIA56SQ_C(rot) :          3
	Via        VIA45SQ_C :        886
	Via   VIA45SQ_C(rot) :      22051
	Via        VIA34SQ_C :      32919
	Via   VIA34SQ_C(rot) :        132
	Via        VIA23SQ_C :        836
	Via   VIA23SQ_C(rot) :     142746
	Via        VIA12SQ_C :     127128
	Via   VIA12SQ_C(rot) :       5830
	Via       VIA12BAR_C :         48
	Via    VIA12SQ_C_2x1 :         10

 
Redundant via conversion report:
--------------------------------

  Total optimized via conversion rate =  0.01% (39 / 356698 vias)
 
    Layer VIA1       =  0.01% (10     / 133016  vias)
        Weight 1     =  0.01% (10      vias)
        Un-optimized =  0.00% (0       vias)
        Un-mapped    = 99.99% (133006  vias)
    Layer VIA2       =  0.00% (0      / 143582  vias)
        Un-optimized =  0.00% (0       vias)
        Un-mapped    = 100.00% (143582  vias)
    Layer VIA3       =  0.00% (0      / 33051   vias)
        Un-optimized =  0.00% (0       vias)
        Un-mapped    = 100.00% (33051   vias)
    Layer VIA4       =  0.00% (0      / 22937   vias)
        Un-optimized =  0.00% (0       vias)
        Un-mapped    = 100.00% (22937   vias)
    Layer VIA5       =  0.00% (0      / 13915   vias)
        Un-optimized =  0.00% (0       vias)
        Un-mapped    = 100.00% (13915   vias)
    Layer VIA6       =  0.00% (0      / 6712    vias)
        Un-optimized =  0.00% (0       vias)
        Un-mapped    = 100.00% (6712    vias)
    Layer VIA7       =  0.86% (29     / 3389    vias)
        Weight 1     =  0.86% (29      vias)
        Un-optimized =  0.00% (0       vias)
        Un-mapped    = 99.14% (3360    vias)
    Layer VIA8       =  0.00% (0      / 96      vias)
        Un-optimized =  0.00% (0       vias)
        Un-mapped    = 100.00% (96      vias)
 
  Total double via conversion rate    =  0.01% (39 / 356698 vias)
 
    Layer VIA1       =  0.01% (10     / 133016  vias)
    Layer VIA2       =  0.00% (0      / 143582  vias)
    Layer VIA3       =  0.00% (0      / 33051   vias)
    Layer VIA4       =  0.00% (0      / 22937   vias)
    Layer VIA5       =  0.00% (0      / 13915   vias)
    Layer VIA6       =  0.00% (0      / 6712    vias)
    Layer VIA7       =  0.86% (29     / 3389    vias)
    Layer VIA8       =  0.00% (0      / 96      vias)
 
  The optimized via conversion rate based on total routed via count =  0.01% (39 / 356698 vias)
 
    Layer VIA1       =  0.01% (10     / 133016  vias)
        Weight 1     =  0.01% (10      vias)
        Un-optimized =  0.00% (0       vias)
        Un-mapped    = 99.99% (133006  vias)
    Layer VIA2       =  0.00% (0      / 143582  vias)
        Un-optimized =  0.00% (0       vias)
        Un-mapped    = 100.00% (143582  vias)
    Layer VIA3       =  0.00% (0      / 33051   vias)
        Un-optimized =  0.00% (0       vias)
        Un-mapped    = 100.00% (33051   vias)
    Layer VIA4       =  0.00% (0      / 22937   vias)
        Un-optimized =  0.00% (0       vias)
        Un-mapped    = 100.00% (22937   vias)
    Layer VIA5       =  0.00% (0      / 13915   vias)
        Un-optimized =  0.00% (0       vias)
        Un-mapped    = 100.00% (13915   vias)
    Layer VIA6       =  0.00% (0      / 6712    vias)
        Un-optimized =  0.00% (0       vias)
        Un-mapped    = 100.00% (6712    vias)
    Layer VIA7       =  0.86% (29     / 3389    vias)
        Weight 1     =  0.86% (29      vias)
        Un-optimized =  0.00% (0       vias)
        Un-mapped    = 99.14% (3360    vias)
    Layer VIA8       =  0.00% (0      / 96      vias)
        Un-optimized =  0.00% (0       vias)
        Un-mapped    = 100.00% (96      vias)
 
Topology ECO not run, no qualifying violations or in frozen nets.
Updating the database ...
...updated 51 nets
[ECO: End] Elapsed real time: 0:00:05 
[ECO: End] Elapsed cpu  time: sys=0:00:02 usr=0:00:19 total=0:00:21
[ECO: End] Stage (MB): Used    0  Alloctr    0  Proc    0 
[ECO: End] Total (MB): Used    0  Alloctr    2  Proc 3651 
icc2_shell> check_lvs
Information: Using 12 threads for LVS
[Check Net] Init	Elapsed =    0:00:00, CPU =    0:00:00
[Check Short] Stage 1	Elapsed =    0:00:00, CPU =    0:00:00
Warning: Port VDD have no valid pin shapes. Skip this port. (RT-203)
Warning: Port VSS have no valid pin shapes. Skip this port. (RT-203)
[Check Short] Stage 1-2	Elapsed =    0:00:00, CPU =    0:00:02
[Check Net] 10% 	Elapsed =    0:00:00, CPU =    0:00:02
[Check Short] Stage 2	Elapsed =    0:00:00, CPU =    0:00:02
[Check Short] Stage 2-2	Elapsed =    0:00:01, CPU =    0:00:10
[Check Short] Stage 3	Elapsed =    0:00:01, CPU =    0:00:10
[Check Short] End	Elapsed =    0:00:01, CPU =    0:00:10
[Check Net] 20% 	Elapsed =    0:00:01, CPU =    0:00:10
[Check Net] 30% 	Elapsed =    0:00:01, CPU =    0:00:10
[Check Net] 40% 	Elapsed =    0:00:01, CPU =    0:00:11
[Check Net] 50% 	Elapsed =    0:00:01, CPU =    0:00:11
[Check Net] 60% 	Elapsed =    0:00:01, CPU =    0:00:11
[Check Net] 70% 	Elapsed =    0:00:01, CPU =    0:00:11
[Check Net] 80% 	Elapsed =    0:00:01, CPU =    0:00:12
[Check Net] 90% 	Elapsed =    0:00:01, CPU =    0:00:12
[Check Net] All nets are submitted.
[Check Net] 100%	Elapsed =    0:00:01, CPU =    0:00:12

===============================================================
    Maximum number of violations is set to 20
    Abort checking when more than 20 violations are found
    All violations might not be found.
===============================================================
Total number of input nets is 47526.
Total number of short violations is 0.
Total number of open nets is 0.
Total number of floating route violations is 0.

Elapsed =    0:00:02, CPU =    0:00:13
1
icc2_shell> check_routes
Warning: Cell contains tie connections which are not connected to real PG. (ZRT-511)
Turn off antenna since no rule is specified
Cell Min-Routing-Layer = M2
Cell Max-Routing-Layer = M9
Warning: Cannot find a default contact code for layer CO. (ZRT-022)
rule clk_network_NDR_leaf equivalent to default rule
Warning: Ignore 2 top cell ports with no pins. (ZRT-027)
Info: number of net_type_blockage: 0 
soft rule ICC2_GENERATED_DEFAULT_SPACING_RULE_3_8_wire is redundant
soft rule LOPT_M3_M7_3_8_wire is redundant
soft rule LOPT_M6_M7_3_8_wire is redundant


Start checking for open nets ... 

Total number of nets = 47509, of which 0 are not extracted
Total number of open nets = 0, of which 0 are frozen

Check 47509 nets, 0 have Errors

[CHECK OPEN NETS] Elapsed real time: 0:00:00 
[CHECK OPEN NETS] Elapsed cpu  time: sys=0:00:00 usr=0:00:00 total=0:00:00
[CHECK OPEN NETS] Stage (MB): Used    0  Alloctr    0  Proc    0 
[CHECK OPEN NETS] Total (MB): Used  137  Alloctr  153  Proc 3651 
Printing options for 'route.common.*'
common.verbose_level                                    :	 0                   

Printing options for 'route.detail.*'
detail.antenna                                          :	 true                
detail.check_patchable_drc_from_fixed_shapes            :	 true                
detail.drc_convergence_effort_level                     :	 high                
detail.eco_max_number_of_iterations                     :	 60                  
detail.force_end_on_preferred_grid                      :	 true                
detail.timing_driven                                    :	 true                

Printing options for 'route.auto_via_ladder.*'


Begin full DRC check ...

Information: Using 12 threads for routing. (ZRT-444)
Checked	1/64 Partitions, Violations =	0
Checked	2/64 Partitions, Violations =	0
Checked	4/64 Partitions, Violations =	0
Checked	6/64 Partitions, Violations =	0
Checked	8/64 Partitions, Violations =	0
Checked	10/64 Partitions, Violations =	0
Checked	12/64 Partitions, Violations =	0
Checked	14/64 Partitions, Violations =	0
Checked	16/64 Partitions, Violations =	0
Checked	18/64 Partitions, Violations =	0
Checked	20/64 Partitions, Violations =	0
Checked	22/64 Partitions, Violations =	0
Checked	24/64 Partitions, Violations =	0
Checked	26/64 Partitions, Violations =	0
Checked	28/64 Partitions, Violations =	0
Checked	30/64 Partitions, Violations =	0
Checked	32/64 Partitions, Violations =	0
Checked	34/64 Partitions, Violations =	0
Checked	36/64 Partitions, Violations =	0
Checked	38/64 Partitions, Violations =	0
Checked	40/64 Partitions, Violations =	0
Checked	42/64 Partitions, Violations =	0
Checked	44/64 Partitions, Violations =	0
Checked	46/64 Partitions, Violations =	0
Checked	48/64 Partitions, Violations =	0
Checked	50/64 Partitions, Violations =	0
Checked	52/64 Partitions, Violations =	0
Checked	54/64 Partitions, Violations =	0
Checked	56/64 Partitions, Violations =	0
Checked	58/64 Partitions, Violations =	0
Checked	60/64 Partitions, Violations =	0
Checked	62/64 Partitions, Violations =	0
Checked	64/64 Partitions, Violations =	0
[DRC CHECK] Elapsed real time: 0:00:02 
[DRC CHECK] Elapsed cpu  time: sys=0:00:00 usr=0:00:23 total=0:00:23
[DRC CHECK] Stage (MB): Used    0  Alloctr    1  Proc    0 
[DRC CHECK] Total (MB): Used  159  Alloctr  174  Proc 3651 
Warning: No antenna rules defined, Skip antenna analysis. (ZRT-309)

DRC-SUMMARY:
	@@@@@@@ TOTAL VIOLATIONS =	0


Total Wire Length =                    890579 micron
Total Number of Contacts =             356698
Total Number of Wires =                297716
Total Number of PtConns =              77187
Total Number of Routed Wires =       297716
Total Routed Wire Length =           879050 micron
Total Number of Routed Contacts =       356698
	Layer             M1 :       4566 micron
	Layer             M2 :     222841 micron
	Layer             M3 :     286441 micron
	Layer             M4 :      88531 micron
	Layer             M5 :      96404 micron
	Layer             M6 :      86264 micron
	Layer             M7 :      57887 micron
	Layer             M8 :      45814 micron
	Layer             M9 :       1831 micron
	Layer           MRDL :          0 micron
	Via     VIA89_C(rot) :         96
	Via        VIA78SQ_C :       3357
	Via       VIA78BAR_C :          3
	Via    VIA78SQ_C_2x1 :         29
	Via        VIA67SQ_C :          8
	Via   VIA67SQ_C(rot) :       6704
	Via        VIA56SQ_C :      13912
	Via   VIA56SQ_C(rot) :          3
	Via        VIA45SQ_C :        886
	Via   VIA45SQ_C(rot) :      22051
	Via        VIA34SQ_C :      32919
	Via   VIA34SQ_C(rot) :        132
	Via        VIA23SQ_C :        836
	Via   VIA23SQ_C(rot) :     142746
	Via        VIA12SQ_C :     127128
	Via   VIA12SQ_C(rot) :       5830
	Via       VIA12BAR_C :         48
	Via    VIA12SQ_C_2x1 :         10

 
Redundant via conversion report:
--------------------------------

  Total optimized via conversion rate =  0.01% (39 / 356698 vias)
 
    Layer VIA1       =  0.01% (10     / 133016  vias)
        Weight 1     =  0.01% (10      vias)
        Un-optimized =  0.00% (0       vias)
        Un-mapped    = 99.99% (133006  vias)
    Layer VIA2       =  0.00% (0      / 143582  vias)
        Un-optimized =  0.00% (0       vias)
        Un-mapped    = 100.00% (143582  vias)
    Layer VIA3       =  0.00% (0      / 33051   vias)
        Un-optimized =  0.00% (0       vias)
        Un-mapped    = 100.00% (33051   vias)
    Layer VIA4       =  0.00% (0      / 22937   vias)
        Un-optimized =  0.00% (0       vias)
        Un-mapped    = 100.00% (22937   vias)
    Layer VIA5       =  0.00% (0      / 13915   vias)
        Un-optimized =  0.00% (0       vias)
        Un-mapped    = 100.00% (13915   vias)
    Layer VIA6       =  0.00% (0      / 6712    vias)
        Un-optimized =  0.00% (0       vias)
        Un-mapped    = 100.00% (6712    vias)
    Layer VIA7       =  0.86% (29     / 3389    vias)
        Weight 1     =  0.86% (29      vias)
        Un-optimized =  0.00% (0       vias)
        Un-mapped    = 99.14% (3360    vias)
    Layer VIA8       =  0.00% (0      / 96      vias)
        Un-optimized =  0.00% (0       vias)
        Un-mapped    = 100.00% (96      vias)
 
  Total double via conversion rate    =  0.01% (39 / 356698 vias)
 
    Layer VIA1       =  0.01% (10     / 133016  vias)
    Layer VIA2       =  0.00% (0      / 143582  vias)
    Layer VIA3       =  0.00% (0      / 33051   vias)
    Layer VIA4       =  0.00% (0      / 22937   vias)
    Layer VIA5       =  0.00% (0      / 13915   vias)
    Layer VIA6       =  0.00% (0      / 6712    vias)
    Layer VIA7       =  0.86% (29     / 3389    vias)
    Layer VIA8       =  0.00% (0      / 96      vias)
 
  The optimized via conversion rate based on total routed via count =  0.01% (39 / 356698 vias)
 
    Layer VIA1       =  0.01% (10     / 133016  vias)
        Weight 1     =  0.01% (10      vias)
        Un-optimized =  0.00% (0       vias)
        Un-mapped    = 99.99% (133006  vias)
    Layer VIA2       =  0.00% (0      / 143582  vias)
        Un-optimized =  0.00% (0       vias)
        Un-mapped    = 100.00% (143582  vias)
    Layer VIA3       =  0.00% (0      / 33051   vias)
        Un-optimized =  0.00% (0       vias)
        Un-mapped    = 100.00% (33051   vias)
    Layer VIA4       =  0.00% (0      / 22937   vias)
        Un-optimized =  0.00% (0       vias)
        Un-mapped    = 100.00% (22937   vias)
    Layer VIA5       =  0.00% (0      / 13915   vias)
        Un-optimized =  0.00% (0       vias)
        Un-mapped    = 100.00% (13915   vias)
    Layer VIA6       =  0.00% (0      / 6712    vias)
        Un-optimized =  0.00% (0       vias)
        Un-mapped    = 100.00% (6712    vias)
    Layer VIA7       =  0.86% (29     / 3389    vias)
        Weight 1     =  0.86% (29      vias)
        Un-optimized =  0.00% (0       vias)
        Un-mapped    = 99.14% (3360    vias)
    Layer VIA8       =  0.00% (0      / 96      vias)
        Un-optimized =  0.00% (0       vias)
        Un-mapped    = 100.00% (96      vias)
 


Verify Summary:

Total number of nets = 47509, of which 0 are not extracted
Total number of open nets = 0, of which 0 are frozen
Total number of excluded ports = 0 ports of 0 unplaced cells connected to 0 nets
                                 0 ports without pins of 0 cells connected to 0 nets
                                 0 ports of 0 cover cells connected to 0 non-pg nets
Total number of DRCs = 0
Total number of antenna violations = no antenna rules defined
Total number of tie to rail violations = not checked
Total number of tie to rail directly violations = not checked


icc2_shell> sizeof_collection   [get_cells "ROUTE_*"]
Warning: No cell objects matched 'ROUTE_*' (SEL-004)
Error: Nothing matched for collection (SEL-005)
0
icc2_shell> sizeof_collection   [get_cells "CTS_*"]
1685
icc2_shell> sizeof_collection   [get_cells "PLACE_*"]
30
icc2_shell> sizeof_collection   [get_cells "OPT_*"]
255
icc2_shell> 
icc2_shell> 
icc2_shell> ###################################################################################
icc2_shell>            #########################################################
icc2_shell>                         #### Section 7 : Connect ####
icc2_shell>            #########################################################
icc2_shell> ####################################################################################
icc2_shell> connect_pg_net -net "VDD" [get_pins -hierarchical */VDD]
icc2_shell> connect_pg_net -net "VSS" [get_pins -hierarchical */VSS]
icc2_shell> 
icc2_shell> 
icc2_shell> check_rouyt[K[K
check_routability       check_routes            check_routing_corridors 
icc2_shell> check_routtes[K[K[Kes
Warning: Cell contains tie connections which are not connected to real PG. (ZRT-511)
Turn off antenna since no rule is specified
Cell Min-Routing-Layer = M2
Cell Max-Routing-Layer = M9
Warning: Cannot find a default contact code for layer CO. (ZRT-022)
rule clk_network_NDR_leaf equivalent to default rule
Warning: Ignore 2 top cell ports with no pins. (ZRT-027)
Info: number of net_type_blockage: 0 
soft rule ICC2_GENERATED_DEFAULT_SPACING_RULE_3_8_wire is redundant
soft rule LOPT_M3_M7_3_8_wire is redundant
soft rule LOPT_M6_M7_3_8_wire is redundant


Start checking for open nets ... 

Total number of nets = 47509, of which 0 are not extracted
Total number of open nets = 0, of which 0 are frozen

Check 47509 nets, 0 have Errors

[CHECK OPEN NETS] Elapsed real time: 0:00:00 
[CHECK OPEN NETS] Elapsed cpu  time: sys=0:00:00 usr=0:00:00 total=0:00:00
[CHECK OPEN NETS] Stage (MB): Used    0  Alloctr    0  Proc    0 
[CHECK OPEN NETS] Total (MB): Used  137  Alloctr  153  Proc 3651 
Printing options for 'route.common.*'
common.verbose_level                                    :	 0                   

Printing options for 'route.detail.*'
detail.antenna                                          :	 true                
detail.check_patchable_drc_from_fixed_shapes            :	 true                
detail.drc_convergence_effort_level                     :	 high                
detail.eco_max_number_of_iterations                     :	 60                  
detail.force_end_on_preferred_grid                      :	 true                
detail.timing_driven                                    :	 true                

Printing options for 'route.auto_via_ladder.*'


Begin full DRC check ...

Information: Using 12 threads for routing. (ZRT-444)
Checked	1/64 Partitions, Violations =	0
Checked	2/64 Partitions, Violations =	0
Checked	4/64 Partitions, Violations =	0
Checked	6/64 Partitions, Violations =	0
Checked	8/64 Partitions, Violations =	0
Checked	10/64 Partitions, Violations =	0
Checked	12/64 Partitions, Violations =	0
Checked	14/64 Partitions, Violations =	0
Checked	16/64 Partitions, Violations =	0
Checked	18/64 Partitions, Violations =	0
Checked	20/64 Partitions, Violations =	0
Checked	22/64 Partitions, Violations =	0
Checked	24/64 Partitions, Violations =	0
Checked	26/64 Partitions, Violations =	0
Checked	28/64 Partitions, Violations =	0
Checked	30/64 Partitions, Violations =	0
Checked	32/64 Partitions, Violations =	0
Checked	34/64 Partitions, Violations =	0
Checked	36/64 Partitions, Violations =	0
Checked	38/64 Partitions, Violations =	0
Checked	40/64 Partitions, Violations =	0
Checked	42/64 Partitions, Violations =	0
Checked	44/64 Partitions, Violations =	0
Checked	46/64 Partitions, Violations =	0
Checked	48/64 Partitions, Violations =	0
Checked	50/64 Partitions, Violations =	0
Checked	52/64 Partitions, Violations =	0
Checked	54/64 Partitions, Violations =	0
Checked	56/64 Partitions, Violations =	0
Checked	58/64 Partitions, Violations =	0
Checked	60/64 Partitions, Violations =	0
Checked	62/64 Partitions, Violations =	0
Checked	64/64 Partitions, Violations =	0
[DRC CHECK] Elapsed real time: 0:00:02 
[DRC CHECK] Elapsed cpu  time: sys=0:00:00 usr=0:00:23 total=0:00:23
[DRC CHECK] Stage (MB): Used    0  Alloctr    1  Proc    0 
[DRC CHECK] Total (MB): Used  159  Alloctr  174  Proc 3651 
Warning: No antenna rules defined, Skip antenna analysis. (ZRT-309)

DRC-SUMMARY:
	@@@@@@@ TOTAL VIOLATIONS =	0


Total Wire Length =                    890579 micron
Total Number of Contacts =             356698
Total Number of Wires =                297716
Total Number of PtConns =              77187
Total Number of Routed Wires =       297716
Total Routed Wire Length =           879050 micron
Total Number of Routed Contacts =       356698
	Layer             M1 :       4566 micron
	Layer             M2 :     222841 micron
	Layer             M3 :     286441 micron
	Layer             M4 :      88531 micron
	Layer             M5 :      96404 micron
	Layer             M6 :      86264 micron
	Layer             M7 :      57887 micron
	Layer             M8 :      45814 micron
	Layer             M9 :       1831 micron
	Layer           MRDL :          0 micron
	Via     VIA89_C(rot) :         96
	Via        VIA78SQ_C :       3357
	Via       VIA78BAR_C :          3
	Via    VIA78SQ_C_2x1 :         29
	Via        VIA67SQ_C :          8
	Via   VIA67SQ_C(rot) :       6704
	Via        VIA56SQ_C :      13912
	Via   VIA56SQ_C(rot) :          3
	Via        VIA45SQ_C :        886
	Via   VIA45SQ_C(rot) :      22051
	Via        VIA34SQ_C :      32919
	Via   VIA34SQ_C(rot) :        132
	Via        VIA23SQ_C :        836
	Via   VIA23SQ_C(rot) :     142746
	Via        VIA12SQ_C :     127128
	Via   VIA12SQ_C(rot) :       5830
	Via       VIA12BAR_C :         48
	Via    VIA12SQ_C_2x1 :         10

 
Redundant via conversion report:
--------------------------------

  Total optimized via conversion rate =  0.01% (39 / 356698 vias)
 
    Layer VIA1       =  0.01% (10     / 133016  vias)
        Weight 1     =  0.01% (10      vias)
        Un-optimized =  0.00% (0       vias)
        Un-mapped    = 99.99% (133006  vias)
    Layer VIA2       =  0.00% (0      / 143582  vias)
        Un-optimized =  0.00% (0       vias)
        Un-mapped    = 100.00% (143582  vias)
    Layer VIA3       =  0.00% (0      / 33051   vias)
        Un-optimized =  0.00% (0       vias)
        Un-mapped    = 100.00% (33051   vias)
    Layer VIA4       =  0.00% (0      / 22937   vias)
        Un-optimized =  0.00% (0       vias)
        Un-mapped    = 100.00% (22937   vias)
    Layer VIA5       =  0.00% (0      / 13915   vias)
        Un-optimized =  0.00% (0       vias)
        Un-mapped    = 100.00% (13915   vias)
    Layer VIA6       =  0.00% (0      / 6712    vias)
        Un-optimized =  0.00% (0       vias)
        Un-mapped    = 100.00% (6712    vias)
    Layer VIA7       =  0.86% (29     / 3389    vias)
        Weight 1     =  0.86% (29      vias)
        Un-optimized =  0.00% (0       vias)
        Un-mapped    = 99.14% (3360    vias)
    Layer VIA8       =  0.00% (0      / 96      vias)
        Un-optimized =  0.00% (0       vias)
        Un-mapped    = 100.00% (96      vias)
 
  Total double via conversion rate    =  0.01% (39 / 356698 vias)
 
    Layer VIA1       =  0.01% (10     / 133016  vias)
    Layer VIA2       =  0.00% (0      / 143582  vias)
    Layer VIA3       =  0.00% (0      / 33051   vias)
    Layer VIA4       =  0.00% (0      / 22937   vias)
    Layer VIA5       =  0.00% (0      / 13915   vias)
    Layer VIA6       =  0.00% (0      / 6712    vias)
    Layer VIA7       =  0.86% (29     / 3389    vias)
    Layer VIA8       =  0.00% (0      / 96      vias)
 
  The optimized via conversion rate based on total routed via count =  0.01% (39 / 356698 vias)
 
    Layer VIA1       =  0.01% (10     / 133016  vias)
        Weight 1     =  0.01% (10      vias)
        Un-optimized =  0.00% (0       vias)
        Un-mapped    = 99.99% (133006  vias)
    Layer VIA2       =  0.00% (0      / 143582  vias)
        Un-optimized =  0.00% (0       vias)
        Un-mapped    = 100.00% (143582  vias)
    Layer VIA3       =  0.00% (0      / 33051   vias)
        Un-optimized =  0.00% (0       vias)
        Un-mapped    = 100.00% (33051   vias)
    Layer VIA4       =  0.00% (0      / 22937   vias)
        Un-optimized =  0.00% (0       vias)
        Un-mapped    = 100.00% (22937   vias)
    Layer VIA5       =  0.00% (0      / 13915   vias)
        Un-optimized =  0.00% (0       vias)
        Un-mapped    = 100.00% (13915   vias)
    Layer VIA6       =  0.00% (0      / 6712    vias)
        Un-optimized =  0.00% (0       vias)
        Un-mapped    = 100.00% (6712    vias)
    Layer VIA7       =  0.86% (29     / 3389    vias)
        Weight 1     =  0.86% (29      vias)
        Un-optimized =  0.00% (0       vias)
        Un-mapped    = 99.14% (3360    vias)
    Layer VIA8       =  0.00% (0      / 96      vias)
        Un-optimized =  0.00% (0       vias)
        Un-mapped    = 100.00% (96      vias)
 


Verify Summary:

Total number of nets = 47509, of which 0 are not extracted
Total number of open nets = 0, of which 0 are frozen
Total number of excluded ports = 0 ports of 0 unplaced cells connected to 0 nets
                                 0 ports without pins of 0 cells connected to 0 nets
                                 0 ports of 0 cover cells connected to 0 non-pg nets
Total number of DRCs = 0
Total number of antenna violations = no antenna rules defined
Total number of tie to rail violations = not checked
Total number of tie to rail directly violations = not checked


icc2_shell> check_lvs
Information: Using 12 threads for LVS
[Check Short] Stage 1	Elapsed =    0:00:00, CPU =    0:00:00
[Check Net] Init	Elapsed =    0:00:00, CPU =    0:00:01
Warning: Port VSS have no valid pin shapes. Skip this port. (RT-203)
Warning: Port VDD have no valid pin shapes. Skip this port. (RT-203)
[Check Short] Stage 1-2	Elapsed =    0:00:00, CPU =    0:00:02
[Check Net] 10% 	Elapsed =    0:00:00, CPU =    0:00:03
[Check Short] Stage 2	Elapsed =    0:00:00, CPU =    0:00:03
[Check Short] Stage 2-2	Elapsed =    0:00:01, CPU =    0:00:10
[Check Short] Stage 3	Elapsed =    0:00:01, CPU =    0:00:10
[Check Short] End	Elapsed =    0:00:01, CPU =    0:00:10
[Check Net] 20% 	Elapsed =    0:00:01, CPU =    0:00:10
[Check Net] 30% 	Elapsed =    0:00:01, CPU =    0:00:11
[Check Net] 40% 	Elapsed =    0:00:01, CPU =    0:00:11
[Check Net] 50% 	Elapsed =    0:00:01, CPU =    0:00:11
[Check Net] 60% 	Elapsed =    0:00:01, CPU =    0:00:12
[Check Net] 70% 	Elapsed =    0:00:01, CPU =    0:00:12
[Check Net] 80% 	Elapsed =    0:00:01, CPU =    0:00:12
[Check Net] 90% 	Elapsed =    0:00:01, CPU =    0:00:12
[Check Net] All nets are submitted.
[Check Net] 100%	Elapsed =    0:00:01, CPU =    0:00:13

===============================================================
    Maximum number of violations is set to 20
    Abort checking when more than 20 violations are found
    All violations might not be found.
===============================================================
Total number of input nets is 47526.
Total number of short violations is 0.
Total number of open nets is 0.
Total number of floating route violations is 0.

Elapsed =    0:00:02, CPU =    0:00:14
1
icc2_shell> check_ph[Kg_connectivity 
Loading cell instances...
Number of Standard Cells: 47293
Number of Macro Cells: 0
Number of IO Pad Cells: 0
Number of Blocks: 0
Loading P/G wires and vias...
Number of VDD Wires: 227
Number of VDD Vias: 40532
Number of VDD Terminals: 138
Number of VSS Wires: 225
Number of VSS Vias: 39006
Number of VSS Terminals: 136
**************Verify net VDD connectivity*****************
  Number of floating wires: 0
  Number of floating vias: 0
  Number of floating std cells: 0
  Number of floating hard macros: 0
  Number of floating I/O pads: 0
  Number of floating terminals: 0
  Number of floating hierarchical blocks: 0
************************************************************
**************Verify net VSS connectivity*****************
  Number of floating wires: 0
  Number of floating vias: 0
  Number of floating std cells: 0
  Number of floating hard macros: 0
  Number of floating I/O pads: 0
  Number of floating terminals: 0
  Number of floating hierarchical blocks: 0
************************************************************
Overall runtime: 1 seconds.
icc2_shell> ###################################################################################
icc2_shell>            #########################################################
icc2_shell>                      #### Section 9 : Reporting  ####
icc2_shell>            #########################################################
icc2_shell> ####################################################################################
icc2_shell> report_congestion                                       > ../reports/${rate}/Congestion. rpt
icc2_shell> check_pg_drc                                            > ../reports/${rate}/drc.rpt
icc2_shell> report_qor                                              > ../reports/${rate}/post_qor.rp t
icc2_shell> # If there is a timing Violations go to prime time to solve them before proceeding to th e next steps
icc2_shell> 
icc2_shell> report_timing                                           > ../reports/${rate}/timing.rpt
icc2_shell> report_timing -delay max -max_paths 10                  > ../reports/${rate}/crit_paths. rpt
icc2_shell> check_routes -drc true                                  > ../reports/${rate}/DRC.rpt
icc2_shell> check_pg_connectivity                                   > ../reports/${rate}/pg_drc_conn ection.rpt
icc2_shell> analyze_design_violations                               > ../reports/${rate}/setup_check _paths.rpt
icc2_shell> report_design  -all                                     > ../reports/${rate}/design.rpt
icc2_shell> check_legality                                          > ../reports/${rate}/leglaity.rp t
icc2_shell> report_utilization                                      > ../reports/${rate}/Utilization .rpt
icc2_shell> 
icc2_shell> ####################################################################################
icc2_shell>            #########################################################
icc2_shell>                      #### Section 10 : Saving The Block  ####
icc2_shell>            #########################################################
icc2_shell> ####################################################################################
icc2_shell> write_def                          ../outputs/${rate}/${top_module}.write_def
****************************************
Report : Data Mismatches
Version: O-2018.06-SP1
Date   : Mon Sep 21 05:12:30 2026
****************************************
No mismatches exist on the design.
---------------------------------------
Number of Written DEF Constructs
---------------------------------------
VERSION                        : 1
DIVIDERCHAR                    : 1
BUSBITCHARS                    : 1
DESIGN                         : 1
UNITS                          : 1
PROPERTYDEFINITIONS            : 1
DIEAREA                        : 1
ROW                            : 306
TRACKS                         : 20
VIAS                           : 13
NONDEFAULTRULES                : 9
COMPONENTS                     : 47293
PINS                           : 39
PINPROPERTIES                  : 35
BLOCKAGES                      : 3
SPECIALNETS                    : 34322
NETS                           : 47507
1
icc2_shell> write_verilog -include {all}       ../outputs/${rate}/${top_module}.v
1
icc2_shell> write_sdc     -output              ../outputs/${rate}/${top_module}.sdc
1
icc2_shell> 
icc2_shell> # Extract the RC parasitics from the routed layout
icc2_shell> #extract_parasitics
icc2_shell> 
icc2_shell> # Write out the SPEF file for signoff STA
icc2_shell> write_parasitics -format spef -output ../outputs/${rate}/${top_module}.spef
Information: Design zigbee_F_routing has 47509 nets, 0 global routed, 47507 detail routed. (NEX-024)
NEX: extract design zigbee
Information: batch extract takes 0.00 seconds, elapse 0.00 seconds (NEX-015)
NEX: write corner ID 0 parasitics to ../outputs/fast/zigbee.spef.tlup_max_-40.spef 
spefName ../outputs/fast/zigbee.spef.tlup_max_-40.spef, corner name default 
Information: The stitching and editing of coupling caps is turned ON for design 'zigbee_F.dlib:zigbee_F_routing.design'. (TIM-125)
Information: SPEF output -mt with 12 threads (NEX-014)
icc2_shell> 
icc2_shell> save_block
Information: Saving block 'zigbee_F.dlib:zigbee_F_routing.design'
1
icc2_shell> gui_start
icc2_shell> icc2_shell> gui_set_layout_layer_visibility -toggle [get_layers -filter {mask_name == metal9} -quiet]
1
icc2_shell> gui_set_layout_layer_visibility -toggle [get_layers -filter {mask_name == metal8} -quiet]
1
icc2_shell> exit
Maximum memory usage for this session: 2263.80 MB
CPU usage for this session:   1462 seconds (  0.41 hours)
Elapsed time for this session:   1271 seconds (  0.35 hours)
Thank you for using IC Compiler II.
