


                              IC Compiler II (TM)

             Version O-2018.06-SP1 for linux64 - Jul 17, 2018 -SLE

                    Copyright (c) 1988 - 2018 Synopsys, Inc.
   This software and the associated documentation are proprietary to Synopsys,
 Inc. This software may only be used in accordance with the terms and conditions
 of a written license agreement with Synopsys, Inc. All other use, reproduction,
            or distribution of this software is strictly prohibited.

Loading user preference file /home/ICer/.synopsys_icc2_gui/preferences.tcl
####################################################################################
#########################################################
#### Section 1 : Config Definition ####
#########################################################
####################################################################################
##### Project Name #####
set top_module "zigbee"
zigbee
set proj_path "/home/ICer/Desktop/shared_folder/ROBO/Zigbee/ASIC_32"
/home/ICer/Desktop/shared_folder/ROBO/Zigbee/ASIC_32
##### Library Type #####
set lib_typ "syn"
syn
set SSLIB "/home/ICer/Desktop/shared_folder/32nm_lib/dbs/hvt/saed32hvt_ss0p75vn40c.db"
/home/ICer/Desktop/shared_folder/32nm_lib/dbs/hvt/saed32hvt_ss0p75vn40c.db
set rate "fast"
fast
if {$rate == "fast"} {
       set param "F"
} elseif {$rate == "slow"} {
       set param "S"
} elseif {$rate == "hybrid"} {
       set param "H"
}
F
##### Design Library #####
set dlib_dir "${proj_path}/pnr/design_lib/outputs/${rate}"
/home/ICer/Desktop/shared_folder/ROBO/Zigbee/ASIC_32/pnr/design_lib/outputs/fast
###### Ideal Ports #####
set fun_clk_port "clk"
clk
set fun_srst_port "rst_n"
rst_n
set ideal_network [list $fun_clk_port  $fun_srst_port]
clk rst_n
set removed_ideal_network [list $fun_srst_port]
rst_n
set clock_names [list clk]
clk
##### Layers #####
set hm_top M9
M9
set vm_top M8
M8
##### Stages #####
set prev_stage      "placement"
placement
set current_stage   "cts"
cts
##### NDR #####
set clk_spacing_mult 2
2
set clk_width_mult 2
2
set max_fanout 5
5
set max_wire_l 100
100
###################################################################################
#########################################################
#### Section 2 : Design Library Setup ####
#########################################################
####################################################################################
##### Open The Last Stage's Block #####
open_block $dlib_dir/${top_module}_${param}.dlib:${top_module}_${param}_${prev_stage}.design
Warning: Technology used to create frame-view and current technology have inconsistency: Fat table contents are different. (FRAM-054)
Warning: Technology 'saed32nm_1p9m.tf' used for frame-view creation in library 'bumps', is inconsistent with the current technology 'saed32nm_1p9m.tf' of library "zigbee_F.dlib'. (NDM-102)
Warning: Technology used to create frame-view and current technology have inconsistency: Fat table contents are different. (FRAM-054)
Warning: Technology 'saed32nm_1p9m.tf' used for frame-view creation in library 'saed32_hvt|saed32_hvt_std', is inconsistent with the current technology 'saed32nm_1p9m.tf' of library "zigbee_F.dlib'. (NDM-102)
Warning: Technology used to create frame-view and current technology have inconsistency: Fat table contents are different. (FRAM-054)
Warning: Technology 'saed32nm_1p9m.tf' used for frame-view creation in library 'saed32_hvt|saed32_hvt_pg', is inconsistent with the current technology 'saed32nm_1p9m.tf' of library "zigbee_F.dlib'. (NDM-102)
Warning: Technology used to create frame-view and current technology have inconsistency: Fat table contents are different. (FRAM-054)
Warning: Technology 'saed32nm_1p9m.tf' used for frame-view creation in library 'saed32_hvt|saed32_hvt_lsdn', is inconsistent with the current technology 'saed32nm_1p9m.tf' of library "zigbee_F.dlib'. (NDM-102)
Warning: Technology used to create frame-view and current technology have inconsistency: Fat table contents are different. (FRAM-054)
Warning: Technology 'saed32nm_1p9m.tf' used for frame-view creation in library 'saed32_hvt|saed32_hvt_lsup', is inconsistent with the current technology 'saed32nm_1p9m.tf' of library "zigbee_F.dlib'. (NDM-102)
Warning: Technology used to create frame-view and current technology have inconsistency: Fat table contents are different. (FRAM-054)
Warning: Technology 'saed32nm_1p9m.tf' used for frame-view creation in library 'saed32_iodrivers', is inconsistent with the current technology 'saed32nm_1p9m.tf' of library "zigbee_F.dlib'. (NDM-102)
Warning: Technology used to create frame-view and current technology have inconsistency: Fat table contents are different. (FRAM-054)
Warning: Technology 'saed32nm_1p9m.tf' used for frame-view creation in library 'saed32_lvt|saed32_lvt_std', is inconsistent with the current technology 'saed32nm_1p9m.tf' of library "zigbee_F.dlib'. (NDM-102)
Warning: Technology used to create frame-view and current technology have inconsistency: Fat table contents are different. (FRAM-054)
Warning: Technology 'saed32nm_1p9m.tf' used for frame-view creation in library 'saed32_lvt|saed32_lvt_pg', is inconsistent with the current technology 'saed32nm_1p9m.tf' of library "zigbee_F.dlib'. (NDM-102)
Warning: Technology used to create frame-view and current technology have inconsistency: Fat table contents are different. (FRAM-054)
Warning: Technology 'saed32nm_1p9m.tf' used for frame-view creation in library 'saed32_lvt|saed32_lvt_lsdn', is inconsistent with the current technology 'saed32nm_1p9m.tf' of library "zigbee_F.dlib'. (NDM-102)
Warning: Technology used to create frame-view and current technology have inconsistency: Fat table contents are different. (FRAM-054)
Warning: Technology 'saed32nm_1p9m.tf' used for frame-view creation in library 'saed32_lvt|saed32_lvt_lsup', is inconsistent with the current technology 'saed32nm_1p9m.tf' of library "zigbee_F.dlib'. (NDM-102)
Warning: Technology used to create frame-view and current technology have inconsistency: Fat table contents are different. (FRAM-054)
Warning: Technology 'saed32nm_1p9m.tf' used for frame-view creation in library 'saed32_rvt|saed32_rvt_std', is inconsistent with the current technology 'saed32nm_1p9m.tf' of library "zigbee_F.dlib'. (NDM-102)
Warning: Technology used to create frame-view and current technology have inconsistency: Fat table contents are different. (FRAM-054)
Warning: Technology 'saed32nm_1p9m.tf' used for frame-view creation in library 'saed32_rvt|saed32_rvt_pg', is inconsistent with the current technology 'saed32nm_1p9m.tf' of library "zigbee_F.dlib'. (NDM-102)
Warning: Technology used to create frame-view and current technology have inconsistency: Fat table contents are different. (FRAM-054)
Warning: Technology 'saed32nm_1p9m.tf' used for frame-view creation in library 'saed32_rvt|saed32_rvt_lsdn', is inconsistent with the current technology 'saed32nm_1p9m.tf' of library "zigbee_F.dlib'. (NDM-102)
Warning: Technology used to create frame-view and current technology have inconsistency: Fat table contents are different. (FRAM-054)
Warning: Technology 'saed32nm_1p9m.tf' used for frame-view creation in library 'saed32_rvt|saed32_rvt_lsup', is inconsistent with the current technology 'saed32nm_1p9m.tf' of library "zigbee_F.dlib'. (NDM-102)
Warning: Technology used to create frame-view and current technology have inconsistency: Fat table contents are different. (FRAM-054)
Warning: Technology 'saed32nm_1p9m.tf' used for frame-view creation in library 'saed32_sram_lp', is inconsistent with the current technology 'saed32nm_1p9m.tf' of library "zigbee_F.dlib'. (NDM-102)
Information: User units loaded from library 'saed32_hvt|saed32_hvt_std' (LNK-040)
Opening block 'zigbee_F.dlib:zigbee_F_placement.design' in edit mode
Information: loading PG routing via master rules, patterns, strategies and strategy via rules.
{zigbee_F.dlib:zigbee_F_placement.design}
##### Copy The Last Stage's Block to a new one to start Editing #####
copy_block    -from_block   ${top_module}_${param}.dlib:${top_module}_${param}_${prev_stage}.design               -to           ${top_module}_${param}.dlib:${top_module}_${param}_${current_stage}.design
Information: Overwriting block 'zigbee_F_cts.design' in library 'zigbee_F.dlib'. (DES-025)
{zigbee_F.dlib:zigbee_F_cts.design}
##### Change The Current Block #####
current_block ${top_module}_${param}_${current_stage}.design
{zigbee_F.dlib:zigbee_F_cts.design}
###################################################################################
#########################################################
#### Section 3 : Tool Setup ####
#########################################################
####################################################################################
##### For MultiThreading #####
set_host_options -max_cores 12
1
###################################################################################
#########################################################
#### Section 3 : Checkers ####
#########################################################
####################################################################################
report_qor -summary         > ../reports/${rate}/pre_cts_qor.rpt
report_clocks
****************************************
Report : clock
Design : zigbee
Mode   : default
Version: O-2018.06-SP1
Date   : Mon Sep 21 04:25:13 2026
****************************************


Attributes:
    p - Propagated clock
    G - Generated  clock
    U - Unexpanded generated clock

Clock          Period   Waveform            Attrs     Sources
--------------------------------------------------------------------------------
clk             31.25   {0 15.625}                    {clk}

1
set_ignored_layers -max_routing_layer M7 -min_routing_layer M3
Information: The net parasitics of block zigbee are cleared. (TIM-123)
1
###################################################################################
#########################################################
#### Section 4 : Setting CTS Cells ####
#########################################################
####################################################################################
##### Remove all Cells that CTS Can Use to assign other specific ones later #####
set_lib_cell_purpose -exclude cts   [get_lib_cells */*]
Information: The design specific attribute override for lib_cell 'bumps:BUMP.frame' is set in the current block 'zigbee_F_cts', because the actual library setting may not be overwritten. (ATTR-12)
Information: The design specific attribute override for lib_cell 'saed32_hvt|saed32_hvt_std:AND2X1_HVT.timing' is set in the current block 'zigbee_F_cts', because the actual library setting may not be overwritten. (ATTR-12)
Information: The design specific attribute override for lib_cell 'saed32_hvt|saed32_hvt_std:AND2X2_HVT.timing' is set in the current block 'zigbee_F_cts', because the actual library setting may not be overwritten. (ATTR-12)
Information: The design specific attribute override for lib_cell 'saed32_hvt|saed32_hvt_std:AND2X4_HVT.timing' is set in the current block 'zigbee_F_cts', because the actual library setting may not be overwritten. (ATTR-12)
Information: The design specific attribute override for lib_cell 'saed32_hvt|saed32_hvt_std:AND3X1_HVT.timing' is set in the current block 'zigbee_F_cts', because the actual library setting may not be overwritten. (ATTR-12)
Information: The design specific attribute override for lib_cell 'saed32_hvt|saed32_hvt_std:AND3X2_HVT.timing' is set in the current block 'zigbee_F_cts', because the actual library setting may not be overwritten. (ATTR-12)
Information: The design specific attribute override for lib_cell 'saed32_hvt|saed32_hvt_std:AND3X4_HVT.timing' is set in the current block 'zigbee_F_cts', because the actual library setting may not be overwritten. (ATTR-12)
Information: The design specific attribute override for lib_cell 'saed32_hvt|saed32_hvt_std:AND4X1_HVT.timing' is set in the current block 'zigbee_F_cts', because the actual library setting may not be overwritten. (ATTR-12)
Information: The design specific attribute override for lib_cell 'saed32_hvt|saed32_hvt_std:AND4X2_HVT.timing' is set in the current block 'zigbee_F_cts', because the actual library setting may not be overwritten. (ATTR-12)
Information: The design specific attribute override for lib_cell 'saed32_hvt|saed32_hvt_std:AND4X4_HVT.timing' is set in the current block 'zigbee_F_cts', because the actual library setting may not be overwritten. (ATTR-12)
Information: The design specific attribute override for lib_cell 'saed32_hvt|saed32_hvt_std:ANTENNA_HVT.timing' is set in the current block 'zigbee_F_cts', because the actual library setting may not be overwritten. (ATTR-12)
Information: The design specific attribute override for lib_cell 'saed32_hvt|saed32_hvt_std:AO21X1_HVT.timing' is set in the current block 'zigbee_F_cts', because the actual library setting may not be overwritten. (ATTR-12)
Information: The design specific attribute override for lib_cell 'saed32_hvt|saed32_hvt_std:AO21X2_HVT.timing' is set in the current block 'zigbee_F_cts', because the actual library setting may not be overwritten. (ATTR-12)
Information: The design specific attribute override for lib_cell 'saed32_hvt|saed32_hvt_std:AO221X1_HVT.timing' is set in the current block 'zigbee_F_cts', because the actual library setting may not be overwritten. (ATTR-12)
Information: The design specific attribute override for lib_cell 'saed32_hvt|saed32_hvt_std:AO221X2_HVT.timing' is set in the current block 'zigbee_F_cts', because the actual library setting may not be overwritten. (ATTR-12)
Information: The design specific attribute override for lib_cell 'saed32_hvt|saed32_hvt_std:AO222X1_HVT.timing' is set in the current block 'zigbee_F_cts', because the actual library setting may not be overwritten. (ATTR-12)
Information: The design specific attribute override for lib_cell 'saed32_hvt|saed32_hvt_std:AO222X2_HVT.timing' is set in the current block 'zigbee_F_cts', because the actual library setting may not be overwritten. (ATTR-12)
Information: The design specific attribute override for lib_cell 'saed32_hvt|saed32_hvt_std:AO22X1_HVT.timing' is set in the current block 'zigbee_F_cts', because the actual library setting may not be overwritten. (ATTR-12)
Information: The design specific attribute override for lib_cell 'saed32_hvt|saed32_hvt_std:AO22X2_HVT.timing' is set in the current block 'zigbee_F_cts', because the actual library setting may not be overwritten. (ATTR-12)
Information: The design specific attribute override for lib_cell 'saed32_hvt|saed32_hvt_std:AOBUFX1_HVT.timing' is set in the current block 'zigbee_F_cts', because the actual library setting may not be overwritten. (ATTR-12)
Information: The design specific attribute override for lib_cell 'saed32_hvt|saed32_hvt_std:AOBUFX2_HVT.timing' is set in the current block 'zigbee_F_cts', because the actual library setting may not be overwritten. (ATTR-12)
Information: The design specific attribute override for lib_cell 'saed32_hvt|saed32_hvt_std:AOBUFX4_HVT.timing' is set in the current block 'zigbee_F_cts', because the actual library setting may not be overwritten. (ATTR-12)
Information: The design specific attribute override for lib_cell 'saed32_hvt|saed32_hvt_std:AODFFARX1_HVT.timing' is set in the current block 'zigbee_F_cts', because the actual library setting may not be overwritten. (ATTR-12)
Information: The design specific attribute override for lib_cell 'saed32_hvt|saed32_hvt_std:AODFFARX2_HVT.timing' is set in the current block 'zigbee_F_cts', because the actual library setting may not be overwritten. (ATTR-12)
Information: The design specific attribute override for lib_cell 'saed32_hvt|saed32_hvt_std:AODFFNARX1_HVT.timing' is set in the current block 'zigbee_F_cts', because the actual library setting may not be overwritten. (ATTR-12)
Information: The design specific attribute override for lib_cell 'saed32_hvt|saed32_hvt_std:AODFFNARX2_HVT.timing' is set in the current block 'zigbee_F_cts', because the actual library setting may not be overwritten. (ATTR-12)
Information: The design specific attribute override for lib_cell 'saed32_hvt|saed32_hvt_std:AOI21X1_HVT.timing' is set in the current block 'zigbee_F_cts', because the actual library setting may not be overwritten. (ATTR-12)
Information: The design specific attribute override for lib_cell 'saed32_hvt|saed32_hvt_std:AOI21X2_HVT.timing' is set in the current block 'zigbee_F_cts', because the actual library setting may not be overwritten. (ATTR-12)
Information: The design specific attribute override for lib_cell 'saed32_hvt|saed32_hvt_std:AOI221X1_HVT.timing' is set in the current block 'zigbee_F_cts', because the actual library setting may not be overwritten. (ATTR-12)
Information: The design specific attribute override for lib_cell 'saed32_hvt|saed32_hvt_std:AOI221X2_HVT.timing' is set in the current block 'zigbee_F_cts', because the actual library setting may not be overwritten. (ATTR-12)
Information: The design specific attribute override for lib_cell 'saed32_hvt|saed32_hvt_std:AOI222X1_HVT.timing' is set in the current block 'zigbee_F_cts', because the actual library setting may not be overwritten. (ATTR-12)
Information: The design specific attribute override for lib_cell 'saed32_hvt|saed32_hvt_std:AOI222X2_HVT.timing' is set in the current block 'zigbee_F_cts', because the actual library setting may not be overwritten. (ATTR-12)
Information: The design specific attribute override for lib_cell 'saed32_hvt|saed32_hvt_std:AOI22X1_HVT.timing' is set in the current block 'zigbee_F_cts', because the actual library setting may not be overwritten. (ATTR-12)
Information: The design specific attribute override for lib_cell 'saed32_hvt|saed32_hvt_std:AOI22X2_HVT.timing' is set in the current block 'zigbee_F_cts', because the actual library setting may not be overwritten. (ATTR-12)
Information: The design specific attribute override for lib_cell 'saed32_hvt|saed32_hvt_std:AOINVX1_HVT.timing' is set in the current block 'zigbee_F_cts', because the actual library setting may not be overwritten. (ATTR-12)
Information: The design specific attribute override for lib_cell 'saed32_hvt|saed32_hvt_std:AOINVX2_HVT.timing' is set in the current block 'zigbee_F_cts', because the actual library setting may not be overwritten. (ATTR-12)
Information: The design specific attribute override for lib_cell 'saed32_hvt|saed32_hvt_std:AOINVX4_HVT.timing' is set in the current block 'zigbee_F_cts', because the actual library setting may not be overwritten. (ATTR-12)
Information: The design specific attribute override for lib_cell 'saed32_hvt|saed32_hvt_std:BSLEX1_HVT.timing' is set in the current block 'zigbee_F_cts', because the actual library setting may not be overwritten. (ATTR-12)
Information: The design specific attribute override for lib_cell 'saed32_hvt|saed32_hvt_std:BSLEX2_HVT.timing' is set in the current block 'zigbee_F_cts', because the actual library setting may not be overwritten. (ATTR-12)
Information: The design specific attribute override for lib_cell 'saed32_hvt|saed32_hvt_std:BSLEX4_HVT.timing' is set in the current block 'zigbee_F_cts', because the actual library setting may not be overwritten. (ATTR-12)
Information: The design specific attribute override for lib_cell 'saed32_hvt|saed32_hvt_std:BUSKP_HVT.timing' is set in the current block 'zigbee_F_cts', because the actual library setting may not be overwritten. (ATTR-12)
Information: The design specific attribute override for lib_cell 'saed32_hvt|saed32_hvt_std:CGLNPRX2_HVT.timing' is set in the current block 'zigbee_F_cts', because the actual library setting may not be overwritten. (ATTR-12)
Information: The design specific attribute override for lib_cell 'saed32_hvt|saed32_hvt_std:CGLNPRX8_HVT.timing' is set in the current block 'zigbee_F_cts', because the actual library setting may not be overwritten. (ATTR-12)
Information: The design specific attribute override for lib_cell 'saed32_hvt|saed32_hvt_std:CGLNPSX16_HVT.timing' is set in the current block 'zigbee_F_cts', because the actual library setting may not be overwritten. (ATTR-12)
Information: The design specific attribute override for lib_cell 'saed32_hvt|saed32_hvt_std:CGLNPSX2_HVT.timing' is set in the current block 'zigbee_F_cts', because the actual library setting may not be overwritten. (ATTR-12)
Information: The design specific attribute override for lib_cell 'saed32_hvt|saed32_hvt_std:CGLNPSX4_HVT.timing' is set in the current block 'zigbee_F_cts', because the actual library setting may not be overwritten. (ATTR-12)
Information: The design specific attribute override for lib_cell 'saed32_hvt|saed32_hvt_std:CGLNPSX8_HVT.timing' is set in the current block 'zigbee_F_cts', because the actual library setting may not be overwritten. (ATTR-12)
Information: The design specific attribute override for lib_cell 'saed32_hvt|saed32_hvt_std:CGLPPRX2_HVT.timing' is set in the current block 'zigbee_F_cts', because the actual library setting may not be overwritten. (ATTR-12)
Information: The design specific attribute override for lib_cell 'saed32_hvt|saed32_hvt_std:CGLPPRX8_HVT.timing' is set in the current block 'zigbee_F_cts', because the actual library setting may not be overwritten. (ATTR-12)
Information: The design specific attribute override for lib_cell 'saed32_hvt|saed32_hvt_std:CGLPPSX16_HVT.timing' is set in the current block 'zigbee_F_cts', because the actual library setting may not be overwritten. (ATTR-12)
Information: The design specific attribute override for lib_cell 'saed32_hvt|saed32_hvt_std:CGLPPSX2_HVT.timing' is set in the current block 'zigbee_F_cts', because the actual library setting may not be overwritten. (ATTR-12)
Information: The design specific attribute override for lib_cell 'saed32_hvt|saed32_hvt_std:CGLPPSX4_HVT.timing' is set in the current block 'zigbee_F_cts', because the actual library setting may not be overwritten. (ATTR-12)
Information: The design specific attribute override for lib_cell 'saed32_hvt|saed32_hvt_std:CGLPPSX8_HVT.timing' is set in the current block 'zigbee_F_cts', because the actual library setting may not be overwritten. (ATTR-12)
Information: The design specific attribute override for lib_cell 'saed32_hvt|saed32_hvt_std:CLOAD1_HVT.timing' is set in the current block 'zigbee_F_cts', because the actual library setting may not be overwritten. (ATTR-12)
Information: The design specific attribute override for lib_cell 'saed32_hvt|saed32_hvt_std:DCAP_HVT.timing' is set in the current block 'zigbee_F_cts', because the actual library setting may not be overwritten. (ATTR-12)
Information: The design specific attribute override for lib_cell 'saed32_hvt|saed32_hvt_std:DEC24X1_HVT.timing' is set in the current block 'zigbee_F_cts', because the actual library setting may not be overwritten. (ATTR-12)
Information: The design specific attribute override for lib_cell 'saed32_hvt|saed32_hvt_std:DEC24X2_HVT.timing' is set in the current block 'zigbee_F_cts', because the actual library setting may not be overwritten. (ATTR-12)
Information: The design specific attribute override for lib_cell 'saed32_hvt|saed32_hvt_std:DELLN1X2_HVT.timing' is set in the current block 'zigbee_F_cts', because the actual library setting may not be overwritten. (ATTR-12)
Information: The design specific attribute override for lib_cell 'saed32_hvt|saed32_hvt_std:DELLN2X2_HVT.timing' is set in the current block 'zigbee_F_cts', because the actual library setting may not be overwritten. (ATTR-12)
Information: The design specific attribute override for lib_cell 'saed32_hvt|saed32_hvt_std:DELLN3X2_HVT.timing' is set in the current block 'zigbee_F_cts', because the actual library setting may not be overwritten. (ATTR-12)
Information: The design specific attribute override for lib_cell 'saed32_hvt|saed32_hvt_std:DFFARX1_HVT.timing' is set in the current block 'zigbee_F_cts', because the actual library setting may not be overwritten. (ATTR-12)
Information: The design specific attribute override for lib_cell 'saed32_hvt|saed32_hvt_std:DFFARX2_HVT.timing' is set in the current block 'zigbee_F_cts', because the actual library setting may not be overwritten. (ATTR-12)
Information: The design specific attribute override for lib_cell 'saed32_hvt|saed32_hvt_std:DFFASRX1_HVT.timing' is set in the current block 'zigbee_F_cts', because the actual library setting may not be overwritten. (ATTR-12)
Information: The design specific attribute override for lib_cell 'saed32_hvt|saed32_hvt_std:DFFASRX2_HVT.timing' is set in the current block 'zigbee_F_cts', because the actual library setting may not be overwritten. (ATTR-12)
Information: The design specific attribute override for lib_cell 'saed32_hvt|saed32_hvt_std:DFFASX1_HVT.timing' is set in the current block 'zigbee_F_cts', because the actual library setting may not be overwritten. (ATTR-12)
Information: The design specific attribute override for lib_cell 'saed32_hvt|saed32_hvt_std:DFFASX2_HVT.timing' is set in the current block 'zigbee_F_cts', because the actual library setting may not be overwritten. (ATTR-12)
Information: The design specific attribute override for lib_cell 'saed32_hvt|saed32_hvt_std:DFFNARX1_HVT.timing' is set in the current block 'zigbee_F_cts', because the actual library setting may not be overwritten. (ATTR-12)
Information: The design specific attribute override for lib_cell 'saed32_hvt|saed32_hvt_std:DFFNARX2_HVT.timing' is set in the current block 'zigbee_F_cts', because the actual library setting may not be overwritten. (ATTR-12)
Information: The design specific attribute override for lib_cell 'saed32_hvt|saed32_hvt_std:DFFNASRNX1_HVT.timing' is set in the current block 'zigbee_F_cts', because the actual library setting may not be overwritten. (ATTR-12)
Information: The design specific attribute override for lib_cell 'saed32_hvt|saed32_hvt_std:DFFNASRNX2_HVT.timing' is set in the current block 'zigbee_F_cts', because the actual library setting may not be overwritten. (ATTR-12)
Information: The design specific attribute override for lib_cell 'saed32_hvt|saed32_hvt_std:DFFNASRQX1_HVT.timing' is set in the current block 'zigbee_F_cts', because the actual library setting may not be overwritten. (ATTR-12)
Information: The design specific attribute override for lib_cell 'saed32_hvt|saed32_hvt_std:DFFNASRQX2_HVT.timing' is set in the current block 'zigbee_F_cts', because the actual library setting may not be overwritten. (ATTR-12)
Information: The design specific attribute override for lib_cell 'saed32_hvt|saed32_hvt_std:DFFNASRX1_HVT.timing' is set in the current block 'zigbee_F_cts', because the actual library setting may not be overwritten. (ATTR-12)
Information: The design specific attribute override for lib_cell 'saed32_hvt|saed32_hvt_std:DFFNASRX2_HVT.timing' is set in the current block 'zigbee_F_cts', because the actual library setting may not be overwritten. (ATTR-12)
Information: The design specific attribute override for lib_cell 'saed32_hvt|saed32_hvt_std:DFFNASX1_HVT.timing' is set in the current block 'zigbee_F_cts', because the actual library setting may not be overwritten. (ATTR-12)
Information: The design specific attribute override for lib_cell 'saed32_hvt|saed32_hvt_std:DFFNASX2_HVT.timing' is set in the current block 'zigbee_F_cts', because the actual library setting may not be overwritten. (ATTR-12)
Information: The design specific attribute override for lib_cell 'saed32_hvt|saed32_hvt_std:DFFNX1_HVT.timing' is set in the current block 'zigbee_F_cts', because the actual library setting may not be overwritten. (ATTR-12)
Information: The design specific attribute override for lib_cell 'saed32_hvt|saed32_hvt_std:DFFNX2_HVT.timing' is set in the current block 'zigbee_F_cts', because the actual library setting may not be overwritten. (ATTR-12)
Information: The design specific attribute override for lib_cell 'saed32_hvt|saed32_hvt_std:DFFSSRX1_HVT.timing' is set in the current block 'zigbee_F_cts', because the actual library setting may not be overwritten. (ATTR-12)
Information: The design specific attribute override for lib_cell 'saed32_hvt|saed32_hvt_std:DFFSSRX2_HVT.timing' is set in the current block 'zigbee_F_cts', because the actual library setting may not be overwritten. (ATTR-12)
Information: The design specific attribute override for lib_cell 'saed32_hvt|saed32_hvt_std:DFFX1_HVT.timing' is set in the current block 'zigbee_F_cts', because the actual library setting may not be overwritten. (ATTR-12)
Information: The design specific attribute override for lib_cell 'saed32_hvt|saed32_hvt_std:DFFX2_HVT.timing' is set in the current block 'zigbee_F_cts', because the actual library setting may not be overwritten. (ATTR-12)
Information: The design specific attribute override for lib_cell 'saed32_hvt|saed32_hvt_std:DHFILLH2_HVT.timing' is set in the current block 'zigbee_F_cts', because the actual library setting may not be overwritten. (ATTR-12)
Information: The design specific attribute override for lib_cell 'saed32_hvt|saed32_hvt_std:DHFILLHL2_HVT.timing' is set in the current block 'zigbee_F_cts', because the actual library setting may not be overwritten. (ATTR-12)
Information: The design specific attribute override for lib_cell 'saed32_hvt|saed32_hvt_std:DHFILLHLHLS11_HVT.timing' is set in the current block 'zigbee_F_cts', because the actual library setting may not be overwritten. (ATTR-12)
Information: The design specific attribute override for lib_cell 'saed32_hvt|saed32_hvt_std:FADDX1_HVT.timing' is set in the current block 'zigbee_F_cts', because the actual library setting may not be overwritten. (ATTR-12)
Information: The design specific attribute override for lib_cell 'saed32_hvt|saed32_hvt_std:FADDX2_HVT.timing' is set in the current block 'zigbee_F_cts', because the actual library setting may not be overwritten. (ATTR-12)
Information: The design specific attribute override for lib_cell 'saed32_hvt|saed32_hvt_std:HADDX1_HVT.timing' is set in the current block 'zigbee_F_cts', because the actual library setting may not be overwritten. (ATTR-12)
Information: The design specific attribute override for lib_cell 'saed32_hvt|saed32_hvt_std:HADDX2_HVT.timing' is set in the current block 'zigbee_F_cts', because the actual library setting may not be overwritten. (ATTR-12)
Information: The design specific attribute override for lib_cell 'saed32_hvt|saed32_hvt_std:IBUFFX16_HVT.timing' is set in the current block 'zigbee_F_cts', because the actual library setting may not be overwritten. (ATTR-12)
Information: The design specific attribute override for lib_cell 'saed32_hvt|saed32_hvt_std:IBUFFX2_HVT.timing' is set in the current block 'zigbee_F_cts', because the actual library setting may not be overwritten. (ATTR-12)
Information: The design specific attribute override for lib_cell 'saed32_hvt|saed32_hvt_std:IBUFFX32_HVT.timing' is set in the current block 'zigbee_F_cts', because the actual library setting may not be overwritten. (ATTR-12)
Information: The design specific attribute override for lib_cell 'saed32_hvt|saed32_hvt_std:IBUFFX4_HVT.timing' is set in the current block 'zigbee_F_cts', because the actual library setting may not be overwritten. (ATTR-12)
Information: The design specific attribute override for lib_cell 'saed32_hvt|saed32_hvt_std:IBUFFX8_HVT.timing' is set in the current block 'zigbee_F_cts', because the actual library setting may not be overwritten. (ATTR-12)
Information: The design specific attribute override for lib_cell 'saed32_hvt|saed32_hvt_std:INVX0_HVT.timing' is set in the current block 'zigbee_F_cts', because the actual library setting may not be overwritten. (ATTR-12)
Information: The design specific attribute override for lib_cell 'saed32_hvt|saed32_hvt_std:INVX16_HVT.timing' is set in the current block 'zigbee_F_cts', because the actual library setting may not be overwritten. (ATTR-12)
Information: The design specific attribute override for lib_cell 'saed32_hvt|saed32_hvt_std:INVX1_HVT.timing' is set in the current block 'zigbee_F_cts', because the actual library setting may not be overwritten. (ATTR-12)
Information: The design specific attribute override for lib_cell 'saed32_hvt|saed32_hvt_std:INVX2_HVT.timing' is set in the current block 'zigbee_F_cts', because the actual library setting may not be overwritten. (ATTR-12)
Information: The design specific attribute override for lib_cell 'saed32_hvt|saed32_hvt_std:INVX32_HVT.timing' is set in the current block 'zigbee_F_cts', because the actual library setting may not be overwritten. (ATTR-12)
Information: The design specific attribute override for lib_cell 'saed32_hvt|saed32_hvt_std:INVX4_HVT.timing' is set in the current block 'zigbee_F_cts', because the actual library setting may not be overwritten. (ATTR-12)
Information: The design specific attribute override for lib_cell 'saed32_hvt|saed32_hvt_std:INVX8_HVT.timing' is set in the current block 'zigbee_F_cts', because the actual library setting may not be overwritten. (ATTR-12)
Information: The design specific attribute override for lib_cell 'saed32_hvt|saed32_hvt_std:ISOLANDAOX1_HVT.timing' is set in the current block 'zigbee_F_cts', because the actual library setting may not be overwritten. (ATTR-12)
Information: The design specific attribute override for lib_cell 'saed32_hvt|saed32_hvt_std:ISOLANDAOX2_HVT.timing' is set in the current block 'zigbee_F_cts', because the actual library setting may not be overwritten. (ATTR-12)
Information: The design specific attribute override for lib_cell 'saed32_hvt|saed32_hvt_std:ISOLANDAOX4_HVT.timing' is set in the current block 'zigbee_F_cts', because the actual library setting may not be overwritten. (ATTR-12)
Information: The design specific attribute override for lib_cell 'saed32_hvt|saed32_hvt_std:ISOLANDAOX8_HVT.timing' is set in the current block 'zigbee_F_cts', because the actual library setting may not be overwritten. (ATTR-12)
Information: The design specific attribute override for lib_cell 'saed32_hvt|saed32_hvt_std:ISOLANDX1_HVT.timing' is set in the current block 'zigbee_F_cts', because the actual library setting may not be overwritten. (ATTR-12)
Information: The design specific attribute override for lib_cell 'saed32_hvt|saed32_hvt_std:ISOLANDX2_HVT.timing' is set in the current block 'zigbee_F_cts', because the actual library setting may not be overwritten. (ATTR-12)
Information: The design specific attribute override for lib_cell 'saed32_hvt|saed32_hvt_std:ISOLANDX4_HVT.timing' is set in the current block 'zigbee_F_cts', because the actual library setting may not be overwritten. (ATTR-12)
Information: The design specific attribute override for lib_cell 'saed32_hvt|saed32_hvt_std:ISOLANDX8_HVT.timing' is set in the current block 'zigbee_F_cts', because the actual library setting may not be overwritten. (ATTR-12)
Information: The design specific attribute override for lib_cell 'saed32_hvt|saed32_hvt_std:ISOLORAOX1_HVT.timing' is set in the current block 'zigbee_F_cts', because the actual library setting may not be overwritten. (ATTR-12)
Information: The design specific attribute override for lib_cell 'saed32_hvt|saed32_hvt_std:ISOLORAOX2_HVT.timing' is set in the current block 'zigbee_F_cts', because the actual library setting may not be overwritten. (ATTR-12)
Information: The design specific attribute override for lib_cell 'saed32_hvt|saed32_hvt_std:ISOLORAOX4_HVT.timing' is set in the current block 'zigbee_F_cts', because the actual library setting may not be overwritten. (ATTR-12)
Information: The design specific attribute override for lib_cell 'saed32_hvt|saed32_hvt_std:ISOLORAOX8_HVT.timing' is set in the current block 'zigbee_F_cts', because the actual library setting may not be overwritten. (ATTR-12)
Information: The design specific attribute override for lib_cell 'saed32_hvt|saed32_hvt_std:ISOLORX1_HVT.timing' is set in the current block 'zigbee_F_cts', because the actual library setting may not be overwritten. (ATTR-12)
Information: The design specific attribute override for lib_cell 'saed32_hvt|saed32_hvt_std:ISOLORX2_HVT.timing' is set in the current block 'zigbee_F_cts', because the actual library setting may not be overwritten. (ATTR-12)
Information: The design specific attribute override for lib_cell 'saed32_hvt|saed32_hvt_std:ISOLORX4_HVT.timing' is set in the current block 'zigbee_F_cts', because the actual library setting may not be overwritten. (ATTR-12)
Information: The design specific attribute override for lib_cell 'saed32_hvt|saed32_hvt_std:ISOLORX8_HVT.timing' is set in the current block 'zigbee_F_cts', because the actual library setting may not be overwritten. (ATTR-12)
Information: The design specific attribute override for lib_cell 'saed32_hvt|saed32_hvt_std:LARX1_HVT.timing' is set in the current block 'zigbee_F_cts', because the actual library setting may not be overwritten. (ATTR-12)
Information: The design specific attribute override for lib_cell 'saed32_hvt|saed32_hvt_std:LARX2_HVT.timing' is set in the current block 'zigbee_F_cts', because the actual library setting may not be overwritten. (ATTR-12)
Information: The design specific attribute override for lib_cell 'saed32_hvt|saed32_hvt_std:LASRNX1_HVT.timing' is set in the current block 'zigbee_F_cts', because the actual library setting may not be overwritten. (ATTR-12)
Information: The design specific attribute override for lib_cell 'saed32_hvt|saed32_hvt_std:LASRNX2_HVT.timing' is set in the current block 'zigbee_F_cts', because the actual library setting may not be overwritten. (ATTR-12)
Information: The design specific attribute override for lib_cell 'saed32_hvt|saed32_hvt_std:LASRQX1_HVT.timing' is set in the current block 'zigbee_F_cts', because the actual library setting may not be overwritten. (ATTR-12)
Information: The design specific attribute override for lib_cell 'saed32_hvt|saed32_hvt_std:LASRQX2_HVT.timing' is set in the current block 'zigbee_F_cts', because the actual library setting may not be overwritten. (ATTR-12)
Information: The design specific attribute override for lib_cell 'saed32_hvt|saed32_hvt_std:LASRX1_HVT.timing' is set in the current block 'zigbee_F_cts', because the actual library setting may not be overwritten. (ATTR-12)
Information: The design specific attribute override for lib_cell 'saed32_hvt|saed32_hvt_std:LASRX2_HVT.timing' is set in the current block 'zigbee_F_cts', because the actual library setting may not be overwritten. (ATTR-12)
Information: The design specific attribute override for lib_cell 'saed32_hvt|saed32_hvt_std:LASX1_HVT.timing' is set in the current block 'zigbee_F_cts', because the actual library setting may not be overwritten. (ATTR-12)
Information: The design specific attribute override for lib_cell 'saed32_hvt|saed32_hvt_std:LASX2_HVT.timing' is set in the current block 'zigbee_F_cts', because the actual library setting may not be overwritten. (ATTR-12)
Information: The design specific attribute override for lib_cell 'saed32_hvt|saed32_hvt_std:LATCHX1_HVT.timing' is set in the current block 'zigbee_F_cts', because the actual library setting may not be overwritten. (ATTR-12)
Information: The design specific attribute override for lib_cell 'saed32_hvt|saed32_hvt_std:LATCHX2_HVT.timing' is set in the current block 'zigbee_F_cts', because the actual library setting may not be overwritten. (ATTR-12)
Information: The design specific attribute override for lib_cell 'saed32_hvt|saed32_hvt_std:LNANDX1_HVT.timing' is set in the current block 'zigbee_F_cts', because the actual library setting may not be overwritten. (ATTR-12)
Information: The design specific attribute override for lib_cell 'saed32_hvt|saed32_hvt_std:LNANDX2_HVT.timing' is set in the current block 'zigbee_F_cts', because the actual library setting may not be overwritten. (ATTR-12)
Information: The design specific attribute override for lib_cell 'saed32_hvt|saed32_hvt_std:MUX21X1_HVT.timing' is set in the current block 'zigbee_F_cts', because the actual library setting may not be overwritten. (ATTR-12)
Information: The design specific attribute override for lib_cell 'saed32_hvt|saed32_hvt_std:MUX21X2_HVT.timing' is set in the current block 'zigbee_F_cts', because the actual library setting may not be overwritten. (ATTR-12)
Information: The design specific attribute override for lib_cell 'saed32_hvt|saed32_hvt_std:MUX41X1_HVT.timing' is set in the current block 'zigbee_F_cts', because the actual library setting may not be overwritten. (ATTR-12)
Information: The design specific attribute override for lib_cell 'saed32_hvt|saed32_hvt_std:MUX41X2_HVT.timing' is set in the current block 'zigbee_F_cts', because the actual library setting may not be overwritten. (ATTR-12)
Information: The design specific attribute override for lib_cell 'saed32_hvt|saed32_hvt_std:NAND2X0_HVT.timing' is set in the current block 'zigbee_F_cts', because the actual library setting may not be overwritten. (ATTR-12)
Information: The design specific attribute override for lib_cell 'saed32_hvt|saed32_hvt_std:NAND2X1_HVT.timing' is set in the current block 'zigbee_F_cts', because the actual library setting may not be overwritten. (ATTR-12)
Information: The design specific attribute override for lib_cell 'saed32_hvt|saed32_hvt_std:NAND2X2_HVT.timing' is set in the current block 'zigbee_F_cts', because the actual library setting may not be overwritten. (ATTR-12)
Information: The design specific attribute override for lib_cell 'saed32_hvt|saed32_hvt_std:NAND2X4_HVT.timing' is set in the current block 'zigbee_F_cts', because the actual library setting may not be overwritten. (ATTR-12)
Information: The design specific attribute override for lib_cell 'saed32_hvt|saed32_hvt_std:NAND3X0_HVT.timing' is set in the current block 'zigbee_F_cts', because the actual library setting may not be overwritten. (ATTR-12)
Information: The design specific attribute override for lib_cell 'saed32_hvt|saed32_hvt_std:NAND3X1_HVT.timing' is set in the current block 'zigbee_F_cts', because the actual library setting may not be overwritten. (ATTR-12)
Information: The design specific attribute override for lib_cell 'saed32_hvt|saed32_hvt_std:NAND3X2_HVT.timing' is set in the current block 'zigbee_F_cts', because the actual library setting may not be overwritten. (ATTR-12)
Information: The design specific attribute override for lib_cell 'saed32_hvt|saed32_hvt_std:NAND3X4_HVT.timing' is set in the current block 'zigbee_F_cts', because the actual library setting may not be overwritten. (ATTR-12)
Information: The design specific attribute override for lib_cell 'saed32_hvt|saed32_hvt_std:NAND4X0_HVT.timing' is set in the current block 'zigbee_F_cts', because the actual library setting may not be overwritten. (ATTR-12)
Information: The design specific attribute override for lib_cell 'saed32_hvt|saed32_hvt_std:NAND4X1_HVT.timing' is set in the current block 'zigbee_F_cts', because the actual library setting may not be overwritten. (ATTR-12)
Information: The design specific attribute override for lib_cell 'saed32_hvt|saed32_hvt_std:NBUFFX16_HVT.timing' is set in the current block 'zigbee_F_cts', because the actual library setting may not be overwritten. (ATTR-12)
Information: The design specific attribute override for lib_cell 'saed32_hvt|saed32_hvt_std:NBUFFX2_HVT.timing' is set in the current block 'zigbee_F_cts', because the actual library setting may not be overwritten. (ATTR-12)
Information: The design specific attribute override for lib_cell 'saed32_hvt|saed32_hvt_std:NBUFFX32_HVT.timing' is set in the current block 'zigbee_F_cts', because the actual library setting may not be overwritten. (ATTR-12)
Information: The design specific attribute override for lib_cell 'saed32_hvt|saed32_hvt_std:NBUFFX4_HVT.timing' is set in the current block 'zigbee_F_cts', because the actual library setting may not be overwritten. (ATTR-12)
Information: The design specific attribute override for lib_cell 'saed32_hvt|saed32_hvt_std:NBUFFX8_HVT.timing' is set in the current block 'zigbee_F_cts', because the actual library setting may not be overwritten. (ATTR-12)
Information: The design specific attribute override for lib_cell 'saed32_hvt|saed32_hvt_std:NMT1_HVT.timing' is set in the current block 'zigbee_F_cts', because the actual library setting may not be overwritten. (ATTR-12)
Information: The design specific attribute override for lib_cell 'saed32_hvt|saed32_hvt_std:NMT2_HVT.timing' is set in the current block 'zigbee_F_cts', because the actual library setting may not be overwritten. (ATTR-12)
Information: The design specific attribute override for lib_cell 'saed32_hvt|saed32_hvt_std:NMT3_HVT.timing' is set in the current block 'zigbee_F_cts', because the actual library setting may not be overwritten. (ATTR-12)
Information: The design specific attribute override for lib_cell 'saed32_hvt|saed32_hvt_std:NOR2X0_HVT.timing' is set in the current block 'zigbee_F_cts', because the actual library setting may not be overwritten. (ATTR-12)
Information: The design specific attribute override for lib_cell 'saed32_hvt|saed32_hvt_std:NOR2X1_HVT.timing' is set in the current block 'zigbee_F_cts', because the actual library setting may not be overwritten. (ATTR-12)
Information: The design specific attribute override for lib_cell 'saed32_hvt|saed32_hvt_std:NOR2X2_HVT.timing' is set in the current block 'zigbee_F_cts', because the actual library setting may not be overwritten. (ATTR-12)
Information: The design specific attribute override for lib_cell 'saed32_hvt|saed32_hvt_std:NOR2X4_HVT.timing' is set in the current block 'zigbee_F_cts', because the actual library setting may not be overwritten. (ATTR-12)
Information: The design specific attribute override for lib_cell 'saed32_hvt|saed32_hvt_std:NOR3X0_HVT.timing' is set in the current block 'zigbee_F_cts', because the actual library setting may not be overwritten. (ATTR-12)
Information: The design specific attribute override for lib_cell 'saed32_hvt|saed32_hvt_std:NOR3X1_HVT.timing' is set in the current block 'zigbee_F_cts', because the actual library setting may not be overwritten. (ATTR-12)
Information: The design specific attribute override for lib_cell 'saed32_hvt|saed32_hvt_std:NOR3X2_HVT.timing' is set in the current block 'zigbee_F_cts', because the actual library setting may not be overwritten. (ATTR-12)
Information: The design specific attribute override for lib_cell 'saed32_hvt|saed32_hvt_std:NOR3X4_HVT.timing' is set in the current block 'zigbee_F_cts', because the actual library setting may not be overwritten. (ATTR-12)
Information: The design specific attribute override for lib_cell 'saed32_hvt|saed32_hvt_std:NOR4X0_HVT.timing' is set in the current block 'zigbee_F_cts', because the actual library setting may not be overwritten. (ATTR-12)
Information: The design specific attribute override for lib_cell 'saed32_hvt|saed32_hvt_std:NOR4X1_HVT.timing' is set in the current block 'zigbee_F_cts', because the actual library setting may not be overwritten. (ATTR-12)
Information: The design specific attribute override for lib_cell 'saed32_hvt|saed32_hvt_std:OA21X1_HVT.timing' is set in the current block 'zigbee_F_cts', because the actual library setting may not be overwritten. (ATTR-12)
Information: The design specific attribute override for lib_cell 'saed32_hvt|saed32_hvt_std:OA21X2_HVT.timing' is set in the current block 'zigbee_F_cts', because the actual library setting may not be overwritten. (ATTR-12)
Information: The design specific attribute override for lib_cell 'saed32_hvt|saed32_hvt_std:OA221X1_HVT.timing' is set in the current block 'zigbee_F_cts', because the actual library setting may not be overwritten. (ATTR-12)
Information: The design specific attribute override for lib_cell 'saed32_hvt|saed32_hvt_std:OA221X2_HVT.timing' is set in the current block 'zigbee_F_cts', because the actual library setting may not be overwritten. (ATTR-12)
Information: The design specific attribute override for lib_cell 'saed32_hvt|saed32_hvt_std:OA222X1_HVT.timing' is set in the current block 'zigbee_F_cts', because the actual library setting may not be overwritten. (ATTR-12)
Information: The design specific attribute override for lib_cell 'saed32_hvt|saed32_hvt_std:OA222X2_HVT.timing' is set in the current block 'zigbee_F_cts', because the actual library setting may not be overwritten. (ATTR-12)
Information: The design specific attribute override for lib_cell 'saed32_hvt|saed32_hvt_std:OA22X1_HVT.timing' is set in the current block 'zigbee_F_cts', because the actual library setting may not be overwritten. (ATTR-12)
Information: The design specific attribute override for lib_cell 'saed32_hvt|saed32_hvt_std:OA22X2_HVT.timing' is set in the current block 'zigbee_F_cts', because the actual library setting may not be overwritten. (ATTR-12)
Information: The design specific attribute override for lib_cell 'saed32_hvt|saed32_hvt_std:OAI21X1_HVT.timing' is set in the current block 'zigbee_F_cts', because the actual library setting may not be overwritten. (ATTR-12)
Information: The design specific attribute override for lib_cell 'saed32_hvt|saed32_hvt_std:OAI21X2_HVT.timing' is set in the current block 'zigbee_F_cts', because the actual library setting may not be overwritten. (ATTR-12)
Information: The design specific attribute override for lib_cell 'saed32_hvt|saed32_hvt_std:OAI221X1_HVT.timing' is set in the current block 'zigbee_F_cts', because the actual library setting may not be overwritten. (ATTR-12)
Information: The design specific attribute override for lib_cell 'saed32_hvt|saed32_hvt_std:OAI221X2_HVT.timing' is set in the current block 'zigbee_F_cts', because the actual library setting may not be overwritten. (ATTR-12)
Information: The design specific attribute override for lib_cell 'saed32_hvt|saed32_hvt_std:OAI222X1_HVT.timing' is set in the current block 'zigbee_F_cts', because the actual library setting may not be overwritten. (ATTR-12)
Information: The design specific attribute override for lib_cell 'saed32_hvt|saed32_hvt_std:OAI222X2_HVT.timing' is set in the current block 'zigbee_F_cts', because the actual library setting may not be overwritten. (ATTR-12)
Information: The design specific attribute override for lib_cell 'saed32_hvt|saed32_hvt_std:OAI22X1_HVT.timing' is set in the current block 'zigbee_F_cts', because the actual library setting may not be overwritten. (ATTR-12)
Information: The design specific attribute override for lib_cell 'saed32_hvt|saed32_hvt_std:OAI22X2_HVT.timing' is set in the current block 'zigbee_F_cts', because the actual library setting may not be overwritten. (ATTR-12)
Information: The design specific attribute override for lib_cell 'saed32_hvt|saed32_hvt_std:OR2X1_HVT.timing' is set in the current block 'zigbee_F_cts', because the actual library setting may not be overwritten. (ATTR-12)
Information: The design specific attribute override for lib_cell 'saed32_hvt|saed32_hvt_std:OR2X2_HVT.timing' is set in the current block 'zigbee_F_cts', because the actual library setting may not be overwritten. (ATTR-12)
Information: The design specific attribute override for lib_cell 'saed32_hvt|saed32_hvt_std:OR2X4_HVT.timing' is set in the current block 'zigbee_F_cts', because the actual library setting may not be overwritten. (ATTR-12)
Information: The design specific attribute override for lib_cell 'saed32_hvt|saed32_hvt_std:OR3X1_HVT.timing' is set in the current block 'zigbee_F_cts', because the actual library setting may not be overwritten. (ATTR-12)
Information: The design specific attribute override for lib_cell 'saed32_hvt|saed32_hvt_std:OR3X2_HVT.timing' is set in the current block 'zigbee_F_cts', because the actual library setting may not be overwritten. (ATTR-12)
Information: The design specific attribute override for lib_cell 'saed32_hvt|saed32_hvt_std:OR3X4_HVT.timing' is set in the current block 'zigbee_F_cts', because the actual library setting may not be overwritten. (ATTR-12)
Information: The design specific attribute override for lib_cell 'saed32_hvt|saed32_hvt_std:OR4X1_HVT.timing' is set in the current block 'zigbee_F_cts', because the actual library setting may not be overwritten. (ATTR-12)
Information: The design specific attribute override for lib_cell 'saed32_hvt|saed32_hvt_std:OR4X2_HVT.timing' is set in the current block 'zigbee_F_cts', because the actual library setting may not be overwritten. (ATTR-12)
Information: The design specific attribute override for lib_cell 'saed32_hvt|saed32_hvt_std:OR4X4_HVT.timing' is set in the current block 'zigbee_F_cts', because the actual library setting may not be overwritten. (ATTR-12)
Information: The design specific attribute override for lib_cell 'saed32_hvt|saed32_hvt_std:PGX1_HVT.timing' is set in the current block 'zigbee_F_cts', because the actual library setting may not be overwritten. (ATTR-12)
Information: The design specific attribute override for lib_cell 'saed32_hvt|saed32_hvt_std:PGX2_HVT.timing' is set in the current block 'zigbee_F_cts', because the actual library setting may not be overwritten. (ATTR-12)
Information: The design specific attribute override for lib_cell 'saed32_hvt|saed32_hvt_std:PGX4_HVT.timing' is set in the current block 'zigbee_F_cts', because the actual library setting may not be overwritten. (ATTR-12)
Information: The design specific attribute override for lib_cell 'saed32_hvt|saed32_hvt_std:PMT1_HVT.timing' is set in the current block 'zigbee_F_cts', because the actual library setting may not be overwritten. (ATTR-12)
Information: The design specific attribute override for lib_cell 'saed32_hvt|saed32_hvt_std:PMT2_HVT.timing' is set in the current block 'zigbee_F_cts', because the actual library setting may not be overwritten. (ATTR-12)
Information: The design specific attribute override for lib_cell 'saed32_hvt|saed32_hvt_std:PMT3_HVT.timing' is set in the current block 'zigbee_F_cts', because the actual library setting may not be overwritten. (ATTR-12)
Information: The design specific attribute override for lib_cell 'saed32_hvt|saed32_hvt_std:RDFFARX1_HVT.timing' is set in the current block 'zigbee_F_cts', because the actual library setting may not be overwritten. (ATTR-12)
Information: The design specific attribute override for lib_cell 'saed32_hvt|saed32_hvt_std:RDFFARX2_HVT.timing' is set in the current block 'zigbee_F_cts', because the actual library setting may not be overwritten. (ATTR-12)
Information: The design specific attribute override for lib_cell 'saed32_hvt|saed32_hvt_std:RDFFNARX1_HVT.timing' is set in the current block 'zigbee_F_cts', because the actual library setting may not be overwritten. (ATTR-12)
Information: The design specific attribute override for lib_cell 'saed32_hvt|saed32_hvt_std:RDFFNARX2_HVT.timing' is set in the current block 'zigbee_F_cts', because the actual library setting may not be overwritten. (ATTR-12)
Information: The design specific attribute override for lib_cell 'saed32_hvt|saed32_hvt_std:RDFFNSRARX1_HVT.timing' is set in the current block 'zigbee_F_cts', because the actual library setting may not be overwritten. (ATTR-12)
Information: The design specific attribute override for lib_cell 'saed32_hvt|saed32_hvt_std:RDFFNSRARX2_HVT.timing' is set in the current block 'zigbee_F_cts', because the actual library setting may not be overwritten. (ATTR-12)
Information: The design specific attribute override for lib_cell 'saed32_hvt|saed32_hvt_std:RDFFNSRASRNX1_HVT.timing' is set in the current block 'zigbee_F_cts', because the actual library setting may not be overwritten. (ATTR-12)
Information: The design specific attribute override for lib_cell 'saed32_hvt|saed32_hvt_std:RDFFNSRASRNX2_HVT.timing' is set in the current block 'zigbee_F_cts', because the actual library setting may not be overwritten. (ATTR-12)
Information: The design specific attribute override for lib_cell 'saed32_hvt|saed32_hvt_std:RDFFNSRASRQX1_HVT.timing' is set in the current block 'zigbee_F_cts', because the actual library setting may not be overwritten. (ATTR-12)
Information: The design specific attribute override for lib_cell 'saed32_hvt|saed32_hvt_std:RDFFNSRASRQX2_HVT.timing' is set in the current block 'zigbee_F_cts', because the actual library setting may not be overwritten. (ATTR-12)
Information: The design specific attribute override for lib_cell 'saed32_hvt|saed32_hvt_std:RDFFNSRASRX1_HVT.timing' is set in the current block 'zigbee_F_cts', because the actual library setting may not be overwritten. (ATTR-12)
Information: The design specific attribute override for lib_cell 'saed32_hvt|saed32_hvt_std:RDFFNSRASRX2_HVT.timing' is set in the current block 'zigbee_F_cts', because the actual library setting may not be overwritten. (ATTR-12)
Information: The design specific attribute override for lib_cell 'saed32_hvt|saed32_hvt_std:RDFFNSRASX1_HVT.timing' is set in the current block 'zigbee_F_cts', because the actual library setting may not be overwritten. (ATTR-12)
Information: The design specific attribute override for lib_cell 'saed32_hvt|saed32_hvt_std:RDFFNSRASX2_HVT.timing' is set in the current block 'zigbee_F_cts', because the actual library setting may not be overwritten. (ATTR-12)
Information: The design specific attribute override for lib_cell 'saed32_hvt|saed32_hvt_std:RDFFNSRX1_HVT.timing' is set in the current block 'zigbee_F_cts', because the actual library setting may not be overwritten. (ATTR-12)
Information: The design specific attribute override for lib_cell 'saed32_hvt|saed32_hvt_std:RDFFNSRX2_HVT.timing' is set in the current block 'zigbee_F_cts', because the actual library setting may not be overwritten. (ATTR-12)
Information: The design specific attribute override for lib_cell 'saed32_hvt|saed32_hvt_std:RDFFNX1_HVT.timing' is set in the current block 'zigbee_F_cts', because the actual library setting may not be overwritten. (ATTR-12)
Information: The design specific attribute override for lib_cell 'saed32_hvt|saed32_hvt_std:RDFFNX2_HVT.timing' is set in the current block 'zigbee_F_cts', because the actual library setting may not be overwritten. (ATTR-12)
Information: The design specific attribute override for lib_cell 'saed32_hvt|saed32_hvt_std:RDFFSRARX1_HVT.timing' is set in the current block 'zigbee_F_cts', because the actual library setting may not be overwritten. (ATTR-12)
Information: The design specific attribute override for lib_cell 'saed32_hvt|saed32_hvt_std:RDFFSRARX2_HVT.timing' is set in the current block 'zigbee_F_cts', because the actual library setting may not be overwritten. (ATTR-12)
Information: The design specific attribute override for lib_cell 'saed32_hvt|saed32_hvt_std:RDFFSRASRX1_HVT.timing' is set in the current block 'zigbee_F_cts', because the actual library setting may not be overwritten. (ATTR-12)
Information: The design specific attribute override for lib_cell 'saed32_hvt|saed32_hvt_std:RDFFSRASRX2_HVT.timing' is set in the current block 'zigbee_F_cts', because the actual library setting may not be overwritten. (ATTR-12)
Information: The design specific attribute override for lib_cell 'saed32_hvt|saed32_hvt_std:RDFFSRASX1_HVT.timing' is set in the current block 'zigbee_F_cts', because the actual library setting may not be overwritten. (ATTR-12)
Information: The design specific attribute override for lib_cell 'saed32_hvt|saed32_hvt_std:RDFFSRASX2_HVT.timing' is set in the current block 'zigbee_F_cts', because the actual library setting may not be overwritten. (ATTR-12)
Information: The design specific attribute override for lib_cell 'saed32_hvt|saed32_hvt_std:RDFFSRSSRX1_HVT.timing' is set in the current block 'zigbee_F_cts', because the actual library setting may not be overwritten. (ATTR-12)
Information: The design specific attribute override for lib_cell 'saed32_hvt|saed32_hvt_std:RDFFSRSSRX2_HVT.timing' is set in the current block 'zigbee_F_cts', because the actual library setting may not be overwritten. (ATTR-12)
Information: The design specific attribute override for lib_cell 'saed32_hvt|saed32_hvt_std:RDFFSRX1_HVT.timing' is set in the current block 'zigbee_F_cts', because the actual library setting may not be overwritten. (ATTR-12)
Information: The design specific attribute override for lib_cell 'saed32_hvt|saed32_hvt_std:RDFFSRX2_HVT.timing' is set in the current block 'zigbee_F_cts', because the actual library setting may not be overwritten. (ATTR-12)
Information: The design specific attribute override for lib_cell 'saed32_hvt|saed32_hvt_std:RDFFX1_HVT.timing' is set in the current block 'zigbee_F_cts', because the actual library setting may not be overwritten. (ATTR-12)
Information: The design specific attribute override for lib_cell 'saed32_hvt|saed32_hvt_std:RDFFX2_HVT.timing' is set in the current block 'zigbee_F_cts', because the actual library setting may not be overwritten. (ATTR-12)
Information: The design specific attribute override for lib_cell 'saed32_hvt|saed32_hvt_std:RSDFFARX1_HVT.timing' is set in the current block 'zigbee_F_cts', because the actual library setting may not be overwritten. (ATTR-12)
Information: The design specific attribute override for lib_cell 'saed32_hvt|saed32_hvt_std:RSDFFARX2_HVT.timing' is set in the current block 'zigbee_F_cts', because the actual library setting may not be overwritten. (ATTR-12)
Information: The design specific attribute override for lib_cell 'saed32_hvt|saed32_hvt_std:RSDFFNARX1_HVT.timing' is set in the current block 'zigbee_F_cts', because the actual library setting may not be overwritten. (ATTR-12)
Information: The design specific attribute override for lib_cell 'saed32_hvt|saed32_hvt_std:RSDFFNARX2_HVT.timing' is set in the current block 'zigbee_F_cts', because the actual library setting may not be overwritten. (ATTR-12)
Information: The design specific attribute override for lib_cell 'saed32_hvt|saed32_hvt_std:RSDFFNSRARX1_HVT.timing' is set in the current block 'zigbee_F_cts', because the actual library setting may not be overwritten. (ATTR-12)
Information: The design specific attribute override for lib_cell 'saed32_hvt|saed32_hvt_std:RSDFFNSRARX2_HVT.timing' is set in the current block 'zigbee_F_cts', because the actual library setting may not be overwritten. (ATTR-12)
Information: The design specific attribute override for lib_cell 'saed32_hvt|saed32_hvt_std:RSDFFNSRASRNX1_HVT.timing' is set in the current block 'zigbee_F_cts', because the actual library setting may not be overwritten. (ATTR-12)
Information: The design specific attribute override for lib_cell 'saed32_hvt|saed32_hvt_std:RSDFFNSRASRNX2_HVT.timing' is set in the current block 'zigbee_F_cts', because the actual library setting may not be overwritten. (ATTR-12)
Information: The design specific attribute override for lib_cell 'saed32_hvt|saed32_hvt_std:RSDFFNSRASRQX1_HVT.timing' is set in the current block 'zigbee_F_cts', because the actual library setting may not be overwritten. (ATTR-12)
Information: The design specific attribute override for lib_cell 'saed32_hvt|saed32_hvt_std:RSDFFNSRASRQX2_HVT.timing' is set in the current block 'zigbee_F_cts', because the actual library setting may not be overwritten. (ATTR-12)
Information: The design specific attribute override for lib_cell 'saed32_hvt|saed32_hvt_std:RSDFFNSRASRX1_HVT.timing' is set in the current block 'zigbee_F_cts', because the actual library setting may not be overwritten. (ATTR-12)
Information: The design specific attribute override for lib_cell 'saed32_hvt|saed32_hvt_std:RSDFFNSRASRX2_HVT.timing' is set in the current block 'zigbee_F_cts', because the actual library setting may not be overwritten. (ATTR-12)
Information: The design specific attribute override for lib_cell 'saed32_hvt|saed32_hvt_std:RSDFFNSRASX1_HVT.timing' is set in the current block 'zigbee_F_cts', because the actual library setting may not be overwritten. (ATTR-12)
Information: The design specific attribute override for lib_cell 'saed32_hvt|saed32_hvt_std:RSDFFNSRASX2_HVT.timing' is set in the current block 'zigbee_F_cts', because the actual library setting may not be overwritten. (ATTR-12)
Information: The design specific attribute override for lib_cell 'saed32_hvt|saed32_hvt_std:RSDFFNSRX1_HVT.timing' is set in the current block 'zigbee_F_cts', because the actual library setting may not be overwritten. (ATTR-12)
Information: The design specific attribute override for lib_cell 'saed32_hvt|saed32_hvt_std:RSDFFNSRX2_HVT.timing' is set in the current block 'zigbee_F_cts', because the actual library setting may not be overwritten. (ATTR-12)
Information: The design specific attribute override for lib_cell 'saed32_hvt|saed32_hvt_std:RSDFFNX1_HVT.timing' is set in the current block 'zigbee_F_cts', because the actual library setting may not be overwritten. (ATTR-12)
Information: The design specific attribute override for lib_cell 'saed32_hvt|saed32_hvt_std:RSDFFNX2_HVT.timing' is set in the current block 'zigbee_F_cts', because the actual library setting may not be overwritten. (ATTR-12)
Information: The design specific attribute override for lib_cell 'saed32_hvt|saed32_hvt_std:RSDFFSRARX1_HVT.timing' is set in the current block 'zigbee_F_cts', because the actual library setting may not be overwritten. (ATTR-12)
Information: The design specific attribute override for lib_cell 'saed32_hvt|saed32_hvt_std:RSDFFSRARX2_HVT.timing' is set in the current block 'zigbee_F_cts', because the actual library setting may not be overwritten. (ATTR-12)
Information: The design specific attribute override for lib_cell 'saed32_hvt|saed32_hvt_std:RSDFFSRASRX1_HVT.timing' is set in the current block 'zigbee_F_cts', because the actual library setting may not be overwritten. (ATTR-12)
Information: The design specific attribute override for lib_cell 'saed32_hvt|saed32_hvt_std:RSDFFSRASRX2_HVT.timing' is set in the current block 'zigbee_F_cts', because the actual library setting may not be overwritten. (ATTR-12)
Information: The design specific attribute override for lib_cell 'saed32_hvt|saed32_hvt_std:RSDFFSRASX1_HVT.timing' is set in the current block 'zigbee_F_cts', because the actual library setting may not be overwritten. (ATTR-12)
Information: The design specific attribute override for lib_cell 'saed32_hvt|saed32_hvt_std:RSDFFSRASX2_HVT.timing' is set in the current block 'zigbee_F_cts', because the actual library setting may not be overwritten. (ATTR-12)
Information: The design specific attribute override for lib_cell 'saed32_hvt|saed32_hvt_std:RSDFFSRSSRX1_HVT.timing' is set in the current block 'zigbee_F_cts', because the actual library setting may not be overwritten. (ATTR-12)
Information: The design specific attribute override for lib_cell 'saed32_hvt|saed32_hvt_std:RSDFFSRSSRX2_HVT.timing' is set in the current block 'zigbee_F_cts', because the actual library setting may not be overwritten. (ATTR-12)
Information: The design specific attribute override for lib_cell 'saed32_hvt|saed32_hvt_std:RSDFFSRX1_HVT.timing' is set in the current block 'zigbee_F_cts', because the actual library setting may not be overwritten. (ATTR-12)
Information: The design specific attribute override for lib_cell 'saed32_hvt|saed32_hvt_std:RSDFFSRX2_HVT.timing' is set in the current block 'zigbee_F_cts', because the actual library setting may not be overwritten. (ATTR-12)
Information: The design specific attribute override for lib_cell 'saed32_hvt|saed32_hvt_std:RSDFFX1_HVT.timing' is set in the current block 'zigbee_F_cts', because the actual library setting may not be overwritten. (ATTR-12)
Information: The design specific attribute override for lib_cell 'saed32_hvt|saed32_hvt_std:RSDFFX2_HVT.timing' is set in the current block 'zigbee_F_cts', because the actual library setting may not be overwritten. (ATTR-12)
Information: The design specific attribute override for lib_cell 'saed32_hvt|saed32_hvt_std:SDFFARX1_HVT.timing' is set in the current block 'zigbee_F_cts', because the actual library setting may not be overwritten. (ATTR-12)
Information: The design specific attribute override for lib_cell 'saed32_hvt|saed32_hvt_std:SDFFARX2_HVT.timing' is set in the current block 'zigbee_F_cts', because the actual library setting may not be overwritten. (ATTR-12)
Information: The design specific attribute override for lib_cell 'saed32_hvt|saed32_hvt_std:SDFFASRSX1_HVT.timing' is set in the current block 'zigbee_F_cts', because the actual library setting may not be overwritten. (ATTR-12)
Information: The design specific attribute override for lib_cell 'saed32_hvt|saed32_hvt_std:SDFFASRSX2_HVT.timing' is set in the current block 'zigbee_F_cts', because the actual library setting may not be overwritten. (ATTR-12)
Information: The design specific attribute override for lib_cell 'saed32_hvt|saed32_hvt_std:SDFFASRX1_HVT.timing' is set in the current block 'zigbee_F_cts', because the actual library setting may not be overwritten. (ATTR-12)
Information: The design specific attribute override for lib_cell 'saed32_hvt|saed32_hvt_std:SDFFASRX2_HVT.timing' is set in the current block 'zigbee_F_cts', because the actual library setting may not be overwritten. (ATTR-12)
Information: The design specific attribute override for lib_cell 'saed32_hvt|saed32_hvt_std:SDFFASX1_HVT.timing' is set in the current block 'zigbee_F_cts', because the actual library setting may not be overwritten. (ATTR-12)
Information: The design specific attribute override for lib_cell 'saed32_hvt|saed32_hvt_std:SDFFASX2_HVT.timing' is set in the current block 'zigbee_F_cts', because the actual library setting may not be overwritten. (ATTR-12)
Information: The design specific attribute override for lib_cell 'saed32_hvt|saed32_hvt_std:SDFFNARX1_HVT.timing' is set in the current block 'zigbee_F_cts', because the actual library setting may not be overwritten. (ATTR-12)
Information: The design specific attribute override for lib_cell 'saed32_hvt|saed32_hvt_std:SDFFNARX2_HVT.timing' is set in the current block 'zigbee_F_cts', because the actual library setting may not be overwritten. (ATTR-12)
Information: The design specific attribute override for lib_cell 'saed32_hvt|saed32_hvt_std:SDFFNASRX1_HVT.timing' is set in the current block 'zigbee_F_cts', because the actual library setting may not be overwritten. (ATTR-12)
Information: The design specific attribute override for lib_cell 'saed32_hvt|saed32_hvt_std:SDFFNASRX2_HVT.timing' is set in the current block 'zigbee_F_cts', because the actual library setting may not be overwritten. (ATTR-12)
Information: The design specific attribute override for lib_cell 'saed32_hvt|saed32_hvt_std:SDFFNASX1_HVT.timing' is set in the current block 'zigbee_F_cts', because the actual library setting may not be overwritten. (ATTR-12)
Information: The design specific attribute override for lib_cell 'saed32_hvt|saed32_hvt_std:SDFFNASX2_HVT.timing' is set in the current block 'zigbee_F_cts', because the actual library setting may not be overwritten. (ATTR-12)
Information: The design specific attribute override for lib_cell 'saed32_hvt|saed32_hvt_std:SDFFNX1_HVT.timing' is set in the current block 'zigbee_F_cts', because the actual library setting may not be overwritten. (ATTR-12)
Information: The design specific attribute override for lib_cell 'saed32_hvt|saed32_hvt_std:SDFFNX2_HVT.timing' is set in the current block 'zigbee_F_cts', because the actual library setting may not be overwritten. (ATTR-12)
Information: The design specific attribute override for lib_cell 'saed32_hvt|saed32_hvt_std:SDFFSSRX1_HVT.timing' is set in the current block 'zigbee_F_cts', because the actual library setting may not be overwritten. (ATTR-12)
Information: The design specific attribute override for lib_cell 'saed32_hvt|saed32_hvt_std:SDFFSSRX2_HVT.timing' is set in the current block 'zigbee_F_cts', because the actual library setting may not be overwritten. (ATTR-12)
Information: The design specific attribute override for lib_cell 'saed32_hvt|saed32_hvt_std:SDFFX1_HVT.timing' is set in the current block 'zigbee_F_cts', because the actual library setting may not be overwritten. (ATTR-12)
Information: The design specific attribute override for lib_cell 'saed32_hvt|saed32_hvt_std:SDFFX2_HVT.timing' is set in the current block 'zigbee_F_cts', because the actual library setting may not be overwritten. (ATTR-12)
Information: The design specific attribute override for lib_cell 'saed32_hvt|saed32_hvt_std:SHFILL128_HVT.timing' is set in the current block 'zigbee_F_cts', because the actual library setting may not be overwritten. (ATTR-12)
Information: The design specific attribute override for lib_cell 'saed32_hvt|saed32_hvt_std:SHFILL1_HVT.timing' is set in the current block 'zigbee_F_cts', because the actual library setting may not be overwritten. (ATTR-12)
Information: The design specific attribute override for lib_cell 'saed32_hvt|saed32_hvt_std:SHFILL2_HVT.timing' is set in the current block 'zigbee_F_cts', because the actual library setting may not be overwritten. (ATTR-12)
Information: The design specific attribute override for lib_cell 'saed32_hvt|saed32_hvt_std:SHFILL3_HVT.timing' is set in the current block 'zigbee_F_cts', because the actual library setting may not be overwritten. (ATTR-12)
Information: The design specific attribute override for lib_cell 'saed32_hvt|saed32_hvt_std:SHFILL64_HVT.timing' is set in the current block 'zigbee_F_cts', because the actual library setting may not be overwritten. (ATTR-12)
Information: The design specific attribute override for lib_cell 'saed32_hvt|saed32_hvt_std:TIEH_HVT.timing' is set in the current block 'zigbee_F_cts', because the actual library setting may not be overwritten. (ATTR-12)
Information: The design specific attribute override for lib_cell 'saed32_hvt|saed32_hvt_std:TIEL_HVT.timing' is set in the current block 'zigbee_F_cts', because the actual library setting may not be overwritten. (ATTR-12)
Information: The design specific attribute override for lib_cell 'saed32_hvt|saed32_hvt_std:TNBUFFX16_HVT.timing' is set in the current block 'zigbee_F_cts', because the actual library setting may not be overwritten. (ATTR-12)
Information: The design specific attribute override for lib_cell 'saed32_hvt|saed32_hvt_std:TNBUFFX1_HVT.timing' is set in the current block 'zigbee_F_cts', because the actual library setting may not be overwritten. (ATTR-12)
Information: The design specific attribute override for lib_cell 'saed32_hvt|saed32_hvt_std:TNBUFFX2_HVT.timing' is set in the current block 'zigbee_F_cts', because the actual library setting may not be overwritten. (ATTR-12)
Information: The design specific attribute override for lib_cell 'saed32_hvt|saed32_hvt_std:TNBUFFX32_HVT.timing' is set in the current block 'zigbee_F_cts', because the actual library setting may not be overwritten. (ATTR-12)
Information: The design specific attribute override for lib_cell 'saed32_hvt|saed32_hvt_std:TNBUFFX4_HVT.timing' is set in the current block 'zigbee_F_cts', because the actual library setting may not be overwritten. (ATTR-12)
Information: The design specific attribute override for lib_cell 'saed32_hvt|saed32_hvt_std:TNBUFFX8_HVT.timing' is set in the current block 'zigbee_F_cts', because the actual library setting may not be overwritten. (ATTR-12)
Information: The design specific attribute override for lib_cell 'saed32_hvt|saed32_hvt_std:XNOR2X1_HVT.timing' is set in the current block 'zigbee_F_cts', because the actual library setting may not be overwritten. (ATTR-12)
Information: The design specific attribute override for lib_cell 'saed32_hvt|saed32_hvt_std:XNOR2X2_HVT.timing' is set in the current block 'zigbee_F_cts', because the actual library setting may not be overwritten. (ATTR-12)
Information: The design specific attribute override for lib_cell 'saed32_hvt|saed32_hvt_std:XNOR3X1_HVT.timing' is set in the current block 'zigbee_F_cts', because the actual library setting may not be overwritten. (ATTR-12)
Information: The design specific attribute override for lib_cell 'saed32_hvt|saed32_hvt_std:XNOR3X2_HVT.timing' is set in the current block 'zigbee_F_cts', because the actual library setting may not be overwritten. (ATTR-12)
Information: The design specific attribute override for lib_cell 'saed32_hvt|saed32_hvt_std:XOR2X1_HVT.timing' is set in the current block 'zigbee_F_cts', because the actual library setting may not be overwritten. (ATTR-12)
Information: The design specific attribute override for lib_cell 'saed32_hvt|saed32_hvt_std:XOR2X2_HVT.timing' is set in the current block 'zigbee_F_cts', because the actual library setting may not be overwritten. (ATTR-12)
Information: The design specific attribute override for lib_cell 'saed32_hvt|saed32_hvt_std:XOR3X1_HVT.timing' is set in the current block 'zigbee_F_cts', because the actual library setting may not be overwritten. (ATTR-12)
Information: The design specific attribute override for lib_cell 'saed32_hvt|saed32_hvt_std:XOR3X2_HVT.timing' is set in the current block 'zigbee_F_cts', because the actual library setting may not be overwritten. (ATTR-12)
Information: The design specific attribute override for lib_cell 'saed32_hvt|saed32_hvt_pg:FOOT2X16_HVT.timing' is set in the current block 'zigbee_F_cts', because the actual library setting may not be overwritten. (ATTR-12)
Information: The design specific attribute override for lib_cell 'saed32_hvt|saed32_hvt_pg:FOOT2X2_HVT.timing' is set in the current block 'zigbee_F_cts', because the actual library setting may not be overwritten. (ATTR-12)
Information: The design specific attribute override for lib_cell 'saed32_hvt|saed32_hvt_pg:FOOT2X32_HVT.timing' is set in the current block 'zigbee_F_cts', because the actual library setting may not be overwritten. (ATTR-12)
Information: The design specific attribute override for lib_cell 'saed32_hvt|saed32_hvt_pg:FOOT2X4_HVT.timing' is set in the current block 'zigbee_F_cts', because the actual library setting may not be overwritten. (ATTR-12)
Information: The design specific attribute override for lib_cell 'saed32_hvt|saed32_hvt_pg:FOOT2X8_HVT.timing' is set in the current block 'zigbee_F_cts', because the actual library setting may not be overwritten. (ATTR-12)
Information: The design specific attribute override for lib_cell 'saed32_hvt|saed32_hvt_pg:FOOTX16_HVT.timing' is set in the current block 'zigbee_F_cts', because the actual library setting may not be overwritten. (ATTR-12)
Information: The design specific attribute override for lib_cell 'saed32_hvt|saed32_hvt_pg:FOOTX2_HVT.timing' is set in the current block 'zigbee_F_cts', because the actual library setting may not be overwritten. (ATTR-12)
Information: The design specific attribute override for lib_cell 'saed32_hvt|saed32_hvt_pg:FOOTX32_HVT.timing' is set in the current block 'zigbee_F_cts', because the actual library setting may not be overwritten. (ATTR-12)
Information: The design specific attribute override for lib_cell 'saed32_hvt|saed32_hvt_pg:FOOTX4_HVT.timing' is set in the current block 'zigbee_F_cts', because the actual library setting may not be overwritten. (ATTR-12)
Information: The design specific attribute override for lib_cell 'saed32_hvt|saed32_hvt_pg:FOOTX8_HVT.timing' is set in the current block 'zigbee_F_cts', because the actual library setting may not be overwritten. (ATTR-12)
Information: The design specific attribute override for lib_cell 'saed32_hvt|saed32_hvt_pg:HEAD2X16_HVT.timing' is set in the current block 'zigbee_F_cts', because the actual library setting may not be overwritten. (ATTR-12)
Information: The design specific attribute override for lib_cell 'saed32_hvt|saed32_hvt_pg:HEAD2X2_HVT.timing' is set in the current block 'zigbee_F_cts', because the actual library setting may not be overwritten. (ATTR-12)
Information: The design specific attribute override for lib_cell 'saed32_hvt|saed32_hvt_pg:HEAD2X32_HVT.timing' is set in the current block 'zigbee_F_cts', because the actual library setting may not be overwritten. (ATTR-12)
Information: The design specific attribute override for lib_cell 'saed32_hvt|saed32_hvt_pg:HEAD2X4_HVT.timing' is set in the current block 'zigbee_F_cts', because the actual library setting may not be overwritten. (ATTR-12)
Information: The design specific attribute override for lib_cell 'saed32_hvt|saed32_hvt_pg:HEAD2X8_HVT.timing' is set in the current block 'zigbee_F_cts', because the actual library setting may not be overwritten. (ATTR-12)
Information: The design specific attribute override for lib_cell 'saed32_hvt|saed32_hvt_pg:HEADX16_HVT.timing' is set in the current block 'zigbee_F_cts', because the actual library setting may not be overwritten. (ATTR-12)
Information: The design specific attribute override for lib_cell 'saed32_hvt|saed32_hvt_pg:HEADX2_HVT.timing' is set in the current block 'zigbee_F_cts', because the actual library setting may not be overwritten. (ATTR-12)
Information: The design specific attribute override for lib_cell 'saed32_hvt|saed32_hvt_pg:HEADX32_HVT.timing' is set in the current block 'zigbee_F_cts', because the actual library setting may not be overwritten. (ATTR-12)
Information: The design specific attribute override for lib_cell 'saed32_hvt|saed32_hvt_pg:HEADX4_HVT.timing' is set in the current block 'zigbee_F_cts', because the actual library setting may not be overwritten. (ATTR-12)
Information: The design specific attribute override for lib_cell 'saed32_hvt|saed32_hvt_pg:HEADX8_HVT.timing' is set in the current block 'zigbee_F_cts', because the actual library setting may not be overwritten. (ATTR-12)
Information: The design specific attribute override for lib_cell 'saed32_hvt|saed32_hvt_lsdn:LSDNENCLSSX1_HVT.timing' is set in the current block 'zigbee_F_cts', because the actual library setting may not be overwritten. (ATTR-12)
Information: The design specific attribute override for lib_cell 'saed32_hvt|saed32_hvt_lsdn:LSDNENCLSSX2_HVT.timing' is set in the current block 'zigbee_F_cts', because the actual library setting may not be overwritten. (ATTR-12)
Information: The design specific attribute override for lib_cell 'saed32_hvt|saed32_hvt_lsdn:LSDNENCLSSX4_HVT.timing' is set in the current block 'zigbee_F_cts', because the actual library setting may not be overwritten. (ATTR-12)
Information: The design specific attribute override for lib_cell 'saed32_hvt|saed32_hvt_lsdn:LSDNENCLSSX8_HVT.timing' is set in the current block 'zigbee_F_cts', because the actual library setting may not be overwritten. (ATTR-12)
Information: The design specific attribute override for lib_cell 'saed32_hvt|saed32_hvt_lsdn:LSDNENCLX1_HVT.timing' is set in the current block 'zigbee_F_cts', because the actual library setting may not be overwritten. (ATTR-12)
Information: The design specific attribute override for lib_cell 'saed32_hvt|saed32_hvt_lsdn:LSDNENCLX2_HVT.timing' is set in the current block 'zigbee_F_cts', because the actual library setting may not be overwritten. (ATTR-12)
Information: The design specific attribute override for lib_cell 'saed32_hvt|saed32_hvt_lsdn:LSDNENCLX4_HVT.timing' is set in the current block 'zigbee_F_cts', because the actual library setting may not be overwritten. (ATTR-12)
Information: The design specific attribute override for lib_cell 'saed32_hvt|saed32_hvt_lsdn:LSDNENCLX8_HVT.timing' is set in the current block 'zigbee_F_cts', because the actual library setting may not be overwritten. (ATTR-12)
Information: The design specific attribute override for lib_cell 'saed32_hvt|saed32_hvt_lsdn:LSDNENSSX1_HVT.timing' is set in the current block 'zigbee_F_cts', because the actual library setting may not be overwritten. (ATTR-12)
Information: The design specific attribute override for lib_cell 'saed32_hvt|saed32_hvt_lsdn:LSDNENSSX2_HVT.timing' is set in the current block 'zigbee_F_cts', because the actual library setting may not be overwritten. (ATTR-12)
Information: The design specific attribute override for lib_cell 'saed32_hvt|saed32_hvt_lsdn:LSDNENSSX4_HVT.timing' is set in the current block 'zigbee_F_cts', because the actual library setting may not be overwritten. (ATTR-12)
Information: The design specific attribute override for lib_cell 'saed32_hvt|saed32_hvt_lsdn:LSDNENSSX8_HVT.timing' is set in the current block 'zigbee_F_cts', because the actual library setting may not be overwritten. (ATTR-12)
Information: The design specific attribute override for lib_cell 'saed32_hvt|saed32_hvt_lsdn:LSDNENX1_HVT.timing' is set in the current block 'zigbee_F_cts', because the actual library setting may not be overwritten. (ATTR-12)
Information: The design specific attribute override for lib_cell 'saed32_hvt|saed32_hvt_lsdn:LSDNENX2_HVT.timing' is set in the current block 'zigbee_F_cts', because the actual library setting may not be overwritten. (ATTR-12)
Information: The design specific attribute override for lib_cell 'saed32_hvt|saed32_hvt_lsdn:LSDNENX4_HVT.timing' is set in the current block 'zigbee_F_cts', because the actual library setting may not be overwritten. (ATTR-12)
Information: The design specific attribute override for lib_cell 'saed32_hvt|saed32_hvt_lsdn:LSDNENX8_HVT.timing' is set in the current block 'zigbee_F_cts', because the actual library setting may not be overwritten. (ATTR-12)
Information: The design specific attribute override for lib_cell 'saed32_hvt|saed32_hvt_lsdn:LSDNSSX1_HVT.timing' is set in the current block 'zigbee_F_cts', because the actual library setting may not be overwritten. (ATTR-12)
Information: The design specific attribute override for lib_cell 'saed32_hvt|saed32_hvt_lsdn:LSDNSSX2_HVT.timing' is set in the current block 'zigbee_F_cts', because the actual library setting may not be overwritten. (ATTR-12)
Information: The design specific attribute override for lib_cell 'saed32_hvt|saed32_hvt_lsdn:LSDNSSX4_HVT.timing' is set in the current block 'zigbee_F_cts', because the actual library setting may not be overwritten. (ATTR-12)
Information: The design specific attribute override for lib_cell 'saed32_hvt|saed32_hvt_lsdn:LSDNSSX8_HVT.timing' is set in the current block 'zigbee_F_cts', because the actual library setting may not be overwritten. (ATTR-12)
Information: The design specific attribute override for lib_cell 'saed32_hvt|saed32_hvt_lsdn:LSDNX1_HVT.timing' is set in the current block 'zigbee_F_cts', because the actual library setting may not be overwritten. (ATTR-12)
Information: The design specific attribute override for lib_cell 'saed32_hvt|saed32_hvt_lsdn:LSDNX2_HVT.timing' is set in the current block 'zigbee_F_cts', because the actual library setting may not be overwritten. (ATTR-12)
Information: The design specific attribute override for lib_cell 'saed32_hvt|saed32_hvt_lsdn:LSDNX4_HVT.timing' is set in the current block 'zigbee_F_cts', because the actual library setting may not be overwritten. (ATTR-12)
Information: The design specific attribute override for lib_cell 'saed32_hvt|saed32_hvt_lsdn:LSDNX8_HVT.timing' is set in the current block 'zigbee_F_cts', because the actual library setting may not be overwritten. (ATTR-12)
Information: The design specific attribute override for lib_cell 'saed32_hvt|saed32_hvt_lsup:LSUPENCLX1_HVT.timing' is set in the current block 'zigbee_F_cts', because the actual library setting may not be overwritten. (ATTR-12)
Information: The design specific attribute override for lib_cell 'saed32_hvt|saed32_hvt_lsup:LSUPENCLX2_HVT.timing' is set in the current block 'zigbee_F_cts', because the actual library setting may not be overwritten. (ATTR-12)
Information: The design specific attribute override for lib_cell 'saed32_hvt|saed32_hvt_lsup:LSUPENCLX4_HVT.timing' is set in the current block 'zigbee_F_cts', because the actual library setting may not be overwritten. (ATTR-12)
Information: The design specific attribute override for lib_cell 'saed32_hvt|saed32_hvt_lsup:LSUPENCLX8_HVT.timing' is set in the current block 'zigbee_F_cts', because the actual library setting may not be overwritten. (ATTR-12)
Information: The design specific attribute override for lib_cell 'saed32_hvt|saed32_hvt_lsup:LSUPENX1_HVT.timing' is set in the current block 'zigbee_F_cts', because the actual library setting may not be overwritten. (ATTR-12)
Information: The design specific attribute override for lib_cell 'saed32_hvt|saed32_hvt_lsup:LSUPENX2_HVT.timing' is set in the current block 'zigbee_F_cts', because the actual library setting may not be overwritten. (ATTR-12)
Information: The design specific attribute override for lib_cell 'saed32_hvt|saed32_hvt_lsup:LSUPENX4_HVT.timing' is set in the current block 'zigbee_F_cts', because the actual library setting may not be overwritten. (ATTR-12)
Information: The design specific attribute override for lib_cell 'saed32_hvt|saed32_hvt_lsup:LSUPENX8_HVT.timing' is set in the current block 'zigbee_F_cts', because the actual library setting may not be overwritten. (ATTR-12)
Information: The design specific attribute override for lib_cell 'saed32_hvt|saed32_hvt_lsup:LSUPX1_HVT.timing' is set in the current block 'zigbee_F_cts', because the actual library setting may not be overwritten. (ATTR-12)
Information: The design specific attribute override for lib_cell 'saed32_hvt|saed32_hvt_lsup:LSUPX2_HVT.timing' is set in the current block 'zigbee_F_cts', because the actual library setting may not be overwritten. (ATTR-12)
Information: The design specific attribute override for lib_cell 'saed32_hvt|saed32_hvt_lsup:LSUPX4_HVT.timing' is set in the current block 'zigbee_F_cts', because the actual library setting may not be overwritten. (ATTR-12)
Information: The design specific attribute override for lib_cell 'saed32_hvt|saed32_hvt_lsup:LSUPX8_HVT.timing' is set in the current block 'zigbee_F_cts', because the actual library setting may not be overwritten. (ATTR-12)
Information: The design specific attribute override for lib_cell 'saed32_iodrivers:B4ISH1025_EW.timing' is set in the current block 'zigbee_F_cts', because the actual library setting may not be overwritten. (ATTR-12)
Information: The design specific attribute override for lib_cell 'saed32_iodrivers:B4ISH1025_NS.timing' is set in the current block 'zigbee_F_cts', because the actual library setting may not be overwritten. (ATTR-12)
Information: The design specific attribute override for lib_cell 'saed32_iodrivers:D4I1025_EW.timing' is set in the current block 'zigbee_F_cts', because the actual library setting may not be overwritten. (ATTR-12)
Information: The design specific attribute override for lib_cell 'saed32_iodrivers:D4I1025_NS.timing' is set in the current block 'zigbee_F_cts', because the actual library setting may not be overwritten. (ATTR-12)
Information: The design specific attribute override for lib_cell 'saed32_iodrivers:ISH1025_EW.timing' is set in the current block 'zigbee_F_cts', because the actual library setting may not be overwritten. (ATTR-12)
Information: The design specific attribute override for lib_cell 'saed32_iodrivers:ISH1025_NS.timing' is set in the current block 'zigbee_F_cts', because the actual library setting may not be overwritten. (ATTR-12)
Information: The design specific attribute override for lib_cell 'saed32_iodrivers:FILLER01.timing' is set in the current block 'zigbee_F_cts', because the actual library setting may not be overwritten. (ATTR-12)
Information: The design specific attribute override for lib_cell 'saed32_iodrivers:FILLER10.timing' is set in the current block 'zigbee_F_cts', because the actual library setting may not be overwritten. (ATTR-12)
Information: The design specific attribute override for lib_cell 'saed32_iodrivers:FILLER15.timing' is set in the current block 'zigbee_F_cts', because the actual library setting may not be overwritten. (ATTR-12)
Information: The design specific attribute override for lib_cell 'saed32_iodrivers:FILLER1.timing' is set in the current block 'zigbee_F_cts', because the actual library setting may not be overwritten. (ATTR-12)
Information: The design specific attribute override for lib_cell 'saed32_iodrivers:FILLER20.timing' is set in the current block 'zigbee_F_cts', because the actual library setting may not be overwritten. (ATTR-12)
Information: The design specific attribute override for lib_cell 'saed32_iodrivers:FILLER35.timing' is set in the current block 'zigbee_F_cts', because the actual library setting may not be overwritten. (ATTR-12)
Information: The design specific attribute override for lib_cell 'saed32_iodrivers:FILLER40.timing' is set in the current block 'zigbee_F_cts', because the actual library setting may not be overwritten. (ATTR-12)
Information: The design specific attribute override for lib_cell 'saed32_iodrivers:FILLER50.timing' is set in the current block 'zigbee_F_cts', because the actual library setting may not be overwritten. (ATTR-12)
Information: The design specific attribute override for lib_cell 'saed32_iodrivers:FILLER5.timing' is set in the current block 'zigbee_F_cts', because the actual library setting may not be overwritten. (ATTR-12)
Information: The design specific attribute override for lib_cell 'saed32_iodrivers:FILLER.timing' is set in the current block 'zigbee_F_cts', because the actual library setting may not be overwritten. (ATTR-12)
Information: The design specific attribute override for lib_cell 'saed32_iodrivers:BREAKCORE.timing' is set in the current block 'zigbee_F_cts', because the actual library setting may not be overwritten. (ATTR-12)
Information: The design specific attribute override for lib_cell 'saed32_iodrivers:CORNER.timing' is set in the current block 'zigbee_F_cts', because the actual library setting may not be overwritten. (ATTR-12)
Information: The design specific attribute override for lib_cell 'saed32_iodrivers:VDD_EW.timing' is set in the current block 'zigbee_F_cts', because the actual library setting may not be overwritten. (ATTR-12)
Information: The design specific attribute override for lib_cell 'saed32_iodrivers:VSS_EW.timing' is set in the current block 'zigbee_F_cts', because the actual library setting may not be overwritten. (ATTR-12)
Information: The design specific attribute override for lib_cell 'saed32_iodrivers:VDD_NS.timing' is set in the current block 'zigbee_F_cts', because the actual library setting may not be overwritten. (ATTR-12)
Information: The design specific attribute override for lib_cell 'saed32_iodrivers:VSS_NS.timing' is set in the current block 'zigbee_F_cts', because the actual library setting may not be overwritten. (ATTR-12)
Information: The design specific attribute override for lib_cell 'saed32_iodrivers:IOVDD_NS.timing' is set in the current block 'zigbee_F_cts', because the actual library setting may not be overwritten. (ATTR-12)
Information: The design specific attribute override for lib_cell 'saed32_iodrivers:IOVSS_EW.timing' is set in the current block 'zigbee_F_cts', because the actual library setting may not be overwritten. (ATTR-12)
Information: The design specific attribute override for lib_cell 'saed32_iodrivers:IOVDD_EW.timing' is set in the current block 'zigbee_F_cts', because the actual library setting may not be overwritten. (ATTR-12)
Information: The design specific attribute override for lib_cell 'saed32_iodrivers:IOVSS_NS.timing' is set in the current block 'zigbee_F_cts', because the actual library setting may not be overwritten. (ATTR-12)
Information: The design specific attribute override for lib_cell 'saed32_lvt|saed32_lvt_std:AND2X1_LVT.timing' is set in the current block 'zigbee_F_cts', because the actual library setting may not be overwritten. (ATTR-12)
Information: The design specific attribute override for lib_cell 'saed32_lvt|saed32_lvt_std:AND2X2_LVT.timing' is set in the current block 'zigbee_F_cts', because the actual library setting may not be overwritten. (ATTR-12)
Information: The design specific attribute override for lib_cell 'saed32_lvt|saed32_lvt_std:AND2X4_LVT.timing' is set in the current block 'zigbee_F_cts', because the actual library setting may not be overwritten. (ATTR-12)
Information: The design specific attribute override for lib_cell 'saed32_lvt|saed32_lvt_std:AND3X1_LVT.timing' is set in the current block 'zigbee_F_cts', because the actual library setting may not be overwritten. (ATTR-12)
Information: The design specific attribute override for lib_cell 'saed32_lvt|saed32_lvt_std:AND3X2_LVT.timing' is set in the current block 'zigbee_F_cts', because the actual library setting may not be overwritten. (ATTR-12)
Information: The design specific attribute override for lib_cell 'saed32_lvt|saed32_lvt_std:AND3X4_LVT.timing' is set in the current block 'zigbee_F_cts', because the actual library setting may not be overwritten. (ATTR-12)
Information: The design specific attribute override for lib_cell 'saed32_lvt|saed32_lvt_std:AND4X1_LVT.timing' is set in the current block 'zigbee_F_cts', because the actual library setting may not be overwritten. (ATTR-12)
Information: The design specific attribute override for lib_cell 'saed32_lvt|saed32_lvt_std:AND4X2_LVT.timing' is set in the current block 'zigbee_F_cts', because the actual library setting may not be overwritten. (ATTR-12)
Information: The design specific attribute override for lib_cell 'saed32_lvt|saed32_lvt_std:AND4X4_LVT.timing' is set in the current block 'zigbee_F_cts', because the actual library setting may not be overwritten. (ATTR-12)
Information: The design specific attribute override for lib_cell 'saed32_lvt|saed32_lvt_std:ANTENNA_LVT.timing' is set in the current block 'zigbee_F_cts', because the actual library setting may not be overwritten. (ATTR-12)
Information: The design specific attribute override for lib_cell 'saed32_lvt|saed32_lvt_std:AO21X1_LVT.timing' is set in the current block 'zigbee_F_cts', because the actual library setting may not be overwritten. (ATTR-12)
Information: The design specific attribute override for lib_cell 'saed32_lvt|saed32_lvt_std:AO21X2_LVT.timing' is set in the current block 'zigbee_F_cts', because the actual library setting may not be overwritten. (ATTR-12)
Information: The design specific attribute override for lib_cell 'saed32_lvt|saed32_lvt_std:AO221X1_LVT.timing' is set in the current block 'zigbee_F_cts', because the actual library setting may not be overwritten. (ATTR-12)
Information: The design specific attribute override for lib_cell 'saed32_lvt|saed32_lvt_std:AO221X2_LVT.timing' is set in the current block 'zigbee_F_cts', because the actual library setting may not be overwritten. (ATTR-12)
Information: The design specific attribute override for lib_cell 'saed32_lvt|saed32_lvt_std:AO222X1_LVT.timing' is set in the current block 'zigbee_F_cts', because the actual library setting may not be overwritten. (ATTR-12)
Information: The design specific attribute override for lib_cell 'saed32_lvt|saed32_lvt_std:AO222X2_LVT.timing' is set in the current block 'zigbee_F_cts', because the actual library setting may not be overwritten. (ATTR-12)
Information: The design specific attribute override for lib_cell 'saed32_lvt|saed32_lvt_std:AO22X1_LVT.timing' is set in the current block 'zigbee_F_cts', because the actual library setting may not be overwritten. (ATTR-12)
Information: The design specific attribute override for lib_cell 'saed32_lvt|saed32_lvt_std:AO22X2_LVT.timing' is set in the current block 'zigbee_F_cts', because the actual library setting may not be overwritten. (ATTR-12)
Information: The design specific attribute override for lib_cell 'saed32_lvt|saed32_lvt_std:AOBUFX1_LVT.timing' is set in the current block 'zigbee_F_cts', because the actual library setting may not be overwritten. (ATTR-12)
Information: The design specific attribute override for lib_cell 'saed32_lvt|saed32_lvt_std:AOBUFX2_LVT.timing' is set in the current block 'zigbee_F_cts', because the actual library setting may not be overwritten. (ATTR-12)
Information: The design specific attribute override for lib_cell 'saed32_lvt|saed32_lvt_std:AOBUFX4_LVT.timing' is set in the current block 'zigbee_F_cts', because the actual library setting may not be overwritten. (ATTR-12)
Information: The design specific attribute override for lib_cell 'saed32_lvt|saed32_lvt_std:AODFFARX1_LVT.timing' is set in the current block 'zigbee_F_cts', because the actual library setting may not be overwritten. (ATTR-12)
Information: The design specific attribute override for lib_cell 'saed32_lvt|saed32_lvt_std:AODFFARX2_LVT.timing' is set in the current block 'zigbee_F_cts', because the actual library setting may not be overwritten. (ATTR-12)
Information: The design specific attribute override for lib_cell 'saed32_lvt|saed32_lvt_std:AODFFNARX1_LVT.timing' is set in the current block 'zigbee_F_cts', because the actual library setting may not be overwritten. (ATTR-12)
Information: The design specific attribute override for lib_cell 'saed32_lvt|saed32_lvt_std:AODFFNARX2_LVT.timing' is set in the current block 'zigbee_F_cts', because the actual library setting may not be overwritten. (ATTR-12)
Information: The design specific attribute override for lib_cell 'saed32_lvt|saed32_lvt_std:AOI21X1_LVT.timing' is set in the current block 'zigbee_F_cts', because the actual library setting may not be overwritten. (ATTR-12)
Information: The design specific attribute override for lib_cell 'saed32_lvt|saed32_lvt_std:AOI21X2_LVT.timing' is set in the current block 'zigbee_F_cts', because the actual library setting may not be overwritten. (ATTR-12)
Information: The design specific attribute override for lib_cell 'saed32_lvt|saed32_lvt_std:AOI221X1_LVT.timing' is set in the current block 'zigbee_F_cts', because the actual library setting may not be overwritten. (ATTR-12)
Information: The design specific attribute override for lib_cell 'saed32_lvt|saed32_lvt_std:AOI221X2_LVT.timing' is set in the current block 'zigbee_F_cts', because the actual library setting may not be overwritten. (ATTR-12)
Information: The design specific attribute override for lib_cell 'saed32_lvt|saed32_lvt_std:AOI222X1_LVT.timing' is set in the current block 'zigbee_F_cts', because the actual library setting may not be overwritten. (ATTR-12)
Information: The design specific attribute override for lib_cell 'saed32_lvt|saed32_lvt_std:AOI222X2_LVT.timing' is set in the current block 'zigbee_F_cts', because the actual library setting may not be overwritten. (ATTR-12)
Information: The design specific attribute override for lib_cell 'saed32_lvt|saed32_lvt_std:AOI22X1_LVT.timing' is set in the current block 'zigbee_F_cts', because the actual library setting may not be overwritten. (ATTR-12)
Information: The design specific attribute override for lib_cell 'saed32_lvt|saed32_lvt_std:AOI22X2_LVT.timing' is set in the current block 'zigbee_F_cts', because the actual library setting may not be overwritten. (ATTR-12)
Information: The design specific attribute override for lib_cell 'saed32_lvt|saed32_lvt_std:AOINVX1_LVT.timing' is set in the current block 'zigbee_F_cts', because the actual library setting may not be overwritten. (ATTR-12)
Information: The design specific attribute override for lib_cell 'saed32_lvt|saed32_lvt_std:AOINVX2_LVT.timing' is set in the current block 'zigbee_F_cts', because the actual library setting may not be overwritten. (ATTR-12)
Information: The design specific attribute override for lib_cell 'saed32_lvt|saed32_lvt_std:AOINVX4_LVT.timing' is set in the current block 'zigbee_F_cts', because the actual library setting may not be overwritten. (ATTR-12)
Information: The design specific attribute override for lib_cell 'saed32_lvt|saed32_lvt_std:BSLEX1_LVT.timing' is set in the current block 'zigbee_F_cts', because the actual library setting may not be overwritten. (ATTR-12)
Information: The design specific attribute override for lib_cell 'saed32_lvt|saed32_lvt_std:BSLEX2_LVT.timing' is set in the current block 'zigbee_F_cts', because the actual library setting may not be overwritten. (ATTR-12)
Information: The design specific attribute override for lib_cell 'saed32_lvt|saed32_lvt_std:BSLEX4_LVT.timing' is set in the current block 'zigbee_F_cts', because the actual library setting may not be overwritten. (ATTR-12)
Information: The design specific attribute override for lib_cell 'saed32_lvt|saed32_lvt_std:BUSKP_LVT.timing' is set in the current block 'zigbee_F_cts', because the actual library setting may not be overwritten. (ATTR-12)
Information: The design specific attribute override for lib_cell 'saed32_lvt|saed32_lvt_std:CGLNPRX2_LVT.timing' is set in the current block 'zigbee_F_cts', because the actual library setting may not be overwritten. (ATTR-12)
Information: The design specific attribute override for lib_cell 'saed32_lvt|saed32_lvt_std:CGLNPRX8_LVT.timing' is set in the current block 'zigbee_F_cts', because the actual library setting may not be overwritten. (ATTR-12)
Information: The design specific attribute override for lib_cell 'saed32_lvt|saed32_lvt_std:CGLNPSX16_LVT.timing' is set in the current block 'zigbee_F_cts', because the actual library setting may not be overwritten. (ATTR-12)
Information: The design specific attribute override for lib_cell 'saed32_lvt|saed32_lvt_std:CGLNPSX2_LVT.timing' is set in the current block 'zigbee_F_cts', because the actual library setting may not be overwritten. (ATTR-12)
Information: The design specific attribute override for lib_cell 'saed32_lvt|saed32_lvt_std:CGLNPSX4_LVT.timing' is set in the current block 'zigbee_F_cts', because the actual library setting may not be overwritten. (ATTR-12)
Information: The design specific attribute override for lib_cell 'saed32_lvt|saed32_lvt_std:CGLNPSX8_LVT.timing' is set in the current block 'zigbee_F_cts', because the actual library setting may not be overwritten. (ATTR-12)
Information: The design specific attribute override for lib_cell 'saed32_lvt|saed32_lvt_std:CGLPPRX2_LVT.timing' is set in the current block 'zigbee_F_cts', because the actual library setting may not be overwritten. (ATTR-12)
Information: The design specific attribute override for lib_cell 'saed32_lvt|saed32_lvt_std:CGLPPRX8_LVT.timing' is set in the current block 'zigbee_F_cts', because the actual library setting may not be overwritten. (ATTR-12)
Information: The design specific attribute override for lib_cell 'saed32_lvt|saed32_lvt_std:CGLPPSX16_LVT.timing' is set in the current block 'zigbee_F_cts', because the actual library setting may not be overwritten. (ATTR-12)
Information: The design specific attribute override for lib_cell 'saed32_lvt|saed32_lvt_std:CGLPPSX2_LVT.timing' is set in the current block 'zigbee_F_cts', because the actual library setting may not be overwritten. (ATTR-12)
Information: The design specific attribute override for lib_cell 'saed32_lvt|saed32_lvt_std:CGLPPSX4_LVT.timing' is set in the current block 'zigbee_F_cts', because the actual library setting may not be overwritten. (ATTR-12)
Information: The design specific attribute override for lib_cell 'saed32_lvt|saed32_lvt_std:CGLPPSX8_LVT.timing' is set in the current block 'zigbee_F_cts', because the actual library setting may not be overwritten. (ATTR-12)
Information: The design specific attribute override for lib_cell 'saed32_lvt|saed32_lvt_std:CLOAD1_LVT.timing' is set in the current block 'zigbee_F_cts', because the actual library setting may not be overwritten. (ATTR-12)
Information: The design specific attribute override for lib_cell 'saed32_lvt|saed32_lvt_std:DCAP_LVT.timing' is set in the current block 'zigbee_F_cts', because the actual library setting may not be overwritten. (ATTR-12)
Information: The design specific attribute override for lib_cell 'saed32_lvt|saed32_lvt_std:DEC24X1_LVT.timing' is set in the current block 'zigbee_F_cts', because the actual library setting may not be overwritten. (ATTR-12)
Information: The design specific attribute override for lib_cell 'saed32_lvt|saed32_lvt_std:DEC24X2_LVT.timing' is set in the current block 'zigbee_F_cts', because the actual library setting may not be overwritten. (ATTR-12)
Information: The design specific attribute override for lib_cell 'saed32_lvt|saed32_lvt_std:DELLN1X2_LVT.timing' is set in the current block 'zigbee_F_cts', because the actual library setting may not be overwritten. (ATTR-12)
Information: The design specific attribute override for lib_cell 'saed32_lvt|saed32_lvt_std:DELLN2X2_LVT.timing' is set in the current block 'zigbee_F_cts', because the actual library setting may not be overwritten. (ATTR-12)
Information: The design specific attribute override for lib_cell 'saed32_lvt|saed32_lvt_std:DELLN3X2_LVT.timing' is set in the current block 'zigbee_F_cts', because the actual library setting may not be overwritten. (ATTR-12)
Information: The design specific attribute override for lib_cell 'saed32_lvt|saed32_lvt_std:DFFARX1_LVT.timing' is set in the current block 'zigbee_F_cts', because the actual library setting may not be overwritten. (ATTR-12)
Information: The design specific attribute override for lib_cell 'saed32_lvt|saed32_lvt_std:DFFARX2_LVT.timing' is set in the current block 'zigbee_F_cts', because the actual library setting may not be overwritten. (ATTR-12)
Information: The design specific attribute override for lib_cell 'saed32_lvt|saed32_lvt_std:DFFASRX1_LVT.timing' is set in the current block 'zigbee_F_cts', because the actual library setting may not be overwritten. (ATTR-12)
Information: The design specific attribute override for lib_cell 'saed32_lvt|saed32_lvt_std:DFFASRX2_LVT.timing' is set in the current block 'zigbee_F_cts', because the actual library setting may not be overwritten. (ATTR-12)
Information: The design specific attribute override for lib_cell 'saed32_lvt|saed32_lvt_std:DFFASX1_LVT.timing' is set in the current block 'zigbee_F_cts', because the actual library setting may not be overwritten. (ATTR-12)
Information: The design specific attribute override for lib_cell 'saed32_lvt|saed32_lvt_std:DFFASX2_LVT.timing' is set in the current block 'zigbee_F_cts', because the actual library setting may not be overwritten. (ATTR-12)
Information: The design specific attribute override for lib_cell 'saed32_lvt|saed32_lvt_std:DFFNARX1_LVT.timing' is set in the current block 'zigbee_F_cts', because the actual library setting may not be overwritten. (ATTR-12)
Information: The design specific attribute override for lib_cell 'saed32_lvt|saed32_lvt_std:DFFNARX2_LVT.timing' is set in the current block 'zigbee_F_cts', because the actual library setting may not be overwritten. (ATTR-12)
Information: The design specific attribute override for lib_cell 'saed32_lvt|saed32_lvt_std:DFFNASRNX1_LVT.timing' is set in the current block 'zigbee_F_cts', because the actual library setting may not be overwritten. (ATTR-12)
Information: The design specific attribute override for lib_cell 'saed32_lvt|saed32_lvt_std:DFFNASRNX2_LVT.timing' is set in the current block 'zigbee_F_cts', because the actual library setting may not be overwritten. (ATTR-12)
Information: The design specific attribute override for lib_cell 'saed32_lvt|saed32_lvt_std:DFFNASRQX1_LVT.timing' is set in the current block 'zigbee_F_cts', because the actual library setting may not be overwritten. (ATTR-12)
Information: The design specific attribute override for lib_cell 'saed32_lvt|saed32_lvt_std:DFFNASRQX2_LVT.timing' is set in the current block 'zigbee_F_cts', because the actual library setting may not be overwritten. (ATTR-12)
Information: The design specific attribute override for lib_cell 'saed32_lvt|saed32_lvt_std:DFFNASRX1_LVT.timing' is set in the current block 'zigbee_F_cts', because the actual library setting may not be overwritten. (ATTR-12)
Information: The design specific attribute override for lib_cell 'saed32_lvt|saed32_lvt_std:DFFNASRX2_LVT.timing' is set in the current block 'zigbee_F_cts', because the actual library setting may not be overwritten. (ATTR-12)
Information: The design specific attribute override for lib_cell 'saed32_lvt|saed32_lvt_std:DFFNASX1_LVT.timing' is set in the current block 'zigbee_F_cts', because the actual library setting may not be overwritten. (ATTR-12)
Information: The design specific attribute override for lib_cell 'saed32_lvt|saed32_lvt_std:DFFNASX2_LVT.timing' is set in the current block 'zigbee_F_cts', because the actual library setting may not be overwritten. (ATTR-12)
Information: The design specific attribute override for lib_cell 'saed32_lvt|saed32_lvt_std:DFFNX1_LVT.timing' is set in the current block 'zigbee_F_cts', because the actual library setting may not be overwritten. (ATTR-12)
Information: The design specific attribute override for lib_cell 'saed32_lvt|saed32_lvt_std:DFFNX2_LVT.timing' is set in the current block 'zigbee_F_cts', because the actual library setting may not be overwritten. (ATTR-12)
Information: The design specific attribute override for lib_cell 'saed32_lvt|saed32_lvt_std:DFFSSRX1_LVT.timing' is set in the current block 'zigbee_F_cts', because the actual library setting may not be overwritten. (ATTR-12)
Information: The design specific attribute override for lib_cell 'saed32_lvt|saed32_lvt_std:DFFSSRX2_LVT.timing' is set in the current block 'zigbee_F_cts', because the actual library setting may not be overwritten. (ATTR-12)
Information: The design specific attribute override for lib_cell 'saed32_lvt|saed32_lvt_std:DFFX1_LVT.timing' is set in the current block 'zigbee_F_cts', because the actual library setting may not be overwritten. (ATTR-12)
Information: The design specific attribute override for lib_cell 'saed32_lvt|saed32_lvt_std:DFFX2_LVT.timing' is set in the current block 'zigbee_F_cts', because the actual library setting may not be overwritten. (ATTR-12)
Information: The design specific attribute override for lib_cell 'saed32_lvt|saed32_lvt_std:DHFILLH2_LVT.timing' is set in the current block 'zigbee_F_cts', because the actual library setting may not be overwritten. (ATTR-12)
Information: The design specific attribute override for lib_cell 'saed32_lvt|saed32_lvt_std:DHFILLHL2_LVT.timing' is set in the current block 'zigbee_F_cts', because the actual library setting may not be overwritten. (ATTR-12)
Information: The design specific attribute override for lib_cell 'saed32_lvt|saed32_lvt_std:DHFILLHLHLS11_LVT.timing' is set in the current block 'zigbee_F_cts', because the actual library setting may not be overwritten. (ATTR-12)
Information: The design specific attribute override for lib_cell 'saed32_lvt|saed32_lvt_std:FADDX1_LVT.timing' is set in the current block 'zigbee_F_cts', because the actual library setting may not be overwritten. (ATTR-12)
Information: The design specific attribute override for lib_cell 'saed32_lvt|saed32_lvt_std:FADDX2_LVT.timing' is set in the current block 'zigbee_F_cts', because the actual library setting may not be overwritten. (ATTR-12)
Information: The design specific attribute override for lib_cell 'saed32_lvt|saed32_lvt_std:HADDX1_LVT.timing' is set in the current block 'zigbee_F_cts', because the actual library setting may not be overwritten. (ATTR-12)
Information: The design specific attribute override for lib_cell 'saed32_lvt|saed32_lvt_std:HADDX2_LVT.timing' is set in the current block 'zigbee_F_cts', because the actual library setting may not be overwritten. (ATTR-12)
Information: The design specific attribute override for lib_cell 'saed32_lvt|saed32_lvt_std:IBUFFX16_LVT.timing' is set in the current block 'zigbee_F_cts', because the actual library setting may not be overwritten. (ATTR-12)
Information: The design specific attribute override for lib_cell 'saed32_lvt|saed32_lvt_std:IBUFFX2_LVT.timing' is set in the current block 'zigbee_F_cts', because the actual library setting may not be overwritten. (ATTR-12)
Information: The design specific attribute override for lib_cell 'saed32_lvt|saed32_lvt_std:IBUFFX32_LVT.timing' is set in the current block 'zigbee_F_cts', because the actual library setting may not be overwritten. (ATTR-12)
Information: The design specific attribute override for lib_cell 'saed32_lvt|saed32_lvt_std:IBUFFX4_LVT.timing' is set in the current block 'zigbee_F_cts', because the actual library setting may not be overwritten. (ATTR-12)
Information: The design specific attribute override for lib_cell 'saed32_lvt|saed32_lvt_std:IBUFFX8_LVT.timing' is set in the current block 'zigbee_F_cts', because the actual library setting may not be overwritten. (ATTR-12)
Information: The design specific attribute override for lib_cell 'saed32_lvt|saed32_lvt_std:INVX0_LVT.timing' is set in the current block 'zigbee_F_cts', because the actual library setting may not be overwritten. (ATTR-12)
Information: The design specific attribute override for lib_cell 'saed32_lvt|saed32_lvt_std:INVX16_LVT.timing' is set in the current block 'zigbee_F_cts', because the actual library setting may not be overwritten. (ATTR-12)
Information: The design specific attribute override for lib_cell 'saed32_lvt|saed32_lvt_std:INVX1_LVT.timing' is set in the current block 'zigbee_F_cts', because the actual library setting may not be overwritten. (ATTR-12)
Information: The design specific attribute override for lib_cell 'saed32_lvt|saed32_lvt_std:INVX2_LVT.timing' is set in the current block 'zigbee_F_cts', because the actual library setting may not be overwritten. (ATTR-12)
Information: The design specific attribute override for lib_cell 'saed32_lvt|saed32_lvt_std:INVX32_LVT.timing' is set in the current block 'zigbee_F_cts', because the actual library setting may not be overwritten. (ATTR-12)
Information: The design specific attribute override for lib_cell 'saed32_lvt|saed32_lvt_std:INVX4_LVT.timing' is set in the current block 'zigbee_F_cts', because the actual library setting may not be overwritten. (ATTR-12)
Information: The design specific attribute override for lib_cell 'saed32_lvt|saed32_lvt_std:INVX8_LVT.timing' is set in the current block 'zigbee_F_cts', because the actual library setting may not be overwritten. (ATTR-12)
Information: The design specific attribute override for lib_cell 'saed32_lvt|saed32_lvt_std:ISOLANDAOX1_LVT.timing' is set in the current block 'zigbee_F_cts', because the actual library setting may not be overwritten. (ATTR-12)
Information: The design specific attribute override for lib_cell 'saed32_lvt|saed32_lvt_std:ISOLANDAOX2_LVT.timing' is set in the current block 'zigbee_F_cts', because the actual library setting may not be overwritten. (ATTR-12)
Information: The design specific attribute override for lib_cell 'saed32_lvt|saed32_lvt_std:ISOLANDAOX4_LVT.timing' is set in the current block 'zigbee_F_cts', because the actual library setting may not be overwritten. (ATTR-12)
Information: The design specific attribute override for lib_cell 'saed32_lvt|saed32_lvt_std:ISOLANDAOX8_LVT.timing' is set in the current block 'zigbee_F_cts', because the actual library setting may not be overwritten. (ATTR-12)
Information: The design specific attribute override for lib_cell 'saed32_lvt|saed32_lvt_std:ISOLANDX1_LVT.timing' is set in the current block 'zigbee_F_cts', because the actual library setting may not be overwritten. (ATTR-12)
Information: The design specific attribute override for lib_cell 'saed32_lvt|saed32_lvt_std:ISOLANDX2_LVT.timing' is set in the current block 'zigbee_F_cts', because the actual library setting may not be overwritten. (ATTR-12)
Information: The design specific attribute override for lib_cell 'saed32_lvt|saed32_lvt_std:ISOLANDX4_LVT.timing' is set in the current block 'zigbee_F_cts', because the actual library setting may not be overwritten. (ATTR-12)
Information: The design specific attribute override for lib_cell 'saed32_lvt|saed32_lvt_std:ISOLANDX8_LVT.timing' is set in the current block 'zigbee_F_cts', because the actual library setting may not be overwritten. (ATTR-12)
Information: The design specific attribute override for lib_cell 'saed32_lvt|saed32_lvt_std:ISOLORAOX1_LVT.timing' is set in the current block 'zigbee_F_cts', because the actual library setting may not be overwritten. (ATTR-12)
Information: The design specific attribute override for lib_cell 'saed32_lvt|saed32_lvt_std:ISOLORAOX2_LVT.timing' is set in the current block 'zigbee_F_cts', because the actual library setting may not be overwritten. (ATTR-12)
Information: The design specific attribute override for lib_cell 'saed32_lvt|saed32_lvt_std:ISOLORAOX4_LVT.timing' is set in the current block 'zigbee_F_cts', because the actual library setting may not be overwritten. (ATTR-12)
Information: The design specific attribute override for lib_cell 'saed32_lvt|saed32_lvt_std:ISOLORAOX8_LVT.timing' is set in the current block 'zigbee_F_cts', because the actual library setting may not be overwritten. (ATTR-12)
Information: The design specific attribute override for lib_cell 'saed32_lvt|saed32_lvt_std:ISOLORX1_LVT.timing' is set in the current block 'zigbee_F_cts', because the actual library setting may not be overwritten. (ATTR-12)
Information: The design specific attribute override for lib_cell 'saed32_lvt|saed32_lvt_std:ISOLORX2_LVT.timing' is set in the current block 'zigbee_F_cts', because the actual library setting may not be overwritten. (ATTR-12)
Information: The design specific attribute override for lib_cell 'saed32_lvt|saed32_lvt_std:ISOLORX4_LVT.timing' is set in the current block 'zigbee_F_cts', because the actual library setting may not be overwritten. (ATTR-12)
Information: The design specific attribute override for lib_cell 'saed32_lvt|saed32_lvt_std:ISOLORX8_LVT.timing' is set in the current block 'zigbee_F_cts', because the actual library setting may not be overwritten. (ATTR-12)
Information: The design specific attribute override for lib_cell 'saed32_lvt|saed32_lvt_std:LARX1_LVT.timing' is set in the current block 'zigbee_F_cts', because the actual library setting may not be overwritten. (ATTR-12)
Information: The design specific attribute override for lib_cell 'saed32_lvt|saed32_lvt_std:LARX2_LVT.timing' is set in the current block 'zigbee_F_cts', because the actual library setting may not be overwritten. (ATTR-12)
Information: The design specific attribute override for lib_cell 'saed32_lvt|saed32_lvt_std:LASRNX1_LVT.timing' is set in the current block 'zigbee_F_cts', because the actual library setting may not be overwritten. (ATTR-12)
Information: The design specific attribute override for lib_cell 'saed32_lvt|saed32_lvt_std:LASRNX2_LVT.timing' is set in the current block 'zigbee_F_cts', because the actual library setting may not be overwritten. (ATTR-12)
Information: The design specific attribute override for lib_cell 'saed32_lvt|saed32_lvt_std:LASRQX1_LVT.timing' is set in the current block 'zigbee_F_cts', because the actual library setting may not be overwritten. (ATTR-12)
Information: The design specific attribute override for lib_cell 'saed32_lvt|saed32_lvt_std:LASRQX2_LVT.timing' is set in the current block 'zigbee_F_cts', because the actual library setting may not be overwritten. (ATTR-12)
Information: The design specific attribute override for lib_cell 'saed32_lvt|saed32_lvt_std:LASRX1_LVT.timing' is set in the current block 'zigbee_F_cts', because the actual library setting may not be overwritten. (ATTR-12)
Information: The design specific attribute override for lib_cell 'saed32_lvt|saed32_lvt_std:LASRX2_LVT.timing' is set in the current block 'zigbee_F_cts', because the actual library setting may not be overwritten. (ATTR-12)
Information: The design specific attribute override for lib_cell 'saed32_lvt|saed32_lvt_std:LASX1_LVT.timing' is set in the current block 'zigbee_F_cts', because the actual library setting may not be overwritten. (ATTR-12)
Information: The design specific attribute override for lib_cell 'saed32_lvt|saed32_lvt_std:LASX2_LVT.timing' is set in the current block 'zigbee_F_cts', because the actual library setting may not be overwritten. (ATTR-12)
Information: The design specific attribute override for lib_cell 'saed32_lvt|saed32_lvt_std:LATCHX1_LVT.timing' is set in the current block 'zigbee_F_cts', because the actual library setting may not be overwritten. (ATTR-12)
Information: The design specific attribute override for lib_cell 'saed32_lvt|saed32_lvt_std:LATCHX2_LVT.timing' is set in the current block 'zigbee_F_cts', because the actual library setting may not be overwritten. (ATTR-12)
Information: The design specific attribute override for lib_cell 'saed32_lvt|saed32_lvt_std:LNANDX1_LVT.timing' is set in the current block 'zigbee_F_cts', because the actual library setting may not be overwritten. (ATTR-12)
Information: The design specific attribute override for lib_cell 'saed32_lvt|saed32_lvt_std:LNANDX2_LVT.timing' is set in the current block 'zigbee_F_cts', because the actual library setting may not be overwritten. (ATTR-12)
Information: The design specific attribute override for lib_cell 'saed32_lvt|saed32_lvt_std:MUX21X1_LVT.timing' is set in the current block 'zigbee_F_cts', because the actual library setting may not be overwritten. (ATTR-12)
Information: The design specific attribute override for lib_cell 'saed32_lvt|saed32_lvt_std:MUX21X2_LVT.timing' is set in the current block 'zigbee_F_cts', because the actual library setting may not be overwritten. (ATTR-12)
Information: The design specific attribute override for lib_cell 'saed32_lvt|saed32_lvt_std:MUX41X1_LVT.timing' is set in the current block 'zigbee_F_cts', because the actual library setting may not be overwritten. (ATTR-12)
Information: The design specific attribute override for lib_cell 'saed32_lvt|saed32_lvt_std:MUX41X2_LVT.timing' is set in the current block 'zigbee_F_cts', because the actual library setting may not be overwritten. (ATTR-12)
Information: The design specific attribute override for lib_cell 'saed32_lvt|saed32_lvt_std:NAND2X0_LVT.timing' is set in the current block 'zigbee_F_cts', because the actual library setting may not be overwritten. (ATTR-12)
Information: The design specific attribute override for lib_cell 'saed32_lvt|saed32_lvt_std:NAND2X1_LVT.timing' is set in the current block 'zigbee_F_cts', because the actual library setting may not be overwritten. (ATTR-12)
Information: The design specific attribute override for lib_cell 'saed32_lvt|saed32_lvt_std:NAND2X2_LVT.timing' is set in the current block 'zigbee_F_cts', because the actual library setting may not be overwritten. (ATTR-12)
Information: The design specific attribute override for lib_cell 'saed32_lvt|saed32_lvt_std:NAND2X4_LVT.timing' is set in the current block 'zigbee_F_cts', because the actual library setting may not be overwritten. (ATTR-12)
Information: The design specific attribute override for lib_cell 'saed32_lvt|saed32_lvt_std:NAND3X0_LVT.timing' is set in the current block 'zigbee_F_cts', because the actual library setting may not be overwritten. (ATTR-12)
Information: The design specific attribute override for lib_cell 'saed32_lvt|saed32_lvt_std:NAND3X1_LVT.timing' is set in the current block 'zigbee_F_cts', because the actual library setting may not be overwritten. (ATTR-12)
Information: The design specific attribute override for lib_cell 'saed32_lvt|saed32_lvt_std:NAND3X2_LVT.timing' is set in the current block 'zigbee_F_cts', because the actual library setting may not be overwritten. (ATTR-12)
Information: The design specific attribute override for lib_cell 'saed32_lvt|saed32_lvt_std:NAND3X4_LVT.timing' is set in the current block 'zigbee_F_cts', because the actual library setting may not be overwritten. (ATTR-12)
Information: The design specific attribute override for lib_cell 'saed32_lvt|saed32_lvt_std:NAND4X0_LVT.timing' is set in the current block 'zigbee_F_cts', because the actual library setting may not be overwritten. (ATTR-12)
Information: The design specific attribute override for lib_cell 'saed32_lvt|saed32_lvt_std:NAND4X1_LVT.timing' is set in the current block 'zigbee_F_cts', because the actual library setting may not be overwritten. (ATTR-12)
Information: The design specific attribute override for lib_cell 'saed32_lvt|saed32_lvt_std:NBUFFX16_LVT.timing' is set in the current block 'zigbee_F_cts', because the actual library setting may not be overwritten. (ATTR-12)
Information: The design specific attribute override for lib_cell 'saed32_lvt|saed32_lvt_std:NBUFFX2_LVT.timing' is set in the current block 'zigbee_F_cts', because the actual library setting may not be overwritten. (ATTR-12)
Information: The design specific attribute override for lib_cell 'saed32_lvt|saed32_lvt_std:NBUFFX32_LVT.timing' is set in the current block 'zigbee_F_cts', because the actual library setting may not be overwritten. (ATTR-12)
Information: The design specific attribute override for lib_cell 'saed32_lvt|saed32_lvt_std:NBUFFX4_LVT.timing' is set in the current block 'zigbee_F_cts', because the actual library setting may not be overwritten. (ATTR-12)
Information: The design specific attribute override for lib_cell 'saed32_lvt|saed32_lvt_std:NBUFFX8_LVT.timing' is set in the current block 'zigbee_F_cts', because the actual library setting may not be overwritten. (ATTR-12)
Information: The design specific attribute override for lib_cell 'saed32_lvt|saed32_lvt_std:NMT1_LVT.timing' is set in the current block 'zigbee_F_cts', because the actual library setting may not be overwritten. (ATTR-12)
Information: The design specific attribute override for lib_cell 'saed32_lvt|saed32_lvt_std:NMT2_LVT.timing' is set in the current block 'zigbee_F_cts', because the actual library setting may not be overwritten. (ATTR-12)
Information: The design specific attribute override for lib_cell 'saed32_lvt|saed32_lvt_std:NMT3_LVT.timing' is set in the current block 'zigbee_F_cts', because the actual library setting may not be overwritten. (ATTR-12)
Information: The design specific attribute override for lib_cell 'saed32_lvt|saed32_lvt_std:NOR2X0_LVT.timing' is set in the current block 'zigbee_F_cts', because the actual library setting may not be overwritten. (ATTR-12)
Information: The design specific attribute override for lib_cell 'saed32_lvt|saed32_lvt_std:NOR2X1_LVT.timing' is set in the current block 'zigbee_F_cts', because the actual library setting may not be overwritten. (ATTR-12)
Information: The design specific attribute override for lib_cell 'saed32_lvt|saed32_lvt_std:NOR2X2_LVT.timing' is set in the current block 'zigbee_F_cts', because the actual library setting may not be overwritten. (ATTR-12)
Information: The design specific attribute override for lib_cell 'saed32_lvt|saed32_lvt_std:NOR2X4_LVT.timing' is set in the current block 'zigbee_F_cts', because the actual library setting may not be overwritten. (ATTR-12)
Information: The design specific attribute override for lib_cell 'saed32_lvt|saed32_lvt_std:NOR3X0_LVT.timing' is set in the current block 'zigbee_F_cts', because the actual library setting may not be overwritten. (ATTR-12)
Information: The design specific attribute override for lib_cell 'saed32_lvt|saed32_lvt_std:NOR3X1_LVT.timing' is set in the current block 'zigbee_F_cts', because the actual library setting may not be overwritten. (ATTR-12)
Information: The design specific attribute override for lib_cell 'saed32_lvt|saed32_lvt_std:NOR3X2_LVT.timing' is set in the current block 'zigbee_F_cts', because the actual library setting may not be overwritten. (ATTR-12)
Information: The design specific attribute override for lib_cell 'saed32_lvt|saed32_lvt_std:NOR3X4_LVT.timing' is set in the current block 'zigbee_F_cts', because the actual library setting may not be overwritten. (ATTR-12)
Information: The design specific attribute override for lib_cell 'saed32_lvt|saed32_lvt_std:NOR4X0_LVT.timing' is set in the current block 'zigbee_F_cts', because the actual library setting may not be overwritten. (ATTR-12)
Information: The design specific attribute override for lib_cell 'saed32_lvt|saed32_lvt_std:NOR4X1_LVT.timing' is set in the current block 'zigbee_F_cts', because the actual library setting may not be overwritten. (ATTR-12)
Information: The design specific attribute override for lib_cell 'saed32_lvt|saed32_lvt_std:OA21X1_LVT.timing' is set in the current block 'zigbee_F_cts', because the actual library setting may not be overwritten. (ATTR-12)
Information: The design specific attribute override for lib_cell 'saed32_lvt|saed32_lvt_std:OA21X2_LVT.timing' is set in the current block 'zigbee_F_cts', because the actual library setting may not be overwritten. (ATTR-12)
Information: The design specific attribute override for lib_cell 'saed32_lvt|saed32_lvt_std:OA221X1_LVT.timing' is set in the current block 'zigbee_F_cts', because the actual library setting may not be overwritten. (ATTR-12)
Information: The design specific attribute override for lib_cell 'saed32_lvt|saed32_lvt_std:OA221X2_LVT.timing' is set in the current block 'zigbee_F_cts', because the actual library setting may not be overwritten. (ATTR-12)
Information: The design specific attribute override for lib_cell 'saed32_lvt|saed32_lvt_std:OA222X1_LVT.timing' is set in the current block 'zigbee_F_cts', because the actual library setting may not be overwritten. (ATTR-12)
Information: The design specific attribute override for lib_cell 'saed32_lvt|saed32_lvt_std:OA222X2_LVT.timing' is set in the current block 'zigbee_F_cts', because the actual library setting may not be overwritten. (ATTR-12)
Information: The design specific attribute override for lib_cell 'saed32_lvt|saed32_lvt_std:OA22X1_LVT.timing' is set in the current block 'zigbee_F_cts', because the actual library setting may not be overwritten. (ATTR-12)
Information: The design specific attribute override for lib_cell 'saed32_lvt|saed32_lvt_std:OA22X2_LVT.timing' is set in the current block 'zigbee_F_cts', because the actual library setting may not be overwritten. (ATTR-12)
Information: The design specific attribute override for lib_cell 'saed32_lvt|saed32_lvt_std:OAI21X1_LVT.timing' is set in the current block 'zigbee_F_cts', because the actual library setting may not be overwritten. (ATTR-12)
Information: The design specific attribute override for lib_cell 'saed32_lvt|saed32_lvt_std:OAI21X2_LVT.timing' is set in the current block 'zigbee_F_cts', because the actual library setting may not be overwritten. (ATTR-12)
Information: The design specific attribute override for lib_cell 'saed32_lvt|saed32_lvt_std:OAI221X1_LVT.timing' is set in the current block 'zigbee_F_cts', because the actual library setting may not be overwritten. (ATTR-12)
Information: The design specific attribute override for lib_cell 'saed32_lvt|saed32_lvt_std:OAI221X2_LVT.timing' is set in the current block 'zigbee_F_cts', because the actual library setting may not be overwritten. (ATTR-12)
Information: The design specific attribute override for lib_cell 'saed32_lvt|saed32_lvt_std:OAI222X1_LVT.timing' is set in the current block 'zigbee_F_cts', because the actual library setting may not be overwritten. (ATTR-12)
Information: The design specific attribute override for lib_cell 'saed32_lvt|saed32_lvt_std:OAI222X2_LVT.timing' is set in the current block 'zigbee_F_cts', because the actual library setting may not be overwritten. (ATTR-12)
Information: The design specific attribute override for lib_cell 'saed32_lvt|saed32_lvt_std:OAI22X1_LVT.timing' is set in the current block 'zigbee_F_cts', because the actual library setting may not be overwritten. (ATTR-12)
Information: The design specific attribute override for lib_cell 'saed32_lvt|saed32_lvt_std:OAI22X2_LVT.timing' is set in the current block 'zigbee_F_cts', because the actual library setting may not be overwritten. (ATTR-12)
Information: The design specific attribute override for lib_cell 'saed32_lvt|saed32_lvt_std:OR2X1_LVT.timing' is set in the current block 'zigbee_F_cts', because the actual library setting may not be overwritten. (ATTR-12)
Information: The design specific attribute override for lib_cell 'saed32_lvt|saed32_lvt_std:OR2X2_LVT.timing' is set in the current block 'zigbee_F_cts', because the actual library setting may not be overwritten. (ATTR-12)
Information: The design specific attribute override for lib_cell 'saed32_lvt|saed32_lvt_std:OR2X4_LVT.timing' is set in the current block 'zigbee_F_cts', because the actual library setting may not be overwritten. (ATTR-12)
Information: The design specific attribute override for lib_cell 'saed32_lvt|saed32_lvt_std:OR3X1_LVT.timing' is set in the current block 'zigbee_F_cts', because the actual library setting may not be overwritten. (ATTR-12)
Information: The design specific attribute override for lib_cell 'saed32_lvt|saed32_lvt_std:OR3X2_LVT.timing' is set in the current block 'zigbee_F_cts', because the actual library setting may not be overwritten. (ATTR-12)
Information: The design specific attribute override for lib_cell 'saed32_lvt|saed32_lvt_std:OR3X4_LVT.timing' is set in the current block 'zigbee_F_cts', because the actual library setting may not be overwritten. (ATTR-12)
Information: The design specific attribute override for lib_cell 'saed32_lvt|saed32_lvt_std:OR4X1_LVT.timing' is set in the current block 'zigbee_F_cts', because the actual library setting may not be overwritten. (ATTR-12)
Information: The design specific attribute override for lib_cell 'saed32_lvt|saed32_lvt_std:OR4X2_LVT.timing' is set in the current block 'zigbee_F_cts', because the actual library setting may not be overwritten. (ATTR-12)
Information: The design specific attribute override for lib_cell 'saed32_lvt|saed32_lvt_std:OR4X4_LVT.timing' is set in the current block 'zigbee_F_cts', because the actual library setting may not be overwritten. (ATTR-12)
Information: The design specific attribute override for lib_cell 'saed32_lvt|saed32_lvt_std:PGX1_LVT.timing' is set in the current block 'zigbee_F_cts', because the actual library setting may not be overwritten. (ATTR-12)
Information: The design specific attribute override for lib_cell 'saed32_lvt|saed32_lvt_std:PGX2_LVT.timing' is set in the current block 'zigbee_F_cts', because the actual library setting may not be overwritten. (ATTR-12)
Information: The design specific attribute override for lib_cell 'saed32_lvt|saed32_lvt_std:PGX4_LVT.timing' is set in the current block 'zigbee_F_cts', because the actual library setting may not be overwritten. (ATTR-12)
Information: The design specific attribute override for lib_cell 'saed32_lvt|saed32_lvt_std:PMT1_LVT.timing' is set in the current block 'zigbee_F_cts', because the actual library setting may not be overwritten. (ATTR-12)
Information: The design specific attribute override for lib_cell 'saed32_lvt|saed32_lvt_std:PMT2_LVT.timing' is set in the current block 'zigbee_F_cts', because the actual library setting may not be overwritten. (ATTR-12)
Information: The design specific attribute override for lib_cell 'saed32_lvt|saed32_lvt_std:PMT3_LVT.timing' is set in the current block 'zigbee_F_cts', because the actual library setting may not be overwritten. (ATTR-12)
Information: The design specific attribute override for lib_cell 'saed32_lvt|saed32_lvt_std:RDFFARX1_LVT.timing' is set in the current block 'zigbee_F_cts', because the actual library setting may not be overwritten. (ATTR-12)
Information: The design specific attribute override for lib_cell 'saed32_lvt|saed32_lvt_std:RDFFARX2_LVT.timing' is set in the current block 'zigbee_F_cts', because the actual library setting may not be overwritten. (ATTR-12)
Information: The design specific attribute override for lib_cell 'saed32_lvt|saed32_lvt_std:RDFFNARX1_LVT.timing' is set in the current block 'zigbee_F_cts', because the actual library setting may not be overwritten. (ATTR-12)
Information: The design specific attribute override for lib_cell 'saed32_lvt|saed32_lvt_std:RDFFNARX2_LVT.timing' is set in the current block 'zigbee_F_cts', because the actual library setting may not be overwritten. (ATTR-12)
Information: The design specific attribute override for lib_cell 'saed32_lvt|saed32_lvt_std:RDFFNSRARX1_LVT.timing' is set in the current block 'zigbee_F_cts', because the actual library setting may not be overwritten. (ATTR-12)
Information: The design specific attribute override for lib_cell 'saed32_lvt|saed32_lvt_std:RDFFNSRARX2_LVT.timing' is set in the current block 'zigbee_F_cts', because the actual library setting may not be overwritten. (ATTR-12)
Information: The design specific attribute override for lib_cell 'saed32_lvt|saed32_lvt_std:RDFFNSRASRNX1_LVT.timing' is set in the current block 'zigbee_F_cts', because the actual library setting may not be overwritten. (ATTR-12)
Information: The design specific attribute override for lib_cell 'saed32_lvt|saed32_lvt_std:RDFFNSRASRNX2_LVT.timing' is set in the current block 'zigbee_F_cts', because the actual library setting may not be overwritten. (ATTR-12)
Information: The design specific attribute override for lib_cell 'saed32_lvt|saed32_lvt_std:RDFFNSRASRQX1_LVT.timing' is set in the current block 'zigbee_F_cts', because the actual library setting may not be overwritten. (ATTR-12)
Information: The design specific attribute override for lib_cell 'saed32_lvt|saed32_lvt_std:RDFFNSRASRQX2_LVT.timing' is set in the current block 'zigbee_F_cts', because the actual library setting may not be overwritten. (ATTR-12)
Information: The design specific attribute override for lib_cell 'saed32_lvt|saed32_lvt_std:RDFFNSRASRX1_LVT.timing' is set in the current block 'zigbee_F_cts', because the actual library setting may not be overwritten. (ATTR-12)
Information: The design specific attribute override for lib_cell 'saed32_lvt|saed32_lvt_std:RDFFNSRASRX2_LVT.timing' is set in the current block 'zigbee_F_cts', because the actual library setting may not be overwritten. (ATTR-12)
Information: The design specific attribute override for lib_cell 'saed32_lvt|saed32_lvt_std:RDFFNSRASX1_LVT.timing' is set in the current block 'zigbee_F_cts', because the actual library setting may not be overwritten. (ATTR-12)
Information: The design specific attribute override for lib_cell 'saed32_lvt|saed32_lvt_std:RDFFNSRASX2_LVT.timing' is set in the current block 'zigbee_F_cts', because the actual library setting may not be overwritten. (ATTR-12)
Information: The design specific attribute override for lib_cell 'saed32_lvt|saed32_lvt_std:RDFFNSRX1_LVT.timing' is set in the current block 'zigbee_F_cts', because the actual library setting may not be overwritten. (ATTR-12)
Information: The design specific attribute override for lib_cell 'saed32_lvt|saed32_lvt_std:RDFFNSRX2_LVT.timing' is set in the current block 'zigbee_F_cts', because the actual library setting may not be overwritten. (ATTR-12)
Information: The design specific attribute override for lib_cell 'saed32_lvt|saed32_lvt_std:RDFFNX1_LVT.timing' is set in the current block 'zigbee_F_cts', because the actual library setting may not be overwritten. (ATTR-12)
Information: The design specific attribute override for lib_cell 'saed32_lvt|saed32_lvt_std:RDFFNX2_LVT.timing' is set in the current block 'zigbee_F_cts', because the actual library setting may not be overwritten. (ATTR-12)
Information: The design specific attribute override for lib_cell 'saed32_lvt|saed32_lvt_std:RDFFSRARX1_LVT.timing' is set in the current block 'zigbee_F_cts', because the actual library setting may not be overwritten. (ATTR-12)
Information: The design specific attribute override for lib_cell 'saed32_lvt|saed32_lvt_std:RDFFSRARX2_LVT.timing' is set in the current block 'zigbee_F_cts', because the actual library setting may not be overwritten. (ATTR-12)
Information: The design specific attribute override for lib_cell 'saed32_lvt|saed32_lvt_std:RDFFSRASRX1_LVT.timing' is set in the current block 'zigbee_F_cts', because the actual library setting may not be overwritten. (ATTR-12)
Information: The design specific attribute override for lib_cell 'saed32_lvt|saed32_lvt_std:RDFFSRASRX2_LVT.timing' is set in the current block 'zigbee_F_cts', because the actual library setting may not be overwritten. (ATTR-12)
Information: The design specific attribute override for lib_cell 'saed32_lvt|saed32_lvt_std:RDFFSRASX1_LVT.timing' is set in the current block 'zigbee_F_cts', because the actual library setting may not be overwritten. (ATTR-12)
Information: The design specific attribute override for lib_cell 'saed32_lvt|saed32_lvt_std:RDFFSRASX2_LVT.timing' is set in the current block 'zigbee_F_cts', because the actual library setting may not be overwritten. (ATTR-12)
Information: The design specific attribute override for lib_cell 'saed32_lvt|saed32_lvt_std:RDFFSRSSRX1_LVT.timing' is set in the current block 'zigbee_F_cts', because the actual library setting may not be overwritten. (ATTR-12)
Information: The design specific attribute override for lib_cell 'saed32_lvt|saed32_lvt_std:RDFFSRSSRX2_LVT.timing' is set in the current block 'zigbee_F_cts', because the actual library setting may not be overwritten. (ATTR-12)
Information: The design specific attribute override for lib_cell 'saed32_lvt|saed32_lvt_std:RDFFSRX1_LVT.timing' is set in the current block 'zigbee_F_cts', because the actual library setting may not be overwritten. (ATTR-12)
Information: The design specific attribute override for lib_cell 'saed32_lvt|saed32_lvt_std:RDFFSRX2_LVT.timing' is set in the current block 'zigbee_F_cts', because the actual library setting may not be overwritten. (ATTR-12)
Information: The design specific attribute override for lib_cell 'saed32_lvt|saed32_lvt_std:RDFFX1_LVT.timing' is set in the current block 'zigbee_F_cts', because the actual library setting may not be overwritten. (ATTR-12)
Information: The design specific attribute override for lib_cell 'saed32_lvt|saed32_lvt_std:RDFFX2_LVT.timing' is set in the current block 'zigbee_F_cts', because the actual library setting may not be overwritten. (ATTR-12)
Information: The design specific attribute override for lib_cell 'saed32_lvt|saed32_lvt_std:RSDFFARX1_LVT.timing' is set in the current block 'zigbee_F_cts', because the actual library setting may not be overwritten. (ATTR-12)
Information: The design specific attribute override for lib_cell 'saed32_lvt|saed32_lvt_std:RSDFFARX2_LVT.timing' is set in the current block 'zigbee_F_cts', because the actual library setting may not be overwritten. (ATTR-12)
Information: The design specific attribute override for lib_cell 'saed32_lvt|saed32_lvt_std:RSDFFNARX1_LVT.timing' is set in the current block 'zigbee_F_cts', because the actual library setting may not be overwritten. (ATTR-12)
Information: The design specific attribute override for lib_cell 'saed32_lvt|saed32_lvt_std:RSDFFNARX2_LVT.timing' is set in the current block 'zigbee_F_cts', because the actual library setting may not be overwritten. (ATTR-12)
Information: The design specific attribute override for lib_cell 'saed32_lvt|saed32_lvt_std:RSDFFNSRARX1_LVT.timing' is set in the current block 'zigbee_F_cts', because the actual library setting may not be overwritten. (ATTR-12)
Information: The design specific attribute override for lib_cell 'saed32_lvt|saed32_lvt_std:RSDFFNSRARX2_LVT.timing' is set in the current block 'zigbee_F_cts', because the actual library setting may not be overwritten. (ATTR-12)
Information: The design specific attribute override for lib_cell 'saed32_lvt|saed32_lvt_std:RSDFFNSRASRNX1_LVT.timing' is set in the current block 'zigbee_F_cts', because the actual library setting may not be overwritten. (ATTR-12)
Information: The design specific attribute override for lib_cell 'saed32_lvt|saed32_lvt_std:RSDFFNSRASRNX2_LVT.timing' is set in the current block 'zigbee_F_cts', because the actual library setting may not be overwritten. (ATTR-12)
Information: The design specific attribute override for lib_cell 'saed32_lvt|saed32_lvt_std:RSDFFNSRASRQX1_LVT.timing' is set in the current block 'zigbee_F_cts', because the actual library setting may not be overwritten. (ATTR-12)
Information: The design specific attribute override for lib_cell 'saed32_lvt|saed32_lvt_std:RSDFFNSRASRQX2_LVT.timing' is set in the current block 'zigbee_F_cts', because the actual library setting may not be overwritten. (ATTR-12)
Information: The design specific attribute override for lib_cell 'saed32_lvt|saed32_lvt_std:RSDFFNSRASRX1_LVT.timing' is set in the current block 'zigbee_F_cts', because the actual library setting may not be overwritten. (ATTR-12)
Information: The design specific attribute override for lib_cell 'saed32_lvt|saed32_lvt_std:RSDFFNSRASRX2_LVT.timing' is set in the current block 'zigbee_F_cts', because the actual library setting may not be overwritten. (ATTR-12)
Information: The design specific attribute override for lib_cell 'saed32_lvt|saed32_lvt_std:RSDFFNSRASX1_LVT.timing' is set in the current block 'zigbee_F_cts', because the actual library setting may not be overwritten. (ATTR-12)
Information: The design specific attribute override for lib_cell 'saed32_lvt|saed32_lvt_std:RSDFFNSRASX2_LVT.timing' is set in the current block 'zigbee_F_cts', because the actual library setting may not be overwritten. (ATTR-12)
Information: The design specific attribute override for lib_cell 'saed32_lvt|saed32_lvt_std:RSDFFNSRX1_LVT.timing' is set in the current block 'zigbee_F_cts', because the actual library setting may not be overwritten. (ATTR-12)
Information: The design specific attribute override for lib_cell 'saed32_lvt|saed32_lvt_std:RSDFFNSRX2_LVT.timing' is set in the current block 'zigbee_F_cts', because the actual library setting may not be overwritten. (ATTR-12)
Information: The design specific attribute override for lib_cell 'saed32_lvt|saed32_lvt_std:RSDFFNX1_LVT.timing' is set in the current block 'zigbee_F_cts', because the actual library setting may not be overwritten. (ATTR-12)
Information: The design specific attribute override for lib_cell 'saed32_lvt|saed32_lvt_std:RSDFFNX2_LVT.timing' is set in the current block 'zigbee_F_cts', because the actual library setting may not be overwritten. (ATTR-12)
Information: The design specific attribute override for lib_cell 'saed32_lvt|saed32_lvt_std:RSDFFSRARX1_LVT.timing' is set in the current block 'zigbee_F_cts', because the actual library setting may not be overwritten. (ATTR-12)
Information: The design specific attribute override for lib_cell 'saed32_lvt|saed32_lvt_std:RSDFFSRARX2_LVT.timing' is set in the current block 'zigbee_F_cts', because the actual library setting may not be overwritten. (ATTR-12)
Information: The design specific attribute override for lib_cell 'saed32_lvt|saed32_lvt_std:RSDFFSRASRX1_LVT.timing' is set in the current block 'zigbee_F_cts', because the actual library setting may not be overwritten. (ATTR-12)
Information: The design specific attribute override for lib_cell 'saed32_lvt|saed32_lvt_std:RSDFFSRASRX2_LVT.timing' is set in the current block 'zigbee_F_cts', because the actual library setting may not be overwritten. (ATTR-12)
Information: The design specific attribute override for lib_cell 'saed32_lvt|saed32_lvt_std:RSDFFSRASX1_LVT.timing' is set in the current block 'zigbee_F_cts', because the actual library setting may not be overwritten. (ATTR-12)
Information: The design specific attribute override for lib_cell 'saed32_lvt|saed32_lvt_std:RSDFFSRASX2_LVT.timing' is set in the current block 'zigbee_F_cts', because the actual library setting may not be overwritten. (ATTR-12)
Information: The design specific attribute override for lib_cell 'saed32_lvt|saed32_lvt_std:RSDFFSRSSRX1_LVT.timing' is set in the current block 'zigbee_F_cts', because the actual library setting may not be overwritten. (ATTR-12)
Information: The design specific attribute override for lib_cell 'saed32_lvt|saed32_lvt_std:RSDFFSRSSRX2_LVT.timing' is set in the current block 'zigbee_F_cts', because the actual library setting may not be overwritten. (ATTR-12)
Information: The design specific attribute override for lib_cell 'saed32_lvt|saed32_lvt_std:RSDFFSRX1_LVT.timing' is set in the current block 'zigbee_F_cts', because the actual library setting may not be overwritten. (ATTR-12)
Information: The design specific attribute override for lib_cell 'saed32_lvt|saed32_lvt_std:RSDFFSRX2_LVT.timing' is set in the current block 'zigbee_F_cts', because the actual library setting may not be overwritten. (ATTR-12)
Information: The design specific attribute override for lib_cell 'saed32_lvt|saed32_lvt_std:RSDFFX1_LVT.timing' is set in the current block 'zigbee_F_cts', because the actual library setting may not be overwritten. (ATTR-12)
Information: The design specific attribute override for lib_cell 'saed32_lvt|saed32_lvt_std:RSDFFX2_LVT.timing' is set in the current block 'zigbee_F_cts', because the actual library setting may not be overwritten. (ATTR-12)
Information: The design specific attribute override for lib_cell 'saed32_lvt|saed32_lvt_std:SDFFARX1_LVT.timing' is set in the current block 'zigbee_F_cts', because the actual library setting may not be overwritten. (ATTR-12)
Information: The design specific attribute override for lib_cell 'saed32_lvt|saed32_lvt_std:SDFFARX2_LVT.timing' is set in the current block 'zigbee_F_cts', because the actual library setting may not be overwritten. (ATTR-12)
Information: The design specific attribute override for lib_cell 'saed32_lvt|saed32_lvt_std:SDFFASRSX1_LVT.timing' is set in the current block 'zigbee_F_cts', because the actual library setting may not be overwritten. (ATTR-12)
Information: The design specific attribute override for lib_cell 'saed32_lvt|saed32_lvt_std:SDFFASRSX2_LVT.timing' is set in the current block 'zigbee_F_cts', because the actual library setting may not be overwritten. (ATTR-12)
Information: The design specific attribute override for lib_cell 'saed32_lvt|saed32_lvt_std:SDFFASRX1_LVT.timing' is set in the current block 'zigbee_F_cts', because the actual library setting may not be overwritten. (ATTR-12)
Information: The design specific attribute override for lib_cell 'saed32_lvt|saed32_lvt_std:SDFFASRX2_LVT.timing' is set in the current block 'zigbee_F_cts', because the actual library setting may not be overwritten. (ATTR-12)
Information: The design specific attribute override for lib_cell 'saed32_lvt|saed32_lvt_std:SDFFASX1_LVT.timing' is set in the current block 'zigbee_F_cts', because the actual library setting may not be overwritten. (ATTR-12)
Information: The design specific attribute override for lib_cell 'saed32_lvt|saed32_lvt_std:SDFFASX2_LVT.timing' is set in the current block 'zigbee_F_cts', because the actual library setting may not be overwritten. (ATTR-12)
Information: The design specific attribute override for lib_cell 'saed32_lvt|saed32_lvt_std:SDFFNARX1_LVT.timing' is set in the current block 'zigbee_F_cts', because the actual library setting may not be overwritten. (ATTR-12)
Information: The design specific attribute override for lib_cell 'saed32_lvt|saed32_lvt_std:SDFFNARX2_LVT.timing' is set in the current block 'zigbee_F_cts', because the actual library setting may not be overwritten. (ATTR-12)
Information: The design specific attribute override for lib_cell 'saed32_lvt|saed32_lvt_std:SDFFNASRX1_LVT.timing' is set in the current block 'zigbee_F_cts', because the actual library setting may not be overwritten. (ATTR-12)
Information: The design specific attribute override for lib_cell 'saed32_lvt|saed32_lvt_std:SDFFNASRX2_LVT.timing' is set in the current block 'zigbee_F_cts', because the actual library setting may not be overwritten. (ATTR-12)
Information: The design specific attribute override for lib_cell 'saed32_lvt|saed32_lvt_std:SDFFNASX1_LVT.timing' is set in the current block 'zigbee_F_cts', because the actual library setting may not be overwritten. (ATTR-12)
Information: The design specific attribute override for lib_cell 'saed32_lvt|saed32_lvt_std:SDFFNASX2_LVT.timing' is set in the current block 'zigbee_F_cts', because the actual library setting may not be overwritten. (ATTR-12)
Information: The design specific attribute override for lib_cell 'saed32_lvt|saed32_lvt_std:SDFFNX1_LVT.timing' is set in the current block 'zigbee_F_cts', because the actual library setting may not be overwritten. (ATTR-12)
Information: The design specific attribute override for lib_cell 'saed32_lvt|saed32_lvt_std:SDFFNX2_LVT.timing' is set in the current block 'zigbee_F_cts', because the actual library setting may not be overwritten. (ATTR-12)
Information: The design specific attribute override for lib_cell 'saed32_lvt|saed32_lvt_std:SDFFSSRX1_LVT.timing' is set in the current block 'zigbee_F_cts', because the actual library setting may not be overwritten. (ATTR-12)
Information: The design specific attribute override for lib_cell 'saed32_lvt|saed32_lvt_std:SDFFSSRX2_LVT.timing' is set in the current block 'zigbee_F_cts', because the actual library setting may not be overwritten. (ATTR-12)
Information: The design specific attribute override for lib_cell 'saed32_lvt|saed32_lvt_std:SDFFX1_LVT.timing' is set in the current block 'zigbee_F_cts', because the actual library setting may not be overwritten. (ATTR-12)
Information: The design specific attribute override for lib_cell 'saed32_lvt|saed32_lvt_std:SDFFX2_LVT.timing' is set in the current block 'zigbee_F_cts', because the actual library setting may not be overwritten. (ATTR-12)
Information: The design specific attribute override for lib_cell 'saed32_lvt|saed32_lvt_std:SHFILL128_LVT.timing' is set in the current block 'zigbee_F_cts', because the actual library setting may not be overwritten. (ATTR-12)
Information: The design specific attribute override for lib_cell 'saed32_lvt|saed32_lvt_std:SHFILL1_LVT.timing' is set in the current block 'zigbee_F_cts', because the actual library setting may not be overwritten. (ATTR-12)
Information: The design specific attribute override for lib_cell 'saed32_lvt|saed32_lvt_std:SHFILL2_LVT.timing' is set in the current block 'zigbee_F_cts', because the actual library setting may not be overwritten. (ATTR-12)
Information: The design specific attribute override for lib_cell 'saed32_lvt|saed32_lvt_std:SHFILL3_LVT.timing' is set in the current block 'zigbee_F_cts', because the actual library setting may not be overwritten. (ATTR-12)
Information: The design specific attribute override for lib_cell 'saed32_lvt|saed32_lvt_std:SHFILL64_LVT.timing' is set in the current block 'zigbee_F_cts', because the actual library setting may not be overwritten. (ATTR-12)
Information: The design specific attribute override for lib_cell 'saed32_lvt|saed32_lvt_std:TIEH_LVT.timing' is set in the current block 'zigbee_F_cts', because the actual library setting may not be overwritten. (ATTR-12)
Information: The design specific attribute override for lib_cell 'saed32_lvt|saed32_lvt_std:TIEL_LVT.timing' is set in the current block 'zigbee_F_cts', because the actual library setting may not be overwritten. (ATTR-12)
Information: The design specific attribute override for lib_cell 'saed32_lvt|saed32_lvt_std:TNBUFFX16_LVT.timing' is set in the current block 'zigbee_F_cts', because the actual library setting may not be overwritten. (ATTR-12)
Information: The design specific attribute override for lib_cell 'saed32_lvt|saed32_lvt_std:TNBUFFX1_LVT.timing' is set in the current block 'zigbee_F_cts', because the actual library setting may not be overwritten. (ATTR-12)
Information: The design specific attribute override for lib_cell 'saed32_lvt|saed32_lvt_std:TNBUFFX2_LVT.timing' is set in the current block 'zigbee_F_cts', because the actual library setting may not be overwritten. (ATTR-12)
Information: The design specific attribute override for lib_cell 'saed32_lvt|saed32_lvt_std:TNBUFFX32_LVT.timing' is set in the current block 'zigbee_F_cts', because the actual library setting may not be overwritten. (ATTR-12)
Information: The design specific attribute override for lib_cell 'saed32_lvt|saed32_lvt_std:TNBUFFX4_LVT.timing' is set in the current block 'zigbee_F_cts', because the actual library setting may not be overwritten. (ATTR-12)
Information: The design specific attribute override for lib_cell 'saed32_lvt|saed32_lvt_std:TNBUFFX8_LVT.timing' is set in the current block 'zigbee_F_cts', because the actual library setting may not be overwritten. (ATTR-12)
Information: The design specific attribute override for lib_cell 'saed32_lvt|saed32_lvt_std:XNOR2X1_LVT.timing' is set in the current block 'zigbee_F_cts', because the actual library setting may not be overwritten. (ATTR-12)
Information: The design specific attribute override for lib_cell 'saed32_lvt|saed32_lvt_std:XNOR2X2_LVT.timing' is set in the current block 'zigbee_F_cts', because the actual library setting may not be overwritten. (ATTR-12)
Information: The design specific attribute override for lib_cell 'saed32_lvt|saed32_lvt_std:XNOR3X1_LVT.timing' is set in the current block 'zigbee_F_cts', because the actual library setting may not be overwritten. (ATTR-12)
Information: The design specific attribute override for lib_cell 'saed32_lvt|saed32_lvt_std:XNOR3X2_LVT.timing' is set in the current block 'zigbee_F_cts', because the actual library setting may not be overwritten. (ATTR-12)
Information: The design specific attribute override for lib_cell 'saed32_lvt|saed32_lvt_std:XOR2X1_LVT.timing' is set in the current block 'zigbee_F_cts', because the actual library setting may not be overwritten. (ATTR-12)
Information: The design specific attribute override for lib_cell 'saed32_lvt|saed32_lvt_std:XOR2X2_LVT.timing' is set in the current block 'zigbee_F_cts', because the actual library setting may not be overwritten. (ATTR-12)
Information: The design specific attribute override for lib_cell 'saed32_lvt|saed32_lvt_std:XOR3X1_LVT.timing' is set in the current block 'zigbee_F_cts', because the actual library setting may not be overwritten. (ATTR-12)
Information: The design specific attribute override for lib_cell 'saed32_lvt|saed32_lvt_std:XOR3X2_LVT.timing' is set in the current block 'zigbee_F_cts', because the actual library setting may not be overwritten. (ATTR-12)
Information: The design specific attribute override for lib_cell 'saed32_lvt|saed32_lvt_pg:FOOT2X16_LVT.timing' is set in the current block 'zigbee_F_cts', because the actual library setting may not be overwritten. (ATTR-12)
Information: The design specific attribute override for lib_cell 'saed32_lvt|saed32_lvt_pg:FOOT2X2_LVT.timing' is set in the current block 'zigbee_F_cts', because the actual library setting may not be overwritten. (ATTR-12)
Information: The design specific attribute override for lib_cell 'saed32_lvt|saed32_lvt_pg:FOOT2X32_LVT.timing' is set in the current block 'zigbee_F_cts', because the actual library setting may not be overwritten. (ATTR-12)
Information: The design specific attribute override for lib_cell 'saed32_lvt|saed32_lvt_pg:FOOT2X4_LVT.timing' is set in the current block 'zigbee_F_cts', because the actual library setting may not be overwritten. (ATTR-12)
Information: The design specific attribute override for lib_cell 'saed32_lvt|saed32_lvt_pg:FOOT2X8_LVT.timing' is set in the current block 'zigbee_F_cts', because the actual library setting may not be overwritten. (ATTR-12)
Information: The design specific attribute override for lib_cell 'saed32_lvt|saed32_lvt_pg:FOOTX16_LVT.timing' is set in the current block 'zigbee_F_cts', because the actual library setting may not be overwritten. (ATTR-12)
Information: The design specific attribute override for lib_cell 'saed32_lvt|saed32_lvt_pg:FOOTX2_LVT.timing' is set in the current block 'zigbee_F_cts', because the actual library setting may not be overwritten. (ATTR-12)
Information: The design specific attribute override for lib_cell 'saed32_lvt|saed32_lvt_pg:FOOTX32_LVT.timing' is set in the current block 'zigbee_F_cts', because the actual library setting may not be overwritten. (ATTR-12)
Information: The design specific attribute override for lib_cell 'saed32_lvt|saed32_lvt_pg:FOOTX4_LVT.timing' is set in the current block 'zigbee_F_cts', because the actual library setting may not be overwritten. (ATTR-12)
Information: The design specific attribute override for lib_cell 'saed32_lvt|saed32_lvt_pg:FOOTX8_LVT.timing' is set in the current block 'zigbee_F_cts', because the actual library setting may not be overwritten. (ATTR-12)
Information: The design specific attribute override for lib_cell 'saed32_lvt|saed32_lvt_pg:HEAD2X16_LVT.timing' is set in the current block 'zigbee_F_cts', because the actual library setting may not be overwritten. (ATTR-12)
Information: The design specific attribute override for lib_cell 'saed32_lvt|saed32_lvt_pg:HEAD2X2_LVT.timing' is set in the current block 'zigbee_F_cts', because the actual library setting may not be overwritten. (ATTR-12)
Information: The design specific attribute override for lib_cell 'saed32_lvt|saed32_lvt_pg:HEAD2X32_LVT.timing' is set in the current block 'zigbee_F_cts', because the actual library setting may not be overwritten. (ATTR-12)
Information: The design specific attribute override for lib_cell 'saed32_lvt|saed32_lvt_pg:HEAD2X4_LVT.timing' is set in the current block 'zigbee_F_cts', because the actual library setting may not be overwritten. (ATTR-12)
Information: The design specific attribute override for lib_cell 'saed32_lvt|saed32_lvt_pg:HEAD2X8_LVT.timing' is set in the current block 'zigbee_F_cts', because the actual library setting may not be overwritten. (ATTR-12)
Information: The design specific attribute override for lib_cell 'saed32_lvt|saed32_lvt_pg:HEADX16_LVT.timing' is set in the current block 'zigbee_F_cts', because the actual library setting may not be overwritten. (ATTR-12)
Information: The design specific attribute override for lib_cell 'saed32_lvt|saed32_lvt_pg:HEADX2_LVT.timing' is set in the current block 'zigbee_F_cts', because the actual library setting may not be overwritten. (ATTR-12)
Information: The design specific attribute override for lib_cell 'saed32_lvt|saed32_lvt_pg:HEADX32_LVT.timing' is set in the current block 'zigbee_F_cts', because the actual library setting may not be overwritten. (ATTR-12)
Information: The design specific attribute override for lib_cell 'saed32_lvt|saed32_lvt_pg:HEADX4_LVT.timing' is set in the current block 'zigbee_F_cts', because the actual library setting may not be overwritten. (ATTR-12)
Information: The design specific attribute override for lib_cell 'saed32_lvt|saed32_lvt_pg:HEADX8_LVT.timing' is set in the current block 'zigbee_F_cts', because the actual library setting may not be overwritten. (ATTR-12)
Information: The design specific attribute override for lib_cell 'saed32_lvt|saed32_lvt_lsdn:LSDNENCLSSX1_LVT.timing' is set in the current block 'zigbee_F_cts', because the actual library setting may not be overwritten. (ATTR-12)
Information: The design specific attribute override for lib_cell 'saed32_lvt|saed32_lvt_lsdn:LSDNENCLSSX2_LVT.timing' is set in the current block 'zigbee_F_cts', because the actual library setting may not be overwritten. (ATTR-12)
Information: The design specific attribute override for lib_cell 'saed32_lvt|saed32_lvt_lsdn:LSDNENCLSSX4_LVT.timing' is set in the current block 'zigbee_F_cts', because the actual library setting may not be overwritten. (ATTR-12)
Information: The design specific attribute override for lib_cell 'saed32_lvt|saed32_lvt_lsdn:LSDNENCLSSX8_LVT.timing' is set in the current block 'zigbee_F_cts', because the actual library setting may not be overwritten. (ATTR-12)
Information: The design specific attribute override for lib_cell 'saed32_lvt|saed32_lvt_lsdn:LSDNENCLX1_LVT.timing' is set in the current block 'zigbee_F_cts', because the actual library setting may not be overwritten. (ATTR-12)
Information: The design specific attribute override for lib_cell 'saed32_lvt|saed32_lvt_lsdn:LSDNENCLX2_LVT.timing' is set in the current block 'zigbee_F_cts', because the actual library setting may not be overwritten. (ATTR-12)
Information: The design specific attribute override for lib_cell 'saed32_lvt|saed32_lvt_lsdn:LSDNENCLX4_LVT.timing' is set in the current block 'zigbee_F_cts', because the actual library setting may not be overwritten. (ATTR-12)
Information: The design specific attribute override for lib_cell 'saed32_lvt|saed32_lvt_lsdn:LSDNENCLX8_LVT.timing' is set in the current block 'zigbee_F_cts', because the actual library setting may not be overwritten. (ATTR-12)
Information: The design specific attribute override for lib_cell 'saed32_lvt|saed32_lvt_lsdn:LSDNENSSX1_LVT.timing' is set in the current block 'zigbee_F_cts', because the actual library setting may not be overwritten. (ATTR-12)
Information: The design specific attribute override for lib_cell 'saed32_lvt|saed32_lvt_lsdn:LSDNENSSX2_LVT.timing' is set in the current block 'zigbee_F_cts', because the actual library setting may not be overwritten. (ATTR-12)
Information: The design specific attribute override for lib_cell 'saed32_lvt|saed32_lvt_lsdn:LSDNENSSX4_LVT.timing' is set in the current block 'zigbee_F_cts', because the actual library setting may not be overwritten. (ATTR-12)
Information: The design specific attribute override for lib_cell 'saed32_lvt|saed32_lvt_lsdn:LSDNENSSX8_LVT.timing' is set in the current block 'zigbee_F_cts', because the actual library setting may not be overwritten. (ATTR-12)
Information: The design specific attribute override for lib_cell 'saed32_lvt|saed32_lvt_lsdn:LSDNENX1_LVT.timing' is set in the current block 'zigbee_F_cts', because the actual library setting may not be overwritten. (ATTR-12)
Information: The design specific attribute override for lib_cell 'saed32_lvt|saed32_lvt_lsdn:LSDNENX2_LVT.timing' is set in the current block 'zigbee_F_cts', because the actual library setting may not be overwritten. (ATTR-12)
Information: The design specific attribute override for lib_cell 'saed32_lvt|saed32_lvt_lsdn:LSDNENX4_LVT.timing' is set in the current block 'zigbee_F_cts', because the actual library setting may not be overwritten. (ATTR-12)
Information: The design specific attribute override for lib_cell 'saed32_lvt|saed32_lvt_lsdn:LSDNENX8_LVT.timing' is set in the current block 'zigbee_F_cts', because the actual library setting may not be overwritten. (ATTR-12)
Information: The design specific attribute override for lib_cell 'saed32_lvt|saed32_lvt_lsdn:LSDNSSX1_LVT.timing' is set in the current block 'zigbee_F_cts', because the actual library setting may not be overwritten. (ATTR-12)
Information: The design specific attribute override for lib_cell 'saed32_lvt|saed32_lvt_lsdn:LSDNSSX2_LVT.timing' is set in the current block 'zigbee_F_cts', because the actual library setting may not be overwritten. (ATTR-12)
Information: The design specific attribute override for lib_cell 'saed32_lvt|saed32_lvt_lsdn:LSDNSSX4_LVT.timing' is set in the current block 'zigbee_F_cts', because the actual library setting may not be overwritten. (ATTR-12)
Information: The design specific attribute override for lib_cell 'saed32_lvt|saed32_lvt_lsdn:LSDNSSX8_LVT.timing' is set in the current block 'zigbee_F_cts', because the actual library setting may not be overwritten. (ATTR-12)
Information: The design specific attribute override for lib_cell 'saed32_lvt|saed32_lvt_lsdn:LSDNX1_LVT.timing' is set in the current block 'zigbee_F_cts', because the actual library setting may not be overwritten. (ATTR-12)
Information: The design specific attribute override for lib_cell 'saed32_lvt|saed32_lvt_lsdn:LSDNX2_LVT.timing' is set in the current block 'zigbee_F_cts', because the actual library setting may not be overwritten. (ATTR-12)
Information: The design specific attribute override for lib_cell 'saed32_lvt|saed32_lvt_lsdn:LSDNX4_LVT.timing' is set in the current block 'zigbee_F_cts', because the actual library setting may not be overwritten. (ATTR-12)
Information: The design specific attribute override for lib_cell 'saed32_lvt|saed32_lvt_lsdn:LSDNX8_LVT.timing' is set in the current block 'zigbee_F_cts', because the actual library setting may not be overwritten. (ATTR-12)
Information: The design specific attribute override for lib_cell 'saed32_lvt|saed32_lvt_lsup:LSUPENCLX1_LVT.timing' is set in the current block 'zigbee_F_cts', because the actual library setting may not be overwritten. (ATTR-12)
Information: The design specific attribute override for lib_cell 'saed32_lvt|saed32_lvt_lsup:LSUPENCLX2_LVT.timing' is set in the current block 'zigbee_F_cts', because the actual library setting may not be overwritten. (ATTR-12)
Information: The design specific attribute override for lib_cell 'saed32_lvt|saed32_lvt_lsup:LSUPENCLX4_LVT.timing' is set in the current block 'zigbee_F_cts', because the actual library setting may not be overwritten. (ATTR-12)
Information: The design specific attribute override for lib_cell 'saed32_lvt|saed32_lvt_lsup:LSUPENCLX8_LVT.timing' is set in the current block 'zigbee_F_cts', because the actual library setting may not be overwritten. (ATTR-12)
Information: The design specific attribute override for lib_cell 'saed32_lvt|saed32_lvt_lsup:LSUPENX1_LVT.timing' is set in the current block 'zigbee_F_cts', because the actual library setting may not be overwritten. (ATTR-12)
Information: The design specific attribute override for lib_cell 'saed32_lvt|saed32_lvt_lsup:LSUPENX2_LVT.timing' is set in the current block 'zigbee_F_cts', because the actual library setting may not be overwritten. (ATTR-12)
Information: The design specific attribute override for lib_cell 'saed32_lvt|saed32_lvt_lsup:LSUPENX4_LVT.timing' is set in the current block 'zigbee_F_cts', because the actual library setting may not be overwritten. (ATTR-12)
Information: The design specific attribute override for lib_cell 'saed32_lvt|saed32_lvt_lsup:LSUPENX8_LVT.timing' is set in the current block 'zigbee_F_cts', because the actual library setting may not be overwritten. (ATTR-12)
Information: The design specific attribute override for lib_cell 'saed32_lvt|saed32_lvt_lsup:LSUPX1_LVT.timing' is set in the current block 'zigbee_F_cts', because the actual library setting may not be overwritten. (ATTR-12)
Information: The design specific attribute override for lib_cell 'saed32_lvt|saed32_lvt_lsup:LSUPX2_LVT.timing' is set in the current block 'zigbee_F_cts', because the actual library setting may not be overwritten. (ATTR-12)
Information: The design specific attribute override for lib_cell 'saed32_lvt|saed32_lvt_lsup:LSUPX4_LVT.timing' is set in the current block 'zigbee_F_cts', because the actual library setting may not be overwritten. (ATTR-12)
Information: The design specific attribute override for lib_cell 'saed32_lvt|saed32_lvt_lsup:LSUPX8_LVT.timing' is set in the current block 'zigbee_F_cts', because the actual library setting may not be overwritten. (ATTR-12)
Information: The design specific attribute override for lib_cell 'saed32_rvt|saed32_rvt_std:AND2X1_RVT.timing' is set in the current block 'zigbee_F_cts', because the actual library setting may not be overwritten. (ATTR-12)
Information: The design specific attribute override for lib_cell 'saed32_rvt|saed32_rvt_std:AND2X2_RVT.timing' is set in the current block 'zigbee_F_cts', because the actual library setting may not be overwritten. (ATTR-12)
Information: The design specific attribute override for lib_cell 'saed32_rvt|saed32_rvt_std:AND2X4_RVT.timing' is set in the current block 'zigbee_F_cts', because the actual library setting may not be overwritten. (ATTR-12)
Information: The design specific attribute override for lib_cell 'saed32_rvt|saed32_rvt_std:AND3X1_RVT.timing' is set in the current block 'zigbee_F_cts', because the actual library setting may not be overwritten. (ATTR-12)
Information: The design specific attribute override for lib_cell 'saed32_rvt|saed32_rvt_std:AND3X2_RVT.timing' is set in the current block 'zigbee_F_cts', because the actual library setting may not be overwritten. (ATTR-12)
Information: The design specific attribute override for lib_cell 'saed32_rvt|saed32_rvt_std:AND3X4_RVT.timing' is set in the current block 'zigbee_F_cts', because the actual library setting may not be overwritten. (ATTR-12)
Information: The design specific attribute override for lib_cell 'saed32_rvt|saed32_rvt_std:AND4X1_RVT.timing' is set in the current block 'zigbee_F_cts', because the actual library setting may not be overwritten. (ATTR-12)
Information: The design specific attribute override for lib_cell 'saed32_rvt|saed32_rvt_std:AND4X2_RVT.timing' is set in the current block 'zigbee_F_cts', because the actual library setting may not be overwritten. (ATTR-12)
Information: The design specific attribute override for lib_cell 'saed32_rvt|saed32_rvt_std:AND4X4_RVT.timing' is set in the current block 'zigbee_F_cts', because the actual library setting may not be overwritten. (ATTR-12)
Information: The design specific attribute override for lib_cell 'saed32_rvt|saed32_rvt_std:ANTENNA_RVT.timing' is set in the current block 'zigbee_F_cts', because the actual library setting may not be overwritten. (ATTR-12)
Information: The design specific attribute override for lib_cell 'saed32_rvt|saed32_rvt_std:AO21X1_RVT.timing' is set in the current block 'zigbee_F_cts', because the actual library setting may not be overwritten. (ATTR-12)
Information: The design specific attribute override for lib_cell 'saed32_rvt|saed32_rvt_std:AO21X2_RVT.timing' is set in the current block 'zigbee_F_cts', because the actual library setting may not be overwritten. (ATTR-12)
Information: The design specific attribute override for lib_cell 'saed32_rvt|saed32_rvt_std:AO221X1_RVT.timing' is set in the current block 'zigbee_F_cts', because the actual library setting may not be overwritten. (ATTR-12)
Information: The design specific attribute override for lib_cell 'saed32_rvt|saed32_rvt_std:AO221X2_RVT.timing' is set in the current block 'zigbee_F_cts', because the actual library setting may not be overwritten. (ATTR-12)
Information: The design specific attribute override for lib_cell 'saed32_rvt|saed32_rvt_std:AO222X1_RVT.timing' is set in the current block 'zigbee_F_cts', because the actual library setting may not be overwritten. (ATTR-12)
Information: The design specific attribute override for lib_cell 'saed32_rvt|saed32_rvt_std:AO222X2_RVT.timing' is set in the current block 'zigbee_F_cts', because the actual library setting may not be overwritten. (ATTR-12)
Information: The design specific attribute override for lib_cell 'saed32_rvt|saed32_rvt_std:AO22X1_RVT.timing' is set in the current block 'zigbee_F_cts', because the actual library setting may not be overwritten. (ATTR-12)
Information: The design specific attribute override for lib_cell 'saed32_rvt|saed32_rvt_std:AO22X2_RVT.timing' is set in the current block 'zigbee_F_cts', because the actual library setting may not be overwritten. (ATTR-12)
Information: The design specific attribute override for lib_cell 'saed32_rvt|saed32_rvt_std:AOBUFX1_RVT.timing' is set in the current block 'zigbee_F_cts', because the actual library setting may not be overwritten. (ATTR-12)
Information: The design specific attribute override for lib_cell 'saed32_rvt|saed32_rvt_std:AOBUFX2_RVT.timing' is set in the current block 'zigbee_F_cts', because the actual library setting may not be overwritten. (ATTR-12)
Information: The design specific attribute override for lib_cell 'saed32_rvt|saed32_rvt_std:AOBUFX4_RVT.timing' is set in the current block 'zigbee_F_cts', because the actual library setting may not be overwritten. (ATTR-12)
Information: The design specific attribute override for lib_cell 'saed32_rvt|saed32_rvt_std:AODFFARX1_RVT.timing' is set in the current block 'zigbee_F_cts', because the actual library setting may not be overwritten. (ATTR-12)
Information: The design specific attribute override for lib_cell 'saed32_rvt|saed32_rvt_std:AODFFARX2_RVT.timing' is set in the current block 'zigbee_F_cts', because the actual library setting may not be overwritten. (ATTR-12)
Information: The design specific attribute override for lib_cell 'saed32_rvt|saed32_rvt_std:AODFFNARX1_RVT.timing' is set in the current block 'zigbee_F_cts', because the actual library setting may not be overwritten. (ATTR-12)
Information: The design specific attribute override for lib_cell 'saed32_rvt|saed32_rvt_std:AODFFNARX2_RVT.timing' is set in the current block 'zigbee_F_cts', because the actual library setting may not be overwritten. (ATTR-12)
Information: The design specific attribute override for lib_cell 'saed32_rvt|saed32_rvt_std:AOI21X1_RVT.timing' is set in the current block 'zigbee_F_cts', because the actual library setting may not be overwritten. (ATTR-12)
Information: The design specific attribute override for lib_cell 'saed32_rvt|saed32_rvt_std:AOI21X2_RVT.timing' is set in the current block 'zigbee_F_cts', because the actual library setting may not be overwritten. (ATTR-12)
Information: The design specific attribute override for lib_cell 'saed32_rvt|saed32_rvt_std:AOI221X1_RVT.timing' is set in the current block 'zigbee_F_cts', because the actual library setting may not be overwritten. (ATTR-12)
Information: The design specific attribute override for lib_cell 'saed32_rvt|saed32_rvt_std:AOI221X2_RVT.timing' is set in the current block 'zigbee_F_cts', because the actual library setting may not be overwritten. (ATTR-12)
Information: The design specific attribute override for lib_cell 'saed32_rvt|saed32_rvt_std:AOI222X1_RVT.timing' is set in the current block 'zigbee_F_cts', because the actual library setting may not be overwritten. (ATTR-12)
Information: The design specific attribute override for lib_cell 'saed32_rvt|saed32_rvt_std:AOI222X2_RVT.timing' is set in the current block 'zigbee_F_cts', because the actual library setting may not be overwritten. (ATTR-12)
Information: The design specific attribute override for lib_cell 'saed32_rvt|saed32_rvt_std:AOI22X1_RVT.timing' is set in the current block 'zigbee_F_cts', because the actual library setting may not be overwritten. (ATTR-12)
Information: The design specific attribute override for lib_cell 'saed32_rvt|saed32_rvt_std:AOI22X2_RVT.timing' is set in the current block 'zigbee_F_cts', because the actual library setting may not be overwritten. (ATTR-12)
Information: The design specific attribute override for lib_cell 'saed32_rvt|saed32_rvt_std:AOINVX1_RVT.timing' is set in the current block 'zigbee_F_cts', because the actual library setting may not be overwritten. (ATTR-12)
Information: The design specific attribute override for lib_cell 'saed32_rvt|saed32_rvt_std:AOINVX2_RVT.timing' is set in the current block 'zigbee_F_cts', because the actual library setting may not be overwritten. (ATTR-12)
Information: The design specific attribute override for lib_cell 'saed32_rvt|saed32_rvt_std:AOINVX4_RVT.timing' is set in the current block 'zigbee_F_cts', because the actual library setting may not be overwritten. (ATTR-12)
Information: The design specific attribute override for lib_cell 'saed32_rvt|saed32_rvt_std:BSLEX1_RVT.timing' is set in the current block 'zigbee_F_cts', because the actual library setting may not be overwritten. (ATTR-12)
Information: The design specific attribute override for lib_cell 'saed32_rvt|saed32_rvt_std:BSLEX2_RVT.timing' is set in the current block 'zigbee_F_cts', because the actual library setting may not be overwritten. (ATTR-12)
Information: The design specific attribute override for lib_cell 'saed32_rvt|saed32_rvt_std:BSLEX4_RVT.timing' is set in the current block 'zigbee_F_cts', because the actual library setting may not be overwritten. (ATTR-12)
Information: The design specific attribute override for lib_cell 'saed32_rvt|saed32_rvt_std:BUSKP_RVT.timing' is set in the current block 'zigbee_F_cts', because the actual library setting may not be overwritten. (ATTR-12)
Information: The design specific attribute override for lib_cell 'saed32_rvt|saed32_rvt_std:CGLNPRX2_RVT.timing' is set in the current block 'zigbee_F_cts', because the actual library setting may not be overwritten. (ATTR-12)
Information: The design specific attribute override for lib_cell 'saed32_rvt|saed32_rvt_std:CGLNPRX8_RVT.timing' is set in the current block 'zigbee_F_cts', because the actual library setting may not be overwritten. (ATTR-12)
Information: The design specific attribute override for lib_cell 'saed32_rvt|saed32_rvt_std:CGLNPSX16_RVT.timing' is set in the current block 'zigbee_F_cts', because the actual library setting may not be overwritten. (ATTR-12)
Information: The design specific attribute override for lib_cell 'saed32_rvt|saed32_rvt_std:CGLNPSX2_RVT.timing' is set in the current block 'zigbee_F_cts', because the actual library setting may not be overwritten. (ATTR-12)
Information: The design specific attribute override for lib_cell 'saed32_rvt|saed32_rvt_std:CGLNPSX4_RVT.timing' is set in the current block 'zigbee_F_cts', because the actual library setting may not be overwritten. (ATTR-12)
Information: The design specific attribute override for lib_cell 'saed32_rvt|saed32_rvt_std:CGLNPSX8_RVT.timing' is set in the current block 'zigbee_F_cts', because the actual library setting may not be overwritten. (ATTR-12)
Information: The design specific attribute override for lib_cell 'saed32_rvt|saed32_rvt_std:CGLPPRX2_RVT.timing' is set in the current block 'zigbee_F_cts', because the actual library setting may not be overwritten. (ATTR-12)
Information: The design specific attribute override for lib_cell 'saed32_rvt|saed32_rvt_std:CGLPPRX8_RVT.timing' is set in the current block 'zigbee_F_cts', because the actual library setting may not be overwritten. (ATTR-12)
Information: The design specific attribute override for lib_cell 'saed32_rvt|saed32_rvt_std:CGLPPSX16_RVT.timing' is set in the current block 'zigbee_F_cts', because the actual library setting may not be overwritten. (ATTR-12)
Information: The design specific attribute override for lib_cell 'saed32_rvt|saed32_rvt_std:CGLPPSX2_RVT.timing' is set in the current block 'zigbee_F_cts', because the actual library setting may not be overwritten. (ATTR-12)
Information: The design specific attribute override for lib_cell 'saed32_rvt|saed32_rvt_std:CGLPPSX4_RVT.timing' is set in the current block 'zigbee_F_cts', because the actual library setting may not be overwritten. (ATTR-12)
Information: The design specific attribute override for lib_cell 'saed32_rvt|saed32_rvt_std:CGLPPSX8_RVT.timing' is set in the current block 'zigbee_F_cts', because the actual library setting may not be overwritten. (ATTR-12)
Information: The design specific attribute override for lib_cell 'saed32_rvt|saed32_rvt_std:CLOAD1_RVT.timing' is set in the current block 'zigbee_F_cts', because the actual library setting may not be overwritten. (ATTR-12)
Information: The design specific attribute override for lib_cell 'saed32_rvt|saed32_rvt_std:DCAP_RVT.timing' is set in the current block 'zigbee_F_cts', because the actual library setting may not be overwritten. (ATTR-12)
Information: The design specific attribute override for lib_cell 'saed32_rvt|saed32_rvt_std:DEC24X1_RVT.timing' is set in the current block 'zigbee_F_cts', because the actual library setting may not be overwritten. (ATTR-12)
Information: The design specific attribute override for lib_cell 'saed32_rvt|saed32_rvt_std:DEC24X2_RVT.timing' is set in the current block 'zigbee_F_cts', because the actual library setting may not be overwritten. (ATTR-12)
Information: The design specific attribute override for lib_cell 'saed32_rvt|saed32_rvt_std:DELLN1X2_RVT.timing' is set in the current block 'zigbee_F_cts', because the actual library setting may not be overwritten. (ATTR-12)
Information: The design specific attribute override for lib_cell 'saed32_rvt|saed32_rvt_std:DELLN2X2_RVT.timing' is set in the current block 'zigbee_F_cts', because the actual library setting may not be overwritten. (ATTR-12)
Information: The design specific attribute override for lib_cell 'saed32_rvt|saed32_rvt_std:DELLN3X2_RVT.timing' is set in the current block 'zigbee_F_cts', because the actual library setting may not be overwritten. (ATTR-12)
Information: The design specific attribute override for lib_cell 'saed32_rvt|saed32_rvt_std:DFFARX1_RVT.timing' is set in the current block 'zigbee_F_cts', because the actual library setting may not be overwritten. (ATTR-12)
Information: The design specific attribute override for lib_cell 'saed32_rvt|saed32_rvt_std:DFFARX2_RVT.timing' is set in the current block 'zigbee_F_cts', because the actual library setting may not be overwritten. (ATTR-12)
Information: The design specific attribute override for lib_cell 'saed32_rvt|saed32_rvt_std:DFFASRX1_RVT.timing' is set in the current block 'zigbee_F_cts', because the actual library setting may not be overwritten. (ATTR-12)
Information: The design specific attribute override for lib_cell 'saed32_rvt|saed32_rvt_std:DFFASRX2_RVT.timing' is set in the current block 'zigbee_F_cts', because the actual library setting may not be overwritten. (ATTR-12)
Information: The design specific attribute override for lib_cell 'saed32_rvt|saed32_rvt_std:DFFASX1_RVT.timing' is set in the current block 'zigbee_F_cts', because the actual library setting may not be overwritten. (ATTR-12)
Information: The design specific attribute override for lib_cell 'saed32_rvt|saed32_rvt_std:DFFASX2_RVT.timing' is set in the current block 'zigbee_F_cts', because the actual library setting may not be overwritten. (ATTR-12)
Information: The design specific attribute override for lib_cell 'saed32_rvt|saed32_rvt_std:DFFNARX1_RVT.timing' is set in the current block 'zigbee_F_cts', because the actual library setting may not be overwritten. (ATTR-12)
Information: The design specific attribute override for lib_cell 'saed32_rvt|saed32_rvt_std:DFFNARX2_RVT.timing' is set in the current block 'zigbee_F_cts', because the actual library setting may not be overwritten. (ATTR-12)
Information: The design specific attribute override for lib_cell 'saed32_rvt|saed32_rvt_std:DFFNASRNX1_RVT.timing' is set in the current block 'zigbee_F_cts', because the actual library setting may not be overwritten. (ATTR-12)
Information: The design specific attribute override for lib_cell 'saed32_rvt|saed32_rvt_std:DFFNASRNX2_RVT.timing' is set in the current block 'zigbee_F_cts', because the actual library setting may not be overwritten. (ATTR-12)
Information: The design specific attribute override for lib_cell 'saed32_rvt|saed32_rvt_std:DFFNASRQX1_RVT.timing' is set in the current block 'zigbee_F_cts', because the actual library setting may not be overwritten. (ATTR-12)
Information: The design specific attribute override for lib_cell 'saed32_rvt|saed32_rvt_std:DFFNASRQX2_RVT.timing' is set in the current block 'zigbee_F_cts', because the actual library setting may not be overwritten. (ATTR-12)
Information: The design specific attribute override for lib_cell 'saed32_rvt|saed32_rvt_std:DFFNASRX1_RVT.timing' is set in the current block 'zigbee_F_cts', because the actual library setting may not be overwritten. (ATTR-12)
Information: The design specific attribute override for lib_cell 'saed32_rvt|saed32_rvt_std:DFFNASRX2_RVT.timing' is set in the current block 'zigbee_F_cts', because the actual library setting may not be overwritten. (ATTR-12)
Information: The design specific attribute override for lib_cell 'saed32_rvt|saed32_rvt_std:DFFNASX1_RVT.timing' is set in the current block 'zigbee_F_cts', because the actual library setting may not be overwritten. (ATTR-12)
Information: The design specific attribute override for lib_cell 'saed32_rvt|saed32_rvt_std:DFFNASX2_RVT.timing' is set in the current block 'zigbee_F_cts', because the actual library setting may not be overwritten. (ATTR-12)
Information: The design specific attribute override for lib_cell 'saed32_rvt|saed32_rvt_std:DFFNX1_RVT.timing' is set in the current block 'zigbee_F_cts', because the actual library setting may not be overwritten. (ATTR-12)
Information: The design specific attribute override for lib_cell 'saed32_rvt|saed32_rvt_std:DFFNX2_RVT.timing' is set in the current block 'zigbee_F_cts', because the actual library setting may not be overwritten. (ATTR-12)
Information: The design specific attribute override for lib_cell 'saed32_rvt|saed32_rvt_std:DFFSSRX1_RVT.timing' is set in the current block 'zigbee_F_cts', because the actual library setting may not be overwritten. (ATTR-12)
Information: The design specific attribute override for lib_cell 'saed32_rvt|saed32_rvt_std:DFFSSRX2_RVT.timing' is set in the current block 'zigbee_F_cts', because the actual library setting may not be overwritten. (ATTR-12)
Information: The design specific attribute override for lib_cell 'saed32_rvt|saed32_rvt_std:DFFX1_RVT.timing' is set in the current block 'zigbee_F_cts', because the actual library setting may not be overwritten. (ATTR-12)
Information: The design specific attribute override for lib_cell 'saed32_rvt|saed32_rvt_std:DFFX2_RVT.timing' is set in the current block 'zigbee_F_cts', because the actual library setting may not be overwritten. (ATTR-12)
Information: The design specific attribute override for lib_cell 'saed32_rvt|saed32_rvt_std:DHFILLH2_RVT.timing' is set in the current block 'zigbee_F_cts', because the actual library setting may not be overwritten. (ATTR-12)
Information: The design specific attribute override for lib_cell 'saed32_rvt|saed32_rvt_std:DHFILLHL2_RVT.timing' is set in the current block 'zigbee_F_cts', because the actual library setting may not be overwritten. (ATTR-12)
Information: The design specific attribute override for lib_cell 'saed32_rvt|saed32_rvt_std:DHFILLHLHLS11_RVT.timing' is set in the current block 'zigbee_F_cts', because the actual library setting may not be overwritten. (ATTR-12)
Information: The design specific attribute override for lib_cell 'saed32_rvt|saed32_rvt_std:FADDX1_RVT.timing' is set in the current block 'zigbee_F_cts', because the actual library setting may not be overwritten. (ATTR-12)
Information: The design specific attribute override for lib_cell 'saed32_rvt|saed32_rvt_std:FADDX2_RVT.timing' is set in the current block 'zigbee_F_cts', because the actual library setting may not be overwritten. (ATTR-12)
Information: The design specific attribute override for lib_cell 'saed32_rvt|saed32_rvt_std:HADDX1_RVT.timing' is set in the current block 'zigbee_F_cts', because the actual library setting may not be overwritten. (ATTR-12)
Information: The design specific attribute override for lib_cell 'saed32_rvt|saed32_rvt_std:HADDX2_RVT.timing' is set in the current block 'zigbee_F_cts', because the actual library setting may not be overwritten. (ATTR-12)
Information: The design specific attribute override for lib_cell 'saed32_rvt|saed32_rvt_std:IBUFFX16_RVT.timing' is set in the current block 'zigbee_F_cts', because the actual library setting may not be overwritten. (ATTR-12)
Information: The design specific attribute override for lib_cell 'saed32_rvt|saed32_rvt_std:IBUFFX2_RVT.timing' is set in the current block 'zigbee_F_cts', because the actual library setting may not be overwritten. (ATTR-12)
Information: The design specific attribute override for lib_cell 'saed32_rvt|saed32_rvt_std:IBUFFX32_RVT.timing' is set in the current block 'zigbee_F_cts', because the actual library setting may not be overwritten. (ATTR-12)
Information: The design specific attribute override for lib_cell 'saed32_rvt|saed32_rvt_std:IBUFFX4_RVT.timing' is set in the current block 'zigbee_F_cts', because the actual library setting may not be overwritten. (ATTR-12)
Information: The design specific attribute override for lib_cell 'saed32_rvt|saed32_rvt_std:IBUFFX8_RVT.timing' is set in the current block 'zigbee_F_cts', because the actual library setting may not be overwritten. (ATTR-12)
Information: The design specific attribute override for lib_cell 'saed32_rvt|saed32_rvt_std:INVX0_RVT.timing' is set in the current block 'zigbee_F_cts', because the actual library setting may not be overwritten. (ATTR-12)
Information: The design specific attribute override for lib_cell 'saed32_rvt|saed32_rvt_std:INVX16_RVT.timing' is set in the current block 'zigbee_F_cts', because the actual library setting may not be overwritten. (ATTR-12)
Information: The design specific attribute override for lib_cell 'saed32_rvt|saed32_rvt_std:INVX1_RVT.timing' is set in the current block 'zigbee_F_cts', because the actual library setting may not be overwritten. (ATTR-12)
Information: The design specific attribute override for lib_cell 'saed32_rvt|saed32_rvt_std:INVX2_RVT.timing' is set in the current block 'zigbee_F_cts', because the actual library setting may not be overwritten. (ATTR-12)
Information: The design specific attribute override for lib_cell 'saed32_rvt|saed32_rvt_std:INVX32_RVT.timing' is set in the current block 'zigbee_F_cts', because the actual library setting may not be overwritten. (ATTR-12)
Information: The design specific attribute override for lib_cell 'saed32_rvt|saed32_rvt_std:INVX4_RVT.timing' is set in the current block 'zigbee_F_cts', because the actual library setting may not be overwritten. (ATTR-12)
Information: The design specific attribute override for lib_cell 'saed32_rvt|saed32_rvt_std:INVX8_RVT.timing' is set in the current block 'zigbee_F_cts', because the actual library setting may not be overwritten. (ATTR-12)
Information: The design specific attribute override for lib_cell 'saed32_rvt|saed32_rvt_std:ISOLANDAOX1_RVT.timing' is set in the current block 'zigbee_F_cts', because the actual library setting may not be overwritten. (ATTR-12)
Information: The design specific attribute override for lib_cell 'saed32_rvt|saed32_rvt_std:ISOLANDAOX2_RVT.timing' is set in the current block 'zigbee_F_cts', because the actual library setting may not be overwritten. (ATTR-12)
Information: The design specific attribute override for lib_cell 'saed32_rvt|saed32_rvt_std:ISOLANDAOX4_RVT.timing' is set in the current block 'zigbee_F_cts', because the actual library setting may not be overwritten. (ATTR-12)
Information: The design specific attribute override for lib_cell 'saed32_rvt|saed32_rvt_std:ISOLANDAOX8_RVT.timing' is set in the current block 'zigbee_F_cts', because the actual library setting may not be overwritten. (ATTR-12)
Information: The design specific attribute override for lib_cell 'saed32_rvt|saed32_rvt_std:ISOLANDX1_RVT.timing' is set in the current block 'zigbee_F_cts', because the actual library setting may not be overwritten. (ATTR-12)
Information: The design specific attribute override for lib_cell 'saed32_rvt|saed32_rvt_std:ISOLANDX2_RVT.timing' is set in the current block 'zigbee_F_cts', because the actual library setting may not be overwritten. (ATTR-12)
Information: The design specific attribute override for lib_cell 'saed32_rvt|saed32_rvt_std:ISOLANDX4_RVT.timing' is set in the current block 'zigbee_F_cts', because the actual library setting may not be overwritten. (ATTR-12)
Information: The design specific attribute override for lib_cell 'saed32_rvt|saed32_rvt_std:ISOLANDX8_RVT.timing' is set in the current block 'zigbee_F_cts', because the actual library setting may not be overwritten. (ATTR-12)
Information: The design specific attribute override for lib_cell 'saed32_rvt|saed32_rvt_std:ISOLORAOX1_RVT.timing' is set in the current block 'zigbee_F_cts', because the actual library setting may not be overwritten. (ATTR-12)
Information: The design specific attribute override for lib_cell 'saed32_rvt|saed32_rvt_std:ISOLORAOX2_RVT.timing' is set in the current block 'zigbee_F_cts', because the actual library setting may not be overwritten. (ATTR-12)
Information: The design specific attribute override for lib_cell 'saed32_rvt|saed32_rvt_std:ISOLORAOX4_RVT.timing' is set in the current block 'zigbee_F_cts', because the actual library setting may not be overwritten. (ATTR-12)
Information: The design specific attribute override for lib_cell 'saed32_rvt|saed32_rvt_std:ISOLORAOX8_RVT.timing' is set in the current block 'zigbee_F_cts', because the actual library setting may not be overwritten. (ATTR-12)
Information: The design specific attribute override for lib_cell 'saed32_rvt|saed32_rvt_std:ISOLORX1_RVT.timing' is set in the current block 'zigbee_F_cts', because the actual library setting may not be overwritten. (ATTR-12)
Information: The design specific attribute override for lib_cell 'saed32_rvt|saed32_rvt_std:ISOLORX2_RVT.timing' is set in the current block 'zigbee_F_cts', because the actual library setting may not be overwritten. (ATTR-12)
Information: The design specific attribute override for lib_cell 'saed32_rvt|saed32_rvt_std:ISOLORX4_RVT.timing' is set in the current block 'zigbee_F_cts', because the actual library setting may not be overwritten. (ATTR-12)
Information: The design specific attribute override for lib_cell 'saed32_rvt|saed32_rvt_std:ISOLORX8_RVT.timing' is set in the current block 'zigbee_F_cts', because the actual library setting may not be overwritten. (ATTR-12)
Information: The design specific attribute override for lib_cell 'saed32_rvt|saed32_rvt_std:LARX1_RVT.timing' is set in the current block 'zigbee_F_cts', because the actual library setting may not be overwritten. (ATTR-12)
Information: The design specific attribute override for lib_cell 'saed32_rvt|saed32_rvt_std:LARX2_RVT.timing' is set in the current block 'zigbee_F_cts', because the actual library setting may not be overwritten. (ATTR-12)
Information: The design specific attribute override for lib_cell 'saed32_rvt|saed32_rvt_std:LASRNX1_RVT.timing' is set in the current block 'zigbee_F_cts', because the actual library setting may not be overwritten. (ATTR-12)
Information: The design specific attribute override for lib_cell 'saed32_rvt|saed32_rvt_std:LASRNX2_RVT.timing' is set in the current block 'zigbee_F_cts', because the actual library setting may not be overwritten. (ATTR-12)
Information: The design specific attribute override for lib_cell 'saed32_rvt|saed32_rvt_std:LASRQX1_RVT.timing' is set in the current block 'zigbee_F_cts', because the actual library setting may not be overwritten. (ATTR-12)
Information: The design specific attribute override for lib_cell 'saed32_rvt|saed32_rvt_std:LASRQX2_RVT.timing' is set in the current block 'zigbee_F_cts', because the actual library setting may not be overwritten. (ATTR-12)
Information: The design specific attribute override for lib_cell 'saed32_rvt|saed32_rvt_std:LASRX1_RVT.timing' is set in the current block 'zigbee_F_cts', because the actual library setting may not be overwritten. (ATTR-12)
Information: The design specific attribute override for lib_cell 'saed32_rvt|saed32_rvt_std:LASRX2_RVT.timing' is set in the current block 'zigbee_F_cts', because the actual library setting may not be overwritten. (ATTR-12)
Information: The design specific attribute override for lib_cell 'saed32_rvt|saed32_rvt_std:LASX1_RVT.timing' is set in the current block 'zigbee_F_cts', because the actual library setting may not be overwritten. (ATTR-12)
Information: The design specific attribute override for lib_cell 'saed32_rvt|saed32_rvt_std:LASX2_RVT.timing' is set in the current block 'zigbee_F_cts', because the actual library setting may not be overwritten. (ATTR-12)
Information: The design specific attribute override for lib_cell 'saed32_rvt|saed32_rvt_std:LATCHX1_RVT.timing' is set in the current block 'zigbee_F_cts', because the actual library setting may not be overwritten. (ATTR-12)
Information: The design specific attribute override for lib_cell 'saed32_rvt|saed32_rvt_std:LATCHX2_RVT.timing' is set in the current block 'zigbee_F_cts', because the actual library setting may not be overwritten. (ATTR-12)
Information: The design specific attribute override for lib_cell 'saed32_rvt|saed32_rvt_std:LNANDX1_RVT.timing' is set in the current block 'zigbee_F_cts', because the actual library setting may not be overwritten. (ATTR-12)
Information: The design specific attribute override for lib_cell 'saed32_rvt|saed32_rvt_std:LNANDX2_RVT.timing' is set in the current block 'zigbee_F_cts', because the actual library setting may not be overwritten. (ATTR-12)
Information: The design specific attribute override for lib_cell 'saed32_rvt|saed32_rvt_std:MUX21X1_RVT.timing' is set in the current block 'zigbee_F_cts', because the actual library setting may not be overwritten. (ATTR-12)
Information: The design specific attribute override for lib_cell 'saed32_rvt|saed32_rvt_std:MUX21X2_RVT.timing' is set in the current block 'zigbee_F_cts', because the actual library setting may not be overwritten. (ATTR-12)
Information: The design specific attribute override for lib_cell 'saed32_rvt|saed32_rvt_std:MUX41X1_RVT.timing' is set in the current block 'zigbee_F_cts', because the actual library setting may not be overwritten. (ATTR-12)
Information: The design specific attribute override for lib_cell 'saed32_rvt|saed32_rvt_std:MUX41X2_RVT.timing' is set in the current block 'zigbee_F_cts', because the actual library setting may not be overwritten. (ATTR-12)
Information: The design specific attribute override for lib_cell 'saed32_rvt|saed32_rvt_std:NAND2X0_RVT.timing' is set in the current block 'zigbee_F_cts', because the actual library setting may not be overwritten. (ATTR-12)
Information: The design specific attribute override for lib_cell 'saed32_rvt|saed32_rvt_std:NAND2X1_RVT.timing' is set in the current block 'zigbee_F_cts', because the actual library setting may not be overwritten. (ATTR-12)
Information: The design specific attribute override for lib_cell 'saed32_rvt|saed32_rvt_std:NAND2X2_RVT.timing' is set in the current block 'zigbee_F_cts', because the actual library setting may not be overwritten. (ATTR-12)
Information: The design specific attribute override for lib_cell 'saed32_rvt|saed32_rvt_std:NAND2X4_RVT.timing' is set in the current block 'zigbee_F_cts', because the actual library setting may not be overwritten. (ATTR-12)
Information: The design specific attribute override for lib_cell 'saed32_rvt|saed32_rvt_std:NAND3X0_RVT.timing' is set in the current block 'zigbee_F_cts', because the actual library setting may not be overwritten. (ATTR-12)
Information: The design specific attribute override for lib_cell 'saed32_rvt|saed32_rvt_std:NAND3X1_RVT.timing' is set in the current block 'zigbee_F_cts', because the actual library setting may not be overwritten. (ATTR-12)
Information: The design specific attribute override for lib_cell 'saed32_rvt|saed32_rvt_std:NAND3X2_RVT.timing' is set in the current block 'zigbee_F_cts', because the actual library setting may not be overwritten. (ATTR-12)
Information: The design specific attribute override for lib_cell 'saed32_rvt|saed32_rvt_std:NAND3X4_RVT.timing' is set in the current block 'zigbee_F_cts', because the actual library setting may not be overwritten. (ATTR-12)
Information: The design specific attribute override for lib_cell 'saed32_rvt|saed32_rvt_std:NAND4X0_RVT.timing' is set in the current block 'zigbee_F_cts', because the actual library setting may not be overwritten. (ATTR-12)
Information: The design specific attribute override for lib_cell 'saed32_rvt|saed32_rvt_std:NAND4X1_RVT.timing' is set in the current block 'zigbee_F_cts', because the actual library setting may not be overwritten. (ATTR-12)
Information: The design specific attribute override for lib_cell 'saed32_rvt|saed32_rvt_std:NBUFFX16_RVT.timing' is set in the current block 'zigbee_F_cts', because the actual library setting may not be overwritten. (ATTR-12)
Information: The design specific attribute override for lib_cell 'saed32_rvt|saed32_rvt_std:NBUFFX2_RVT.timing' is set in the current block 'zigbee_F_cts', because the actual library setting may not be overwritten. (ATTR-12)
Information: The design specific attribute override for lib_cell 'saed32_rvt|saed32_rvt_std:NBUFFX32_RVT.timing' is set in the current block 'zigbee_F_cts', because the actual library setting may not be overwritten. (ATTR-12)
Information: The design specific attribute override for lib_cell 'saed32_rvt|saed32_rvt_std:NBUFFX4_RVT.timing' is set in the current block 'zigbee_F_cts', because the actual library setting may not be overwritten. (ATTR-12)
Information: The design specific attribute override for lib_cell 'saed32_rvt|saed32_rvt_std:NBUFFX8_RVT.timing' is set in the current block 'zigbee_F_cts', because the actual library setting may not be overwritten. (ATTR-12)
Information: The design specific attribute override for lib_cell 'saed32_rvt|saed32_rvt_std:NMT1_RVT.timing' is set in the current block 'zigbee_F_cts', because the actual library setting may not be overwritten. (ATTR-12)
Information: The design specific attribute override for lib_cell 'saed32_rvt|saed32_rvt_std:NMT2_RVT.timing' is set in the current block 'zigbee_F_cts', because the actual library setting may not be overwritten. (ATTR-12)
Information: The design specific attribute override for lib_cell 'saed32_rvt|saed32_rvt_std:NMT3_RVT.timing' is set in the current block 'zigbee_F_cts', because the actual library setting may not be overwritten. (ATTR-12)
Information: The design specific attribute override for lib_cell 'saed32_rvt|saed32_rvt_std:NOR2X0_RVT.timing' is set in the current block 'zigbee_F_cts', because the actual library setting may not be overwritten. (ATTR-12)
Information: The design specific attribute override for lib_cell 'saed32_rvt|saed32_rvt_std:NOR2X1_RVT.timing' is set in the current block 'zigbee_F_cts', because the actual library setting may not be overwritten. (ATTR-12)
Information: The design specific attribute override for lib_cell 'saed32_rvt|saed32_rvt_std:NOR2X2_RVT.timing' is set in the current block 'zigbee_F_cts', because the actual library setting may not be overwritten. (ATTR-12)
Information: The design specific attribute override for lib_cell 'saed32_rvt|saed32_rvt_std:NOR2X4_RVT.timing' is set in the current block 'zigbee_F_cts', because the actual library setting may not be overwritten. (ATTR-12)
Information: The design specific attribute override for lib_cell 'saed32_rvt|saed32_rvt_std:NOR3X0_RVT.timing' is set in the current block 'zigbee_F_cts', because the actual library setting may not be overwritten. (ATTR-12)
Information: The design specific attribute override for lib_cell 'saed32_rvt|saed32_rvt_std:NOR3X1_RVT.timing' is set in the current block 'zigbee_F_cts', because the actual library setting may not be overwritten. (ATTR-12)
Information: The design specific attribute override for lib_cell 'saed32_rvt|saed32_rvt_std:NOR3X2_RVT.timing' is set in the current block 'zigbee_F_cts', because the actual library setting may not be overwritten. (ATTR-12)
Information: The design specific attribute override for lib_cell 'saed32_rvt|saed32_rvt_std:NOR3X4_RVT.timing' is set in the current block 'zigbee_F_cts', because the actual library setting may not be overwritten. (ATTR-12)
Information: The design specific attribute override for lib_cell 'saed32_rvt|saed32_rvt_std:NOR4X0_RVT.timing' is set in the current block 'zigbee_F_cts', because the actual library setting may not be overwritten. (ATTR-12)
Information: The design specific attribute override for lib_cell 'saed32_rvt|saed32_rvt_std:NOR4X1_RVT.timing' is set in the current block 'zigbee_F_cts', because the actual library setting may not be overwritten. (ATTR-12)
Information: The design specific attribute override for lib_cell 'saed32_rvt|saed32_rvt_std:OA21X1_RVT.timing' is set in the current block 'zigbee_F_cts', because the actual library setting may not be overwritten. (ATTR-12)
Information: The design specific attribute override for lib_cell 'saed32_rvt|saed32_rvt_std:OA21X2_RVT.timing' is set in the current block 'zigbee_F_cts', because the actual library setting may not be overwritten. (ATTR-12)
Information: The design specific attribute override for lib_cell 'saed32_rvt|saed32_rvt_std:OA221X1_RVT.timing' is set in the current block 'zigbee_F_cts', because the actual library setting may not be overwritten. (ATTR-12)
Information: The design specific attribute override for lib_cell 'saed32_rvt|saed32_rvt_std:OA221X2_RVT.timing' is set in the current block 'zigbee_F_cts', because the actual library setting may not be overwritten. (ATTR-12)
Information: The design specific attribute override for lib_cell 'saed32_rvt|saed32_rvt_std:OA222X1_RVT.timing' is set in the current block 'zigbee_F_cts', because the actual library setting may not be overwritten. (ATTR-12)
Information: The design specific attribute override for lib_cell 'saed32_rvt|saed32_rvt_std:OA222X2_RVT.timing' is set in the current block 'zigbee_F_cts', because the actual library setting may not be overwritten. (ATTR-12)
Information: The design specific attribute override for lib_cell 'saed32_rvt|saed32_rvt_std:OA22X1_RVT.timing' is set in the current block 'zigbee_F_cts', because the actual library setting may not be overwritten. (ATTR-12)
Information: The design specific attribute override for lib_cell 'saed32_rvt|saed32_rvt_std:OA22X2_RVT.timing' is set in the current block 'zigbee_F_cts', because the actual library setting may not be overwritten. (ATTR-12)
Information: The design specific attribute override for lib_cell 'saed32_rvt|saed32_rvt_std:OAI21X1_RVT.timing' is set in the current block 'zigbee_F_cts', because the actual library setting may not be overwritten. (ATTR-12)
Information: The design specific attribute override for lib_cell 'saed32_rvt|saed32_rvt_std:OAI21X2_RVT.timing' is set in the current block 'zigbee_F_cts', because the actual library setting may not be overwritten. (ATTR-12)
Information: The design specific attribute override for lib_cell 'saed32_rvt|saed32_rvt_std:OAI221X1_RVT.timing' is set in the current block 'zigbee_F_cts', because the actual library setting may not be overwritten. (ATTR-12)
Information: The design specific attribute override for lib_cell 'saed32_rvt|saed32_rvt_std:OAI221X2_RVT.timing' is set in the current block 'zigbee_F_cts', because the actual library setting may not be overwritten. (ATTR-12)
Information: The design specific attribute override for lib_cell 'saed32_rvt|saed32_rvt_std:OAI222X1_RVT.timing' is set in the current block 'zigbee_F_cts', because the actual library setting may not be overwritten. (ATTR-12)
Information: The design specific attribute override for lib_cell 'saed32_rvt|saed32_rvt_std:OAI222X2_RVT.timing' is set in the current block 'zigbee_F_cts', because the actual library setting may not be overwritten. (ATTR-12)
Information: The design specific attribute override for lib_cell 'saed32_rvt|saed32_rvt_std:OAI22X1_RVT.timing' is set in the current block 'zigbee_F_cts', because the actual library setting may not be overwritten. (ATTR-12)
Information: The design specific attribute override for lib_cell 'saed32_rvt|saed32_rvt_std:OAI22X2_RVT.timing' is set in the current block 'zigbee_F_cts', because the actual library setting may not be overwritten. (ATTR-12)
Information: The design specific attribute override for lib_cell 'saed32_rvt|saed32_rvt_std:OR2X1_RVT.timing' is set in the current block 'zigbee_F_cts', because the actual library setting may not be overwritten. (ATTR-12)
Information: The design specific attribute override for lib_cell 'saed32_rvt|saed32_rvt_std:OR2X2_RVT.timing' is set in the current block 'zigbee_F_cts', because the actual library setting may not be overwritten. (ATTR-12)
Information: The design specific attribute override for lib_cell 'saed32_rvt|saed32_rvt_std:OR2X4_RVT.timing' is set in the current block 'zigbee_F_cts', because the actual library setting may not be overwritten. (ATTR-12)
Information: The design specific attribute override for lib_cell 'saed32_rvt|saed32_rvt_std:OR3X1_RVT.timing' is set in the current block 'zigbee_F_cts', because the actual library setting may not be overwritten. (ATTR-12)
Information: The design specific attribute override for lib_cell 'saed32_rvt|saed32_rvt_std:OR3X2_RVT.timing' is set in the current block 'zigbee_F_cts', because the actual library setting may not be overwritten. (ATTR-12)
Information: The design specific attribute override for lib_cell 'saed32_rvt|saed32_rvt_std:OR3X4_RVT.timing' is set in the current block 'zigbee_F_cts', because the actual library setting may not be overwritten. (ATTR-12)
Information: The design specific attribute override for lib_cell 'saed32_rvt|saed32_rvt_std:OR4X1_RVT.timing' is set in the current block 'zigbee_F_cts', because the actual library setting may not be overwritten. (ATTR-12)
Information: The design specific attribute override for lib_cell 'saed32_rvt|saed32_rvt_std:OR4X2_RVT.timing' is set in the current block 'zigbee_F_cts', because the actual library setting may not be overwritten. (ATTR-12)
Information: The design specific attribute override for lib_cell 'saed32_rvt|saed32_rvt_std:OR4X4_RVT.timing' is set in the current block 'zigbee_F_cts', because the actual library setting may not be overwritten. (ATTR-12)
Information: The design specific attribute override for lib_cell 'saed32_rvt|saed32_rvt_std:PGX1_RVT.timing' is set in the current block 'zigbee_F_cts', because the actual library setting may not be overwritten. (ATTR-12)
Information: The design specific attribute override for lib_cell 'saed32_rvt|saed32_rvt_std:PGX2_RVT.timing' is set in the current block 'zigbee_F_cts', because the actual library setting may not be overwritten. (ATTR-12)
Information: The design specific attribute override for lib_cell 'saed32_rvt|saed32_rvt_std:PGX4_RVT.timing' is set in the current block 'zigbee_F_cts', because the actual library setting may not be overwritten. (ATTR-12)
Information: The design specific attribute override for lib_cell 'saed32_rvt|saed32_rvt_std:PMT1_RVT.timing' is set in the current block 'zigbee_F_cts', because the actual library setting may not be overwritten. (ATTR-12)
Information: The design specific attribute override for lib_cell 'saed32_rvt|saed32_rvt_std:PMT2_RVT.timing' is set in the current block 'zigbee_F_cts', because the actual library setting may not be overwritten. (ATTR-12)
Information: The design specific attribute override for lib_cell 'saed32_rvt|saed32_rvt_std:PMT3_RVT.timing' is set in the current block 'zigbee_F_cts', because the actual library setting may not be overwritten. (ATTR-12)
Information: The design specific attribute override for lib_cell 'saed32_rvt|saed32_rvt_std:RDFFARX1_RVT.timing' is set in the current block 'zigbee_F_cts', because the actual library setting may not be overwritten. (ATTR-12)
Information: The design specific attribute override for lib_cell 'saed32_rvt|saed32_rvt_std:RDFFARX2_RVT.timing' is set in the current block 'zigbee_F_cts', because the actual library setting may not be overwritten. (ATTR-12)
Information: The design specific attribute override for lib_cell 'saed32_rvt|saed32_rvt_std:RDFFNARX1_RVT.timing' is set in the current block 'zigbee_F_cts', because the actual library setting may not be overwritten. (ATTR-12)
Information: The design specific attribute override for lib_cell 'saed32_rvt|saed32_rvt_std:RDFFNARX2_RVT.timing' is set in the current block 'zigbee_F_cts', because the actual library setting may not be overwritten. (ATTR-12)
Information: The design specific attribute override for lib_cell 'saed32_rvt|saed32_rvt_std:RDFFNSRARX1_RVT.timing' is set in the current block 'zigbee_F_cts', because the actual library setting may not be overwritten. (ATTR-12)
Information: The design specific attribute override for lib_cell 'saed32_rvt|saed32_rvt_std:RDFFNSRARX2_RVT.timing' is set in the current block 'zigbee_F_cts', because the actual library setting may not be overwritten. (ATTR-12)
Information: The design specific attribute override for lib_cell 'saed32_rvt|saed32_rvt_std:RDFFNSRASRNX1_RVT.timing' is set in the current block 'zigbee_F_cts', because the actual library setting may not be overwritten. (ATTR-12)
Information: The design specific attribute override for lib_cell 'saed32_rvt|saed32_rvt_std:RDFFNSRASRNX2_RVT.timing' is set in the current block 'zigbee_F_cts', because the actual library setting may not be overwritten. (ATTR-12)
Information: The design specific attribute override for lib_cell 'saed32_rvt|saed32_rvt_std:RDFFNSRASRQX1_RVT.timing' is set in the current block 'zigbee_F_cts', because the actual library setting may not be overwritten. (ATTR-12)
Information: The design specific attribute override for lib_cell 'saed32_rvt|saed32_rvt_std:RDFFNSRASRQX2_RVT.timing' is set in the current block 'zigbee_F_cts', because the actual library setting may not be overwritten. (ATTR-12)
Information: The design specific attribute override for lib_cell 'saed32_rvt|saed32_rvt_std:RDFFNSRASRX1_RVT.timing' is set in the current block 'zigbee_F_cts', because the actual library setting may not be overwritten. (ATTR-12)
Information: The design specific attribute override for lib_cell 'saed32_rvt|saed32_rvt_std:RDFFNSRASRX2_RVT.timing' is set in the current block 'zigbee_F_cts', because the actual library setting may not be overwritten. (ATTR-12)
Information: The design specific attribute override for lib_cell 'saed32_rvt|saed32_rvt_std:RDFFNSRASX1_RVT.timing' is set in the current block 'zigbee_F_cts', because the actual library setting may not be overwritten. (ATTR-12)
Information: The design specific attribute override for lib_cell 'saed32_rvt|saed32_rvt_std:RDFFNSRASX2_RVT.timing' is set in the current block 'zigbee_F_cts', because the actual library setting may not be overwritten. (ATTR-12)
Information: The design specific attribute override for lib_cell 'saed32_rvt|saed32_rvt_std:RDFFNSRX1_RVT.timing' is set in the current block 'zigbee_F_cts', because the actual library setting may not be overwritten. (ATTR-12)
Information: The design specific attribute override for lib_cell 'saed32_rvt|saed32_rvt_std:RDFFNSRX2_RVT.timing' is set in the current block 'zigbee_F_cts', because the actual library setting may not be overwritten. (ATTR-12)
Information: The design specific attribute override for lib_cell 'saed32_rvt|saed32_rvt_std:RDFFNX1_RVT.timing' is set in the current block 'zigbee_F_cts', because the actual library setting may not be overwritten. (ATTR-12)
Information: The design specific attribute override for lib_cell 'saed32_rvt|saed32_rvt_std:RDFFNX2_RVT.timing' is set in the current block 'zigbee_F_cts', because the actual library setting may not be overwritten. (ATTR-12)
Information: The design specific attribute override for lib_cell 'saed32_rvt|saed32_rvt_std:RDFFSRARX1_RVT.timing' is set in the current block 'zigbee_F_cts', because the actual library setting may not be overwritten. (ATTR-12)
Information: The design specific attribute override for lib_cell 'saed32_rvt|saed32_rvt_std:RDFFSRARX2_RVT.timing' is set in the current block 'zigbee_F_cts', because the actual library setting may not be overwritten. (ATTR-12)
Information: The design specific attribute override for lib_cell 'saed32_rvt|saed32_rvt_std:RDFFSRASRX1_RVT.timing' is set in the current block 'zigbee_F_cts', because the actual library setting may not be overwritten. (ATTR-12)
Information: The design specific attribute override for lib_cell 'saed32_rvt|saed32_rvt_std:RDFFSRASRX2_RVT.timing' is set in the current block 'zigbee_F_cts', because the actual library setting may not be overwritten. (ATTR-12)
Information: The design specific attribute override for lib_cell 'saed32_rvt|saed32_rvt_std:RDFFSRASX1_RVT.timing' is set in the current block 'zigbee_F_cts', because the actual library setting may not be overwritten. (ATTR-12)
Information: The design specific attribute override for lib_cell 'saed32_rvt|saed32_rvt_std:RDFFSRASX2_RVT.timing' is set in the current block 'zigbee_F_cts', because the actual library setting may not be overwritten. (ATTR-12)
Information: The design specific attribute override for lib_cell 'saed32_rvt|saed32_rvt_std:RDFFSRSSRX1_RVT.timing' is set in the current block 'zigbee_F_cts', because the actual library setting may not be overwritten. (ATTR-12)
Information: The design specific attribute override for lib_cell 'saed32_rvt|saed32_rvt_std:RDFFSRSSRX2_RVT.timing' is set in the current block 'zigbee_F_cts', because the actual library setting may not be overwritten. (ATTR-12)
Information: The design specific attribute override for lib_cell 'saed32_rvt|saed32_rvt_std:RDFFSRX1_RVT.timing' is set in the current block 'zigbee_F_cts', because the actual library setting may not be overwritten. (ATTR-12)
Information: The design specific attribute override for lib_cell 'saed32_rvt|saed32_rvt_std:RDFFSRX2_RVT.timing' is set in the current block 'zigbee_F_cts', because the actual library setting may not be overwritten. (ATTR-12)
Information: The design specific attribute override for lib_cell 'saed32_rvt|saed32_rvt_std:RDFFX1_RVT.timing' is set in the current block 'zigbee_F_cts', because the actual library setting may not be overwritten. (ATTR-12)
Information: The design specific attribute override for lib_cell 'saed32_rvt|saed32_rvt_std:RDFFX2_RVT.timing' is set in the current block 'zigbee_F_cts', because the actual library setting may not be overwritten. (ATTR-12)
Information: The design specific attribute override for lib_cell 'saed32_rvt|saed32_rvt_std:RSDFFARX1_RVT.timing' is set in the current block 'zigbee_F_cts', because the actual library setting may not be overwritten. (ATTR-12)
Information: The design specific attribute override for lib_cell 'saed32_rvt|saed32_rvt_std:RSDFFARX2_RVT.timing' is set in the current block 'zigbee_F_cts', because the actual library setting may not be overwritten. (ATTR-12)
Information: The design specific attribute override for lib_cell 'saed32_rvt|saed32_rvt_std:RSDFFNARX1_RVT.timing' is set in the current block 'zigbee_F_cts', because the actual library setting may not be overwritten. (ATTR-12)
Information: The design specific attribute override for lib_cell 'saed32_rvt|saed32_rvt_std:RSDFFNARX2_RVT.timing' is set in the current block 'zigbee_F_cts', because the actual library setting may not be overwritten. (ATTR-12)
Information: The design specific attribute override for lib_cell 'saed32_rvt|saed32_rvt_std:RSDFFNSRARX1_RVT.timing' is set in the current block 'zigbee_F_cts', because the actual library setting may not be overwritten. (ATTR-12)
Information: The design specific attribute override for lib_cell 'saed32_rvt|saed32_rvt_std:RSDFFNSRARX2_RVT.timing' is set in the current block 'zigbee_F_cts', because the actual library setting may not be overwritten. (ATTR-12)
Information: The design specific attribute override for lib_cell 'saed32_rvt|saed32_rvt_std:RSDFFNSRASRNX1_RVT.timing' is set in the current block 'zigbee_F_cts', because the actual library setting may not be overwritten. (ATTR-12)
Information: The design specific attribute override for lib_cell 'saed32_rvt|saed32_rvt_std:RSDFFNSRASRNX2_RVT.timing' is set in the current block 'zigbee_F_cts', because the actual library setting may not be overwritten. (ATTR-12)
Information: The design specific attribute override for lib_cell 'saed32_rvt|saed32_rvt_std:RSDFFNSRASRQX1_RVT.timing' is set in the current block 'zigbee_F_cts', because the actual library setting may not be overwritten. (ATTR-12)
Information: The design specific attribute override for lib_cell 'saed32_rvt|saed32_rvt_std:RSDFFNSRASRQX2_RVT.timing' is set in the current block 'zigbee_F_cts', because the actual library setting may not be overwritten. (ATTR-12)
Information: The design specific attribute override for lib_cell 'saed32_rvt|saed32_rvt_std:RSDFFNSRASRX1_RVT.timing' is set in the current block 'zigbee_F_cts', because the actual library setting may not be overwritten. (ATTR-12)
Information: The design specific attribute override for lib_cell 'saed32_rvt|saed32_rvt_std:RSDFFNSRASRX2_RVT.timing' is set in the current block 'zigbee_F_cts', because the actual library setting may not be overwritten. (ATTR-12)
Information: The design specific attribute override for lib_cell 'saed32_rvt|saed32_rvt_std:RSDFFNSRASX1_RVT.timing' is set in the current block 'zigbee_F_cts', because the actual library setting may not be overwritten. (ATTR-12)
Information: The design specific attribute override for lib_cell 'saed32_rvt|saed32_rvt_std:RSDFFNSRASX2_RVT.timing' is set in the current block 'zigbee_F_cts', because the actual library setting may not be overwritten. (ATTR-12)
Information: The design specific attribute override for lib_cell 'saed32_rvt|saed32_rvt_std:RSDFFNSRX1_RVT.timing' is set in the current block 'zigbee_F_cts', because the actual library setting may not be overwritten. (ATTR-12)
Information: The design specific attribute override for lib_cell 'saed32_rvt|saed32_rvt_std:RSDFFNSRX2_RVT.timing' is set in the current block 'zigbee_F_cts', because the actual library setting may not be overwritten. (ATTR-12)
Information: The design specific attribute override for lib_cell 'saed32_rvt|saed32_rvt_std:RSDFFNX1_RVT.timing' is set in the current block 'zigbee_F_cts', because the actual library setting may not be overwritten. (ATTR-12)
Information: The design specific attribute override for lib_cell 'saed32_rvt|saed32_rvt_std:RSDFFNX2_RVT.timing' is set in the current block 'zigbee_F_cts', because the actual library setting may not be overwritten. (ATTR-12)
Information: The design specific attribute override for lib_cell 'saed32_rvt|saed32_rvt_std:RSDFFSRARX1_RVT.timing' is set in the current block 'zigbee_F_cts', because the actual library setting may not be overwritten. (ATTR-12)
Information: The design specific attribute override for lib_cell 'saed32_rvt|saed32_rvt_std:RSDFFSRARX2_RVT.timing' is set in the current block 'zigbee_F_cts', because the actual library setting may not be overwritten. (ATTR-12)
Information: The design specific attribute override for lib_cell 'saed32_rvt|saed32_rvt_std:RSDFFSRASRX1_RVT.timing' is set in the current block 'zigbee_F_cts', because the actual library setting may not be overwritten. (ATTR-12)
Information: The design specific attribute override for lib_cell 'saed32_rvt|saed32_rvt_std:RSDFFSRASRX2_RVT.timing' is set in the current block 'zigbee_F_cts', because the actual library setting may not be overwritten. (ATTR-12)
Information: The design specific attribute override for lib_cell 'saed32_rvt|saed32_rvt_std:RSDFFSRASX1_RVT.timing' is set in the current block 'zigbee_F_cts', because the actual library setting may not be overwritten. (ATTR-12)
Information: The design specific attribute override for lib_cell 'saed32_rvt|saed32_rvt_std:RSDFFSRASX2_RVT.timing' is set in the current block 'zigbee_F_cts', because the actual library setting may not be overwritten. (ATTR-12)
Information: The design specific attribute override for lib_cell 'saed32_rvt|saed32_rvt_std:RSDFFSRSSRX1_RVT.timing' is set in the current block 'zigbee_F_cts', because the actual library setting may not be overwritten. (ATTR-12)
Information: The design specific attribute override for lib_cell 'saed32_rvt|saed32_rvt_std:RSDFFSRSSRX2_RVT.timing' is set in the current block 'zigbee_F_cts', because the actual library setting may not be overwritten. (ATTR-12)
Information: The design specific attribute override for lib_cell 'saed32_rvt|saed32_rvt_std:RSDFFSRX1_RVT.timing' is set in the current block 'zigbee_F_cts', because the actual library setting may not be overwritten. (ATTR-12)
Information: The design specific attribute override for lib_cell 'saed32_rvt|saed32_rvt_std:RSDFFSRX2_RVT.timing' is set in the current block 'zigbee_F_cts', because the actual library setting may not be overwritten. (ATTR-12)
Information: The design specific attribute override for lib_cell 'saed32_rvt|saed32_rvt_std:RSDFFX1_RVT.timing' is set in the current block 'zigbee_F_cts', because the actual library setting may not be overwritten. (ATTR-12)
Information: The design specific attribute override for lib_cell 'saed32_rvt|saed32_rvt_std:RSDFFX2_RVT.timing' is set in the current block 'zigbee_F_cts', because the actual library setting may not be overwritten. (ATTR-12)
Information: The design specific attribute override for lib_cell 'saed32_rvt|saed32_rvt_std:SDFFARX1_RVT.timing' is set in the current block 'zigbee_F_cts', because the actual library setting may not be overwritten. (ATTR-12)
Information: The design specific attribute override for lib_cell 'saed32_rvt|saed32_rvt_std:SDFFARX2_RVT.timing' is set in the current block 'zigbee_F_cts', because the actual library setting may not be overwritten. (ATTR-12)
Information: The design specific attribute override for lib_cell 'saed32_rvt|saed32_rvt_std:SDFFASRSX1_RVT.timing' is set in the current block 'zigbee_F_cts', because the actual library setting may not be overwritten. (ATTR-12)
Information: The design specific attribute override for lib_cell 'saed32_rvt|saed32_rvt_std:SDFFASRSX2_RVT.timing' is set in the current block 'zigbee_F_cts', because the actual library setting may not be overwritten. (ATTR-12)
Information: The design specific attribute override for lib_cell 'saed32_rvt|saed32_rvt_std:SDFFASRX1_RVT.timing' is set in the current block 'zigbee_F_cts', because the actual library setting may not be overwritten. (ATTR-12)
Information: The design specific attribute override for lib_cell 'saed32_rvt|saed32_rvt_std:SDFFASRX2_RVT.timing' is set in the current block 'zigbee_F_cts', because the actual library setting may not be overwritten. (ATTR-12)
Information: The design specific attribute override for lib_cell 'saed32_rvt|saed32_rvt_std:SDFFASX1_RVT.timing' is set in the current block 'zigbee_F_cts', because the actual library setting may not be overwritten. (ATTR-12)
Information: The design specific attribute override for lib_cell 'saed32_rvt|saed32_rvt_std:SDFFASX2_RVT.timing' is set in the current block 'zigbee_F_cts', because the actual library setting may not be overwritten. (ATTR-12)
Information: The design specific attribute override for lib_cell 'saed32_rvt|saed32_rvt_std:SDFFNARX1_RVT.timing' is set in the current block 'zigbee_F_cts', because the actual library setting may not be overwritten. (ATTR-12)
Information: The design specific attribute override for lib_cell 'saed32_rvt|saed32_rvt_std:SDFFNARX2_RVT.timing' is set in the current block 'zigbee_F_cts', because the actual library setting may not be overwritten. (ATTR-12)
Information: The design specific attribute override for lib_cell 'saed32_rvt|saed32_rvt_std:SDFFNASRX1_RVT.timing' is set in the current block 'zigbee_F_cts', because the actual library setting may not be overwritten. (ATTR-12)
Information: The design specific attribute override for lib_cell 'saed32_rvt|saed32_rvt_std:SDFFNASRX2_RVT.timing' is set in the current block 'zigbee_F_cts', because the actual library setting may not be overwritten. (ATTR-12)
Information: The design specific attribute override for lib_cell 'saed32_rvt|saed32_rvt_std:SDFFNASX1_RVT.timing' is set in the current block 'zigbee_F_cts', because the actual library setting may not be overwritten. (ATTR-12)
Information: The design specific attribute override for lib_cell 'saed32_rvt|saed32_rvt_std:SDFFNASX2_RVT.timing' is set in the current block 'zigbee_F_cts', because the actual library setting may not be overwritten. (ATTR-12)
Information: The design specific attribute override for lib_cell 'saed32_rvt|saed32_rvt_std:SDFFNX1_RVT.timing' is set in the current block 'zigbee_F_cts', because the actual library setting may not be overwritten. (ATTR-12)
Information: The design specific attribute override for lib_cell 'saed32_rvt|saed32_rvt_std:SDFFNX2_RVT.timing' is set in the current block 'zigbee_F_cts', because the actual library setting may not be overwritten. (ATTR-12)
Information: The design specific attribute override for lib_cell 'saed32_rvt|saed32_rvt_std:SDFFSSRX1_RVT.timing' is set in the current block 'zigbee_F_cts', because the actual library setting may not be overwritten. (ATTR-12)
Information: The design specific attribute override for lib_cell 'saed32_rvt|saed32_rvt_std:SDFFSSRX2_RVT.timing' is set in the current block 'zigbee_F_cts', because the actual library setting may not be overwritten. (ATTR-12)
Information: The design specific attribute override for lib_cell 'saed32_rvt|saed32_rvt_std:SDFFX1_RVT.timing' is set in the current block 'zigbee_F_cts', because the actual library setting may not be overwritten. (ATTR-12)
Information: The design specific attribute override for lib_cell 'saed32_rvt|saed32_rvt_std:SDFFX2_RVT.timing' is set in the current block 'zigbee_F_cts', because the actual library setting may not be overwritten. (ATTR-12)
Information: The design specific attribute override for lib_cell 'saed32_rvt|saed32_rvt_std:SHFILL128_RVT.timing' is set in the current block 'zigbee_F_cts', because the actual library setting may not be overwritten. (ATTR-12)
Information: The design specific attribute override for lib_cell 'saed32_rvt|saed32_rvt_std:SHFILL1_RVT.timing' is set in the current block 'zigbee_F_cts', because the actual library setting may not be overwritten. (ATTR-12)
Information: The design specific attribute override for lib_cell 'saed32_rvt|saed32_rvt_std:SHFILL2_RVT.timing' is set in the current block 'zigbee_F_cts', because the actual library setting may not be overwritten. (ATTR-12)
Information: The design specific attribute override for lib_cell 'saed32_rvt|saed32_rvt_std:SHFILL3_RVT.timing' is set in the current block 'zigbee_F_cts', because the actual library setting may not be overwritten. (ATTR-12)
Information: The design specific attribute override for lib_cell 'saed32_rvt|saed32_rvt_std:SHFILL64_RVT.timing' is set in the current block 'zigbee_F_cts', because the actual library setting may not be overwritten. (ATTR-12)
Information: The design specific attribute override for lib_cell 'saed32_rvt|saed32_rvt_std:TIEH_RVT.timing' is set in the current block 'zigbee_F_cts', because the actual library setting may not be overwritten. (ATTR-12)
Information: The design specific attribute override for lib_cell 'saed32_rvt|saed32_rvt_std:TIEL_RVT.timing' is set in the current block 'zigbee_F_cts', because the actual library setting may not be overwritten. (ATTR-12)
Information: The design specific attribute override for lib_cell 'saed32_rvt|saed32_rvt_std:TNBUFFX16_RVT.timing' is set in the current block 'zigbee_F_cts', because the actual library setting may not be overwritten. (ATTR-12)
Information: The design specific attribute override for lib_cell 'saed32_rvt|saed32_rvt_std:TNBUFFX1_RVT.timing' is set in the current block 'zigbee_F_cts', because the actual library setting may not be overwritten. (ATTR-12)
Information: The design specific attribute override for lib_cell 'saed32_rvt|saed32_rvt_std:TNBUFFX2_RVT.timing' is set in the current block 'zigbee_F_cts', because the actual library setting may not be overwritten. (ATTR-12)
Information: The design specific attribute override for lib_cell 'saed32_rvt|saed32_rvt_std:TNBUFFX32_RVT.timing' is set in the current block 'zigbee_F_cts', because the actual library setting may not be overwritten. (ATTR-12)
Information: The design specific attribute override for lib_cell 'saed32_rvt|saed32_rvt_std:TNBUFFX4_RVT.timing' is set in the current block 'zigbee_F_cts', because the actual library setting may not be overwritten. (ATTR-12)
Information: The design specific attribute override for lib_cell 'saed32_rvt|saed32_rvt_std:TNBUFFX8_RVT.timing' is set in the current block 'zigbee_F_cts', because the actual library setting may not be overwritten. (ATTR-12)
Information: The design specific attribute override for lib_cell 'saed32_rvt|saed32_rvt_std:XNOR2X1_RVT.timing' is set in the current block 'zigbee_F_cts', because the actual library setting may not be overwritten. (ATTR-12)
Information: The design specific attribute override for lib_cell 'saed32_rvt|saed32_rvt_std:XNOR2X2_RVT.timing' is set in the current block 'zigbee_F_cts', because the actual library setting may not be overwritten. (ATTR-12)
Information: The design specific attribute override for lib_cell 'saed32_rvt|saed32_rvt_std:XNOR3X1_RVT.timing' is set in the current block 'zigbee_F_cts', because the actual library setting may not be overwritten. (ATTR-12)
Information: The design specific attribute override for lib_cell 'saed32_rvt|saed32_rvt_std:XNOR3X2_RVT.timing' is set in the current block 'zigbee_F_cts', because the actual library setting may not be overwritten. (ATTR-12)
Information: The design specific attribute override for lib_cell 'saed32_rvt|saed32_rvt_std:XOR2X1_RVT.timing' is set in the current block 'zigbee_F_cts', because the actual library setting may not be overwritten. (ATTR-12)
Information: The design specific attribute override for lib_cell 'saed32_rvt|saed32_rvt_std:XOR2X2_RVT.timing' is set in the current block 'zigbee_F_cts', because the actual library setting may not be overwritten. (ATTR-12)
Information: The design specific attribute override for lib_cell 'saed32_rvt|saed32_rvt_std:XOR3X1_RVT.timing' is set in the current block 'zigbee_F_cts', because the actual library setting may not be overwritten. (ATTR-12)
Information: The design specific attribute override for lib_cell 'saed32_rvt|saed32_rvt_std:XOR3X2_RVT.timing' is set in the current block 'zigbee_F_cts', because the actual library setting may not be overwritten. (ATTR-12)
Information: The design specific attribute override for lib_cell 'saed32_rvt|saed32_rvt_pg:FOOT2X16_RVT.timing' is set in the current block 'zigbee_F_cts', because the actual library setting may not be overwritten. (ATTR-12)
Information: The design specific attribute override for lib_cell 'saed32_rvt|saed32_rvt_pg:FOOT2X2_RVT.timing' is set in the current block 'zigbee_F_cts', because the actual library setting may not be overwritten. (ATTR-12)
Information: The design specific attribute override for lib_cell 'saed32_rvt|saed32_rvt_pg:FOOT2X32_RVT.timing' is set in the current block 'zigbee_F_cts', because the actual library setting may not be overwritten. (ATTR-12)
Information: The design specific attribute override for lib_cell 'saed32_rvt|saed32_rvt_pg:FOOT2X4_RVT.timing' is set in the current block 'zigbee_F_cts', because the actual library setting may not be overwritten. (ATTR-12)
Information: The design specific attribute override for lib_cell 'saed32_rvt|saed32_rvt_pg:FOOT2X8_RVT.timing' is set in the current block 'zigbee_F_cts', because the actual library setting may not be overwritten. (ATTR-12)
Information: The design specific attribute override for lib_cell 'saed32_rvt|saed32_rvt_pg:FOOTX16_RVT.timing' is set in the current block 'zigbee_F_cts', because the actual library setting may not be overwritten. (ATTR-12)
Information: The design specific attribute override for lib_cell 'saed32_rvt|saed32_rvt_pg:FOOTX2_RVT.timing' is set in the current block 'zigbee_F_cts', because the actual library setting may not be overwritten. (ATTR-12)
Information: The design specific attribute override for lib_cell 'saed32_rvt|saed32_rvt_pg:FOOTX32_RVT.timing' is set in the current block 'zigbee_F_cts', because the actual library setting may not be overwritten. (ATTR-12)
Information: The design specific attribute override for lib_cell 'saed32_rvt|saed32_rvt_pg:FOOTX4_RVT.timing' is set in the current block 'zigbee_F_cts', because the actual library setting may not be overwritten. (ATTR-12)
Information: The design specific attribute override for lib_cell 'saed32_rvt|saed32_rvt_pg:FOOTX8_RVT.timing' is set in the current block 'zigbee_F_cts', because the actual library setting may not be overwritten. (ATTR-12)
Information: The design specific attribute override for lib_cell 'saed32_rvt|saed32_rvt_pg:HEAD2X16_RVT.timing' is set in the current block 'zigbee_F_cts', because the actual library setting may not be overwritten. (ATTR-12)
Information: The design specific attribute override for lib_cell 'saed32_rvt|saed32_rvt_pg:HEAD2X2_RVT.timing' is set in the current block 'zigbee_F_cts', because the actual library setting may not be overwritten. (ATTR-12)
Information: The design specific attribute override for lib_cell 'saed32_rvt|saed32_rvt_pg:HEAD2X32_RVT.timing' is set in the current block 'zigbee_F_cts', because the actual library setting may not be overwritten. (ATTR-12)
Information: The design specific attribute override for lib_cell 'saed32_rvt|saed32_rvt_pg:HEAD2X4_RVT.timing' is set in the current block 'zigbee_F_cts', because the actual library setting may not be overwritten. (ATTR-12)
Information: The design specific attribute override for lib_cell 'saed32_rvt|saed32_rvt_pg:HEAD2X8_RVT.timing' is set in the current block 'zigbee_F_cts', because the actual library setting may not be overwritten. (ATTR-12)
Information: The design specific attribute override for lib_cell 'saed32_rvt|saed32_rvt_pg:HEADX16_RVT.timing' is set in the current block 'zigbee_F_cts', because the actual library setting may not be overwritten. (ATTR-12)
Information: The design specific attribute override for lib_cell 'saed32_rvt|saed32_rvt_pg:HEADX2_RVT.timing' is set in the current block 'zigbee_F_cts', because the actual library setting may not be overwritten. (ATTR-12)
Information: The design specific attribute override for lib_cell 'saed32_rvt|saed32_rvt_pg:HEADX32_RVT.timing' is set in the current block 'zigbee_F_cts', because the actual library setting may not be overwritten. (ATTR-12)
Information: The design specific attribute override for lib_cell 'saed32_rvt|saed32_rvt_pg:HEADX4_RVT.timing' is set in the current block 'zigbee_F_cts', because the actual library setting may not be overwritten. (ATTR-12)
Information: The design specific attribute override for lib_cell 'saed32_rvt|saed32_rvt_pg:HEADX8_RVT.timing' is set in the current block 'zigbee_F_cts', because the actual library setting may not be overwritten. (ATTR-12)
Information: The design specific attribute override for lib_cell 'saed32_rvt|saed32_rvt_lsdn:LSDNENCLSSX1_RVT.timing' is set in the current block 'zigbee_F_cts', because the actual library setting may not be overwritten. (ATTR-12)
Information: The design specific attribute override for lib_cell 'saed32_rvt|saed32_rvt_lsdn:LSDNENCLSSX2_RVT.timing' is set in the current block 'zigbee_F_cts', because the actual library setting may not be overwritten. (ATTR-12)
Information: The design specific attribute override for lib_cell 'saed32_rvt|saed32_rvt_lsdn:LSDNENCLSSX4_RVT.timing' is set in the current block 'zigbee_F_cts', because the actual library setting may not be overwritten. (ATTR-12)
Information: The design specific attribute override for lib_cell 'saed32_rvt|saed32_rvt_lsdn:LSDNENCLSSX8_RVT.timing' is set in the current block 'zigbee_F_cts', because the actual library setting may not be overwritten. (ATTR-12)
Information: The design specific attribute override for lib_cell 'saed32_rvt|saed32_rvt_lsdn:LSDNENCLX1_RVT.timing' is set in the current block 'zigbee_F_cts', because the actual library setting may not be overwritten. (ATTR-12)
Information: The design specific attribute override for lib_cell 'saed32_rvt|saed32_rvt_lsdn:LSDNENCLX2_RVT.timing' is set in the current block 'zigbee_F_cts', because the actual library setting may not be overwritten. (ATTR-12)
Information: The design specific attribute override for lib_cell 'saed32_rvt|saed32_rvt_lsdn:LSDNENCLX4_RVT.timing' is set in the current block 'zigbee_F_cts', because the actual library setting may not be overwritten. (ATTR-12)
Information: The design specific attribute override for lib_cell 'saed32_rvt|saed32_rvt_lsdn:LSDNENCLX8_RVT.timing' is set in the current block 'zigbee_F_cts', because the actual library setting may not be overwritten. (ATTR-12)
Information: The design specific attribute override for lib_cell 'saed32_rvt|saed32_rvt_lsdn:LSDNENSSX1_RVT.timing' is set in the current block 'zigbee_F_cts', because the actual library setting may not be overwritten. (ATTR-12)
Information: The design specific attribute override for lib_cell 'saed32_rvt|saed32_rvt_lsdn:LSDNENSSX2_RVT.timing' is set in the current block 'zigbee_F_cts', because the actual library setting may not be overwritten. (ATTR-12)
Information: The design specific attribute override for lib_cell 'saed32_rvt|saed32_rvt_lsdn:LSDNENSSX4_RVT.timing' is set in the current block 'zigbee_F_cts', because the actual library setting may not be overwritten. (ATTR-12)
Information: The design specific attribute override for lib_cell 'saed32_rvt|saed32_rvt_lsdn:LSDNENSSX8_RVT.timing' is set in the current block 'zigbee_F_cts', because the actual library setting may not be overwritten. (ATTR-12)
Information: The design specific attribute override for lib_cell 'saed32_rvt|saed32_rvt_lsdn:LSDNENX1_RVT.timing' is set in the current block 'zigbee_F_cts', because the actual library setting may not be overwritten. (ATTR-12)
Information: The design specific attribute override for lib_cell 'saed32_rvt|saed32_rvt_lsdn:LSDNENX2_RVT.timing' is set in the current block 'zigbee_F_cts', because the actual library setting may not be overwritten. (ATTR-12)
Information: The design specific attribute override for lib_cell 'saed32_rvt|saed32_rvt_lsdn:LSDNENX4_RVT.timing' is set in the current block 'zigbee_F_cts', because the actual library setting may not be overwritten. (ATTR-12)
Information: The design specific attribute override for lib_cell 'saed32_rvt|saed32_rvt_lsdn:LSDNENX8_RVT.timing' is set in the current block 'zigbee_F_cts', because the actual library setting may not be overwritten. (ATTR-12)
Information: The design specific attribute override for lib_cell 'saed32_rvt|saed32_rvt_lsdn:LSDNSSX1_RVT.timing' is set in the current block 'zigbee_F_cts', because the actual library setting may not be overwritten. (ATTR-12)
Information: The design specific attribute override for lib_cell 'saed32_rvt|saed32_rvt_lsdn:LSDNSSX2_RVT.timing' is set in the current block 'zigbee_F_cts', because the actual library setting may not be overwritten. (ATTR-12)
Information: The design specific attribute override for lib_cell 'saed32_rvt|saed32_rvt_lsdn:LSDNSSX4_RVT.timing' is set in the current block 'zigbee_F_cts', because the actual library setting may not be overwritten. (ATTR-12)
Information: The design specific attribute override for lib_cell 'saed32_rvt|saed32_rvt_lsdn:LSDNSSX8_RVT.timing' is set in the current block 'zigbee_F_cts', because the actual library setting may not be overwritten. (ATTR-12)
Information: The design specific attribute override for lib_cell 'saed32_rvt|saed32_rvt_lsdn:LSDNX1_RVT.timing' is set in the current block 'zigbee_F_cts', because the actual library setting may not be overwritten. (ATTR-12)
Information: The design specific attribute override for lib_cell 'saed32_rvt|saed32_rvt_lsdn:LSDNX2_RVT.timing' is set in the current block 'zigbee_F_cts', because the actual library setting may not be overwritten. (ATTR-12)
Information: The design specific attribute override for lib_cell 'saed32_rvt|saed32_rvt_lsdn:LSDNX4_RVT.timing' is set in the current block 'zigbee_F_cts', because the actual library setting may not be overwritten. (ATTR-12)
Information: The design specific attribute override for lib_cell 'saed32_rvt|saed32_rvt_lsdn:LSDNX8_RVT.timing' is set in the current block 'zigbee_F_cts', because the actual library setting may not be overwritten. (ATTR-12)
Information: The design specific attribute override for lib_cell 'saed32_rvt|saed32_rvt_lsup:LSUPENCLX1_RVT.timing' is set in the current block 'zigbee_F_cts', because the actual library setting may not be overwritten. (ATTR-12)
Information: The design specific attribute override for lib_cell 'saed32_rvt|saed32_rvt_lsup:LSUPENCLX2_RVT.timing' is set in the current block 'zigbee_F_cts', because the actual library setting may not be overwritten. (ATTR-12)
Information: The design specific attribute override for lib_cell 'saed32_rvt|saed32_rvt_lsup:LSUPENCLX4_RVT.timing' is set in the current block 'zigbee_F_cts', because the actual library setting may not be overwritten. (ATTR-12)
Information: The design specific attribute override for lib_cell 'saed32_rvt|saed32_rvt_lsup:LSUPENCLX8_RVT.timing' is set in the current block 'zigbee_F_cts', because the actual library setting may not be overwritten. (ATTR-12)
Information: The design specific attribute override for lib_cell 'saed32_rvt|saed32_rvt_lsup:LSUPENX1_RVT.timing' is set in the current block 'zigbee_F_cts', because the actual library setting may not be overwritten. (ATTR-12)
Information: The design specific attribute override for lib_cell 'saed32_rvt|saed32_rvt_lsup:LSUPENX2_RVT.timing' is set in the current block 'zigbee_F_cts', because the actual library setting may not be overwritten. (ATTR-12)
Information: The design specific attribute override for lib_cell 'saed32_rvt|saed32_rvt_lsup:LSUPENX4_RVT.timing' is set in the current block 'zigbee_F_cts', because the actual library setting may not be overwritten. (ATTR-12)
Information: The design specific attribute override for lib_cell 'saed32_rvt|saed32_rvt_lsup:LSUPENX8_RVT.timing' is set in the current block 'zigbee_F_cts', because the actual library setting may not be overwritten. (ATTR-12)
Information: The design specific attribute override for lib_cell 'saed32_rvt|saed32_rvt_lsup:LSUPX1_RVT.timing' is set in the current block 'zigbee_F_cts', because the actual library setting may not be overwritten. (ATTR-12)
Information: The design specific attribute override for lib_cell 'saed32_rvt|saed32_rvt_lsup:LSUPX2_RVT.timing' is set in the current block 'zigbee_F_cts', because the actual library setting may not be overwritten. (ATTR-12)
Information: The design specific attribute override for lib_cell 'saed32_rvt|saed32_rvt_lsup:LSUPX4_RVT.timing' is set in the current block 'zigbee_F_cts', because the actual library setting may not be overwritten. (ATTR-12)
Information: The design specific attribute override for lib_cell 'saed32_rvt|saed32_rvt_lsup:LSUPX8_RVT.timing' is set in the current block 'zigbee_F_cts', because the actual library setting may not be overwritten. (ATTR-12)
Information: The design specific attribute override for lib_cell 'saed32_sram_lp:SRAMLP1RW64x32.timing' is set in the current block 'zigbee_F_cts', because the actual library setting may not be overwritten. (ATTR-12)
Information: The design specific attribute override for lib_cell 'saed32_sram_lp:SRAMLP1RW64x8.timing' is set in the current block 'zigbee_F_cts', because the actual library setting may not be overwritten. (ATTR-12)
Information: The design specific attribute override for lib_cell 'saed32_sram_lp:SRAMLP2RW128x16.timing' is set in the current block 'zigbee_F_cts', because the actual library setting may not be overwritten. (ATTR-12)
Information: The design specific attribute override for lib_cell 'saed32_sram_lp:SRAMLP2RW32x4.timing' is set in the current block 'zigbee_F_cts', because the actual library setting may not be overwritten. (ATTR-12)
Information: The design specific attribute override for lib_cell 'saed32_sram_lp:SRAMLP2RW64x32.timing' is set in the current block 'zigbee_F_cts', because the actual library setting may not be overwritten. (ATTR-12)
Information: The design specific attribute override for lib_cell 'saed32_sram_lp:SRAMLP2RW64x8.timing' is set in the current block 'zigbee_F_cts', because the actual library setting may not be overwritten. (ATTR-12)
1
set_lib_cell_purpose -exclude hold  [get_lib_cells */*]
Information: The design specific attribute override for lib_cell 'bumps:BUMP.frame' is set in the current block 'zigbee_F_cts', because the actual library setting may not be overwritten. (ATTR-12)
Information: The design specific attribute override for lib_cell 'saed32_hvt|saed32_hvt_std:AND2X1_HVT.timing' is set in the current block 'zigbee_F_cts', because the actual library setting may not be overwritten. (ATTR-12)
Information: The design specific attribute override for lib_cell 'saed32_hvt|saed32_hvt_std:AND2X2_HVT.timing' is set in the current block 'zigbee_F_cts', because the actual library setting may not be overwritten. (ATTR-12)
Information: The design specific attribute override for lib_cell 'saed32_hvt|saed32_hvt_std:AND2X4_HVT.timing' is set in the current block 'zigbee_F_cts', because the actual library setting may not be overwritten. (ATTR-12)
Information: The design specific attribute override for lib_cell 'saed32_hvt|saed32_hvt_std:AND3X1_HVT.timing' is set in the current block 'zigbee_F_cts', because the actual library setting may not be overwritten. (ATTR-12)
Information: The design specific attribute override for lib_cell 'saed32_hvt|saed32_hvt_std:AND3X2_HVT.timing' is set in the current block 'zigbee_F_cts', because the actual library setting may not be overwritten. (ATTR-12)
Information: The design specific attribute override for lib_cell 'saed32_hvt|saed32_hvt_std:AND3X4_HVT.timing' is set in the current block 'zigbee_F_cts', because the actual library setting may not be overwritten. (ATTR-12)
Information: The design specific attribute override for lib_cell 'saed32_hvt|saed32_hvt_std:AND4X1_HVT.timing' is set in the current block 'zigbee_F_cts', because the actual library setting may not be overwritten. (ATTR-12)
Information: The design specific attribute override for lib_cell 'saed32_hvt|saed32_hvt_std:AND4X2_HVT.timing' is set in the current block 'zigbee_F_cts', because the actual library setting may not be overwritten. (ATTR-12)
Information: The design specific attribute override for lib_cell 'saed32_hvt|saed32_hvt_std:AND4X4_HVT.timing' is set in the current block 'zigbee_F_cts', because the actual library setting may not be overwritten. (ATTR-12)
Information: The design specific attribute override for lib_cell 'saed32_hvt|saed32_hvt_std:ANTENNA_HVT.timing' is set in the current block 'zigbee_F_cts', because the actual library setting may not be overwritten. (ATTR-12)
Information: The design specific attribute override for lib_cell 'saed32_hvt|saed32_hvt_std:AO21X1_HVT.timing' is set in the current block 'zigbee_F_cts', because the actual library setting may not be overwritten. (ATTR-12)
Information: The design specific attribute override for lib_cell 'saed32_hvt|saed32_hvt_std:AO21X2_HVT.timing' is set in the current block 'zigbee_F_cts', because the actual library setting may not be overwritten. (ATTR-12)
Information: The design specific attribute override for lib_cell 'saed32_hvt|saed32_hvt_std:AO221X1_HVT.timing' is set in the current block 'zigbee_F_cts', because the actual library setting may not be overwritten. (ATTR-12)
Information: The design specific attribute override for lib_cell 'saed32_hvt|saed32_hvt_std:AO221X2_HVT.timing' is set in the current block 'zigbee_F_cts', because the actual library setting may not be overwritten. (ATTR-12)
Information: The design specific attribute override for lib_cell 'saed32_hvt|saed32_hvt_std:AO222X1_HVT.timing' is set in the current block 'zigbee_F_cts', because the actual library setting may not be overwritten. (ATTR-12)
Information: The design specific attribute override for lib_cell 'saed32_hvt|saed32_hvt_std:AO222X2_HVT.timing' is set in the current block 'zigbee_F_cts', because the actual library setting may not be overwritten. (ATTR-12)
Information: The design specific attribute override for lib_cell 'saed32_hvt|saed32_hvt_std:AO22X1_HVT.timing' is set in the current block 'zigbee_F_cts', because the actual library setting may not be overwritten. (ATTR-12)
Information: The design specific attribute override for lib_cell 'saed32_hvt|saed32_hvt_std:AO22X2_HVT.timing' is set in the current block 'zigbee_F_cts', because the actual library setting may not be overwritten. (ATTR-12)
Information: The design specific attribute override for lib_cell 'saed32_hvt|saed32_hvt_std:AOBUFX1_HVT.timing' is set in the current block 'zigbee_F_cts', because the actual library setting may not be overwritten. (ATTR-12)
Information: The design specific attribute override for lib_cell 'saed32_hvt|saed32_hvt_std:AOBUFX2_HVT.timing' is set in the current block 'zigbee_F_cts', because the actual library setting may not be overwritten. (ATTR-12)
Information: The design specific attribute override for lib_cell 'saed32_hvt|saed32_hvt_std:AOBUFX4_HVT.timing' is set in the current block 'zigbee_F_cts', because the actual library setting may not be overwritten. (ATTR-12)
Information: The design specific attribute override for lib_cell 'saed32_hvt|saed32_hvt_std:AODFFARX1_HVT.timing' is set in the current block 'zigbee_F_cts', because the actual library setting may not be overwritten. (ATTR-12)
Information: The design specific attribute override for lib_cell 'saed32_hvt|saed32_hvt_std:AODFFARX2_HVT.timing' is set in the current block 'zigbee_F_cts', because the actual library setting may not be overwritten. (ATTR-12)
Information: The design specific attribute override for lib_cell 'saed32_hvt|saed32_hvt_std:AODFFNARX1_HVT.timing' is set in the current block 'zigbee_F_cts', because the actual library setting may not be overwritten. (ATTR-12)
Information: The design specific attribute override for lib_cell 'saed32_hvt|saed32_hvt_std:AODFFNARX2_HVT.timing' is set in the current block 'zigbee_F_cts', because the actual library setting may not be overwritten. (ATTR-12)
Information: The design specific attribute override for lib_cell 'saed32_hvt|saed32_hvt_std:AOI21X1_HVT.timing' is set in the current block 'zigbee_F_cts', because the actual library setting may not be overwritten. (ATTR-12)
Information: The design specific attribute override for lib_cell 'saed32_hvt|saed32_hvt_std:AOI21X2_HVT.timing' is set in the current block 'zigbee_F_cts', because the actual library setting may not be overwritten. (ATTR-12)
Information: The design specific attribute override for lib_cell 'saed32_hvt|saed32_hvt_std:AOI221X1_HVT.timing' is set in the current block 'zigbee_F_cts', because the actual library setting may not be overwritten. (ATTR-12)
Information: The design specific attribute override for lib_cell 'saed32_hvt|saed32_hvt_std:AOI221X2_HVT.timing' is set in the current block 'zigbee_F_cts', because the actual library setting may not be overwritten. (ATTR-12)
Information: The design specific attribute override for lib_cell 'saed32_hvt|saed32_hvt_std:AOI222X1_HVT.timing' is set in the current block 'zigbee_F_cts', because the actual library setting may not be overwritten. (ATTR-12)
Information: The design specific attribute override for lib_cell 'saed32_hvt|saed32_hvt_std:AOI222X2_HVT.timing' is set in the current block 'zigbee_F_cts', because the actual library setting may not be overwritten. (ATTR-12)
Information: The design specific attribute override for lib_cell 'saed32_hvt|saed32_hvt_std:AOI22X1_HVT.timing' is set in the current block 'zigbee_F_cts', because the actual library setting may not be overwritten. (ATTR-12)
Information: The design specific attribute override for lib_cell 'saed32_hvt|saed32_hvt_std:AOI22X2_HVT.timing' is set in the current block 'zigbee_F_cts', because the actual library setting may not be overwritten. (ATTR-12)
Information: The design specific attribute override for lib_cell 'saed32_hvt|saed32_hvt_std:AOINVX1_HVT.timing' is set in the current block 'zigbee_F_cts', because the actual library setting may not be overwritten. (ATTR-12)
Information: The design specific attribute override for lib_cell 'saed32_hvt|saed32_hvt_std:AOINVX2_HVT.timing' is set in the current block 'zigbee_F_cts', because the actual library setting may not be overwritten. (ATTR-12)
Information: The design specific attribute override for lib_cell 'saed32_hvt|saed32_hvt_std:AOINVX4_HVT.timing' is set in the current block 'zigbee_F_cts', because the actual library setting may not be overwritten. (ATTR-12)
Information: The design specific attribute override for lib_cell 'saed32_hvt|saed32_hvt_std:BSLEX1_HVT.timing' is set in the current block 'zigbee_F_cts', because the actual library setting may not be overwritten. (ATTR-12)
Information: The design specific attribute override for lib_cell 'saed32_hvt|saed32_hvt_std:BSLEX2_HVT.timing' is set in the current block 'zigbee_F_cts', because the actual library setting may not be overwritten. (ATTR-12)
Information: The design specific attribute override for lib_cell 'saed32_hvt|saed32_hvt_std:BSLEX4_HVT.timing' is set in the current block 'zigbee_F_cts', because the actual library setting may not be overwritten. (ATTR-12)
Information: The design specific attribute override for lib_cell 'saed32_hvt|saed32_hvt_std:BUSKP_HVT.timing' is set in the current block 'zigbee_F_cts', because the actual library setting may not be overwritten. (ATTR-12)
Information: The design specific attribute override for lib_cell 'saed32_hvt|saed32_hvt_std:CGLNPRX2_HVT.timing' is set in the current block 'zigbee_F_cts', because the actual library setting may not be overwritten. (ATTR-12)
Information: The design specific attribute override for lib_cell 'saed32_hvt|saed32_hvt_std:CGLNPRX8_HVT.timing' is set in the current block 'zigbee_F_cts', because the actual library setting may not be overwritten. (ATTR-12)
Information: The design specific attribute override for lib_cell 'saed32_hvt|saed32_hvt_std:CGLNPSX16_HVT.timing' is set in the current block 'zigbee_F_cts', because the actual library setting may not be overwritten. (ATTR-12)
Information: The design specific attribute override for lib_cell 'saed32_hvt|saed32_hvt_std:CGLNPSX2_HVT.timing' is set in the current block 'zigbee_F_cts', because the actual library setting may not be overwritten. (ATTR-12)
Information: The design specific attribute override for lib_cell 'saed32_hvt|saed32_hvt_std:CGLNPSX4_HVT.timing' is set in the current block 'zigbee_F_cts', because the actual library setting may not be overwritten. (ATTR-12)
Information: The design specific attribute override for lib_cell 'saed32_hvt|saed32_hvt_std:CGLNPSX8_HVT.timing' is set in the current block 'zigbee_F_cts', because the actual library setting may not be overwritten. (ATTR-12)
Information: The design specific attribute override for lib_cell 'saed32_hvt|saed32_hvt_std:CGLPPRX2_HVT.timing' is set in the current block 'zigbee_F_cts', because the actual library setting may not be overwritten. (ATTR-12)
Information: The design specific attribute override for lib_cell 'saed32_hvt|saed32_hvt_std:CGLPPRX8_HVT.timing' is set in the current block 'zigbee_F_cts', because the actual library setting may not be overwritten. (ATTR-12)
Information: The design specific attribute override for lib_cell 'saed32_hvt|saed32_hvt_std:CGLPPSX16_HVT.timing' is set in the current block 'zigbee_F_cts', because the actual library setting may not be overwritten. (ATTR-12)
Information: The design specific attribute override for lib_cell 'saed32_hvt|saed32_hvt_std:CGLPPSX2_HVT.timing' is set in the current block 'zigbee_F_cts', because the actual library setting may not be overwritten. (ATTR-12)
Information: The design specific attribute override for lib_cell 'saed32_hvt|saed32_hvt_std:CGLPPSX4_HVT.timing' is set in the current block 'zigbee_F_cts', because the actual library setting may not be overwritten. (ATTR-12)
Information: The design specific attribute override for lib_cell 'saed32_hvt|saed32_hvt_std:CGLPPSX8_HVT.timing' is set in the current block 'zigbee_F_cts', because the actual library setting may not be overwritten. (ATTR-12)
Information: The design specific attribute override for lib_cell 'saed32_hvt|saed32_hvt_std:CLOAD1_HVT.timing' is set in the current block 'zigbee_F_cts', because the actual library setting may not be overwritten. (ATTR-12)
Information: The design specific attribute override for lib_cell 'saed32_hvt|saed32_hvt_std:DCAP_HVT.timing' is set in the current block 'zigbee_F_cts', because the actual library setting may not be overwritten. (ATTR-12)
Information: The design specific attribute override for lib_cell 'saed32_hvt|saed32_hvt_std:DEC24X1_HVT.timing' is set in the current block 'zigbee_F_cts', because the actual library setting may not be overwritten. (ATTR-12)
Information: The design specific attribute override for lib_cell 'saed32_hvt|saed32_hvt_std:DEC24X2_HVT.timing' is set in the current block 'zigbee_F_cts', because the actual library setting may not be overwritten. (ATTR-12)
Information: The design specific attribute override for lib_cell 'saed32_hvt|saed32_hvt_std:DELLN1X2_HVT.timing' is set in the current block 'zigbee_F_cts', because the actual library setting may not be overwritten. (ATTR-12)
Information: The design specific attribute override for lib_cell 'saed32_hvt|saed32_hvt_std:DELLN2X2_HVT.timing' is set in the current block 'zigbee_F_cts', because the actual library setting may not be overwritten. (ATTR-12)
Information: The design specific attribute override for lib_cell 'saed32_hvt|saed32_hvt_std:DELLN3X2_HVT.timing' is set in the current block 'zigbee_F_cts', because the actual library setting may not be overwritten. (ATTR-12)
Information: The design specific attribute override for lib_cell 'saed32_hvt|saed32_hvt_std:DFFARX1_HVT.timing' is set in the current block 'zigbee_F_cts', because the actual library setting may not be overwritten. (ATTR-12)
Information: The design specific attribute override for lib_cell 'saed32_hvt|saed32_hvt_std:DFFARX2_HVT.timing' is set in the current block 'zigbee_F_cts', because the actual library setting may not be overwritten. (ATTR-12)
Information: The design specific attribute override for lib_cell 'saed32_hvt|saed32_hvt_std:DFFASRX1_HVT.timing' is set in the current block 'zigbee_F_cts', because the actual library setting may not be overwritten. (ATTR-12)
Information: The design specific attribute override for lib_cell 'saed32_hvt|saed32_hvt_std:DFFASRX2_HVT.timing' is set in the current block 'zigbee_F_cts', because the actual library setting may not be overwritten. (ATTR-12)
Information: The design specific attribute override for lib_cell 'saed32_hvt|saed32_hvt_std:DFFASX1_HVT.timing' is set in the current block 'zigbee_F_cts', because the actual library setting may not be overwritten. (ATTR-12)
Information: The design specific attribute override for lib_cell 'saed32_hvt|saed32_hvt_std:DFFASX2_HVT.timing' is set in the current block 'zigbee_F_cts', because the actual library setting may not be overwritten. (ATTR-12)
Information: The design specific attribute override for lib_cell 'saed32_hvt|saed32_hvt_std:DFFNARX1_HVT.timing' is set in the current block 'zigbee_F_cts', because the actual library setting may not be overwritten. (ATTR-12)
Information: The design specific attribute override for lib_cell 'saed32_hvt|saed32_hvt_std:DFFNARX2_HVT.timing' is set in the current block 'zigbee_F_cts', because the actual library setting may not be overwritten. (ATTR-12)
Information: The design specific attribute override for lib_cell 'saed32_hvt|saed32_hvt_std:DFFNASRNX1_HVT.timing' is set in the current block 'zigbee_F_cts', because the actual library setting may not be overwritten. (ATTR-12)
Information: The design specific attribute override for lib_cell 'saed32_hvt|saed32_hvt_std:DFFNASRNX2_HVT.timing' is set in the current block 'zigbee_F_cts', because the actual library setting may not be overwritten. (ATTR-12)
Information: The design specific attribute override for lib_cell 'saed32_hvt|saed32_hvt_std:DFFNASRQX1_HVT.timing' is set in the current block 'zigbee_F_cts', because the actual library setting may not be overwritten. (ATTR-12)
Information: The design specific attribute override for lib_cell 'saed32_hvt|saed32_hvt_std:DFFNASRQX2_HVT.timing' is set in the current block 'zigbee_F_cts', because the actual library setting may not be overwritten. (ATTR-12)
Information: The design specific attribute override for lib_cell 'saed32_hvt|saed32_hvt_std:DFFNASRX1_HVT.timing' is set in the current block 'zigbee_F_cts', because the actual library setting may not be overwritten. (ATTR-12)
Information: The design specific attribute override for lib_cell 'saed32_hvt|saed32_hvt_std:DFFNASRX2_HVT.timing' is set in the current block 'zigbee_F_cts', because the actual library setting may not be overwritten. (ATTR-12)
Information: The design specific attribute override for lib_cell 'saed32_hvt|saed32_hvt_std:DFFNASX1_HVT.timing' is set in the current block 'zigbee_F_cts', because the actual library setting may not be overwritten. (ATTR-12)
Information: The design specific attribute override for lib_cell 'saed32_hvt|saed32_hvt_std:DFFNASX2_HVT.timing' is set in the current block 'zigbee_F_cts', because the actual library setting may not be overwritten. (ATTR-12)
Information: The design specific attribute override for lib_cell 'saed32_hvt|saed32_hvt_std:DFFNX1_HVT.timing' is set in the current block 'zigbee_F_cts', because the actual library setting may not be overwritten. (ATTR-12)
Information: The design specific attribute override for lib_cell 'saed32_hvt|saed32_hvt_std:DFFNX2_HVT.timing' is set in the current block 'zigbee_F_cts', because the actual library setting may not be overwritten. (ATTR-12)
Information: The design specific attribute override for lib_cell 'saed32_hvt|saed32_hvt_std:DFFSSRX1_HVT.timing' is set in the current block 'zigbee_F_cts', because the actual library setting may not be overwritten. (ATTR-12)
Information: The design specific attribute override for lib_cell 'saed32_hvt|saed32_hvt_std:DFFSSRX2_HVT.timing' is set in the current block 'zigbee_F_cts', because the actual library setting may not be overwritten. (ATTR-12)
Information: The design specific attribute override for lib_cell 'saed32_hvt|saed32_hvt_std:DFFX1_HVT.timing' is set in the current block 'zigbee_F_cts', because the actual library setting may not be overwritten. (ATTR-12)
Information: The design specific attribute override for lib_cell 'saed32_hvt|saed32_hvt_std:DFFX2_HVT.timing' is set in the current block 'zigbee_F_cts', because the actual library setting may not be overwritten. (ATTR-12)
Information: The design specific attribute override for lib_cell 'saed32_hvt|saed32_hvt_std:DHFILLH2_HVT.timing' is set in the current block 'zigbee_F_cts', because the actual library setting may not be overwritten. (ATTR-12)
Information: The design specific attribute override for lib_cell 'saed32_hvt|saed32_hvt_std:DHFILLHL2_HVT.timing' is set in the current block 'zigbee_F_cts', because the actual library setting may not be overwritten. (ATTR-12)
Information: The design specific attribute override for lib_cell 'saed32_hvt|saed32_hvt_std:DHFILLHLHLS11_HVT.timing' is set in the current block 'zigbee_F_cts', because the actual library setting may not be overwritten. (ATTR-12)
Information: The design specific attribute override for lib_cell 'saed32_hvt|saed32_hvt_std:FADDX1_HVT.timing' is set in the current block 'zigbee_F_cts', because the actual library setting may not be overwritten. (ATTR-12)
Information: The design specific attribute override for lib_cell 'saed32_hvt|saed32_hvt_std:FADDX2_HVT.timing' is set in the current block 'zigbee_F_cts', because the actual library setting may not be overwritten. (ATTR-12)
Information: The design specific attribute override for lib_cell 'saed32_hvt|saed32_hvt_std:HADDX1_HVT.timing' is set in the current block 'zigbee_F_cts', because the actual library setting may not be overwritten. (ATTR-12)
Information: The design specific attribute override for lib_cell 'saed32_hvt|saed32_hvt_std:HADDX2_HVT.timing' is set in the current block 'zigbee_F_cts', because the actual library setting may not be overwritten. (ATTR-12)
Information: The design specific attribute override for lib_cell 'saed32_hvt|saed32_hvt_std:IBUFFX16_HVT.timing' is set in the current block 'zigbee_F_cts', because the actual library setting may not be overwritten. (ATTR-12)
Information: The design specific attribute override for lib_cell 'saed32_hvt|saed32_hvt_std:IBUFFX2_HVT.timing' is set in the current block 'zigbee_F_cts', because the actual library setting may not be overwritten. (ATTR-12)
Information: The design specific attribute override for lib_cell 'saed32_hvt|saed32_hvt_std:IBUFFX32_HVT.timing' is set in the current block 'zigbee_F_cts', because the actual library setting may not be overwritten. (ATTR-12)
Information: The design specific attribute override for lib_cell 'saed32_hvt|saed32_hvt_std:IBUFFX4_HVT.timing' is set in the current block 'zigbee_F_cts', because the actual library setting may not be overwritten. (ATTR-12)
Information: The design specific attribute override for lib_cell 'saed32_hvt|saed32_hvt_std:IBUFFX8_HVT.timing' is set in the current block 'zigbee_F_cts', because the actual library setting may not be overwritten. (ATTR-12)
Information: The design specific attribute override for lib_cell 'saed32_hvt|saed32_hvt_std:INVX0_HVT.timing' is set in the current block 'zigbee_F_cts', because the actual library setting may not be overwritten. (ATTR-12)
Information: The design specific attribute override for lib_cell 'saed32_hvt|saed32_hvt_std:INVX16_HVT.timing' is set in the current block 'zigbee_F_cts', because the actual library setting may not be overwritten. (ATTR-12)
Information: The design specific attribute override for lib_cell 'saed32_hvt|saed32_hvt_std:INVX1_HVT.timing' is set in the current block 'zigbee_F_cts', because the actual library setting may not be overwritten. (ATTR-12)
Information: The design specific attribute override for lib_cell 'saed32_hvt|saed32_hvt_std:INVX2_HVT.timing' is set in the current block 'zigbee_F_cts', because the actual library setting may not be overwritten. (ATTR-12)
Information: The design specific attribute override for lib_cell 'saed32_hvt|saed32_hvt_std:INVX32_HVT.timing' is set in the current block 'zigbee_F_cts', because the actual library setting may not be overwritten. (ATTR-12)
Information: The design specific attribute override for lib_cell 'saed32_hvt|saed32_hvt_std:INVX4_HVT.timing' is set in the current block 'zigbee_F_cts', because the actual library setting may not be overwritten. (ATTR-12)
Information: The design specific attribute override for lib_cell 'saed32_hvt|saed32_hvt_std:INVX8_HVT.timing' is set in the current block 'zigbee_F_cts', because the actual library setting may not be overwritten. (ATTR-12)
Information: The design specific attribute override for lib_cell 'saed32_hvt|saed32_hvt_std:ISOLANDAOX1_HVT.timing' is set in the current block 'zigbee_F_cts', because the actual library setting may not be overwritten. (ATTR-12)
Information: The design specific attribute override for lib_cell 'saed32_hvt|saed32_hvt_std:ISOLANDAOX2_HVT.timing' is set in the current block 'zigbee_F_cts', because the actual library setting may not be overwritten. (ATTR-12)
Information: The design specific attribute override for lib_cell 'saed32_hvt|saed32_hvt_std:ISOLANDAOX4_HVT.timing' is set in the current block 'zigbee_F_cts', because the actual library setting may not be overwritten. (ATTR-12)
Information: The design specific attribute override for lib_cell 'saed32_hvt|saed32_hvt_std:ISOLANDAOX8_HVT.timing' is set in the current block 'zigbee_F_cts', because the actual library setting may not be overwritten. (ATTR-12)
Information: The design specific attribute override for lib_cell 'saed32_hvt|saed32_hvt_std:ISOLANDX1_HVT.timing' is set in the current block 'zigbee_F_cts', because the actual library setting may not be overwritten. (ATTR-12)
Information: The design specific attribute override for lib_cell 'saed32_hvt|saed32_hvt_std:ISOLANDX2_HVT.timing' is set in the current block 'zigbee_F_cts', because the actual library setting may not be overwritten. (ATTR-12)
Information: The design specific attribute override for lib_cell 'saed32_hvt|saed32_hvt_std:ISOLANDX4_HVT.timing' is set in the current block 'zigbee_F_cts', because the actual library setting may not be overwritten. (ATTR-12)
Information: The design specific attribute override for lib_cell 'saed32_hvt|saed32_hvt_std:ISOLANDX8_HVT.timing' is set in the current block 'zigbee_F_cts', because the actual library setting may not be overwritten. (ATTR-12)
Information: The design specific attribute override for lib_cell 'saed32_hvt|saed32_hvt_std:ISOLORAOX1_HVT.timing' is set in the current block 'zigbee_F_cts', because the actual library setting may not be overwritten. (ATTR-12)
Information: The design specific attribute override for lib_cell 'saed32_hvt|saed32_hvt_std:ISOLORAOX2_HVT.timing' is set in the current block 'zigbee_F_cts', because the actual library setting may not be overwritten. (ATTR-12)
Information: The design specific attribute override for lib_cell 'saed32_hvt|saed32_hvt_std:ISOLORAOX4_HVT.timing' is set in the current block 'zigbee_F_cts', because the actual library setting may not be overwritten. (ATTR-12)
Information: The design specific attribute override for lib_cell 'saed32_hvt|saed32_hvt_std:ISOLORAOX8_HVT.timing' is set in the current block 'zigbee_F_cts', because the actual library setting may not be overwritten. (ATTR-12)
Information: The design specific attribute override for lib_cell 'saed32_hvt|saed32_hvt_std:ISOLORX1_HVT.timing' is set in the current block 'zigbee_F_cts', because the actual library setting may not be overwritten. (ATTR-12)
Information: The design specific attribute override for lib_cell 'saed32_hvt|saed32_hvt_std:ISOLORX2_HVT.timing' is set in the current block 'zigbee_F_cts', because the actual library setting may not be overwritten. (ATTR-12)
Information: The design specific attribute override for lib_cell 'saed32_hvt|saed32_hvt_std:ISOLORX4_HVT.timing' is set in the current block 'zigbee_F_cts', because the actual library setting may not be overwritten. (ATTR-12)
Information: The design specific attribute override for lib_cell 'saed32_hvt|saed32_hvt_std:ISOLORX8_HVT.timing' is set in the current block 'zigbee_F_cts', because the actual library setting may not be overwritten. (ATTR-12)
Information: The design specific attribute override for lib_cell 'saed32_hvt|saed32_hvt_std:LARX1_HVT.timing' is set in the current block 'zigbee_F_cts', because the actual library setting may not be overwritten. (ATTR-12)
Information: The design specific attribute override for lib_cell 'saed32_hvt|saed32_hvt_std:LARX2_HVT.timing' is set in the current block 'zigbee_F_cts', because the actual library setting may not be overwritten. (ATTR-12)
Information: The design specific attribute override for lib_cell 'saed32_hvt|saed32_hvt_std:LASRNX1_HVT.timing' is set in the current block 'zigbee_F_cts', because the actual library setting may not be overwritten. (ATTR-12)
Information: The design specific attribute override for lib_cell 'saed32_hvt|saed32_hvt_std:LASRNX2_HVT.timing' is set in the current block 'zigbee_F_cts', because the actual library setting may not be overwritten. (ATTR-12)
Information: The design specific attribute override for lib_cell 'saed32_hvt|saed32_hvt_std:LASRQX1_HVT.timing' is set in the current block 'zigbee_F_cts', because the actual library setting may not be overwritten. (ATTR-12)
Information: The design specific attribute override for lib_cell 'saed32_hvt|saed32_hvt_std:LASRQX2_HVT.timing' is set in the current block 'zigbee_F_cts', because the actual library setting may not be overwritten. (ATTR-12)
Information: The design specific attribute override for lib_cell 'saed32_hvt|saed32_hvt_std:LASRX1_HVT.timing' is set in the current block 'zigbee_F_cts', because the actual library setting may not be overwritten. (ATTR-12)
Information: The design specific attribute override for lib_cell 'saed32_hvt|saed32_hvt_std:LASRX2_HVT.timing' is set in the current block 'zigbee_F_cts', because the actual library setting may not be overwritten. (ATTR-12)
Information: The design specific attribute override for lib_cell 'saed32_hvt|saed32_hvt_std:LASX1_HVT.timing' is set in the current block 'zigbee_F_cts', because the actual library setting may not be overwritten. (ATTR-12)
Information: The design specific attribute override for lib_cell 'saed32_hvt|saed32_hvt_std:LASX2_HVT.timing' is set in the current block 'zigbee_F_cts', because the actual library setting may not be overwritten. (ATTR-12)
Information: The design specific attribute override for lib_cell 'saed32_hvt|saed32_hvt_std:LATCHX1_HVT.timing' is set in the current block 'zigbee_F_cts', because the actual library setting may not be overwritten. (ATTR-12)
Information: The design specific attribute override for lib_cell 'saed32_hvt|saed32_hvt_std:LATCHX2_HVT.timing' is set in the current block 'zigbee_F_cts', because the actual library setting may not be overwritten. (ATTR-12)
Information: The design specific attribute override for lib_cell 'saed32_hvt|saed32_hvt_std:LNANDX1_HVT.timing' is set in the current block 'zigbee_F_cts', because the actual library setting may not be overwritten. (ATTR-12)
Information: The design specific attribute override for lib_cell 'saed32_hvt|saed32_hvt_std:LNANDX2_HVT.timing' is set in the current block 'zigbee_F_cts', because the actual library setting may not be overwritten. (ATTR-12)
Information: The design specific attribute override for lib_cell 'saed32_hvt|saed32_hvt_std:MUX21X1_HVT.timing' is set in the current block 'zigbee_F_cts', because the actual library setting may not be overwritten. (ATTR-12)
Information: The design specific attribute override for lib_cell 'saed32_hvt|saed32_hvt_std:MUX21X2_HVT.timing' is set in the current block 'zigbee_F_cts', because the actual library setting may not be overwritten. (ATTR-12)
Information: The design specific attribute override for lib_cell 'saed32_hvt|saed32_hvt_std:MUX41X1_HVT.timing' is set in the current block 'zigbee_F_cts', because the actual library setting may not be overwritten. (ATTR-12)
Information: The design specific attribute override for lib_cell 'saed32_hvt|saed32_hvt_std:MUX41X2_HVT.timing' is set in the current block 'zigbee_F_cts', because the actual library setting may not be overwritten. (ATTR-12)
Information: The design specific attribute override for lib_cell 'saed32_hvt|saed32_hvt_std:NAND2X0_HVT.timing' is set in the current block 'zigbee_F_cts', because the actual library setting may not be overwritten. (ATTR-12)
Information: The design specific attribute override for lib_cell 'saed32_hvt|saed32_hvt_std:NAND2X1_HVT.timing' is set in the current block 'zigbee_F_cts', because the actual library setting may not be overwritten. (ATTR-12)
Information: The design specific attribute override for lib_cell 'saed32_hvt|saed32_hvt_std:NAND2X2_HVT.timing' is set in the current block 'zigbee_F_cts', because the actual library setting may not be overwritten. (ATTR-12)
Information: The design specific attribute override for lib_cell 'saed32_hvt|saed32_hvt_std:NAND2X4_HVT.timing' is set in the current block 'zigbee_F_cts', because the actual library setting may not be overwritten. (ATTR-12)
Information: The design specific attribute override for lib_cell 'saed32_hvt|saed32_hvt_std:NAND3X0_HVT.timing' is set in the current block 'zigbee_F_cts', because the actual library setting may not be overwritten. (ATTR-12)
Information: The design specific attribute override for lib_cell 'saed32_hvt|saed32_hvt_std:NAND3X1_HVT.timing' is set in the current block 'zigbee_F_cts', because the actual library setting may not be overwritten. (ATTR-12)
Information: The design specific attribute override for lib_cell 'saed32_hvt|saed32_hvt_std:NAND3X2_HVT.timing' is set in the current block 'zigbee_F_cts', because the actual library setting may not be overwritten. (ATTR-12)
Information: The design specific attribute override for lib_cell 'saed32_hvt|saed32_hvt_std:NAND3X4_HVT.timing' is set in the current block 'zigbee_F_cts', because the actual library setting may not be overwritten. (ATTR-12)
Information: The design specific attribute override for lib_cell 'saed32_hvt|saed32_hvt_std:NAND4X0_HVT.timing' is set in the current block 'zigbee_F_cts', because the actual library setting may not be overwritten. (ATTR-12)
Information: The design specific attribute override for lib_cell 'saed32_hvt|saed32_hvt_std:NAND4X1_HVT.timing' is set in the current block 'zigbee_F_cts', because the actual library setting may not be overwritten. (ATTR-12)
Information: The design specific attribute override for lib_cell 'saed32_hvt|saed32_hvt_std:NBUFFX16_HVT.timing' is set in the current block 'zigbee_F_cts', because the actual library setting may not be overwritten. (ATTR-12)
Information: The design specific attribute override for lib_cell 'saed32_hvt|saed32_hvt_std:NBUFFX2_HVT.timing' is set in the current block 'zigbee_F_cts', because the actual library setting may not be overwritten. (ATTR-12)
Information: The design specific attribute override for lib_cell 'saed32_hvt|saed32_hvt_std:NBUFFX32_HVT.timing' is set in the current block 'zigbee_F_cts', because the actual library setting may not be overwritten. (ATTR-12)
Information: The design specific attribute override for lib_cell 'saed32_hvt|saed32_hvt_std:NBUFFX4_HVT.timing' is set in the current block 'zigbee_F_cts', because the actual library setting may not be overwritten. (ATTR-12)
Information: The design specific attribute override for lib_cell 'saed32_hvt|saed32_hvt_std:NBUFFX8_HVT.timing' is set in the current block 'zigbee_F_cts', because the actual library setting may not be overwritten. (ATTR-12)
Information: The design specific attribute override for lib_cell 'saed32_hvt|saed32_hvt_std:NMT1_HVT.timing' is set in the current block 'zigbee_F_cts', because the actual library setting may not be overwritten. (ATTR-12)
Information: The design specific attribute override for lib_cell 'saed32_hvt|saed32_hvt_std:NMT2_HVT.timing' is set in the current block 'zigbee_F_cts', because the actual library setting may not be overwritten. (ATTR-12)
Information: The design specific attribute override for lib_cell 'saed32_hvt|saed32_hvt_std:NMT3_HVT.timing' is set in the current block 'zigbee_F_cts', because the actual library setting may not be overwritten. (ATTR-12)
Information: The design specific attribute override for lib_cell 'saed32_hvt|saed32_hvt_std:NOR2X0_HVT.timing' is set in the current block 'zigbee_F_cts', because the actual library setting may not be overwritten. (ATTR-12)
Information: The design specific attribute override for lib_cell 'saed32_hvt|saed32_hvt_std:NOR2X1_HVT.timing' is set in the current block 'zigbee_F_cts', because the actual library setting may not be overwritten. (ATTR-12)
Information: The design specific attribute override for lib_cell 'saed32_hvt|saed32_hvt_std:NOR2X2_HVT.timing' is set in the current block 'zigbee_F_cts', because the actual library setting may not be overwritten. (ATTR-12)
Information: The design specific attribute override for lib_cell 'saed32_hvt|saed32_hvt_std:NOR2X4_HVT.timing' is set in the current block 'zigbee_F_cts', because the actual library setting may not be overwritten. (ATTR-12)
Information: The design specific attribute override for lib_cell 'saed32_hvt|saed32_hvt_std:NOR3X0_HVT.timing' is set in the current block 'zigbee_F_cts', because the actual library setting may not be overwritten. (ATTR-12)
Information: The design specific attribute override for lib_cell 'saed32_hvt|saed32_hvt_std:NOR3X1_HVT.timing' is set in the current block 'zigbee_F_cts', because the actual library setting may not be overwritten. (ATTR-12)
Information: The design specific attribute override for lib_cell 'saed32_hvt|saed32_hvt_std:NOR3X2_HVT.timing' is set in the current block 'zigbee_F_cts', because the actual library setting may not be overwritten. (ATTR-12)
Information: The design specific attribute override for lib_cell 'saed32_hvt|saed32_hvt_std:NOR3X4_HVT.timing' is set in the current block 'zigbee_F_cts', because the actual library setting may not be overwritten. (ATTR-12)
Information: The design specific attribute override for lib_cell 'saed32_hvt|saed32_hvt_std:NOR4X0_HVT.timing' is set in the current block 'zigbee_F_cts', because the actual library setting may not be overwritten. (ATTR-12)
Information: The design specific attribute override for lib_cell 'saed32_hvt|saed32_hvt_std:NOR4X1_HVT.timing' is set in the current block 'zigbee_F_cts', because the actual library setting may not be overwritten. (ATTR-12)
Information: The design specific attribute override for lib_cell 'saed32_hvt|saed32_hvt_std:OA21X1_HVT.timing' is set in the current block 'zigbee_F_cts', because the actual library setting may not be overwritten. (ATTR-12)
Information: The design specific attribute override for lib_cell 'saed32_hvt|saed32_hvt_std:OA21X2_HVT.timing' is set in the current block 'zigbee_F_cts', because the actual library setting may not be overwritten. (ATTR-12)
Information: The design specific attribute override for lib_cell 'saed32_hvt|saed32_hvt_std:OA221X1_HVT.timing' is set in the current block 'zigbee_F_cts', because the actual library setting may not be overwritten. (ATTR-12)
Information: The design specific attribute override for lib_cell 'saed32_hvt|saed32_hvt_std:OA221X2_HVT.timing' is set in the current block 'zigbee_F_cts', because the actual library setting may not be overwritten. (ATTR-12)
Information: The design specific attribute override for lib_cell 'saed32_hvt|saed32_hvt_std:OA222X1_HVT.timing' is set in the current block 'zigbee_F_cts', because the actual library setting may not be overwritten. (ATTR-12)
Information: The design specific attribute override for lib_cell 'saed32_hvt|saed32_hvt_std:OA222X2_HVT.timing' is set in the current block 'zigbee_F_cts', because the actual library setting may not be overwritten. (ATTR-12)
Information: The design specific attribute override for lib_cell 'saed32_hvt|saed32_hvt_std:OA22X1_HVT.timing' is set in the current block 'zigbee_F_cts', because the actual library setting may not be overwritten. (ATTR-12)
Information: The design specific attribute override for lib_cell 'saed32_hvt|saed32_hvt_std:OA22X2_HVT.timing' is set in the current block 'zigbee_F_cts', because the actual library setting may not be overwritten. (ATTR-12)
Information: The design specific attribute override for lib_cell 'saed32_hvt|saed32_hvt_std:OAI21X1_HVT.timing' is set in the current block 'zigbee_F_cts', because the actual library setting may not be overwritten. (ATTR-12)
Information: The design specific attribute override for lib_cell 'saed32_hvt|saed32_hvt_std:OAI21X2_HVT.timing' is set in the current block 'zigbee_F_cts', because the actual library setting may not be overwritten. (ATTR-12)
Information: The design specific attribute override for lib_cell 'saed32_hvt|saed32_hvt_std:OAI221X1_HVT.timing' is set in the current block 'zigbee_F_cts', because the actual library setting may not be overwritten. (ATTR-12)
Information: The design specific attribute override for lib_cell 'saed32_hvt|saed32_hvt_std:OAI221X2_HVT.timing' is set in the current block 'zigbee_F_cts', because the actual library setting may not be overwritten. (ATTR-12)
Information: The design specific attribute override for lib_cell 'saed32_hvt|saed32_hvt_std:OAI222X1_HVT.timing' is set in the current block 'zigbee_F_cts', because the actual library setting may not be overwritten. (ATTR-12)
Information: The design specific attribute override for lib_cell 'saed32_hvt|saed32_hvt_std:OAI222X2_HVT.timing' is set in the current block 'zigbee_F_cts', because the actual library setting may not be overwritten. (ATTR-12)
Information: The design specific attribute override for lib_cell 'saed32_hvt|saed32_hvt_std:OAI22X1_HVT.timing' is set in the current block 'zigbee_F_cts', because the actual library setting may not be overwritten. (ATTR-12)
Information: The design specific attribute override for lib_cell 'saed32_hvt|saed32_hvt_std:OAI22X2_HVT.timing' is set in the current block 'zigbee_F_cts', because the actual library setting may not be overwritten. (ATTR-12)
Information: The design specific attribute override for lib_cell 'saed32_hvt|saed32_hvt_std:OR2X1_HVT.timing' is set in the current block 'zigbee_F_cts', because the actual library setting may not be overwritten. (ATTR-12)
Information: The design specific attribute override for lib_cell 'saed32_hvt|saed32_hvt_std:OR2X2_HVT.timing' is set in the current block 'zigbee_F_cts', because the actual library setting may not be overwritten. (ATTR-12)
Information: The design specific attribute override for lib_cell 'saed32_hvt|saed32_hvt_std:OR2X4_HVT.timing' is set in the current block 'zigbee_F_cts', because the actual library setting may not be overwritten. (ATTR-12)
Information: The design specific attribute override for lib_cell 'saed32_hvt|saed32_hvt_std:OR3X1_HVT.timing' is set in the current block 'zigbee_F_cts', because the actual library setting may not be overwritten. (ATTR-12)
Information: The design specific attribute override for lib_cell 'saed32_hvt|saed32_hvt_std:OR3X2_HVT.timing' is set in the current block 'zigbee_F_cts', because the actual library setting may not be overwritten. (ATTR-12)
Information: The design specific attribute override for lib_cell 'saed32_hvt|saed32_hvt_std:OR3X4_HVT.timing' is set in the current block 'zigbee_F_cts', because the actual library setting may not be overwritten. (ATTR-12)
Information: The design specific attribute override for lib_cell 'saed32_hvt|saed32_hvt_std:OR4X1_HVT.timing' is set in the current block 'zigbee_F_cts', because the actual library setting may not be overwritten. (ATTR-12)
Information: The design specific attribute override for lib_cell 'saed32_hvt|saed32_hvt_std:OR4X2_HVT.timing' is set in the current block 'zigbee_F_cts', because the actual library setting may not be overwritten. (ATTR-12)
Information: The design specific attribute override for lib_cell 'saed32_hvt|saed32_hvt_std:OR4X4_HVT.timing' is set in the current block 'zigbee_F_cts', because the actual library setting may not be overwritten. (ATTR-12)
Information: The design specific attribute override for lib_cell 'saed32_hvt|saed32_hvt_std:PGX1_HVT.timing' is set in the current block 'zigbee_F_cts', because the actual library setting may not be overwritten. (ATTR-12)
Information: The design specific attribute override for lib_cell 'saed32_hvt|saed32_hvt_std:PGX2_HVT.timing' is set in the current block 'zigbee_F_cts', because the actual library setting may not be overwritten. (ATTR-12)
Information: The design specific attribute override for lib_cell 'saed32_hvt|saed32_hvt_std:PGX4_HVT.timing' is set in the current block 'zigbee_F_cts', because the actual library setting may not be overwritten. (ATTR-12)
Information: The design specific attribute override for lib_cell 'saed32_hvt|saed32_hvt_std:PMT1_HVT.timing' is set in the current block 'zigbee_F_cts', because the actual library setting may not be overwritten. (ATTR-12)
Information: The design specific attribute override for lib_cell 'saed32_hvt|saed32_hvt_std:PMT2_HVT.timing' is set in the current block 'zigbee_F_cts', because the actual library setting may not be overwritten. (ATTR-12)
Information: The design specific attribute override for lib_cell 'saed32_hvt|saed32_hvt_std:PMT3_HVT.timing' is set in the current block 'zigbee_F_cts', because the actual library setting may not be overwritten. (ATTR-12)
Information: The design specific attribute override for lib_cell 'saed32_hvt|saed32_hvt_std:RDFFARX1_HVT.timing' is set in the current block 'zigbee_F_cts', because the actual library setting may not be overwritten. (ATTR-12)
Information: The design specific attribute override for lib_cell 'saed32_hvt|saed32_hvt_std:RDFFARX2_HVT.timing' is set in the current block 'zigbee_F_cts', because the actual library setting may not be overwritten. (ATTR-12)
Information: The design specific attribute override for lib_cell 'saed32_hvt|saed32_hvt_std:RDFFNARX1_HVT.timing' is set in the current block 'zigbee_F_cts', because the actual library setting may not be overwritten. (ATTR-12)
Information: The design specific attribute override for lib_cell 'saed32_hvt|saed32_hvt_std:RDFFNARX2_HVT.timing' is set in the current block 'zigbee_F_cts', because the actual library setting may not be overwritten. (ATTR-12)
Information: The design specific attribute override for lib_cell 'saed32_hvt|saed32_hvt_std:RDFFNSRARX1_HVT.timing' is set in the current block 'zigbee_F_cts', because the actual library setting may not be overwritten. (ATTR-12)
Information: The design specific attribute override for lib_cell 'saed32_hvt|saed32_hvt_std:RDFFNSRARX2_HVT.timing' is set in the current block 'zigbee_F_cts', because the actual library setting may not be overwritten. (ATTR-12)
Information: The design specific attribute override for lib_cell 'saed32_hvt|saed32_hvt_std:RDFFNSRASRNX1_HVT.timing' is set in the current block 'zigbee_F_cts', because the actual library setting may not be overwritten. (ATTR-12)
Information: The design specific attribute override for lib_cell 'saed32_hvt|saed32_hvt_std:RDFFNSRASRNX2_HVT.timing' is set in the current block 'zigbee_F_cts', because the actual library setting may not be overwritten. (ATTR-12)
Information: The design specific attribute override for lib_cell 'saed32_hvt|saed32_hvt_std:RDFFNSRASRQX1_HVT.timing' is set in the current block 'zigbee_F_cts', because the actual library setting may not be overwritten. (ATTR-12)
Information: The design specific attribute override for lib_cell 'saed32_hvt|saed32_hvt_std:RDFFNSRASRQX2_HVT.timing' is set in the current block 'zigbee_F_cts', because the actual library setting may not be overwritten. (ATTR-12)
Information: The design specific attribute override for lib_cell 'saed32_hvt|saed32_hvt_std:RDFFNSRASRX1_HVT.timing' is set in the current block 'zigbee_F_cts', because the actual library setting may not be overwritten. (ATTR-12)
Information: The design specific attribute override for lib_cell 'saed32_hvt|saed32_hvt_std:RDFFNSRASRX2_HVT.timing' is set in the current block 'zigbee_F_cts', because the actual library setting may not be overwritten. (ATTR-12)
Information: The design specific attribute override for lib_cell 'saed32_hvt|saed32_hvt_std:RDFFNSRASX1_HVT.timing' is set in the current block 'zigbee_F_cts', because the actual library setting may not be overwritten. (ATTR-12)
Information: The design specific attribute override for lib_cell 'saed32_hvt|saed32_hvt_std:RDFFNSRASX2_HVT.timing' is set in the current block 'zigbee_F_cts', because the actual library setting may not be overwritten. (ATTR-12)
Information: The design specific attribute override for lib_cell 'saed32_hvt|saed32_hvt_std:RDFFNSRX1_HVT.timing' is set in the current block 'zigbee_F_cts', because the actual library setting may not be overwritten. (ATTR-12)
Information: The design specific attribute override for lib_cell 'saed32_hvt|saed32_hvt_std:RDFFNSRX2_HVT.timing' is set in the current block 'zigbee_F_cts', because the actual library setting may not be overwritten. (ATTR-12)
Information: The design specific attribute override for lib_cell 'saed32_hvt|saed32_hvt_std:RDFFNX1_HVT.timing' is set in the current block 'zigbee_F_cts', because the actual library setting may not be overwritten. (ATTR-12)
Information: The design specific attribute override for lib_cell 'saed32_hvt|saed32_hvt_std:RDFFNX2_HVT.timing' is set in the current block 'zigbee_F_cts', because the actual library setting may not be overwritten. (ATTR-12)
Information: The design specific attribute override for lib_cell 'saed32_hvt|saed32_hvt_std:RDFFSRARX1_HVT.timing' is set in the current block 'zigbee_F_cts', because the actual library setting may not be overwritten. (ATTR-12)
Information: The design specific attribute override for lib_cell 'saed32_hvt|saed32_hvt_std:RDFFSRARX2_HVT.timing' is set in the current block 'zigbee_F_cts', because the actual library setting may not be overwritten. (ATTR-12)
Information: The design specific attribute override for lib_cell 'saed32_hvt|saed32_hvt_std:RDFFSRASRX1_HVT.timing' is set in the current block 'zigbee_F_cts', because the actual library setting may not be overwritten. (ATTR-12)
Information: The design specific attribute override for lib_cell 'saed32_hvt|saed32_hvt_std:RDFFSRASRX2_HVT.timing' is set in the current block 'zigbee_F_cts', because the actual library setting may not be overwritten. (ATTR-12)
Information: The design specific attribute override for lib_cell 'saed32_hvt|saed32_hvt_std:RDFFSRASX1_HVT.timing' is set in the current block 'zigbee_F_cts', because the actual library setting may not be overwritten. (ATTR-12)
Information: The design specific attribute override for lib_cell 'saed32_hvt|saed32_hvt_std:RDFFSRASX2_HVT.timing' is set in the current block 'zigbee_F_cts', because the actual library setting may not be overwritten. (ATTR-12)
Information: The design specific attribute override for lib_cell 'saed32_hvt|saed32_hvt_std:RDFFSRSSRX1_HVT.timing' is set in the current block 'zigbee_F_cts', because the actual library setting may not be overwritten. (ATTR-12)
Information: The design specific attribute override for lib_cell 'saed32_hvt|saed32_hvt_std:RDFFSRSSRX2_HVT.timing' is set in the current block 'zigbee_F_cts', because the actual library setting may not be overwritten. (ATTR-12)
Information: The design specific attribute override for lib_cell 'saed32_hvt|saed32_hvt_std:RDFFSRX1_HVT.timing' is set in the current block 'zigbee_F_cts', because the actual library setting may not be overwritten. (ATTR-12)
Information: The design specific attribute override for lib_cell 'saed32_hvt|saed32_hvt_std:RDFFSRX2_HVT.timing' is set in the current block 'zigbee_F_cts', because the actual library setting may not be overwritten. (ATTR-12)
Information: The design specific attribute override for lib_cell 'saed32_hvt|saed32_hvt_std:RDFFX1_HVT.timing' is set in the current block 'zigbee_F_cts', because the actual library setting may not be overwritten. (ATTR-12)
Information: The design specific attribute override for lib_cell 'saed32_hvt|saed32_hvt_std:RDFFX2_HVT.timing' is set in the current block 'zigbee_F_cts', because the actual library setting may not be overwritten. (ATTR-12)
Information: The design specific attribute override for lib_cell 'saed32_hvt|saed32_hvt_std:RSDFFARX1_HVT.timing' is set in the current block 'zigbee_F_cts', because the actual library setting may not be overwritten. (ATTR-12)
Information: The design specific attribute override for lib_cell 'saed32_hvt|saed32_hvt_std:RSDFFARX2_HVT.timing' is set in the current block 'zigbee_F_cts', because the actual library setting may not be overwritten. (ATTR-12)
Information: The design specific attribute override for lib_cell 'saed32_hvt|saed32_hvt_std:RSDFFNARX1_HVT.timing' is set in the current block 'zigbee_F_cts', because the actual library setting may not be overwritten. (ATTR-12)
Information: The design specific attribute override for lib_cell 'saed32_hvt|saed32_hvt_std:RSDFFNARX2_HVT.timing' is set in the current block 'zigbee_F_cts', because the actual library setting may not be overwritten. (ATTR-12)
Information: The design specific attribute override for lib_cell 'saed32_hvt|saed32_hvt_std:RSDFFNSRARX1_HVT.timing' is set in the current block 'zigbee_F_cts', because the actual library setting may not be overwritten. (ATTR-12)
Information: The design specific attribute override for lib_cell 'saed32_hvt|saed32_hvt_std:RSDFFNSRARX2_HVT.timing' is set in the current block 'zigbee_F_cts', because the actual library setting may not be overwritten. (ATTR-12)
Information: The design specific attribute override for lib_cell 'saed32_hvt|saed32_hvt_std:RSDFFNSRASRNX1_HVT.timing' is set in the current block 'zigbee_F_cts', because the actual library setting may not be overwritten. (ATTR-12)
Information: The design specific attribute override for lib_cell 'saed32_hvt|saed32_hvt_std:RSDFFNSRASRNX2_HVT.timing' is set in the current block 'zigbee_F_cts', because the actual library setting may not be overwritten. (ATTR-12)
Information: The design specific attribute override for lib_cell 'saed32_hvt|saed32_hvt_std:RSDFFNSRASRQX1_HVT.timing' is set in the current block 'zigbee_F_cts', because the actual library setting may not be overwritten. (ATTR-12)
Information: The design specific attribute override for lib_cell 'saed32_hvt|saed32_hvt_std:RSDFFNSRASRQX2_HVT.timing' is set in the current block 'zigbee_F_cts', because the actual library setting may not be overwritten. (ATTR-12)
Information: The design specific attribute override for lib_cell 'saed32_hvt|saed32_hvt_std:RSDFFNSRASRX1_HVT.timing' is set in the current block 'zigbee_F_cts', because the actual library setting may not be overwritten. (ATTR-12)
Information: The design specific attribute override for lib_cell 'saed32_hvt|saed32_hvt_std:RSDFFNSRASRX2_HVT.timing' is set in the current block 'zigbee_F_cts', because the actual library setting may not be overwritten. (ATTR-12)
Information: The design specific attribute override for lib_cell 'saed32_hvt|saed32_hvt_std:RSDFFNSRASX1_HVT.timing' is set in the current block 'zigbee_F_cts', because the actual library setting may not be overwritten. (ATTR-12)
Information: The design specific attribute override for lib_cell 'saed32_hvt|saed32_hvt_std:RSDFFNSRASX2_HVT.timing' is set in the current block 'zigbee_F_cts', because the actual library setting may not be overwritten. (ATTR-12)
Information: The design specific attribute override for lib_cell 'saed32_hvt|saed32_hvt_std:RSDFFNSRX1_HVT.timing' is set in the current block 'zigbee_F_cts', because the actual library setting may not be overwritten. (ATTR-12)
Information: The design specific attribute override for lib_cell 'saed32_hvt|saed32_hvt_std:RSDFFNSRX2_HVT.timing' is set in the current block 'zigbee_F_cts', because the actual library setting may not be overwritten. (ATTR-12)
Information: The design specific attribute override for lib_cell 'saed32_hvt|saed32_hvt_std:RSDFFNX1_HVT.timing' is set in the current block 'zigbee_F_cts', because the actual library setting may not be overwritten. (ATTR-12)
Information: The design specific attribute override for lib_cell 'saed32_hvt|saed32_hvt_std:RSDFFNX2_HVT.timing' is set in the current block 'zigbee_F_cts', because the actual library setting may not be overwritten. (ATTR-12)
Information: The design specific attribute override for lib_cell 'saed32_hvt|saed32_hvt_std:RSDFFSRARX1_HVT.timing' is set in the current block 'zigbee_F_cts', because the actual library setting may not be overwritten. (ATTR-12)
Information: The design specific attribute override for lib_cell 'saed32_hvt|saed32_hvt_std:RSDFFSRARX2_HVT.timing' is set in the current block 'zigbee_F_cts', because the actual library setting may not be overwritten. (ATTR-12)
Information: The design specific attribute override for lib_cell 'saed32_hvt|saed32_hvt_std:RSDFFSRASRX1_HVT.timing' is set in the current block 'zigbee_F_cts', because the actual library setting may not be overwritten. (ATTR-12)
Information: The design specific attribute override for lib_cell 'saed32_hvt|saed32_hvt_std:RSDFFSRASRX2_HVT.timing' is set in the current block 'zigbee_F_cts', because the actual library setting may not be overwritten. (ATTR-12)
Information: The design specific attribute override for lib_cell 'saed32_hvt|saed32_hvt_std:RSDFFSRASX1_HVT.timing' is set in the current block 'zigbee_F_cts', because the actual library setting may not be overwritten. (ATTR-12)
Information: The design specific attribute override for lib_cell 'saed32_hvt|saed32_hvt_std:RSDFFSRASX2_HVT.timing' is set in the current block 'zigbee_F_cts', because the actual library setting may not be overwritten. (ATTR-12)
Information: The design specific attribute override for lib_cell 'saed32_hvt|saed32_hvt_std:RSDFFSRSSRX1_HVT.timing' is set in the current block 'zigbee_F_cts', because the actual library setting may not be overwritten. (ATTR-12)
Information: The design specific attribute override for lib_cell 'saed32_hvt|saed32_hvt_std:RSDFFSRSSRX2_HVT.timing' is set in the current block 'zigbee_F_cts', because the actual library setting may not be overwritten. (ATTR-12)
Information: The design specific attribute override for lib_cell 'saed32_hvt|saed32_hvt_std:RSDFFSRX1_HVT.timing' is set in the current block 'zigbee_F_cts', because the actual library setting may not be overwritten. (ATTR-12)
Information: The design specific attribute override for lib_cell 'saed32_hvt|saed32_hvt_std:RSDFFSRX2_HVT.timing' is set in the current block 'zigbee_F_cts', because the actual library setting may not be overwritten. (ATTR-12)
Information: The design specific attribute override for lib_cell 'saed32_hvt|saed32_hvt_std:RSDFFX1_HVT.timing' is set in the current block 'zigbee_F_cts', because the actual library setting may not be overwritten. (ATTR-12)
Information: The design specific attribute override for lib_cell 'saed32_hvt|saed32_hvt_std:RSDFFX2_HVT.timing' is set in the current block 'zigbee_F_cts', because the actual library setting may not be overwritten. (ATTR-12)
Information: The design specific attribute override for lib_cell 'saed32_hvt|saed32_hvt_std:SDFFARX1_HVT.timing' is set in the current block 'zigbee_F_cts', because the actual library setting may not be overwritten. (ATTR-12)
Information: The design specific attribute override for lib_cell 'saed32_hvt|saed32_hvt_std:SDFFARX2_HVT.timing' is set in the current block 'zigbee_F_cts', because the actual library setting may not be overwritten. (ATTR-12)
Information: The design specific attribute override for lib_cell 'saed32_hvt|saed32_hvt_std:SDFFASRSX1_HVT.timing' is set in the current block 'zigbee_F_cts', because the actual library setting may not be overwritten. (ATTR-12)
Information: The design specific attribute override for lib_cell 'saed32_hvt|saed32_hvt_std:SDFFASRSX2_HVT.timing' is set in the current block 'zigbee_F_cts', because the actual library setting may not be overwritten. (ATTR-12)
Information: The design specific attribute override for lib_cell 'saed32_hvt|saed32_hvt_std:SDFFASRX1_HVT.timing' is set in the current block 'zigbee_F_cts', because the actual library setting may not be overwritten. (ATTR-12)
Information: The design specific attribute override for lib_cell 'saed32_hvt|saed32_hvt_std:SDFFASRX2_HVT.timing' is set in the current block 'zigbee_F_cts', because the actual library setting may not be overwritten. (ATTR-12)
Information: The design specific attribute override for lib_cell 'saed32_hvt|saed32_hvt_std:SDFFASX1_HVT.timing' is set in the current block 'zigbee_F_cts', because the actual library setting may not be overwritten. (ATTR-12)
Information: The design specific attribute override for lib_cell 'saed32_hvt|saed32_hvt_std:SDFFASX2_HVT.timing' is set in the current block 'zigbee_F_cts', because the actual library setting may not be overwritten. (ATTR-12)
Information: The design specific attribute override for lib_cell 'saed32_hvt|saed32_hvt_std:SDFFNARX1_HVT.timing' is set in the current block 'zigbee_F_cts', because the actual library setting may not be overwritten. (ATTR-12)
Information: The design specific attribute override for lib_cell 'saed32_hvt|saed32_hvt_std:SDFFNARX2_HVT.timing' is set in the current block 'zigbee_F_cts', because the actual library setting may not be overwritten. (ATTR-12)
Information: The design specific attribute override for lib_cell 'saed32_hvt|saed32_hvt_std:SDFFNASRX1_HVT.timing' is set in the current block 'zigbee_F_cts', because the actual library setting may not be overwritten. (ATTR-12)
Information: The design specific attribute override for lib_cell 'saed32_hvt|saed32_hvt_std:SDFFNASRX2_HVT.timing' is set in the current block 'zigbee_F_cts', because the actual library setting may not be overwritten. (ATTR-12)
Information: The design specific attribute override for lib_cell 'saed32_hvt|saed32_hvt_std:SDFFNASX1_HVT.timing' is set in the current block 'zigbee_F_cts', because the actual library setting may not be overwritten. (ATTR-12)
Information: The design specific attribute override for lib_cell 'saed32_hvt|saed32_hvt_std:SDFFNASX2_HVT.timing' is set in the current block 'zigbee_F_cts', because the actual library setting may not be overwritten. (ATTR-12)
Information: The design specific attribute override for lib_cell 'saed32_hvt|saed32_hvt_std:SDFFNX1_HVT.timing' is set in the current block 'zigbee_F_cts', because the actual library setting may not be overwritten. (ATTR-12)
Information: The design specific attribute override for lib_cell 'saed32_hvt|saed32_hvt_std:SDFFNX2_HVT.timing' is set in the current block 'zigbee_F_cts', because the actual library setting may not be overwritten. (ATTR-12)
Information: The design specific attribute override for lib_cell 'saed32_hvt|saed32_hvt_std:SDFFSSRX1_HVT.timing' is set in the current block 'zigbee_F_cts', because the actual library setting may not be overwritten. (ATTR-12)
Information: The design specific attribute override for lib_cell 'saed32_hvt|saed32_hvt_std:SDFFSSRX2_HVT.timing' is set in the current block 'zigbee_F_cts', because the actual library setting may not be overwritten. (ATTR-12)
Information: The design specific attribute override for lib_cell 'saed32_hvt|saed32_hvt_std:SDFFX1_HVT.timing' is set in the current block 'zigbee_F_cts', because the actual library setting may not be overwritten. (ATTR-12)
Information: The design specific attribute override for lib_cell 'saed32_hvt|saed32_hvt_std:SDFFX2_HVT.timing' is set in the current block 'zigbee_F_cts', because the actual library setting may not be overwritten. (ATTR-12)
Information: The design specific attribute override for lib_cell 'saed32_hvt|saed32_hvt_std:SHFILL128_HVT.timing' is set in the current block 'zigbee_F_cts', because the actual library setting may not be overwritten. (ATTR-12)
Information: The design specific attribute override for lib_cell 'saed32_hvt|saed32_hvt_std:SHFILL1_HVT.timing' is set in the current block 'zigbee_F_cts', because the actual library setting may not be overwritten. (ATTR-12)
Information: The design specific attribute override for lib_cell 'saed32_hvt|saed32_hvt_std:SHFILL2_HVT.timing' is set in the current block 'zigbee_F_cts', because the actual library setting may not be overwritten. (ATTR-12)
Information: The design specific attribute override for lib_cell 'saed32_hvt|saed32_hvt_std:SHFILL3_HVT.timing' is set in the current block 'zigbee_F_cts', because the actual library setting may not be overwritten. (ATTR-12)
Information: The design specific attribute override for lib_cell 'saed32_hvt|saed32_hvt_std:SHFILL64_HVT.timing' is set in the current block 'zigbee_F_cts', because the actual library setting may not be overwritten. (ATTR-12)
Information: The design specific attribute override for lib_cell 'saed32_hvt|saed32_hvt_std:TIEH_HVT.timing' is set in the current block 'zigbee_F_cts', because the actual library setting may not be overwritten. (ATTR-12)
Information: The design specific attribute override for lib_cell 'saed32_hvt|saed32_hvt_std:TIEL_HVT.timing' is set in the current block 'zigbee_F_cts', because the actual library setting may not be overwritten. (ATTR-12)
Information: The design specific attribute override for lib_cell 'saed32_hvt|saed32_hvt_std:TNBUFFX16_HVT.timing' is set in the current block 'zigbee_F_cts', because the actual library setting may not be overwritten. (ATTR-12)
Information: The design specific attribute override for lib_cell 'saed32_hvt|saed32_hvt_std:TNBUFFX1_HVT.timing' is set in the current block 'zigbee_F_cts', because the actual library setting may not be overwritten. (ATTR-12)
Information: The design specific attribute override for lib_cell 'saed32_hvt|saed32_hvt_std:TNBUFFX2_HVT.timing' is set in the current block 'zigbee_F_cts', because the actual library setting may not be overwritten. (ATTR-12)
Information: The design specific attribute override for lib_cell 'saed32_hvt|saed32_hvt_std:TNBUFFX32_HVT.timing' is set in the current block 'zigbee_F_cts', because the actual library setting may not be overwritten. (ATTR-12)
Information: The design specific attribute override for lib_cell 'saed32_hvt|saed32_hvt_std:TNBUFFX4_HVT.timing' is set in the current block 'zigbee_F_cts', because the actual library setting may not be overwritten. (ATTR-12)
Information: The design specific attribute override for lib_cell 'saed32_hvt|saed32_hvt_std:TNBUFFX8_HVT.timing' is set in the current block 'zigbee_F_cts', because the actual library setting may not be overwritten. (ATTR-12)
Information: The design specific attribute override for lib_cell 'saed32_hvt|saed32_hvt_std:XNOR2X1_HVT.timing' is set in the current block 'zigbee_F_cts', because the actual library setting may not be overwritten. (ATTR-12)
Information: The design specific attribute override for lib_cell 'saed32_hvt|saed32_hvt_std:XNOR2X2_HVT.timing' is set in the current block 'zigbee_F_cts', because the actual library setting may not be overwritten. (ATTR-12)
Information: The design specific attribute override for lib_cell 'saed32_hvt|saed32_hvt_std:XNOR3X1_HVT.timing' is set in the current block 'zigbee_F_cts', because the actual library setting may not be overwritten. (ATTR-12)
Information: The design specific attribute override for lib_cell 'saed32_hvt|saed32_hvt_std:XNOR3X2_HVT.timing' is set in the current block 'zigbee_F_cts', because the actual library setting may not be overwritten. (ATTR-12)
Information: The design specific attribute override for lib_cell 'saed32_hvt|saed32_hvt_std:XOR2X1_HVT.timing' is set in the current block 'zigbee_F_cts', because the actual library setting may not be overwritten. (ATTR-12)
Information: The design specific attribute override for lib_cell 'saed32_hvt|saed32_hvt_std:XOR2X2_HVT.timing' is set in the current block 'zigbee_F_cts', because the actual library setting may not be overwritten. (ATTR-12)
Information: The design specific attribute override for lib_cell 'saed32_hvt|saed32_hvt_std:XOR3X1_HVT.timing' is set in the current block 'zigbee_F_cts', because the actual library setting may not be overwritten. (ATTR-12)
Information: The design specific attribute override for lib_cell 'saed32_hvt|saed32_hvt_std:XOR3X2_HVT.timing' is set in the current block 'zigbee_F_cts', because the actual library setting may not be overwritten. (ATTR-12)
Information: The design specific attribute override for lib_cell 'saed32_hvt|saed32_hvt_pg:FOOT2X16_HVT.timing' is set in the current block 'zigbee_F_cts', because the actual library setting may not be overwritten. (ATTR-12)
Information: The design specific attribute override for lib_cell 'saed32_hvt|saed32_hvt_pg:FOOT2X2_HVT.timing' is set in the current block 'zigbee_F_cts', because the actual library setting may not be overwritten. (ATTR-12)
Information: The design specific attribute override for lib_cell 'saed32_hvt|saed32_hvt_pg:FOOT2X32_HVT.timing' is set in the current block 'zigbee_F_cts', because the actual library setting may not be overwritten. (ATTR-12)
Information: The design specific attribute override for lib_cell 'saed32_hvt|saed32_hvt_pg:FOOT2X4_HVT.timing' is set in the current block 'zigbee_F_cts', because the actual library setting may not be overwritten. (ATTR-12)
Information: The design specific attribute override for lib_cell 'saed32_hvt|saed32_hvt_pg:FOOT2X8_HVT.timing' is set in the current block 'zigbee_F_cts', because the actual library setting may not be overwritten. (ATTR-12)
Information: The design specific attribute override for lib_cell 'saed32_hvt|saed32_hvt_pg:FOOTX16_HVT.timing' is set in the current block 'zigbee_F_cts', because the actual library setting may not be overwritten. (ATTR-12)
Information: The design specific attribute override for lib_cell 'saed32_hvt|saed32_hvt_pg:FOOTX2_HVT.timing' is set in the current block 'zigbee_F_cts', because the actual library setting may not be overwritten. (ATTR-12)
Information: The design specific attribute override for lib_cell 'saed32_hvt|saed32_hvt_pg:FOOTX32_HVT.timing' is set in the current block 'zigbee_F_cts', because the actual library setting may not be overwritten. (ATTR-12)
Information: The design specific attribute override for lib_cell 'saed32_hvt|saed32_hvt_pg:FOOTX4_HVT.timing' is set in the current block 'zigbee_F_cts', because the actual library setting may not be overwritten. (ATTR-12)
Information: The design specific attribute override for lib_cell 'saed32_hvt|saed32_hvt_pg:FOOTX8_HVT.timing' is set in the current block 'zigbee_F_cts', because the actual library setting may not be overwritten. (ATTR-12)
Information: The design specific attribute override for lib_cell 'saed32_hvt|saed32_hvt_pg:HEAD2X16_HVT.timing' is set in the current block 'zigbee_F_cts', because the actual library setting may not be overwritten. (ATTR-12)
Information: The design specific attribute override for lib_cell 'saed32_hvt|saed32_hvt_pg:HEAD2X2_HVT.timing' is set in the current block 'zigbee_F_cts', because the actual library setting may not be overwritten. (ATTR-12)
Information: The design specific attribute override for lib_cell 'saed32_hvt|saed32_hvt_pg:HEAD2X32_HVT.timing' is set in the current block 'zigbee_F_cts', because the actual library setting may not be overwritten. (ATTR-12)
Information: The design specific attribute override for lib_cell 'saed32_hvt|saed32_hvt_pg:HEAD2X4_HVT.timing' is set in the current block 'zigbee_F_cts', because the actual library setting may not be overwritten. (ATTR-12)
Information: The design specific attribute override for lib_cell 'saed32_hvt|saed32_hvt_pg:HEAD2X8_HVT.timing' is set in the current block 'zigbee_F_cts', because the actual library setting may not be overwritten. (ATTR-12)
Information: The design specific attribute override for lib_cell 'saed32_hvt|saed32_hvt_pg:HEADX16_HVT.timing' is set in the current block 'zigbee_F_cts', because the actual library setting may not be overwritten. (ATTR-12)
Information: The design specific attribute override for lib_cell 'saed32_hvt|saed32_hvt_pg:HEADX2_HVT.timing' is set in the current block 'zigbee_F_cts', because the actual library setting may not be overwritten. (ATTR-12)
Information: The design specific attribute override for lib_cell 'saed32_hvt|saed32_hvt_pg:HEADX32_HVT.timing' is set in the current block 'zigbee_F_cts', because the actual library setting may not be overwritten. (ATTR-12)
Information: The design specific attribute override for lib_cell 'saed32_hvt|saed32_hvt_pg:HEADX4_HVT.timing' is set in the current block 'zigbee_F_cts', because the actual library setting may not be overwritten. (ATTR-12)
Information: The design specific attribute override for lib_cell 'saed32_hvt|saed32_hvt_pg:HEADX8_HVT.timing' is set in the current block 'zigbee_F_cts', because the actual library setting may not be overwritten. (ATTR-12)
Information: The design specific attribute override for lib_cell 'saed32_hvt|saed32_hvt_lsdn:LSDNENCLSSX1_HVT.timing' is set in the current block 'zigbee_F_cts', because the actual library setting may not be overwritten. (ATTR-12)
Information: The design specific attribute override for lib_cell 'saed32_hvt|saed32_hvt_lsdn:LSDNENCLSSX2_HVT.timing' is set in the current block 'zigbee_F_cts', because the actual library setting may not be overwritten. (ATTR-12)
Information: The design specific attribute override for lib_cell 'saed32_hvt|saed32_hvt_lsdn:LSDNENCLSSX4_HVT.timing' is set in the current block 'zigbee_F_cts', because the actual library setting may not be overwritten. (ATTR-12)
Information: The design specific attribute override for lib_cell 'saed32_hvt|saed32_hvt_lsdn:LSDNENCLSSX8_HVT.timing' is set in the current block 'zigbee_F_cts', because the actual library setting may not be overwritten. (ATTR-12)
Information: The design specific attribute override for lib_cell 'saed32_hvt|saed32_hvt_lsdn:LSDNENCLX1_HVT.timing' is set in the current block 'zigbee_F_cts', because the actual library setting may not be overwritten. (ATTR-12)
Information: The design specific attribute override for lib_cell 'saed32_hvt|saed32_hvt_lsdn:LSDNENCLX2_HVT.timing' is set in the current block 'zigbee_F_cts', because the actual library setting may not be overwritten. (ATTR-12)
Information: The design specific attribute override for lib_cell 'saed32_hvt|saed32_hvt_lsdn:LSDNENCLX4_HVT.timing' is set in the current block 'zigbee_F_cts', because the actual library setting may not be overwritten. (ATTR-12)
Information: The design specific attribute override for lib_cell 'saed32_hvt|saed32_hvt_lsdn:LSDNENCLX8_HVT.timing' is set in the current block 'zigbee_F_cts', because the actual library setting may not be overwritten. (ATTR-12)
Information: The design specific attribute override for lib_cell 'saed32_hvt|saed32_hvt_lsdn:LSDNENSSX1_HVT.timing' is set in the current block 'zigbee_F_cts', because the actual library setting may not be overwritten. (ATTR-12)
Information: The design specific attribute override for lib_cell 'saed32_hvt|saed32_hvt_lsdn:LSDNENSSX2_HVT.timing' is set in the current block 'zigbee_F_cts', because the actual library setting may not be overwritten. (ATTR-12)
Information: The design specific attribute override for lib_cell 'saed32_hvt|saed32_hvt_lsdn:LSDNENSSX4_HVT.timing' is set in the current block 'zigbee_F_cts', because the actual library setting may not be overwritten. (ATTR-12)
Information: The design specific attribute override for lib_cell 'saed32_hvt|saed32_hvt_lsdn:LSDNENSSX8_HVT.timing' is set in the current block 'zigbee_F_cts', because the actual library setting may not be overwritten. (ATTR-12)
Information: The design specific attribute override for lib_cell 'saed32_hvt|saed32_hvt_lsdn:LSDNENX1_HVT.timing' is set in the current block 'zigbee_F_cts', because the actual library setting may not be overwritten. (ATTR-12)
Information: The design specific attribute override for lib_cell 'saed32_hvt|saed32_hvt_lsdn:LSDNENX2_HVT.timing' is set in the current block 'zigbee_F_cts', because the actual library setting may not be overwritten. (ATTR-12)
Information: The design specific attribute override for lib_cell 'saed32_hvt|saed32_hvt_lsdn:LSDNENX4_HVT.timing' is set in the current block 'zigbee_F_cts', because the actual library setting may not be overwritten. (ATTR-12)
Information: The design specific attribute override for lib_cell 'saed32_hvt|saed32_hvt_lsdn:LSDNENX8_HVT.timing' is set in the current block 'zigbee_F_cts', because the actual library setting may not be overwritten. (ATTR-12)
Information: The design specific attribute override for lib_cell 'saed32_hvt|saed32_hvt_lsdn:LSDNSSX1_HVT.timing' is set in the current block 'zigbee_F_cts', because the actual library setting may not be overwritten. (ATTR-12)
Information: The design specific attribute override for lib_cell 'saed32_hvt|saed32_hvt_lsdn:LSDNSSX2_HVT.timing' is set in the current block 'zigbee_F_cts', because the actual library setting may not be overwritten. (ATTR-12)
Information: The design specific attribute override for lib_cell 'saed32_hvt|saed32_hvt_lsdn:LSDNSSX4_HVT.timing' is set in the current block 'zigbee_F_cts', because the actual library setting may not be overwritten. (ATTR-12)
Information: The design specific attribute override for lib_cell 'saed32_hvt|saed32_hvt_lsdn:LSDNSSX8_HVT.timing' is set in the current block 'zigbee_F_cts', because the actual library setting may not be overwritten. (ATTR-12)
Information: The design specific attribute override for lib_cell 'saed32_hvt|saed32_hvt_lsdn:LSDNX1_HVT.timing' is set in the current block 'zigbee_F_cts', because the actual library setting may not be overwritten. (ATTR-12)
Information: The design specific attribute override for lib_cell 'saed32_hvt|saed32_hvt_lsdn:LSDNX2_HVT.timing' is set in the current block 'zigbee_F_cts', because the actual library setting may not be overwritten. (ATTR-12)
Information: The design specific attribute override for lib_cell 'saed32_hvt|saed32_hvt_lsdn:LSDNX4_HVT.timing' is set in the current block 'zigbee_F_cts', because the actual library setting may not be overwritten. (ATTR-12)
Information: The design specific attribute override for lib_cell 'saed32_hvt|saed32_hvt_lsdn:LSDNX8_HVT.timing' is set in the current block 'zigbee_F_cts', because the actual library setting may not be overwritten. (ATTR-12)
Information: The design specific attribute override for lib_cell 'saed32_hvt|saed32_hvt_lsup:LSUPENCLX1_HVT.timing' is set in the current block 'zigbee_F_cts', because the actual library setting may not be overwritten. (ATTR-12)
Information: The design specific attribute override for lib_cell 'saed32_hvt|saed32_hvt_lsup:LSUPENCLX2_HVT.timing' is set in the current block 'zigbee_F_cts', because the actual library setting may not be overwritten. (ATTR-12)
Information: The design specific attribute override for lib_cell 'saed32_hvt|saed32_hvt_lsup:LSUPENCLX4_HVT.timing' is set in the current block 'zigbee_F_cts', because the actual library setting may not be overwritten. (ATTR-12)
Information: The design specific attribute override for lib_cell 'saed32_hvt|saed32_hvt_lsup:LSUPENCLX8_HVT.timing' is set in the current block 'zigbee_F_cts', because the actual library setting may not be overwritten. (ATTR-12)
Information: The design specific attribute override for lib_cell 'saed32_hvt|saed32_hvt_lsup:LSUPENX1_HVT.timing' is set in the current block 'zigbee_F_cts', because the actual library setting may not be overwritten. (ATTR-12)
Information: The design specific attribute override for lib_cell 'saed32_hvt|saed32_hvt_lsup:LSUPENX2_HVT.timing' is set in the current block 'zigbee_F_cts', because the actual library setting may not be overwritten. (ATTR-12)
Information: The design specific attribute override for lib_cell 'saed32_hvt|saed32_hvt_lsup:LSUPENX4_HVT.timing' is set in the current block 'zigbee_F_cts', because the actual library setting may not be overwritten. (ATTR-12)
Information: The design specific attribute override for lib_cell 'saed32_hvt|saed32_hvt_lsup:LSUPENX8_HVT.timing' is set in the current block 'zigbee_F_cts', because the actual library setting may not be overwritten. (ATTR-12)
Information: The design specific attribute override for lib_cell 'saed32_hvt|saed32_hvt_lsup:LSUPX1_HVT.timing' is set in the current block 'zigbee_F_cts', because the actual library setting may not be overwritten. (ATTR-12)
Information: The design specific attribute override for lib_cell 'saed32_hvt|saed32_hvt_lsup:LSUPX2_HVT.timing' is set in the current block 'zigbee_F_cts', because the actual library setting may not be overwritten. (ATTR-12)
Information: The design specific attribute override for lib_cell 'saed32_hvt|saed32_hvt_lsup:LSUPX4_HVT.timing' is set in the current block 'zigbee_F_cts', because the actual library setting may not be overwritten. (ATTR-12)
Information: The design specific attribute override for lib_cell 'saed32_hvt|saed32_hvt_lsup:LSUPX8_HVT.timing' is set in the current block 'zigbee_F_cts', because the actual library setting may not be overwritten. (ATTR-12)
Information: The design specific attribute override for lib_cell 'saed32_iodrivers:B4ISH1025_EW.timing' is set in the current block 'zigbee_F_cts', because the actual library setting may not be overwritten. (ATTR-12)
Information: The design specific attribute override for lib_cell 'saed32_iodrivers:B4ISH1025_NS.timing' is set in the current block 'zigbee_F_cts', because the actual library setting may not be overwritten. (ATTR-12)
Information: The design specific attribute override for lib_cell 'saed32_iodrivers:D4I1025_EW.timing' is set in the current block 'zigbee_F_cts', because the actual library setting may not be overwritten. (ATTR-12)
Information: The design specific attribute override for lib_cell 'saed32_iodrivers:D4I1025_NS.timing' is set in the current block 'zigbee_F_cts', because the actual library setting may not be overwritten. (ATTR-12)
Information: The design specific attribute override for lib_cell 'saed32_iodrivers:ISH1025_EW.timing' is set in the current block 'zigbee_F_cts', because the actual library setting may not be overwritten. (ATTR-12)
Information: The design specific attribute override for lib_cell 'saed32_iodrivers:ISH1025_NS.timing' is set in the current block 'zigbee_F_cts', because the actual library setting may not be overwritten. (ATTR-12)
Information: The design specific attribute override for lib_cell 'saed32_iodrivers:FILLER01.timing' is set in the current block 'zigbee_F_cts', because the actual library setting may not be overwritten. (ATTR-12)
Information: The design specific attribute override for lib_cell 'saed32_iodrivers:FILLER10.timing' is set in the current block 'zigbee_F_cts', because the actual library setting may not be overwritten. (ATTR-12)
Information: The design specific attribute override for lib_cell 'saed32_iodrivers:FILLER15.timing' is set in the current block 'zigbee_F_cts', because the actual library setting may not be overwritten. (ATTR-12)
Information: The design specific attribute override for lib_cell 'saed32_iodrivers:FILLER1.timing' is set in the current block 'zigbee_F_cts', because the actual library setting may not be overwritten. (ATTR-12)
Information: The design specific attribute override for lib_cell 'saed32_iodrivers:FILLER20.timing' is set in the current block 'zigbee_F_cts', because the actual library setting may not be overwritten. (ATTR-12)
Information: The design specific attribute override for lib_cell 'saed32_iodrivers:FILLER35.timing' is set in the current block 'zigbee_F_cts', because the actual library setting may not be overwritten. (ATTR-12)
Information: The design specific attribute override for lib_cell 'saed32_iodrivers:FILLER40.timing' is set in the current block 'zigbee_F_cts', because the actual library setting may not be overwritten. (ATTR-12)
Information: The design specific attribute override for lib_cell 'saed32_iodrivers:FILLER50.timing' is set in the current block 'zigbee_F_cts', because the actual library setting may not be overwritten. (ATTR-12)
Information: The design specific attribute override for lib_cell 'saed32_iodrivers:FILLER5.timing' is set in the current block 'zigbee_F_cts', because the actual library setting may not be overwritten. (ATTR-12)
Information: The design specific attribute override for lib_cell 'saed32_iodrivers:FILLER.timing' is set in the current block 'zigbee_F_cts', because the actual library setting may not be overwritten. (ATTR-12)
Information: The design specific attribute override for lib_cell 'saed32_iodrivers:BREAKCORE.timing' is set in the current block 'zigbee_F_cts', because the actual library setting may not be overwritten. (ATTR-12)
Information: The design specific attribute override for lib_cell 'saed32_iodrivers:CORNER.timing' is set in the current block 'zigbee_F_cts', because the actual library setting may not be overwritten. (ATTR-12)
Information: The design specific attribute override for lib_cell 'saed32_iodrivers:VDD_EW.timing' is set in the current block 'zigbee_F_cts', because the actual library setting may not be overwritten. (ATTR-12)
Information: The design specific attribute override for lib_cell 'saed32_iodrivers:VSS_EW.timing' is set in the current block 'zigbee_F_cts', because the actual library setting may not be overwritten. (ATTR-12)
Information: The design specific attribute override for lib_cell 'saed32_iodrivers:VDD_NS.timing' is set in the current block 'zigbee_F_cts', because the actual library setting may not be overwritten. (ATTR-12)
Information: The design specific attribute override for lib_cell 'saed32_iodrivers:VSS_NS.timing' is set in the current block 'zigbee_F_cts', because the actual library setting may not be overwritten. (ATTR-12)
Information: The design specific attribute override for lib_cell 'saed32_iodrivers:IOVDD_NS.timing' is set in the current block 'zigbee_F_cts', because the actual library setting may not be overwritten. (ATTR-12)
Information: The design specific attribute override for lib_cell 'saed32_iodrivers:IOVSS_EW.timing' is set in the current block 'zigbee_F_cts', because the actual library setting may not be overwritten. (ATTR-12)
Information: The design specific attribute override for lib_cell 'saed32_iodrivers:IOVDD_EW.timing' is set in the current block 'zigbee_F_cts', because the actual library setting may not be overwritten. (ATTR-12)
Information: The design specific attribute override for lib_cell 'saed32_iodrivers:IOVSS_NS.timing' is set in the current block 'zigbee_F_cts', because the actual library setting may not be overwritten. (ATTR-12)
Information: The design specific attribute override for lib_cell 'saed32_lvt|saed32_lvt_std:AND2X1_LVT.timing' is set in the current block 'zigbee_F_cts', because the actual library setting may not be overwritten. (ATTR-12)
Information: The design specific attribute override for lib_cell 'saed32_lvt|saed32_lvt_std:AND2X2_LVT.timing' is set in the current block 'zigbee_F_cts', because the actual library setting may not be overwritten. (ATTR-12)
Information: The design specific attribute override for lib_cell 'saed32_lvt|saed32_lvt_std:AND2X4_LVT.timing' is set in the current block 'zigbee_F_cts', because the actual library setting may not be overwritten. (ATTR-12)
Information: The design specific attribute override for lib_cell 'saed32_lvt|saed32_lvt_std:AND3X1_LVT.timing' is set in the current block 'zigbee_F_cts', because the actual library setting may not be overwritten. (ATTR-12)
Information: The design specific attribute override for lib_cell 'saed32_lvt|saed32_lvt_std:AND3X2_LVT.timing' is set in the current block 'zigbee_F_cts', because the actual library setting may not be overwritten. (ATTR-12)
Information: The design specific attribute override for lib_cell 'saed32_lvt|saed32_lvt_std:AND3X4_LVT.timing' is set in the current block 'zigbee_F_cts', because the actual library setting may not be overwritten. (ATTR-12)
Information: The design specific attribute override for lib_cell 'saed32_lvt|saed32_lvt_std:AND4X1_LVT.timing' is set in the current block 'zigbee_F_cts', because the actual library setting may not be overwritten. (ATTR-12)
Information: The design specific attribute override for lib_cell 'saed32_lvt|saed32_lvt_std:AND4X2_LVT.timing' is set in the current block 'zigbee_F_cts', because the actual library setting may not be overwritten. (ATTR-12)
Information: The design specific attribute override for lib_cell 'saed32_lvt|saed32_lvt_std:AND4X4_LVT.timing' is set in the current block 'zigbee_F_cts', because the actual library setting may not be overwritten. (ATTR-12)
Information: The design specific attribute override for lib_cell 'saed32_lvt|saed32_lvt_std:ANTENNA_LVT.timing' is set in the current block 'zigbee_F_cts', because the actual library setting may not be overwritten. (ATTR-12)
Information: The design specific attribute override for lib_cell 'saed32_lvt|saed32_lvt_std:AO21X1_LVT.timing' is set in the current block 'zigbee_F_cts', because the actual library setting may not be overwritten. (ATTR-12)
Information: The design specific attribute override for lib_cell 'saed32_lvt|saed32_lvt_std:AO21X2_LVT.timing' is set in the current block 'zigbee_F_cts', because the actual library setting may not be overwritten. (ATTR-12)
Information: The design specific attribute override for lib_cell 'saed32_lvt|saed32_lvt_std:AO221X1_LVT.timing' is set in the current block 'zigbee_F_cts', because the actual library setting may not be overwritten. (ATTR-12)
Information: The design specific attribute override for lib_cell 'saed32_lvt|saed32_lvt_std:AO221X2_LVT.timing' is set in the current block 'zigbee_F_cts', because the actual library setting may not be overwritten. (ATTR-12)
Information: The design specific attribute override for lib_cell 'saed32_lvt|saed32_lvt_std:AO222X1_LVT.timing' is set in the current block 'zigbee_F_cts', because the actual library setting may not be overwritten. (ATTR-12)
Information: The design specific attribute override for lib_cell 'saed32_lvt|saed32_lvt_std:AO222X2_LVT.timing' is set in the current block 'zigbee_F_cts', because the actual library setting may not be overwritten. (ATTR-12)
Information: The design specific attribute override for lib_cell 'saed32_lvt|saed32_lvt_std:AO22X1_LVT.timing' is set in the current block 'zigbee_F_cts', because the actual library setting may not be overwritten. (ATTR-12)
Information: The design specific attribute override for lib_cell 'saed32_lvt|saed32_lvt_std:AO22X2_LVT.timing' is set in the current block 'zigbee_F_cts', because the actual library setting may not be overwritten. (ATTR-12)
Information: The design specific attribute override for lib_cell 'saed32_lvt|saed32_lvt_std:AOBUFX1_LVT.timing' is set in the current block 'zigbee_F_cts', because the actual library setting may not be overwritten. (ATTR-12)
Information: The design specific attribute override for lib_cell 'saed32_lvt|saed32_lvt_std:AOBUFX2_LVT.timing' is set in the current block 'zigbee_F_cts', because the actual library setting may not be overwritten. (ATTR-12)
Information: The design specific attribute override for lib_cell 'saed32_lvt|saed32_lvt_std:AOBUFX4_LVT.timing' is set in the current block 'zigbee_F_cts', because the actual library setting may not be overwritten. (ATTR-12)
Information: The design specific attribute override for lib_cell 'saed32_lvt|saed32_lvt_std:AODFFARX1_LVT.timing' is set in the current block 'zigbee_F_cts', because the actual library setting may not be overwritten. (ATTR-12)
Information: The design specific attribute override for lib_cell 'saed32_lvt|saed32_lvt_std:AODFFARX2_LVT.timing' is set in the current block 'zigbee_F_cts', because the actual library setting may not be overwritten. (ATTR-12)
Information: The design specific attribute override for lib_cell 'saed32_lvt|saed32_lvt_std:AODFFNARX1_LVT.timing' is set in the current block 'zigbee_F_cts', because the actual library setting may not be overwritten. (ATTR-12)
Information: The design specific attribute override for lib_cell 'saed32_lvt|saed32_lvt_std:AODFFNARX2_LVT.timing' is set in the current block 'zigbee_F_cts', because the actual library setting may not be overwritten. (ATTR-12)
Information: The design specific attribute override for lib_cell 'saed32_lvt|saed32_lvt_std:AOI21X1_LVT.timing' is set in the current block 'zigbee_F_cts', because the actual library setting may not be overwritten. (ATTR-12)
Information: The design specific attribute override for lib_cell 'saed32_lvt|saed32_lvt_std:AOI21X2_LVT.timing' is set in the current block 'zigbee_F_cts', because the actual library setting may not be overwritten. (ATTR-12)
Information: The design specific attribute override for lib_cell 'saed32_lvt|saed32_lvt_std:AOI221X1_LVT.timing' is set in the current block 'zigbee_F_cts', because the actual library setting may not be overwritten. (ATTR-12)
Information: The design specific attribute override for lib_cell 'saed32_lvt|saed32_lvt_std:AOI221X2_LVT.timing' is set in the current block 'zigbee_F_cts', because the actual library setting may not be overwritten. (ATTR-12)
Information: The design specific attribute override for lib_cell 'saed32_lvt|saed32_lvt_std:AOI222X1_LVT.timing' is set in the current block 'zigbee_F_cts', because the actual library setting may not be overwritten. (ATTR-12)
Information: The design specific attribute override for lib_cell 'saed32_lvt|saed32_lvt_std:AOI222X2_LVT.timing' is set in the current block 'zigbee_F_cts', because the actual library setting may not be overwritten. (ATTR-12)
Information: The design specific attribute override for lib_cell 'saed32_lvt|saed32_lvt_std:AOI22X1_LVT.timing' is set in the current block 'zigbee_F_cts', because the actual library setting may not be overwritten. (ATTR-12)
Information: The design specific attribute override for lib_cell 'saed32_lvt|saed32_lvt_std:AOI22X2_LVT.timing' is set in the current block 'zigbee_F_cts', because the actual library setting may not be overwritten. (ATTR-12)
Information: The design specific attribute override for lib_cell 'saed32_lvt|saed32_lvt_std:AOINVX1_LVT.timing' is set in the current block 'zigbee_F_cts', because the actual library setting may not be overwritten. (ATTR-12)
Information: The design specific attribute override for lib_cell 'saed32_lvt|saed32_lvt_std:AOINVX2_LVT.timing' is set in the current block 'zigbee_F_cts', because the actual library setting may not be overwritten. (ATTR-12)
Information: The design specific attribute override for lib_cell 'saed32_lvt|saed32_lvt_std:AOINVX4_LVT.timing' is set in the current block 'zigbee_F_cts', because the actual library setting may not be overwritten. (ATTR-12)
Information: The design specific attribute override for lib_cell 'saed32_lvt|saed32_lvt_std:BSLEX1_LVT.timing' is set in the current block 'zigbee_F_cts', because the actual library setting may not be overwritten. (ATTR-12)
Information: The design specific attribute override for lib_cell 'saed32_lvt|saed32_lvt_std:BSLEX2_LVT.timing' is set in the current block 'zigbee_F_cts', because the actual library setting may not be overwritten. (ATTR-12)
Information: The design specific attribute override for lib_cell 'saed32_lvt|saed32_lvt_std:BSLEX4_LVT.timing' is set in the current block 'zigbee_F_cts', because the actual library setting may not be overwritten. (ATTR-12)
Information: The design specific attribute override for lib_cell 'saed32_lvt|saed32_lvt_std:BUSKP_LVT.timing' is set in the current block 'zigbee_F_cts', because the actual library setting may not be overwritten. (ATTR-12)
Information: The design specific attribute override for lib_cell 'saed32_lvt|saed32_lvt_std:CGLNPRX2_LVT.timing' is set in the current block 'zigbee_F_cts', because the actual library setting may not be overwritten. (ATTR-12)
Information: The design specific attribute override for lib_cell 'saed32_lvt|saed32_lvt_std:CGLNPRX8_LVT.timing' is set in the current block 'zigbee_F_cts', because the actual library setting may not be overwritten. (ATTR-12)
Information: The design specific attribute override for lib_cell 'saed32_lvt|saed32_lvt_std:CGLNPSX16_LVT.timing' is set in the current block 'zigbee_F_cts', because the actual library setting may not be overwritten. (ATTR-12)
Information: The design specific attribute override for lib_cell 'saed32_lvt|saed32_lvt_std:CGLNPSX2_LVT.timing' is set in the current block 'zigbee_F_cts', because the actual library setting may not be overwritten. (ATTR-12)
Information: The design specific attribute override for lib_cell 'saed32_lvt|saed32_lvt_std:CGLNPSX4_LVT.timing' is set in the current block 'zigbee_F_cts', because the actual library setting may not be overwritten. (ATTR-12)
Information: The design specific attribute override for lib_cell 'saed32_lvt|saed32_lvt_std:CGLNPSX8_LVT.timing' is set in the current block 'zigbee_F_cts', because the actual library setting may not be overwritten. (ATTR-12)
Information: The design specific attribute override for lib_cell 'saed32_lvt|saed32_lvt_std:CGLPPRX2_LVT.timing' is set in the current block 'zigbee_F_cts', because the actual library setting may not be overwritten. (ATTR-12)
Information: The design specific attribute override for lib_cell 'saed32_lvt|saed32_lvt_std:CGLPPRX8_LVT.timing' is set in the current block 'zigbee_F_cts', because the actual library setting may not be overwritten. (ATTR-12)
Information: The design specific attribute override for lib_cell 'saed32_lvt|saed32_lvt_std:CGLPPSX16_LVT.timing' is set in the current block 'zigbee_F_cts', because the actual library setting may not be overwritten. (ATTR-12)
Information: The design specific attribute override for lib_cell 'saed32_lvt|saed32_lvt_std:CGLPPSX2_LVT.timing' is set in the current block 'zigbee_F_cts', because the actual library setting may not be overwritten. (ATTR-12)
Information: The design specific attribute override for lib_cell 'saed32_lvt|saed32_lvt_std:CGLPPSX4_LVT.timing' is set in the current block 'zigbee_F_cts', because the actual library setting may not be overwritten. (ATTR-12)
Information: The design specific attribute override for lib_cell 'saed32_lvt|saed32_lvt_std:CGLPPSX8_LVT.timing' is set in the current block 'zigbee_F_cts', because the actual library setting may not be overwritten. (ATTR-12)
Information: The design specific attribute override for lib_cell 'saed32_lvt|saed32_lvt_std:CLOAD1_LVT.timing' is set in the current block 'zigbee_F_cts', because the actual library setting may not be overwritten. (ATTR-12)
Information: The design specific attribute override for lib_cell 'saed32_lvt|saed32_lvt_std:DCAP_LVT.timing' is set in the current block 'zigbee_F_cts', because the actual library setting may not be overwritten. (ATTR-12)
Information: The design specific attribute override for lib_cell 'saed32_lvt|saed32_lvt_std:DEC24X1_LVT.timing' is set in the current block 'zigbee_F_cts', because the actual library setting may not be overwritten. (ATTR-12)
Information: The design specific attribute override for lib_cell 'saed32_lvt|saed32_lvt_std:DEC24X2_LVT.timing' is set in the current block 'zigbee_F_cts', because the actual library setting may not be overwritten. (ATTR-12)
Information: The design specific attribute override for lib_cell 'saed32_lvt|saed32_lvt_std:DELLN1X2_LVT.timing' is set in the current block 'zigbee_F_cts', because the actual library setting may not be overwritten. (ATTR-12)
Information: The design specific attribute override for lib_cell 'saed32_lvt|saed32_lvt_std:DELLN2X2_LVT.timing' is set in the current block 'zigbee_F_cts', because the actual library setting may not be overwritten. (ATTR-12)
Information: The design specific attribute override for lib_cell 'saed32_lvt|saed32_lvt_std:DELLN3X2_LVT.timing' is set in the current block 'zigbee_F_cts', because the actual library setting may not be overwritten. (ATTR-12)
Information: The design specific attribute override for lib_cell 'saed32_lvt|saed32_lvt_std:DFFARX1_LVT.timing' is set in the current block 'zigbee_F_cts', because the actual library setting may not be overwritten. (ATTR-12)
Information: The design specific attribute override for lib_cell 'saed32_lvt|saed32_lvt_std:DFFARX2_LVT.timing' is set in the current block 'zigbee_F_cts', because the actual library setting may not be overwritten. (ATTR-12)
Information: The design specific attribute override for lib_cell 'saed32_lvt|saed32_lvt_std:DFFASRX1_LVT.timing' is set in the current block 'zigbee_F_cts', because the actual library setting may not be overwritten. (ATTR-12)
Information: The design specific attribute override for lib_cell 'saed32_lvt|saed32_lvt_std:DFFASRX2_LVT.timing' is set in the current block 'zigbee_F_cts', because the actual library setting may not be overwritten. (ATTR-12)
Information: The design specific attribute override for lib_cell 'saed32_lvt|saed32_lvt_std:DFFASX1_LVT.timing' is set in the current block 'zigbee_F_cts', because the actual library setting may not be overwritten. (ATTR-12)
Information: The design specific attribute override for lib_cell 'saed32_lvt|saed32_lvt_std:DFFASX2_LVT.timing' is set in the current block 'zigbee_F_cts', because the actual library setting may not be overwritten. (ATTR-12)
Information: The design specific attribute override for lib_cell 'saed32_lvt|saed32_lvt_std:DFFNARX1_LVT.timing' is set in the current block 'zigbee_F_cts', because the actual library setting may not be overwritten. (ATTR-12)
Information: The design specific attribute override for lib_cell 'saed32_lvt|saed32_lvt_std:DFFNARX2_LVT.timing' is set in the current block 'zigbee_F_cts', because the actual library setting may not be overwritten. (ATTR-12)
Information: The design specific attribute override for lib_cell 'saed32_lvt|saed32_lvt_std:DFFNASRNX1_LVT.timing' is set in the current block 'zigbee_F_cts', because the actual library setting may not be overwritten. (ATTR-12)
Information: The design specific attribute override for lib_cell 'saed32_lvt|saed32_lvt_std:DFFNASRNX2_LVT.timing' is set in the current block 'zigbee_F_cts', because the actual library setting may not be overwritten. (ATTR-12)
Information: The design specific attribute override for lib_cell 'saed32_lvt|saed32_lvt_std:DFFNASRQX1_LVT.timing' is set in the current block 'zigbee_F_cts', because the actual library setting may not be overwritten. (ATTR-12)
Information: The design specific attribute override for lib_cell 'saed32_lvt|saed32_lvt_std:DFFNASRQX2_LVT.timing' is set in the current block 'zigbee_F_cts', because the actual library setting may not be overwritten. (ATTR-12)
Information: The design specific attribute override for lib_cell 'saed32_lvt|saed32_lvt_std:DFFNASRX1_LVT.timing' is set in the current block 'zigbee_F_cts', because the actual library setting may not be overwritten. (ATTR-12)
Information: The design specific attribute override for lib_cell 'saed32_lvt|saed32_lvt_std:DFFNASRX2_LVT.timing' is set in the current block 'zigbee_F_cts', because the actual library setting may not be overwritten. (ATTR-12)
Information: The design specific attribute override for lib_cell 'saed32_lvt|saed32_lvt_std:DFFNASX1_LVT.timing' is set in the current block 'zigbee_F_cts', because the actual library setting may not be overwritten. (ATTR-12)
Information: The design specific attribute override for lib_cell 'saed32_lvt|saed32_lvt_std:DFFNASX2_LVT.timing' is set in the current block 'zigbee_F_cts', because the actual library setting may not be overwritten. (ATTR-12)
Information: The design specific attribute override for lib_cell 'saed32_lvt|saed32_lvt_std:DFFNX1_LVT.timing' is set in the current block 'zigbee_F_cts', because the actual library setting may not be overwritten. (ATTR-12)
Information: The design specific attribute override for lib_cell 'saed32_lvt|saed32_lvt_std:DFFNX2_LVT.timing' is set in the current block 'zigbee_F_cts', because the actual library setting may not be overwritten. (ATTR-12)
Information: The design specific attribute override for lib_cell 'saed32_lvt|saed32_lvt_std:DFFSSRX1_LVT.timing' is set in the current block 'zigbee_F_cts', because the actual library setting may not be overwritten. (ATTR-12)
Information: The design specific attribute override for lib_cell 'saed32_lvt|saed32_lvt_std:DFFSSRX2_LVT.timing' is set in the current block 'zigbee_F_cts', because the actual library setting may not be overwritten. (ATTR-12)
Information: The design specific attribute override for lib_cell 'saed32_lvt|saed32_lvt_std:DFFX1_LVT.timing' is set in the current block 'zigbee_F_cts', because the actual library setting may not be overwritten. (ATTR-12)
Information: The design specific attribute override for lib_cell 'saed32_lvt|saed32_lvt_std:DFFX2_LVT.timing' is set in the current block 'zigbee_F_cts', because the actual library setting may not be overwritten. (ATTR-12)
Information: The design specific attribute override for lib_cell 'saed32_lvt|saed32_lvt_std:DHFILLH2_LVT.timing' is set in the current block 'zigbee_F_cts', because the actual library setting may not be overwritten. (ATTR-12)
Information: The design specific attribute override for lib_cell 'saed32_lvt|saed32_lvt_std:DHFILLHL2_LVT.timing' is set in the current block 'zigbee_F_cts', because the actual library setting may not be overwritten. (ATTR-12)
Information: The design specific attribute override for lib_cell 'saed32_lvt|saed32_lvt_std:DHFILLHLHLS11_LVT.timing' is set in the current block 'zigbee_F_cts', because the actual library setting may not be overwritten. (ATTR-12)
Information: The design specific attribute override for lib_cell 'saed32_lvt|saed32_lvt_std:FADDX1_LVT.timing' is set in the current block 'zigbee_F_cts', because the actual library setting may not be overwritten. (ATTR-12)
Information: The design specific attribute override for lib_cell 'saed32_lvt|saed32_lvt_std:FADDX2_LVT.timing' is set in the current block 'zigbee_F_cts', because the actual library setting may not be overwritten. (ATTR-12)
Information: The design specific attribute override for lib_cell 'saed32_lvt|saed32_lvt_std:HADDX1_LVT.timing' is set in the current block 'zigbee_F_cts', because the actual library setting may not be overwritten. (ATTR-12)
Information: The design specific attribute override for lib_cell 'saed32_lvt|saed32_lvt_std:HADDX2_LVT.timing' is set in the current block 'zigbee_F_cts', because the actual library setting may not be overwritten. (ATTR-12)
Information: The design specific attribute override for lib_cell 'saed32_lvt|saed32_lvt_std:IBUFFX16_LVT.timing' is set in the current block 'zigbee_F_cts', because the actual library setting may not be overwritten. (ATTR-12)
Information: The design specific attribute override for lib_cell 'saed32_lvt|saed32_lvt_std:IBUFFX2_LVT.timing' is set in the current block 'zigbee_F_cts', because the actual library setting may not be overwritten. (ATTR-12)
Information: The design specific attribute override for lib_cell 'saed32_lvt|saed32_lvt_std:IBUFFX32_LVT.timing' is set in the current block 'zigbee_F_cts', because the actual library setting may not be overwritten. (ATTR-12)
Information: The design specific attribute override for lib_cell 'saed32_lvt|saed32_lvt_std:IBUFFX4_LVT.timing' is set in the current block 'zigbee_F_cts', because the actual library setting may not be overwritten. (ATTR-12)
Information: The design specific attribute override for lib_cell 'saed32_lvt|saed32_lvt_std:IBUFFX8_LVT.timing' is set in the current block 'zigbee_F_cts', because the actual library setting may not be overwritten. (ATTR-12)
Information: The design specific attribute override for lib_cell 'saed32_lvt|saed32_lvt_std:INVX0_LVT.timing' is set in the current block 'zigbee_F_cts', because the actual library setting may not be overwritten. (ATTR-12)
Information: The design specific attribute override for lib_cell 'saed32_lvt|saed32_lvt_std:INVX16_LVT.timing' is set in the current block 'zigbee_F_cts', because the actual library setting may not be overwritten. (ATTR-12)
Information: The design specific attribute override for lib_cell 'saed32_lvt|saed32_lvt_std:INVX1_LVT.timing' is set in the current block 'zigbee_F_cts', because the actual library setting may not be overwritten. (ATTR-12)
Information: The design specific attribute override for lib_cell 'saed32_lvt|saed32_lvt_std:INVX2_LVT.timing' is set in the current block 'zigbee_F_cts', because the actual library setting may not be overwritten. (ATTR-12)
Information: The design specific attribute override for lib_cell 'saed32_lvt|saed32_lvt_std:INVX32_LVT.timing' is set in the current block 'zigbee_F_cts', because the actual library setting may not be overwritten. (ATTR-12)
Information: The design specific attribute override for lib_cell 'saed32_lvt|saed32_lvt_std:INVX4_LVT.timing' is set in the current block 'zigbee_F_cts', because the actual library setting may not be overwritten. (ATTR-12)
Information: The design specific attribute override for lib_cell 'saed32_lvt|saed32_lvt_std:INVX8_LVT.timing' is set in the current block 'zigbee_F_cts', because the actual library setting may not be overwritten. (ATTR-12)
Information: The design specific attribute override for lib_cell 'saed32_lvt|saed32_lvt_std:ISOLANDAOX1_LVT.timing' is set in the current block 'zigbee_F_cts', because the actual library setting may not be overwritten. (ATTR-12)
Information: The design specific attribute override for lib_cell 'saed32_lvt|saed32_lvt_std:ISOLANDAOX2_LVT.timing' is set in the current block 'zigbee_F_cts', because the actual library setting may not be overwritten. (ATTR-12)
Information: The design specific attribute override for lib_cell 'saed32_lvt|saed32_lvt_std:ISOLANDAOX4_LVT.timing' is set in the current block 'zigbee_F_cts', because the actual library setting may not be overwritten. (ATTR-12)
Information: The design specific attribute override for lib_cell 'saed32_lvt|saed32_lvt_std:ISOLANDAOX8_LVT.timing' is set in the current block 'zigbee_F_cts', because the actual library setting may not be overwritten. (ATTR-12)
Information: The design specific attribute override for lib_cell 'saed32_lvt|saed32_lvt_std:ISOLANDX1_LVT.timing' is set in the current block 'zigbee_F_cts', because the actual library setting may not be overwritten. (ATTR-12)
Information: The design specific attribute override for lib_cell 'saed32_lvt|saed32_lvt_std:ISOLANDX2_LVT.timing' is set in the current block 'zigbee_F_cts', because the actual library setting may not be overwritten. (ATTR-12)
Information: The design specific attribute override for lib_cell 'saed32_lvt|saed32_lvt_std:ISOLANDX4_LVT.timing' is set in the current block 'zigbee_F_cts', because the actual library setting may not be overwritten. (ATTR-12)
Information: The design specific attribute override for lib_cell 'saed32_lvt|saed32_lvt_std:ISOLANDX8_LVT.timing' is set in the current block 'zigbee_F_cts', because the actual library setting may not be overwritten. (ATTR-12)
Information: The design specific attribute override for lib_cell 'saed32_lvt|saed32_lvt_std:ISOLORAOX1_LVT.timing' is set in the current block 'zigbee_F_cts', because the actual library setting may not be overwritten. (ATTR-12)
Information: The design specific attribute override for lib_cell 'saed32_lvt|saed32_lvt_std:ISOLORAOX2_LVT.timing' is set in the current block 'zigbee_F_cts', because the actual library setting may not be overwritten. (ATTR-12)
Information: The design specific attribute override for lib_cell 'saed32_lvt|saed32_lvt_std:ISOLORAOX4_LVT.timing' is set in the current block 'zigbee_F_cts', because the actual library setting may not be overwritten. (ATTR-12)
Information: The design specific attribute override for lib_cell 'saed32_lvt|saed32_lvt_std:ISOLORAOX8_LVT.timing' is set in the current block 'zigbee_F_cts', because the actual library setting may not be overwritten. (ATTR-12)
Information: The design specific attribute override for lib_cell 'saed32_lvt|saed32_lvt_std:ISOLORX1_LVT.timing' is set in the current block 'zigbee_F_cts', because the actual library setting may not be overwritten. (ATTR-12)
Information: The design specific attribute override for lib_cell 'saed32_lvt|saed32_lvt_std:ISOLORX2_LVT.timing' is set in the current block 'zigbee_F_cts', because the actual library setting may not be overwritten. (ATTR-12)
Information: The design specific attribute override for lib_cell 'saed32_lvt|saed32_lvt_std:ISOLORX4_LVT.timing' is set in the current block 'zigbee_F_cts', because the actual library setting may not be overwritten. (ATTR-12)
Information: The design specific attribute override for lib_cell 'saed32_lvt|saed32_lvt_std:ISOLORX8_LVT.timing' is set in the current block 'zigbee_F_cts', because the actual library setting may not be overwritten. (ATTR-12)
Information: The design specific attribute override for lib_cell 'saed32_lvt|saed32_lvt_std:LARX1_LVT.timing' is set in the current block 'zigbee_F_cts', because the actual library setting may not be overwritten. (ATTR-12)
Information: The design specific attribute override for lib_cell 'saed32_lvt|saed32_lvt_std:LARX2_LVT.timing' is set in the current block 'zigbee_F_cts', because the actual library setting may not be overwritten. (ATTR-12)
Information: The design specific attribute override for lib_cell 'saed32_lvt|saed32_lvt_std:LASRNX1_LVT.timing' is set in the current block 'zigbee_F_cts', because the actual library setting may not be overwritten. (ATTR-12)
Information: The design specific attribute override for lib_cell 'saed32_lvt|saed32_lvt_std:LASRNX2_LVT.timing' is set in the current block 'zigbee_F_cts', because the actual library setting may not be overwritten. (ATTR-12)
Information: The design specific attribute override for lib_cell 'saed32_lvt|saed32_lvt_std:LASRQX1_LVT.timing' is set in the current block 'zigbee_F_cts', because the actual library setting may not be overwritten. (ATTR-12)
Information: The design specific attribute override for lib_cell 'saed32_lvt|saed32_lvt_std:LASRQX2_LVT.timing' is set in the current block 'zigbee_F_cts', because the actual library setting may not be overwritten. (ATTR-12)
Information: The design specific attribute override for lib_cell 'saed32_lvt|saed32_lvt_std:LASRX1_LVT.timing' is set in the current block 'zigbee_F_cts', because the actual library setting may not be overwritten. (ATTR-12)
Information: The design specific attribute override for lib_cell 'saed32_lvt|saed32_lvt_std:LASRX2_LVT.timing' is set in the current block 'zigbee_F_cts', because the actual library setting may not be overwritten. (ATTR-12)
Information: The design specific attribute override for lib_cell 'saed32_lvt|saed32_lvt_std:LASX1_LVT.timing' is set in the current block 'zigbee_F_cts', because the actual library setting may not be overwritten. (ATTR-12)
Information: The design specific attribute override for lib_cell 'saed32_lvt|saed32_lvt_std:LASX2_LVT.timing' is set in the current block 'zigbee_F_cts', because the actual library setting may not be overwritten. (ATTR-12)
Information: The design specific attribute override for lib_cell 'saed32_lvt|saed32_lvt_std:LATCHX1_LVT.timing' is set in the current block 'zigbee_F_cts', because the actual library setting may not be overwritten. (ATTR-12)
Information: The design specific attribute override for lib_cell 'saed32_lvt|saed32_lvt_std:LATCHX2_LVT.timing' is set in the current block 'zigbee_F_cts', because the actual library setting may not be overwritten. (ATTR-12)
Information: The design specific attribute override for lib_cell 'saed32_lvt|saed32_lvt_std:LNANDX1_LVT.timing' is set in the current block 'zigbee_F_cts', because the actual library setting may not be overwritten. (ATTR-12)
Information: The design specific attribute override for lib_cell 'saed32_lvt|saed32_lvt_std:LNANDX2_LVT.timing' is set in the current block 'zigbee_F_cts', because the actual library setting may not be overwritten. (ATTR-12)
Information: The design specific attribute override for lib_cell 'saed32_lvt|saed32_lvt_std:MUX21X1_LVT.timing' is set in the current block 'zigbee_F_cts', because the actual library setting may not be overwritten. (ATTR-12)
Information: The design specific attribute override for lib_cell 'saed32_lvt|saed32_lvt_std:MUX21X2_LVT.timing' is set in the current block 'zigbee_F_cts', because the actual library setting may not be overwritten. (ATTR-12)
Information: The design specific attribute override for lib_cell 'saed32_lvt|saed32_lvt_std:MUX41X1_LVT.timing' is set in the current block 'zigbee_F_cts', because the actual library setting may not be overwritten. (ATTR-12)
Information: The design specific attribute override for lib_cell 'saed32_lvt|saed32_lvt_std:MUX41X2_LVT.timing' is set in the current block 'zigbee_F_cts', because the actual library setting may not be overwritten. (ATTR-12)
Information: The design specific attribute override for lib_cell 'saed32_lvt|saed32_lvt_std:NAND2X0_LVT.timing' is set in the current block 'zigbee_F_cts', because the actual library setting may not be overwritten. (ATTR-12)
Information: The design specific attribute override for lib_cell 'saed32_lvt|saed32_lvt_std:NAND2X1_LVT.timing' is set in the current block 'zigbee_F_cts', because the actual library setting may not be overwritten. (ATTR-12)
Information: The design specific attribute override for lib_cell 'saed32_lvt|saed32_lvt_std:NAND2X2_LVT.timing' is set in the current block 'zigbee_F_cts', because the actual library setting may not be overwritten. (ATTR-12)
Information: The design specific attribute override for lib_cell 'saed32_lvt|saed32_lvt_std:NAND2X4_LVT.timing' is set in the current block 'zigbee_F_cts', because the actual library setting may not be overwritten. (ATTR-12)
Information: The design specific attribute override for lib_cell 'saed32_lvt|saed32_lvt_std:NAND3X0_LVT.timing' is set in the current block 'zigbee_F_cts', because the actual library setting may not be overwritten. (ATTR-12)
Information: The design specific attribute override for lib_cell 'saed32_lvt|saed32_lvt_std:NAND3X1_LVT.timing' is set in the current block 'zigbee_F_cts', because the actual library setting may not be overwritten. (ATTR-12)
Information: The design specific attribute override for lib_cell 'saed32_lvt|saed32_lvt_std:NAND3X2_LVT.timing' is set in the current block 'zigbee_F_cts', because the actual library setting may not be overwritten. (ATTR-12)
Information: The design specific attribute override for lib_cell 'saed32_lvt|saed32_lvt_std:NAND3X4_LVT.timing' is set in the current block 'zigbee_F_cts', because the actual library setting may not be overwritten. (ATTR-12)
Information: The design specific attribute override for lib_cell 'saed32_lvt|saed32_lvt_std:NAND4X0_LVT.timing' is set in the current block 'zigbee_F_cts', because the actual library setting may not be overwritten. (ATTR-12)
Information: The design specific attribute override for lib_cell 'saed32_lvt|saed32_lvt_std:NAND4X1_LVT.timing' is set in the current block 'zigbee_F_cts', because the actual library setting may not be overwritten. (ATTR-12)
Information: The design specific attribute override for lib_cell 'saed32_lvt|saed32_lvt_std:NBUFFX16_LVT.timing' is set in the current block 'zigbee_F_cts', because the actual library setting may not be overwritten. (ATTR-12)
Information: The design specific attribute override for lib_cell 'saed32_lvt|saed32_lvt_std:NBUFFX2_LVT.timing' is set in the current block 'zigbee_F_cts', because the actual library setting may not be overwritten. (ATTR-12)
Information: The design specific attribute override for lib_cell 'saed32_lvt|saed32_lvt_std:NBUFFX32_LVT.timing' is set in the current block 'zigbee_F_cts', because the actual library setting may not be overwritten. (ATTR-12)
Information: The design specific attribute override for lib_cell 'saed32_lvt|saed32_lvt_std:NBUFFX4_LVT.timing' is set in the current block 'zigbee_F_cts', because the actual library setting may not be overwritten. (ATTR-12)
Information: The design specific attribute override for lib_cell 'saed32_lvt|saed32_lvt_std:NBUFFX8_LVT.timing' is set in the current block 'zigbee_F_cts', because the actual library setting may not be overwritten. (ATTR-12)
Information: The design specific attribute override for lib_cell 'saed32_lvt|saed32_lvt_std:NMT1_LVT.timing' is set in the current block 'zigbee_F_cts', because the actual library setting may not be overwritten. (ATTR-12)
Information: The design specific attribute override for lib_cell 'saed32_lvt|saed32_lvt_std:NMT2_LVT.timing' is set in the current block 'zigbee_F_cts', because the actual library setting may not be overwritten. (ATTR-12)
Information: The design specific attribute override for lib_cell 'saed32_lvt|saed32_lvt_std:NMT3_LVT.timing' is set in the current block 'zigbee_F_cts', because the actual library setting may not be overwritten. (ATTR-12)
Information: The design specific attribute override for lib_cell 'saed32_lvt|saed32_lvt_std:NOR2X0_LVT.timing' is set in the current block 'zigbee_F_cts', because the actual library setting may not be overwritten. (ATTR-12)
Information: The design specific attribute override for lib_cell 'saed32_lvt|saed32_lvt_std:NOR2X1_LVT.timing' is set in the current block 'zigbee_F_cts', because the actual library setting may not be overwritten. (ATTR-12)
Information: The design specific attribute override for lib_cell 'saed32_lvt|saed32_lvt_std:NOR2X2_LVT.timing' is set in the current block 'zigbee_F_cts', because the actual library setting may not be overwritten. (ATTR-12)
Information: The design specific attribute override for lib_cell 'saed32_lvt|saed32_lvt_std:NOR2X4_LVT.timing' is set in the current block 'zigbee_F_cts', because the actual library setting may not be overwritten. (ATTR-12)
Information: The design specific attribute override for lib_cell 'saed32_lvt|saed32_lvt_std:NOR3X0_LVT.timing' is set in the current block 'zigbee_F_cts', because the actual library setting may not be overwritten. (ATTR-12)
Information: The design specific attribute override for lib_cell 'saed32_lvt|saed32_lvt_std:NOR3X1_LVT.timing' is set in the current block 'zigbee_F_cts', because the actual library setting may not be overwritten. (ATTR-12)
Information: The design specific attribute override for lib_cell 'saed32_lvt|saed32_lvt_std:NOR3X2_LVT.timing' is set in the current block 'zigbee_F_cts', because the actual library setting may not be overwritten. (ATTR-12)
Information: The design specific attribute override for lib_cell 'saed32_lvt|saed32_lvt_std:NOR3X4_LVT.timing' is set in the current block 'zigbee_F_cts', because the actual library setting may not be overwritten. (ATTR-12)
Information: The design specific attribute override for lib_cell 'saed32_lvt|saed32_lvt_std:NOR4X0_LVT.timing' is set in the current block 'zigbee_F_cts', because the actual library setting may not be overwritten. (ATTR-12)
Information: The design specific attribute override for lib_cell 'saed32_lvt|saed32_lvt_std:NOR4X1_LVT.timing' is set in the current block 'zigbee_F_cts', because the actual library setting may not be overwritten. (ATTR-12)
Information: The design specific attribute override for lib_cell 'saed32_lvt|saed32_lvt_std:OA21X1_LVT.timing' is set in the current block 'zigbee_F_cts', because the actual library setting may not be overwritten. (ATTR-12)
Information: The design specific attribute override for lib_cell 'saed32_lvt|saed32_lvt_std:OA21X2_LVT.timing' is set in the current block 'zigbee_F_cts', because the actual library setting may not be overwritten. (ATTR-12)
Information: The design specific attribute override for lib_cell 'saed32_lvt|saed32_lvt_std:OA221X1_LVT.timing' is set in the current block 'zigbee_F_cts', because the actual library setting may not be overwritten. (ATTR-12)
Information: The design specific attribute override for lib_cell 'saed32_lvt|saed32_lvt_std:OA221X2_LVT.timing' is set in the current block 'zigbee_F_cts', because the actual library setting may not be overwritten. (ATTR-12)
Information: The design specific attribute override for lib_cell 'saed32_lvt|saed32_lvt_std:OA222X1_LVT.timing' is set in the current block 'zigbee_F_cts', because the actual library setting may not be overwritten. (ATTR-12)
Information: The design specific attribute override for lib_cell 'saed32_lvt|saed32_lvt_std:OA222X2_LVT.timing' is set in the current block 'zigbee_F_cts', because the actual library setting may not be overwritten. (ATTR-12)
Information: The design specific attribute override for lib_cell 'saed32_lvt|saed32_lvt_std:OA22X1_LVT.timing' is set in the current block 'zigbee_F_cts', because the actual library setting may not be overwritten. (ATTR-12)
Information: The design specific attribute override for lib_cell 'saed32_lvt|saed32_lvt_std:OA22X2_LVT.timing' is set in the current block 'zigbee_F_cts', because the actual library setting may not be overwritten. (ATTR-12)
Information: The design specific attribute override for lib_cell 'saed32_lvt|saed32_lvt_std:OAI21X1_LVT.timing' is set in the current block 'zigbee_F_cts', because the actual library setting may not be overwritten. (ATTR-12)
Information: The design specific attribute override for lib_cell 'saed32_lvt|saed32_lvt_std:OAI21X2_LVT.timing' is set in the current block 'zigbee_F_cts', because the actual library setting may not be overwritten. (ATTR-12)
Information: The design specific attribute override for lib_cell 'saed32_lvt|saed32_lvt_std:OAI221X1_LVT.timing' is set in the current block 'zigbee_F_cts', because the actual library setting may not be overwritten. (ATTR-12)
Information: The design specific attribute override for lib_cell 'saed32_lvt|saed32_lvt_std:OAI221X2_LVT.timing' is set in the current block 'zigbee_F_cts', because the actual library setting may not be overwritten. (ATTR-12)
Information: The design specific attribute override for lib_cell 'saed32_lvt|saed32_lvt_std:OAI222X1_LVT.timing' is set in the current block 'zigbee_F_cts', because the actual library setting may not be overwritten. (ATTR-12)
Information: The design specific attribute override for lib_cell 'saed32_lvt|saed32_lvt_std:OAI222X2_LVT.timing' is set in the current block 'zigbee_F_cts', because the actual library setting may not be overwritten. (ATTR-12)
Information: The design specific attribute override for lib_cell 'saed32_lvt|saed32_lvt_std:OAI22X1_LVT.timing' is set in the current block 'zigbee_F_cts', because the actual library setting may not be overwritten. (ATTR-12)
Information: The design specific attribute override for lib_cell 'saed32_lvt|saed32_lvt_std:OAI22X2_LVT.timing' is set in the current block 'zigbee_F_cts', because the actual library setting may not be overwritten. (ATTR-12)
Information: The design specific attribute override for lib_cell 'saed32_lvt|saed32_lvt_std:OR2X1_LVT.timing' is set in the current block 'zigbee_F_cts', because the actual library setting may not be overwritten. (ATTR-12)
Information: The design specific attribute override for lib_cell 'saed32_lvt|saed32_lvt_std:OR2X2_LVT.timing' is set in the current block 'zigbee_F_cts', because the actual library setting may not be overwritten. (ATTR-12)
Information: The design specific attribute override for lib_cell 'saed32_lvt|saed32_lvt_std:OR2X4_LVT.timing' is set in the current block 'zigbee_F_cts', because the actual library setting may not be overwritten. (ATTR-12)
Information: The design specific attribute override for lib_cell 'saed32_lvt|saed32_lvt_std:OR3X1_LVT.timing' is set in the current block 'zigbee_F_cts', because the actual library setting may not be overwritten. (ATTR-12)
Information: The design specific attribute override for lib_cell 'saed32_lvt|saed32_lvt_std:OR3X2_LVT.timing' is set in the current block 'zigbee_F_cts', because the actual library setting may not be overwritten. (ATTR-12)
Information: The design specific attribute override for lib_cell 'saed32_lvt|saed32_lvt_std:OR3X4_LVT.timing' is set in the current block 'zigbee_F_cts', because the actual library setting may not be overwritten. (ATTR-12)
Information: The design specific attribute override for lib_cell 'saed32_lvt|saed32_lvt_std:OR4X1_LVT.timing' is set in the current block 'zigbee_F_cts', because the actual library setting may not be overwritten. (ATTR-12)
Information: The design specific attribute override for lib_cell 'saed32_lvt|saed32_lvt_std:OR4X2_LVT.timing' is set in the current block 'zigbee_F_cts', because the actual library setting may not be overwritten. (ATTR-12)
Information: The design specific attribute override for lib_cell 'saed32_lvt|saed32_lvt_std:OR4X4_LVT.timing' is set in the current block 'zigbee_F_cts', because the actual library setting may not be overwritten. (ATTR-12)
Information: The design specific attribute override for lib_cell 'saed32_lvt|saed32_lvt_std:PGX1_LVT.timing' is set in the current block 'zigbee_F_cts', because the actual library setting may not be overwritten. (ATTR-12)
Information: The design specific attribute override for lib_cell 'saed32_lvt|saed32_lvt_std:PGX2_LVT.timing' is set in the current block 'zigbee_F_cts', because the actual library setting may not be overwritten. (ATTR-12)
Information: The design specific attribute override for lib_cell 'saed32_lvt|saed32_lvt_std:PGX4_LVT.timing' is set in the current block 'zigbee_F_cts', because the actual library setting may not be overwritten. (ATTR-12)
Information: The design specific attribute override for lib_cell 'saed32_lvt|saed32_lvt_std:PMT1_LVT.timing' is set in the current block 'zigbee_F_cts', because the actual library setting may not be overwritten. (ATTR-12)
Information: The design specific attribute override for lib_cell 'saed32_lvt|saed32_lvt_std:PMT2_LVT.timing' is set in the current block 'zigbee_F_cts', because the actual library setting may not be overwritten. (ATTR-12)
Information: The design specific attribute override for lib_cell 'saed32_lvt|saed32_lvt_std:PMT3_LVT.timing' is set in the current block 'zigbee_F_cts', because the actual library setting may not be overwritten. (ATTR-12)
Information: The design specific attribute override for lib_cell 'saed32_lvt|saed32_lvt_std:RDFFARX1_LVT.timing' is set in the current block 'zigbee_F_cts', because the actual library setting may not be overwritten. (ATTR-12)
Information: The design specific attribute override for lib_cell 'saed32_lvt|saed32_lvt_std:RDFFARX2_LVT.timing' is set in the current block 'zigbee_F_cts', because the actual library setting may not be overwritten. (ATTR-12)
Information: The design specific attribute override for lib_cell 'saed32_lvt|saed32_lvt_std:RDFFNARX1_LVT.timing' is set in the current block 'zigbee_F_cts', because the actual library setting may not be overwritten. (ATTR-12)
Information: The design specific attribute override for lib_cell 'saed32_lvt|saed32_lvt_std:RDFFNARX2_LVT.timing' is set in the current block 'zigbee_F_cts', because the actual library setting may not be overwritten. (ATTR-12)
Information: The design specific attribute override for lib_cell 'saed32_lvt|saed32_lvt_std:RDFFNSRARX1_LVT.timing' is set in the current block 'zigbee_F_cts', because the actual library setting may not be overwritten. (ATTR-12)
Information: The design specific attribute override for lib_cell 'saed32_lvt|saed32_lvt_std:RDFFNSRARX2_LVT.timing' is set in the current block 'zigbee_F_cts', because the actual library setting may not be overwritten. (ATTR-12)
Information: The design specific attribute override for lib_cell 'saed32_lvt|saed32_lvt_std:RDFFNSRASRNX1_LVT.timing' is set in the current block 'zigbee_F_cts', because the actual library setting may not be overwritten. (ATTR-12)
Information: The design specific attribute override for lib_cell 'saed32_lvt|saed32_lvt_std:RDFFNSRASRNX2_LVT.timing' is set in the current block 'zigbee_F_cts', because the actual library setting may not be overwritten. (ATTR-12)
Information: The design specific attribute override for lib_cell 'saed32_lvt|saed32_lvt_std:RDFFNSRASRQX1_LVT.timing' is set in the current block 'zigbee_F_cts', because the actual library setting may not be overwritten. (ATTR-12)
Information: The design specific attribute override for lib_cell 'saed32_lvt|saed32_lvt_std:RDFFNSRASRQX2_LVT.timing' is set in the current block 'zigbee_F_cts', because the actual library setting may not be overwritten. (ATTR-12)
Information: The design specific attribute override for lib_cell 'saed32_lvt|saed32_lvt_std:RDFFNSRASRX1_LVT.timing' is set in the current block 'zigbee_F_cts', because the actual library setting may not be overwritten. (ATTR-12)
Information: The design specific attribute override for lib_cell 'saed32_lvt|saed32_lvt_std:RDFFNSRASRX2_LVT.timing' is set in the current block 'zigbee_F_cts', because the actual library setting may not be overwritten. (ATTR-12)
Information: The design specific attribute override for lib_cell 'saed32_lvt|saed32_lvt_std:RDFFNSRASX1_LVT.timing' is set in the current block 'zigbee_F_cts', because the actual library setting may not be overwritten. (ATTR-12)
Information: The design specific attribute override for lib_cell 'saed32_lvt|saed32_lvt_std:RDFFNSRASX2_LVT.timing' is set in the current block 'zigbee_F_cts', because the actual library setting may not be overwritten. (ATTR-12)
Information: The design specific attribute override for lib_cell 'saed32_lvt|saed32_lvt_std:RDFFNSRX1_LVT.timing' is set in the current block 'zigbee_F_cts', because the actual library setting may not be overwritten. (ATTR-12)
Information: The design specific attribute override for lib_cell 'saed32_lvt|saed32_lvt_std:RDFFNSRX2_LVT.timing' is set in the current block 'zigbee_F_cts', because the actual library setting may not be overwritten. (ATTR-12)
Information: The design specific attribute override for lib_cell 'saed32_lvt|saed32_lvt_std:RDFFNX1_LVT.timing' is set in the current block 'zigbee_F_cts', because the actual library setting may not be overwritten. (ATTR-12)
Information: The design specific attribute override for lib_cell 'saed32_lvt|saed32_lvt_std:RDFFNX2_LVT.timing' is set in the current block 'zigbee_F_cts', because the actual library setting may not be overwritten. (ATTR-12)
Information: The design specific attribute override for lib_cell 'saed32_lvt|saed32_lvt_std:RDFFSRARX1_LVT.timing' is set in the current block 'zigbee_F_cts', because the actual library setting may not be overwritten. (ATTR-12)
Information: The design specific attribute override for lib_cell 'saed32_lvt|saed32_lvt_std:RDFFSRARX2_LVT.timing' is set in the current block 'zigbee_F_cts', because the actual library setting may not be overwritten. (ATTR-12)
Information: The design specific attribute override for lib_cell 'saed32_lvt|saed32_lvt_std:RDFFSRASRX1_LVT.timing' is set in the current block 'zigbee_F_cts', because the actual library setting may not be overwritten. (ATTR-12)
Information: The design specific attribute override for lib_cell 'saed32_lvt|saed32_lvt_std:RDFFSRASRX2_LVT.timing' is set in the current block 'zigbee_F_cts', because the actual library setting may not be overwritten. (ATTR-12)
Information: The design specific attribute override for lib_cell 'saed32_lvt|saed32_lvt_std:RDFFSRASX1_LVT.timing' is set in the current block 'zigbee_F_cts', because the actual library setting may not be overwritten. (ATTR-12)
Information: The design specific attribute override for lib_cell 'saed32_lvt|saed32_lvt_std:RDFFSRASX2_LVT.timing' is set in the current block 'zigbee_F_cts', because the actual library setting may not be overwritten. (ATTR-12)
Information: The design specific attribute override for lib_cell 'saed32_lvt|saed32_lvt_std:RDFFSRSSRX1_LVT.timing' is set in the current block 'zigbee_F_cts', because the actual library setting may not be overwritten. (ATTR-12)
Information: The design specific attribute override for lib_cell 'saed32_lvt|saed32_lvt_std:RDFFSRSSRX2_LVT.timing' is set in the current block 'zigbee_F_cts', because the actual library setting may not be overwritten. (ATTR-12)
Information: The design specific attribute override for lib_cell 'saed32_lvt|saed32_lvt_std:RDFFSRX1_LVT.timing' is set in the current block 'zigbee_F_cts', because the actual library setting may not be overwritten. (ATTR-12)
Information: The design specific attribute override for lib_cell 'saed32_lvt|saed32_lvt_std:RDFFSRX2_LVT.timing' is set in the current block 'zigbee_F_cts', because the actual library setting may not be overwritten. (ATTR-12)
Information: The design specific attribute override for lib_cell 'saed32_lvt|saed32_lvt_std:RDFFX1_LVT.timing' is set in the current block 'zigbee_F_cts', because the actual library setting may not be overwritten. (ATTR-12)
Information: The design specific attribute override for lib_cell 'saed32_lvt|saed32_lvt_std:RDFFX2_LVT.timing' is set in the current block 'zigbee_F_cts', because the actual library setting may not be overwritten. (ATTR-12)
Information: The design specific attribute override for lib_cell 'saed32_lvt|saed32_lvt_std:RSDFFARX1_LVT.timing' is set in the current block 'zigbee_F_cts', because the actual library setting may not be overwritten. (ATTR-12)
Information: The design specific attribute override for lib_cell 'saed32_lvt|saed32_lvt_std:RSDFFARX2_LVT.timing' is set in the current block 'zigbee_F_cts', because the actual library setting may not be overwritten. (ATTR-12)
Information: The design specific attribute override for lib_cell 'saed32_lvt|saed32_lvt_std:RSDFFNARX1_LVT.timing' is set in the current block 'zigbee_F_cts', because the actual library setting may not be overwritten. (ATTR-12)
Information: The design specific attribute override for lib_cell 'saed32_lvt|saed32_lvt_std:RSDFFNARX2_LVT.timing' is set in the current block 'zigbee_F_cts', because the actual library setting may not be overwritten. (ATTR-12)
Information: The design specific attribute override for lib_cell 'saed32_lvt|saed32_lvt_std:RSDFFNSRARX1_LVT.timing' is set in the current block 'zigbee_F_cts', because the actual library setting may not be overwritten. (ATTR-12)
Information: The design specific attribute override for lib_cell 'saed32_lvt|saed32_lvt_std:RSDFFNSRARX2_LVT.timing' is set in the current block 'zigbee_F_cts', because the actual library setting may not be overwritten. (ATTR-12)
Information: The design specific attribute override for lib_cell 'saed32_lvt|saed32_lvt_std:RSDFFNSRASRNX1_LVT.timing' is set in the current block 'zigbee_F_cts', because the actual library setting may not be overwritten. (ATTR-12)
Information: The design specific attribute override for lib_cell 'saed32_lvt|saed32_lvt_std:RSDFFNSRASRNX2_LVT.timing' is set in the current block 'zigbee_F_cts', because the actual library setting may not be overwritten. (ATTR-12)
Information: The design specific attribute override for lib_cell 'saed32_lvt|saed32_lvt_std:RSDFFNSRASRQX1_LVT.timing' is set in the current block 'zigbee_F_cts', because the actual library setting may not be overwritten. (ATTR-12)
Information: The design specific attribute override for lib_cell 'saed32_lvt|saed32_lvt_std:RSDFFNSRASRQX2_LVT.timing' is set in the current block 'zigbee_F_cts', because the actual library setting may not be overwritten. (ATTR-12)
Information: The design specific attribute override for lib_cell 'saed32_lvt|saed32_lvt_std:RSDFFNSRASRX1_LVT.timing' is set in the current block 'zigbee_F_cts', because the actual library setting may not be overwritten. (ATTR-12)
Information: The design specific attribute override for lib_cell 'saed32_lvt|saed32_lvt_std:RSDFFNSRASRX2_LVT.timing' is set in the current block 'zigbee_F_cts', because the actual library setting may not be overwritten. (ATTR-12)
Information: The design specific attribute override for lib_cell 'saed32_lvt|saed32_lvt_std:RSDFFNSRASX1_LVT.timing' is set in the current block 'zigbee_F_cts', because the actual library setting may not be overwritten. (ATTR-12)
Information: The design specific attribute override for lib_cell 'saed32_lvt|saed32_lvt_std:RSDFFNSRASX2_LVT.timing' is set in the current block 'zigbee_F_cts', because the actual library setting may not be overwritten. (ATTR-12)
Information: The design specific attribute override for lib_cell 'saed32_lvt|saed32_lvt_std:RSDFFNSRX1_LVT.timing' is set in the current block 'zigbee_F_cts', because the actual library setting may not be overwritten. (ATTR-12)
Information: The design specific attribute override for lib_cell 'saed32_lvt|saed32_lvt_std:RSDFFNSRX2_LVT.timing' is set in the current block 'zigbee_F_cts', because the actual library setting may not be overwritten. (ATTR-12)
Information: The design specific attribute override for lib_cell 'saed32_lvt|saed32_lvt_std:RSDFFNX1_LVT.timing' is set in the current block 'zigbee_F_cts', because the actual library setting may not be overwritten. (ATTR-12)
Information: The design specific attribute override for lib_cell 'saed32_lvt|saed32_lvt_std:RSDFFNX2_LVT.timing' is set in the current block 'zigbee_F_cts', because the actual library setting may not be overwritten. (ATTR-12)
Information: The design specific attribute override for lib_cell 'saed32_lvt|saed32_lvt_std:RSDFFSRARX1_LVT.timing' is set in the current block 'zigbee_F_cts', because the actual library setting may not be overwritten. (ATTR-12)
Information: The design specific attribute override for lib_cell 'saed32_lvt|saed32_lvt_std:RSDFFSRARX2_LVT.timing' is set in the current block 'zigbee_F_cts', because the actual library setting may not be overwritten. (ATTR-12)
Information: The design specific attribute override for lib_cell 'saed32_lvt|saed32_lvt_std:RSDFFSRASRX1_LVT.timing' is set in the current block 'zigbee_F_cts', because the actual library setting may not be overwritten. (ATTR-12)
Information: The design specific attribute override for lib_cell 'saed32_lvt|saed32_lvt_std:RSDFFSRASRX2_LVT.timing' is set in the current block 'zigbee_F_cts', because the actual library setting may not be overwritten. (ATTR-12)
Information: The design specific attribute override for lib_cell 'saed32_lvt|saed32_lvt_std:RSDFFSRASX1_LVT.timing' is set in the current block 'zigbee_F_cts', because the actual library setting may not be overwritten. (ATTR-12)
Information: The design specific attribute override for lib_cell 'saed32_lvt|saed32_lvt_std:RSDFFSRASX2_LVT.timing' is set in the current block 'zigbee_F_cts', because the actual library setting may not be overwritten. (ATTR-12)
Information: The design specific attribute override for lib_cell 'saed32_lvt|saed32_lvt_std:RSDFFSRSSRX1_LVT.timing' is set in the current block 'zigbee_F_cts', because the actual library setting may not be overwritten. (ATTR-12)
Information: The design specific attribute override for lib_cell 'saed32_lvt|saed32_lvt_std:RSDFFSRSSRX2_LVT.timing' is set in the current block 'zigbee_F_cts', because the actual library setting may not be overwritten. (ATTR-12)
Information: The design specific attribute override for lib_cell 'saed32_lvt|saed32_lvt_std:RSDFFSRX1_LVT.timing' is set in the current block 'zigbee_F_cts', because the actual library setting may not be overwritten. (ATTR-12)
Information: The design specific attribute override for lib_cell 'saed32_lvt|saed32_lvt_std:RSDFFSRX2_LVT.timing' is set in the current block 'zigbee_F_cts', because the actual library setting may not be overwritten. (ATTR-12)
Information: The design specific attribute override for lib_cell 'saed32_lvt|saed32_lvt_std:RSDFFX1_LVT.timing' is set in the current block 'zigbee_F_cts', because the actual library setting may not be overwritten. (ATTR-12)
Information: The design specific attribute override for lib_cell 'saed32_lvt|saed32_lvt_std:RSDFFX2_LVT.timing' is set in the current block 'zigbee_F_cts', because the actual library setting may not be overwritten. (ATTR-12)
Information: The design specific attribute override for lib_cell 'saed32_lvt|saed32_lvt_std:SDFFARX1_LVT.timing' is set in the current block 'zigbee_F_cts', because the actual library setting may not be overwritten. (ATTR-12)
Information: The design specific attribute override for lib_cell 'saed32_lvt|saed32_lvt_std:SDFFARX2_LVT.timing' is set in the current block 'zigbee_F_cts', because the actual library setting may not be overwritten. (ATTR-12)
Information: The design specific attribute override for lib_cell 'saed32_lvt|saed32_lvt_std:SDFFASRSX1_LVT.timing' is set in the current block 'zigbee_F_cts', because the actual library setting may not be overwritten. (ATTR-12)
Information: The design specific attribute override for lib_cell 'saed32_lvt|saed32_lvt_std:SDFFASRSX2_LVT.timing' is set in the current block 'zigbee_F_cts', because the actual library setting may not be overwritten. (ATTR-12)
Information: The design specific attribute override for lib_cell 'saed32_lvt|saed32_lvt_std:SDFFASRX1_LVT.timing' is set in the current block 'zigbee_F_cts', because the actual library setting may not be overwritten. (ATTR-12)
Information: The design specific attribute override for lib_cell 'saed32_lvt|saed32_lvt_std:SDFFASRX2_LVT.timing' is set in the current block 'zigbee_F_cts', because the actual library setting may not be overwritten. (ATTR-12)
Information: The design specific attribute override for lib_cell 'saed32_lvt|saed32_lvt_std:SDFFASX1_LVT.timing' is set in the current block 'zigbee_F_cts', because the actual library setting may not be overwritten. (ATTR-12)
Information: The design specific attribute override for lib_cell 'saed32_lvt|saed32_lvt_std:SDFFASX2_LVT.timing' is set in the current block 'zigbee_F_cts', because the actual library setting may not be overwritten. (ATTR-12)
Information: The design specific attribute override for lib_cell 'saed32_lvt|saed32_lvt_std:SDFFNARX1_LVT.timing' is set in the current block 'zigbee_F_cts', because the actual library setting may not be overwritten. (ATTR-12)
Information: The design specific attribute override for lib_cell 'saed32_lvt|saed32_lvt_std:SDFFNARX2_LVT.timing' is set in the current block 'zigbee_F_cts', because the actual library setting may not be overwritten. (ATTR-12)
Information: The design specific attribute override for lib_cell 'saed32_lvt|saed32_lvt_std:SDFFNASRX1_LVT.timing' is set in the current block 'zigbee_F_cts', because the actual library setting may not be overwritten. (ATTR-12)
Information: The design specific attribute override for lib_cell 'saed32_lvt|saed32_lvt_std:SDFFNASRX2_LVT.timing' is set in the current block 'zigbee_F_cts', because the actual library setting may not be overwritten. (ATTR-12)
Information: The design specific attribute override for lib_cell 'saed32_lvt|saed32_lvt_std:SDFFNASX1_LVT.timing' is set in the current block 'zigbee_F_cts', because the actual library setting may not be overwritten. (ATTR-12)
Information: The design specific attribute override for lib_cell 'saed32_lvt|saed32_lvt_std:SDFFNASX2_LVT.timing' is set in the current block 'zigbee_F_cts', because the actual library setting may not be overwritten. (ATTR-12)
Information: The design specific attribute override for lib_cell 'saed32_lvt|saed32_lvt_std:SDFFNX1_LVT.timing' is set in the current block 'zigbee_F_cts', because the actual library setting may not be overwritten. (ATTR-12)
Information: The design specific attribute override for lib_cell 'saed32_lvt|saed32_lvt_std:SDFFNX2_LVT.timing' is set in the current block 'zigbee_F_cts', because the actual library setting may not be overwritten. (ATTR-12)
Information: The design specific attribute override for lib_cell 'saed32_lvt|saed32_lvt_std:SDFFSSRX1_LVT.timing' is set in the current block 'zigbee_F_cts', because the actual library setting may not be overwritten. (ATTR-12)
Information: The design specific attribute override for lib_cell 'saed32_lvt|saed32_lvt_std:SDFFSSRX2_LVT.timing' is set in the current block 'zigbee_F_cts', because the actual library setting may not be overwritten. (ATTR-12)
Information: The design specific attribute override for lib_cell 'saed32_lvt|saed32_lvt_std:SDFFX1_LVT.timing' is set in the current block 'zigbee_F_cts', because the actual library setting may not be overwritten. (ATTR-12)
Information: The design specific attribute override for lib_cell 'saed32_lvt|saed32_lvt_std:SDFFX2_LVT.timing' is set in the current block 'zigbee_F_cts', because the actual library setting may not be overwritten. (ATTR-12)
Information: The design specific attribute override for lib_cell 'saed32_lvt|saed32_lvt_std:SHFILL128_LVT.timing' is set in the current block 'zigbee_F_cts', because the actual library setting may not be overwritten. (ATTR-12)
Information: The design specific attribute override for lib_cell 'saed32_lvt|saed32_lvt_std:SHFILL1_LVT.timing' is set in the current block 'zigbee_F_cts', because the actual library setting may not be overwritten. (ATTR-12)
Information: The design specific attribute override for lib_cell 'saed32_lvt|saed32_lvt_std:SHFILL2_LVT.timing' is set in the current block 'zigbee_F_cts', because the actual library setting may not be overwritten. (ATTR-12)
Information: The design specific attribute override for lib_cell 'saed32_lvt|saed32_lvt_std:SHFILL3_LVT.timing' is set in the current block 'zigbee_F_cts', because the actual library setting may not be overwritten. (ATTR-12)
Information: The design specific attribute override for lib_cell 'saed32_lvt|saed32_lvt_std:SHFILL64_LVT.timing' is set in the current block 'zigbee_F_cts', because the actual library setting may not be overwritten. (ATTR-12)
Information: The design specific attribute override for lib_cell 'saed32_lvt|saed32_lvt_std:TIEH_LVT.timing' is set in the current block 'zigbee_F_cts', because the actual library setting may not be overwritten. (ATTR-12)
Information: The design specific attribute override for lib_cell 'saed32_lvt|saed32_lvt_std:TIEL_LVT.timing' is set in the current block 'zigbee_F_cts', because the actual library setting may not be overwritten. (ATTR-12)
Information: The design specific attribute override for lib_cell 'saed32_lvt|saed32_lvt_std:TNBUFFX16_LVT.timing' is set in the current block 'zigbee_F_cts', because the actual library setting may not be overwritten. (ATTR-12)
Information: The design specific attribute override for lib_cell 'saed32_lvt|saed32_lvt_std:TNBUFFX1_LVT.timing' is set in the current block 'zigbee_F_cts', because the actual library setting may not be overwritten. (ATTR-12)
Information: The design specific attribute override for lib_cell 'saed32_lvt|saed32_lvt_std:TNBUFFX2_LVT.timing' is set in the current block 'zigbee_F_cts', because the actual library setting may not be overwritten. (ATTR-12)
Information: The design specific attribute override for lib_cell 'saed32_lvt|saed32_lvt_std:TNBUFFX32_LVT.timing' is set in the current block 'zigbee_F_cts', because the actual library setting may not be overwritten. (ATTR-12)
Information: The design specific attribute override for lib_cell 'saed32_lvt|saed32_lvt_std:TNBUFFX4_LVT.timing' is set in the current block 'zigbee_F_cts', because the actual library setting may not be overwritten. (ATTR-12)
Information: The design specific attribute override for lib_cell 'saed32_lvt|saed32_lvt_std:TNBUFFX8_LVT.timing' is set in the current block 'zigbee_F_cts', because the actual library setting may not be overwritten. (ATTR-12)
Information: The design specific attribute override for lib_cell 'saed32_lvt|saed32_lvt_std:XNOR2X1_LVT.timing' is set in the current block 'zigbee_F_cts', because the actual library setting may not be overwritten. (ATTR-12)
Information: The design specific attribute override for lib_cell 'saed32_lvt|saed32_lvt_std:XNOR2X2_LVT.timing' is set in the current block 'zigbee_F_cts', because the actual library setting may not be overwritten. (ATTR-12)
Information: The design specific attribute override for lib_cell 'saed32_lvt|saed32_lvt_std:XNOR3X1_LVT.timing' is set in the current block 'zigbee_F_cts', because the actual library setting may not be overwritten. (ATTR-12)
Information: The design specific attribute override for lib_cell 'saed32_lvt|saed32_lvt_std:XNOR3X2_LVT.timing' is set in the current block 'zigbee_F_cts', because the actual library setting may not be overwritten. (ATTR-12)
Information: The design specific attribute override for lib_cell 'saed32_lvt|saed32_lvt_std:XOR2X1_LVT.timing' is set in the current block 'zigbee_F_cts', because the actual library setting may not be overwritten. (ATTR-12)
Information: The design specific attribute override for lib_cell 'saed32_lvt|saed32_lvt_std:XOR2X2_LVT.timing' is set in the current block 'zigbee_F_cts', because the actual library setting may not be overwritten. (ATTR-12)
Information: The design specific attribute override for lib_cell 'saed32_lvt|saed32_lvt_std:XOR3X1_LVT.timing' is set in the current block 'zigbee_F_cts', because the actual library setting may not be overwritten. (ATTR-12)
Information: The design specific attribute override for lib_cell 'saed32_lvt|saed32_lvt_std:XOR3X2_LVT.timing' is set in the current block 'zigbee_F_cts', because the actual library setting may not be overwritten. (ATTR-12)
Information: The design specific attribute override for lib_cell 'saed32_lvt|saed32_lvt_pg:FOOT2X16_LVT.timing' is set in the current block 'zigbee_F_cts', because the actual library setting may not be overwritten. (ATTR-12)
Information: The design specific attribute override for lib_cell 'saed32_lvt|saed32_lvt_pg:FOOT2X2_LVT.timing' is set in the current block 'zigbee_F_cts', because the actual library setting may not be overwritten. (ATTR-12)
Information: The design specific attribute override for lib_cell 'saed32_lvt|saed32_lvt_pg:FOOT2X32_LVT.timing' is set in the current block 'zigbee_F_cts', because the actual library setting may not be overwritten. (ATTR-12)
Information: The design specific attribute override for lib_cell 'saed32_lvt|saed32_lvt_pg:FOOT2X4_LVT.timing' is set in the current block 'zigbee_F_cts', because the actual library setting may not be overwritten. (ATTR-12)
Information: The design specific attribute override for lib_cell 'saed32_lvt|saed32_lvt_pg:FOOT2X8_LVT.timing' is set in the current block 'zigbee_F_cts', because the actual library setting may not be overwritten. (ATTR-12)
Information: The design specific attribute override for lib_cell 'saed32_lvt|saed32_lvt_pg:FOOTX16_LVT.timing' is set in the current block 'zigbee_F_cts', because the actual library setting may not be overwritten. (ATTR-12)
Information: The design specific attribute override for lib_cell 'saed32_lvt|saed32_lvt_pg:FOOTX2_LVT.timing' is set in the current block 'zigbee_F_cts', because the actual library setting may not be overwritten. (ATTR-12)
Information: The design specific attribute override for lib_cell 'saed32_lvt|saed32_lvt_pg:FOOTX32_LVT.timing' is set in the current block 'zigbee_F_cts', because the actual library setting may not be overwritten. (ATTR-12)
Information: The design specific attribute override for lib_cell 'saed32_lvt|saed32_lvt_pg:FOOTX4_LVT.timing' is set in the current block 'zigbee_F_cts', because the actual library setting may not be overwritten. (ATTR-12)
Information: The design specific attribute override for lib_cell 'saed32_lvt|saed32_lvt_pg:FOOTX8_LVT.timing' is set in the current block 'zigbee_F_cts', because the actual library setting may not be overwritten. (ATTR-12)
Information: The design specific attribute override for lib_cell 'saed32_lvt|saed32_lvt_pg:HEAD2X16_LVT.timing' is set in the current block 'zigbee_F_cts', because the actual library setting may not be overwritten. (ATTR-12)
Information: The design specific attribute override for lib_cell 'saed32_lvt|saed32_lvt_pg:HEAD2X2_LVT.timing' is set in the current block 'zigbee_F_cts', because the actual library setting may not be overwritten. (ATTR-12)
Information: The design specific attribute override for lib_cell 'saed32_lvt|saed32_lvt_pg:HEAD2X32_LVT.timing' is set in the current block 'zigbee_F_cts', because the actual library setting may not be overwritten. (ATTR-12)
Information: The design specific attribute override for lib_cell 'saed32_lvt|saed32_lvt_pg:HEAD2X4_LVT.timing' is set in the current block 'zigbee_F_cts', because the actual library setting may not be overwritten. (ATTR-12)
Information: The design specific attribute override for lib_cell 'saed32_lvt|saed32_lvt_pg:HEAD2X8_LVT.timing' is set in the current block 'zigbee_F_cts', because the actual library setting may not be overwritten. (ATTR-12)
Information: The design specific attribute override for lib_cell 'saed32_lvt|saed32_lvt_pg:HEADX16_LVT.timing' is set in the current block 'zigbee_F_cts', because the actual library setting may not be overwritten. (ATTR-12)
Information: The design specific attribute override for lib_cell 'saed32_lvt|saed32_lvt_pg:HEADX2_LVT.timing' is set in the current block 'zigbee_F_cts', because the actual library setting may not be overwritten. (ATTR-12)
Information: The design specific attribute override for lib_cell 'saed32_lvt|saed32_lvt_pg:HEADX32_LVT.timing' is set in the current block 'zigbee_F_cts', because the actual library setting may not be overwritten. (ATTR-12)
Information: The design specific attribute override for lib_cell 'saed32_lvt|saed32_lvt_pg:HEADX4_LVT.timing' is set in the current block 'zigbee_F_cts', because the actual library setting may not be overwritten. (ATTR-12)
Information: The design specific attribute override for lib_cell 'saed32_lvt|saed32_lvt_pg:HEADX8_LVT.timing' is set in the current block 'zigbee_F_cts', because the actual library setting may not be overwritten. (ATTR-12)
Information: The design specific attribute override for lib_cell 'saed32_lvt|saed32_lvt_lsdn:LSDNENCLSSX1_LVT.timing' is set in the current block 'zigbee_F_cts', because the actual library setting may not be overwritten. (ATTR-12)
Information: The design specific attribute override for lib_cell 'saed32_lvt|saed32_lvt_lsdn:LSDNENCLSSX2_LVT.timing' is set in the current block 'zigbee_F_cts', because the actual library setting may not be overwritten. (ATTR-12)
Information: The design specific attribute override for lib_cell 'saed32_lvt|saed32_lvt_lsdn:LSDNENCLSSX4_LVT.timing' is set in the current block 'zigbee_F_cts', because the actual library setting may not be overwritten. (ATTR-12)
Information: The design specific attribute override for lib_cell 'saed32_lvt|saed32_lvt_lsdn:LSDNENCLSSX8_LVT.timing' is set in the current block 'zigbee_F_cts', because the actual library setting may not be overwritten. (ATTR-12)
Information: The design specific attribute override for lib_cell 'saed32_lvt|saed32_lvt_lsdn:LSDNENCLX1_LVT.timing' is set in the current block 'zigbee_F_cts', because the actual library setting may not be overwritten. (ATTR-12)
Information: The design specific attribute override for lib_cell 'saed32_lvt|saed32_lvt_lsdn:LSDNENCLX2_LVT.timing' is set in the current block 'zigbee_F_cts', because the actual library setting may not be overwritten. (ATTR-12)
Information: The design specific attribute override for lib_cell 'saed32_lvt|saed32_lvt_lsdn:LSDNENCLX4_LVT.timing' is set in the current block 'zigbee_F_cts', because the actual library setting may not be overwritten. (ATTR-12)
Information: The design specific attribute override for lib_cell 'saed32_lvt|saed32_lvt_lsdn:LSDNENCLX8_LVT.timing' is set in the current block 'zigbee_F_cts', because the actual library setting may not be overwritten. (ATTR-12)
Information: The design specific attribute override for lib_cell 'saed32_lvt|saed32_lvt_lsdn:LSDNENSSX1_LVT.timing' is set in the current block 'zigbee_F_cts', because the actual library setting may not be overwritten. (ATTR-12)
Information: The design specific attribute override for lib_cell 'saed32_lvt|saed32_lvt_lsdn:LSDNENSSX2_LVT.timing' is set in the current block 'zigbee_F_cts', because the actual library setting may not be overwritten. (ATTR-12)
Information: The design specific attribute override for lib_cell 'saed32_lvt|saed32_lvt_lsdn:LSDNENSSX4_LVT.timing' is set in the current block 'zigbee_F_cts', because the actual library setting may not be overwritten. (ATTR-12)
Information: The design specific attribute override for lib_cell 'saed32_lvt|saed32_lvt_lsdn:LSDNENSSX8_LVT.timing' is set in the current block 'zigbee_F_cts', because the actual library setting may not be overwritten. (ATTR-12)
Information: The design specific attribute override for lib_cell 'saed32_lvt|saed32_lvt_lsdn:LSDNENX1_LVT.timing' is set in the current block 'zigbee_F_cts', because the actual library setting may not be overwritten. (ATTR-12)
Information: The design specific attribute override for lib_cell 'saed32_lvt|saed32_lvt_lsdn:LSDNENX2_LVT.timing' is set in the current block 'zigbee_F_cts', because the actual library setting may not be overwritten. (ATTR-12)
Information: The design specific attribute override for lib_cell 'saed32_lvt|saed32_lvt_lsdn:LSDNENX4_LVT.timing' is set in the current block 'zigbee_F_cts', because the actual library setting may not be overwritten. (ATTR-12)
Information: The design specific attribute override for lib_cell 'saed32_lvt|saed32_lvt_lsdn:LSDNENX8_LVT.timing' is set in the current block 'zigbee_F_cts', because the actual library setting may not be overwritten. (ATTR-12)
Information: The design specific attribute override for lib_cell 'saed32_lvt|saed32_lvt_lsdn:LSDNSSX1_LVT.timing' is set in the current block 'zigbee_F_cts', because the actual library setting may not be overwritten. (ATTR-12)
Information: The design specific attribute override for lib_cell 'saed32_lvt|saed32_lvt_lsdn:LSDNSSX2_LVT.timing' is set in the current block 'zigbee_F_cts', because the actual library setting may not be overwritten. (ATTR-12)
Information: The design specific attribute override for lib_cell 'saed32_lvt|saed32_lvt_lsdn:LSDNSSX4_LVT.timing' is set in the current block 'zigbee_F_cts', because the actual library setting may not be overwritten. (ATTR-12)
Information: The design specific attribute override for lib_cell 'saed32_lvt|saed32_lvt_lsdn:LSDNSSX8_LVT.timing' is set in the current block 'zigbee_F_cts', because the actual library setting may not be overwritten. (ATTR-12)
Information: The design specific attribute override for lib_cell 'saed32_lvt|saed32_lvt_lsdn:LSDNX1_LVT.timing' is set in the current block 'zigbee_F_cts', because the actual library setting may not be overwritten. (ATTR-12)
Information: The design specific attribute override for lib_cell 'saed32_lvt|saed32_lvt_lsdn:LSDNX2_LVT.timing' is set in the current block 'zigbee_F_cts', because the actual library setting may not be overwritten. (ATTR-12)
Information: The design specific attribute override for lib_cell 'saed32_lvt|saed32_lvt_lsdn:LSDNX4_LVT.timing' is set in the current block 'zigbee_F_cts', because the actual library setting may not be overwritten. (ATTR-12)
Information: The design specific attribute override for lib_cell 'saed32_lvt|saed32_lvt_lsdn:LSDNX8_LVT.timing' is set in the current block 'zigbee_F_cts', because the actual library setting may not be overwritten. (ATTR-12)
Information: The design specific attribute override for lib_cell 'saed32_lvt|saed32_lvt_lsup:LSUPENCLX1_LVT.timing' is set in the current block 'zigbee_F_cts', because the actual library setting may not be overwritten. (ATTR-12)
Information: The design specific attribute override for lib_cell 'saed32_lvt|saed32_lvt_lsup:LSUPENCLX2_LVT.timing' is set in the current block 'zigbee_F_cts', because the actual library setting may not be overwritten. (ATTR-12)
Information: The design specific attribute override for lib_cell 'saed32_lvt|saed32_lvt_lsup:LSUPENCLX4_LVT.timing' is set in the current block 'zigbee_F_cts', because the actual library setting may not be overwritten. (ATTR-12)
Information: The design specific attribute override for lib_cell 'saed32_lvt|saed32_lvt_lsup:LSUPENCLX8_LVT.timing' is set in the current block 'zigbee_F_cts', because the actual library setting may not be overwritten. (ATTR-12)
Information: The design specific attribute override for lib_cell 'saed32_lvt|saed32_lvt_lsup:LSUPENX1_LVT.timing' is set in the current block 'zigbee_F_cts', because the actual library setting may not be overwritten. (ATTR-12)
Information: The design specific attribute override for lib_cell 'saed32_lvt|saed32_lvt_lsup:LSUPENX2_LVT.timing' is set in the current block 'zigbee_F_cts', because the actual library setting may not be overwritten. (ATTR-12)
Information: The design specific attribute override for lib_cell 'saed32_lvt|saed32_lvt_lsup:LSUPENX4_LVT.timing' is set in the current block 'zigbee_F_cts', because the actual library setting may not be overwritten. (ATTR-12)
Information: The design specific attribute override for lib_cell 'saed32_lvt|saed32_lvt_lsup:LSUPENX8_LVT.timing' is set in the current block 'zigbee_F_cts', because the actual library setting may not be overwritten. (ATTR-12)
Information: The design specific attribute override for lib_cell 'saed32_lvt|saed32_lvt_lsup:LSUPX1_LVT.timing' is set in the current block 'zigbee_F_cts', because the actual library setting may not be overwritten. (ATTR-12)
Information: The design specific attribute override for lib_cell 'saed32_lvt|saed32_lvt_lsup:LSUPX2_LVT.timing' is set in the current block 'zigbee_F_cts', because the actual library setting may not be overwritten. (ATTR-12)
Information: The design specific attribute override for lib_cell 'saed32_lvt|saed32_lvt_lsup:LSUPX4_LVT.timing' is set in the current block 'zigbee_F_cts', because the actual library setting may not be overwritten. (ATTR-12)
Information: The design specific attribute override for lib_cell 'saed32_lvt|saed32_lvt_lsup:LSUPX8_LVT.timing' is set in the current block 'zigbee_F_cts', because the actual library setting may not be overwritten. (ATTR-12)
Information: The design specific attribute override for lib_cell 'saed32_rvt|saed32_rvt_std:AND2X1_RVT.timing' is set in the current block 'zigbee_F_cts', because the actual library setting may not be overwritten. (ATTR-12)
Information: The design specific attribute override for lib_cell 'saed32_rvt|saed32_rvt_std:AND2X2_RVT.timing' is set in the current block 'zigbee_F_cts', because the actual library setting may not be overwritten. (ATTR-12)
Information: The design specific attribute override for lib_cell 'saed32_rvt|saed32_rvt_std:AND2X4_RVT.timing' is set in the current block 'zigbee_F_cts', because the actual library setting may not be overwritten. (ATTR-12)
Information: The design specific attribute override for lib_cell 'saed32_rvt|saed32_rvt_std:AND3X1_RVT.timing' is set in the current block 'zigbee_F_cts', because the actual library setting may not be overwritten. (ATTR-12)
Information: The design specific attribute override for lib_cell 'saed32_rvt|saed32_rvt_std:AND3X2_RVT.timing' is set in the current block 'zigbee_F_cts', because the actual library setting may not be overwritten. (ATTR-12)
Information: The design specific attribute override for lib_cell 'saed32_rvt|saed32_rvt_std:AND3X4_RVT.timing' is set in the current block 'zigbee_F_cts', because the actual library setting may not be overwritten. (ATTR-12)
Information: The design specific attribute override for lib_cell 'saed32_rvt|saed32_rvt_std:AND4X1_RVT.timing' is set in the current block 'zigbee_F_cts', because the actual library setting may not be overwritten. (ATTR-12)
Information: The design specific attribute override for lib_cell 'saed32_rvt|saed32_rvt_std:AND4X2_RVT.timing' is set in the current block 'zigbee_F_cts', because the actual library setting may not be overwritten. (ATTR-12)
Information: The design specific attribute override for lib_cell 'saed32_rvt|saed32_rvt_std:AND4X4_RVT.timing' is set in the current block 'zigbee_F_cts', because the actual library setting may not be overwritten. (ATTR-12)
Information: The design specific attribute override for lib_cell 'saed32_rvt|saed32_rvt_std:ANTENNA_RVT.timing' is set in the current block 'zigbee_F_cts', because the actual library setting may not be overwritten. (ATTR-12)
Information: The design specific attribute override for lib_cell 'saed32_rvt|saed32_rvt_std:AO21X1_RVT.timing' is set in the current block 'zigbee_F_cts', because the actual library setting may not be overwritten. (ATTR-12)
Information: The design specific attribute override for lib_cell 'saed32_rvt|saed32_rvt_std:AO21X2_RVT.timing' is set in the current block 'zigbee_F_cts', because the actual library setting may not be overwritten. (ATTR-12)
Information: The design specific attribute override for lib_cell 'saed32_rvt|saed32_rvt_std:AO221X1_RVT.timing' is set in the current block 'zigbee_F_cts', because the actual library setting may not be overwritten. (ATTR-12)
Information: The design specific attribute override for lib_cell 'saed32_rvt|saed32_rvt_std:AO221X2_RVT.timing' is set in the current block 'zigbee_F_cts', because the actual library setting may not be overwritten. (ATTR-12)
Information: The design specific attribute override for lib_cell 'saed32_rvt|saed32_rvt_std:AO222X1_RVT.timing' is set in the current block 'zigbee_F_cts', because the actual library setting may not be overwritten. (ATTR-12)
Information: The design specific attribute override for lib_cell 'saed32_rvt|saed32_rvt_std:AO222X2_RVT.timing' is set in the current block 'zigbee_F_cts', because the actual library setting may not be overwritten. (ATTR-12)
Information: The design specific attribute override for lib_cell 'saed32_rvt|saed32_rvt_std:AO22X1_RVT.timing' is set in the current block 'zigbee_F_cts', because the actual library setting may not be overwritten. (ATTR-12)
Information: The design specific attribute override for lib_cell 'saed32_rvt|saed32_rvt_std:AO22X2_RVT.timing' is set in the current block 'zigbee_F_cts', because the actual library setting may not be overwritten. (ATTR-12)
Information: The design specific attribute override for lib_cell 'saed32_rvt|saed32_rvt_std:AOBUFX1_RVT.timing' is set in the current block 'zigbee_F_cts', because the actual library setting may not be overwritten. (ATTR-12)
Information: The design specific attribute override for lib_cell 'saed32_rvt|saed32_rvt_std:AOBUFX2_RVT.timing' is set in the current block 'zigbee_F_cts', because the actual library setting may not be overwritten. (ATTR-12)
Information: The design specific attribute override for lib_cell 'saed32_rvt|saed32_rvt_std:AOBUFX4_RVT.timing' is set in the current block 'zigbee_F_cts', because the actual library setting may not be overwritten. (ATTR-12)
Information: The design specific attribute override for lib_cell 'saed32_rvt|saed32_rvt_std:AODFFARX1_RVT.timing' is set in the current block 'zigbee_F_cts', because the actual library setting may not be overwritten. (ATTR-12)
Information: The design specific attribute override for lib_cell 'saed32_rvt|saed32_rvt_std:AODFFARX2_RVT.timing' is set in the current block 'zigbee_F_cts', because the actual library setting may not be overwritten. (ATTR-12)
Information: The design specific attribute override for lib_cell 'saed32_rvt|saed32_rvt_std:AODFFNARX1_RVT.timing' is set in the current block 'zigbee_F_cts', because the actual library setting may not be overwritten. (ATTR-12)
Information: The design specific attribute override for lib_cell 'saed32_rvt|saed32_rvt_std:AODFFNARX2_RVT.timing' is set in the current block 'zigbee_F_cts', because the actual library setting may not be overwritten. (ATTR-12)
Information: The design specific attribute override for lib_cell 'saed32_rvt|saed32_rvt_std:AOI21X1_RVT.timing' is set in the current block 'zigbee_F_cts', because the actual library setting may not be overwritten. (ATTR-12)
Information: The design specific attribute override for lib_cell 'saed32_rvt|saed32_rvt_std:AOI21X2_RVT.timing' is set in the current block 'zigbee_F_cts', because the actual library setting may not be overwritten. (ATTR-12)
Information: The design specific attribute override for lib_cell 'saed32_rvt|saed32_rvt_std:AOI221X1_RVT.timing' is set in the current block 'zigbee_F_cts', because the actual library setting may not be overwritten. (ATTR-12)
Information: The design specific attribute override for lib_cell 'saed32_rvt|saed32_rvt_std:AOI221X2_RVT.timing' is set in the current block 'zigbee_F_cts', because the actual library setting may not be overwritten. (ATTR-12)
Information: The design specific attribute override for lib_cell 'saed32_rvt|saed32_rvt_std:AOI222X1_RVT.timing' is set in the current block 'zigbee_F_cts', because the actual library setting may not be overwritten. (ATTR-12)
Information: The design specific attribute override for lib_cell 'saed32_rvt|saed32_rvt_std:AOI222X2_RVT.timing' is set in the current block 'zigbee_F_cts', because the actual library setting may not be overwritten. (ATTR-12)
Information: The design specific attribute override for lib_cell 'saed32_rvt|saed32_rvt_std:AOI22X1_RVT.timing' is set in the current block 'zigbee_F_cts', because the actual library setting may not be overwritten. (ATTR-12)
Information: The design specific attribute override for lib_cell 'saed32_rvt|saed32_rvt_std:AOI22X2_RVT.timing' is set in the current block 'zigbee_F_cts', because the actual library setting may not be overwritten. (ATTR-12)
Information: The design specific attribute override for lib_cell 'saed32_rvt|saed32_rvt_std:AOINVX1_RVT.timing' is set in the current block 'zigbee_F_cts', because the actual library setting may not be overwritten. (ATTR-12)
Information: The design specific attribute override for lib_cell 'saed32_rvt|saed32_rvt_std:AOINVX2_RVT.timing' is set in the current block 'zigbee_F_cts', because the actual library setting may not be overwritten. (ATTR-12)
Information: The design specific attribute override for lib_cell 'saed32_rvt|saed32_rvt_std:AOINVX4_RVT.timing' is set in the current block 'zigbee_F_cts', because the actual library setting may not be overwritten. (ATTR-12)
Information: The design specific attribute override for lib_cell 'saed32_rvt|saed32_rvt_std:BSLEX1_RVT.timing' is set in the current block 'zigbee_F_cts', because the actual library setting may not be overwritten. (ATTR-12)
Information: The design specific attribute override for lib_cell 'saed32_rvt|saed32_rvt_std:BSLEX2_RVT.timing' is set in the current block 'zigbee_F_cts', because the actual library setting may not be overwritten. (ATTR-12)
Information: The design specific attribute override for lib_cell 'saed32_rvt|saed32_rvt_std:BSLEX4_RVT.timing' is set in the current block 'zigbee_F_cts', because the actual library setting may not be overwritten. (ATTR-12)
Information: The design specific attribute override for lib_cell 'saed32_rvt|saed32_rvt_std:BUSKP_RVT.timing' is set in the current block 'zigbee_F_cts', because the actual library setting may not be overwritten. (ATTR-12)
Information: The design specific attribute override for lib_cell 'saed32_rvt|saed32_rvt_std:CGLNPRX2_RVT.timing' is set in the current block 'zigbee_F_cts', because the actual library setting may not be overwritten. (ATTR-12)
Information: The design specific attribute override for lib_cell 'saed32_rvt|saed32_rvt_std:CGLNPRX8_RVT.timing' is set in the current block 'zigbee_F_cts', because the actual library setting may not be overwritten. (ATTR-12)
Information: The design specific attribute override for lib_cell 'saed32_rvt|saed32_rvt_std:CGLNPSX16_RVT.timing' is set in the current block 'zigbee_F_cts', because the actual library setting may not be overwritten. (ATTR-12)
Information: The design specific attribute override for lib_cell 'saed32_rvt|saed32_rvt_std:CGLNPSX2_RVT.timing' is set in the current block 'zigbee_F_cts', because the actual library setting may not be overwritten. (ATTR-12)
Information: The design specific attribute override for lib_cell 'saed32_rvt|saed32_rvt_std:CGLNPSX4_RVT.timing' is set in the current block 'zigbee_F_cts', because the actual library setting may not be overwritten. (ATTR-12)
Information: The design specific attribute override for lib_cell 'saed32_rvt|saed32_rvt_std:CGLNPSX8_RVT.timing' is set in the current block 'zigbee_F_cts', because the actual library setting may not be overwritten. (ATTR-12)
Information: The design specific attribute override for lib_cell 'saed32_rvt|saed32_rvt_std:CGLPPRX2_RVT.timing' is set in the current block 'zigbee_F_cts', because the actual library setting may not be overwritten. (ATTR-12)
Information: The design specific attribute override for lib_cell 'saed32_rvt|saed32_rvt_std:CGLPPRX8_RVT.timing' is set in the current block 'zigbee_F_cts', because the actual library setting may not be overwritten. (ATTR-12)
Information: The design specific attribute override for lib_cell 'saed32_rvt|saed32_rvt_std:CGLPPSX16_RVT.timing' is set in the current block 'zigbee_F_cts', because the actual library setting may not be overwritten. (ATTR-12)
Information: The design specific attribute override for lib_cell 'saed32_rvt|saed32_rvt_std:CGLPPSX2_RVT.timing' is set in the current block 'zigbee_F_cts', because the actual library setting may not be overwritten. (ATTR-12)
Information: The design specific attribute override for lib_cell 'saed32_rvt|saed32_rvt_std:CGLPPSX4_RVT.timing' is set in the current block 'zigbee_F_cts', because the actual library setting may not be overwritten. (ATTR-12)
Information: The design specific attribute override for lib_cell 'saed32_rvt|saed32_rvt_std:CGLPPSX8_RVT.timing' is set in the current block 'zigbee_F_cts', because the actual library setting may not be overwritten. (ATTR-12)
Information: The design specific attribute override for lib_cell 'saed32_rvt|saed32_rvt_std:CLOAD1_RVT.timing' is set in the current block 'zigbee_F_cts', because the actual library setting may not be overwritten. (ATTR-12)
Information: The design specific attribute override for lib_cell 'saed32_rvt|saed32_rvt_std:DCAP_RVT.timing' is set in the current block 'zigbee_F_cts', because the actual library setting may not be overwritten. (ATTR-12)
Information: The design specific attribute override for lib_cell 'saed32_rvt|saed32_rvt_std:DEC24X1_RVT.timing' is set in the current block 'zigbee_F_cts', because the actual library setting may not be overwritten. (ATTR-12)
Information: The design specific attribute override for lib_cell 'saed32_rvt|saed32_rvt_std:DEC24X2_RVT.timing' is set in the current block 'zigbee_F_cts', because the actual library setting may not be overwritten. (ATTR-12)
Information: The design specific attribute override for lib_cell 'saed32_rvt|saed32_rvt_std:DELLN1X2_RVT.timing' is set in the current block 'zigbee_F_cts', because the actual library setting may not be overwritten. (ATTR-12)
Information: The design specific attribute override for lib_cell 'saed32_rvt|saed32_rvt_std:DELLN2X2_RVT.timing' is set in the current block 'zigbee_F_cts', because the actual library setting may not be overwritten. (ATTR-12)
Information: The design specific attribute override for lib_cell 'saed32_rvt|saed32_rvt_std:DELLN3X2_RVT.timing' is set in the current block 'zigbee_F_cts', because the actual library setting may not be overwritten. (ATTR-12)
Information: The design specific attribute override for lib_cell 'saed32_rvt|saed32_rvt_std:DFFARX1_RVT.timing' is set in the current block 'zigbee_F_cts', because the actual library setting may not be overwritten. (ATTR-12)
Information: The design specific attribute override for lib_cell 'saed32_rvt|saed32_rvt_std:DFFARX2_RVT.timing' is set in the current block 'zigbee_F_cts', because the actual library setting may not be overwritten. (ATTR-12)
Information: The design specific attribute override for lib_cell 'saed32_rvt|saed32_rvt_std:DFFASRX1_RVT.timing' is set in the current block 'zigbee_F_cts', because the actual library setting may not be overwritten. (ATTR-12)
Information: The design specific attribute override for lib_cell 'saed32_rvt|saed32_rvt_std:DFFASRX2_RVT.timing' is set in the current block 'zigbee_F_cts', because the actual library setting may not be overwritten. (ATTR-12)
Information: The design specific attribute override for lib_cell 'saed32_rvt|saed32_rvt_std:DFFASX1_RVT.timing' is set in the current block 'zigbee_F_cts', because the actual library setting may not be overwritten. (ATTR-12)
Information: The design specific attribute override for lib_cell 'saed32_rvt|saed32_rvt_std:DFFASX2_RVT.timing' is set in the current block 'zigbee_F_cts', because the actual library setting may not be overwritten. (ATTR-12)
Information: The design specific attribute override for lib_cell 'saed32_rvt|saed32_rvt_std:DFFNARX1_RVT.timing' is set in the current block 'zigbee_F_cts', because the actual library setting may not be overwritten. (ATTR-12)
Information: The design specific attribute override for lib_cell 'saed32_rvt|saed32_rvt_std:DFFNARX2_RVT.timing' is set in the current block 'zigbee_F_cts', because the actual library setting may not be overwritten. (ATTR-12)
Information: The design specific attribute override for lib_cell 'saed32_rvt|saed32_rvt_std:DFFNASRNX1_RVT.timing' is set in the current block 'zigbee_F_cts', because the actual library setting may not be overwritten. (ATTR-12)
Information: The design specific attribute override for lib_cell 'saed32_rvt|saed32_rvt_std:DFFNASRNX2_RVT.timing' is set in the current block 'zigbee_F_cts', because the actual library setting may not be overwritten. (ATTR-12)
Information: The design specific attribute override for lib_cell 'saed32_rvt|saed32_rvt_std:DFFNASRQX1_RVT.timing' is set in the current block 'zigbee_F_cts', because the actual library setting may not be overwritten. (ATTR-12)
Information: The design specific attribute override for lib_cell 'saed32_rvt|saed32_rvt_std:DFFNASRQX2_RVT.timing' is set in the current block 'zigbee_F_cts', because the actual library setting may not be overwritten. (ATTR-12)
Information: The design specific attribute override for lib_cell 'saed32_rvt|saed32_rvt_std:DFFNASRX1_RVT.timing' is set in the current block 'zigbee_F_cts', because the actual library setting may not be overwritten. (ATTR-12)
Information: The design specific attribute override for lib_cell 'saed32_rvt|saed32_rvt_std:DFFNASRX2_RVT.timing' is set in the current block 'zigbee_F_cts', because the actual library setting may not be overwritten. (ATTR-12)
Information: The design specific attribute override for lib_cell 'saed32_rvt|saed32_rvt_std:DFFNASX1_RVT.timing' is set in the current block 'zigbee_F_cts', because the actual library setting may not be overwritten. (ATTR-12)
Information: The design specific attribute override for lib_cell 'saed32_rvt|saed32_rvt_std:DFFNASX2_RVT.timing' is set in the current block 'zigbee_F_cts', because the actual library setting may not be overwritten. (ATTR-12)
Information: The design specific attribute override for lib_cell 'saed32_rvt|saed32_rvt_std:DFFNX1_RVT.timing' is set in the current block 'zigbee_F_cts', because the actual library setting may not be overwritten. (ATTR-12)
Information: The design specific attribute override for lib_cell 'saed32_rvt|saed32_rvt_std:DFFNX2_RVT.timing' is set in the current block 'zigbee_F_cts', because the actual library setting may not be overwritten. (ATTR-12)
Information: The design specific attribute override for lib_cell 'saed32_rvt|saed32_rvt_std:DFFSSRX1_RVT.timing' is set in the current block 'zigbee_F_cts', because the actual library setting may not be overwritten. (ATTR-12)
Information: The design specific attribute override for lib_cell 'saed32_rvt|saed32_rvt_std:DFFSSRX2_RVT.timing' is set in the current block 'zigbee_F_cts', because the actual library setting may not be overwritten. (ATTR-12)
Information: The design specific attribute override for lib_cell 'saed32_rvt|saed32_rvt_std:DFFX1_RVT.timing' is set in the current block 'zigbee_F_cts', because the actual library setting may not be overwritten. (ATTR-12)
Information: The design specific attribute override for lib_cell 'saed32_rvt|saed32_rvt_std:DFFX2_RVT.timing' is set in the current block 'zigbee_F_cts', because the actual library setting may not be overwritten. (ATTR-12)
Information: The design specific attribute override for lib_cell 'saed32_rvt|saed32_rvt_std:DHFILLH2_RVT.timing' is set in the current block 'zigbee_F_cts', because the actual library setting may not be overwritten. (ATTR-12)
Information: The design specific attribute override for lib_cell 'saed32_rvt|saed32_rvt_std:DHFILLHL2_RVT.timing' is set in the current block 'zigbee_F_cts', because the actual library setting may not be overwritten. (ATTR-12)
Information: The design specific attribute override for lib_cell 'saed32_rvt|saed32_rvt_std:DHFILLHLHLS11_RVT.timing' is set in the current block 'zigbee_F_cts', because the actual library setting may not be overwritten. (ATTR-12)
Information: The design specific attribute override for lib_cell 'saed32_rvt|saed32_rvt_std:FADDX1_RVT.timing' is set in the current block 'zigbee_F_cts', because the actual library setting may not be overwritten. (ATTR-12)
Information: The design specific attribute override for lib_cell 'saed32_rvt|saed32_rvt_std:FADDX2_RVT.timing' is set in the current block 'zigbee_F_cts', because the actual library setting may not be overwritten. (ATTR-12)
Information: The design specific attribute override for lib_cell 'saed32_rvt|saed32_rvt_std:HADDX1_RVT.timing' is set in the current block 'zigbee_F_cts', because the actual library setting may not be overwritten. (ATTR-12)
Information: The design specific attribute override for lib_cell 'saed32_rvt|saed32_rvt_std:HADDX2_RVT.timing' is set in the current block 'zigbee_F_cts', because the actual library setting may not be overwritten. (ATTR-12)
Information: The design specific attribute override for lib_cell 'saed32_rvt|saed32_rvt_std:IBUFFX16_RVT.timing' is set in the current block 'zigbee_F_cts', because the actual library setting may not be overwritten. (ATTR-12)
Information: The design specific attribute override for lib_cell 'saed32_rvt|saed32_rvt_std:IBUFFX2_RVT.timing' is set in the current block 'zigbee_F_cts', because the actual library setting may not be overwritten. (ATTR-12)
Information: The design specific attribute override for lib_cell 'saed32_rvt|saed32_rvt_std:IBUFFX32_RVT.timing' is set in the current block 'zigbee_F_cts', because the actual library setting may not be overwritten. (ATTR-12)
Information: The design specific attribute override for lib_cell 'saed32_rvt|saed32_rvt_std:IBUFFX4_RVT.timing' is set in the current block 'zigbee_F_cts', because the actual library setting may not be overwritten. (ATTR-12)
Information: The design specific attribute override for lib_cell 'saed32_rvt|saed32_rvt_std:IBUFFX8_RVT.timing' is set in the current block 'zigbee_F_cts', because the actual library setting may not be overwritten. (ATTR-12)
Information: The design specific attribute override for lib_cell 'saed32_rvt|saed32_rvt_std:INVX0_RVT.timing' is set in the current block 'zigbee_F_cts', because the actual library setting may not be overwritten. (ATTR-12)
Information: The design specific attribute override for lib_cell 'saed32_rvt|saed32_rvt_std:INVX16_RVT.timing' is set in the current block 'zigbee_F_cts', because the actual library setting may not be overwritten. (ATTR-12)
Information: The design specific attribute override for lib_cell 'saed32_rvt|saed32_rvt_std:INVX1_RVT.timing' is set in the current block 'zigbee_F_cts', because the actual library setting may not be overwritten. (ATTR-12)
Information: The design specific attribute override for lib_cell 'saed32_rvt|saed32_rvt_std:INVX2_RVT.timing' is set in the current block 'zigbee_F_cts', because the actual library setting may not be overwritten. (ATTR-12)
Information: The design specific attribute override for lib_cell 'saed32_rvt|saed32_rvt_std:INVX32_RVT.timing' is set in the current block 'zigbee_F_cts', because the actual library setting may not be overwritten. (ATTR-12)
Information: The design specific attribute override for lib_cell 'saed32_rvt|saed32_rvt_std:INVX4_RVT.timing' is set in the current block 'zigbee_F_cts', because the actual library setting may not be overwritten. (ATTR-12)
Information: The design specific attribute override for lib_cell 'saed32_rvt|saed32_rvt_std:INVX8_RVT.timing' is set in the current block 'zigbee_F_cts', because the actual library setting may not be overwritten. (ATTR-12)
Information: The design specific attribute override for lib_cell 'saed32_rvt|saed32_rvt_std:ISOLANDAOX1_RVT.timing' is set in the current block 'zigbee_F_cts', because the actual library setting may not be overwritten. (ATTR-12)
Information: The design specific attribute override for lib_cell 'saed32_rvt|saed32_rvt_std:ISOLANDAOX2_RVT.timing' is set in the current block 'zigbee_F_cts', because the actual library setting may not be overwritten. (ATTR-12)
Information: The design specific attribute override for lib_cell 'saed32_rvt|saed32_rvt_std:ISOLANDAOX4_RVT.timing' is set in the current block 'zigbee_F_cts', because the actual library setting may not be overwritten. (ATTR-12)
Information: The design specific attribute override for lib_cell 'saed32_rvt|saed32_rvt_std:ISOLANDAOX8_RVT.timing' is set in the current block 'zigbee_F_cts', because the actual library setting may not be overwritten. (ATTR-12)
Information: The design specific attribute override for lib_cell 'saed32_rvt|saed32_rvt_std:ISOLANDX1_RVT.timing' is set in the current block 'zigbee_F_cts', because the actual library setting may not be overwritten. (ATTR-12)
Information: The design specific attribute override for lib_cell 'saed32_rvt|saed32_rvt_std:ISOLANDX2_RVT.timing' is set in the current block 'zigbee_F_cts', because the actual library setting may not be overwritten. (ATTR-12)
Information: The design specific attribute override for lib_cell 'saed32_rvt|saed32_rvt_std:ISOLANDX4_RVT.timing' is set in the current block 'zigbee_F_cts', because the actual library setting may not be overwritten. (ATTR-12)
Information: The design specific attribute override for lib_cell 'saed32_rvt|saed32_rvt_std:ISOLANDX8_RVT.timing' is set in the current block 'zigbee_F_cts', because the actual library setting may not be overwritten. (ATTR-12)
Information: The design specific attribute override for lib_cell 'saed32_rvt|saed32_rvt_std:ISOLORAOX1_RVT.timing' is set in the current block 'zigbee_F_cts', because the actual library setting may not be overwritten. (ATTR-12)
Information: The design specific attribute override for lib_cell 'saed32_rvt|saed32_rvt_std:ISOLORAOX2_RVT.timing' is set in the current block 'zigbee_F_cts', because the actual library setting may not be overwritten. (ATTR-12)
Information: The design specific attribute override for lib_cell 'saed32_rvt|saed32_rvt_std:ISOLORAOX4_RVT.timing' is set in the current block 'zigbee_F_cts', because the actual library setting may not be overwritten. (ATTR-12)
Information: The design specific attribute override for lib_cell 'saed32_rvt|saed32_rvt_std:ISOLORAOX8_RVT.timing' is set in the current block 'zigbee_F_cts', because the actual library setting may not be overwritten. (ATTR-12)
Information: The design specific attribute override for lib_cell 'saed32_rvt|saed32_rvt_std:ISOLORX1_RVT.timing' is set in the current block 'zigbee_F_cts', because the actual library setting may not be overwritten. (ATTR-12)
Information: The design specific attribute override for lib_cell 'saed32_rvt|saed32_rvt_std:ISOLORX2_RVT.timing' is set in the current block 'zigbee_F_cts', because the actual library setting may not be overwritten. (ATTR-12)
Information: The design specific attribute override for lib_cell 'saed32_rvt|saed32_rvt_std:ISOLORX4_RVT.timing' is set in the current block 'zigbee_F_cts', because the actual library setting may not be overwritten. (ATTR-12)
Information: The design specific attribute override for lib_cell 'saed32_rvt|saed32_rvt_std:ISOLORX8_RVT.timing' is set in the current block 'zigbee_F_cts', because the actual library setting may not be overwritten. (ATTR-12)
Information: The design specific attribute override for lib_cell 'saed32_rvt|saed32_rvt_std:LARX1_RVT.timing' is set in the current block 'zigbee_F_cts', because the actual library setting may not be overwritten. (ATTR-12)
Information: The design specific attribute override for lib_cell 'saed32_rvt|saed32_rvt_std:LARX2_RVT.timing' is set in the current block 'zigbee_F_cts', because the actual library setting may not be overwritten. (ATTR-12)
Information: The design specific attribute override for lib_cell 'saed32_rvt|saed32_rvt_std:LASRNX1_RVT.timing' is set in the current block 'zigbee_F_cts', because the actual library setting may not be overwritten. (ATTR-12)
Information: The design specific attribute override for lib_cell 'saed32_rvt|saed32_rvt_std:LASRNX2_RVT.timing' is set in the current block 'zigbee_F_cts', because the actual library setting may not be overwritten. (ATTR-12)
Information: The design specific attribute override for lib_cell 'saed32_rvt|saed32_rvt_std:LASRQX1_RVT.timing' is set in the current block 'zigbee_F_cts', because the actual library setting may not be overwritten. (ATTR-12)
Information: The design specific attribute override for lib_cell 'saed32_rvt|saed32_rvt_std:LASRQX2_RVT.timing' is set in the current block 'zigbee_F_cts', because the actual library setting may not be overwritten. (ATTR-12)
Information: The design specific attribute override for lib_cell 'saed32_rvt|saed32_rvt_std:LASRX1_RVT.timing' is set in the current block 'zigbee_F_cts', because the actual library setting may not be overwritten. (ATTR-12)
Information: The design specific attribute override for lib_cell 'saed32_rvt|saed32_rvt_std:LASRX2_RVT.timing' is set in the current block 'zigbee_F_cts', because the actual library setting may not be overwritten. (ATTR-12)
Information: The design specific attribute override for lib_cell 'saed32_rvt|saed32_rvt_std:LASX1_RVT.timing' is set in the current block 'zigbee_F_cts', because the actual library setting may not be overwritten. (ATTR-12)
Information: The design specific attribute override for lib_cell 'saed32_rvt|saed32_rvt_std:LASX2_RVT.timing' is set in the current block 'zigbee_F_cts', because the actual library setting may not be overwritten. (ATTR-12)
Information: The design specific attribute override for lib_cell 'saed32_rvt|saed32_rvt_std:LATCHX1_RVT.timing' is set in the current block 'zigbee_F_cts', because the actual library setting may not be overwritten. (ATTR-12)
Information: The design specific attribute override for lib_cell 'saed32_rvt|saed32_rvt_std:LATCHX2_RVT.timing' is set in the current block 'zigbee_F_cts', because the actual library setting may not be overwritten. (ATTR-12)
Information: The design specific attribute override for lib_cell 'saed32_rvt|saed32_rvt_std:LNANDX1_RVT.timing' is set in the current block 'zigbee_F_cts', because the actual library setting may not be overwritten. (ATTR-12)
Information: The design specific attribute override for lib_cell 'saed32_rvt|saed32_rvt_std:LNANDX2_RVT.timing' is set in the current block 'zigbee_F_cts', because the actual library setting may not be overwritten. (ATTR-12)
Information: The design specific attribute override for lib_cell 'saed32_rvt|saed32_rvt_std:MUX21X1_RVT.timing' is set in the current block 'zigbee_F_cts', because the actual library setting may not be overwritten. (ATTR-12)
Information: The design specific attribute override for lib_cell 'saed32_rvt|saed32_rvt_std:MUX21X2_RVT.timing' is set in the current block 'zigbee_F_cts', because the actual library setting may not be overwritten. (ATTR-12)
Information: The design specific attribute override for lib_cell 'saed32_rvt|saed32_rvt_std:MUX41X1_RVT.timing' is set in the current block 'zigbee_F_cts', because the actual library setting may not be overwritten. (ATTR-12)
Information: The design specific attribute override for lib_cell 'saed32_rvt|saed32_rvt_std:MUX41X2_RVT.timing' is set in the current block 'zigbee_F_cts', because the actual library setting may not be overwritten. (ATTR-12)
Information: The design specific attribute override for lib_cell 'saed32_rvt|saed32_rvt_std:NAND2X0_RVT.timing' is set in the current block 'zigbee_F_cts', because the actual library setting may not be overwritten. (ATTR-12)
Information: The design specific attribute override for lib_cell 'saed32_rvt|saed32_rvt_std:NAND2X1_RVT.timing' is set in the current block 'zigbee_F_cts', because the actual library setting may not be overwritten. (ATTR-12)
Information: The design specific attribute override for lib_cell 'saed32_rvt|saed32_rvt_std:NAND2X2_RVT.timing' is set in the current block 'zigbee_F_cts', because the actual library setting may not be overwritten. (ATTR-12)
Information: The design specific attribute override for lib_cell 'saed32_rvt|saed32_rvt_std:NAND2X4_RVT.timing' is set in the current block 'zigbee_F_cts', because the actual library setting may not be overwritten. (ATTR-12)
Information: The design specific attribute override for lib_cell 'saed32_rvt|saed32_rvt_std:NAND3X0_RVT.timing' is set in the current block 'zigbee_F_cts', because the actual library setting may not be overwritten. (ATTR-12)
Information: The design specific attribute override for lib_cell 'saed32_rvt|saed32_rvt_std:NAND3X1_RVT.timing' is set in the current block 'zigbee_F_cts', because the actual library setting may not be overwritten. (ATTR-12)
Information: The design specific attribute override for lib_cell 'saed32_rvt|saed32_rvt_std:NAND3X2_RVT.timing' is set in the current block 'zigbee_F_cts', because the actual library setting may not be overwritten. (ATTR-12)
Information: The design specific attribute override for lib_cell 'saed32_rvt|saed32_rvt_std:NAND3X4_RVT.timing' is set in the current block 'zigbee_F_cts', because the actual library setting may not be overwritten. (ATTR-12)
Information: The design specific attribute override for lib_cell 'saed32_rvt|saed32_rvt_std:NAND4X0_RVT.timing' is set in the current block 'zigbee_F_cts', because the actual library setting may not be overwritten. (ATTR-12)
Information: The design specific attribute override for lib_cell 'saed32_rvt|saed32_rvt_std:NAND4X1_RVT.timing' is set in the current block 'zigbee_F_cts', because the actual library setting may not be overwritten. (ATTR-12)
Information: The design specific attribute override for lib_cell 'saed32_rvt|saed32_rvt_std:NBUFFX16_RVT.timing' is set in the current block 'zigbee_F_cts', because the actual library setting may not be overwritten. (ATTR-12)
Information: The design specific attribute override for lib_cell 'saed32_rvt|saed32_rvt_std:NBUFFX2_RVT.timing' is set in the current block 'zigbee_F_cts', because the actual library setting may not be overwritten. (ATTR-12)
Information: The design specific attribute override for lib_cell 'saed32_rvt|saed32_rvt_std:NBUFFX32_RVT.timing' is set in the current block 'zigbee_F_cts', because the actual library setting may not be overwritten. (ATTR-12)
Information: The design specific attribute override for lib_cell 'saed32_rvt|saed32_rvt_std:NBUFFX4_RVT.timing' is set in the current block 'zigbee_F_cts', because the actual library setting may not be overwritten. (ATTR-12)
Information: The design specific attribute override for lib_cell 'saed32_rvt|saed32_rvt_std:NBUFFX8_RVT.timing' is set in the current block 'zigbee_F_cts', because the actual library setting may not be overwritten. (ATTR-12)
Information: The design specific attribute override for lib_cell 'saed32_rvt|saed32_rvt_std:NMT1_RVT.timing' is set in the current block 'zigbee_F_cts', because the actual library setting may not be overwritten. (ATTR-12)
Information: The design specific attribute override for lib_cell 'saed32_rvt|saed32_rvt_std:NMT2_RVT.timing' is set in the current block 'zigbee_F_cts', because the actual library setting may not be overwritten. (ATTR-12)
Information: The design specific attribute override for lib_cell 'saed32_rvt|saed32_rvt_std:NMT3_RVT.timing' is set in the current block 'zigbee_F_cts', because the actual library setting may not be overwritten. (ATTR-12)
Information: The design specific attribute override for lib_cell 'saed32_rvt|saed32_rvt_std:NOR2X0_RVT.timing' is set in the current block 'zigbee_F_cts', because the actual library setting may not be overwritten. (ATTR-12)
Information: The design specific attribute override for lib_cell 'saed32_rvt|saed32_rvt_std:NOR2X1_RVT.timing' is set in the current block 'zigbee_F_cts', because the actual library setting may not be overwritten. (ATTR-12)
Information: The design specific attribute override for lib_cell 'saed32_rvt|saed32_rvt_std:NOR2X2_RVT.timing' is set in the current block 'zigbee_F_cts', because the actual library setting may not be overwritten. (ATTR-12)
Information: The design specific attribute override for lib_cell 'saed32_rvt|saed32_rvt_std:NOR2X4_RVT.timing' is set in the current block 'zigbee_F_cts', because the actual library setting may not be overwritten. (ATTR-12)
Information: The design specific attribute override for lib_cell 'saed32_rvt|saed32_rvt_std:NOR3X0_RVT.timing' is set in the current block 'zigbee_F_cts', because the actual library setting may not be overwritten. (ATTR-12)
Information: The design specific attribute override for lib_cell 'saed32_rvt|saed32_rvt_std:NOR3X1_RVT.timing' is set in the current block 'zigbee_F_cts', because the actual library setting may not be overwritten. (ATTR-12)
Information: The design specific attribute override for lib_cell 'saed32_rvt|saed32_rvt_std:NOR3X2_RVT.timing' is set in the current block 'zigbee_F_cts', because the actual library setting may not be overwritten. (ATTR-12)
Information: The design specific attribute override for lib_cell 'saed32_rvt|saed32_rvt_std:NOR3X4_RVT.timing' is set in the current block 'zigbee_F_cts', because the actual library setting may not be overwritten. (ATTR-12)
Information: The design specific attribute override for lib_cell 'saed32_rvt|saed32_rvt_std:NOR4X0_RVT.timing' is set in the current block 'zigbee_F_cts', because the actual library setting may not be overwritten. (ATTR-12)
Information: The design specific attribute override for lib_cell 'saed32_rvt|saed32_rvt_std:NOR4X1_RVT.timing' is set in the current block 'zigbee_F_cts', because the actual library setting may not be overwritten. (ATTR-12)
Information: The design specific attribute override for lib_cell 'saed32_rvt|saed32_rvt_std:OA21X1_RVT.timing' is set in the current block 'zigbee_F_cts', because the actual library setting may not be overwritten. (ATTR-12)
Information: The design specific attribute override for lib_cell 'saed32_rvt|saed32_rvt_std:OA21X2_RVT.timing' is set in the current block 'zigbee_F_cts', because the actual library setting may not be overwritten. (ATTR-12)
Information: The design specific attribute override for lib_cell 'saed32_rvt|saed32_rvt_std:OA221X1_RVT.timing' is set in the current block 'zigbee_F_cts', because the actual library setting may not be overwritten. (ATTR-12)
Information: The design specific attribute override for lib_cell 'saed32_rvt|saed32_rvt_std:OA221X2_RVT.timing' is set in the current block 'zigbee_F_cts', because the actual library setting may not be overwritten. (ATTR-12)
Information: The design specific attribute override for lib_cell 'saed32_rvt|saed32_rvt_std:OA222X1_RVT.timing' is set in the current block 'zigbee_F_cts', because the actual library setting may not be overwritten. (ATTR-12)
Information: The design specific attribute override for lib_cell 'saed32_rvt|saed32_rvt_std:OA222X2_RVT.timing' is set in the current block 'zigbee_F_cts', because the actual library setting may not be overwritten. (ATTR-12)
Information: The design specific attribute override for lib_cell 'saed32_rvt|saed32_rvt_std:OA22X1_RVT.timing' is set in the current block 'zigbee_F_cts', because the actual library setting may not be overwritten. (ATTR-12)
Information: The design specific attribute override for lib_cell 'saed32_rvt|saed32_rvt_std:OA22X2_RVT.timing' is set in the current block 'zigbee_F_cts', because the actual library setting may not be overwritten. (ATTR-12)
Information: The design specific attribute override for lib_cell 'saed32_rvt|saed32_rvt_std:OAI21X1_RVT.timing' is set in the current block 'zigbee_F_cts', because the actual library setting may not be overwritten. (ATTR-12)
Information: The design specific attribute override for lib_cell 'saed32_rvt|saed32_rvt_std:OAI21X2_RVT.timing' is set in the current block 'zigbee_F_cts', because the actual library setting may not be overwritten. (ATTR-12)
Information: The design specific attribute override for lib_cell 'saed32_rvt|saed32_rvt_std:OAI221X1_RVT.timing' is set in the current block 'zigbee_F_cts', because the actual library setting may not be overwritten. (ATTR-12)
Information: The design specific attribute override for lib_cell 'saed32_rvt|saed32_rvt_std:OAI221X2_RVT.timing' is set in the current block 'zigbee_F_cts', because the actual library setting may not be overwritten. (ATTR-12)
Information: The design specific attribute override for lib_cell 'saed32_rvt|saed32_rvt_std:OAI222X1_RVT.timing' is set in the current block 'zigbee_F_cts', because the actual library setting may not be overwritten. (ATTR-12)
Information: The design specific attribute override for lib_cell 'saed32_rvt|saed32_rvt_std:OAI222X2_RVT.timing' is set in the current block 'zigbee_F_cts', because the actual library setting may not be overwritten. (ATTR-12)
Information: The design specific attribute override for lib_cell 'saed32_rvt|saed32_rvt_std:OAI22X1_RVT.timing' is set in the current block 'zigbee_F_cts', because the actual library setting may not be overwritten. (ATTR-12)
Information: The design specific attribute override for lib_cell 'saed32_rvt|saed32_rvt_std:OAI22X2_RVT.timing' is set in the current block 'zigbee_F_cts', because the actual library setting may not be overwritten. (ATTR-12)
Information: The design specific attribute override for lib_cell 'saed32_rvt|saed32_rvt_std:OR2X1_RVT.timing' is set in the current block 'zigbee_F_cts', because the actual library setting may not be overwritten. (ATTR-12)
Information: The design specific attribute override for lib_cell 'saed32_rvt|saed32_rvt_std:OR2X2_RVT.timing' is set in the current block 'zigbee_F_cts', because the actual library setting may not be overwritten. (ATTR-12)
Information: The design specific attribute override for lib_cell 'saed32_rvt|saed32_rvt_std:OR2X4_RVT.timing' is set in the current block 'zigbee_F_cts', because the actual library setting may not be overwritten. (ATTR-12)
Information: The design specific attribute override for lib_cell 'saed32_rvt|saed32_rvt_std:OR3X1_RVT.timing' is set in the current block 'zigbee_F_cts', because the actual library setting may not be overwritten. (ATTR-12)
Information: The design specific attribute override for lib_cell 'saed32_rvt|saed32_rvt_std:OR3X2_RVT.timing' is set in the current block 'zigbee_F_cts', because the actual library setting may not be overwritten. (ATTR-12)
Information: The design specific attribute override for lib_cell 'saed32_rvt|saed32_rvt_std:OR3X4_RVT.timing' is set in the current block 'zigbee_F_cts', because the actual library setting may not be overwritten. (ATTR-12)
Information: The design specific attribute override for lib_cell 'saed32_rvt|saed32_rvt_std:OR4X1_RVT.timing' is set in the current block 'zigbee_F_cts', because the actual library setting may not be overwritten. (ATTR-12)
Information: The design specific attribute override for lib_cell 'saed32_rvt|saed32_rvt_std:OR4X2_RVT.timing' is set in the current block 'zigbee_F_cts', because the actual library setting may not be overwritten. (ATTR-12)
Information: The design specific attribute override for lib_cell 'saed32_rvt|saed32_rvt_std:OR4X4_RVT.timing' is set in the current block 'zigbee_F_cts', because the actual library setting may not be overwritten. (ATTR-12)
Information: The design specific attribute override for lib_cell 'saed32_rvt|saed32_rvt_std:PGX1_RVT.timing' is set in the current block 'zigbee_F_cts', because the actual library setting may not be overwritten. (ATTR-12)
Information: The design specific attribute override for lib_cell 'saed32_rvt|saed32_rvt_std:PGX2_RVT.timing' is set in the current block 'zigbee_F_cts', because the actual library setting may not be overwritten. (ATTR-12)
Information: The design specific attribute override for lib_cell 'saed32_rvt|saed32_rvt_std:PGX4_RVT.timing' is set in the current block 'zigbee_F_cts', because the actual library setting may not be overwritten. (ATTR-12)
Information: The design specific attribute override for lib_cell 'saed32_rvt|saed32_rvt_std:PMT1_RVT.timing' is set in the current block 'zigbee_F_cts', because the actual library setting may not be overwritten. (ATTR-12)
Information: The design specific attribute override for lib_cell 'saed32_rvt|saed32_rvt_std:PMT2_RVT.timing' is set in the current block 'zigbee_F_cts', because the actual library setting may not be overwritten. (ATTR-12)
Information: The design specific attribute override for lib_cell 'saed32_rvt|saed32_rvt_std:PMT3_RVT.timing' is set in the current block 'zigbee_F_cts', because the actual library setting may not be overwritten. (ATTR-12)
Information: The design specific attribute override for lib_cell 'saed32_rvt|saed32_rvt_std:RDFFARX1_RVT.timing' is set in the current block 'zigbee_F_cts', because the actual library setting may not be overwritten. (ATTR-12)
Information: The design specific attribute override for lib_cell 'saed32_rvt|saed32_rvt_std:RDFFARX2_RVT.timing' is set in the current block 'zigbee_F_cts', because the actual library setting may not be overwritten. (ATTR-12)
Information: The design specific attribute override for lib_cell 'saed32_rvt|saed32_rvt_std:RDFFNARX1_RVT.timing' is set in the current block 'zigbee_F_cts', because the actual library setting may not be overwritten. (ATTR-12)
Information: The design specific attribute override for lib_cell 'saed32_rvt|saed32_rvt_std:RDFFNARX2_RVT.timing' is set in the current block 'zigbee_F_cts', because the actual library setting may not be overwritten. (ATTR-12)
Information: The design specific attribute override for lib_cell 'saed32_rvt|saed32_rvt_std:RDFFNSRARX1_RVT.timing' is set in the current block 'zigbee_F_cts', because the actual library setting may not be overwritten. (ATTR-12)
Information: The design specific attribute override for lib_cell 'saed32_rvt|saed32_rvt_std:RDFFNSRARX2_RVT.timing' is set in the current block 'zigbee_F_cts', because the actual library setting may not be overwritten. (ATTR-12)
Information: The design specific attribute override for lib_cell 'saed32_rvt|saed32_rvt_std:RDFFNSRASRNX1_RVT.timing' is set in the current block 'zigbee_F_cts', because the actual library setting may not be overwritten. (ATTR-12)
Information: The design specific attribute override for lib_cell 'saed32_rvt|saed32_rvt_std:RDFFNSRASRNX2_RVT.timing' is set in the current block 'zigbee_F_cts', because the actual library setting may not be overwritten. (ATTR-12)
Information: The design specific attribute override for lib_cell 'saed32_rvt|saed32_rvt_std:RDFFNSRASRQX1_RVT.timing' is set in the current block 'zigbee_F_cts', because the actual library setting may not be overwritten. (ATTR-12)
Information: The design specific attribute override for lib_cell 'saed32_rvt|saed32_rvt_std:RDFFNSRASRQX2_RVT.timing' is set in the current block 'zigbee_F_cts', because the actual library setting may not be overwritten. (ATTR-12)
Information: The design specific attribute override for lib_cell 'saed32_rvt|saed32_rvt_std:RDFFNSRASRX1_RVT.timing' is set in the current block 'zigbee_F_cts', because the actual library setting may not be overwritten. (ATTR-12)
Information: The design specific attribute override for lib_cell 'saed32_rvt|saed32_rvt_std:RDFFNSRASRX2_RVT.timing' is set in the current block 'zigbee_F_cts', because the actual library setting may not be overwritten. (ATTR-12)
Information: The design specific attribute override for lib_cell 'saed32_rvt|saed32_rvt_std:RDFFNSRASX1_RVT.timing' is set in the current block 'zigbee_F_cts', because the actual library setting may not be overwritten. (ATTR-12)
Information: The design specific attribute override for lib_cell 'saed32_rvt|saed32_rvt_std:RDFFNSRASX2_RVT.timing' is set in the current block 'zigbee_F_cts', because the actual library setting may not be overwritten. (ATTR-12)
Information: The design specific attribute override for lib_cell 'saed32_rvt|saed32_rvt_std:RDFFNSRX1_RVT.timing' is set in the current block 'zigbee_F_cts', because the actual library setting may not be overwritten. (ATTR-12)
Information: The design specific attribute override for lib_cell 'saed32_rvt|saed32_rvt_std:RDFFNSRX2_RVT.timing' is set in the current block 'zigbee_F_cts', because the actual library setting may not be overwritten. (ATTR-12)
Information: The design specific attribute override for lib_cell 'saed32_rvt|saed32_rvt_std:RDFFNX1_RVT.timing' is set in the current block 'zigbee_F_cts', because the actual library setting may not be overwritten. (ATTR-12)
Information: The design specific attribute override for lib_cell 'saed32_rvt|saed32_rvt_std:RDFFNX2_RVT.timing' is set in the current block 'zigbee_F_cts', because the actual library setting may not be overwritten. (ATTR-12)
Information: The design specific attribute override for lib_cell 'saed32_rvt|saed32_rvt_std:RDFFSRARX1_RVT.timing' is set in the current block 'zigbee_F_cts', because the actual library setting may not be overwritten. (ATTR-12)
Information: The design specific attribute override for lib_cell 'saed32_rvt|saed32_rvt_std:RDFFSRARX2_RVT.timing' is set in the current block 'zigbee_F_cts', because the actual library setting may not be overwritten. (ATTR-12)
Information: The design specific attribute override for lib_cell 'saed32_rvt|saed32_rvt_std:RDFFSRASRX1_RVT.timing' is set in the current block 'zigbee_F_cts', because the actual library setting may not be overwritten. (ATTR-12)
Information: The design specific attribute override for lib_cell 'saed32_rvt|saed32_rvt_std:RDFFSRASRX2_RVT.timing' is set in the current block 'zigbee_F_cts', because the actual library setting may not be overwritten. (ATTR-12)
Information: The design specific attribute override for lib_cell 'saed32_rvt|saed32_rvt_std:RDFFSRASX1_RVT.timing' is set in the current block 'zigbee_F_cts', because the actual library setting may not be overwritten. (ATTR-12)
Information: The design specific attribute override for lib_cell 'saed32_rvt|saed32_rvt_std:RDFFSRASX2_RVT.timing' is set in the current block 'zigbee_F_cts', because the actual library setting may not be overwritten. (ATTR-12)
Information: The design specific attribute override for lib_cell 'saed32_rvt|saed32_rvt_std:RDFFSRSSRX1_RVT.timing' is set in the current block 'zigbee_F_cts', because the actual library setting may not be overwritten. (ATTR-12)
Information: The design specific attribute override for lib_cell 'saed32_rvt|saed32_rvt_std:RDFFSRSSRX2_RVT.timing' is set in the current block 'zigbee_F_cts', because the actual library setting may not be overwritten. (ATTR-12)
Information: The design specific attribute override for lib_cell 'saed32_rvt|saed32_rvt_std:RDFFSRX1_RVT.timing' is set in the current block 'zigbee_F_cts', because the actual library setting may not be overwritten. (ATTR-12)
Information: The design specific attribute override for lib_cell 'saed32_rvt|saed32_rvt_std:RDFFSRX2_RVT.timing' is set in the current block 'zigbee_F_cts', because the actual library setting may not be overwritten. (ATTR-12)
Information: The design specific attribute override for lib_cell 'saed32_rvt|saed32_rvt_std:RDFFX1_RVT.timing' is set in the current block 'zigbee_F_cts', because the actual library setting may not be overwritten. (ATTR-12)
Information: The design specific attribute override for lib_cell 'saed32_rvt|saed32_rvt_std:RDFFX2_RVT.timing' is set in the current block 'zigbee_F_cts', because the actual library setting may not be overwritten. (ATTR-12)
Information: The design specific attribute override for lib_cell 'saed32_rvt|saed32_rvt_std:RSDFFARX1_RVT.timing' is set in the current block 'zigbee_F_cts', because the actual library setting may not be overwritten. (ATTR-12)
Information: The design specific attribute override for lib_cell 'saed32_rvt|saed32_rvt_std:RSDFFARX2_RVT.timing' is set in the current block 'zigbee_F_cts', because the actual library setting may not be overwritten. (ATTR-12)
Information: The design specific attribute override for lib_cell 'saed32_rvt|saed32_rvt_std:RSDFFNARX1_RVT.timing' is set in the current block 'zigbee_F_cts', because the actual library setting may not be overwritten. (ATTR-12)
Information: The design specific attribute override for lib_cell 'saed32_rvt|saed32_rvt_std:RSDFFNARX2_RVT.timing' is set in the current block 'zigbee_F_cts', because the actual library setting may not be overwritten. (ATTR-12)
Information: The design specific attribute override for lib_cell 'saed32_rvt|saed32_rvt_std:RSDFFNSRARX1_RVT.timing' is set in the current block 'zigbee_F_cts', because the actual library setting may not be overwritten. (ATTR-12)
Information: The design specific attribute override for lib_cell 'saed32_rvt|saed32_rvt_std:RSDFFNSRARX2_RVT.timing' is set in the current block 'zigbee_F_cts', because the actual library setting may not be overwritten. (ATTR-12)
Information: The design specific attribute override for lib_cell 'saed32_rvt|saed32_rvt_std:RSDFFNSRASRNX1_RVT.timing' is set in the current block 'zigbee_F_cts', because the actual library setting may not be overwritten. (ATTR-12)
Information: The design specific attribute override for lib_cell 'saed32_rvt|saed32_rvt_std:RSDFFNSRASRNX2_RVT.timing' is set in the current block 'zigbee_F_cts', because the actual library setting may not be overwritten. (ATTR-12)
Information: The design specific attribute override for lib_cell 'saed32_rvt|saed32_rvt_std:RSDFFNSRASRQX1_RVT.timing' is set in the current block 'zigbee_F_cts', because the actual library setting may not be overwritten. (ATTR-12)
Information: The design specific attribute override for lib_cell 'saed32_rvt|saed32_rvt_std:RSDFFNSRASRQX2_RVT.timing' is set in the current block 'zigbee_F_cts', because the actual library setting may not be overwritten. (ATTR-12)
Information: The design specific attribute override for lib_cell 'saed32_rvt|saed32_rvt_std:RSDFFNSRASRX1_RVT.timing' is set in the current block 'zigbee_F_cts', because the actual library setting may not be overwritten. (ATTR-12)
Information: The design specific attribute override for lib_cell 'saed32_rvt|saed32_rvt_std:RSDFFNSRASRX2_RVT.timing' is set in the current block 'zigbee_F_cts', because the actual library setting may not be overwritten. (ATTR-12)
Information: The design specific attribute override for lib_cell 'saed32_rvt|saed32_rvt_std:RSDFFNSRASX1_RVT.timing' is set in the current block 'zigbee_F_cts', because the actual library setting may not be overwritten. (ATTR-12)
Information: The design specific attribute override for lib_cell 'saed32_rvt|saed32_rvt_std:RSDFFNSRASX2_RVT.timing' is set in the current block 'zigbee_F_cts', because the actual library setting may not be overwritten. (ATTR-12)
Information: The design specific attribute override for lib_cell 'saed32_rvt|saed32_rvt_std:RSDFFNSRX1_RVT.timing' is set in the current block 'zigbee_F_cts', because the actual library setting may not be overwritten. (ATTR-12)
Information: The design specific attribute override for lib_cell 'saed32_rvt|saed32_rvt_std:RSDFFNSRX2_RVT.timing' is set in the current block 'zigbee_F_cts', because the actual library setting may not be overwritten. (ATTR-12)
Information: The design specific attribute override for lib_cell 'saed32_rvt|saed32_rvt_std:RSDFFNX1_RVT.timing' is set in the current block 'zigbee_F_cts', because the actual library setting may not be overwritten. (ATTR-12)
Information: The design specific attribute override for lib_cell 'saed32_rvt|saed32_rvt_std:RSDFFNX2_RVT.timing' is set in the current block 'zigbee_F_cts', because the actual library setting may not be overwritten. (ATTR-12)
Information: The design specific attribute override for lib_cell 'saed32_rvt|saed32_rvt_std:RSDFFSRARX1_RVT.timing' is set in the current block 'zigbee_F_cts', because the actual library setting may not be overwritten. (ATTR-12)
Information: The design specific attribute override for lib_cell 'saed32_rvt|saed32_rvt_std:RSDFFSRARX2_RVT.timing' is set in the current block 'zigbee_F_cts', because the actual library setting may not be overwritten. (ATTR-12)
Information: The design specific attribute override for lib_cell 'saed32_rvt|saed32_rvt_std:RSDFFSRASRX1_RVT.timing' is set in the current block 'zigbee_F_cts', because the actual library setting may not be overwritten. (ATTR-12)
Information: The design specific attribute override for lib_cell 'saed32_rvt|saed32_rvt_std:RSDFFSRASRX2_RVT.timing' is set in the current block 'zigbee_F_cts', because the actual library setting may not be overwritten. (ATTR-12)
Information: The design specific attribute override for lib_cell 'saed32_rvt|saed32_rvt_std:RSDFFSRASX1_RVT.timing' is set in the current block 'zigbee_F_cts', because the actual library setting may not be overwritten. (ATTR-12)
Information: The design specific attribute override for lib_cell 'saed32_rvt|saed32_rvt_std:RSDFFSRASX2_RVT.timing' is set in the current block 'zigbee_F_cts', because the actual library setting may not be overwritten. (ATTR-12)
Information: The design specific attribute override for lib_cell 'saed32_rvt|saed32_rvt_std:RSDFFSRSSRX1_RVT.timing' is set in the current block 'zigbee_F_cts', because the actual library setting may not be overwritten. (ATTR-12)
Information: The design specific attribute override for lib_cell 'saed32_rvt|saed32_rvt_std:RSDFFSRSSRX2_RVT.timing' is set in the current block 'zigbee_F_cts', because the actual library setting may not be overwritten. (ATTR-12)
Information: The design specific attribute override for lib_cell 'saed32_rvt|saed32_rvt_std:RSDFFSRX1_RVT.timing' is set in the current block 'zigbee_F_cts', because the actual library setting may not be overwritten. (ATTR-12)
Information: The design specific attribute override for lib_cell 'saed32_rvt|saed32_rvt_std:RSDFFSRX2_RVT.timing' is set in the current block 'zigbee_F_cts', because the actual library setting may not be overwritten. (ATTR-12)
Information: The design specific attribute override for lib_cell 'saed32_rvt|saed32_rvt_std:RSDFFX1_RVT.timing' is set in the current block 'zigbee_F_cts', because the actual library setting may not be overwritten. (ATTR-12)
Information: The design specific attribute override for lib_cell 'saed32_rvt|saed32_rvt_std:RSDFFX2_RVT.timing' is set in the current block 'zigbee_F_cts', because the actual library setting may not be overwritten. (ATTR-12)
Information: The design specific attribute override for lib_cell 'saed32_rvt|saed32_rvt_std:SDFFARX1_RVT.timing' is set in the current block 'zigbee_F_cts', because the actual library setting may not be overwritten. (ATTR-12)
Information: The design specific attribute override for lib_cell 'saed32_rvt|saed32_rvt_std:SDFFARX2_RVT.timing' is set in the current block 'zigbee_F_cts', because the actual library setting may not be overwritten. (ATTR-12)
Information: The design specific attribute override for lib_cell 'saed32_rvt|saed32_rvt_std:SDFFASRSX1_RVT.timing' is set in the current block 'zigbee_F_cts', because the actual library setting may not be overwritten. (ATTR-12)
Information: The design specific attribute override for lib_cell 'saed32_rvt|saed32_rvt_std:SDFFASRSX2_RVT.timing' is set in the current block 'zigbee_F_cts', because the actual library setting may not be overwritten. (ATTR-12)
Information: The design specific attribute override for lib_cell 'saed32_rvt|saed32_rvt_std:SDFFASRX1_RVT.timing' is set in the current block 'zigbee_F_cts', because the actual library setting may not be overwritten. (ATTR-12)
Information: The design specific attribute override for lib_cell 'saed32_rvt|saed32_rvt_std:SDFFASRX2_RVT.timing' is set in the current block 'zigbee_F_cts', because the actual library setting may not be overwritten. (ATTR-12)
Information: The design specific attribute override for lib_cell 'saed32_rvt|saed32_rvt_std:SDFFASX1_RVT.timing' is set in the current block 'zigbee_F_cts', because the actual library setting may not be overwritten. (ATTR-12)
Information: The design specific attribute override for lib_cell 'saed32_rvt|saed32_rvt_std:SDFFASX2_RVT.timing' is set in the current block 'zigbee_F_cts', because the actual library setting may not be overwritten. (ATTR-12)
Information: The design specific attribute override for lib_cell 'saed32_rvt|saed32_rvt_std:SDFFNARX1_RVT.timing' is set in the current block 'zigbee_F_cts', because the actual library setting may not be overwritten. (ATTR-12)
Information: The design specific attribute override for lib_cell 'saed32_rvt|saed32_rvt_std:SDFFNARX2_RVT.timing' is set in the current block 'zigbee_F_cts', because the actual library setting may not be overwritten. (ATTR-12)
Information: The design specific attribute override for lib_cell 'saed32_rvt|saed32_rvt_std:SDFFNASRX1_RVT.timing' is set in the current block 'zigbee_F_cts', because the actual library setting may not be overwritten. (ATTR-12)
Information: The design specific attribute override for lib_cell 'saed32_rvt|saed32_rvt_std:SDFFNASRX2_RVT.timing' is set in the current block 'zigbee_F_cts', because the actual library setting may not be overwritten. (ATTR-12)
Information: The design specific attribute override for lib_cell 'saed32_rvt|saed32_rvt_std:SDFFNASX1_RVT.timing' is set in the current block 'zigbee_F_cts', because the actual library setting may not be overwritten. (ATTR-12)
Information: The design specific attribute override for lib_cell 'saed32_rvt|saed32_rvt_std:SDFFNASX2_RVT.timing' is set in the current block 'zigbee_F_cts', because the actual library setting may not be overwritten. (ATTR-12)
Information: The design specific attribute override for lib_cell 'saed32_rvt|saed32_rvt_std:SDFFNX1_RVT.timing' is set in the current block 'zigbee_F_cts', because the actual library setting may not be overwritten. (ATTR-12)
Information: The design specific attribute override for lib_cell 'saed32_rvt|saed32_rvt_std:SDFFNX2_RVT.timing' is set in the current block 'zigbee_F_cts', because the actual library setting may not be overwritten. (ATTR-12)
Information: The design specific attribute override for lib_cell 'saed32_rvt|saed32_rvt_std:SDFFSSRX1_RVT.timing' is set in the current block 'zigbee_F_cts', because the actual library setting may not be overwritten. (ATTR-12)
Information: The design specific attribute override for lib_cell 'saed32_rvt|saed32_rvt_std:SDFFSSRX2_RVT.timing' is set in the current block 'zigbee_F_cts', because the actual library setting may not be overwritten. (ATTR-12)
Information: The design specific attribute override for lib_cell 'saed32_rvt|saed32_rvt_std:SDFFX1_RVT.timing' is set in the current block 'zigbee_F_cts', because the actual library setting may not be overwritten. (ATTR-12)
Information: The design specific attribute override for lib_cell 'saed32_rvt|saed32_rvt_std:SDFFX2_RVT.timing' is set in the current block 'zigbee_F_cts', because the actual library setting may not be overwritten. (ATTR-12)
Information: The design specific attribute override for lib_cell 'saed32_rvt|saed32_rvt_std:SHFILL128_RVT.timing' is set in the current block 'zigbee_F_cts', because the actual library setting may not be overwritten. (ATTR-12)
Information: The design specific attribute override for lib_cell 'saed32_rvt|saed32_rvt_std:SHFILL1_RVT.timing' is set in the current block 'zigbee_F_cts', because the actual library setting may not be overwritten. (ATTR-12)
Information: The design specific attribute override for lib_cell 'saed32_rvt|saed32_rvt_std:SHFILL2_RVT.timing' is set in the current block 'zigbee_F_cts', because the actual library setting may not be overwritten. (ATTR-12)
Information: The design specific attribute override for lib_cell 'saed32_rvt|saed32_rvt_std:SHFILL3_RVT.timing' is set in the current block 'zigbee_F_cts', because the actual library setting may not be overwritten. (ATTR-12)
Information: The design specific attribute override for lib_cell 'saed32_rvt|saed32_rvt_std:SHFILL64_RVT.timing' is set in the current block 'zigbee_F_cts', because the actual library setting may not be overwritten. (ATTR-12)
Information: The design specific attribute override for lib_cell 'saed32_rvt|saed32_rvt_std:TIEH_RVT.timing' is set in the current block 'zigbee_F_cts', because the actual library setting may not be overwritten. (ATTR-12)
Information: The design specific attribute override for lib_cell 'saed32_rvt|saed32_rvt_std:TIEL_RVT.timing' is set in the current block 'zigbee_F_cts', because the actual library setting may not be overwritten. (ATTR-12)
Information: The design specific attribute override for lib_cell 'saed32_rvt|saed32_rvt_std:TNBUFFX16_RVT.timing' is set in the current block 'zigbee_F_cts', because the actual library setting may not be overwritten. (ATTR-12)
Information: The design specific attribute override for lib_cell 'saed32_rvt|saed32_rvt_std:TNBUFFX1_RVT.timing' is set in the current block 'zigbee_F_cts', because the actual library setting may not be overwritten. (ATTR-12)
Information: The design specific attribute override for lib_cell 'saed32_rvt|saed32_rvt_std:TNBUFFX2_RVT.timing' is set in the current block 'zigbee_F_cts', because the actual library setting may not be overwritten. (ATTR-12)
Information: The design specific attribute override for lib_cell 'saed32_rvt|saed32_rvt_std:TNBUFFX32_RVT.timing' is set in the current block 'zigbee_F_cts', because the actual library setting may not be overwritten. (ATTR-12)
Information: The design specific attribute override for lib_cell 'saed32_rvt|saed32_rvt_std:TNBUFFX4_RVT.timing' is set in the current block 'zigbee_F_cts', because the actual library setting may not be overwritten. (ATTR-12)
Information: The design specific attribute override for lib_cell 'saed32_rvt|saed32_rvt_std:TNBUFFX8_RVT.timing' is set in the current block 'zigbee_F_cts', because the actual library setting may not be overwritten. (ATTR-12)
Information: The design specific attribute override for lib_cell 'saed32_rvt|saed32_rvt_std:XNOR2X1_RVT.timing' is set in the current block 'zigbee_F_cts', because the actual library setting may not be overwritten. (ATTR-12)
Information: The design specific attribute override for lib_cell 'saed32_rvt|saed32_rvt_std:XNOR2X2_RVT.timing' is set in the current block 'zigbee_F_cts', because the actual library setting may not be overwritten. (ATTR-12)
Information: The design specific attribute override for lib_cell 'saed32_rvt|saed32_rvt_std:XNOR3X1_RVT.timing' is set in the current block 'zigbee_F_cts', because the actual library setting may not be overwritten. (ATTR-12)
Information: The design specific attribute override for lib_cell 'saed32_rvt|saed32_rvt_std:XNOR3X2_RVT.timing' is set in the current block 'zigbee_F_cts', because the actual library setting may not be overwritten. (ATTR-12)
Information: The design specific attribute override for lib_cell 'saed32_rvt|saed32_rvt_std:XOR2X1_RVT.timing' is set in the current block 'zigbee_F_cts', because the actual library setting may not be overwritten. (ATTR-12)
Information: The design specific attribute override for lib_cell 'saed32_rvt|saed32_rvt_std:XOR2X2_RVT.timing' is set in the current block 'zigbee_F_cts', because the actual library setting may not be overwritten. (ATTR-12)
Information: The design specific attribute override for lib_cell 'saed32_rvt|saed32_rvt_std:XOR3X1_RVT.timing' is set in the current block 'zigbee_F_cts', because the actual library setting may not be overwritten. (ATTR-12)
Information: The design specific attribute override for lib_cell 'saed32_rvt|saed32_rvt_std:XOR3X2_RVT.timing' is set in the current block 'zigbee_F_cts', because the actual library setting may not be overwritten. (ATTR-12)
Information: The design specific attribute override for lib_cell 'saed32_rvt|saed32_rvt_pg:FOOT2X16_RVT.timing' is set in the current block 'zigbee_F_cts', because the actual library setting may not be overwritten. (ATTR-12)
Information: The design specific attribute override for lib_cell 'saed32_rvt|saed32_rvt_pg:FOOT2X2_RVT.timing' is set in the current block 'zigbee_F_cts', because the actual library setting may not be overwritten. (ATTR-12)
Information: The design specific attribute override for lib_cell 'saed32_rvt|saed32_rvt_pg:FOOT2X32_RVT.timing' is set in the current block 'zigbee_F_cts', because the actual library setting may not be overwritten. (ATTR-12)
Information: The design specific attribute override for lib_cell 'saed32_rvt|saed32_rvt_pg:FOOT2X4_RVT.timing' is set in the current block 'zigbee_F_cts', because the actual library setting may not be overwritten. (ATTR-12)
Information: The design specific attribute override for lib_cell 'saed32_rvt|saed32_rvt_pg:FOOT2X8_RVT.timing' is set in the current block 'zigbee_F_cts', because the actual library setting may not be overwritten. (ATTR-12)
Information: The design specific attribute override for lib_cell 'saed32_rvt|saed32_rvt_pg:FOOTX16_RVT.timing' is set in the current block 'zigbee_F_cts', because the actual library setting may not be overwritten. (ATTR-12)
Information: The design specific attribute override for lib_cell 'saed32_rvt|saed32_rvt_pg:FOOTX2_RVT.timing' is set in the current block 'zigbee_F_cts', because the actual library setting may not be overwritten. (ATTR-12)
Information: The design specific attribute override for lib_cell 'saed32_rvt|saed32_rvt_pg:FOOTX32_RVT.timing' is set in the current block 'zigbee_F_cts', because the actual library setting may not be overwritten. (ATTR-12)
Information: The design specific attribute override for lib_cell 'saed32_rvt|saed32_rvt_pg:FOOTX4_RVT.timing' is set in the current block 'zigbee_F_cts', because the actual library setting may not be overwritten. (ATTR-12)
Information: The design specific attribute override for lib_cell 'saed32_rvt|saed32_rvt_pg:FOOTX8_RVT.timing' is set in the current block 'zigbee_F_cts', because the actual library setting may not be overwritten. (ATTR-12)
Information: The design specific attribute override for lib_cell 'saed32_rvt|saed32_rvt_pg:HEAD2X16_RVT.timing' is set in the current block 'zigbee_F_cts', because the actual library setting may not be overwritten. (ATTR-12)
Information: The design specific attribute override for lib_cell 'saed32_rvt|saed32_rvt_pg:HEAD2X2_RVT.timing' is set in the current block 'zigbee_F_cts', because the actual library setting may not be overwritten. (ATTR-12)
Information: The design specific attribute override for lib_cell 'saed32_rvt|saed32_rvt_pg:HEAD2X32_RVT.timing' is set in the current block 'zigbee_F_cts', because the actual library setting may not be overwritten. (ATTR-12)
Information: The design specific attribute override for lib_cell 'saed32_rvt|saed32_rvt_pg:HEAD2X4_RVT.timing' is set in the current block 'zigbee_F_cts', because the actual library setting may not be overwritten. (ATTR-12)
Information: The design specific attribute override for lib_cell 'saed32_rvt|saed32_rvt_pg:HEAD2X8_RVT.timing' is set in the current block 'zigbee_F_cts', because the actual library setting may not be overwritten. (ATTR-12)
Information: The design specific attribute override for lib_cell 'saed32_rvt|saed32_rvt_pg:HEADX16_RVT.timing' is set in the current block 'zigbee_F_cts', because the actual library setting may not be overwritten. (ATTR-12)
Information: The design specific attribute override for lib_cell 'saed32_rvt|saed32_rvt_pg:HEADX2_RVT.timing' is set in the current block 'zigbee_F_cts', because the actual library setting may not be overwritten. (ATTR-12)
Information: The design specific attribute override for lib_cell 'saed32_rvt|saed32_rvt_pg:HEADX32_RVT.timing' is set in the current block 'zigbee_F_cts', because the actual library setting may not be overwritten. (ATTR-12)
Information: The design specific attribute override for lib_cell 'saed32_rvt|saed32_rvt_pg:HEADX4_RVT.timing' is set in the current block 'zigbee_F_cts', because the actual library setting may not be overwritten. (ATTR-12)
Information: The design specific attribute override for lib_cell 'saed32_rvt|saed32_rvt_pg:HEADX8_RVT.timing' is set in the current block 'zigbee_F_cts', because the actual library setting may not be overwritten. (ATTR-12)
Information: The design specific attribute override for lib_cell 'saed32_rvt|saed32_rvt_lsdn:LSDNENCLSSX1_RVT.timing' is set in the current block 'zigbee_F_cts', because the actual library setting may not be overwritten. (ATTR-12)
Information: The design specific attribute override for lib_cell 'saed32_rvt|saed32_rvt_lsdn:LSDNENCLSSX2_RVT.timing' is set in the current block 'zigbee_F_cts', because the actual library setting may not be overwritten. (ATTR-12)
Information: The design specific attribute override for lib_cell 'saed32_rvt|saed32_rvt_lsdn:LSDNENCLSSX4_RVT.timing' is set in the current block 'zigbee_F_cts', because the actual library setting may not be overwritten. (ATTR-12)
Information: The design specific attribute override for lib_cell 'saed32_rvt|saed32_rvt_lsdn:LSDNENCLSSX8_RVT.timing' is set in the current block 'zigbee_F_cts', because the actual library setting may not be overwritten. (ATTR-12)
Information: The design specific attribute override for lib_cell 'saed32_rvt|saed32_rvt_lsdn:LSDNENCLX1_RVT.timing' is set in the current block 'zigbee_F_cts', because the actual library setting may not be overwritten. (ATTR-12)
Information: The design specific attribute override for lib_cell 'saed32_rvt|saed32_rvt_lsdn:LSDNENCLX2_RVT.timing' is set in the current block 'zigbee_F_cts', because the actual library setting may not be overwritten. (ATTR-12)
Information: The design specific attribute override for lib_cell 'saed32_rvt|saed32_rvt_lsdn:LSDNENCLX4_RVT.timing' is set in the current block 'zigbee_F_cts', because the actual library setting may not be overwritten. (ATTR-12)
Information: The design specific attribute override for lib_cell 'saed32_rvt|saed32_rvt_lsdn:LSDNENCLX8_RVT.timing' is set in the current block 'zigbee_F_cts', because the actual library setting may not be overwritten. (ATTR-12)
Information: The design specific attribute override for lib_cell 'saed32_rvt|saed32_rvt_lsdn:LSDNENSSX1_RVT.timing' is set in the current block 'zigbee_F_cts', because the actual library setting may not be overwritten. (ATTR-12)
Information: The design specific attribute override for lib_cell 'saed32_rvt|saed32_rvt_lsdn:LSDNENSSX2_RVT.timing' is set in the current block 'zigbee_F_cts', because the actual library setting may not be overwritten. (ATTR-12)
Information: The design specific attribute override for lib_cell 'saed32_rvt|saed32_rvt_lsdn:LSDNENSSX4_RVT.timing' is set in the current block 'zigbee_F_cts', because the actual library setting may not be overwritten. (ATTR-12)
Information: The design specific attribute override for lib_cell 'saed32_rvt|saed32_rvt_lsdn:LSDNENSSX8_RVT.timing' is set in the current block 'zigbee_F_cts', because the actual library setting may not be overwritten. (ATTR-12)
Information: The design specific attribute override for lib_cell 'saed32_rvt|saed32_rvt_lsdn:LSDNENX1_RVT.timing' is set in the current block 'zigbee_F_cts', because the actual library setting may not be overwritten. (ATTR-12)
Information: The design specific attribute override for lib_cell 'saed32_rvt|saed32_rvt_lsdn:LSDNENX2_RVT.timing' is set in the current block 'zigbee_F_cts', because the actual library setting may not be overwritten. (ATTR-12)
Information: The design specific attribute override for lib_cell 'saed32_rvt|saed32_rvt_lsdn:LSDNENX4_RVT.timing' is set in the current block 'zigbee_F_cts', because the actual library setting may not be overwritten. (ATTR-12)
Information: The design specific attribute override for lib_cell 'saed32_rvt|saed32_rvt_lsdn:LSDNENX8_RVT.timing' is set in the current block 'zigbee_F_cts', because the actual library setting may not be overwritten. (ATTR-12)
Information: The design specific attribute override for lib_cell 'saed32_rvt|saed32_rvt_lsdn:LSDNSSX1_RVT.timing' is set in the current block 'zigbee_F_cts', because the actual library setting may not be overwritten. (ATTR-12)
Information: The design specific attribute override for lib_cell 'saed32_rvt|saed32_rvt_lsdn:LSDNSSX2_RVT.timing' is set in the current block 'zigbee_F_cts', because the actual library setting may not be overwritten. (ATTR-12)
Information: The design specific attribute override for lib_cell 'saed32_rvt|saed32_rvt_lsdn:LSDNSSX4_RVT.timing' is set in the current block 'zigbee_F_cts', because the actual library setting may not be overwritten. (ATTR-12)
Information: The design specific attribute override for lib_cell 'saed32_rvt|saed32_rvt_lsdn:LSDNSSX8_RVT.timing' is set in the current block 'zigbee_F_cts', because the actual library setting may not be overwritten. (ATTR-12)
Information: The design specific attribute override for lib_cell 'saed32_rvt|saed32_rvt_lsdn:LSDNX1_RVT.timing' is set in the current block 'zigbee_F_cts', because the actual library setting may not be overwritten. (ATTR-12)
Information: The design specific attribute override for lib_cell 'saed32_rvt|saed32_rvt_lsdn:LSDNX2_RVT.timing' is set in the current block 'zigbee_F_cts', because the actual library setting may not be overwritten. (ATTR-12)
Information: The design specific attribute override for lib_cell 'saed32_rvt|saed32_rvt_lsdn:LSDNX4_RVT.timing' is set in the current block 'zigbee_F_cts', because the actual library setting may not be overwritten. (ATTR-12)
Information: The design specific attribute override for lib_cell 'saed32_rvt|saed32_rvt_lsdn:LSDNX8_RVT.timing' is set in the current block 'zigbee_F_cts', because the actual library setting may not be overwritten. (ATTR-12)
Information: The design specific attribute override for lib_cell 'saed32_rvt|saed32_rvt_lsup:LSUPENCLX1_RVT.timing' is set in the current block 'zigbee_F_cts', because the actual library setting may not be overwritten. (ATTR-12)
Information: The design specific attribute override for lib_cell 'saed32_rvt|saed32_rvt_lsup:LSUPENCLX2_RVT.timing' is set in the current block 'zigbee_F_cts', because the actual library setting may not be overwritten. (ATTR-12)
Information: The design specific attribute override for lib_cell 'saed32_rvt|saed32_rvt_lsup:LSUPENCLX4_RVT.timing' is set in the current block 'zigbee_F_cts', because the actual library setting may not be overwritten. (ATTR-12)
Information: The design specific attribute override for lib_cell 'saed32_rvt|saed32_rvt_lsup:LSUPENCLX8_RVT.timing' is set in the current block 'zigbee_F_cts', because the actual library setting may not be overwritten. (ATTR-12)
Information: The design specific attribute override for lib_cell 'saed32_rvt|saed32_rvt_lsup:LSUPENX1_RVT.timing' is set in the current block 'zigbee_F_cts', because the actual library setting may not be overwritten. (ATTR-12)
Information: The design specific attribute override for lib_cell 'saed32_rvt|saed32_rvt_lsup:LSUPENX2_RVT.timing' is set in the current block 'zigbee_F_cts', because the actual library setting may not be overwritten. (ATTR-12)
Information: The design specific attribute override for lib_cell 'saed32_rvt|saed32_rvt_lsup:LSUPENX4_RVT.timing' is set in the current block 'zigbee_F_cts', because the actual library setting may not be overwritten. (ATTR-12)
Information: The design specific attribute override for lib_cell 'saed32_rvt|saed32_rvt_lsup:LSUPENX8_RVT.timing' is set in the current block 'zigbee_F_cts', because the actual library setting may not be overwritten. (ATTR-12)
Information: The design specific attribute override for lib_cell 'saed32_rvt|saed32_rvt_lsup:LSUPX1_RVT.timing' is set in the current block 'zigbee_F_cts', because the actual library setting may not be overwritten. (ATTR-12)
Information: The design specific attribute override for lib_cell 'saed32_rvt|saed32_rvt_lsup:LSUPX2_RVT.timing' is set in the current block 'zigbee_F_cts', because the actual library setting may not be overwritten. (ATTR-12)
Information: The design specific attribute override for lib_cell 'saed32_rvt|saed32_rvt_lsup:LSUPX4_RVT.timing' is set in the current block 'zigbee_F_cts', because the actual library setting may not be overwritten. (ATTR-12)
Information: The design specific attribute override for lib_cell 'saed32_rvt|saed32_rvt_lsup:LSUPX8_RVT.timing' is set in the current block 'zigbee_F_cts', because the actual library setting may not be overwritten. (ATTR-12)
Information: The design specific attribute override for lib_cell 'saed32_sram_lp:SRAMLP1RW64x32.timing' is set in the current block 'zigbee_F_cts', because the actual library setting may not be overwritten. (ATTR-12)
Information: The design specific attribute override for lib_cell 'saed32_sram_lp:SRAMLP1RW64x8.timing' is set in the current block 'zigbee_F_cts', because the actual library setting may not be overwritten. (ATTR-12)
Information: The design specific attribute override for lib_cell 'saed32_sram_lp:SRAMLP2RW128x16.timing' is set in the current block 'zigbee_F_cts', because the actual library setting may not be overwritten. (ATTR-12)
Information: The design specific attribute override for lib_cell 'saed32_sram_lp:SRAMLP2RW32x4.timing' is set in the current block 'zigbee_F_cts', because the actual library setting may not be overwritten. (ATTR-12)
Information: The design specific attribute override for lib_cell 'saed32_sram_lp:SRAMLP2RW64x32.timing' is set in the current block 'zigbee_F_cts', because the actual library setting may not be overwritten. (ATTR-12)
Information: The design specific attribute override for lib_cell 'saed32_sram_lp:SRAMLP2RW64x8.timing' is set in the current block 'zigbee_F_cts', because the actual library setting may not be overwritten. (ATTR-12)
1
##### Assign Specific Cells For CTS (Should be Clock Buffers But It is not available in this EDK) #####
set_lib_cell_purpose -include cts   "*/IBUFFX2*  */IBUFFX4*    */IBUFFX8*    */IBUFFX16*"
Information: The design specific attribute override for lib_cell 'saed32_hvt|saed32_hvt_std:IBUFFX2_HVT.timing' is set in the current block 'zigbee_F_cts', because the actual library setting may not be overwritten. (ATTR-12)
Information: The design specific attribute override for lib_cell 'saed32_lvt|saed32_lvt_std:IBUFFX2_LVT.timing' is set in the current block 'zigbee_F_cts', because the actual library setting may not be overwritten. (ATTR-12)
Information: The design specific attribute override for lib_cell 'saed32_rvt|saed32_rvt_std:IBUFFX2_RVT.timing' is set in the current block 'zigbee_F_cts', because the actual library setting may not be overwritten. (ATTR-12)
Information: The design specific attribute override for lib_cell 'saed32_hvt|saed32_hvt_std:IBUFFX4_HVT.timing' is set in the current block 'zigbee_F_cts', because the actual library setting may not be overwritten. (ATTR-12)
Information: The design specific attribute override for lib_cell 'saed32_lvt|saed32_lvt_std:IBUFFX4_LVT.timing' is set in the current block 'zigbee_F_cts', because the actual library setting may not be overwritten. (ATTR-12)
Information: The design specific attribute override for lib_cell 'saed32_rvt|saed32_rvt_std:IBUFFX4_RVT.timing' is set in the current block 'zigbee_F_cts', because the actual library setting may not be overwritten. (ATTR-12)
Information: The design specific attribute override for lib_cell 'saed32_hvt|saed32_hvt_std:IBUFFX8_HVT.timing' is set in the current block 'zigbee_F_cts', because the actual library setting may not be overwritten. (ATTR-12)
Information: The design specific attribute override for lib_cell 'saed32_lvt|saed32_lvt_std:IBUFFX8_LVT.timing' is set in the current block 'zigbee_F_cts', because the actual library setting may not be overwritten. (ATTR-12)
Information: The design specific attribute override for lib_cell 'saed32_rvt|saed32_rvt_std:IBUFFX8_RVT.timing' is set in the current block 'zigbee_F_cts', because the actual library setting may not be overwritten. (ATTR-12)
Information: The design specific attribute override for lib_cell 'saed32_hvt|saed32_hvt_std:IBUFFX16_HVT.timing' is set in the current block 'zigbee_F_cts', because the actual library setting may not be overwritten. (ATTR-12)
Information: The design specific attribute override for lib_cell 'saed32_lvt|saed32_lvt_std:IBUFFX16_LVT.timing' is set in the current block 'zigbee_F_cts', because the actual library setting may not be overwritten. (ATTR-12)
Information: The design specific attribute override for lib_cell 'saed32_rvt|saed32_rvt_std:IBUFFX16_RVT.timing' is set in the current block 'zigbee_F_cts', because the actual library setting may not be overwritten. (ATTR-12)
1
set_lib_cell_purpose -include cts   "*/NBUFFX2*  */NBUFFX4*    */NBUFFX8*    */NBUFFX16*"
Information: The design specific attribute override for lib_cell 'saed32_hvt|saed32_hvt_std:NBUFFX2_HVT.timing' is set in the current block 'zigbee_F_cts', because the actual library setting may not be overwritten. (ATTR-12)
Information: The design specific attribute override for lib_cell 'saed32_lvt|saed32_lvt_std:NBUFFX2_LVT.timing' is set in the current block 'zigbee_F_cts', because the actual library setting may not be overwritten. (ATTR-12)
Information: The design specific attribute override for lib_cell 'saed32_rvt|saed32_rvt_std:NBUFFX2_RVT.timing' is set in the current block 'zigbee_F_cts', because the actual library setting may not be overwritten. (ATTR-12)
Information: The design specific attribute override for lib_cell 'saed32_hvt|saed32_hvt_std:NBUFFX4_HVT.timing' is set in the current block 'zigbee_F_cts', because the actual library setting may not be overwritten. (ATTR-12)
Information: The design specific attribute override for lib_cell 'saed32_lvt|saed32_lvt_std:NBUFFX4_LVT.timing' is set in the current block 'zigbee_F_cts', because the actual library setting may not be overwritten. (ATTR-12)
Information: The design specific attribute override for lib_cell 'saed32_rvt|saed32_rvt_std:NBUFFX4_RVT.timing' is set in the current block 'zigbee_F_cts', because the actual library setting may not be overwritten. (ATTR-12)
Information: The design specific attribute override for lib_cell 'saed32_hvt|saed32_hvt_std:NBUFFX8_HVT.timing' is set in the current block 'zigbee_F_cts', because the actual library setting may not be overwritten. (ATTR-12)
Information: The design specific attribute override for lib_cell 'saed32_lvt|saed32_lvt_std:NBUFFX8_LVT.timing' is set in the current block 'zigbee_F_cts', because the actual library setting may not be overwritten. (ATTR-12)
Information: The design specific attribute override for lib_cell 'saed32_rvt|saed32_rvt_std:NBUFFX8_RVT.timing' is set in the current block 'zigbee_F_cts', because the actual library setting may not be overwritten. (ATTR-12)
Information: The design specific attribute override for lib_cell 'saed32_hvt|saed32_hvt_std:NBUFFX16_HVT.timing' is set in the current block 'zigbee_F_cts', because the actual library setting may not be overwritten. (ATTR-12)
Information: The design specific attribute override for lib_cell 'saed32_lvt|saed32_lvt_std:NBUFFX16_LVT.timing' is set in the current block 'zigbee_F_cts', because the actual library setting may not be overwritten. (ATTR-12)
Information: The design specific attribute override for lib_cell 'saed32_rvt|saed32_rvt_std:NBUFFX16_RVT.timing' is set in the current block 'zigbee_F_cts', because the actual library setting may not be overwritten. (ATTR-12)
1
set_lib_cell_purpose -include cts   "*/INVX2*    */INVX4*      */INVX8*      */INVX16*"
Information: The design specific attribute override for lib_cell 'saed32_hvt|saed32_hvt_std:INVX2_HVT.timing' is set in the current block 'zigbee_F_cts', because the actual library setting may not be overwritten. (ATTR-12)
Information: The design specific attribute override for lib_cell 'saed32_lvt|saed32_lvt_std:INVX2_LVT.timing' is set in the current block 'zigbee_F_cts', because the actual library setting may not be overwritten. (ATTR-12)
Information: The design specific attribute override for lib_cell 'saed32_rvt|saed32_rvt_std:INVX2_RVT.timing' is set in the current block 'zigbee_F_cts', because the actual library setting may not be overwritten. (ATTR-12)
Information: The design specific attribute override for lib_cell 'saed32_hvt|saed32_hvt_std:INVX4_HVT.timing' is set in the current block 'zigbee_F_cts', because the actual library setting may not be overwritten. (ATTR-12)
Information: The design specific attribute override for lib_cell 'saed32_lvt|saed32_lvt_std:INVX4_LVT.timing' is set in the current block 'zigbee_F_cts', because the actual library setting may not be overwritten. (ATTR-12)
Information: The design specific attribute override for lib_cell 'saed32_rvt|saed32_rvt_std:INVX4_RVT.timing' is set in the current block 'zigbee_F_cts', because the actual library setting may not be overwritten. (ATTR-12)
Information: The design specific attribute override for lib_cell 'saed32_hvt|saed32_hvt_std:INVX8_HVT.timing' is set in the current block 'zigbee_F_cts', because the actual library setting may not be overwritten. (ATTR-12)
Information: The design specific attribute override for lib_cell 'saed32_lvt|saed32_lvt_std:INVX8_LVT.timing' is set in the current block 'zigbee_F_cts', because the actual library setting may not be overwritten. (ATTR-12)
Information: The design specific attribute override for lib_cell 'saed32_rvt|saed32_rvt_std:INVX8_RVT.timing' is set in the current block 'zigbee_F_cts', because the actual library setting may not be overwritten. (ATTR-12)
Information: The design specific attribute override for lib_cell 'saed32_hvt|saed32_hvt_std:INVX16_HVT.timing' is set in the current block 'zigbee_F_cts', because the actual library setting may not be overwritten. (ATTR-12)
Information: The design specific attribute override for lib_cell 'saed32_lvt|saed32_lvt_std:INVX16_LVT.timing' is set in the current block 'zigbee_F_cts', because the actual library setting may not be overwritten. (ATTR-12)
Information: The design specific attribute override for lib_cell 'saed32_rvt|saed32_rvt_std:INVX16_RVT.timing' is set in the current block 'zigbee_F_cts', because the actual library setting may not be overwritten. (ATTR-12)
1
set_lib_cell_purpose -include hold  "*/*DELLN*"
Information: The design specific attribute override for lib_cell 'saed32_hvt|saed32_hvt_std:DELLN1X2_HVT.timing' is set in the current block 'zigbee_F_cts', because the actual library setting may not be overwritten. (ATTR-12)
Information: The design specific attribute override for lib_cell 'saed32_hvt|saed32_hvt_std:DELLN2X2_HVT.timing' is set in the current block 'zigbee_F_cts', because the actual library setting may not be overwritten. (ATTR-12)
Information: The design specific attribute override for lib_cell 'saed32_hvt|saed32_hvt_std:DELLN3X2_HVT.timing' is set in the current block 'zigbee_F_cts', because the actual library setting may not be overwritten. (ATTR-12)
Information: The design specific attribute override for lib_cell 'saed32_lvt|saed32_lvt_std:DELLN1X2_LVT.timing' is set in the current block 'zigbee_F_cts', because the actual library setting may not be overwritten. (ATTR-12)
Information: The design specific attribute override for lib_cell 'saed32_lvt|saed32_lvt_std:DELLN2X2_LVT.timing' is set in the current block 'zigbee_F_cts', because the actual library setting may not be overwritten. (ATTR-12)
Information: The design specific attribute override for lib_cell 'saed32_lvt|saed32_lvt_std:DELLN3X2_LVT.timing' is set in the current block 'zigbee_F_cts', because the actual library setting may not be overwritten. (ATTR-12)
Information: The design specific attribute override for lib_cell 'saed32_rvt|saed32_rvt_std:DELLN1X2_RVT.timing' is set in the current block 'zigbee_F_cts', because the actual library setting may not be overwritten. (ATTR-12)
Information: The design specific attribute override for lib_cell 'saed32_rvt|saed32_rvt_std:DELLN2X2_RVT.timing' is set in the current block 'zigbee_F_cts', because the actual library setting may not be overwritten. (ATTR-12)
Information: The design specific attribute override for lib_cell 'saed32_rvt|saed32_rvt_std:DELLN3X2_RVT.timing' is set in the current block 'zigbee_F_cts', because the actual library setting may not be overwritten. (ATTR-12)
1
###################################################################################
#########################################################
#### Section 5 : NDR ####
#########################################################
####################################################################################
##### CLock Source #####
create_routing_rule clk_network_NDR_root        -multiplier_spacing $clk_spacing_mult -multiplier_width $clk_width_mult
{clk_network_NDR_root}
##### Startinng From The First Level of Buffered Branches #####
create_routing_rule clk_network_NDR_internal    -multiplier_spacing $clk_spacing_mult -multiplier_width $clk_width_mult
{clk_network_NDR_internal}
##### From the Last Level of Buffers to Sinks (Leaf) #####
create_routing_rule clk_network_NDR_leaf -multiplier_spacing 1 -multiplier_width 1
{clk_network_NDR_leaf}
#Root
set_clock_routing_rules -net_type           root                         -clocks             $clock_names                         -rules              clk_network_NDR_root                         -max_routing_layer  M7                         -min_routing_layer  M6 
1
#Internal
set_clock_routing_rules -net_type           internal                         -clocks             $clock_names                         -rules              clk_network_NDR_internal                         -max_routing_layer  M6                         -min_routing_layer  M3
1
#Leaf
set_clock_routing_rules -net_type           sink                         -clocks             $clock_names                         -rules              clk_network_NDR_leaf                         -max_routing_layer  M3                         -min_routing_layer  M1
1
###################################################################################
#########################################################
#### Section 6 : Constraints ####
#########################################################
####################################################################################
report_ideal_network
****************************************
Report : ideal_network
Design : zigbee
Version: O-2018.06-SP1
Date   : Mon Sep 21 04:25:14 2026
****************************************

Ideal network data for scenario 'default':

Source ports                    Latency                        Transition
and pins                  Rise            Fall            Rise            Fall
                       min    max      min    max      min    max      min    max
-------------------------------------------------------------------------------------
clk                    --     --      --      --       --     --       --     --

1
remove_ideal_network -all
1
report_ideal_network
****************************************
Report : ideal_network
Design : zigbee
Version: O-2018.06-SP1
Date   : Mon Sep 21 04:25:14 2026
****************************************

Ideal network data for scenario 'default':
No ideal source pins or ports.

1
remove_clock_latency        [all_clocks]
1
remove_propagated_clock     [all_clocks]
1
remove_clock_tree_options   -all -target_skew -target_latency
1
###################################################################################
#########################################################
#### Section 7 : DRC ####
#########################################################
####################################################################################
set_max_transition  0.15    -clock_path [get_clocks $clock_names]
1
set_max_capacitance 20      -clock_path [get_clocks $clock_names]
1
###################################################################################
#########################################################
#### Section 8 : Clock Tree Target CTO ####
#########################################################
####################################################################################
set_clock_tree_options -target_skew 0.1 -clocks $clock_names
1
set_clock_tree_options -target_latency 0.0 -clocks $clock_names
1
##### Reports #####
report_clock_setting
****************************************
 Report : clock settings
 Design : zigbee_F_cts
 Date   : Mon Sep 21 04:25:14 2026
****************************************


======================================
Configurations 
======================================

##Global
  Corner = default
    Max transition: 3.637
    Max capacitance: 100.000
    Target skew: 0 (default)
    Target latency: Not specified

##clk
  Corner = default
    Max transition: 0.150
    Max capacitance: 20.000
    Target skew: 0.100
    Target latency: 0.000


======================================
Routing Rules 
======================================

##Global
Routing rule for sink nets: Not specified
Routing rule for internal nets: Not specified
Routing rule for root nets: Not specified
Routing rule for all nets: Not specified
Net-based routing rules (by set_clock_routing_rule): Not specified
Net-based routing rules (by set_routing_rule): Not specified

##clk
Routing rule for sink nets: clk_network_NDR_leaf  Min Layer:M1 Max Layer:M3
Routing rule for internal nets: clk_network_NDR_internal  Min Layer:M3 Max Layer:M6
Routing rule for root nets: clk_network_NDR_root  Min Layer:M6 Max Layer:M7
Routing rule for all nets: Not specified
Net-based routing rules (by set_clock_routing_rule): Not specified
Net-based routing rules (by set_routing_rule): Not specified


======================================
Buffers and Inverters 
======================================

##Buffers
Name                                   Area      Max Transition       Max Load
------------------------------------------------------------------------------
saed32_hvt|saed32_hvt_std/NBUFFX16_HVT
                                      6.099               1.024         82.000
saed32_hvt|saed32_hvt_std/NBUFFX2_HVT
                                      2.033               1.024         16.000
saed32_hvt|saed32_hvt_std/NBUFFX4_HVT
                                      2.541               1.024         32.000
saed32_hvt|saed32_hvt_std/NBUFFX8_HVT
                                      3.812               1.024         64.000
saed32_lvt|saed32_lvt_std/NBUFFX16_LVT
                                      6.099               1.024         82.000
saed32_lvt|saed32_lvt_std/NBUFFX2_LVT
                                      2.033               1.024         16.000
saed32_lvt|saed32_lvt_std/NBUFFX4_LVT
                                      2.541               1.024         32.000
saed32_lvt|saed32_lvt_std/NBUFFX8_LVT
                                      3.812               1.024         64.000
saed32_rvt|saed32_rvt_std/NBUFFX16_RVT
                                      6.099               1.024         82.000
saed32_rvt|saed32_rvt_std/NBUFFX2_RVT
                                      2.033               1.024         16.000
saed32_rvt|saed32_rvt_std/NBUFFX4_RVT
                                      2.541               1.024         32.000
saed32_rvt|saed32_rvt_std/NBUFFX8_RVT
                                      3.812               1.024         64.000

##Inverters
Name                                   Area      Max Transition       Max Load
------------------------------------------------------------------------------
saed32_hvt|saed32_hvt_std/IBUFFX16_HVT
                                      6.608               1.024         82.000
saed32_hvt|saed32_hvt_std/IBUFFX2_HVT
                                      2.541               1.024         16.000
saed32_hvt|saed32_hvt_std/IBUFFX4_HVT
                                      3.050               1.024         32.000
saed32_hvt|saed32_hvt_std/IBUFFX8_HVT
                                      4.320               1.024         64.000
saed32_hvt|saed32_hvt_std/INVX16_HVT
                                      5.083               1.024         82.000
saed32_hvt|saed32_hvt_std/INVX2_HVT
                                      1.525               1.024         16.000
saed32_hvt|saed32_hvt_std/INVX4_HVT
                                      2.033               1.024         32.000
saed32_hvt|saed32_hvt_std/INVX8_HVT
                                      3.050               1.024         64.000
saed32_lvt|saed32_lvt_std/IBUFFX16_LVT
                                      6.608               1.024         82.000
saed32_lvt|saed32_lvt_std/IBUFFX2_LVT
                                      2.541               1.024         16.000
saed32_lvt|saed32_lvt_std/IBUFFX4_LVT
                                      3.050               1.024         32.000
saed32_lvt|saed32_lvt_std/IBUFFX8_LVT
                                      4.320               1.024         64.000
saed32_lvt|saed32_lvt_std/INVX16_LVT
                                      5.083               1.024         82.000
saed32_lvt|saed32_lvt_std/INVX2_LVT
                                      1.525               1.024         16.000
saed32_lvt|saed32_lvt_std/INVX4_LVT
                                      2.033               1.024         32.000
saed32_lvt|saed32_lvt_std/INVX8_LVT
                                      3.050               1.024         64.000
saed32_rvt|saed32_rvt_std/IBUFFX16_RVT
                                      6.608               1.024         82.000
saed32_rvt|saed32_rvt_std/IBUFFX2_RVT
                                      2.541               1.024         16.000
saed32_rvt|saed32_rvt_std/IBUFFX4_RVT
                                      3.050               1.024         32.000
saed32_rvt|saed32_rvt_std/IBUFFX8_RVT
                                      4.320               1.024         64.000
saed32_rvt|saed32_rvt_std/INVX16_RVT
                                      5.083               1.024         82.000
saed32_rvt|saed32_rvt_std/INVX2_RVT
                                      1.525               1.024         16.000
saed32_rvt|saed32_rvt_std/INVX4_RVT
                                      2.033               1.024         32.000
saed32_rvt|saed32_rvt_std/INVX8_RVT
                                      3.050               1.024         64.000


======================================
Spacing Rules 
======================================

##By design
No by design spacing rule is specified

##By clock
No by clock spacing rule is specified

##By libcell
No by libcell spacing rule is specified

##By clock and libcell
No by clock and libcell spacing rule is specified
1
report_clock_tree_options
****************************************
 Report : target skew and latency
 Design : zigbee
 Date   : Mon Sep 21 04:25:15 2026
****************************************

##Target Skew

Clock                        Corner                        Target
-----------------------------------------------------------------
clk (mode default)           default                       0.1

##Target Latency

Clock                        Corner                        Target
-----------------------------------------------------------------
clk (mode default)           default                       0

##Max Level Count

Clock                                  Count
-----------------------------------------------------------------
No max level constraints found.
1
###################################################################################
#########################################################
#### Section 9 : CTS App Options ####
#########################################################
####################################################################################
##### Signal Integrety #####
set_app_options -list {time.enable_si_timing_windows                        {true}}
time.enable_si_timing_windows true
set_app_options -list {time.si_enable_analysis                              {true}}
time.si_enable_analysis true
##### Removal Time #####
set_app_options -name time.disable_recovery_removal_checks          -value  false
time.disable_recovery_removal_checks false
##### CRPR #####
set_app_options -name time.remove_clock_reconvergence_pessimism     -value  true
time.remove_clock_reconvergence_pessimism true
#fanout
set_app_options -list "cts.common.max_fanout                                ${max_fanout}"
cts.common.max_fanout 5
#Congestion Handling
set_app_options -list {cts.compile.enable_global_route                      true}
cts.compile.enable_global_route true
#Clean Buffers In Clock Path
set_app_options -name cts.compile.remove_existing_clock_trees       -value  true
cts.compile.remove_existing_clock_trees true
#Hold Optimisation
set_app_options -list {clock_opt.hold.effort                                {high}}
clock_opt.hold.effort high
#Apply NDR
set_app_options -name clock_opt.flow.optimize_ndr                   -value  true
clock_opt.flow.optimize_ndr true
#Area Optimization (Time Then Area)
set_app_options -name clock_opt.flow.enable_clock_power_recovery    -value  area
clock_opt.flow.enable_clock_power_recovery area
###################################################################################
#########################################################
#### Section 10 : CCD ####
#########################################################
####################################################################################
##### Enable CCD #####
set_app_options -list {clock_opt.flow.enable_ccd                            {true}}
clock_opt.flow.enable_ccd true
##### Allow CCD To Optimize hold
set_app_options -name ccd.hold_control_effort                       -value  high
ccd.hold_control_effort high
##### Wire Length Limitaion #####
set_app_options -list "cts.common.max_net_length                            ${max_wire_l}"
cts.common.max_net_length 100
##### Perefix #####
set_app_options -name cts.common.user_instance_name_prefix          -value  "CTS_"
cts.common.user_instance_name_prefix CTS_
set_app_options -name opt.common.user_instance_name_prefix          -value  "OPT_"
opt.common.user_instance_name_prefix OPT_
###################################################################################
#########################################################
#### Section 11 : Clock Network ####
#########################################################
####################################################################################
#syn
clock_opt -from build_clock -to build_clock
Use advanced legalizer engine : 0
Warning: the app option 'time.si_enable_analysis' should not be set to be true in pre-route stage, enforce it to be false temporarily. (OPT-215)
Information: The stitching and editing of coupling caps is turned OFF for design 'zigbee_F.dlib:zigbee_F_cts.design'. (TIM-125)
Information: Design Average RC for design zigbee_F_cts  (NEX-011)
Information: r = 1.152344 ohm/um, via_r = 0.500000 ohm/cut, c = 0.084562 ff/um, cc = 0.000000 ff/um (X dir) (NEX-017)
Information: r = 1.399614 ohm/um, via_r = 0.500000 ohm/cut, c = 0.080637 ff/um, cc = 0.000000 ff/um (Y dir) (NEX-017)
Number of Site types in the design = 1
Setting up Chip Core
Chip Core shape: (100000 100000) (5222400 5216320)
Number of unique PDs = 1
Number of Power Domains = 1
Number of Voltage Areas = 1
Number of supply Nets = 2
Number of used supplies = 2

Running clock synthesis step.
************************************************************
* CTS STEP: Design Initialization for Trial Synthesis
************************************************************
Information: All clock objects will be converted from ideal to propagated clock during CTS. (CTS-105)
Information: CTS will work on the following scenarios. (CTS-101)
   default	(Mode: default; Corner: default)
Information: CTS will work on all clocks in active scenarios, including 1 master clocks and 0 generated clocks. (CTS-107)
Information: Clock derating is enabled

CTS related app options set by user:
   cts.common.max_fanout = 5
   cts.common.max_net_length = 100
   cts.common.user_instance_name_prefix = CTS_
   cts.compile.enable_global_route = true
   cts.compile.enable_local_skew = true
   cts.compile.remove_existing_clock_trees = true
   cts.optimize.enable_local_skew = true

Buffer/Inverter reference list for clock tree synthesis:
   saed32_hvt|saed32_hvt_std/NBUFFX16_HVT
   saed32_hvt|saed32_hvt_std/NBUFFX2_HVT
   saed32_hvt|saed32_hvt_std/NBUFFX4_HVT
   saed32_hvt|saed32_hvt_std/NBUFFX8_HVT
   saed32_lvt|saed32_lvt_std/NBUFFX16_LVT
   saed32_lvt|saed32_lvt_std/NBUFFX2_LVT
   saed32_lvt|saed32_lvt_std/NBUFFX4_LVT
   saed32_lvt|saed32_lvt_std/NBUFFX8_LVT
   saed32_rvt|saed32_rvt_std/NBUFFX16_RVT
   saed32_rvt|saed32_rvt_std/NBUFFX2_RVT
   saed32_rvt|saed32_rvt_std/NBUFFX4_RVT
   saed32_rvt|saed32_rvt_std/NBUFFX8_RVT
   saed32_hvt|saed32_hvt_std/IBUFFX16_HVT
   saed32_hvt|saed32_hvt_std/IBUFFX2_HVT
   saed32_hvt|saed32_hvt_std/IBUFFX4_HVT
   saed32_hvt|saed32_hvt_std/IBUFFX8_HVT
   saed32_hvt|saed32_hvt_std/INVX16_HVT
   saed32_hvt|saed32_hvt_std/INVX2_HVT
   saed32_hvt|saed32_hvt_std/INVX4_HVT
   saed32_hvt|saed32_hvt_std/INVX8_HVT
   saed32_lvt|saed32_lvt_std/IBUFFX16_LVT
   saed32_lvt|saed32_lvt_std/IBUFFX2_LVT
   saed32_lvt|saed32_lvt_std/IBUFFX4_LVT
   saed32_lvt|saed32_lvt_std/IBUFFX8_LVT
   saed32_lvt|saed32_lvt_std/INVX16_LVT
   saed32_lvt|saed32_lvt_std/INVX2_LVT
   saed32_lvt|saed32_lvt_std/INVX4_LVT
   saed32_lvt|saed32_lvt_std/INVX8_LVT
   saed32_rvt|saed32_rvt_std/IBUFFX16_RVT
   saed32_rvt|saed32_rvt_std/IBUFFX2_RVT
   saed32_rvt|saed32_rvt_std/IBUFFX4_RVT
   saed32_rvt|saed32_rvt_std/IBUFFX8_RVT
   saed32_rvt|saed32_rvt_std/INVX16_RVT
   saed32_rvt|saed32_rvt_std/INVX2_RVT
   saed32_rvt|saed32_rvt_std/INVX4_RVT
   saed32_rvt|saed32_rvt_std/INVX8_RVT
There is no CTS reference for ICG cells
Information: 'default' is identified as primary corner for initial clock tree building. (CTS-103)
Number of Site types in the design = 1
Setting up Chip Core
Chip Core shape: (100000 100000) (5222400 5216320)
Number of unique PDs = 1
Number of Power Domains = 1
Number of Voltage Areas = 1
Number of supply Nets = 2
Number of used supplies = 2
CTS NDR rule list:
   Clock: clk (mode default); Net Type: sink;     Rule: clk_network_NDR_leaf; Min Layer: M1; Max Layer: M3
   Clock: clk (mode default); Net Type: internal; Rule: clk_network_NDR_internal; Min Layer: M3; Max Layer: M6
   Clock: clk (mode default); Net Type: root;     Rule: clk_network_NDR_root; Min Layer: M6; Max Layer: M7

Clock cell spacing rule list:
   No clock cell spacing rule is found.
Information: The run time for design initialization is 0 hr : 0 min : 0.46 sec, cpu time is 0 hr : 0 min : 0.50 sec. (CTS-104)
Begin building search trees for block zigbee_F.dlib:zigbee_F_cts.design
Done building search trees for block zigbee_F.dlib:zigbee_F_cts.design (time 0s)
Drc Mode Option: auto
Use advanced legalizer engine : 0
Warning: Routing direction of metal layer PO is neither "horizontal" nor "vertical".  PDC checks will not be performed on this layer. (PDC-003)
PDC app_options settings =========
	place.legalize.enable_prerouted_net_check: 1

Expand check halo by 0.1520 x 0.1520
Scanning PG objects...
PG hash cached 2 nets; 11 viaBoxes; 0 viaMatrices.
PG scanned 280 objects; 79325 vias; 0 staples.
PG scan complete.  Hash key = eb822d0a7a433e8c
Reading PG structure for 'zigbee_F.dlib:zigbee_F_cts.design'
Layer M1: read 0 secDefs  0 sectors
Layer M2: read 6 secDefs  31776 sectors
Layer M3: read 6 secDefs  31776 sectors
Layer M4: read 6 secDefs  31776 sectors
Layer M5: read 6 secDefs  31776 sectors
Layer M6: read 6 secDefs  31776 sectors
Layer M7: read 6 secDefs  31776 sectors
Layer M8: read 12 secDefs  21253 sectors
Layer M9: read 23 secDefs  4969 sectors
Layer MRDL: read 0 secDefs  0 sectors

Sector Array Stats:
Num Sectors: 216878
Num SecDefs:    71
Shared: 63 count; 3442.4 ave; 5390 max
SecDef Shapes: 51 Below-aligned, 0 Above-aligned, 12 Horizontal, 8 Vertical
Referenced Patterns: 4 count; 2.0 ave; 2 max

Place Cache read: 29186 elements -- 5 drcFail 29181 drcOk
Place Cache read: 67 libcells referenced from 2 libs
Place Cache read: used 6 of 71 total secDefs
Access Cache read: 36590 elements -- 3854 drcFail 32736 drcOk
Access Cache read: 79 libcells referenced from 3 libs
Access Cache read: used 6 of 71 total secDefs
Connection checks for layer M2: blocked_pin pin_access_default track_drc pin_extend0
Connection checks for layer M3: blocked_pin pin_access_default track_drc pin_extend1
Connection checks for layer M4: blocked_pin pin_access_default track_drc pin_extend1
Connection checks for layer M5: blocked_pin pin_access_default track_drc pin_extend1
Information: Legalizer's PDC rule check is enabled
Information: Legalizer's advanced rule check is enabled
Information: The stitching and editing of coupling caps is turned OFF for design 'zigbee_F.dlib:zigbee_F_cts.design'. (TIM-125)
 Creating timing abstraction of clock tree(s)
For clock 'clk' @ corner 'default': latency = 0.185
 Abstraction finished successfully
OCV derate values 1.000 (early) and 1.000 (late)
Information: The stitching and editing of coupling caps is turned OFF for design 'zigbee_F.dlib:zigbee_F_cts.design'. (TIM-125)
Information: Design Average RC for design zigbee_F_cts  (NEX-011)
Information: r = 1.152344 ohm/um, via_r = 0.500000 ohm/cut, c = 0.084562 ff/um, cc = 0.000000 ff/um (X dir) (NEX-017)
Information: r = 1.399614 ohm/um, via_r = 0.500000 ohm/cut, c = 0.080637 ff/um, cc = 0.000000 ff/um (Y dir) (NEX-017)
Information: The stitching and editing of coupling caps is turned OFF for design 'zigbee_F.dlib:zigbee_F_cts.design'. (TIM-125)
Information: The RC mode used is VR for design 'zigbee'. (NEX-022)
Information: Update timing completed net estimation for all the timing graph nets (TIM-111)
Information: Net estimation statistics: timing graph nets = 28985, routed nets = 0, across physical hierarchy nets = 0, parasitics cached nets = 0, delay annotated nets = 0, parasitics annotated nets = 0, multi-voltage nets = 0. (TIM-112)

Mode:default          Latency(early)   Latency(late)
Clock        Updated   rise    fall    rise    fall   Corner
------------------------------------------------------------
clk          Yes     0.1848  0.1848  0.1848  0.1848   default

Information: The stitching and editing of coupling caps is turned OFF for design 'zigbee_F.dlib:zigbee_F_cts.design'. (TIM-125)
Information: The RC mode used is VR for design 'zigbee'. (NEX-022)
Information: Update timing completed net estimation for all the timing graph nets (TIM-111)
Information: Net estimation statistics: timing graph nets = 28985, routed nets = 0, across physical hierarchy nets = 0, parasitics cached nets = 28984, delay annotated nets = 0, parasitics annotated nets = 0, multi-voltage nets = 0. (TIM-112)
Information: All clock objects will be converted from ideal to propagated clock during CTS. (CTS-105)
Information: The net parasitics of block zigbee are cleared. (TIM-123)
Setting the local skew CTS slack threshold value to 0.050000
Using threshold of 0.050000 to filter timing paths
************************************************************
* CTS STEP: Existing Clock Tree Removal
************************************************************

No buffer or inverter has been removed.
Information: The run time for existing clock tree removal is 0 hr : 0 min : 0.01 sec, cpu time is 0 hr : 0 min : 0.01 sec. (CTS-104)
************************************************************
* CTS STEP: Clock Tree Initialization
************************************************************

Start Auto-Exception Derivations...
 No internal pin was found.
 No conflict pin was found.
 No macro pin was found for clock balance point settings.
 No macro pin was found for disabling self arcs.
Information: The run time for clock tree initialization is 0 hr : 0 min : 0.04 sec, cpu time is 0 hr : 0 min : 0.03 sec. (CTS-104)
Computing global skew target..
Setting target skew for clock: clk (mode default) as 3.125000
Drc Mode Option: auto
Enable multi-thread Tasks, number of thread is 12
Information: The stitching and editing of coupling caps is turned OFF for design 'zigbee_F.dlib:zigbee_F_cts.design'. (TIM-125)
Information: Design Average RC for design zigbee_F_cts  (NEX-011)
Information: r = 1.152344 ohm/um, via_r = 0.500000 ohm/cut, c = 0.084562 ff/um, cc = 0.000000 ff/um (X dir) (NEX-017)
Information: r = 1.399614 ohm/um, via_r = 0.500000 ohm/cut, c = 0.080637 ff/um, cc = 0.000000 ff/um (Y dir) (NEX-017)
Information: The RC mode used is VR for design 'zigbee'. (NEX-022)
Information: Update timing completed net estimation for all the timing graph nets (TIM-111)
Information: Net estimation statistics: timing graph nets = 28985, routed nets = 0, across physical hierarchy nets = 0, parasitics cached nets = 0, delay annotated nets = 0, parasitics annotated nets = 0, multi-voltage nets = 0. (TIM-112)
************************************************************
* CTS STEP: Clock Cell Relocation
************************************************************
A total of 0 clock cells have been relocated
Information: The run time for clock cell relocation is 0 hr : 0 min : 0.00 sec, cpu time is 0 hr : 0 min : 0.00 sec. (CTS-104)
Information: The run time for enable resynthesis is 0 hr : 0 min : 0.00 sec, cpu time is 0 hr : 0 min : 0.00 sec. (CTS-104)
************************************************************
* CTS STEP: Gate-By-Gate Clock Tree Synthesis
************************************************************
Warning: Cell contains tie connections which are not connected to real PG. (ZRT-511)
Turn off antenna since no rule is specified
Cell Min-Routing-Layer = M3
Cell Max-Routing-Layer = M7
Warning: Cannot find a default contact code for layer CO. (ZRT-022)
rule clk_network_NDR_leaf equivalent to default rule
Warning: Ignore 2 top cell ports with no pins. (ZRT-027)
Info: number of net_type_blockage: 0 
Global route buffer aware mode is ON.
-------------------------------------------------------------
 Gate level 1 clock tree synthesis
 driving pin = clk
 Clocks:
     clk (default)
 Design rule constraints:
     max transition  = 0.150000
     max capacitance = 20.000000
 Number of load sinks = 6154
 Number of ignore points = 0
Information: Design Average RC for design zigbee_F_cts  (NEX-011)
Information: r = 1.152344 ohm/um, via_r = 0.500000 ohm/cut, c = 0.084562 ff/um, cc = 0.000000 ff/um (X dir) (NEX-017)
Information: r = 1.399614 ohm/um, via_r = 0.500000 ohm/cut, c = 0.080637 ff/um, cc = 0.000000 ff/um (Y dir) (NEX-017)
 Added 1690 Repeaters. Built 15 Repeater Levels
Information: The RC mode used is CTO for design 'zigbee'. (NEX-022)
 Phase delay: clk : (0.223 0.176) : skew = 0.046
Information: The run time for gate-by-gate clock tree synthesis is 0 hr : 7 min : 44.52 sec, cpu time is 0 hr : 7 min : 40.93 sec. (CTS-104)
************************************************************
* CTS STEP: DRC Fixing Beyond Exceptions
************************************************************
Information: The run time for DRC fixing beyond exceptions is 0 hr : 0 min : 0.00 sec, cpu time is 0 hr : 0 min : 0.00 sec. (CTS-104)
There are 3 buffers and 1687 inverters added (total area 4211.42) by Clock Tree Synthesis.
Turning off global route buffer aware mode.
************************************************************
* CTS STEP: Clock Net Global Routing
************************************************************
Performing initial clock net global routing ...
Loading parastics information to the router ...
parastics information loaded to the router.
Information: The net parasitics of block zigbee are cleared. (TIM-123)
Total number of global routed clock nets: 1691
Information: The run time for clock net global routing is 0 hr : 0 min : 0.42 sec, cpu time is 0 hr : 0 min : 0.52 sec. (CTS-104)
Begin building search trees for block zigbee_F.dlib:zigbee_F_cts.design
Done building search trees for block zigbee_F.dlib:zigbee_F_cts.design (time 0s)
Information: The stitching and editing of coupling caps is turned OFF for design 'zigbee_F.dlib:zigbee_F_cts.design'. (TIM-125)
Information: Design zigbee_F_cts has 30677 nets, 1691 global routed, 0 detail routed. (NEX-024)
Information: The RC mode used is CTO for design 'zigbee'. (NEX-022)
Information: Update timing completed net estimation for all the timing graph nets (TIM-111)
Information: Net estimation statistics: timing graph nets = 30675, routed nets = 1691, across physical hierarchy nets = 0, parasitics cached nets = 1691, delay annotated nets = 0, parasitics annotated nets = 0, multi-voltage nets = 0. (TIM-112)
************************************************************
* CTS STEP: Pre-Optimization DRC Fixing
************************************************************
-------------------------------------------------------------
Fixing clock: clk mode: default root: clk

Clock QoR Before Fixing Clock Tree DRC Violation ...
Clock: clk, Mode: default, Root: clk
Information: CTS QoR Pre Initial DRC Fixing: GlobalSkew = 0.0483; ID = 0.2197; NetsWithDRC = 0; Worst Tran/Cap/Fanout/NetLength cost = 0.0000/0.0000/0/0.0000; ClockBufArea = 4211.4204; ClockCellArea = 4211.4204; Clock = clk; Mode = default; Corner = default; ClockRoot = clk. (CTS-037)

Starting fixing clock tree DRC Violation ...
Resized 0 cell(s), relocated 0 cell(s), cloned 0 cell(s) and inserted 0 buffer(s)/inverter(s)
Cloned 0 non-repeater gate(s)
Ran incremental ZGR 0 time(s) for 0 net(s) and restored ZGR 0 time(s) for 0 net(s)
Clock QoR After Fixing Pre-Opt DRC Violation:
Clock: clk, Mode: default, Root: clk
Information: CTS QoR Post Initial DRC Fixing: GlobalSkew = 0.0483; ID = 0.2197; NetsWithDRC = 0; Worst Tran/Cap/Fanout/NetLength cost = 0.0000/0.0000/0/0.0000; ClockBufArea = 4211.4204; ClockCellArea = 4211.4204; Clock = clk; Mode = default; Corner = default; ClockRoot = clk. (CTS-037)
The elapsed time for fixing DRC violation is 0 hr : 0 min : 0.07 sec, cpu time is 0 hr : 0 min : 0.15 sec.
Information: The run time for pre-optimization DRC fixing is 0 hr : 0 min : 0.07 sec, cpu time is 0 hr : 0 min : 0.15 sec. (CTS-104)
************************************************************
* CTS STEP: Skew Latency Optimization and Area Recovery
************************************************************
-------------------------------------------------------------
Optimizing clock tree
clock: clk mode: default root: clk
Clock QoR Before Optimization:
Clock: clk, Mode: default, Root: clk
Information: CTS QoR Pre Optimization: GlobalSkew = 0.0483; ID = 0.2197; NetsWithDRC = 0; Worst Tran/Cap/Fanout/NetLength cost = 0.0000/0.0000/0/0.0000; ClockBufArea = 4211.4204; ClockCellArea = 4211.4204; Clock = clk; Mode = default; Corner = default; ClockRoot = clk. (CTS-037)

Begin Network Flow Based Optimization:
Default network flow optimizer made 0 successful improvements out of 0 iterations
Resized 0, relocated 0, deleted 0, inserted 0, sizeUp Relocated 0 cells
The elapsed time for network flow optimization is 0 hr : 0 min : 0.09 sec, cpu time is 0 hr : 0 min : 0.09 sec.
Ran incremental ZGR 0 time(s) for 0 net(s) and restored ZGR 0 time(s) for 0 net(s)
Clock Qor After Network Flow Optimization:
Clock: clk, Mode: default, Root: clk
Information: CTS QoR Post Optimization: GlobalSkew = 0.0483; ID = 0.2197; NetsWithDRC = 0; Worst Tran/Cap/Fanout/NetLength cost = 0.0000/0.0000/0/0.0000; ClockBufArea = 4211.4204; ClockCellArea = 4211.4204; Clock = clk; Mode = default; Corner = default; ClockRoot = clk. (CTS-037)

Begin Area Recovery Buffer Removal:
Begin building search trees for block zigbee_F.dlib:zigbee_F_cts.design
Done building search trees for block zigbee_F.dlib:zigbee_F_cts.design (time 0s)
.
AR: deleted 10 cell(s)
Ran incremental ZGR 105 time(s) for 105 net(s) and restored ZGR 0 time(s) for 0 net(s)
Clock QoR After Area Recovery Removal:
Clock: clk, Mode: default, Root: clk
Information: CTS QoR Post Area Recovery: GlobalSkew = 0.0594; ID = 0.2197; NetsWithDRC = 0; Worst Tran/Cap/Fanout/NetLength cost = 0.0000/0.0000/0/0.0000; ClockBufArea = 4184.9893; ClockCellArea = 4184.9893; Clock = clk; Mode = default; Corner = default; ClockRoot = clk. (CTS-037)

Begin Area Recovery Resizing:
Begin building search trees for block zigbee_F.dlib:zigbee_F_cts.design
Done building search trees for block zigbee_F.dlib:zigbee_F_cts.design (time 0s)
AR: resized 1491 out of 1680 cell(s)
Ran incremental ZGR 390 time(s) for 1887 net(s) and restored ZGR 3 time(s) for 9 net(s)
Clock QoR After Area Recovery Resizing:
Clock: clk, Mode: default, Root: clk
Information: CTS QoR Post Area Recovery: GlobalSkew = 0.0429; ID = 0.2196; NetsWithDRC = 0; Worst Tran/Cap/Fanout/NetLength cost = 0.0000/0.0000/0/0.0000; ClockBufArea = 2781.6062; ClockCellArea = 2781.6062; Clock = clk; Mode = default; Corner = default; ClockRoot = clk. (CTS-037)
The elapsed time for area recovery is 0 hr : 0 min : 9.34 sec, cpu time is 0 hr : 0 min : 21.07 sec.
The elapsed time for optimization of clock tree is 0 hr : 0 min : 9.47 sec, cpu time is 0 hr : 0 min : 21.30 sec.
Information: The stitching and editing of coupling caps is turned OFF for design 'zigbee_F.dlib:zigbee_F_cts.design'. (TIM-125)
Information: Update timing completed net estimation for all the timing graph nets (TIM-111)
Information: Net estimation statistics: timing graph nets = 30665, routed nets = 1681, across physical hierarchy nets = 0, parasitics cached nets = 1681, delay annotated nets = 0, parasitics annotated nets = 0, multi-voltage nets = 0. (TIM-112)

Mode:default          Latency(early)   Latency(late)
Clock        Updated   rise    fall    rise    fall   Corner
------------------------------------------------------------
clk          Yes     0.2075  0.2075  0.2075  0.2075   default

Information: The stitching and editing of coupling caps is turned OFF for design 'zigbee_F.dlib:zigbee_F_cts.design'. (TIM-125)
Information: Design Average RC for design zigbee_F_cts  (NEX-011)
Information: r = 1.152344 ohm/um, via_r = 0.500000 ohm/cut, c = 0.085487 ff/um, cc = 0.000000 ff/um (X dir) (NEX-017)
Information: r = 1.399614 ohm/um, via_r = 0.500000 ohm/cut, c = 0.081899 ff/um, cc = 0.000000 ff/um (Y dir) (NEX-017)
Information: Update timing completed net estimation for all the timing graph nets (TIM-111)
Information: Net estimation statistics: timing graph nets = 30665, routed nets = 1681, across physical hierarchy nets = 0, parasitics cached nets = 30665, delay annotated nets = 0, parasitics annotated nets = 0, multi-voltage nets = 0. (TIM-112)
Information: The stitching and editing of coupling caps is turned OFF for design 'zigbee_F.dlib:zigbee_F_cts.design'. (TIM-125)
Information: Update timing completed net estimation for all the timing graph nets (TIM-111)
Information: Net estimation statistics: timing graph nets = 30665, routed nets = 1681, across physical hierarchy nets = 0, parasitics cached nets = 1681, delay annotated nets = 0, parasitics annotated nets = 0, multi-voltage nets = 0. (TIM-112)
-------------------------------------------------------------
Optimizing clock tree local skew
clock: clk mode: default root: clk
Clock QoR Before Optimization:
Clock: clk, Mode: default, Root: clk
Information: CTS QoR Pre Local Skew Optimization: GlobalSkew = 0.0429; ID = 0.2196; NetsWithDRC = 0; Worst Tran/Cap/Fanout/NetLength cost = 0.0000/0.0000/0/0.0000; ClockBufArea = 2781.6062; ClockCellArea = 2781.6062; Clock = clk; Mode = default; Corner = default; ClockRoot = clk. (CTS-037)

Begin Network Flow Based Optimization:
Total trial resizing 2133 time(s) accepted 1059 time(s)
Network Flow Optimization cpu time 00:01:05.96u 00:00:02.86s 00:00:29.44e: 
Ran incremental ZGR 1087 time(s) for 2174 net(s) and restored ZGR 28 time(s) for 56 net(s)
Clock Qor After Optimization:
Clock: clk, Mode: default, Root: clk
Information: CTS QoR Post Local Skew Optimization: GlobalSkew = 0.0543; ID = 0.2194; NetsWithDRC = 0; Worst Tran/Cap/Fanout/NetLength cost = 0.0000/0.0000/0/0.0000; ClockBufArea = 3139.1868; ClockCellArea = 3139.1868; Clock = clk; Mode = default; Corner = default; ClockRoot = clk. (CTS-037)
The elapsed time for optimization of clock tree is 0 hr : 0 min : 29.48 sec, cpu time is 0 hr : 1 min : 8.94 sec.
Information: The run time for skew latency optimization is 0 hr : 0 min : 40.32 sec, cpu time is 0 hr : 1 min : 35.69 sec. (CTS-104)
************************************************************
* CTS STEP: Post-Optimization DRC Fixing
************************************************************
-------------------------------------------------------------
Fixing clock: clk mode: default root: clk
Resized 0 cell(s), relocated 0 cell(s), cloned 0 cell(s) and inserted 0 buffer(s)/inverter(s)
Cloned 0 non-repeater gate(s)
Ran incremental ZGR 0 time(s) for 0 net(s) and restored ZGR 0 time(s) for 0 net(s)
Clock QoR After Fixing Post-Opt DRC Violation:
Clock: clk, Mode: default, Root: clk
Information: CTS QoR Post Final DRC Fixing: GlobalSkew = 0.0543; ID = 0.2194; NetsWithDRC = 0; Worst Tran/Cap/Fanout/NetLength cost = 0.0000/0.0000/0/0.0000; ClockBufArea = 3139.1868; ClockCellArea = 3139.1868; Clock = clk; Mode = default; Corner = default; ClockRoot = clk. (CTS-037)
The elapsed time for fixing DRC violation is 0 hr : 0 min : 0.06 sec, cpu time is 0 hr : 0 min : 0.12 sec.
Information: The run time for post-optimization DRC fixing is 0 hr : 0 min : 0.06 sec, cpu time is 0 hr : 0 min : 0.12 sec. (CTS-104)
All together, ran incremental ZGR 1582 time(s) for 4166 net(s) and restoring ZGR invoked 31 time(s) for 65 net(s)
Setting target skew for clock: clk (mode default corner default) as 3.125000
There are 0 buffers added and 10 inverters reduced by Clock Tree Optimization.
************************************************************
* CTS STEP: Postlude
************************************************************
Place Cache save: 32506 elements -- 5 drcFail 32501 drcOk
Place Cache save: 78 libcells referenced from 2 libs
Place Cache save: used 6 of 71 total secDefs
Access Cache save: 42127 elements -- 3883 drcFail 38244 drcOk
Access Cache save: 95 libcells referenced from 3 libs
Access Cache save: used 6 of 71 total secDefs
NPLDRC Place Cache: unique cache elements 32506
NPLDRC Place Cache: read cache elements 29186
NPLDRC Place Cache: hit rate  93.3%  (3320 / 49347)
NPLDRC Access Cache: unique cache elements 42127
NPLDRC Access Cache: read cache elements 36590
NPLDRC Access Cache: hit rate  95.4%  (5537 / 120073)
NPLDRC Pin Status Cache: no calls
NPLDRC Multi Cell Cache: no calls
NPLDRC ViaLadder Cache: no calls
Information: The run time for postlude is 0 hr : 0 min : 0.21 sec, cpu time is 0 hr : 0 min : 0.18 sec. (CTS-104)
************************************************************
* CTS STEP: Summary report
************************************************************
There are 1681 flat clock tree nets.
There are 1680 non-sink instances (total area 3139.19) on clock trees including 0 instances dont_touch.
Clock tree synthesize and optimization added 3 buffers and 1677 inverters (total area 3139.19).
 Compilation of clock trees finished successfully
 Run time for cts 00:06:34.17u 00:02:51.08s 00:08:29.48e: 

No clock balance group was found, so skip the balance
Information: The stitching and editing of coupling caps is turned OFF for design 'zigbee_F.dlib:zigbee_F_cts.design'. (TIM-125)
Information: Update timing completed net estimation for all the timing graph nets (TIM-111)
Information: Net estimation statistics: timing graph nets = 30665, routed nets = 1681, across physical hierarchy nets = 0, parasitics cached nets = 1681, delay annotated nets = 0, parasitics annotated nets = 0, multi-voltage nets = 0. (TIM-112)

Mode:default          Latency(early)   Latency(late)
Clock        Updated   rise    fall    rise    fall   Corner
------------------------------------------------------------
clk          Yes     0.1835  0.1835  0.2019  0.2019   default


Information: The net parasitics of block zigbee are cleared. (TIM-123)
Information: The stitching and editing of coupling caps is turned OFF for design 'zigbee_F.dlib:zigbee_F_cts.design'. (TIM-125)
Information: Design zigbee_F_cts has 30667 nets, 1681 global routed, 0 detail routed. (NEX-024)
Information: The RC mode used is CTO for design 'zigbee'. (NEX-022)
Information: Design Average RC for design zigbee_F_cts  (NEX-011)
Information: r = 1.152344 ohm/um, via_r = 0.500000 ohm/cut, c = 0.085487 ff/um, cc = 0.000000 ff/um (X dir) (NEX-017)
Information: r = 1.399614 ohm/um, via_r = 0.500000 ohm/cut, c = 0.081899 ff/um, cc = 0.000000 ff/um (Y dir) (NEX-017)
Information: Update timing completed net estimation for all the timing graph nets (TIM-111)
Information: Net estimation statistics: timing graph nets = 30665, routed nets = 1681, across physical hierarchy nets = 0, parasitics cached nets = 30665, delay annotated nets = 0, parasitics annotated nets = 0, multi-voltage nets = 0. (TIM-112)
npo-clock-opt command begin                   CPU:   407 s (  0.11 hr )  ELAPSE:   518 s (  0.14 hr )  MEM-PEAK:   990 MB

npo-clock-opt timing update complete          CPU:   407 s (  0.11 hr )  ELAPSE:   518 s (  0.14 hr )  MEM-PEAK:   990 MB
INFO: Propagating Switching Activities
INFO: Switching Activity propagation took     0.00033 sec

npo-clock-opt initial QoR
_________________________
Scenario Mapping Table
1: default

Pathgroup Mapping Table
1: **default**
2: **async_default**
3: **clock_gating_default**
4: **in2reg_default**
5: **reg2out_default**
6: **in2out_default**
7: clk

-----------------------------------------------------------------------------------------------------------
Scene  PG      WNS        TNS    NSV      WHV        THV    NHV
    1   1   0.0000     0.0000      0   0.0000     0.0000      0
    1   2   0.0000     0.0000      0   0.0000     0.0000      0
    1   3   0.0000     0.0000      0   0.0000     0.0000      0
    1   4   0.0000     0.0000      0   0.0000     0.0000      0
    1   5   0.0000     0.0000      0   0.0000     0.0000      0
    1   6   0.0000     0.0000      0   0.0000     0.0000      0
    1   7   0.0000     0.0000      0   0.5702  3016.2749   6296
--------------------------------------------------------------------------------------------------------------------
Scene  PG      WNS        TNS    NSV      WHV        THV    NHV  MaxTrnV   MaxTranC  MaxCapV    Leakage
    1   *   0.0000     0.0000      0   0.5702  3016.2786   6296        -          -        -          -
--------------------------------------------------------------------------------------------------------------------
Scene  PG      WNS        TNS    NSV      WHV        THV    NHV  MaxTrnV   MaxTranC  MaxCapV    Leakage         Area    InstCnt     BufCnt     InvCnt
    *   *   0.0000     0.0000      0   0.5702  3016.2786   6296        -          -        -          -     90252.38      30451        616      10383
--------------------------------------------------------------------------------------------------------------------

npo-clock-opt initial QoR Summary       WNS        TNS    NSV      WHV        THV    NHV  MaxTrnV  MaxCapV    Leakage         Area    InstCnt
npo-clock-opt initial QoR Summary    0.0000     0.0000      0   0.5702  3016.2786   6296        -        -          -     90252.38      30451
Information: The netlist and extraction change observers are disabled for further incremental timing updates during on-route optimization. (TIM-119)
INFO: using 12 threads
INFO: Cluster Analysis Failed to get worst leakage scenario
npo-clock-opt initialization complete         CPU:   408 s (  0.11 hr )  ELAPSE:   519 s (  0.14 hr )  MEM-PEAK:   990 MB
Use advanced legalizer engine : 0
npo-clock-opt optimization summary            SETUP-COST HOLD-COST LDRC-COST        AREA       POWER     ELAPSE (hr)
Number of Site types in the design = 1
Setting up Chip Core
Chip Core shape: (100000 100000) (5222400 5216320)
Number of unique PDs = 1
Number of Power Domains = 1
Number of Voltage Areas = 1
Number of supply Nets = 2
Number of used supplies = 2

    Scenario default  WNS = 0.000000, TNS = 0.000000, NVP = 0

     ELAPSED  WORST NEG TOTAL NEG              MAX       MAX     BUFFER    INVERTER   LVTH      LVTH      PEAK   
      TIME      SLACK     SLACK     AREA    TRAN COST CAP COST    COUNT     COUNT     COUNT    PERCENT   MEMORY  
    --------- --------- --------- --------- --------- --------- --------- --------- --------- --------- ---------
      0:08:39     0.000     0.000 90252.383     0.000     0.000       616     10383         0     0.000       990 

Information: The netlist and extraction change observers are enabled for further incremental timing updates. (TIM-120)
Use advanced legalizer engine : 0

Use advanced legalizer engine : 0
APSINFO: No multi-Vth libcells found, turning off percentage LVT optimization flow
Drc Mode Option: auto
ABF: Best buffer=NBUFFX32_LVT: best inverter=INVX16_LVT: useInverter=true: effort=low: 3.474: default: 0
ABF: Core Area = 64 X 64 ()
npo-clock-opt optimization Phase 2 Iter  1          0.00      0.00         0       0.090           -           0.145
ORB: timingScenario default timingCorner default
INFO: No leakage and power scenarios. Using regular scenarios instead.
INFO: No active leakage scenarios. Leakage will be turned off
ORB: Nominal = 0.014644  Design MT = 3.636620  Target = 0.070124 (4.789 nominal)  MaxRC = 0.047402
ORB: timingScenario default timingCorner default
INFO: No leakage and power scenarios. Using regular scenarios instead.
INFO: No active leakage scenarios. Leakage will be turned off
ORB: Nominal = 0.014644  Design MT = 3.636620  Target = 0.070124 (4.789 nominal)  MaxRC = 0.047402
npo-clock-opt optimization Phase 2 Iter  2          0.00      0.00         0       0.090           -           0.145

Layer name: M3, Mask name: metal3, Layer number: 15
Layer name: M4, Mask name: metal4, Layer number: 17
Layer name: M5, Mask name: metal5, Layer number: 19
Layer name: M6, Mask name: metal6, Layer number: 21
Layer name: M7, Mask name: metal7, Layer number: 23
CCL: Total Usage Adjustment : 1
route.global.debug_compact_coef 4
Warning: Cell contains tie connections which are not connected to real PG. (ZRT-511)
Turn off antenna since no rule is specified
Cell Min-Routing-Layer = M3
Cell Max-Routing-Layer = M7
Warning: Cannot find a default contact code for layer CO. (ZRT-022)
rule clk_network_NDR_leaf equivalent to default rule
Warning: Ignore 2 top cell ports with no pins. (ZRT-027)
Info: number of net_type_blockage: 0 
Loading parastics information to the router ...
parastics information loaded to the router.
Information: RC layer preference is turned on for this design. (ZRT-613)
Updating congestion ...
Updating congestion ...
route.global.debug_compact_coef 1
INFO: Derive row count 19 from GR congestion map (79/4)
INFO: Derive col count 19 from GR congestion map (79/4)
Drc Mode Option: auto
ABF: Best buffer=NBUFFX32_LVT: best inverter=INVX16_LVT: useInverter=true: effort=low: 3.474: default: 0
ABF: Core Area = 64 X 64 ()
npo-clock-opt optimization Phase 3 Iter  1          0.00      0.00         0       0.090           -           0.145
npo-clock-opt optimization Phase 3 Iter  2          0.00      0.00         0       0.090           -           0.145
npo-clock-opt optimization Phase 3 Iter  3          0.00      0.00         0       0.090           -           0.145
npo-clock-opt optimization Phase 3 Iter  4          0.00      0.00         0       0.090           -           0.145
PBO-INFO:  LR disabled
npo-clock-opt optimization Phase 3 Iter  5          0.00      0.00         0       0.090           -           0.145
npo-clock-opt optimization Phase 3 Iter  6          0.00      0.00         0       0.090           -           0.145
PBO-INFO:  LR disabled
npo-clock-opt optimization Phase 3 Iter  7          0.00      0.00         0       0.090           -           0.145

npo-clock-opt optimization Phase 4 Iter  1          0.00      0.00         0       0.090           -           0.145
Scenario default::default : setup = true, hold = true
USKEW Characterizer: Characterizing delay with Cell/Wire delay model...
Information: CTS will work on the following scenarios. (CTS-101)
   default	(Mode: default; Corner: default)
Information: CTS will work on all clocks in active scenarios, including 1 master clocks and 0 generated clocks. (CTS-107)
Information: Clock derating is enabled

CTS related app options set by user:
   cts.common.max_fanout = 5
   cts.common.max_net_length = 100
   cts.common.user_instance_name_prefix = CTS_
   cts.compile.enable_global_route = true
   cts.compile.remove_existing_clock_trees = true

Information: 'default' is identified as primary corner for initial clock tree building. (CTS-103)
USKEW Characterizer: corner: default, cornerDelay: 1.000
USKEW Characterizer: corner: default, scalingFactor: 1.000
Information: Useful skew mode is propagated
Initial QoR
    WNS(setup)=23.258 TNS(setup)=0.000 WEIGHTED_TNS(setup)=0.000 SetupCost(setup)=0.000
    WNS(hold)=-0.570 TNS(hold)=-3016.279 WEIGHTED_TNS(hold)=-3016.279
    QOR cost (setup and hold) = 754.070
    Scenario default  WNS = 0, WEIGHTED_GROUP_SLACK = 0, TNS = 0, NVP = 0
    Scenario default  WNHS = 0.570208, TNHS = 3016.28, NHVP = 6296
Update timer
Best optimized QoR
    WNS(setup)=23.258 TNS(setup)=0.000 WEIGHTED_TNS(setup)=0.000 SetupCost(setup)=0.000
    WNS(hold)=-0.886 TNS(hold)=-2958.877 WEIGHTED_TNS(hold)=-2958.877
    QOR cost (setup and hold) = 739.719
    Scenario default  WNS = 0, WEIGHTED_GROUP_SLACK = 0, TNS = 0, NVP = 0
    Scenario default  WNHS = 0.886193, TNHS = 2958.88, NHVP = 6153
The following statistics is on total offsets
Offset Statistics at reference corner
     sink count 6157, offset count 464, (distinct) value count 375
     postpone count 245, postpone average 0.0148
     prepone count 219, prepone average -0.0162
     minimum offset -0.0874, maximum offset 0.3464
Useful skew post optimization
Post optimized QoR
    WNS(setup)=23.258 TNS(setup)=0.000 WEIGHTED_TNS(setup)=0.000 SetupCost(setup)=0.000
    WNS(hold)=-0.570 TNS(hold)=-3016.279 WEIGHTED_TNS(hold)=-3016.279
    QOR cost (setup and hold) = 754.070
    Scenario default  WNS = 0, WEIGHTED_GROUP_SLACK = 0, TNS = 0, NVP = 0
    Scenario default  WNHS = 0.570208, TNHS = 3016.28, NHVP = 6296
Post optimize cpu time 00:00:00.81u 00:00:00.00s 00:00:00.16e: 
The following statistics is on total offsets
Offset Statistics at reference corner
     sink count 6157, offset count 1, (distinct) value count 1
     postpone count 0, postpone average 0.0000
     prepone count 1, prepone average -0.0000
     minimum offset -0.0000, maximum offset 0.0000
INFO: CUS found no improvement for CTS
Final optimized QoR (commit with resolution)
    WNS(setup)=23.258 TNS(setup)=0.000 WEIGHTED_TNS(setup)=0.000 SetupCost(setup)=0.000
    WNS(hold)=-0.570 TNS(hold)=-3016.279 WEIGHTED_TNS(hold)=-3016.279
    QOR cost (setup and hold) = 754.070
    Scenario default  WNS = 0, WEIGHTED_GROUP_SLACK = 0, TNS = 0, NVP = 0
    Scenario default  WNHS = 0.570208, TNHS = 3016.28, NHVP = 6296
The following statistics is on total offsets
Offset Statistics at reference corner
     sink count 6157, offset count 1, (distinct) value count 1
     postpone count 0, postpone average 0.0000
     prepone count 1, prepone average -0.0000
     minimum offset -0.0000, maximum offset 0.0000
INFO: CUS found no predictable timing improvement after CTS
Useful skew optimization NOT committed
Relaxing offsets
CTS: CPUTIME for useful skew computation: 00:00:27.71u 00:00:00.45s 00:00:09.03e: 
Number of Site types in the design = 1
Setting up Chip Core
Chip Core shape: (100000 100000) (5222400 5216320)
Number of unique PDs = 1
Number of Power Domains = 1
Number of Voltage Areas = 1
Number of supply Nets = 2
Number of used supplies = 2
Information: Terminating the integrated optimization with useful skew. (OPT-033)
Use advanced legalizer engine : 0
Information: Current block utilization is '0.34410', effective utilization is '0.34437'. (OPT-055)

    Scenario default  WNS = 0.000000, TNS = 0.000000, NVP = 0
    Scenario default  WNHS = 0.570208, TNHS = 3016.278537, NHVP = 6296

     ELAPSED  WORST NEG TOTAL NEG              MAX       MAX     BUFFER    INVERTER   LVTH      LVTH      PEAK     MIN DELAY 
      TIME      SLACK     SLACK     AREA    TRAN COST CAP COST    COUNT     COUNT     COUNT    PERCENT   MEMORY       COST   
    --------- --------- --------- --------- --------- --------- --------- --------- --------- --------- --------- -----------
      0:08:52     0.000     0.000 90252.383     0.000     0.000       616     10383         0     0.000       990    -0.570


npo-clock-opt optimization Phase 5 Iter  1          0.00   3311.87         0       0.090           -           0.148
Number of Site types in the design = 1
Setting up Chip Core
Chip Core shape: (100000 100000) (5222400 5216320)
Number of unique PDs = 1
Number of Power Domains = 1
Number of Voltage Areas = 1
Number of supply Nets = 2
Number of used supplies = 2
remove buffers/inverters in clock clk:
  3 buffer(s) and 1677 inverter(s) have been removed
Begin building search trees for block zigbee_F.dlib:zigbee_F_cts.design
Done building search trees for block zigbee_F.dlib:zigbee_F_cts.design (time 0s)

A total of 3 buffer(s) and 1677 inverter(s) have been removed.
Remove clock trees finished successfully
synthesize_clock_trees
************************************************************
* CTS STEP: Design Initialization for Clock Synthesis
************************************************************
Information: All clock objects will be converted from ideal to propagated clock during CTS. (CTS-105)
Information: CTS will work on the following scenarios. (CTS-101)
   default	(Mode: default; Corner: default)
Information: CTS will work on all clocks in active scenarios, including 1 master clocks and 0 generated clocks. (CTS-107)
Information: Clock derating is enabled

CTS related app options set by user:
   cts.common.max_fanout = 5
   cts.common.max_net_length = 100
   cts.common.user_instance_name_prefix = CTS_
   cts.compile.enable_cell_relocation = leaf_only
   cts.compile.enable_global_route = true
   cts.compile.enable_local_skew = true
   cts.compile.remove_existing_clock_trees = true
   cts.optimize.enable_local_skew = true

Buffer/Inverter reference list for clock tree synthesis:
   saed32_hvt|saed32_hvt_std/NBUFFX16_HVT
   saed32_hvt|saed32_hvt_std/NBUFFX2_HVT
   saed32_hvt|saed32_hvt_std/NBUFFX4_HVT
   saed32_hvt|saed32_hvt_std/NBUFFX8_HVT
   saed32_lvt|saed32_lvt_std/NBUFFX16_LVT
   saed32_lvt|saed32_lvt_std/NBUFFX2_LVT
   saed32_lvt|saed32_lvt_std/NBUFFX4_LVT
   saed32_lvt|saed32_lvt_std/NBUFFX8_LVT
   saed32_rvt|saed32_rvt_std/NBUFFX16_RVT
   saed32_rvt|saed32_rvt_std/NBUFFX2_RVT
   saed32_rvt|saed32_rvt_std/NBUFFX4_RVT
   saed32_rvt|saed32_rvt_std/NBUFFX8_RVT
   saed32_hvt|saed32_hvt_std/IBUFFX16_HVT
   saed32_hvt|saed32_hvt_std/IBUFFX2_HVT
   saed32_hvt|saed32_hvt_std/IBUFFX4_HVT
   saed32_hvt|saed32_hvt_std/IBUFFX8_HVT
   saed32_hvt|saed32_hvt_std/INVX16_HVT
   saed32_hvt|saed32_hvt_std/INVX2_HVT
   saed32_hvt|saed32_hvt_std/INVX4_HVT
   saed32_hvt|saed32_hvt_std/INVX8_HVT
   saed32_lvt|saed32_lvt_std/IBUFFX16_LVT
   saed32_lvt|saed32_lvt_std/IBUFFX2_LVT
   saed32_lvt|saed32_lvt_std/IBUFFX4_LVT
   saed32_lvt|saed32_lvt_std/IBUFFX8_LVT
   saed32_lvt|saed32_lvt_std/INVX16_LVT
   saed32_lvt|saed32_lvt_std/INVX2_LVT
   saed32_lvt|saed32_lvt_std/INVX4_LVT
   saed32_lvt|saed32_lvt_std/INVX8_LVT
   saed32_rvt|saed32_rvt_std/IBUFFX16_RVT
   saed32_rvt|saed32_rvt_std/IBUFFX2_RVT
   saed32_rvt|saed32_rvt_std/IBUFFX4_RVT
   saed32_rvt|saed32_rvt_std/IBUFFX8_RVT
   saed32_rvt|saed32_rvt_std/INVX16_RVT
   saed32_rvt|saed32_rvt_std/INVX2_RVT
   saed32_rvt|saed32_rvt_std/INVX4_RVT
   saed32_rvt|saed32_rvt_std/INVX8_RVT
There is no CTS reference for ICG cells
Information: 'default' is identified as primary corner for initial clock tree building. (CTS-103)
Number of Site types in the design = 1
Setting up Chip Core
Chip Core shape: (100000 100000) (5222400 5216320)
Number of unique PDs = 1
Number of Power Domains = 1
Number of Voltage Areas = 1
Number of supply Nets = 2
Number of used supplies = 2
CTS NDR rule list:
   Clock: clk (mode default); Net Type: sink;     Rule: clk_network_NDR_leaf; Min Layer: M1; Max Layer: M3
   Clock: clk (mode default); Net Type: internal; Rule: clk_network_NDR_internal; Min Layer: M3; Max Layer: M6
   Clock: clk (mode default); Net Type: root;     Rule: clk_network_NDR_root; Min Layer: M6; Max Layer: M7

Clock cell spacing rule list:
   No clock cell spacing rule is found.
Information: The run time for design initialization is 0 hr : 0 min : 0.48 sec, cpu time is 0 hr : 0 min : 0.55 sec. (CTS-104)
Drc Mode Option: auto
Use advanced legalizer engine : 0
Warning: Routing direction of metal layer PO is neither "horizontal" nor "vertical".  PDC checks will not be performed on this layer. (PDC-003)
PDC app_options settings =========
	place.legalize.enable_prerouted_net_check: 1

Expand check halo by 0.1520 x 0.1520
Scanning PG objects...
PG hash cached 2 nets; 11 viaBoxes; 0 viaMatrices.
PG scanned 280 objects; 79325 vias; 0 staples.
PG scan complete.  Hash key = eb822d0a7a433e8c
Reading PG structure for 'zigbee_F.dlib:zigbee_F_cts.design'
Layer M1: read 0 secDefs  0 sectors
Layer M2: read 6 secDefs  31776 sectors
Layer M3: read 6 secDefs  31776 sectors
Layer M4: read 6 secDefs  31776 sectors
Layer M5: read 6 secDefs  31776 sectors
Layer M6: read 6 secDefs  31776 sectors
Layer M7: read 6 secDefs  31776 sectors
Layer M8: read 12 secDefs  21253 sectors
Layer M9: read 23 secDefs  4969 sectors
Layer MRDL: read 0 secDefs  0 sectors

Sector Array Stats:
Num Sectors: 216878
Num SecDefs:    71
Shared: 63 count; 3442.4 ave; 5390 max
SecDef Shapes: 51 Below-aligned, 0 Above-aligned, 12 Horizontal, 8 Vertical
Referenced Patterns: 4 count; 2.0 ave; 2 max

Place Cache read: 32506 elements -- 5 drcFail 32501 drcOk
Place Cache read: 78 libcells referenced from 2 libs
Place Cache read: used 6 of 71 total secDefs
Access Cache read: 42127 elements -- 3883 drcFail 38244 drcOk
Access Cache read: 95 libcells referenced from 3 libs
Access Cache read: used 6 of 71 total secDefs
Connection checks for layer M2: blocked_pin pin_access_default track_drc pin_extend0
Connection checks for layer M3: blocked_pin pin_access_default track_drc pin_extend1
Connection checks for layer M4: blocked_pin pin_access_default track_drc pin_extend1
Connection checks for layer M5: blocked_pin pin_access_default track_drc pin_extend1
Information: Legalizer's PDC rule check is enabled
Information: Legalizer's advanced rule check is enabled
Information: The stitching and editing of coupling caps is turned OFF for design 'zigbee_F.dlib:zigbee_F_cts.design'. (TIM-125)
 Creating timing abstraction of clock tree(s)
For clock 'clk' @ corner 'default': latency = 0.186
 Abstraction finished successfully
OCV derate values 1.000 (early) and 1.000 (late)
Information: The net parasitics of block zigbee are cleared. (TIM-123)
Information: The stitching and editing of coupling caps is turned OFF for design 'zigbee_F.dlib:zigbee_F_cts.design'. (TIM-125)
Information: Design Average RC for design zigbee_F_cts  (NEX-011)
Information: r = 1.152344 ohm/um, via_r = 0.500000 ohm/cut, c = 0.084562 ff/um, cc = 0.000000 ff/um (X dir) (NEX-017)
Information: r = 1.399614 ohm/um, via_r = 0.500000 ohm/cut, c = 0.080637 ff/um, cc = 0.000000 ff/um (Y dir) (NEX-017)
Information: The stitching and editing of coupling caps is turned OFF for design 'zigbee_F.dlib:zigbee_F_cts.design'. (TIM-125)
Information: The RC mode used is VR for design 'zigbee'. (NEX-022)
Information: Update timing completed net estimation for all the timing graph nets (TIM-111)
Information: Net estimation statistics: timing graph nets = 28985, routed nets = 0, across physical hierarchy nets = 0, parasitics cached nets = 0, delay annotated nets = 0, parasitics annotated nets = 0, multi-voltage nets = 0. (TIM-112)

Mode:default          Latency(early)   Latency(late)
Clock        Updated   rise    fall    rise    fall   Corner
------------------------------------------------------------
clk          Yes     0.1855  0.1855  0.1855  0.1855   default

Information: The stitching and editing of coupling caps is turned OFF for design 'zigbee_F.dlib:zigbee_F_cts.design'. (TIM-125)
Information: The RC mode used is VR for design 'zigbee'. (NEX-022)
Information: Update timing completed net estimation for all the timing graph nets (TIM-111)
Information: Net estimation statistics: timing graph nets = 28985, routed nets = 0, across physical hierarchy nets = 0, parasitics cached nets = 28984, delay annotated nets = 0, parasitics annotated nets = 0, multi-voltage nets = 0. (TIM-112)
Information: All clock objects will be converted from ideal to propagated clock during CTS. (CTS-105)
Information: The net parasitics of block zigbee are cleared. (TIM-123)
Setting the local skew CTS slack threshold value to 0.050000
Using threshold of 0.050000 to filter timing paths
************************************************************
* CTS STEP: Existing Clock Tree Removal
************************************************************

No buffer or inverter has been removed.
Information: The run time for existing clock tree removal is 0 hr : 0 min : 0.01 sec, cpu time is 0 hr : 0 min : 0.01 sec. (CTS-104)
************************************************************
* CTS STEP: Clock Tree Initialization
************************************************************

Start Auto-Exception Derivations...
 No internal pin was found.
 No conflict pin was found.
 No macro pin was found for clock balance point settings.
 No macro pin was found for disabling self arcs.
Information: The run time for clock tree initialization is 0 hr : 0 min : 0.04 sec, cpu time is 0 hr : 0 min : 0.03 sec. (CTS-104)
Drc Mode Option: auto
Enable multi-thread Tasks, number of thread is 12
Information: The stitching and editing of coupling caps is turned OFF for design 'zigbee_F.dlib:zigbee_F_cts.design'. (TIM-125)
Information: Design Average RC for design zigbee_F_cts  (NEX-011)
Information: r = 1.152344 ohm/um, via_r = 0.500000 ohm/cut, c = 0.084562 ff/um, cc = 0.000000 ff/um (X dir) (NEX-017)
Information: r = 1.399614 ohm/um, via_r = 0.500000 ohm/cut, c = 0.080637 ff/um, cc = 0.000000 ff/um (Y dir) (NEX-017)
Information: The RC mode used is VR for design 'zigbee'. (NEX-022)
Information: Update timing completed net estimation for all the timing graph nets (TIM-111)
Information: Net estimation statistics: timing graph nets = 28985, routed nets = 0, across physical hierarchy nets = 0, parasitics cached nets = 0, delay annotated nets = 0, parasitics annotated nets = 0, multi-voltage nets = 0. (TIM-112)
************************************************************
* CTS STEP: Clock Cell Relocation
************************************************************
A total of 0 clock cells have been relocated
Information: The run time for clock cell relocation is 0 hr : 0 min : 0.00 sec, cpu time is 0 hr : 0 min : 0.00 sec. (CTS-104)
Information: The run time for enable resynthesis is 0 hr : 0 min : 0.00 sec, cpu time is 0 hr : 0 min : 0.00 sec. (CTS-104)
************************************************************
* CTS STEP: Gate-By-Gate Clock Tree Synthesis
************************************************************
CONG:: clock NDRs defined on this design: 3 rules:
Created 3 new NDRs to be used for SI prevention:
   NDR: default_rule_equivalent_ndr_double_spacing ... (width-mult: 1.00, spacing-mult: 1.00)
   NDR: clk_network_NDR_root_ext_spacing ... (width-mult: 2.00, spacing-mult: 2.00)
   NDR: clk_network_NDR_internal_ext_spacing ... (width-mult: 2.00, spacing-mult: 2.00)
Warning: Cell contains tie connections which are not connected to real PG. (ZRT-511)
Turn off antenna since no rule is specified
Cell Min-Routing-Layer = M3
Cell Max-Routing-Layer = M7
Warning: Cannot find a default contact code for layer CO. (ZRT-022)
rule clk_network_NDR_leaf equivalent to default rule
Warning: Ignore 2 top cell ports with no pins. (ZRT-027)
Info: number of net_type_blockage: 0 
Global route buffer aware mode is ON.
-------------------------------------------------------------
 Gate level 1 clock tree synthesis
 driving pin = clk
 Clocks:
     clk (default)
 Design rule constraints:
     max transition  = 0.150000
     max capacitance = 20.000000
 Number of load sinks = 6154
 Number of ignore points = 0
Information: Design Average RC for design zigbee_F_cts  (NEX-011)
Information: r = 1.152344 ohm/um, via_r = 0.500000 ohm/cut, c = 0.084562 ff/um, cc = 0.000000 ff/um (X dir) (NEX-017)
Information: r = 1.399614 ohm/um, via_r = 0.500000 ohm/cut, c = 0.080637 ff/um, cc = 0.000000 ff/um (Y dir) (NEX-017)
Loading parastics information to the router ...
parastics information loaded to the router.
 Added 1694 Repeaters. Built 15 Repeater Levels
Information: The RC mode used is CTO for design 'zigbee'. (NEX-022)
 Phase delay: clk : (0.221 0.169) : skew = 0.052
Information: The run time for gate-by-gate clock tree synthesis is 0 hr : 7 min : 45.05 sec, cpu time is 0 hr : 7 min : 29.65 sec. (CTS-104)
************************************************************
* CTS STEP: DRC Fixing Beyond Exceptions
************************************************************
Information: The run time for DRC fixing beyond exceptions is 0 hr : 0 min : 0.01 sec, cpu time is 0 hr : 0 min : 0.00 sec. (CTS-104)
There are 3 buffers and 1691 inverters added (total area 4177.62) by Clock Tree Synthesis.
Turning off global route buffer aware mode.
************************************************************
* CTS STEP: Clock Net Global Routing
************************************************************
Performing initial clock net global routing ...
Information: The net parasitics of block zigbee are cleared. (TIM-123)
Total number of global routed clock nets: 1695
Information: The run time for clock net global routing is 0 hr : 0 min : 0.48 sec, cpu time is 0 hr : 0 min : 0.60 sec. (CTS-104)
Begin building search trees for block zigbee_F.dlib:zigbee_F_cts.design
Done building search trees for block zigbee_F.dlib:zigbee_F_cts.design (time 0s)
Information: The stitching and editing of coupling caps is turned OFF for design 'zigbee_F.dlib:zigbee_F_cts.design'. (TIM-125)
Information: Design zigbee_F_cts has 30681 nets, 1695 global routed, 0 detail routed. (NEX-024)
Information: The RC mode used is CTO for design 'zigbee'. (NEX-022)
Information: Update timing completed net estimation for all the timing graph nets (TIM-111)
Information: Net estimation statistics: timing graph nets = 30679, routed nets = 1695, across physical hierarchy nets = 0, parasitics cached nets = 1695, delay annotated nets = 0, parasitics annotated nets = 0, multi-voltage nets = 0. (TIM-112)
************************************************************
* CTS STEP: Pre-Optimization DRC Fixing
************************************************************
-------------------------------------------------------------
Fixing clock: clk mode: default root: clk

Clock QoR Before Fixing Clock Tree DRC Violation ...
Clock: clk, Mode: default, Root: clk
Information: CTS QoR Pre Initial DRC Fixing: GlobalSkew = 0.0544; ID = 0.2210; NetsWithDRC = 0; Worst Tran/Cap/Fanout/NetLength cost = 0.0000/0.0000/0/0.0000; ClockBufArea = 4177.6191; ClockCellArea = 4177.6191; Clock = clk; Mode = default; Corner = default; ClockRoot = clk. (CTS-037)

Starting fixing clock tree DRC Violation ...
Resized 0 cell(s), relocated 0 cell(s), cloned 0 cell(s) and inserted 0 buffer(s)/inverter(s)
Cloned 0 non-repeater gate(s)
Ran incremental ZGR 0 time(s) for 0 net(s) and restored ZGR 0 time(s) for 0 net(s)
Clock QoR After Fixing Pre-Opt DRC Violation:
Clock: clk, Mode: default, Root: clk
Information: CTS QoR Post Initial DRC Fixing: GlobalSkew = 0.0544; ID = 0.2210; NetsWithDRC = 0; Worst Tran/Cap/Fanout/NetLength cost = 0.0000/0.0000/0/0.0000; ClockBufArea = 4177.6191; ClockCellArea = 4177.6191; Clock = clk; Mode = default; Corner = default; ClockRoot = clk. (CTS-037)
The elapsed time for fixing DRC violation is 0 hr : 0 min : 0.06 sec, cpu time is 0 hr : 0 min : 0.14 sec.
Information: The run time for pre-optimization DRC fixing is 0 hr : 0 min : 0.06 sec, cpu time is 0 hr : 0 min : 0.14 sec. (CTS-104)
************************************************************
* CTS STEP: Useful skew computation
************************************************************
Final best QoR
    Scenario default WNS = 0.000000 TNS = 0.000000
    Scenario default WNHS = 0.570208 TNHS = 3016.279785
The following statistics is on total offsets
Offset Statistics at reference corner
     sink count 6157, offset count 0, (distinct) value count 0
     postpone count 0, postpone average 0.0000
     prepone count 0, prepone average 0.0000
     minimum offset 0.0000, maximum offset 0.0000
CTS: CPUTIME for useful skew computation: 00:00:01.51u 00:00:00.01s 00:00:00.75e: 
Information: The run time for useful skew computation is 0 hr : 0 min : 0.75 sec, cpu time is 0 hr : 0 min : 1.52 sec. (CTS-104)
************************************************************
* CTS STEP: Skew Latency Optimization and Area Recovery
************************************************************
-------------------------------------------------------------
Optimizing clock tree
clock: clk mode: default root: clk
Clock QoR Before Optimization:
Clock: clk, Mode: default, Root: clk
Information: CTS QoR Pre Optimization: GlobalSkew = 0.0544; ID = 0.2210; NetsWithDRC = 0; Worst Tran/Cap/Fanout/NetLength cost = 0.0000/0.0000/0/0.0000; ClockBufArea = 4177.6191; ClockCellArea = 4177.6191; Clock = clk; Mode = default; Corner = default; ClockRoot = clk. (CTS-037)

Begin Pre-Opt preprocessing:
Pre-Opt preprocessing cpu time 00:00:00.15u 00:00:00.00s 00:00:00.15e: 
Ran incremental ZGR 0 time(s) for 0 net(s) and restored ZGR 0 time(s) for 0 net(s)
Clock Qor After Pre-Opt preprocessing:
Clock: clk, Mode: default, Root: clk
Information: CTS QoR Pre Optimization: GlobalSkew = 0.0544; ID = 0.2210; NetsWithDRC = 0; Worst Tran/Cap/Fanout/NetLength cost = 0.0000/0.0000/0/0.0000; ClockBufArea = 4177.6191; ClockCellArea = 4177.6191; Clock = clk; Mode = default; Corner = default; ClockRoot = clk. (CTS-037)

Begin Network Flow Based Optimization:
Default network flow optimizer made 0 successful improvements out of 0 iterations
Resized 0, relocated 0, deleted 0, inserted 0, sizeUp Relocated 0 cells
SKEWOPT total number of balance points adjusted 0
The elapsed time for network flow optimization is 0 hr : 0 min : 0.00 sec, cpu time is 0 hr : 0 min : 0.00 sec.
Ran incremental ZGR 0 time(s) for 0 net(s) and restored ZGR 0 time(s) for 0 net(s)
Clock Qor After Network Flow Optimization:
Clock: clk, Mode: default, Root: clk
Information: CTS QoR Post Optimization: GlobalSkew = 0.0544; ID = 0.2210; NetsWithDRC = 0; Worst Tran/Cap/Fanout/NetLength cost = 0.0000/0.0000/0/0.0000; ClockBufArea = 4177.6191; ClockCellArea = 4177.6191; Clock = clk; Mode = default; Corner = default; ClockRoot = clk. (CTS-037)

Begin Layer Optimization:

Beginning layer optimization ...
Clock clk: 1234 nets unchanged because they are on two layers (skipped)
Clock clk: 460 nets unchanged because there is no cap variation on their layers
Clock clk: 0 nets have their layers changed
All clocks: total net count: 1694
All clocks: total committed/restored net count: 0/0
All clocks: total count of nets with two layers: 1234 (skipped)
All clocks: total count of nets with unchanged layers: 460

Ending layer optimization ...

The elapsed time for layer optimization is 0 hr : 0 min : 0.74 sec, cpu time is 0 hr : 0 min : 0.67 sec.
Ran incremental ZGR 0 time(s) for 0 net(s) and restored ZGR 0 time(s) for 0 net(s)
Clock Qor After Layer Optimization:
Clock: clk, Mode: default, Root: clk
Information: CTS QoR Post Optimization: GlobalSkew = 0.0544; ID = 0.2210; NetsWithDRC = 0; Worst Tran/Cap/Fanout/NetLength cost = 0.0000/0.0000/0/0.0000; ClockBufArea = 4177.6191; ClockCellArea = 4177.6191; Clock = clk; Mode = default; Corner = default; ClockRoot = clk. (CTS-037)

Begin Area Recovery Buffer Removal:
.
AR: deleted 9 cell(s)
Ran incremental ZGR 119 time(s) for 119 net(s) and restored ZGR 0 time(s) for 0 net(s)
Clock QoR After Area Recovery Removal:
Clock: clk, Mode: default, Root: clk
Information: CTS QoR Post Area Recovery: GlobalSkew = 0.0630; ID = 0.2210; NetsWithDRC = 0; Worst Tran/Cap/Fanout/NetLength cost = 0.0000/0.0000/0/0.0000; ClockBufArea = 4156.2710; ClockCellArea = 4156.2710; Clock = clk; Mode = default; Corner = default; ClockRoot = clk. (CTS-037)

Begin Area Recovery Resizing:
Begin building search trees for block zigbee_F.dlib:zigbee_F_cts.design
Done building search trees for block zigbee_F.dlib:zigbee_F_cts.design (time 0s)
Begin building search trees for block zigbee_F.dlib:zigbee_F_cts.design
Done building search trees for block zigbee_F.dlib:zigbee_F_cts.design (time 0s)
Begin building search trees for block zigbee_F.dlib:zigbee_F_cts.design
Done building search trees for block zigbee_F.dlib:zigbee_F_cts.design (time 0s)
AR: resized 1450 out of 1685 cell(s)
Ran incremental ZGR 400 time(s) for 1871 net(s) and restored ZGR 9 time(s) for 37 net(s)
Clock QoR After Area Recovery Resizing:
Clock: clk, Mode: default, Root: clk
Information: CTS QoR Post Area Recovery: GlobalSkew = 0.0431; ID = 0.2210; NetsWithDRC = 0; Worst Tran/Cap/Fanout/NetLength cost = 0.0000/0.0000/0/0.0000; ClockBufArea = 2824.3022; ClockCellArea = 2824.3022; Clock = clk; Mode = default; Corner = default; ClockRoot = clk. (CTS-037)
The elapsed time for area recovery is 0 hr : 0 min : 10.22 sec, cpu time is 0 hr : 0 min : 22.30 sec.
The elapsed time for optimization of clock tree is 0 hr : 0 min : 11.20 sec, cpu time is 0 hr : 0 min : 23.37 sec.
-------------------------------------------------------------
SI prevention through NDR promotion
NDR promotion for clock: clk mode: default root: clk
Clock QoR Before Optimization:
Clock: clk, Mode: default, Root: clk
Information: CTS QoR Pre Optimization: GlobalSkew = 0.0431; ID = 0.2210; NetsWithDRC = 0; Worst Tran/Cap/Fanout/NetLength cost = 0.0000/0.0000/0/0.0000; ClockBufArea = 2824.3022; ClockCellArea = 2824.3022; Clock = clk; Mode = default; Corner = default; ClockRoot = clk. (CTS-037)
Routing 28984 data signal nets ... 

Start congestion route ...
Information: The run time for congestion route is 0 hr : 0 min : 2.73 sec, cpu time is 0 hr : 0 min : 3.51 sec. (CTS-104)
Begin building search trees for block zigbee_F.dlib:zigbee_F_cts.design
Done building search trees for block zigbee_F.dlib:zigbee_F_cts.design (time 0s)
Information: The RC mode used is CTO for design 'zigbee'. (NEX-022)
Information: Update timing completed net estimation for all the timing graph nets (TIM-111)
Information: Net estimation statistics: timing graph nets = 30670, routed nets = 1686, across physical hierarchy nets = 0, parasitics cached nets = 1686, delay annotated nets = 0, parasitics annotated nets = 0, multi-voltage nets = 0. (TIM-112)
Number of processed non-congested nets: 841/841 ...
Number of nets for which NDR promotion was successful: 747
Number of nets for which NDR promotion failed: 94
Clock QoR After Area Congestion Aware NDR Promotion:
Clock: clk, Mode: default, Root: clk
Information: CTS QoR Post Area Recovery: GlobalSkew = 0.0434; ID = 0.2209; NetsWithDRC = 0; Worst Tran/Cap/Fanout/NetLength cost = 0.0000/0.0000/0/0.0000; ClockBufArea = 2824.3022; ClockCellArea = 2824.3022; Clock = clk; Mode = default; Corner = default; ClockRoot = clk. (CTS-037)
The elapsed time for NDR promotion is 0 hr : 0 min : 10.43 sec, cpu time is 0 hr : 0 min : 13.93 sec.
Information: The run time for SI prevention through NDR promotion is 0 hr : 0 min : 10.43 sec, cpu time is 0 hr : 0 min : 13.93 sec. (CTS-104)
Information: The stitching and editing of coupling caps is turned OFF for design 'zigbee_F.dlib:zigbee_F_cts.design'. (TIM-125)
Information: Update timing completed net estimation for all the timing graph nets (TIM-111)
Information: Net estimation statistics: timing graph nets = 30670, routed nets = 1686, across physical hierarchy nets = 0, parasitics cached nets = 1686, delay annotated nets = 0, parasitics annotated nets = 0, multi-voltage nets = 0. (TIM-112)

Mode:default          Latency(early)   Latency(late)
Clock        Updated   rise    fall    rise    fall   Corner
------------------------------------------------------------
clk          Yes     0.2085  0.2085  0.2085  0.2085   default

Information: The stitching and editing of coupling caps is turned OFF for design 'zigbee_F.dlib:zigbee_F_cts.design'. (TIM-125)
Information: Design Average RC for design zigbee_F_cts  (NEX-011)
Information: r = 1.152344 ohm/um, via_r = 0.500000 ohm/cut, c = 0.085664 ff/um, cc = 0.000000 ff/um (X dir) (NEX-017)
Information: r = 1.399614 ohm/um, via_r = 0.500000 ohm/cut, c = 0.082202 ff/um, cc = 0.000000 ff/um (Y dir) (NEX-017)
Information: Update timing completed net estimation for all the timing graph nets (TIM-111)
Information: Net estimation statistics: timing graph nets = 30670, routed nets = 1686, across physical hierarchy nets = 0, parasitics cached nets = 30670, delay annotated nets = 0, parasitics annotated nets = 0, multi-voltage nets = 0. (TIM-112)
Information: The stitching and editing of coupling caps is turned OFF for design 'zigbee_F.dlib:zigbee_F_cts.design'. (TIM-125)
Information: Update timing completed net estimation for all the timing graph nets (TIM-111)
Information: Net estimation statistics: timing graph nets = 30670, routed nets = 1686, across physical hierarchy nets = 0, parasitics cached nets = 1686, delay annotated nets = 0, parasitics annotated nets = 0, multi-voltage nets = 0. (TIM-112)
-------------------------------------------------------------
Optimizing clock tree local skew
clock: clk mode: default root: clk
Clock QoR Before Optimization:
Clock: clk, Mode: default, Root: clk
Information: CTS QoR Pre Local Skew Optimization: GlobalSkew = 0.0434; ID = 0.2209; NetsWithDRC = 0; Worst Tran/Cap/Fanout/NetLength cost = 0.0000/0.0000/0/0.0000; ClockBufArea = 2824.3022; ClockCellArea = 2824.3022; Clock = clk; Mode = default; Corner = default; ClockRoot = clk. (CTS-037)

Begin Network Flow Based Optimization:
Total trial resizing 2062 time(s) accepted 951 time(s)
AR: local skew for area recovery by removal and sizing
.
AR: deleted 0 cell(s)
AR: resized 46 out of 1685 cell(s)
Info: scanning clock net routing for possible rerouting/topology_adjustments
Begin building search trees for block zigbee_F.dlib:zigbee_F_cts.design
Done building search trees for block zigbee_F.dlib:zigbee_F_cts.design (time 0s)
Info: done scanning clock net routing_topologies, 651 adjustments
Network Flow Optimization cpu time 00:01:25.06u 00:00:07.09s 00:00:45.18e: 
Ran incremental ZGR 1100 time(s) for 2122 net(s) and restored ZGR 1102 time(s) for 1138 net(s)
Clock Qor After Optimization:
Clock: clk, Mode: default, Root: clk
Information: CTS QoR Post Local Skew Optimization: GlobalSkew = 0.0408; ID = 0.2205; NetsWithDRC = 0; Worst Tran/Cap/Fanout/NetLength cost = 0.0000/0.0000/0/0.0000; ClockBufArea = 3062.6895; ClockCellArea = 3062.6895; Clock = clk; Mode = default; Corner = default; ClockRoot = clk. (CTS-037)
The elapsed time for optimization of clock tree is 0 hr : 0 min : 45.22 sec, cpu time is 0 hr : 1 min : 32.29 sec.
Information: The run time for skew latency optimization is 0 hr : 0 min : 56.81 sec, cpu time is 0 hr : 1 min : 50.96 sec. (CTS-104)
************************************************************
* CTS STEP: Post-Optimization DRC Fixing
************************************************************
-------------------------------------------------------------
Fixing clock: clk mode: default root: clk
Resized 0 cell(s), relocated 0 cell(s), cloned 0 cell(s) and inserted 0 buffer(s)/inverter(s)
Cloned 0 non-repeater gate(s)
Ran incremental ZGR 0 time(s) for 0 net(s) and restored ZGR 0 time(s) for 0 net(s)
Clock QoR After Fixing Post-Opt DRC Violation:
Clock: clk, Mode: default, Root: clk
Information: CTS QoR Post Final DRC Fixing: GlobalSkew = 0.0408; ID = 0.2205; NetsWithDRC = 0; Worst Tran/Cap/Fanout/NetLength cost = 0.0000/0.0000/0/0.0000; ClockBufArea = 3062.6895; ClockCellArea = 3062.6895; Clock = clk; Mode = default; Corner = default; ClockRoot = clk. (CTS-037)
The elapsed time for fixing DRC violation is 0 hr : 0 min : 0.07 sec, cpu time is 0 hr : 0 min : 0.13 sec.
Information: The run time for post-optimization DRC fixing is 0 hr : 0 min : 0.07 sec, cpu time is 0 hr : 0 min : 0.13 sec. (CTS-104)
All together, ran incremental ZGR 1619 time(s) for 4112 net(s) and restoring ZGR invoked 1111 time(s) for 1175 net(s)
There are 0 buffers added and 9 inverters reduced by Clock Tree Optimization.
************************************************************
* CTS STEP: Postlude
************************************************************
Place Cache save: 35587 elements -- 5 drcFail 35582 drcOk
Place Cache save: 78 libcells referenced from 2 libs
Place Cache save: used 6 of 71 total secDefs
Access Cache save: 46203 elements -- 3885 drcFail 42318 drcOk
Access Cache save: 95 libcells referenced from 3 libs
Access Cache save: used 6 of 71 total secDefs
NPLDRC Place Cache: unique cache elements 35587
NPLDRC Place Cache: read cache elements 32506
NPLDRC Place Cache: hit rate  94.1%  (3081 / 52173)
NPLDRC Access Cache: unique cache elements 46203
NPLDRC Access Cache: read cache elements 42127
NPLDRC Access Cache: hit rate  96.7%  (4076 / 123197)
NPLDRC Pin Status Cache: no calls
NPLDRC Multi Cell Cache: no calls
NPLDRC ViaLadder Cache: no calls
Mark clock trees...
Marking clock synthesized attributes

nplDplc2Placer::setParam(effort,1)
nplDplc2Placer::setParam(debug,0)
nplDplc2Placer::setParam(site_check,2)
nplDplc2Placer::setParam(app_firm_wgt,0)

Running Advanced Legalizer....
INFO: Setting bounds and VA...
INFO: Setting up voltage area DEFAULT_VA
INFO: Setting up cell instances...
INFO: All fillers in the reference libraries will be considered during legalization/check legality
Information: Initializing site map 'unit' at {10 10} {522.24 521.632}.
INFO: Init siteMap unit with 3370 sites x 306 rows
Adding rule engine Basic Rules version 1.0.0...
Adding rule engine VT Implant Rules version 1.0.0...
Adding rule engine OD Rules version 1.0.0...
Adding rule engine TPO Rules version 1.0.0...
Adding rule engine Pin Access Rules version 1.0.0...
Adding rule engine Span Rules version 1.0.0...
Adding rule engine Index Rules version 1.0.0...
Adding rule engine Color Rules version 1.0.0...
Adding rule engine Inbound (PPNN) Rules version 1.0.0...
Adding rule engine PG DRC/VINS Rules version 1.0.0...
Adding rule engine Exp Rules version 1.0.0...
Adding rule engine N5 Soft Rules version 1.0.0...
2D rule auto detection will enable the following rules:
spacing_rule
pg_drc
INFO: Initializing CTS constraints...
WARNING: No via0 alignment grid is specified, via0 alignment rule will be ignored
WARNING: Please check place.legalize.via0_alignment_grid_name
Constructing pin color alignment legality info...
Initializing PG drc check engine...
Expand check halo by 0.1520 x 0.1520
Scanning PG objects...
PG hash cached 2 nets; 11 viaBoxes; 0 viaMatrices.
PG scanned 280 objects; 79325 vias; 0 staples.
PG scan complete.  Hash key = eb822d0a7a433e8c
Reading PG structure for 'zigbee_F.dlib:zigbee_F_cts.design'
Layer M1: read 0 secDefs  0 sectors
Layer M2: read 6 secDefs  31776 sectors
Layer M3: read 6 secDefs  31776 sectors
Layer M4: read 6 secDefs  31776 sectors
Layer M5: read 6 secDefs  31776 sectors
Layer M6: read 6 secDefs  31776 sectors
Layer M7: read 6 secDefs  31776 sectors
Layer M8: read 12 secDefs  21253 sectors
Layer M9: read 23 secDefs  4969 sectors
Layer MRDL: read 0 secDefs  0 sectors

Sector Array Stats:
Num Sectors: 216878
Num SecDefs:    71
Shared: 63 count; 3442.4 ave; 5390 max
SecDef Shapes: 51 Below-aligned, 0 Above-aligned, 12 Horizontal, 8 Vertical
Referenced Patterns: 4 count; 2.0 ave; 2 max

Place DRC cache options have changed.
Outdated cache file, starting new Place cache for 'zigbee_F.dlib:zigbee_F_cts.design'
Access DRC cache options have changed.
Outdated cache file, starting new Access cache for 'zigbee_F.dlib:zigbee_F_cts.design'
Connection checks for layer M2: blocked_pin pin_access_default track_drc pin_extend0
Connection checks for layer M3: blocked_pin pin_access_default track_drc pin_extend1
Connection checks for layer M4: blocked_pin pin_access_default track_drc pin_extend1
Connection checks for layer M5: blocked_pin pin_access_default track_drc pin_extend1
INFO: Extracting M1 PG straps
INFO: Constructing BlkInst pin extension data for fast PG check
INFO: Constructing PG-Via/VIB/VINS layer info (VIA1/M2)...
INFO: PG-Via Abut check extension is 0
INFO: VIB check extension is 0
INFO: VINS check extension is 0
INFO: PG-Via(pg_via_abut) design rule for layer VIA1 and VIA1 not found
INFO: VIB(vib_abut) design rule for layer M2 and VIA1 not found
INFO: VINS(vins_abut) design rule for layer M2 and VIA1 not found
INFO: Enabling hard placement rule spacing_rule...
INFO: Enabling hard placement rule pg_drc...
INFO: Timing cost factor is 0
Information: Legalizing 22617 moveable cells.
..
Legalization progress 5%...
Legalization progress 10%...
Legalization progress 15%...
Legalization progress 20%...
Legalization progress 25%...
Legalization progress 30%...
Legalization progress 35%...
Legalization progress 40%...
Legalization progress 45%...
Legalization progress 50%...
Legalization progress 55%...
Legalization progress 60%...
Legalization progress 65%...
Legalization progress 70%...
Legalization progress 75%...
Legalization progress 80%...
Legalization progress 85%...
Legalization progress 90%...
Legalization progress 95%...
Legalization progress 100%.
10 references with the lowest legality passing rate:
OAI221X1_HVT: 90.0% (9 / 10)
AO221X1_HVT: 91.5% (1430 / 1563)
AO22X1_HVT: 93.9% (5759 / 6133)
AO222X1_HVT: 95.4% (62 / 65)
OA221X1_HVT: 99.0% (99 / 100)
AND2X1_HVT: 100.0% (550 / 550)
AND3X1_HVT: 100.0% (114 / 114)
AND4X1_HVT: 100.0% (38 / 38)
AO21X1_HVT: 100.0% (31 / 31)
AOI21X1_HVT: 100.0% (12 / 12)
================ Displacement Report =================
Area: placed=182355, unplaced=0, fixed=172467, blocked=0, total=1031220
Density = 354822/1031220 sites = 34.41%
Inbound cells: 0; 2-row cells: 0; >2-row cells: 0
    Total cell instance count: 30456 (22617 placed, 0 unplaced, 7839 fixed)
        Number of cells moved: 825 (2.71%)
    Average cell displacement: 0.0241 um (AW: 0.0352 um = 0.0211 rh)
        RMS cell displacement: 0.1781 um (AW: 0.2207 um = 0.1320 rh)
        Max cell displacement: 3.4960 um = 2.0909 rh
           Max displaced cell: DQPSK_CSK/Imag_Sync_FIFO/U1176 (184.04 489.864)
Number of large displacements: 0
 Large displacement threshold: 3.0000 rh
======================================================
Place Cache save: 7646 elements -- 0 drcFail 7646 drcOk
Place Cache save: 55 libcells referenced from 2 libs
Place Cache save: used 6 of 71 total secDefs
Access Cache save: 7774 elements -- 426 drcFail 7348 drcOk
Access Cache save: 63 libcells referenced from 3 libs
Access Cache save: used 6 of 71 total secDefs
NPLDRC Place Cache: unique cache elements 7646
NPLDRC Place Cache: hit rate  29.6%  (7646 / 10859)
NPLDRC Access Cache: unique cache elements 7774
NPLDRC Access Cache: hit rate  29.3%  (7774 / 10988)
NPLDRC Pin Status Cache: no calls
NPLDRC Multi Cell Cache: no calls
NPLDRC ViaLadder Cache: no calls
 Successfully legalize placement.
Information: The run time for postlude is 0 hr : 0 min : 3.28 sec, cpu time is 0 hr : 0 min : 3.14 sec. (CTS-104)
************************************************************
* CTS STEP: Summary report
************************************************************
There are 1686 flat clock tree nets.
There are 1685 non-sink instances (total area 3062.69) on clock trees including 0 instances dont_touch.
Clock tree synthesize and optimization added 3 buffers and 1682 inverters (total area 3062.69).
 Compilation of clock trees finished successfully
 Run time for cts 00:07:07.27u 00:02:49.19s 00:09:01.04e: 

Summary of messages during CTS:
===============================================================
  Tag   Count  Type           Description
---------------------------------------------------------------
 No error or warning message.
1

No clock balance group was found, so skip the balance
Information: The stitching and editing of coupling caps is turned OFF for design 'zigbee_F.dlib:zigbee_F_cts.design'. (TIM-125)
Number of Site types in the design = 1
Setting up Chip Core
Chip Core shape: (100000 100000) (5222400 5216320)
Number of unique PDs = 1
Number of Power Domains = 1
Number of Voltage Areas = 1
Number of supply Nets = 2
Number of used supplies = 2
Use advanced legalizer engine : 0
Information: Current block utilization is '0.34380', effective utilization is '0.34408'. (OPT-055)
Information: Update timing completed net estimation for all the timing graph nets (TIM-111)
Information: Net estimation statistics: timing graph nets = 30670, routed nets = 1686, across physical hierarchy nets = 0, parasitics cached nets = 30670, delay annotated nets = 0, parasitics annotated nets = 0, multi-voltage nets = 0. (TIM-112)

    Scenario default  WNS = 0.000000, TNS = 0.000000, NVP = 0

     ELAPSED  WORST NEG TOTAL NEG              MAX       MAX     BUFFER    INVERTER   LVTH      LVTH      PEAK   
      TIME      SLACK     SLACK     AREA    TRAN COST CAP COST    COUNT     COUNT     COUNT    PERCENT   MEMORY  
    --------- --------- --------- --------- --------- --------- --------- --------- --------- --------- ---------
      0:17:57     0.000     0.000 90175.883     0.000     0.000       616     10388         0     0.000      1180 


npo-clock-opt optimization Phase 6 Iter  1          0.00      0.00         0       0.090           -           0.299

Enable dominated scenarios

npo-clock-opt optimization complete                 0.00      0.00         0       0.090           -           0.299
Co-efficient Ratio Summary:
4.193421605155  6.578038173730  2.479639287277  7.744187597422  0.485351627109  3.179184433784  -5.567214854587  -2.894454487461  -6.565921317863  -9.017937605874  3.103695038114  9.866474609851  6.078184564085  2.745236641123
8.318115604907  9.699225026083  2.464623950064  1.382370221226  9.387184029619  3.142429406669  -0.968752889964  -6.613180823294  -4.146578893224  -7.876358018112  2.190150331877  0.966779241094  2.700109043881  3.841488364440
3.750206053169  7.663458842299  6.212201167950  7.759678473967  7.862243056717  0.402387977150  -0.032845195897  -0.596111612371  -4.701287496892  -7.205135612169  8.277376526449  1.186760290997  3.334497008244  5.868637031622
7.173894385364  9.669819999761  7.591487347087  7.632106340287  7.679379680172  9.831933888630  -1.878805917928  -3.230072443539  -1.226270137326  -7.050450594780  2.402943301812  6.132897644054  4.100271666110  1.275746889655
4.570746653063  5.624878808820  7.826857253678  4.759133418263  5.409027926377  2.609823652834  -0.626142638674  -6.381676752919  -9.187474122495  -0.513656896621  5.026587196743  6.112858046103  6.181433912107  1.582603165776
7.486041822107  9.584562469756  2.041727387119  3.921160867338  0.650488682345  9.472458902409  -3.368484494994  -4.897111649020  -6.860149344452  -2.000104151691  9.094352485860  2.190086309512  0.915961667443  5.467020108426
Information: The net parasitics of block zigbee are cleared. (TIM-123)
Information: The stitching and editing of coupling caps is turned OFF for design 'zigbee_F.dlib:zigbee_F_cts.design'. (TIM-125)
Information: Design zigbee_F_cts has 30672 nets, 1686 global routed, 0 detail routed. (NEX-024)
Information: The RC mode used is CTO for design 'zigbee'. (NEX-022)
Information: Design Average RC for design zigbee_F_cts  (NEX-011)
Information: r = 1.152344 ohm/um, via_r = 0.500000 ohm/cut, c = 0.085664 ff/um, cc = 0.000000 ff/um (X dir) (NEX-017)
Information: r = 1.399614 ohm/um, via_r = 0.500000 ohm/cut, c = 0.082202 ff/um, cc = 0.000000 ff/um (Y dir) (NEX-017)
Information: Update timing completed net estimation for all the timing graph nets (TIM-111)
Information: Net estimation statistics: timing graph nets = 30670, routed nets = 1686, across physical hierarchy nets = 0, parasitics cached nets = 30670, delay annotated nets = 0, parasitics annotated nets = 0, multi-voltage nets = 0. (TIM-112)

npo-clock-opt final QoR
_______________________
Scenario Mapping Table
1: default

Pathgroup Mapping Table
1: **default**
2: **async_default**
3: **clock_gating_default**
4: **in2reg_default**
5: **reg2out_default**
6: **in2out_default**
7: clk

-----------------------------------------------------------------------------------------------------------
Scene  PG      WNS        TNS    NSV      WHV        THV    NHV
    1   1   0.0000     0.0000      0   0.0000     0.0000      0
    1   2   0.0000     0.0000      0   0.0000     0.0000      0
    1   3   0.0000     0.0000      0   0.0000     0.0000      0
    1   4   0.0000     0.0000      0   0.0000     0.0000      0
    1   5   0.0000     0.0000      0   0.0000     0.0000      0
    1   6   0.0000     0.0000      0   0.0000     0.0000      0
    1   7   0.0000     0.0000      0   0.5733  3013.0667   6296
--------------------------------------------------------------------------------------------------------------------
Scene  PG      WNS        TNS    NSV      WHV        THV    NHV  MaxTrnV   MaxTranC  MaxCapV    Leakage
    1   *   0.0000     0.0000      0   0.5733  3013.0691   6296        -          -        -          -
--------------------------------------------------------------------------------------------------------------------
Scene  PG      WNS        TNS    NSV      WHV        THV    NHV  MaxTrnV   MaxTranC  MaxCapV    Leakage         Area    InstCnt     BufCnt     InvCnt
    *   *   0.0000     0.0000      0   0.5733  3013.0691   6296        -          -        -          -     90175.88      30456        616      10388
--------------------------------------------------------------------------------------------------------------------

npo-clock-opt final QoR Summary         WNS        TNS    NSV      WHV        THV    NHV  MaxTrnV  MaxCapV    Leakage         Area    InstCnt
npo-clock-opt final QoR Summary      0.0000     0.0000      0   0.5733  3013.0691   6296        -        -          -     90175.88      30456

npo-clock-opt command complete                CPU:   881 s (  0.24 hr )  ELAPSE:  1078 s (  0.30 hr )  MEM-PEAK:  1180 MB
npo-clock-opt command statistics  CPU=474 sec (0.13 hr) ELAPSED=560 sec (0.16 hr) MEM-PEAK=1.152 GB

Information: The net parasitics of block zigbee are cleared. (TIM-123)
Information: Running auto PG connection. (NDM-099)
1
#Assign Clock Network
clock_opt -from route_clock -to route_clock
Use advanced legalizer engine : 0
Warning: the app option 'time.si_enable_analysis' should not be set to be true in pre-route stage, enforce it to be false temporarily. (OPT-215)
Information: The stitching and editing of coupling caps is turned OFF for design 'zigbee_F.dlib:zigbee_F_cts.design'. (TIM-125)
Information: Design zigbee_F_cts has 30672 nets, 1686 global routed, 0 detail routed. (NEX-024)
Number of Site types in the design = 1
Setting up Chip Core
Chip Core shape: (100000 100000) (5222400 5216320)
Number of unique PDs = 1
Number of Power Domains = 1
Number of Voltage Areas = 1
Number of supply Nets = 2
Number of used supplies = 2

Running clock routing step.
set_app_options -as_user_default -list {route.global.global_route_topology_style 1}
route.global.global_route_topology_style 1
route_group -all_clock_nets -reuse_existing_global_route true
Warning: Cell contains tie connections which are not connected to real PG. (ZRT-511)
Turn off antenna since no rule is specified
Cell Min-Routing-Layer = M3
Cell Max-Routing-Layer = M7
Warning: Cannot find a default contact code for layer CO. (ZRT-022)
rule clk_network_NDR_leaf equivalent to default rule
Warning: Ignore 2 top cell ports with no pins. (ZRT-027)
Info: number of net_type_blockage: 0 
Start Global Route ... 
[Init] Elapsed real time: 0:00:00 
[Init] Elapsed cpu  time: sys=0:00:00 usr=0:00:00 total=0:00:00
[Init] Stage (MB): Used    0  Alloctr    0  Proc    0 
[Init] Total (MB): Used  109  Alloctr  113  Proc 2551 
GR will route in ATREE-style.
Printing options for 'route.common.*'

Printing options for 'route.global.*'
global.deterministic                                    :	 off                 
global.global_route_topology_style                      :	 1                   
global.placement_timing_driven_mode                     :	 false               
global.timing_driven                                    :	 false               

Begin global routing.
Loading parastics information to the router ...
parastics information loaded to the router.
Constructing data structure ...
Design statistics:
Design Bounding Box (0.00,0.00,532.24,531.63)
Number of routing layers = 10
layer M1, dir Hor, min width = 0.05, min space = 0.05 pitch = 0.15
layer M2, dir Ver, min width = 0.06, min space = 0.06 pitch = 0.15
layer M3, dir Hor, min width = 0.06, min space = 0.06 pitch = 0.30
layer M4, dir Ver, min width = 0.06, min space = 0.06 pitch = 0.30
layer M5, dir Hor, min width = 0.06, min space = 0.06 pitch = 0.61
layer M6, dir Ver, min width = 0.06, min space = 0.06 pitch = 0.61
layer M7, dir Hor, min width = 0.06, min space = 0.06 pitch = 1.22
layer M8, dir Ver, min width = 0.06, min space = 0.06 pitch = 1.22
layer M9, dir Hor, min width = 0.16, min space = 0.16 pitch = 2.43
layer MRDL, dir Ver, min width = 2.00, min space = 2.00 pitch = 4.86
Current Stage stats:
[End of Build Tech Data] Elapsed real time: 0:00:00 
[End of Build Tech Data] Elapsed cpu  time: sys=0:00:00 usr=0:00:00 total=0:00:00
[End of Build Tech Data] Stage (MB): Used    3  Alloctr    3  Proc    0 
[End of Build Tech Data] Total (MB): Used  112  Alloctr  117  Proc 2551 
Net statistics:
Total number of nets     = 30672
Number of nets to route  = 1686
Number of nets with min-layer-mode soft = 1235
Number of nets with min-layer-mode soft-cost-medium = 1235
Number of nets with max-layer-mode hard = 1682
1688 nets are fully connected,
 of which 2 are detail routed and 1686 are global routed.
313 nets have non-default rule clk_network_NDR_internal
138 nets have non-default rule clk_network_NDR_internal_ext_spacing
3 nets have non-default rule clk_network_NDR_root
1 nets have non-default rule clk_network_NDR_root_ext_spacing
608 nets have non-default rule default_rule_equivalent_ndr_double_spacing
Current Stage stats:
[End of Build All Nets] Elapsed real time: 0:00:00 
[End of Build All Nets] Elapsed cpu  time: sys=0:00:00 usr=0:00:00 total=0:00:00
[End of Build All Nets] Stage (MB): Used    9  Alloctr    9  Proc    0 
[End of Build All Nets] Total (MB): Used  122  Alloctr  126  Proc 2551 
Average gCell capacity  6.06	 on layer (1)	 M1
Average gCell capacity  9.94	 on layer (2)	 M2
Average gCell capacity  5.38	 on layer (3)	 M3
Average gCell capacity  5.03	 on layer (4)	 M4
Average gCell capacity  2.69	 on layer (5)	 M5
Average gCell capacity  2.56	 on layer (6)	 M6
Average gCell capacity  1.34	 on layer (7)	 M7
Average gCell capacity  0.75	 on layer (8)	 M8
Average gCell capacity  0.00	 on layer (9)	 M9
Average gCell capacity  0.00	 on layer (10)	 MRDL
Average number of tracks per gCell 11.00	 on layer (1)	 M1
Average number of tracks per gCell 11.01	 on layer (2)	 M2
Average number of tracks per gCell 5.50	 on layer (3)	 M3
Average number of tracks per gCell 5.51	 on layer (4)	 M4
Average number of tracks per gCell 2.75	 on layer (5)	 M5
Average number of tracks per gCell 2.76	 on layer (6)	 M6
Average number of tracks per gCell 1.38	 on layer (7)	 M7
Average number of tracks per gCell 1.38	 on layer (8)	 M8
Average number of tracks per gCell 0.69	 on layer (9)	 M9
Average number of tracks per gCell 0.35	 on layer (10)	 MRDL
Number of gCells = 1011240
Current Stage stats:
[End of Build Congestion map] Elapsed real time: 0:00:00 
[End of Build Congestion map] Elapsed cpu  time: sys=0:00:00 usr=0:00:00 total=0:00:00
[End of Build Congestion map] Stage (MB): Used   13  Alloctr   14  Proc    0 
[End of Build Congestion map] Total (MB): Used  136  Alloctr  141  Proc 2551 
Information: RC layer preference is turned on for this design. (ZRT-613)
Total stats:
[End of Build Data] Elapsed real time: 0:00:00 
[End of Build Data] Elapsed cpu  time: sys=0:00:00 usr=0:00:00 total=0:00:00
[End of Build Data] Stage (MB): Used   27  Alloctr   27  Proc    0 
[End of Build Data] Total (MB): Used  136  Alloctr  141  Proc 2551 
Current Stage stats:
[End of Blocked Pin Detection] Elapsed real time: 0:00:00 
[End of Blocked Pin Detection] Elapsed cpu  time: sys=0:00:00 usr=0:00:00 total=0:00:00
[End of Blocked Pin Detection] Stage (MB): Used    0  Alloctr    0  Proc    0 
[End of Blocked Pin Detection] Total (MB): Used  136  Alloctr  141  Proc 2551 
Information: Using 12 threads for routing. (ZRT-444)
multi gcell levels ON

Start GR phase 0
Current Stage stats:
[End of Initial Routing] Elapsed real time: 0:00:00 
[End of Initial Routing] Elapsed cpu  time: sys=0:00:00 usr=0:00:00 total=0:00:00
[End of Initial Routing] Stage (MB): Used    0  Alloctr    0  Proc    0 
[End of Initial Routing] Total (MB): Used  136  Alloctr  141  Proc 2551 
Initial. Routing result:
Initial. Both Dirs: Overflow =   107 Max = 3 GRCs =   168 (0.08%)
Initial. H routing: Overflow =    69 Max = 3 (GRCs =  2) GRCs =    91 (0.09%)
Initial. V routing: Overflow =    37 Max = 3 (GRCs =  4) GRCs =    77 (0.08%)
Initial. M1         Overflow =     8 Max = 1 (GRCs = 11) GRCs =    11 (0.01%)
Initial. M2         Overflow =    26 Max = 3 (GRCs =  4) GRCs =    60 (0.06%)
Initial. M3         Overflow =    48 Max = 3 (GRCs =  2) GRCs =    68 (0.07%)
Initial. M4         Overflow =    11 Max = 2 (GRCs =  1) GRCs =    17 (0.02%)
Initial. M5         Overflow =    13 Max = 2 (GRCs =  1) GRCs =    12 (0.01%)
Initial. M6         Overflow =     0 Max = 0 (GRCs =  0) GRCs =     0 (0.00%)
Initial. M7         Overflow =     0 Max = 0 (GRCs =  0) GRCs =     0 (0.00%)
Initial. M8         Overflow =     0 Max = 0 (GRCs =  0) GRCs =     0 (0.00%)
Initial. M9         Overflow =     0 Max = 0 (GRCs =  0) GRCs =     0 (0.00%)
Initial. MRDL       Overflow =     0 Max = 0 (GRCs =  0) GRCs =     0 (0.00%)

Initial. Total Wire Length = 87883.29
Initial. Layer M1 wire length = 2033.55
Initial. Layer M2 wire length = 31628.23
Initial. Layer M3 wire length = 34412.70
Initial. Layer M4 wire length = 3707.67
Initial. Layer M5 wire length = 7491.09
Initial. Layer M6 wire length = 8442.72
Initial. Layer M7 wire length = 167.34
Initial. Layer M8 wire length = 0.00
Initial. Layer M9 wire length = 0.00
Initial. Layer MRDL wire length = 0.00
Initial. Total Number of Contacts = 24108
Initial. Via VIA12SQ_C count = 9585
Initial. Via VIA23SQ_C count = 11188
Initial. Via VIA34SQ_C count = 1780
Initial. Via VIA45SQ_C count = 856
Initial. Via VIA56SQ_C count = 687
Initial. Via VIA67SQ_C count = 12
Initial. Via VIA78SQ_C count = 0
Initial. Via VIA89_C count = 0
Initial. Via VIA9RDL count = 0
Initial. completed.

Start GR phase 1
Current Stage stats:
[End of Phase1 Routing] Elapsed real time: 0:00:00 
[End of Phase1 Routing] Elapsed cpu  time: sys=0:00:00 usr=0:00:00 total=0:00:00
[End of Phase1 Routing] Stage (MB): Used    0  Alloctr    0  Proc    0 
[End of Phase1 Routing] Total (MB): Used  136  Alloctr  141  Proc 2551 
phase1. Routing result:
phase1. Both Dirs: Overflow =    38 Max = 3 GRCs =    81 (0.04%)
phase1. H routing: Overflow =    12 Max = 1 (GRCs = 22) GRCs =    22 (0.02%)
phase1. V routing: Overflow =    25 Max = 3 (GRCs =  4) GRCs =    59 (0.06%)
phase1. M1         Overflow =     0 Max = 1 (GRCs =  1) GRCs =     1 (0.00%)
phase1. M2         Overflow =    23 Max = 3 (GRCs =  4) GRCs =    55 (0.05%)
phase1. M3         Overflow =    12 Max = 1 (GRCs = 21) GRCs =    21 (0.02%)
phase1. M4         Overflow =     2 Max = 1 (GRCs =  4) GRCs =     4 (0.00%)
phase1. M5         Overflow =     0 Max = 0 (GRCs =  0) GRCs =     0 (0.00%)
phase1. M6         Overflow =     0 Max = 0 (GRCs =  0) GRCs =     0 (0.00%)
phase1. M7         Overflow =     0 Max = 0 (GRCs =  0) GRCs =     0 (0.00%)
phase1. M8         Overflow =     0 Max = 0 (GRCs =  0) GRCs =     0 (0.00%)
phase1. M9         Overflow =     0 Max = 0 (GRCs =  0) GRCs =     0 (0.00%)
phase1. MRDL       Overflow =     0 Max = 0 (GRCs =  0) GRCs =     0 (0.00%)

phase1. Total Wire Length = 87900.41
phase1. Layer M1 wire length = 2011.21
phase1. Layer M2 wire length = 31651.60
phase1. Layer M3 wire length = 34405.41
phase1. Layer M4 wire length = 3710.53
phase1. Layer M5 wire length = 7495.30
phase1. Layer M6 wire length = 8459.01
phase1. Layer M7 wire length = 167.34
phase1. Layer M8 wire length = 0.00
phase1. Layer M9 wire length = 0.00
phase1. Layer MRDL wire length = 0.00
phase1. Total Number of Contacts = 24135
phase1. Via VIA12SQ_C count = 9586
phase1. Via VIA23SQ_C count = 11193
phase1. Via VIA34SQ_C count = 1792
phase1. Via VIA45SQ_C count = 856
phase1. Via VIA56SQ_C count = 696
phase1. Via VIA67SQ_C count = 12
phase1. Via VIA78SQ_C count = 0
phase1. Via VIA89_C count = 0
phase1. Via VIA9RDL count = 0
phase1. completed.

Start GR phase 2
Current Stage stats:
[End of Phase2 Routing] Elapsed real time: 0:00:00 
[End of Phase2 Routing] Elapsed cpu  time: sys=0:00:00 usr=0:00:00 total=0:00:00
[End of Phase2 Routing] Stage (MB): Used    0  Alloctr    0  Proc    0 
[End of Phase2 Routing] Total (MB): Used  136  Alloctr  141  Proc 2551 
phase2. Routing result:
phase2. Both Dirs: Overflow =    24 Max = 3 GRCs =    39 (0.02%)
phase2. H routing: Overflow =    10 Max = 1 (GRCs = 21) GRCs =    21 (0.02%)
phase2. V routing: Overflow =    13 Max = 3 (GRCs =  2) GRCs =    18 (0.02%)
phase2. M1         Overflow =     0 Max = 1 (GRCs =  1) GRCs =     1 (0.00%)
phase2. M2         Overflow =    12 Max = 3 (GRCs =  2) GRCs =    16 (0.02%)
phase2. M3         Overflow =    10 Max = 1 (GRCs = 20) GRCs =    20 (0.02%)
phase2. M4         Overflow =     1 Max = 1 (GRCs =  2) GRCs =     2 (0.00%)
phase2. M5         Overflow =     0 Max = 0 (GRCs =  0) GRCs =     0 (0.00%)
phase2. M6         Overflow =     0 Max = 0 (GRCs =  0) GRCs =     0 (0.00%)
phase2. M7         Overflow =     0 Max = 0 (GRCs =  0) GRCs =     0 (0.00%)
phase2. M8         Overflow =     0 Max = 0 (GRCs =  0) GRCs =     0 (0.00%)
phase2. M9         Overflow =     0 Max = 0 (GRCs =  0) GRCs =     0 (0.00%)
phase2. MRDL       Overflow =     0 Max = 0 (GRCs =  0) GRCs =     0 (0.00%)

phase2. Total Wire Length = 87904.00
phase2. Layer M1 wire length = 2011.09
phase2. Layer M2 wire length = 31651.60
phase2. Layer M3 wire length = 34407.30
phase2. Layer M4 wire length = 3712.82
phase2. Layer M5 wire length = 7494.92
phase2. Layer M6 wire length = 8458.93
phase2. Layer M7 wire length = 167.34
phase2. Layer M8 wire length = 0.00
phase2. Layer M9 wire length = 0.00
phase2. Layer MRDL wire length = 0.00
phase2. Total Number of Contacts = 24137
phase2. Via VIA12SQ_C count = 9586
phase2. Via VIA23SQ_C count = 11193
phase2. Via VIA34SQ_C count = 1792
phase2. Via VIA45SQ_C count = 858
phase2. Via VIA56SQ_C count = 696
phase2. Via VIA67SQ_C count = 12
phase2. Via VIA78SQ_C count = 0
phase2. Via VIA89_C count = 0
phase2. Via VIA9RDL count = 0
phase2. completed.

Start GR phase 3
Current Stage stats:
[End of Phase3 Routing] Elapsed real time: 0:00:00 
[End of Phase3 Routing] Elapsed cpu  time: sys=0:00:00 usr=0:00:00 total=0:00:00
[End of Phase3 Routing] Stage (MB): Used    0  Alloctr    0  Proc    0 
[End of Phase3 Routing] Total (MB): Used  136  Alloctr  141  Proc 2551 
phase3. Routing result:
phase3. Both Dirs: Overflow =    24 Max = 3 GRCs =    39 (0.02%)
phase3. H routing: Overflow =    10 Max = 1 (GRCs = 21) GRCs =    21 (0.02%)
phase3. V routing: Overflow =    13 Max = 3 (GRCs =  2) GRCs =    18 (0.02%)
phase3. M1         Overflow =     0 Max = 1 (GRCs =  1) GRCs =     1 (0.00%)
phase3. M2         Overflow =    12 Max = 3 (GRCs =  2) GRCs =    16 (0.02%)
phase3. M3         Overflow =    10 Max = 1 (GRCs = 20) GRCs =    20 (0.02%)
phase3. M4         Overflow =     1 Max = 1 (GRCs =  2) GRCs =     2 (0.00%)
phase3. M5         Overflow =     0 Max = 0 (GRCs =  0) GRCs =     0 (0.00%)
phase3. M6         Overflow =     0 Max = 0 (GRCs =  0) GRCs =     0 (0.00%)
phase3. M7         Overflow =     0 Max = 0 (GRCs =  0) GRCs =     0 (0.00%)
phase3. M8         Overflow =     0 Max = 0 (GRCs =  0) GRCs =     0 (0.00%)
phase3. M9         Overflow =     0 Max = 0 (GRCs =  0) GRCs =     0 (0.00%)
phase3. MRDL       Overflow =     0 Max = 0 (GRCs =  0) GRCs =     0 (0.00%)

phase3. Total Wire Length = 87904.00
phase3. Layer M1 wire length = 2011.09
phase3. Layer M2 wire length = 31651.60
phase3. Layer M3 wire length = 34407.30
phase3. Layer M4 wire length = 3712.82
phase3. Layer M5 wire length = 7494.92
phase3. Layer M6 wire length = 8458.93
phase3. Layer M7 wire length = 167.34
phase3. Layer M8 wire length = 0.00
phase3. Layer M9 wire length = 0.00
phase3. Layer MRDL wire length = 0.00
phase3. Total Number of Contacts = 24135
phase3. Via VIA12SQ_C count = 9586
phase3. Via VIA23SQ_C count = 11193
phase3. Via VIA34SQ_C count = 1790
phase3. Via VIA45SQ_C count = 858
phase3. Via VIA56SQ_C count = 696
phase3. Via VIA67SQ_C count = 12
phase3. Via VIA78SQ_C count = 0
phase3. Via VIA89_C count = 0
phase3. Via VIA9RDL count = 0
phase3. completed.
[End of Whole Chip Routing] Elapsed real time: 0:00:00 
[End of Whole Chip Routing] Elapsed cpu  time: sys=0:00:00 usr=0:00:00 total=0:00:01
[End of Whole Chip Routing] Stage (MB): Used   27  Alloctr   27  Proc    0 
[End of Whole Chip Routing] Total (MB): Used  136  Alloctr  141  Proc 2551 

Information: Global Routing terminated early: false (ZRT-103)

Congestion utilization per direction:
Average vertical track utilization   =  2.26 %
Peak    vertical track utilization   = 120.00 %
Average horizontal track utilization =  2.10 %
Peak    horizontal track utilization = 100.00 %

Current Stage stats:
[GR: Done] Elapsed real time: 0:00:00 
[GR: Done] Elapsed cpu  time: sys=0:00:00 usr=0:00:00 total=0:00:00
[GR: Done] Stage (MB): Used  -12  Alloctr  -12  Proc    0 
[GR: Done] Total (MB): Used  125  Alloctr  130  Proc 2551 
GR Total stats:
[GR: Done] Elapsed real time: 0:00:00 
[GR: Done] Elapsed cpu  time: sys=0:00:01 usr=0:00:00 total=0:00:01
[GR: Done] Stage (MB): Used   16  Alloctr   16  Proc    0 
[GR: Done] Total (MB): Used  125  Alloctr  130  Proc 2551 
Updating congestion ...
Updating congestion ...
Final total stats:
[End of Global Routing] Elapsed real time: 0:00:00 
[End of Global Routing] Elapsed cpu  time: sys=0:00:01 usr=0:00:00 total=0:00:01
[End of Global Routing] Stage (MB): Used    0  Alloctr    0  Proc    0 
[End of Global Routing] Total (MB): Used  109  Alloctr  113  Proc 2551 

Start track assignment

Printing options for 'route.common.*'

Printing options for 'route.track.*'
track.timing_driven                                     :	 false               

Information: Using 12 threads for routing. (ZRT-444)
Information: RC layer preference is turned on for this design. (ZRT-613)

[Track Assign: Read routes] Elapsed real time: 0:00:00 
[Track Assign: Read routes] Elapsed cpu  time: sys=0:00:00 usr=0:00:00 total=0:00:00
[Track Assign: Read routes] Stage (MB): Used    7  Alloctr    6  Proc    0 
[Track Assign: Read routes] Total (MB): Used  112  Alloctr  115  Proc 2551 

Start initial assignment

Assign Horizontal partitions, iteration 0
Routed partition 1/106     
Routed partition 2/106     
Routed partition 7/106     
Routed partition 8/106     
Routed partition 8/106     
Routed partition 11/106    
Routed partition 11/106    
Routed partition 12/106    
Routed partition 12/106    
Routed partition 12/106    
Routed partition 12/106    
Routed partition 14/106    
Routed partition 14/106    
Routed partition 14/106    
Routed partition 15/106    
Routed partition 16/106    
Routed partition 17/106    
Routed partition 19/106    
Routed partition 19/106    
Routed partition 20/106    
Routed partition 21/106    
Routed partition 22/106    
Routed partition 23/106    
Routed partition 26/106    
Routed partition 26/106    
Routed partition 26/106    
Routed partition 27/106    
Routed partition 33/106    
Routed partition 33/106    
Routed partition 34/106    
Routed partition 34/106    
Routed partition 34/106    
Routed partition 34/106    
Routed partition 35/106    
Routed partition 35/106    
Routed partition 36/106    
Routed partition 37/106    
Routed partition 38/106    
Routed partition 39/106    
Routed partition 41/106    
Routed partition 42/106    
Routed partition 44/106    
Routed partition 44/106    
Routed partition 45/106    
Routed partition 46/106    
Routed partition 46/106    
Routed partition 47/106    
Routed partition 55/106    
Routed partition 55/106    
Routed partition 55/106    
Routed partition 55/106    
Routed partition 55/106    
Routed partition 55/106    
Routed partition 55/106    
Routed partition 55/106    
Routed partition 56/106    
Routed partition 57/106    
Routed partition 58/106    
Routed partition 59/106    
Routed partition 60/106    
Routed partition 61/106    
Routed partition 66/106    
Routed partition 67/106    
Routed partition 67/106    
Routed partition 67/106    
Routed partition 67/106    
Routed partition 67/106    
Routed partition 68/106    
Routed partition 71/106    
Routed partition 71/106    
Routed partition 71/106    
Routed partition 72/106    
Routed partition 73/106    
Routed partition 74/106    
Routed partition 76/106    
Routed partition 80/106    
Routed partition 80/106    
Routed partition 81/106    
Routed partition 82/106    
Routed partition 82/106    
Routed partition 82/106    
Routed partition 82/106    
Routed partition 83/106    
Routed partition 84/106    
Routed partition 87/106    
Routed partition 87/106    
Routed partition 88/106    
Routed partition 88/106    
Routed partition 89/106    
Routed partition 90/106    
Routed partition 91/106    
Routed partition 92/106    
Routed partition 93/106    
Routed partition 94/106    
Routed partition 95/106    
Routed partition 100/106   
Routed partition 100/106   
Routed partition 100/106   
Routed partition 100/106   
Routed partition 100/106   
Routed partition 101/106   
Routed partition 103/106   
Routed partition 103/106   
Routed partition 104/106   
Routed partition 105/106   
Routed partition 106/106   

Assign Vertical partitions, iteration 0
Routed partition 1/106     
Routed partition 2/106     
Routed partition 3/106     
Routed partition 4/106     
Routed partition 5/106     
Routed partition 6/106     
Routed partition 7/106     
Routed partition 8/106     
Routed partition 9/106     
Routed partition 10/106    
Routed partition 11/106    
Routed partition 12/106    
Routed partition 13/106    
Routed partition 14/106    
Routed partition 16/106    
Routed partition 22/106    
Routed partition 22/106    
Routed partition 22/106    
Routed partition 22/106    
Routed partition 22/106    
Routed partition 22/106    
Routed partition 22/106    
Routed partition 24/106    
Routed partition 26/106    
Routed partition 26/106    
Routed partition 26/106    
Routed partition 27/106    
Routed partition 29/106    
Routed partition 29/106    
Routed partition 31/106    
Routed partition 32/106    
Routed partition 32/106    
Routed partition 33/106    
Routed partition 34/106    
Routed partition 35/106    
Routed partition 36/106    
Routed partition 37/106    
Routed partition 39/106    
Routed partition 42/106    
Routed partition 42/106    
Routed partition 43/106    
Routed partition 43/106    
Routed partition 43/106    
Routed partition 44/106    
Routed partition 45/106    
Routed partition 48/106    
Routed partition 48/106    
Routed partition 49/106    
Routed partition 49/106    
Routed partition 50/106    
Routed partition 53/106    
Routed partition 57/106    
Routed partition 57/106    
Routed partition 57/106    
Routed partition 58/106    
Routed partition 58/106    
Routed partition 58/106    
Routed partition 58/106    
Routed partition 59/106    
Routed partition 60/106    
Routed partition 61/106    
Routed partition 62/106    
Routed partition 63/106    
Routed partition 64/106    
Routed partition 65/106    
Routed partition 66/106    
Routed partition 67/106    
Routed partition 68/106    
Routed partition 69/106    
Routed partition 70/106    
Routed partition 74/106    
Routed partition 75/106    
Routed partition 76/106    
Routed partition 77/106    
Routed partition 77/106    
Routed partition 77/106    
Routed partition 78/106    
Routed partition 78/106    
Routed partition 79/106    
Routed partition 85/106    
Routed partition 85/106    
Routed partition 86/106    
Routed partition 86/106    
Routed partition 86/106    
Routed partition 86/106    
Routed partition 87/106    
Routed partition 88/106    
Routed partition 92/106    
Routed partition 93/106    
Routed partition 95/106    
Routed partition 95/106    
Routed partition 95/106    
Routed partition 95/106    
Routed partition 96/106    
Routed partition 96/106    
Routed partition 97/106    
Routed partition 97/106    
Routed partition 98/106    
Routed partition 99/106    
Routed partition 100/106   
Routed partition 101/106   
Routed partition 102/106   
Routed partition 103/106   
Routed partition 104/106   
Routed partition 106/106   
Routed partition 106/106   

Number of wires with overlap after iteration 0 = 4980 of 28887


[Track Assign: Iteration 0] Elapsed real time: 0:00:01 
[Track Assign: Iteration 0] Elapsed cpu  time: sys=0:00:00 usr=0:00:18 total=0:00:18
[Track Assign: Iteration 0] Stage (MB): Used    8  Alloctr    8  Proc  253 
[Track Assign: Iteration 0] Total (MB): Used  113  Alloctr  117  Proc 2804 

Reroute to fix overlaps

Assign Horizontal partitions, iteration 1
Routed partition 1/106     
Routed partition 2/106     
Routed partition 3/106     
Routed partition 4/106     
Routed partition 5/106     
Routed partition 6/106     
Routed partition 7/106     
Routed partition 9/106     
Routed partition 9/106     
Routed partition 10/106    
Routed partition 15/106    
Routed partition 15/106    
Routed partition 15/106    
Routed partition 16/106    
Routed partition 16/106    
Routed partition 16/106    
Routed partition 17/106    
Routed partition 18/106    
Routed partition 24/106    
Routed partition 24/106    
Routed partition 24/106    
Routed partition 26/106    
Routed partition 26/106    
Routed partition 26/106    
Routed partition 26/106    
Routed partition 26/106    
Routed partition 27/106    
Routed partition 28/106    
Routed partition 29/106    
Routed partition 30/106    
Routed partition 31/106    
Routed partition 32/106    
Routed partition 33/106    
Routed partition 34/106    
Routed partition 35/106    
Routed partition 36/106    
Routed partition 44/106    
Routed partition 45/106    
Routed partition 45/106    
Routed partition 45/106    
Routed partition 45/106    
Routed partition 45/106    
Routed partition 45/106    
Routed partition 45/106    
Routed partition 45/106    
Routed partition 46/106    
Routed partition 47/106    
Routed partition 50/106    
Routed partition 50/106    
Routed partition 50/106    
Routed partition 51/106    
Routed partition 60/106    
Routed partition 60/106    
Routed partition 60/106    
Routed partition 60/106    
Routed partition 60/106    
Routed partition 60/106    
Routed partition 62/106    
Routed partition 62/106    
Routed partition 62/106    
Routed partition 62/106    
Routed partition 62/106    
Routed partition 64/106    
Routed partition 64/106    
Routed partition 65/106    
Routed partition 67/106    
Routed partition 67/106    
Routed partition 68/106    
Routed partition 72/106    
Routed partition 72/106    
Routed partition 72/106    
Routed partition 72/106    
Routed partition 73/106    
Routed partition 75/106    
Routed partition 75/106    
Routed partition 79/106    
Routed partition 79/106    
Routed partition 79/106    
Routed partition 80/106    
Routed partition 80/106    
Routed partition 82/106    
Routed partition 82/106    
Routed partition 83/106    
Routed partition 84/106    
Routed partition 85/106    
Routed partition 86/106    
Routed partition 87/106    
Routed partition 92/106    
Routed partition 92/106    
Routed partition 92/106    
Routed partition 92/106    
Routed partition 93/106    
Routed partition 93/106    
Routed partition 94/106    
Routed partition 95/106    
Routed partition 96/106    
Routed partition 97/106    
Routed partition 98/106    
Routed partition 99/106    
Routed partition 100/106   
Routed partition 101/106   
Routed partition 102/106   
Routed partition 103/106   
Routed partition 104/106   
Routed partition 105/106   
Routed partition 106/106   

Assign Vertical partitions, iteration 1
Routed partition 1/106     
Routed partition 2/106     
Routed partition 3/106     
Routed partition 4/106     
Routed partition 5/106     
Routed partition 6/106     
Routed partition 7/106     
Routed partition 8/106     
Routed partition 9/106     
Routed partition 14/106    
Routed partition 14/106    
Routed partition 14/106    
Routed partition 15/106    
Routed partition 15/106    
Routed partition 15/106    
Routed partition 16/106    
Routed partition 18/106    
Routed partition 19/106    
Routed partition 19/106    
Routed partition 21/106    
Routed partition 22/106    
Routed partition 22/106    
Routed partition 23/106    
Routed partition 24/106    
Routed partition 26/106    
Routed partition 26/106    
Routed partition 27/106    
Routed partition 29/106    
Routed partition 30/106    
Routed partition 31/106    
Routed partition 32/106    
Routed partition 32/106    
Routed partition 33/106    
Routed partition 36/106    
Routed partition 36/106    
Routed partition 36/106    
Routed partition 37/106    
Routed partition 38/106    
Routed partition 39/106    
Routed partition 40/106    
Routed partition 41/106    
Routed partition 42/106    
Routed partition 43/106    
Routed partition 44/106    
Routed partition 47/106    
Routed partition 47/106    
Routed partition 47/106    
Routed partition 48/106    
Routed partition 49/106    
Routed partition 56/106    
Routed partition 56/106    
Routed partition 56/106    
Routed partition 56/106    
Routed partition 56/106    
Routed partition 56/106    
Routed partition 60/106    
Routed partition 60/106    
Routed partition 60/106    
Routed partition 60/106    
Routed partition 60/106    
Routed partition 61/106    
Routed partition 62/106    
Routed partition 63/106    
Routed partition 69/106    
Routed partition 69/106    
Routed partition 71/106    
Routed partition 71/106    
Routed partition 71/106    
Routed partition 71/106    
Routed partition 71/106    
Routed partition 71/106    
Routed partition 72/106    
Routed partition 74/106    
Routed partition 74/106    
Routed partition 75/106    
Routed partition 78/106    
Routed partition 78/106    
Routed partition 79/106    
Routed partition 80/106    
Routed partition 82/106    
Routed partition 82/106    
Routed partition 82/106    
Routed partition 85/106    
Routed partition 85/106    
Routed partition 86/106    
Routed partition 86/106    
Routed partition 87/106    
Routed partition 88/106    
Routed partition 89/106    
Routed partition 90/106    
Routed partition 91/106    
Routed partition 92/106    
Routed partition 97/106    
Routed partition 99/106    
Routed partition 99/106    
Routed partition 99/106    
Routed partition 99/106    
Routed partition 99/106    
Routed partition 99/106    
Routed partition 100/106   
Routed partition 101/106   
Routed partition 102/106   
Routed partition 104/106   
Routed partition 106/106   
Routed partition 106/106   
Routed partition 106/106   

[Track Assign: Iteration 1] Elapsed real time: 0:00:03 
[Track Assign: Iteration 1] Elapsed cpu  time: sys=0:00:00 usr=0:00:34 total=0:00:35
[Track Assign: Iteration 1] Stage (MB): Used    8  Alloctr    8  Proc  260 
[Track Assign: Iteration 1] Total (MB): Used  113  Alloctr  117  Proc 2812 

Number of wires with overlap after iteration 1 = 1558 of 23532


Wire length and via report:
---------------------------
Number of M1 wires: 803 		  : 0
Number of M2 wires: 12099 		 VIA12SQ_C: 9581
Number of M3 wires: 8485 		 VIA23SQ_C: 12701
Number of M4 wires: 1036 		 VIA34SQ_C: 1864
Number of M5 wires: 682 		 VIA45SQ_C: 878
Number of M6 wires: 421 		 VIA56SQ_C: 698
Number of M7 wires: 6 		 VIA67SQ_C: 8
Number of M8 wires: 0 		 VIA78SQ_C: 0
Number of M9 wires: 0 		 VIA89_C: 0
Number of MRDL wires: 0 		 VIA9RDL: 0
Total number of wires: 23532 		 vias: 25730

Total M1 wire length: 203.2
Total M2 wire length: 31758.2
Total M3 wire length: 34463.5
Total M4 wire length: 3707.8
Total M5 wire length: 7434.5
Total M6 wire length: 8412.2
Total M7 wire length: 165.4
Total M8 wire length: 0.0
Total M9 wire length: 0.0
Total MRDL wire length: 0.0
Total wire length: 86144.7

Longest M1 wire length: 1.7
Longest M2 wire length: 70.7
Longest M3 wire length: 78.3
Longest M4 wire length: 52.7
Longest M5 wire length: 83.3
Longest M6 wire length: 86.1
Longest M7 wire length: 81.5
Longest M8 wire length: 0.0
Longest M9 wire length: 0.0
Longest MRDL wire length: 0.0


[Track Assign: Done] Elapsed real time: 0:00:03 
[Track Assign: Done] Elapsed cpu  time: sys=0:00:00 usr=0:00:35 total=0:00:35
[Track Assign: Done] Stage (MB): Used    3  Alloctr    3  Proc  260 
[Track Assign: Done] Total (MB): Used  108  Alloctr  112  Proc 2812 
Printing options for 'route.common.*'

Printing options for 'route.detail.*'
detail.force_end_on_preferred_grid                      :	 true                
detail.timing_driven                                    :	 false               

Printing options for 'route.auto_via_ladder.*'

Information: RC layer preference is turned on for this design. (ZRT-613)
[Dr init] Elapsed real time: 0:00:00 
[Dr init] Elapsed cpu  time: sys=0:00:00 usr=0:00:00 total=0:00:00
[Dr init] Stage (MB): Used    7  Alloctr    7  Proc    0 
[Dr init] Total (MB): Used  116  Alloctr  120  Proc 2812 
Total number of nets = 30672, of which 0 are not extracted
Total number of open nets = 28984, of which 0 are frozen
Information: Using 12 threads for routing. (ZRT-444)
Start DR iteration 0: uniform partition
Routed	12/1024 Partitions, Violations =	0
Routed	21/1024 Partitions, Violations =	0
Routed	22/1024 Partitions, Violations =	0
Routed	25/1024 Partitions, Violations =	0
Routed	26/1024 Partitions, Violations =	0
Routed	27/1024 Partitions, Violations =	0
Routed	30/1024 Partitions, Violations =	0
Routed	35/1024 Partitions, Violations =	0
Routed	40/1024 Partitions, Violations =	0
Routed	45/1024 Partitions, Violations =	0
Routed	50/1024 Partitions, Violations =	2
Routed	55/1024 Partitions, Violations =	5
Routed	60/1024 Partitions, Violations =	6
Routed	65/1024 Partitions, Violations =	9
Routed	70/1024 Partitions, Violations =	2
Routed	75/1024 Partitions, Violations =	3
Routed	80/1024 Partitions, Violations =	3
Routed	85/1024 Partitions, Violations =	4
Routed	90/1024 Partitions, Violations =	4
Routed	95/1024 Partitions, Violations =	4
Routed	100/1024 Partitions, Violations =	3
Routed	105/1024 Partitions, Violations =	10
Routed	110/1024 Partitions, Violations =	16
Routed	115/1024 Partitions, Violations =	17
Routed	120/1024 Partitions, Violations =	17
Routed	125/1024 Partitions, Violations =	18
Routed	130/1024 Partitions, Violations =	19
Routed	135/1024 Partitions, Violations =	12
Routed	140/1024 Partitions, Violations =	12
Routed	145/1024 Partitions, Violations =	21
Routed	150/1024 Partitions, Violations =	14
Routed	155/1024 Partitions, Violations =	12
Routed	160/1024 Partitions, Violations =	13
Routed	165/1024 Partitions, Violations =	7
Routed	170/1024 Partitions, Violations =	12
Routed	175/1024 Partitions, Violations =	13
Routed	180/1024 Partitions, Violations =	13
Routed	185/1024 Partitions, Violations =	17
Routed	190/1024 Partitions, Violations =	20
Routed	195/1024 Partitions, Violations =	18
Routed	200/1024 Partitions, Violations =	24
Routed	205/1024 Partitions, Violations =	23
Routed	210/1024 Partitions, Violations =	23
Routed	215/1024 Partitions, Violations =	23
Routed	220/1024 Partitions, Violations =	31
Routed	225/1024 Partitions, Violations =	23
Routed	230/1024 Partitions, Violations =	23
Routed	235/1024 Partitions, Violations =	24
Routed	240/1024 Partitions, Violations =	24
Routed	245/1024 Partitions, Violations =	28
Routed	250/1024 Partitions, Violations =	29
Routed	256/1024 Partitions, Violations =	23
Routed	260/1024 Partitions, Violations =	23
Routed	265/1024 Partitions, Violations =	31
Routed	270/1024 Partitions, Violations =	27
Routed	275/1024 Partitions, Violations =	32
Routed	280/1024 Partitions, Violations =	39
Routed	285/1024 Partitions, Violations =	40
Routed	290/1024 Partitions, Violations =	40
Routed	295/1024 Partitions, Violations =	43
Routed	300/1024 Partitions, Violations =	45
Routed	305/1024 Partitions, Violations =	47
Routed	310/1024 Partitions, Violations =	47
Routed	315/1024 Partitions, Violations =	48
Routed	320/1024 Partitions, Violations =	51
Routed	325/1024 Partitions, Violations =	49
Routed	330/1024 Partitions, Violations =	44
Routed	335/1024 Partitions, Violations =	44
Routed	340/1024 Partitions, Violations =	46
Routed	345/1024 Partitions, Violations =	46
Routed	350/1024 Partitions, Violations =	46
Routed	355/1024 Partitions, Violations =	41
Routed	360/1024 Partitions, Violations =	41
Routed	365/1024 Partitions, Violations =	35
Routed	370/1024 Partitions, Violations =	37
Routed	375/1024 Partitions, Violations =	42
Routed	380/1024 Partitions, Violations =	42
Routed	385/1024 Partitions, Violations =	46
Routed	390/1024 Partitions, Violations =	52
Routed	395/1024 Partitions, Violations =	52
Routed	400/1024 Partitions, Violations =	60
Routed	405/1024 Partitions, Violations =	60
Routed	410/1024 Partitions, Violations =	75
Routed	415/1024 Partitions, Violations =	75
Routed	420/1024 Partitions, Violations =	69
Routed	425/1024 Partitions, Violations =	66
Routed	430/1024 Partitions, Violations =	66
Routed	435/1024 Partitions, Violations =	66
Routed	440/1024 Partitions, Violations =	64
Routed	445/1024 Partitions, Violations =	69
Routed	450/1024 Partitions, Violations =	64
Routed	455/1024 Partitions, Violations =	66
Routed	460/1024 Partitions, Violations =	60
Routed	465/1024 Partitions, Violations =	62
Routed	470/1024 Partitions, Violations =	59
Routed	475/1024 Partitions, Violations =	59
Routed	480/1024 Partitions, Violations =	57
Routed	486/1024 Partitions, Violations =	57
Routed	490/1024 Partitions, Violations =	69
Routed	495/1024 Partitions, Violations =	67
Routed	500/1024 Partitions, Violations =	67
Routed	505/1024 Partitions, Violations =	67
Routed	510/1024 Partitions, Violations =	67
Routed	515/1024 Partitions, Violations =	59
Routed	521/1024 Partitions, Violations =	59
Routed	525/1024 Partitions, Violations =	59
Routed	530/1024 Partitions, Violations =	55
Routed	535/1024 Partitions, Violations =	55
Routed	540/1024 Partitions, Violations =	64
Routed	545/1024 Partitions, Violations =	71
Routed	550/1024 Partitions, Violations =	71
Routed	555/1024 Partitions, Violations =	67
Routed	560/1024 Partitions, Violations =	71
Routed	565/1024 Partitions, Violations =	77
Routed	570/1024 Partitions, Violations =	85
Routed	575/1024 Partitions, Violations =	80
Routed	580/1024 Partitions, Violations =	82
Routed	585/1024 Partitions, Violations =	53
Routed	590/1024 Partitions, Violations =	60
Routed	595/1024 Partitions, Violations =	60
Routed	600/1024 Partitions, Violations =	58
Routed	605/1024 Partitions, Violations =	58
Routed	610/1024 Partitions, Violations =	52
Routed	615/1024 Partitions, Violations =	55
Routed	620/1024 Partitions, Violations =	49
Routed	625/1024 Partitions, Violations =	48
Routed	630/1024 Partitions, Violations =	48
Routed	635/1024 Partitions, Violations =	47
Routed	640/1024 Partitions, Violations =	47
Routed	645/1024 Partitions, Violations =	48
Routed	650/1024 Partitions, Violations =	48
Routed	655/1024 Partitions, Violations =	49
Routed	660/1024 Partitions, Violations =	64
Routed	665/1024 Partitions, Violations =	64
Routed	670/1024 Partitions, Violations =	63
Routed	675/1024 Partitions, Violations =	66
Routed	680/1024 Partitions, Violations =	66
Routed	685/1024 Partitions, Violations =	66
Routed	690/1024 Partitions, Violations =	67
Routed	695/1024 Partitions, Violations =	68
Routed	700/1024 Partitions, Violations =	70
Routed	705/1024 Partitions, Violations =	72
Routed	710/1024 Partitions, Violations =	97
Routed	715/1024 Partitions, Violations =	100
Routed	721/1024 Partitions, Violations =	98
Routed	725/1024 Partitions, Violations =	100
Routed	730/1024 Partitions, Violations =	97
Routed	735/1024 Partitions, Violations =	99
Routed	740/1024 Partitions, Violations =	117
Routed	745/1024 Partitions, Violations =	112
Routed	750/1024 Partitions, Violations =	112
Routed	755/1024 Partitions, Violations =	105
Routed	760/1024 Partitions, Violations =	102
Routed	765/1024 Partitions, Violations =	103
Routed	770/1024 Partitions, Violations =	109
Routed	775/1024 Partitions, Violations =	110
Routed	780/1024 Partitions, Violations =	111
Routed	785/1024 Partitions, Violations =	111
Routed	790/1024 Partitions, Violations =	111
Routed	795/1024 Partitions, Violations =	117
Routed	800/1024 Partitions, Violations =	117
Routed	805/1024 Partitions, Violations =	114
Routed	810/1024 Partitions, Violations =	114
Routed	815/1024 Partitions, Violations =	116
Routed	820/1024 Partitions, Violations =	116
Routed	825/1024 Partitions, Violations =	124
Routed	830/1024 Partitions, Violations =	104
Routed	835/1024 Partitions, Violations =	104
Routed	840/1024 Partitions, Violations =	96
Routed	845/1024 Partitions, Violations =	104
Routed	850/1024 Partitions, Violations =	104
Routed	855/1024 Partitions, Violations =	103
Routed	860/1024 Partitions, Violations =	102
Routed	865/1024 Partitions, Violations =	103
Routed	870/1024 Partitions, Violations =	94
Routed	875/1024 Partitions, Violations =	93
Routed	880/1024 Partitions, Violations =	109
Routed	885/1024 Partitions, Violations =	109
Routed	890/1024 Partitions, Violations =	109
Routed	895/1024 Partitions, Violations =	109
Routed	900/1024 Partitions, Violations =	111
Routed	905/1024 Partitions, Violations =	111
Routed	910/1024 Partitions, Violations =	111
Routed	915/1024 Partitions, Violations =	115
Routed	920/1024 Partitions, Violations =	110
Routed	925/1024 Partitions, Violations =	116
Routed	930/1024 Partitions, Violations =	112
Routed	935/1024 Partitions, Violations =	111
Routed	940/1024 Partitions, Violations =	114
Routed	945/1024 Partitions, Violations =	113
Routed	950/1024 Partitions, Violations =	115
Routed	955/1024 Partitions, Violations =	115
Routed	960/1024 Partitions, Violations =	115
Routed	965/1024 Partitions, Violations =	112
Routed	970/1024 Partitions, Violations =	111
Routed	975/1024 Partitions, Violations =	111
Routed	980/1024 Partitions, Violations =	123
Routed	985/1024 Partitions, Violations =	123
Routed	990/1024 Partitions, Violations =	106
Routed	995/1024 Partitions, Violations =	103
Routed	1000/1024 Partitions, Violations =	103
Routed	1005/1024 Partitions, Violations =	103
Routed	1010/1024 Partitions, Violations =	106
Routed	1015/1024 Partitions, Violations =	100
Routed	1020/1024 Partitions, Violations =	100

DRC-SUMMARY:
	@@@@@@@ TOTAL VIOLATIONS =	100
	Diff net spacing : 6
	Diff net var rule spacing : 30
	Less than minimum area : 18
	Less than NDR width : 12
	Same net spacing : 12
	Short : 16
	Internal-only types : 6

[Iter 0] Elapsed real time: 0:00:02 
[Iter 0] Elapsed cpu  time: sys=0:00:00 usr=0:00:23 total=0:00:23
[Iter 0] Stage (MB): Used   16  Alloctr   16  Proc    0 
[Iter 0] Total (MB): Used  125  Alloctr  129  Proc 2812 

End DR iteration 0 with 1024 parts

Start DR iteration 1: non-uniform partition
Routed	1/32 Partitions, Violations =	81
Routed	2/32 Partitions, Violations =	81
Routed	3/32 Partitions, Violations =	81
Routed	4/32 Partitions, Violations =	62
Routed	5/32 Partitions, Violations =	37
Routed	13/32 Partitions, Violations =	37
Routed	14/32 Partitions, Violations =	34
Routed	15/32 Partitions, Violations =	34
Routed	16/32 Partitions, Violations =	23
Routed	19/32 Partitions, Violations =	23
Routed	19/32 Partitions, Violations =	18
Routed	21/32 Partitions, Violations =	18
Routed	21/32 Partitions, Violations =	18
Routed	21/32 Partitions, Violations =	12
Routed	24/32 Partitions, Violations =	12
Routed	24/32 Partitions, Violations =	12
Routed	24/32 Partitions, Violations =	12
Routed	24/32 Partitions, Violations =	7
Routed	26/32 Partitions, Violations =	5
Routed	28/32 Partitions, Violations =	5
Routed	28/32 Partitions, Violations =	5
Routed	29/32 Partitions, Violations =	1
Routed	32/32 Partitions, Violations =	1
Routed	32/32 Partitions, Violations =	1
Routed	32/32 Partitions, Violations =	1
Routed	32/32 Partitions, Violations =	1
Routed	32/32 Partitions, Violations =	1
Routed	32/32 Partitions, Violations =	1
Routed	32/32 Partitions, Violations =	1
Routed	32/32 Partitions, Violations =	1
Routed	32/32 Partitions, Violations =	1
Routed	32/32 Partitions, Violations =	1

DRC-SUMMARY:
	@@@@@@@ TOTAL VIOLATIONS =	1
	Internal-only types : 1

[Iter 1] Elapsed real time: 0:00:02 
[Iter 1] Elapsed cpu  time: sys=0:00:00 usr=0:00:25 total=0:00:25
[Iter 1] Stage (MB): Used   16  Alloctr   16  Proc    0 
[Iter 1] Total (MB): Used  125  Alloctr  129  Proc 2812 

End DR iteration 1 with 32 parts

Start DR iteration 2: non-uniform partition
Routed	1/1 Partitions, Violations =	0

DRC-SUMMARY:
	@@@@@@@ TOTAL VIOLATIONS =	0

[Iter 2] Elapsed real time: 0:00:02 
[Iter 2] Elapsed cpu  time: sys=0:00:00 usr=0:00:26 total=0:00:26
[Iter 2] Stage (MB): Used   16  Alloctr   16  Proc    0 
[Iter 2] Total (MB): Used  125  Alloctr  129  Proc 2812 

End DR iteration 2 with 1 parts

Finish DR since reached 0 DRC

Information: Detail Routing terminated early because DRCs were not converging: false (ZRT-312)
[DR] Elapsed real time: 0:00:02 
[DR] Elapsed cpu  time: sys=0:00:00 usr=0:00:26 total=0:00:26
[DR] Stage (MB): Used    1  Alloctr    1  Proc    0 
[DR] Total (MB): Used  110  Alloctr  114  Proc 2812 
[DR: Done] Elapsed real time: 0:00:02 
[DR: Done] Elapsed cpu  time: sys=0:00:00 usr=0:00:26 total=0:00:26
[DR: Done] Stage (MB): Used    1  Alloctr    1  Proc    0 
[DR: Done] Total (MB): Used  110  Alloctr  114  Proc 2812 

DR finished with 0 open nets, of which 0 are frozen

DR finished with 0 violations

DRC-SUMMARY:
	@@@@@@@ TOTAL VIOLATIONS =	0



Total Wire Length =                    86596 micron
Total Number of Contacts =             25693
Total Number of Wires =                24461
Total Number of PtConns =              6053
Total Number of Routed Wires =       24461
Total Routed Wire Length =           85859 micron
Total Number of Routed Contacts =       25693
	Layer             M1 :        585 micron
	Layer             M2 :      32094 micron
	Layer             M3 :      34115 micron
	Layer             M4 :       3794 micron
	Layer             M5 :       7459 micron
	Layer             M6 :       8383 micron
	Layer             M7 :        165 micron
	Layer             M8 :          0 micron
	Layer             M9 :          0 micron
	Layer           MRDL :          0 micron
	Via        VIA67SQ_C :          8
	Via        VIA56SQ_C :        711
	Via        VIA45SQ_C :        873
	Via   VIA45SQ_C(rot) :          2
	Via        VIA34SQ_C :       1828
	Via   VIA34SQ_C(rot) :          3
	Via        VIA23SQ_C :          9
	Via   VIA23SQ_C(rot) :      12630
	Via        VIA12SQ_C :       9519
	Via   VIA12SQ_C(rot) :        110

 
Redundant via conversion report:
--------------------------------

  Total optimized via conversion rate =  0.00% (0 / 25693 vias)
 
    Layer VIA1       =  0.00% (0      / 9629    vias)
        Un-optimized =  0.00% (0       vias)
        Un-mapped    = 100.00% (9629    vias)
    Layer VIA2       =  0.00% (0      / 12639   vias)
        Un-optimized =  0.00% (0       vias)
        Un-mapped    = 100.00% (12639   vias)
    Layer VIA3       =  0.00% (0      / 1831    vias)
        Un-optimized =  0.00% (0       vias)
        Un-mapped    = 100.00% (1831    vias)
    Layer VIA4       =  0.00% (0      / 875     vias)
        Un-optimized =  0.00% (0       vias)
        Un-mapped    = 100.00% (875     vias)
    Layer VIA5       =  0.00% (0      / 711     vias)
        Un-optimized =  0.00% (0       vias)
        Un-mapped    = 100.00% (711     vias)
    Layer VIA6       =  0.00% (0      / 8       vias)
        Un-optimized =  0.00% (0       vias)
        Un-mapped    = 100.00% (8       vias)
 
  Total double via conversion rate    =  0.00% (0 / 25693 vias)
 
    Layer VIA1       =  0.00% (0      / 9629    vias)
    Layer VIA2       =  0.00% (0      / 12639   vias)
    Layer VIA3       =  0.00% (0      / 1831    vias)
    Layer VIA4       =  0.00% (0      / 875     vias)
    Layer VIA5       =  0.00% (0      / 711     vias)
    Layer VIA6       =  0.00% (0      / 8       vias)
 
  The optimized via conversion rate based on total routed via count =  0.00% (0 / 25693 vias)
 
    Layer VIA1       =  0.00% (0      / 9629    vias)
        Un-optimized =  0.00% (0       vias)
        Un-mapped    = 100.00% (9629    vias)
    Layer VIA2       =  0.00% (0      / 12639   vias)
        Un-optimized =  0.00% (0       vias)
        Un-mapped    = 100.00% (12639   vias)
    Layer VIA3       =  0.00% (0      / 1831    vias)
        Un-optimized =  0.00% (0       vias)
        Un-mapped    = 100.00% (1831    vias)
    Layer VIA4       =  0.00% (0      / 875     vias)
        Un-optimized =  0.00% (0       vias)
        Un-mapped    = 100.00% (875     vias)
    Layer VIA5       =  0.00% (0      / 711     vias)
        Un-optimized =  0.00% (0       vias)
        Un-mapped    = 100.00% (711     vias)
    Layer VIA6       =  0.00% (0      / 8       vias)
        Un-optimized =  0.00% (0       vias)
        Un-mapped    = 100.00% (8       vias)
 

Total number of nets = 30672
0 open nets, of which 0 are frozen
Total number of excluded ports = 0 ports of 0 unplaced cells connected to 0 nets
                                 0 ports without pins of 0 cells connected to 0 nets
                                 0 ports of 0 cover cells connected to 0 non-pg nets
Total number of DRCs = 0
Total number of antenna violations = antenna checking not active
Information: Routes in non-preferred voltage areas = 0 (ZRT-559)

Topology ECO not run, no qualifying violations or in frozen nets.
Updating the database ...
Design 'zigbee_F_cts' has missing meta data file '__private_meta_data_:DRC_report_by_check_pg_drc', for attached data file 'DRC_report_by_check_pg_drc'
Design 'zigbee_F_cts' has missing meta data file '__private_meta_data_:zigbee_F_floorplan_dppinassgn.err', for attached data file 'zigbee_F_floorplan_dppinassgn.err'
Design 'zigbee_F_cts' has missing meta data file '__private_meta_data_:zigbee_F_placement_floatingPG.err', for attached data file 'zigbee_F_placement_floatingPG.err'
Design 'zigbee_F_cts' has missing meta data file '__private_meta_data_:zigbee_F_placement_missingVia.err', for attached data file 'zigbee_F_placement_missingVia.err'
Design 'zigbee_F_cts' has missing meta data file '__private_meta_data_:zigbee_F_powerplan_floatingPG.err', for attached data file 'zigbee_F_powerplan_floatingPG.err'
Design 'zigbee_F_cts' has missing meta data file '__private_meta_data_:zigbee_F_powerplan_missingVia.err', for attached data file 'zigbee_F_powerplan_missingVia.err'
set_app_options -as_user_default -list {route.global.global_route_topology_style 0}
route.global.global_route_topology_style 0
Information: The stitching and editing of coupling caps is turned OFF for design 'zigbee_F.dlib:zigbee_F_cts.design'. (TIM-125)
Begin building search trees for block zigbee_F.dlib:zigbee_F_cts.design
Done building search trees for block zigbee_F.dlib:zigbee_F_cts.design (time 0s)
Information: Design zigbee_F_cts has 30672 nets, 0 global routed, 1686 detail routed. (NEX-024)
Information: The stitching and editing of coupling caps is turned OFF for design 'zigbee_F.dlib:zigbee_F_cts.design'. (TIM-125)
Information: The RC mode used is CTO for design 'zigbee'. (NEX-022)
Information: Update timing completed net estimation for all the timing graph nets (TIM-111)
Information: Net estimation statistics: timing graph nets = 30670, routed nets = 1686, across physical hierarchy nets = 0, parasitics cached nets = 1686, delay annotated nets = 0, parasitics annotated nets = 0, multi-voltage nets = 0. (TIM-112)

Mode:default          Latency(early)   Latency(late)
Clock        Updated   rise    fall    rise    fall   Corner
------------------------------------------------------------
clk          Yes     0.1886  0.1886  0.2072  0.2072   default


Information: The net parasitics of block zigbee are cleared. (TIM-123)
Information: Running auto PG connection. (NDM-099)
1
#Optimise Clock Network
clock_opt -from final_opto -to final_opto
Use advanced legalizer engine : 0
Warning: the app option 'time.si_enable_analysis' should not be set to be true in pre-route stage, enforce it to be false temporarily. (OPT-215)
Information: The stitching and editing of coupling caps is turned OFF for design 'zigbee_F.dlib:zigbee_F_cts.design'. (TIM-125)
Information: Design zigbee_F_cts has 30672 nets, 0 global routed, 1686 detail routed. (NEX-024)
Number of Site types in the design = 1
Setting up Chip Core
Chip Core shape: (100000 100000) (5222400 5216320)
Number of unique PDs = 1
Number of Power Domains = 1
Number of Voltage Areas = 1
Number of supply Nets = 2
Number of used supplies = 2

Information: The stitching and editing of coupling caps is turned OFF for design 'zigbee_F.dlib:zigbee_F_cts.design'. (TIM-125)
Information: Design zigbee_F_cts has 30672 nets, 0 global routed, 1686 detail routed. (NEX-024)
Information: The RC mode used is CTO for design 'zigbee'. (NEX-022)
Information: Design Average RC for design zigbee_F_cts  (NEX-011)
Information: r = 1.152344 ohm/um, via_r = 0.500000 ohm/cut, c = 0.085664 ff/um, cc = 0.000000 ff/um (X dir) (NEX-017)
Information: r = 1.399614 ohm/um, via_r = 0.500000 ohm/cut, c = 0.082202 ff/um, cc = 0.000000 ff/um (Y dir) (NEX-017)
Information: Update timing completed net estimation for all the timing graph nets (TIM-111)
Information: Net estimation statistics: timing graph nets = 30670, routed nets = 1686, across physical hierarchy nets = 0, parasitics cached nets = 30670, delay annotated nets = 0, parasitics annotated nets = 0, multi-voltage nets = 0. (TIM-112)
npo-clock-opt command begin                   CPU:   954 s (  0.27 hr )  ELAPSE:  1089 s (  0.30 hr )  MEM-PEAK:  1441 MB
Information: Removed 0 routing shapes from 30176 signal nets

npo-clock-opt timing update complete          CPU:   954 s (  0.27 hr )  ELAPSE:  1089 s (  0.30 hr )  MEM-PEAK:  1441 MB
INFO: Propagating Switching Activities
INFO: Switching Activity propagation took     0.00026 sec

npo-clock-opt initial QoR
_________________________
Scenario Mapping Table
1: default

Pathgroup Mapping Table
1: **default**
2: **async_default**
3: **clock_gating_default**
4: **in2reg_default**
5: **reg2out_default**
6: **in2out_default**
7: clk

-----------------------------------------------------------------------------------------------------------
Scene  PG      WNS        TNS    NSV      WHV        THV    NHV
    1   1   0.0000     0.0000      0   0.0000     0.0000      0
    1   2   0.0000     0.0000      0   0.0000     0.0000      0
    1   3   0.0000     0.0000      0   0.0000     0.0000      0
    1   4   0.0000     0.0000      0   0.0000     0.0000      0
    1   5   0.0000     0.0000      0   0.0000     0.0000      0
    1   6   0.0000     0.0000      0   0.0000     0.0000      0
    1   7   0.0000     0.0000      0   0.5722  3013.2942   6296
--------------------------------------------------------------------------------------------------------------------
Scene  PG      WNS        TNS    NSV      WHV        THV    NHV  MaxTrnV   MaxTranC  MaxCapV    Leakage
    1   *   0.0000     0.0000      0   0.5722  3013.2915   6296        -          -        -          -
--------------------------------------------------------------------------------------------------------------------
Scene  PG      WNS        TNS    NSV      WHV        THV    NHV  MaxTrnV   MaxTranC  MaxCapV    Leakage         Area    InstCnt     BufCnt     InvCnt
    *   *   0.0000     0.0000      0   0.5722  3013.2915   6296        -          -        -          -     90175.88      30456        616      10388
--------------------------------------------------------------------------------------------------------------------

npo-clock-opt initial QoR Summary       WNS        TNS    NSV      WHV        THV    NHV  MaxTrnV  MaxCapV    Leakage         Area    InstCnt
npo-clock-opt initial QoR Summary    0.0000     0.0000      0   0.5722  3013.2915   6296        -        -          -     90175.88      30456
Information: The netlist and extraction change observers are disabled for further incremental timing updates during on-route optimization. (TIM-119)
INFO: using 12 threads
INFO: Cluster Analysis Failed to get worst leakage scenario
npo-clock-opt initialization complete         CPU:   955 s (  0.27 hr )  ELAPSE:  1089 s (  0.30 hr )  MEM-PEAK:  1441 MB
Use advanced legalizer engine : 0
npo-clock-opt optimization summary            SETUP-COST HOLD-COST LDRC-COST        AREA       POWER     ELAPSE (hr)
Number of Site types in the design = 1
Setting up Chip Core
Chip Core shape: (100000 100000) (5222400 5216320)
Number of unique PDs = 1
Number of Power Domains = 1
Number of Voltage Areas = 1
Number of supply Nets = 2
Number of used supplies = 2
Information: The netlist and extraction change observers are enabled for further incremental timing updates. (TIM-120)
Use advanced legalizer engine : 0

Running post-clock optimization step.
Turning on CRPR.

Use advanced legalizer engine : 0
npo-clock-opt optimization Phase 2 Iter  1          0.00      0.00         0       0.090           -           0.303
ORB: timingScenario default timingCorner default
INFO: No leakage and power scenarios. Using regular scenarios instead.
INFO: No active leakage scenarios. Leakage will be turned off
ORB: Nominal = 0.014644  Design MT = 3.636620  Target = 0.070124 (4.789 nominal)  MaxRC = 0.047402
ORB: timingScenario default timingCorner default
INFO: No leakage and power scenarios. Using regular scenarios instead.
INFO: No active leakage scenarios. Leakage will be turned off
ORB: Nominal = 0.014644  Design MT = 3.636620  Target = 0.070124 (4.789 nominal)  MaxRC = 0.047402
npo-clock-opt optimization Phase 2 Iter  2          0.00      0.00         0       0.090           -           0.303

npo-clock-opt optimization Phase 3 Iter  1          0.00      0.00         0       0.090           -           0.303
Running post-clock timing-driven placement.
Information: Current block utilization is '0.34380', effective utilization is '0.34408'. (OPT-055)
----------------------------------------------------------------
Running congestion-aware direct-timing-driven placement
Information: Current block utilization is '0.34380', effective utilization is '0.34408'. (OPT-055)
chip utilization before DTDP: 0.34
Start Timing-driven placement

Placement Options:
Effort:                        medium_effort       
Timing Driven:                 true                
Buffering Aware Timing Driven: false               
Seed locs:                     true                
Incremental:                   false               
Congestion:                    true                
Congestion Effort:             medium              

Printing options for 'place.coarse.*' (non-default only)
place.coarse.auto_density_control                       :	 true                
place.coarse.auto_timing_control                        :	 true                
place.coarse.continue_on_missing_scandef                :	 true                
place.coarse.detect_detours                             :	 true                
place.coarse.legalizer_driven_placement                 :	 true                
place.coarse.max_density                                :	 0.4                 

ORB: timingScenario default timingCorner default
INFO: No leakage and power scenarios. Using regular scenarios instead.
INFO: No active leakage scenarios. Leakage will be turned off
ORB: Nominal = 0.014644  Design MT = 3.636620  Target = 0.070124 (4.789 nominal)  MaxRC = 0.047402
Start transferring placement data.
Completed transferring placement data.
Use advanced legalizer engine : 0
Start Global Route ... 
[Init] Elapsed real time: 0:00:00 
[Init] Elapsed cpu  time: sys=0:00:00 usr=0:00:00 total=0:00:00
[Init] Stage (MB): Used    0  Alloctr    0  Proc    0 
[Init] Total (MB): Used    5  Alloctr    5  Proc 2876 
Printing options for 'route.common.*'

Printing options for 'route.global.*'
global.deterministic                                    :	 off                 
global.placement_timing_driven_mode                     :	 false               
global.timing_driven                                    :	 false               

Begin global routing.
Warning: Cell contains tie connections which are not connected to real PG. (ZRT-511)
Turn off antenna since no rule is specified
Cell Min-Routing-Layer = M3
Cell Max-Routing-Layer = M7
Warning: Cannot find a default contact code for layer CO. (ZRT-022)
rule clk_network_NDR_leaf equivalent to default rule
Warning: Ignore 2 top cell ports with no pins. (ZRT-027)
Info: number of net_type_blockage: 0 
Current Stage stats:
[End of Read DB] Elapsed real time: 0:00:00 
[End of Read DB] Elapsed cpu  time: sys=0:00:00 usr=0:00:03 total=0:00:03
[End of Read DB] Stage (MB): Used  104  Alloctr  108  Proc   32 
[End of Read DB] Total (MB): Used  109  Alloctr  114  Proc 2908 
Loading parastics information to the router ...
parastics information loaded to the router.
Constructing data structure ...
Design statistics:
Design Bounding Box (0.00,0.00,532.24,531.63)
Number of routing layers = 10
layer M1, dir Hor, min width = 0.05, min space = 0.05 pitch = 0.15
layer M2, dir Ver, min width = 0.06, min space = 0.06 pitch = 0.15
layer M3, dir Hor, min width = 0.06, min space = 0.06 pitch = 0.30
layer M4, dir Ver, min width = 0.06, min space = 0.06 pitch = 0.30
layer M5, dir Hor, min width = 0.06, min space = 0.06 pitch = 0.61
layer M6, dir Ver, min width = 0.06, min space = 0.06 pitch = 0.61
layer M7, dir Hor, min width = 0.06, min space = 0.06 pitch = 1.22
layer M8, dir Ver, min width = 0.06, min space = 0.06 pitch = 1.22
layer M9, dir Hor, min width = 0.16, min space = 0.16 pitch = 2.43
layer MRDL, dir Ver, min width = 2.00, min space = 2.00 pitch = 4.86
Current Stage stats:
[End of Build Tech Data] Elapsed real time: 0:00:00 
[End of Build Tech Data] Elapsed cpu  time: sys=0:00:00 usr=0:00:00 total=0:00:00
[End of Build Tech Data] Stage (MB): Used    3  Alloctr    3  Proc    0 
[End of Build Tech Data] Total (MB): Used  113  Alloctr  117  Proc 2908 
Net statistics:
Total number of nets     = 30672
Number of nets to route  = 28984
Number of nets with min-layer-mode soft = 1235
Number of nets with min-layer-mode soft-cost-medium = 1235
Number of nets with max-layer-mode hard = 1682
1688 nets are fully connected,
 of which 1688 are detail routed and 0 are global routed.
313 nets have non-default rule clk_network_NDR_internal
138 nets have non-default rule clk_network_NDR_internal_ext_spacing
3 nets have non-default rule clk_network_NDR_root
1 nets have non-default rule clk_network_NDR_root_ext_spacing
608 nets have non-default rule default_rule_equivalent_ndr_double_spacing
Current Stage stats:
[End of Build All Nets] Elapsed real time: 0:00:00 
[End of Build All Nets] Elapsed cpu  time: sys=0:00:00 usr=0:00:00 total=0:00:00
[End of Build All Nets] Stage (MB): Used    9  Alloctr    9  Proc    0 
[End of Build All Nets] Total (MB): Used  122  Alloctr  127  Proc 2908 
Average gCell capacity  6.06	 on layer (1)	 M1
Average gCell capacity  9.76	 on layer (2)	 M2
Average gCell capacity  5.23	 on layer (3)	 M3
Average gCell capacity  4.98	 on layer (4)	 M4
Average gCell capacity  2.64	 on layer (5)	 M5
Average gCell capacity  2.51	 on layer (6)	 M6
Average gCell capacity  1.34	 on layer (7)	 M7
Average gCell capacity  0.75	 on layer (8)	 M8
Average gCell capacity  0.00	 on layer (9)	 M9
Average gCell capacity  0.00	 on layer (10)	 MRDL
Average number of tracks per gCell 11.00	 on layer (1)	 M1
Average number of tracks per gCell 11.01	 on layer (2)	 M2
Average number of tracks per gCell 5.50	 on layer (3)	 M3
Average number of tracks per gCell 5.51	 on layer (4)	 M4
Average number of tracks per gCell 2.75	 on layer (5)	 M5
Average number of tracks per gCell 2.76	 on layer (6)	 M6
Average number of tracks per gCell 1.38	 on layer (7)	 M7
Average number of tracks per gCell 1.38	 on layer (8)	 M8
Average number of tracks per gCell 0.69	 on layer (9)	 M9
Average number of tracks per gCell 0.35	 on layer (10)	 MRDL
Number of gCells = 1011240
Current Stage stats:
[End of Build Congestion map] Elapsed real time: 0:00:00 
[End of Build Congestion map] Elapsed cpu  time: sys=0:00:00 usr=0:00:00 total=0:00:00
[End of Build Congestion map] Stage (MB): Used   14  Alloctr   14  Proc    0 
[End of Build Congestion map] Total (MB): Used  137  Alloctr  142  Proc 2908 
Information: RC layer preference is turned on for this design. (ZRT-613)
Total stats:
[End of Build Data] Elapsed real time: 0:00:00 
[End of Build Data] Elapsed cpu  time: sys=0:00:00 usr=0:00:01 total=0:00:01
[End of Build Data] Stage (MB): Used   27  Alloctr   27  Proc    0 
[End of Build Data] Total (MB): Used  137  Alloctr  142  Proc 2908 
Current Stage stats:
[End of Blocked Pin Detection] Elapsed real time: 0:00:00 
[End of Blocked Pin Detection] Elapsed cpu  time: sys=0:00:00 usr=0:00:00 total=0:00:00
[End of Blocked Pin Detection] Stage (MB): Used    0  Alloctr    0  Proc    0 
[End of Blocked Pin Detection] Total (MB): Used  137  Alloctr  142  Proc 2908 
Information: Using 12 threads for routing. (ZRT-444)
placement fast mode ON
multi gcell levels ON

Start GR phase 0
10% of nets complete Elapsed cpu time: 0:00:00 Elapsed real time: 0:00:00
20% of nets complete Elapsed cpu time: 0:00:00 Elapsed real time: 0:00:00
30% of nets complete Elapsed cpu time: 0:00:00 Elapsed real time: 0:00:00
40% of nets complete Elapsed cpu time: 0:00:00 Elapsed real time: 0:00:00
50% of nets complete Elapsed cpu time: 0:00:00 Elapsed real time: 0:00:00
60% of nets complete Elapsed cpu time: 0:00:00 Elapsed real time: 0:00:00
70% of nets complete Elapsed cpu time: 0:00:00 Elapsed real time: 0:00:00
80% of nets complete Elapsed cpu time: 0:00:00 Elapsed real time: 0:00:00
90% of nets complete Elapsed cpu time: 0:00:00 Elapsed real time: 0:00:00
Current Stage stats:
[End of Initial Routing] Elapsed real time: 0:00:01 
[End of Initial Routing] Elapsed cpu  time: sys=0:00:00 usr=0:00:01 total=0:00:01
[End of Initial Routing] Stage (MB): Used   13  Alloctr   13  Proc    0 
[End of Initial Routing] Total (MB): Used  150  Alloctr  155  Proc 2908 
Initial. Routing result:
Initial. Both Dirs: Overflow =  6372 Max = 6 GRCs = 10457 (5.17%)
Initial. H routing: Overflow =  5331 Max = 6 (GRCs =  1) GRCs =  7795 (7.71%)
Initial. V routing: Overflow =  1041 Max = 4 (GRCs =  2) GRCs =  2662 (2.63%)
Initial. M1         Overflow =     0 Max = 0 (GRCs =  0) GRCs =     0 (0.00%)
Initial. M2         Overflow =   394 Max = 4 (GRCs =  2) GRCs =   407 (0.40%)
Initial. M3         Overflow =  5314 Max = 6 (GRCs =  1) GRCs =  7778 (7.69%)
Initial. M4         Overflow =   642 Max = 3 (GRCs =  4) GRCs =  2251 (2.23%)
Initial. M5         Overflow =    17 Max = 1 (GRCs = 17) GRCs =    17 (0.02%)
Initial. M6         Overflow =     4 Max = 1 (GRCs =  4) GRCs =     4 (0.00%)
Initial. M7         Overflow =     0 Max = 0 (GRCs =  0) GRCs =     0 (0.00%)
Initial. M8         Overflow =     0 Max = 0 (GRCs =  0) GRCs =     0 (0.00%)
Initial. M9         Overflow =     0 Max = 0 (GRCs =  0) GRCs =     0 (0.00%)
Initial. MRDL       Overflow =     0 Max = 0 (GRCs =  0) GRCs =     0 (0.00%)

Initial. Total Wire Length = 524426.93
Initial. Layer M1 wire length = 0.00
Initial. Layer M2 wire length = 26.53
Initial. Layer M3 wire length = 215505.83
Initial. Layer M4 wire length = 234009.62
Initial. Layer M5 wire length = 44564.52
Initial. Layer M6 wire length = 30292.02
Initial. Layer M7 wire length = 28.42
Initial. Layer M8 wire length = 0.00
Initial. Layer M9 wire length = 0.00
Initial. Layer MRDL wire length = 0.00
Initial. Total Number of Contacts = 267901
Initial. Via VIA12SQ_C count = 89132
Initial. Via VIA23SQ_C count = 89166
Initial. Via VIA34SQ_C count = 82380
Initial. Via VIA45SQ_C count = 5634
Initial. Via VIA56SQ_C count = 1585
Initial. Via VIA67SQ_C count = 4
Initial. Via VIA78SQ_C count = 0
Initial. Via VIA89_C count = 0
Initial. Via VIA9RDL count = 0
Initial. completed.

Start GR phase 1
10% of nets complete Elapsed cpu time: 0:00:00 Elapsed real time: 0:00:00
20% of nets complete Elapsed cpu time: 0:00:00 Elapsed real time: 0:00:00
30% of nets complete Elapsed cpu time: 0:00:00 Elapsed real time: 0:00:00
40% of nets complete Elapsed cpu time: 0:00:00 Elapsed real time: 0:00:00
50% of nets complete Elapsed cpu time: 0:00:01 Elapsed real time: 0:00:01
60% of nets complete Elapsed cpu time: 0:00:01 Elapsed real time: 0:00:01
70% of nets complete Elapsed cpu time: 0:00:01 Elapsed real time: 0:00:01
80% of nets complete Elapsed cpu time: 0:00:01 Elapsed real time: 0:00:01
90% of nets complete Elapsed cpu time: 0:00:01 Elapsed real time: 0:00:01
Current Stage stats:
[End of Phase1 Routing] Elapsed real time: 0:00:01 
[End of Phase1 Routing] Elapsed cpu  time: sys=0:00:00 usr=0:00:01 total=0:00:01
[End of Phase1 Routing] Stage (MB): Used    1  Alloctr    1  Proc    0 
[End of Phase1 Routing] Total (MB): Used  151  Alloctr  157  Proc 2908 
phase1. Routing result:
phase1. Both Dirs: Overflow =  2296 Max = 5 GRCs =  4928 (2.44%)
phase1. H routing: Overflow =  1860 Max = 5 (GRCs =  8) GRCs =  3976 (3.93%)
phase1. V routing: Overflow =   435 Max = 4 (GRCs =  4) GRCs =   952 (0.94%)
phase1. M1         Overflow =     0 Max = 0 (GRCs =  0) GRCs =     0 (0.00%)
phase1. M2         Overflow =   400 Max = 4 (GRCs =  4) GRCs =   410 (0.41%)
phase1. M3         Overflow =  1860 Max = 5 (GRCs =  8) GRCs =  3976 (3.93%)
phase1. M4         Overflow =    35 Max = 2 (GRCs =  6) GRCs =   542 (0.54%)
phase1. M5         Overflow =     0 Max = 0 (GRCs =  0) GRCs =     0 (0.00%)
phase1. M6         Overflow =     0 Max = 0 (GRCs =  0) GRCs =     0 (0.00%)
phase1. M7         Overflow =     0 Max = 0 (GRCs =  0) GRCs =     0 (0.00%)
phase1. M8         Overflow =     0 Max = 0 (GRCs =  0) GRCs =     0 (0.00%)
phase1. M9         Overflow =     0 Max = 0 (GRCs =  0) GRCs =     0 (0.00%)
phase1. MRDL       Overflow =     0 Max = 0 (GRCs =  0) GRCs =     0 (0.00%)

phase1. Total Wire Length = 531650.12
phase1. Layer M1 wire length = 5.84
phase1. Layer M2 wire length = 1562.54
phase1. Layer M3 wire length = 198330.61
phase1. Layer M4 wire length = 223850.05
phase1. Layer M5 wire length = 64859.20
phase1. Layer M6 wire length = 42271.39
phase1. Layer M7 wire length = 770.49
phase1. Layer M8 wire length = 0.00
phase1. Layer M9 wire length = 0.00
phase1. Layer MRDL wire length = 0.00
phase1. Total Number of Contacts = 275406
phase1. Via VIA12SQ_C count = 88897
phase1. Via VIA23SQ_C count = 88497
phase1. Via VIA34SQ_C count = 85411
phase1. Via VIA45SQ_C count = 9722
phase1. Via VIA56SQ_C count = 2785
phase1. Via VIA67SQ_C count = 94
phase1. Via VIA78SQ_C count = 0
phase1. Via VIA89_C count = 0
phase1. Via VIA9RDL count = 0
phase1. completed.

Start GR phase 2
10% of nets complete Elapsed cpu time: 0:00:01 Elapsed real time: 0:00:01
Current Stage stats:
[End of Phase2 Routing] Elapsed real time: 0:00:01 
[End of Phase2 Routing] Elapsed cpu  time: sys=0:00:00 usr=0:00:01 total=0:00:01
[End of Phase2 Routing] Stage (MB): Used    0  Alloctr    0  Proc    0 
[End of Phase2 Routing] Total (MB): Used  151  Alloctr  156  Proc 2908 
phase2. Routing result:
phase2. Both Dirs: Overflow =  1026 Max = 4 GRCs =   912 (0.45%)
phase2. H routing: Overflow =   911 Max = 4 (GRCs =  8) GRCs =   766 (0.76%)
phase2. V routing: Overflow =   115 Max = 2 (GRCs = 18) GRCs =   146 (0.14%)
phase2. M1         Overflow =     0 Max = 0 (GRCs =  0) GRCs =     0 (0.00%)
phase2. M2         Overflow =   113 Max = 2 (GRCs = 18) GRCs =   144 (0.14%)
phase2. M3         Overflow =   911 Max = 4 (GRCs =  8) GRCs =   766 (0.76%)
phase2. M4         Overflow =     2 Max = 1 (GRCs =  2) GRCs =     2 (0.00%)
phase2. M5         Overflow =     0 Max = 0 (GRCs =  0) GRCs =     0 (0.00%)
phase2. M6         Overflow =     0 Max = 0 (GRCs =  0) GRCs =     0 (0.00%)
phase2. M7         Overflow =     0 Max = 0 (GRCs =  0) GRCs =     0 (0.00%)
phase2. M8         Overflow =     0 Max = 0 (GRCs =  0) GRCs =     0 (0.00%)
phase2. M9         Overflow =     0 Max = 0 (GRCs =  0) GRCs =     0 (0.00%)
phase2. MRDL       Overflow =     0 Max = 0 (GRCs =  0) GRCs =     0 (0.00%)

phase2. Total Wire Length = 531752.56
phase2. Layer M1 wire length = 7.28
phase2. Layer M2 wire length = 1837.45
phase2. Layer M3 wire length = 198100.48
phase2. Layer M4 wire length = 224012.36
phase2. Layer M5 wire length = 64798.88
phase2. Layer M6 wire length = 42120.81
phase2. Layer M7 wire length = 875.32
phase2. Layer M8 wire length = 0.00
phase2. Layer M9 wire length = 0.00
phase2. Layer MRDL wire length = 0.00
phase2. Total Number of Contacts = 275552
phase2. Via VIA12SQ_C count = 88900
phase2. Via VIA23SQ_C count = 88471
phase2. Via VIA34SQ_C count = 85516
phase2. Via VIA45SQ_C count = 9846
phase2. Via VIA56SQ_C count = 2731
phase2. Via VIA67SQ_C count = 88
phase2. Via VIA78SQ_C count = 0
phase2. Via VIA89_C count = 0
phase2. Via VIA9RDL count = 0
phase2. completed.
[End of Whole Chip Routing] Elapsed real time: 0:00:04 
[End of Whole Chip Routing] Elapsed cpu  time: sys=0:00:00 usr=0:00:06 total=0:00:06
[End of Whole Chip Routing] Stage (MB): Used   41  Alloctr   42  Proc    0 
[End of Whole Chip Routing] Total (MB): Used  151  Alloctr  156  Proc 2908 

Information: Global Routing terminated early: false (ZRT-103)

Congestion utilization per direction:
Average vertical track utilization   = 16.16 %
Peak    vertical track utilization   = 128.57 %
Average horizontal track utilization = 16.50 %
Peak    horizontal track utilization = 133.33 %

Current Stage stats:
[GR: Done] Elapsed real time: 0:00:00 
[GR: Done] Elapsed cpu  time: sys=0:00:00 usr=0:00:00 total=0:00:00
[GR: Done] Stage (MB): Used  -12  Alloctr  -12  Proc    0 
[GR: Done] Total (MB): Used  139  Alloctr  145  Proc 2908 
GR Total stats:
[GR: Done] Elapsed real time: 0:00:05 
[GR: Done] Elapsed cpu  time: sys=0:00:00 usr=0:00:10 total=0:00:10
[GR: Done] Stage (MB): Used  134  Alloctr  139  Proc   32 
[GR: Done] Total (MB): Used  139  Alloctr  145  Proc 2908 
Writing out congestion map...
Updating congestion ...
Updating congestion ...
[DBOUT] Elapsed real time: 0:00:00 
[DBOUT] Elapsed cpu  time: sys=0:00:00 usr=0:00:00 total=0:00:00
[DBOUT] Stage (MB): Used -123  Alloctr -128  Proc    0 
[DBOUT] Total (MB): Used    4  Alloctr    5  Proc 2908 
Final total stats:
[End of Global Routing] Elapsed real time: 0:00:05 
[End of Global Routing] Elapsed cpu  time: sys=0:00:00 usr=0:00:10 total=0:00:10
[End of Global Routing] Stage (MB): Used    0  Alloctr    0  Proc   32 
[End of Global Routing] Total (MB): Used    4  Alloctr    5  Proc 2908 
----------------------------------------------------------------
running legalize_placement
Information: The net parasitics of block zigbee are cleared. (TIM-123)
nplDplc2Placer::setParam(effort,1)
nplDplc2Placer::setParam(debug,0)
nplDplc2Placer::setParam(site_check,2)
nplDplc2Placer::setParam(app_firm_wgt,0)
Warning: Routing direction of metal layer PO is neither "horizontal" nor "vertical".  PDC checks will not be performed on this layer. (PDC-003)
PDC app_options settings =========
	place.legalize.enable_prerouted_net_check: 1

Expand check halo by 0.1520 x 0.1520
Scanning PG objects...
PG hash cached 2 nets; 11 viaBoxes; 0 viaMatrices.
PG scanned 280 objects; 79325 vias; 0 staples.
PG scan complete.  Hash key = eb822d0a7a433e8c
Reading PG structure for 'zigbee_F.dlib:zigbee_F_cts.design'
Layer M1: read 0 secDefs  0 sectors
Layer M2: read 6 secDefs  31776 sectors
Layer M3: read 6 secDefs  31776 sectors
Layer M4: read 6 secDefs  31776 sectors
Layer M5: read 6 secDefs  31776 sectors
Layer M6: read 6 secDefs  31776 sectors
Layer M7: read 6 secDefs  31776 sectors
Layer M8: read 12 secDefs  21253 sectors
Layer M9: read 23 secDefs  4969 sectors
Layer MRDL: read 0 secDefs  0 sectors

Sector Array Stats:
Num Sectors: 216878
Num SecDefs:    71
Shared: 63 count; 3442.4 ave; 5390 max
SecDef Shapes: 51 Below-aligned, 0 Above-aligned, 12 Horizontal, 8 Vertical
Referenced Patterns: 4 count; 2.0 ave; 2 max

Place DRC cache options have changed.
Outdated cache file, starting new Place cache for 'zigbee_F.dlib:zigbee_F_cts.design'
Access DRC cache options have changed.
Outdated cache file, starting new Access cache for 'zigbee_F.dlib:zigbee_F_cts.design'
Connection checks for layer M2: blocked_pin pin_access_default track_drc pin_extend0
Connection checks for layer M3: blocked_pin pin_access_default track_drc pin_extend1
Connection checks for layer M4: blocked_pin pin_access_default track_drc pin_extend1
Connection checks for layer M5: blocked_pin pin_access_default track_drc pin_extend1

Legalizing Top Level Design zigbee ... 
Warning: Routing direction of metal layer PO is neither "horizontal" nor "vertical".  PDC checks will not be performed on this layer. (PDC-003)
=====> Processed 103 ref cells (19 fillers) from library

Initial legalization


Bounds/Regions In This Design:
        Area    Num Cells  Exclusive Name
 (square um)
      262078        30456        Yes DEFAULT_VA

Writing Waste to frontier_placer_waste.out

****************************************
  Report : Cell Displacements
****************************************

(no cells placed)


Finding violations for search and repair.
Design has no advanced rules
Checking legality
Checking cell legality:
0%....10%....20%....30%....40%....50%....60%....70%....80%....90%....100%
Sorting rows.
Checking spacing rule legality.
0%....10%....20%....30%....40%....50%....60%....70%....80%....90%....100%
Checking packing rule legality.


There are 0 movable cell violations.
Done.

Place Cache save: 22122 elements -- 0 drcFail 22122 drcOk
Place Cache save: 69 libcells referenced from 2 libs
Place Cache save: used 6 of 71 total secDefs
Access Cache save: 22642 elements -- 2527 drcFail 20115 drcOk
Access Cache save: 82 libcells referenced from 3 libs
Access Cache save: used 6 of 71 total secDefs
NPLDRC Place Cache: unique cache elements 22122
NPLDRC Place Cache: hit rate  78.6%  (22122 / 103569)
NPLDRC Access Cache: unique cache elements 22642
NPLDRC Access Cache: hit rate  78.3%  (22642 / 104264)
NPLDRC Pin Status Cache: no calls
NPLDRC Multi Cell Cache: no calls
NPLDRC ViaLadder Cache: no calls
Legalization succeeded.
Total Legalizer CPU: 16.347
----------------------------------------------------------------
Using per-layer congestion maps for congestion reduction.
Information: 13.58% of design has horizontal routing density above target_routing_density of 0.80.
Information: 4.36% of design has vertical routing density above target_routing_density of 0.80.
Running placement using 12 thread(s)
Information: Automatic density control has selected the following settings: max_density 0.40, congestion_driven_max_util 0.93. (PLACE-027)
coarse place 100% done.
Pre expansion grows the cell areas with an average factor 1.353 (damping factor 1.000).
Information: Reducing cell density for 47.1% of the movable cells to alleviate congestion. This changes the average cell density in non-congested areas from 0.37 to 0.45. (PLACE-030)
Information: Coarse placer weighted wire length estimate = 6.26086e+09
Information: The stitching and editing of coupling caps is turned OFF for design 'zigbee_F.dlib:zigbee_F_cts.design'. (TIM-125)
Information: Design zigbee_F_cts has 30672 nets, 0 global routed, 1686 detail routed. (NEX-024)
Information: The RC mode used is CTO for design 'zigbee'. (NEX-022)
Information: Design Average RC for design zigbee_F_cts  (NEX-011)
Information: r = 1.152344 ohm/um, via_r = 0.500000 ohm/cut, c = 0.085664 ff/um, cc = 0.000000 ff/um (X dir) (NEX-017)
Information: r = 1.399614 ohm/um, via_r = 0.500000 ohm/cut, c = 0.082202 ff/um, cc = 0.000000 ff/um (Y dir) (NEX-017)
Information: Update timing completed net estimation for all the timing graph nets (TIM-111)
Information: Net estimation statistics: timing graph nets = 30670, routed nets = 1686, across physical hierarchy nets = 0, parasitics cached nets = 30670, delay annotated nets = 0, parasitics annotated nets = 0, multi-voltage nets = 0. (TIM-112)
ORB: timingScenario default timingCorner default
INFO: No leakage and power scenarios. Using regular scenarios instead.
INFO: No active leakage scenarios. Leakage will be turned off
ORB: Nominal = 0.014644  Design MT = 3.636620  Target = 0.070124 (4.789 nominal)  MaxRC = 0.047402
eLpp: using low effort
Warning: turning eLpp off because no active dynamic power scenarios were found
Start transferring placement data.
Information: Automatic timing control is enabled.
DTDP placement: scenario=default
Completed transferring placement data.
Running placement using 12 thread(s)
Information: Automatic density control has selected the following settings: max_density 0.40, congestion_driven_max_util 0.93. (PLACE-027)
coarse place 50% done.
coarse place 60% done.
coarse place 70% done.
coarse place 80% done.
coarse place 90% done.
coarse place 100% done.
Information: Coarse placer weighted wire length estimate = 6.42272e+09
Completed Timing-driven placement, Elapsed time =   0: 0:29 
Moved 22599 out of 30438 cells, ratio = 0.742460
Total displacement = 98246.312500(um)
Max displacement = 105.769302(um), PLACE_optlc_7881 (461.592010, 332.696014, 4) => (387.393402, 364.266693, 4)
Displacement histogram:
  0 ~  10% cells displacement <=      1.10(um)
  0 ~  20% cells displacement <=      1.67(um)
  0 ~  30% cells displacement <=      2.19(um)
  0 ~  40% cells displacement <=      2.71(um)
  0 ~  50% cells displacement <=      3.30(um)
  0 ~  60% cells displacement <=      4.04(um)
  0 ~  70% cells displacement <=      4.99(um)
  0 ~  80% cells displacement <=      6.32(um)
  0 ~  90% cells displacement <=      8.71(um)
  0 ~ 100% cells displacement <=    105.77(um)
----------------------------------------------------------------
Fixing logic constant
Fixing logic constant
Information: The stitching and editing of coupling caps is turned OFF for design 'zigbee_F.dlib:zigbee_F_cts.design'. (TIM-125)
Information: Design zigbee_F_cts has 30672 nets, 0 global routed, 1686 detail routed. (NEX-024)
Information: The RC mode used is CTO for design 'zigbee'. (NEX-022)
Information: Design Average RC for design zigbee_F_cts  (NEX-011)
Information: r = 1.152344 ohm/um, via_r = 0.500000 ohm/cut, c = 0.085664 ff/um, cc = 0.000000 ff/um (X dir) (NEX-017)
Information: r = 1.399614 ohm/um, via_r = 0.500000 ohm/cut, c = 0.082202 ff/um, cc = 0.000000 ff/um (Y dir) (NEX-017)
Information: Update timing completed net estimation for all the timing graph nets (TIM-111)
Information: Net estimation statistics: timing graph nets = 30670, routed nets = 1686, across physical hierarchy nets = 0, parasitics cached nets = 30670, delay annotated nets = 0, parasitics annotated nets = 0, multi-voltage nets = 0. (TIM-112)
Use advanced legalizer engine : 0
----------------------------------------------------------------
Running legalize_placement
Start Legalization
nplDplc2Placer::setParam(effort,1)
nplDplc2Placer::setParam(debug,0)
nplDplc2Placer::setParam(site_check,2)
nplDplc2Placer::setParam(app_firm_wgt,0)

Running Advanced Legalizer....
INFO: Setting bounds and VA...
INFO: Setting up voltage area DEFAULT_VA
INFO: Setting up cell instances...
INFO: All fillers in the reference libraries will be considered during legalization/check legality
Information: Initializing site map 'unit' at {10 10} {522.24 521.632}.
INFO: Init siteMap unit with 3370 sites x 306 rows
Adding rule engine Basic Rules version 1.0.0...
Adding rule engine VT Implant Rules version 1.0.0...
Adding rule engine OD Rules version 1.0.0...
Adding rule engine TPO Rules version 1.0.0...
Adding rule engine Pin Access Rules version 1.0.0...
Adding rule engine Span Rules version 1.0.0...
Adding rule engine Index Rules version 1.0.0...
Adding rule engine Color Rules version 1.0.0...
Adding rule engine Inbound (PPNN) Rules version 1.0.0...
Adding rule engine PG DRC/VINS Rules version 1.0.0...
Adding rule engine Exp Rules version 1.0.0...
Adding rule engine N5 Soft Rules version 1.0.0...
2D rule auto detection will enable the following rules:
spacing_rule
pg_drc
INFO: Initializing CTS constraints...
WARNING: No via0 alignment grid is specified, via0 alignment rule will be ignored
WARNING: Please check place.legalize.via0_alignment_grid_name
Constructing pin color alignment legality info...
Initializing PG drc check engine...
Expand check halo by 0.1520 x 0.1520
Scanning PG objects...
PG hash cached 2 nets; 11 viaBoxes; 0 viaMatrices.
PG scanned 280 objects; 79325 vias; 0 staples.
PG scan complete.  Hash key = eb822d0a7a433e8c
Reading PG structure for 'zigbee_F.dlib:zigbee_F_cts.design'
Layer M1: read 0 secDefs  0 sectors
Layer M2: read 6 secDefs  31776 sectors
Layer M3: read 6 secDefs  31776 sectors
Layer M4: read 6 secDefs  31776 sectors
Layer M5: read 6 secDefs  31776 sectors
Layer M6: read 6 secDefs  31776 sectors
Layer M7: read 6 secDefs  31776 sectors
Layer M8: read 12 secDefs  21253 sectors
Layer M9: read 23 secDefs  4969 sectors
Layer MRDL: read 0 secDefs  0 sectors

Sector Array Stats:
Num Sectors: 216878
Num SecDefs:    71
Shared: 63 count; 3442.4 ave; 5390 max
SecDef Shapes: 51 Below-aligned, 0 Above-aligned, 12 Horizontal, 8 Vertical
Referenced Patterns: 4 count; 2.0 ave; 2 max

Place Cache read: 22122 elements -- 0 drcFail 22122 drcOk
Place Cache read: 69 libcells referenced from 2 libs
Place Cache read: used 6 of 71 total secDefs
Access Cache read: 22642 elements -- 2527 drcFail 20115 drcOk
Access Cache read: 82 libcells referenced from 3 libs
Access Cache read: used 6 of 71 total secDefs
Connection checks for layer M2: blocked_pin pin_access_default track_drc pin_extend0
Connection checks for layer M3: blocked_pin pin_access_default track_drc pin_extend1
Connection checks for layer M4: blocked_pin pin_access_default track_drc pin_extend1
Connection checks for layer M5: blocked_pin pin_access_default track_drc pin_extend1
INFO: Extracting M1 PG straps
INFO: Constructing BlkInst pin extension data for fast PG check
INFO: Constructing PG-Via/VIB/VINS layer info (VIA1/M2)...
INFO: PG-Via Abut check extension is 0
INFO: VIB check extension is 0
INFO: VINS check extension is 0
INFO: PG-Via(pg_via_abut) design rule for layer VIA1 and VIA1 not found
INFO: VIB(vib_abut) design rule for layer M2 and VIA1 not found
INFO: VINS(vins_abut) design rule for layer M2 and VIA1 not found
INFO: Enabling hard placement rule spacing_rule...
INFO: Enabling hard placement rule pg_drc...
INFO: Timing cost factor is 0
Information: Legalizing 28771 moveable cells.
..
Legalization progress 5%...
Legalization progress 10%...
Legalization progress 15%...
Legalization progress 20%...
Legalization progress 25%...
Legalization progress 30%...
Legalization progress 35%...
Legalization progress 40%...
Legalization progress 45%...
Legalization progress 50%...
Legalization progress 55%...
Legalization progress 60%...
Legalization progress 65%...
Legalization progress 70%...
Legalization progress 75%...
Legalization progress 80%...
Legalization progress 85%...
Legalization progress 90%...
Legalization progress 95%...
Legalization progress 100%.
10 references with the lowest legality passing rate:
AOI221X1_HVT: 27.8% (5 / 18)
AOI21X1_HVT: 31.6% (12 / 38)
AO22X1_HVT: 32.5% (5709 / 17552)
OAI22X1_HVT: 40.0% (12 / 30)
AO221X1_HVT: 41.4% (1422 / 3437)
AO222X1_HVT: 44.6% (62 / 139)
AOI22X1_HVT: 50.0% (9 / 18)
OA22X1_HVT: 54.3% (134 / 247)
OA221X1_HVT: 55.4% (98 / 177)
OA21X1_HVT: 63.6% (21 / 33)
================ Displacement Report =================
Area: placed=342771, unplaced=0, fixed=12051, blocked=0, total=1031220
Density = 354822/1031220 sites = 34.41%
Inbound cells: 0; 2-row cells: 0; >2-row cells: 0
    Total cell instance count: 30456 (28771 placed, 0 unplaced, 1685 fixed)
        Number of cells moved: 22529 (73.97%)
    Average cell displacement: 0.3309 um (AW: 0.2369 um = 0.1417 rh)
        RMS cell displacement: 0.4499 um (AW: 0.3825 um = 0.2288 rh)
        Max cell displacement: 2.5088 um = 1.5005 rh
           Max displaced cell: spare_cell_1_0 (287.463 490.7)
Number of large displacements: 0
 Large displacement threshold: 3.0000 rh
======================================================
Place Cache save: 25720 elements -- 2 drcFail 25718 drcOk
Place Cache save: 69 libcells referenced from 2 libs
Place Cache save: used 6 of 71 total secDefs
Access Cache save: 26375 elements -- 2830 drcFail 23545 drcOk
Access Cache save: 82 libcells referenced from 3 libs
Access Cache save: used 6 of 71 total secDefs
NPLDRC Place Cache: unique cache elements 25720
NPLDRC Place Cache: read cache elements 22122
NPLDRC Place Cache: hit rate  87.8%  (3598 / 29610)
NPLDRC Access Cache: unique cache elements 26375
NPLDRC Access Cache: read cache elements 22642
NPLDRC Access Cache: hit rate  87.5%  (3733 / 29748)
NPLDRC Pin Status Cache: no calls
NPLDRC Multi Cell Cache: no calls
NPLDRC ViaLadder Cache: no calls
Completed Legalization, Elapsed time =   0: 0: 2 
Moved 22511 out of 30438 cells, ratio = 0.739569
Total displacement = 30700.572266(um)
Max displacement = 9.101200(um), DQPSK_CSK/U35 (173.396896, 260.359711, 6) => (166.408005, 262.471985, 4)
Displacement histogram:
  0 ~  10% cells displacement <=      0.19(um)
  0 ~  20% cells displacement <=      0.35(um)
  0 ~  30% cells displacement <=      0.52(um)
  0 ~  40% cells displacement <=      0.69(um)
  0 ~  50% cells displacement <=      0.88(um)
  0 ~  60% cells displacement <=      1.52(um)
  0 ~  70% cells displacement <=      2.01(um)
  0 ~  80% cells displacement <=      2.42(um)
  0 ~  90% cells displacement <=      3.04(um)
  0 ~ 100% cells displacement <=      9.10(um)
Information: The net parasitics of block zigbee are cleared. (TIM-123)
Legalization succeeded.
----------------------------------------------------------------
Information: The stitching and editing of coupling caps is turned OFF for design 'zigbee_F.dlib:zigbee_F_cts.design'. (TIM-125)
Information: Design zigbee_F_cts has 30672 nets, 0 global routed, 1686 detail routed. (NEX-024)
Information: The RC mode used is CTO for design 'zigbee'. (NEX-022)
Information: Design Average RC for design zigbee_F_cts  (NEX-011)
Information: r = 1.152344 ohm/um, via_r = 0.500000 ohm/cut, c = 0.085844 ff/um, cc = 0.000000 ff/um (X dir) (NEX-017)
Information: r = 1.399614 ohm/um, via_r = 0.500000 ohm/cut, c = 0.082406 ff/um, cc = 0.000000 ff/um (Y dir) (NEX-017)
Information: Update timing completed net estimation for all the timing graph nets (TIM-111)
Information: Net estimation statistics: timing graph nets = 30670, routed nets = 1686, across physical hierarchy nets = 0, parasitics cached nets = 30670, delay annotated nets = 0, parasitics annotated nets = 0, multi-voltage nets = 0. (TIM-112)
Done with post-clock timing-driven placement.


npo-clock-opt optimization Phase 5 Iter  1          0.00      0.00         0       0.090           -           0.313
Running final optimization step.
Number of Site types in the design = 1
Setting up Chip Core
Chip Core shape: (100000 100000) (5222400 5216320)
Number of unique PDs = 1
Number of Power Domains = 1
Number of Voltage Areas = 1
Number of supply Nets = 2
Number of used supplies = 2

Use advanced legalizer engine : 0
Use advanced legalizer engine : 0
npo-clock-opt optimization Phase 6 Iter  1          0.00      0.00         0       0.090           -           0.313
ORB: timingScenario default timingCorner default
INFO: No leakage and power scenarios. Using regular scenarios instead.
INFO: No active leakage scenarios. Leakage will be turned off
ORB: Nominal = 0.014644  Design MT = 3.636620  Target = 0.070124 (4.789 nominal)  MaxRC = 0.047402
ORB: timingScenario default timingCorner default
INFO: No leakage and power scenarios. Using regular scenarios instead.
INFO: No active leakage scenarios. Leakage will be turned off
ORB: Nominal = 0.014644  Design MT = 3.636620  Target = 0.070124 (4.789 nominal)  MaxRC = 0.047402
npo-clock-opt optimization Phase 6 Iter  2          0.00      0.00         0       0.090           -           0.313

npo-clock-opt optimization Phase 7 Iter  1          0.00      0.00         0       0.090           -           0.313
Running CCD-tns_area prior to Phase III of datapath opto
xform.liba_use_cache 0
Information: CTS will work on the following scenarios. (CTS-101)
   default	(Mode: default; Corner: default)
Information: CTS will work on all clocks in active scenarios, including 1 master clocks and 0 generated clocks. (CTS-107)
Information: Clock derating is enabled

CTS related app options set by user:
   cts.common.max_fanout = 5
   cts.common.max_net_length = 100
   cts.common.user_instance_name_prefix = CTS_
   cts.compile.enable_global_route = true
   cts.compile.remove_existing_clock_trees = true

Buffer/Inverter reference list for clock tree synthesis:
   saed32_hvt|saed32_hvt_std/NBUFFX16_HVT
   saed32_hvt|saed32_hvt_std/NBUFFX2_HVT
   saed32_hvt|saed32_hvt_std/NBUFFX4_HVT
   saed32_hvt|saed32_hvt_std/NBUFFX8_HVT
   saed32_lvt|saed32_lvt_std/NBUFFX16_LVT
   saed32_lvt|saed32_lvt_std/NBUFFX2_LVT
   saed32_lvt|saed32_lvt_std/NBUFFX4_LVT
   saed32_lvt|saed32_lvt_std/NBUFFX8_LVT
   saed32_rvt|saed32_rvt_std/NBUFFX16_RVT
   saed32_rvt|saed32_rvt_std/NBUFFX2_RVT
   saed32_rvt|saed32_rvt_std/NBUFFX4_RVT
   saed32_rvt|saed32_rvt_std/NBUFFX8_RVT
   saed32_hvt|saed32_hvt_std/IBUFFX16_HVT
   saed32_hvt|saed32_hvt_std/IBUFFX2_HVT
   saed32_hvt|saed32_hvt_std/IBUFFX4_HVT
   saed32_hvt|saed32_hvt_std/IBUFFX8_HVT
   saed32_hvt|saed32_hvt_std/INVX16_HVT
   saed32_hvt|saed32_hvt_std/INVX2_HVT
   saed32_hvt|saed32_hvt_std/INVX4_HVT
   saed32_hvt|saed32_hvt_std/INVX8_HVT
   saed32_lvt|saed32_lvt_std/IBUFFX16_LVT
   saed32_lvt|saed32_lvt_std/IBUFFX2_LVT
   saed32_lvt|saed32_lvt_std/IBUFFX4_LVT
   saed32_lvt|saed32_lvt_std/IBUFFX8_LVT
   saed32_lvt|saed32_lvt_std/INVX16_LVT
   saed32_lvt|saed32_lvt_std/INVX2_LVT
   saed32_lvt|saed32_lvt_std/INVX4_LVT
   saed32_lvt|saed32_lvt_std/INVX8_LVT
   saed32_rvt|saed32_rvt_std/IBUFFX16_RVT
   saed32_rvt|saed32_rvt_std/IBUFFX2_RVT
   saed32_rvt|saed32_rvt_std/IBUFFX4_RVT
   saed32_rvt|saed32_rvt_std/IBUFFX8_RVT
   saed32_rvt|saed32_rvt_std/INVX16_RVT
   saed32_rvt|saed32_rvt_std/INVX2_RVT
   saed32_rvt|saed32_rvt_std/INVX4_RVT
   saed32_rvt|saed32_rvt_std/INVX8_RVT
There is no CTS reference for ICG cells
There is no CTS reference for register cells
Information: 'default' is identified as primary corner for initial clock tree building. (CTS-103)
Number of Site types in the design = 1
Setting up Chip Core
Chip Core shape: (100000 100000) (5222400 5216320)
Number of unique PDs = 1
Number of Power Domains = 1
Number of Voltage Areas = 1
Number of supply Nets = 2
Number of used supplies = 2
CTS NDR rule list:
   Clock: clk (mode default); Net Type: sink;     Rule: clk_network_NDR_leaf; Min Layer: M1; Max Layer: M3
   Clock: clk (mode default); Net Type: internal; Rule: clk_network_NDR_internal; Min Layer: M3; Max Layer: M6
   Clock: clk (mode default); Net Type: root;     Rule: clk_network_NDR_root; Min Layer: M6; Max Layer: M7

Clock cell spacing rule list:
   No clock cell spacing rule is found.
Scenario default::default : setup = true, hold = true
Use advanced legalizer engine : 0
Warning: Routing direction of metal layer PO is neither "horizontal" nor "vertical".  PDC checks will not be performed on this layer. (PDC-003)
PDC app_options settings =========
	place.legalize.enable_prerouted_net_check: 1

Expand check halo by 0.1520 x 0.1520
Scanning PG objects...
PG hash cached 2 nets; 11 viaBoxes; 0 viaMatrices.
PG scanned 280 objects; 79325 vias; 0 staples.
PG scan complete.  Hash key = eb822d0a7a433e8c
Reading PG structure for 'zigbee_F.dlib:zigbee_F_cts.design'
Layer M1: read 0 secDefs  0 sectors
Layer M2: read 6 secDefs  31776 sectors
Layer M3: read 6 secDefs  31776 sectors
Layer M4: read 6 secDefs  31776 sectors
Layer M5: read 6 secDefs  31776 sectors
Layer M6: read 6 secDefs  31776 sectors
Layer M7: read 6 secDefs  31776 sectors
Layer M8: read 12 secDefs  21253 sectors
Layer M9: read 23 secDefs  4969 sectors
Layer MRDL: read 0 secDefs  0 sectors

Sector Array Stats:
Num Sectors: 216878
Num SecDefs:    71
Shared: 63 count; 3442.4 ave; 5390 max
SecDef Shapes: 51 Below-aligned, 0 Above-aligned, 12 Horizontal, 8 Vertical
Referenced Patterns: 4 count; 2.0 ave; 2 max

Place Cache read: 25720 elements -- 2 drcFail 25718 drcOk
Place Cache read: 69 libcells referenced from 2 libs
Place Cache read: used 6 of 71 total secDefs
Access Cache read: 26375 elements -- 2830 drcFail 23545 drcOk
Access Cache read: 82 libcells referenced from 3 libs
Access Cache read: used 6 of 71 total secDefs
Connection checks for layer M2: blocked_pin pin_access_default track_drc pin_extend0
Connection checks for layer M3: blocked_pin pin_access_default track_drc pin_extend1
Connection checks for layer M4: blocked_pin pin_access_default track_drc pin_extend1
Connection checks for layer M5: blocked_pin pin_access_default track_drc pin_extend1
Information: Legalizer's PDC rule check is enabled
Information: Legalizer's advanced rule check is enabled
CCD initialization runtime: cpu 0.830352, elapsed 0.762771, speed up 1.088599.

CCD app options set by user:
   ccd.hold_control_effort = high
   clock_opt.flow.enable_ccd = true
   clock_opt.flow.enable_clock_power_recovery = area
   clock_opt.flow.optimize_ndr = true
   clock_opt.hold.effort = high
Information: The netlist and extraction change observers are disabled for further incremental timing updates during on-route optimization. (TIM-119)
Information: The timing has been updated before disabling netlist and extraction change observers. (TIM-121)
CCD: using 12 threads
CTSSC route status detected: clock (VR 0, GR 0, DR 30776), data (VR 29001, GR 0, DR 0); stage = preroute, isPostRoute = FALSE
Total power = 0.000000, Leakage = 0.000000, Internal = 0.000000, Switching = 0.000000

CCD: Initial QOR:
    Scenario default  WNS = 0.000000, WEIGHTED_GROUP_SLACK = 0.000000, TNS = 0.000000, NVP = 0
    Scenario default  WNHS = 0.572151, TNHS = 3009.802314, NHVP = 6296
RepeaterCount 1685, RepeaterArea 3062.689344, CellCount 1685, CellArea 3062.689344, FlopCount 6154, FlopArea 40768.763904, LatchCount 0, LatchArea 0.000000
Total power = 0.000000, Leakage = 0.000000, Internal = 0.000000, Switching = 0.000000

    Optimization Summary 		

-------------------------------------------------

	# Drivers Attempted               =          0
	# Skipped during isValid and estimate          =          0
	# Failed subgraph evaluation           =          0
	# Failed main graph committ          =          0
	# Successful main graph commit      =          0
	# NumCTCells changed               =          0


	# Flow total CPU                  =     0.0953
	# Flow total elapsed                  =     0.0953
	# Flow total speed up                =     1.0003

-------------------------------------------------


CCD: After Fast mode setup optimization:
    Scenario default  WNS = 0.000000, WEIGHTED_GROUP_SLACK = 0.000000, TNS = 0.000000, NVP = 0
    Scenario default  WNHS = 0.572151, TNHS = 3009.802314, NHVP = 6296
RepeaterCount 1685, RepeaterArea 3062.689344, CellCount 1685, CellArea 3062.689344, FlopCount 6154, FlopArea 40768.763904, LatchCount 0, LatchArea 0.000000

    Optimization Summary 		

-------------------------------------------------

	# Drivers Attempted               =          0
	# Skipped during isValid and estimate          =          0
	# Failed subgraph evaluation           =          0
	# Failed main graph committ          =          0
	# Successful main graph commit      =          0
	# NumCTCells changed               =          0


	# Flow total CPU                  =     0.0702
	# Flow total elapsed                  =     0.0702
	# Flow total speed up                =     1.0001

-------------------------------------------------


CCD: After CG based optimization:
    Scenario default  WNS = 0.000000, WEIGHTED_GROUP_SLACK = 0.000000, TNS = 0.000000, NVP = 0
    Scenario default  WNHS = 0.572151, TNHS = 3009.802314, NHVP = 6296
RepeaterCount 1685, RepeaterArea 3062.689344, CellCount 1685, CellArea 3062.689344, FlopCount 6154, FlopArea 40768.763904, LatchCount 0, LatchArea 0.000000
Total power = 0.000000, Leakage = 0.000000, Internal = 0.000000, Switching = 0.000000
Begin building search trees for block zigbee_F.dlib:SCRATCH_DESIGN_2147483649.design
Begin building search trees for block zigbee_F.dlib:SCRATCH_DESIGN_2147483657.design
Begin building search trees for block zigbee_F.dlib:SCRATCH_DESIGN_2147483650.design
Begin building search trees for block zigbee_F.dlib:SCRATCH_DESIGN_2147483651.design
Begin building search trees for block zigbee_F.dlib:SCRATCH_DESIGN_2147483652.design
Begin building search trees for block zigbee_F.dlib:SCRATCH_DESIGN_2147483653.design
Begin building search trees for block zigbee_F.dlib:SCRATCH_DESIGN_2147483654.design
Begin building search trees for block zigbee_F.dlib:SCRATCH_DESIGN_2147483655.design
Begin building search trees for block zigbee_F.dlib:SCRATCH_DESIGN_2147483659.design
Done building search trees for block zigbee_F.dlib:SCRATCH_DESIGN_2147483649.design (time 0s)
Begin building search trees for block zigbee_F.dlib:SCRATCH_DESIGN_2147483648.design
Begin building search trees for block zigbee_F.dlib:SCRATCH_DESIGN_2147483658.design
Begin building search trees for block zigbee_F.dlib:SCRATCH_DESIGN_2147483656.design
Done building search trees for block zigbee_F.dlib:SCRATCH_DESIGN_2147483657.design (time 0s)
Done building search trees for block zigbee_F.dlib:SCRATCH_DESIGN_2147483650.design (time 0s)
Done building search trees for block zigbee_F.dlib:SCRATCH_DESIGN_2147483651.design (time 0s)
Done building search trees for block zigbee_F.dlib:SCRATCH_DESIGN_2147483652.design (time 0s)
Done building search trees for block zigbee_F.dlib:SCRATCH_DESIGN_2147483653.design (time 0s)
Done building search trees for block zigbee_F.dlib:SCRATCH_DESIGN_2147483654.design (time 0s)
Done building search trees for block zigbee_F.dlib:SCRATCH_DESIGN_2147483655.design (time 0s)
Done building search trees for block zigbee_F.dlib:SCRATCH_DESIGN_2147483659.design (time 0s)
Done building search trees for block zigbee_F.dlib:SCRATCH_DESIGN_2147483648.design (time 0s)
Done building search trees for block zigbee_F.dlib:SCRATCH_DESIGN_2147483658.design (time 0s)
Done building search trees for block zigbee_F.dlib:SCRATCH_DESIGN_2147483656.design (time 0s)
Begin building search trees for block zigbee_F.dlib:SCRATCH_DESIGN_2147483660.design
Begin building search trees for block zigbee_F.dlib:SCRATCH_DESIGN_2147483663.design
Begin building search trees for block zigbee_F.dlib:SCRATCH_DESIGN_2147483662.design
Begin building search trees for block zigbee_F.dlib:SCRATCH_DESIGN_2147483661.design
Begin building search trees for block zigbee_F.dlib:SCRATCH_DESIGN_2147483664.design
Begin building search trees for block zigbee_F.dlib:SCRATCH_DESIGN_2147483665.design
Begin building search trees for block zigbee_F.dlib:SCRATCH_DESIGN_2147483666.design
Begin building search trees for block zigbee_F.dlib:SCRATCH_DESIGN_2147483668.design
Done building search trees for block zigbee_F.dlib:SCRATCH_DESIGN_2147483660.design (time 0s)
Begin building search trees for block zigbee_F.dlib:SCRATCH_DESIGN_2147483669.design
Begin building search trees for block zigbee_F.dlib:SCRATCH_DESIGN_2147483667.design
Begin building search trees for block zigbee_F.dlib:SCRATCH_DESIGN_2147483671.design
Begin building search trees for block zigbee_F.dlib:SCRATCH_DESIGN_2147483670.design
Done building search trees for block zigbee_F.dlib:SCRATCH_DESIGN_2147483663.design (time 0s)
Done building search trees for block zigbee_F.dlib:SCRATCH_DESIGN_2147483662.design (time 0s)
Done building search trees for block zigbee_F.dlib:SCRATCH_DESIGN_2147483661.design (time 0s)
Done building search trees for block zigbee_F.dlib:SCRATCH_DESIGN_2147483664.design (time 0s)
Done building search trees for block zigbee_F.dlib:SCRATCH_DESIGN_2147483665.design (time 0s)
Done building search trees for block zigbee_F.dlib:SCRATCH_DESIGN_2147483666.design (time 0s)
Done building search trees for block zigbee_F.dlib:SCRATCH_DESIGN_2147483668.design (time 0s)
Done building search trees for block zigbee_F.dlib:SCRATCH_DESIGN_2147483669.design (time 0s)
Done building search trees for block zigbee_F.dlib:SCRATCH_DESIGN_2147483667.design (time 0s)
Done building search trees for block zigbee_F.dlib:SCRATCH_DESIGN_2147483671.design (time 0s)
Done building search trees for block zigbee_F.dlib:SCRATCH_DESIGN_2147483670.design (time 0s)
23,23|4,4|3,3|2,2|
    Optimization Summary 		

-------------------------------------------------

	# Drivers Attempted               =         32
	# Skipped during isValid and estimate          =          0
	# Failed subgraph evaluation           =          0
	# Failed main graph committ          =          0
	# Successful main graph commit      =         32
	# Subgraph evaluation success rate in percent =     1.0000
	# Sg2Main acceptance ratio in percent      =     1.0000
	# NumCTCells changed               =          0


	# Flow total CPU                  =     2.0516
	# Flow total elapsed                  =     0.5439
	# Flow total speed up                =     3.7721
	# Commit CPU                      =     0.9040
	# Commit elapsed                  =     0.1340
	# Commit speed up                     =     6.7487
	# Generator CPU                      =     0.1487
	# Generator elapsed                  =     0.1487
	# Generator speed up                     =     1.0002
	# Filter CPU                      =     0.6306
	# Filter elapsed                  =     0.1310
	# Filter speed up                     =     4.8122
	# Sg CPU                      =     0.2947
	# Sg elapsed                  =     0.0568
	# Sg speed up                     =     5.1843
	# The rest of flow speed up          =     2.7994

-------------------------------------------------


CCD: After area optimization:
    Scenario default  WNS = 0.000000, WEIGHTED_GROUP_SLACK = 0.000000, TNS = 0.000000, NVP = 0
    Scenario default  WNHS = 0.572184, TNHS = 3009.846460, NHVP = 6296
RepeaterCount 1685, RepeaterArea 3010.335680, CellCount 1685, CellArea 3010.335680, FlopCount 6154, FlopArea 40768.763904, LatchCount 0, LatchArea 0.000000
Total power = 0.000000, Leakage = 0.000000, Internal = 0.000000, Switching = 0.000000
Information: The netlist and extraction change observers are enabled for further incremental timing updates. (TIM-120)
 CCD flow runtime: cpu 2.794453, elapsed 1.193732, speed up 2.340938.
Place Cache save: 25723 elements -- 2 drcFail 25721 drcOk
Place Cache save: 69 libcells referenced from 2 libs
Place Cache save: used 6 of 71 total secDefs
Access Cache save: 26385 elements -- 2830 drcFail 23555 drcOk
Access Cache save: 82 libcells referenced from 3 libs
Access Cache save: used 6 of 71 total secDefs
NPLDRC Place Cache: unique cache elements 25723
NPLDRC Place Cache: read cache elements 25720
NPLDRC Place Cache: hit rate 100.0%  (3 / 19246)
NPLDRC Access Cache: unique cache elements 26385
NPLDRC Access Cache: read cache elements 26375
NPLDRC Access Cache: hit rate 100.0%  (10 / 20707)
NPLDRC Pin Status Cache: no calls
NPLDRC Multi Cell Cache: no calls
NPLDRC ViaLadder Cache: no calls
Mark clock trees...
Marking clock synthesized attributes

nplDplc2Placer::setParam(effort,1)
nplDplc2Placer::setParam(debug,0)
nplDplc2Placer::setParam(site_check,2)
nplDplc2Placer::setParam(app_firm_wgt,0)

Running Advanced Legalizer....
INFO: Setting bounds and VA...
INFO: Setting up voltage area DEFAULT_VA
INFO: Setting up cell instances...
INFO: All fillers in the reference libraries will be considered during legalization/check legality
Information: Initializing site map 'unit' at {10 10} {522.24 521.632}.
INFO: Init siteMap unit with 3370 sites x 306 rows
Adding rule engine Basic Rules version 1.0.0...
Adding rule engine VT Implant Rules version 1.0.0...
Adding rule engine OD Rules version 1.0.0...
Adding rule engine TPO Rules version 1.0.0...
Adding rule engine Pin Access Rules version 1.0.0...
Adding rule engine Span Rules version 1.0.0...
Adding rule engine Index Rules version 1.0.0...
Adding rule engine Color Rules version 1.0.0...
Adding rule engine Inbound (PPNN) Rules version 1.0.0...
Adding rule engine PG DRC/VINS Rules version 1.0.0...
Adding rule engine Exp Rules version 1.0.0...
Adding rule engine N5 Soft Rules version 1.0.0...
2D rule auto detection will enable the following rules:
spacing_rule
pg_drc
INFO: Initializing CTS constraints...
WARNING: No via0 alignment grid is specified, via0 alignment rule will be ignored
WARNING: Please check place.legalize.via0_alignment_grid_name
Constructing pin color alignment legality info...
Initializing PG drc check engine...
Expand check halo by 0.1520 x 0.1520
Scanning PG objects...
PG hash cached 2 nets; 11 viaBoxes; 0 viaMatrices.
PG scanned 280 objects; 79325 vias; 0 staples.
PG scan complete.  Hash key = eb822d0a7a433e8c
Reading PG structure for 'zigbee_F.dlib:zigbee_F_cts.design'
Layer M1: read 0 secDefs  0 sectors
Layer M2: read 6 secDefs  31776 sectors
Layer M3: read 6 secDefs  31776 sectors
Layer M4: read 6 secDefs  31776 sectors
Layer M5: read 6 secDefs  31776 sectors
Layer M6: read 6 secDefs  31776 sectors
Layer M7: read 6 secDefs  31776 sectors
Layer M8: read 12 secDefs  21253 sectors
Layer M9: read 23 secDefs  4969 sectors
Layer MRDL: read 0 secDefs  0 sectors

Sector Array Stats:
Num Sectors: 216878
Num SecDefs:    71
Shared: 63 count; 3442.4 ave; 5390 max
SecDef Shapes: 51 Below-aligned, 0 Above-aligned, 12 Horizontal, 8 Vertical
Referenced Patterns: 4 count; 2.0 ave; 2 max

Place Cache read: 25723 elements -- 2 drcFail 25721 drcOk
Place Cache read: 69 libcells referenced from 2 libs
Place Cache read: used 6 of 71 total secDefs
Access Cache read: 26385 elements -- 2830 drcFail 23555 drcOk
Access Cache read: 82 libcells referenced from 3 libs
Access Cache read: used 6 of 71 total secDefs
Connection checks for layer M2: blocked_pin pin_access_default track_drc pin_extend0
Connection checks for layer M3: blocked_pin pin_access_default track_drc pin_extend1
Connection checks for layer M4: blocked_pin pin_access_default track_drc pin_extend1
Connection checks for layer M5: blocked_pin pin_access_default track_drc pin_extend1
INFO: Extracting M1 PG straps
INFO: Constructing BlkInst pin extension data for fast PG check
INFO: Constructing PG-Via/VIB/VINS layer info (VIA1/M2)...
INFO: PG-Via Abut check extension is 0
INFO: VIB check extension is 0
INFO: VINS check extension is 0
INFO: PG-Via(pg_via_abut) design rule for layer VIA1 and VIA1 not found
INFO: VIB(vib_abut) design rule for layer M2 and VIA1 not found
INFO: VINS(vins_abut) design rule for layer M2 and VIA1 not found
INFO: Enabling hard placement rule spacing_rule...
INFO: Enabling hard placement rule pg_drc...
INFO: Timing cost factor is 0
Information: Legalizing 28771 moveable cells.
..
Legalization progress 5%...
Legalization progress 10%...
Legalization progress 15%...
Legalization progress 20%...
Legalization progress 25%...
Legalization progress 30%...
Legalization progress 35%...
Legalization progress 40%...
Legalization progress 45%...
Legalization progress 50%...
Legalization progress 55%...
Legalization progress 60%...
Legalization progress 65%...
Legalization progress 70%...
Legalization progress 75%...
Legalization progress 80%...
Legalization progress 85%...
Legalization progress 90%...
Legalization progress 95%...
Legalization progress 100%.
10 references with the lowest legality passing rate:
AND2X1_HVT: 100.0% (550 / 550)
AND3X1_HVT: 100.0% (114 / 114)
AND4X1_HVT: 100.0% (38 / 38)
AO21X1_HVT: 100.0% (31 / 31)
AO221X1_HVT: 100.0% (1422 / 1422)
AO222X1_HVT: 100.0% (62 / 62)
AO22X1_HVT: 100.0% (5707 / 5707)
AOI21X1_HVT: 100.0% (12 / 12)
AOI221X1_HVT: 100.0% (5 / 5)
AOI222X1_HVT: 100.0% (2 / 2)
================ Displacement Report =================
Area: placed=342771, unplaced=0, fixed=11845, blocked=0, total=1031220
Density = 354616/1031220 sites = 34.39%
Inbound cells: 0; 2-row cells: 0; >2-row cells: 0
    Total cell instance count: 30456 (28771 placed, 0 unplaced, 1685 fixed)
No cells moved
======================================================
NPLDRC Place Cache: unique cache elements 25723
NPLDRC Place Cache: read cache elements 25723
NPLDRC Place Cache: hit rate 100.0%  (0 / 15384)
NPLDRC Access Cache: unique cache elements 26385
NPLDRC Access Cache: read cache elements 26385
NPLDRC Access Cache: hit rate 100.0%  (0 / 15526)
NPLDRC Pin Status Cache: no calls
NPLDRC Multi Cell Cache: no calls
NPLDRC ViaLadder Cache: no calls
 CCD using TA only patch routing
Warning: Cell contains tie connections which are not connected to real PG. (ZRT-511)
Turn off antenna since no rule is specified
Cell Min-Routing-Layer = M3
Cell Max-Routing-Layer = M7
Warning: Cannot find a default contact code for layer CO. (ZRT-022)
rule clk_network_NDR_leaf equivalent to default rule
Warning: Ignore 2 top cell ports with no pins. (ZRT-027)
Info: number of net_type_blockage: 0 
Start Global Route ... 
[Init] Elapsed real time: 0:00:00 
[Init] Elapsed cpu  time: sys=0:00:00 usr=0:00:00 total=0:00:00
[Init] Stage (MB): Used    0  Alloctr    0  Proc    0 
[Init] Total (MB): Used  109  Alloctr  114  Proc 2908 
Printing options for 'route.common.*'

Printing options for 'route.global.*'
global.deterministic                                    :	 off                 
global.placement_timing_driven_mode                     :	 false               
global.timing_driven                                    :	 false               

Begin global routing.
Loading parastics information to the router ...
parastics information loaded to the router.
Constructing data structure ...
Design statistics:
Design Bounding Box (0.00,0.00,532.24,531.63)
Number of routing layers = 10
layer M1, dir Hor, min width = 0.05, min space = 0.05 pitch = 0.15
layer M2, dir Ver, min width = 0.06, min space = 0.06 pitch = 0.15
layer M3, dir Hor, min width = 0.06, min space = 0.06 pitch = 0.30
layer M4, dir Ver, min width = 0.06, min space = 0.06 pitch = 0.30
layer M5, dir Hor, min width = 0.06, min space = 0.06 pitch = 0.61
layer M6, dir Ver, min width = 0.06, min space = 0.06 pitch = 0.61
layer M7, dir Hor, min width = 0.06, min space = 0.06 pitch = 1.22
layer M8, dir Ver, min width = 0.06, min space = 0.06 pitch = 1.22
layer M9, dir Hor, min width = 0.16, min space = 0.16 pitch = 2.43
layer MRDL, dir Ver, min width = 2.00, min space = 2.00 pitch = 4.86
Current Stage stats:
[End of Build Tech Data] Elapsed real time: 0:00:00 
[End of Build Tech Data] Elapsed cpu  time: sys=0:00:00 usr=0:00:00 total=0:00:00
[End of Build Tech Data] Stage (MB): Used    3  Alloctr    3  Proc    0 
[End of Build Tech Data] Total (MB): Used  113  Alloctr  117  Proc 2908 
Warning: No existing global route is available for reuse in incremental global routing. (ZRT-586)
Net statistics:
Total number of nets     = 30672
Number of nets to route  = 1686
Number of nets with min-layer-mode soft = 1235
Number of nets with min-layer-mode soft-cost-medium = 1235
Number of nets with max-layer-mode hard = 1682
41 nets are partially connected,
 of which 41 are detail routed and 0 are global routed.
1647 nets are fully connected,
 of which 1647 are detail routed and 0 are global routed.
313 nets have non-default rule clk_network_NDR_internal
138 nets have non-default rule clk_network_NDR_internal_ext_spacing
3 nets have non-default rule clk_network_NDR_root
1 nets have non-default rule clk_network_NDR_root_ext_spacing
608 nets have non-default rule default_rule_equivalent_ndr_double_spacing
Current Stage stats:
[End of Build All Nets] Elapsed real time: 0:00:00 
[End of Build All Nets] Elapsed cpu  time: sys=0:00:00 usr=0:00:00 total=0:00:00
[End of Build All Nets] Stage (MB): Used    9  Alloctr    9  Proc    0 
[End of Build All Nets] Total (MB): Used  122  Alloctr  127  Proc 2908 
Average gCell capacity  5.85	 on layer (1)	 M1
Average gCell capacity  9.76	 on layer (2)	 M2
Average gCell capacity  5.23	 on layer (3)	 M3
Average gCell capacity  4.98	 on layer (4)	 M4
Average gCell capacity  2.64	 on layer (5)	 M5
Average gCell capacity  2.51	 on layer (6)	 M6
Average gCell capacity  1.34	 on layer (7)	 M7
Average gCell capacity  0.75	 on layer (8)	 M8
Average gCell capacity  0.00	 on layer (9)	 M9
Average gCell capacity  0.00	 on layer (10)	 MRDL
Average number of tracks per gCell 11.00	 on layer (1)	 M1
Average number of tracks per gCell 11.01	 on layer (2)	 M2
Average number of tracks per gCell 5.50	 on layer (3)	 M3
Average number of tracks per gCell 5.51	 on layer (4)	 M4
Average number of tracks per gCell 2.75	 on layer (5)	 M5
Average number of tracks per gCell 2.76	 on layer (6)	 M6
Average number of tracks per gCell 1.38	 on layer (7)	 M7
Average number of tracks per gCell 1.38	 on layer (8)	 M8
Average number of tracks per gCell 0.69	 on layer (9)	 M9
Average number of tracks per gCell 0.35	 on layer (10)	 MRDL
Number of gCells = 1011240
Current Stage stats:
[End of Build Congestion map] Elapsed real time: 0:00:00 
[End of Build Congestion map] Elapsed cpu  time: sys=0:00:00 usr=0:00:00 total=0:00:00
[End of Build Congestion map] Stage (MB): Used   13  Alloctr   14  Proc    0 
[End of Build Congestion map] Total (MB): Used  136  Alloctr  141  Proc 2908 
Information: RC layer preference is turned on for this design. (ZRT-613)
Total stats:
[End of Build Data] Elapsed real time: 0:00:00 
[End of Build Data] Elapsed cpu  time: sys=0:00:00 usr=0:00:00 total=0:00:01
[End of Build Data] Stage (MB): Used   26  Alloctr   27  Proc    0 
[End of Build Data] Total (MB): Used  136  Alloctr  141  Proc 2908 
Current Stage stats:
[End of Blocked Pin Detection] Elapsed real time: 0:00:00 
[End of Blocked Pin Detection] Elapsed cpu  time: sys=0:00:00 usr=0:00:00 total=0:00:00
[End of Blocked Pin Detection] Stage (MB): Used    0  Alloctr    0  Proc    0 
[End of Blocked Pin Detection] Total (MB): Used  136  Alloctr  141  Proc 2908 
Information: Using 12 threads for routing. (ZRT-444)
multi gcell levels ON

Start GR phase 0
Current Stage stats:
[End of Initial Routing] Elapsed real time: 0:00:00 
[End of Initial Routing] Elapsed cpu  time: sys=0:00:00 usr=0:00:00 total=0:00:00
[End of Initial Routing] Stage (MB): Used    0  Alloctr    0  Proc    0 
[End of Initial Routing] Total (MB): Used  136  Alloctr  141  Proc 2908 
Initial. Routing result:
Initial. Both Dirs: Overflow =     1 Max = 1 GRCs =     8 (0.00%)
Initial. H routing: Overflow =     0 Max = 1 (GRCs =  1) GRCs =     1 (0.00%)
Initial. V routing: Overflow =     1 Max = 1 (GRCs =  7) GRCs =     7 (0.01%)
Initial. M1         Overflow =     0 Max = 0 (GRCs =  0) GRCs =     0 (0.00%)
Initial. M2         Overflow =     1 Max = 1 (GRCs =  7) GRCs =     7 (0.01%)
Initial. M3         Overflow =     0 Max = 1 (GRCs =  1) GRCs =     1 (0.00%)
Initial. M4         Overflow =     0 Max = 0 (GRCs =  0) GRCs =     0 (0.00%)
Initial. M5         Overflow =     0 Max = 0 (GRCs =  0) GRCs =     0 (0.00%)
Initial. M6         Overflow =     0 Max = 0 (GRCs =  0) GRCs =     0 (0.00%)
Initial. M7         Overflow =     0 Max = 0 (GRCs =  0) GRCs =     0 (0.00%)
Initial. M8         Overflow =     0 Max = 0 (GRCs =  0) GRCs =     0 (0.00%)
Initial. M9         Overflow =     0 Max = 0 (GRCs =  0) GRCs =     0 (0.00%)
Initial. MRDL       Overflow =     0 Max = 0 (GRCs =  0) GRCs =     0 (0.00%)

Initial. Total Wire Length = 38.11
Initial. Layer M1 wire length = 4.05
Initial. Layer M2 wire length = 1.65
Initial. Layer M3 wire length = 28.89
Initial. Layer M4 wire length = 3.52
Initial. Layer M5 wire length = 0.00
Initial. Layer M6 wire length = 0.00
Initial. Layer M7 wire length = 0.00
Initial. Layer M8 wire length = 0.00
Initial. Layer M9 wire length = 0.00
Initial. Layer MRDL wire length = 0.00
Initial. Total Number of Contacts = 43
Initial. Via VIA12SQ_C count = 20
Initial. Via VIA23SQ_C count = 21
Initial. Via VIA34SQ_C count = 2
Initial. Via VIA45SQ_C count = 0
Initial. Via VIA56SQ_C count = 0
Initial. Via VIA67SQ_C count = 0
Initial. Via VIA78SQ_C count = 0
Initial. Via VIA89_C count = 0
Initial. Via VIA9RDL count = 0
Initial. completed.

Start GR phase 1
Current Stage stats:
[End of Phase1 Routing] Elapsed real time: 0:00:00 
[End of Phase1 Routing] Elapsed cpu  time: sys=0:00:00 usr=0:00:00 total=0:00:00
[End of Phase1 Routing] Stage (MB): Used    0  Alloctr    0  Proc    0 
[End of Phase1 Routing] Total (MB): Used  136  Alloctr  141  Proc 2908 
phase1. Routing result:
phase1. Both Dirs: Overflow =     1 Max = 1 GRCs =     8 (0.00%)
phase1. H routing: Overflow =     0 Max = 1 (GRCs =  1) GRCs =     1 (0.00%)
phase1. V routing: Overflow =     1 Max = 1 (GRCs =  7) GRCs =     7 (0.01%)
phase1. M1         Overflow =     0 Max = 0 (GRCs =  0) GRCs =     0 (0.00%)
phase1. M2         Overflow =     1 Max = 1 (GRCs =  7) GRCs =     7 (0.01%)
phase1. M3         Overflow =     0 Max = 1 (GRCs =  1) GRCs =     1 (0.00%)
phase1. M4         Overflow =     0 Max = 0 (GRCs =  0) GRCs =     0 (0.00%)
phase1. M5         Overflow =     0 Max = 0 (GRCs =  0) GRCs =     0 (0.00%)
phase1. M6         Overflow =     0 Max = 0 (GRCs =  0) GRCs =     0 (0.00%)
phase1. M7         Overflow =     0 Max = 0 (GRCs =  0) GRCs =     0 (0.00%)
phase1. M8         Overflow =     0 Max = 0 (GRCs =  0) GRCs =     0 (0.00%)
phase1. M9         Overflow =     0 Max = 0 (GRCs =  0) GRCs =     0 (0.00%)
phase1. MRDL       Overflow =     0 Max = 0 (GRCs =  0) GRCs =     0 (0.00%)

phase1. Total Wire Length = 38.11
phase1. Layer M1 wire length = 4.05
phase1. Layer M2 wire length = 1.65
phase1. Layer M3 wire length = 28.89
phase1. Layer M4 wire length = 3.52
phase1. Layer M5 wire length = 0.00
phase1. Layer M6 wire length = 0.00
phase1. Layer M7 wire length = 0.00
phase1. Layer M8 wire length = 0.00
phase1. Layer M9 wire length = 0.00
phase1. Layer MRDL wire length = 0.00
phase1. Total Number of Contacts = 43
phase1. Via VIA12SQ_C count = 20
phase1. Via VIA23SQ_C count = 21
phase1. Via VIA34SQ_C count = 2
phase1. Via VIA45SQ_C count = 0
phase1. Via VIA56SQ_C count = 0
phase1. Via VIA67SQ_C count = 0
phase1. Via VIA78SQ_C count = 0
phase1. Via VIA89_C count = 0
phase1. Via VIA9RDL count = 0
phase1. completed.

Start GR phase 2
Current Stage stats:
[End of Phase2 Routing] Elapsed real time: 0:00:00 
[End of Phase2 Routing] Elapsed cpu  time: sys=0:00:00 usr=0:00:00 total=0:00:00
[End of Phase2 Routing] Stage (MB): Used    0  Alloctr    0  Proc    0 
[End of Phase2 Routing] Total (MB): Used  136  Alloctr  141  Proc 2908 
phase2. Routing result:
phase2. Both Dirs: Overflow =     1 Max = 1 GRCs =     7 (0.00%)
phase2. H routing: Overflow =     0 Max = 1 (GRCs =  1) GRCs =     1 (0.00%)
phase2. V routing: Overflow =     1 Max = 1 (GRCs =  6) GRCs =     6 (0.01%)
phase2. M1         Overflow =     0 Max = 0 (GRCs =  0) GRCs =     0 (0.00%)
phase2. M2         Overflow =     1 Max = 1 (GRCs =  6) GRCs =     6 (0.01%)
phase2. M3         Overflow =     0 Max = 1 (GRCs =  1) GRCs =     1 (0.00%)
phase2. M4         Overflow =     0 Max = 0 (GRCs =  0) GRCs =     0 (0.00%)
phase2. M5         Overflow =     0 Max = 0 (GRCs =  0) GRCs =     0 (0.00%)
phase2. M6         Overflow =     0 Max = 0 (GRCs =  0) GRCs =     0 (0.00%)
phase2. M7         Overflow =     0 Max = 0 (GRCs =  0) GRCs =     0 (0.00%)
phase2. M8         Overflow =     0 Max = 0 (GRCs =  0) GRCs =     0 (0.00%)
phase2. M9         Overflow =     0 Max = 0 (GRCs =  0) GRCs =     0 (0.00%)
phase2. MRDL       Overflow =     0 Max = 0 (GRCs =  0) GRCs =     0 (0.00%)

phase2. Total Wire Length = 38.11
phase2. Layer M1 wire length = 4.05
phase2. Layer M2 wire length = 1.65
phase2. Layer M3 wire length = 28.89
phase2. Layer M4 wire length = 3.52
phase2. Layer M5 wire length = 0.00
phase2. Layer M6 wire length = 0.00
phase2. Layer M7 wire length = 0.00
phase2. Layer M8 wire length = 0.00
phase2. Layer M9 wire length = 0.00
phase2. Layer MRDL wire length = 0.00
phase2. Total Number of Contacts = 43
phase2. Via VIA12SQ_C count = 20
phase2. Via VIA23SQ_C count = 21
phase2. Via VIA34SQ_C count = 2
phase2. Via VIA45SQ_C count = 0
phase2. Via VIA56SQ_C count = 0
phase2. Via VIA67SQ_C count = 0
phase2. Via VIA78SQ_C count = 0
phase2. Via VIA89_C count = 0
phase2. Via VIA9RDL count = 0
phase2. completed.
[End of Whole Chip Routing] Elapsed real time: 0:00:00 
[End of Whole Chip Routing] Elapsed cpu  time: sys=0:00:00 usr=0:00:00 total=0:00:01
[End of Whole Chip Routing] Stage (MB): Used   26  Alloctr   27  Proc    0 
[End of Whole Chip Routing] Total (MB): Used  136  Alloctr  141  Proc 2908 

Information: Global Routing terminated early: true (ZRT-103)

Congestion utilization per direction:
Average vertical track utilization   =  0.67 %
Peak    vertical track utilization   = 66.67 %
Average horizontal track utilization =  0.84 %
Peak    horizontal track utilization = 60.00 %

Current Stage stats:
[GR: Done] Elapsed real time: 0:00:00 
[GR: Done] Elapsed cpu  time: sys=0:00:00 usr=0:00:00 total=0:00:00
[GR: Done] Stage (MB): Used  -11  Alloctr  -12  Proc    0 
[GR: Done] Total (MB): Used  125  Alloctr  130  Proc 2908 
GR Total stats:
[GR: Done] Elapsed real time: 0:00:00 
[GR: Done] Elapsed cpu  time: sys=0:00:00 usr=0:00:01 total=0:00:01
[GR: Done] Stage (MB): Used   16  Alloctr   16  Proc    0 
[GR: Done] Total (MB): Used  125  Alloctr  130  Proc 2908 
Updating congestion ...
Updating congestion ...
Final total stats:
[End of Global Routing] Elapsed real time: 0:00:00 
[End of Global Routing] Elapsed cpu  time: sys=0:00:00 usr=0:00:01 total=0:00:02
[End of Global Routing] Stage (MB): Used    0  Alloctr    0  Proc    0 
[End of Global Routing] Total (MB): Used  109  Alloctr  114  Proc 2908 

Start track assignment

Printing options for 'route.common.*'

Printing options for 'route.track.*'
track.timing_driven                                     :	 false               

Information: Using 12 threads for routing. (ZRT-444)
Information: RC layer preference is turned on for this design. (ZRT-613)

[Track Assign: Read routes] Elapsed real time: 0:00:00 
[Track Assign: Read routes] Elapsed cpu  time: sys=0:00:00 usr=0:00:00 total=0:00:00
[Track Assign: Read routes] Stage (MB): Used    6  Alloctr    5  Proc    0 
[Track Assign: Read routes] Total (MB): Used  112  Alloctr  115  Proc 2908 

Start initial assignment

Assign Horizontal partitions, iteration 0
Routed partition 1/106     
Routed partition 4/106     
Routed partition 4/106     
Routed partition 4/106     
Routed partition 5/106     
Routed partition 6/106     
Routed partition 8/106     
Routed partition 10/106    
Routed partition 13/106    
Routed partition 13/106    
Routed partition 14/106    
Routed partition 14/106    
Routed partition 15/106    
Routed partition 15/106    
Routed partition 15/106    
Routed partition 16/106    
Routed partition 18/106    
Routed partition 19/106    
Routed partition 19/106    
Routed partition 21/106    
Routed partition 21/106    
Routed partition 22/106    
Routed partition 25/106    
Routed partition 26/106    
Routed partition 26/106    
Routed partition 26/106    
Routed partition 27/106    
Routed partition 29/106    
Routed partition 35/106    
Routed partition 35/106    
Routed partition 35/106    
Routed partition 36/106    
Routed partition 36/106    
Routed partition 36/106    
Routed partition 36/106    
Routed partition 36/106    
Routed partition 37/106    
Routed partition 41/106    
Routed partition 41/106    
Routed partition 41/106    
Routed partition 42/106    
Routed partition 42/106    
Routed partition 43/106    
Routed partition 49/106    
Routed partition 51/106    
Routed partition 52/106    
Routed partition 53/106    
Routed partition 53/106    
Routed partition 53/106    
Routed partition 55/106    
Routed partition 55/106    
Routed partition 55/106    
Routed partition 55/106    
Routed partition 55/106    
Routed partition 55/106    
Routed partition 56/106    
Routed partition 57/106    
Routed partition 59/106    
Routed partition 59/106    
Routed partition 62/106    
Routed partition 62/106    
Routed partition 62/106    
Routed partition 66/106    
Routed partition 66/106    
Routed partition 66/106    
Routed partition 66/106    
Routed partition 67/106    
Routed partition 68/106    
Routed partition 69/106    
Routed partition 73/106    
Routed partition 74/106    
Routed partition 74/106    
Routed partition 74/106    
Routed partition 74/106    
Routed partition 75/106    
Routed partition 82/106    
Routed partition 82/106    
Routed partition 83/106    
Routed partition 84/106    
Routed partition 84/106    
Routed partition 85/106    
Routed partition 87/106    
Routed partition 87/106    
Routed partition 88/106    
Routed partition 88/106    
Routed partition 88/106    
Routed partition 90/106    
Routed partition 93/106    
Routed partition 93/106    
Routed partition 94/106    
Routed partition 95/106    
Routed partition 95/106    
Routed partition 95/106    
Routed partition 95/106    
Routed partition 95/106    
Routed partition 96/106    
Routed partition 97/106    
Routed partition 98/106    
Routed partition 99/106    
Routed partition 100/106   
Routed partition 101/106   
Routed partition 102/106   
Routed partition 103/106   
Routed partition 105/106   
Routed partition 105/106   
Routed partition 106/106   

Assign Vertical partitions, iteration 0
Routed partition 1/106     
Routed partition 2/106     
Routed partition 13/106    
Routed partition 14/106    
Routed partition 15/106    
Routed partition 16/106    
Routed partition 16/106    
Routed partition 18/106    
Routed partition 19/106    
Routed partition 19/106    
Routed partition 21/106    
Routed partition 21/106    
Routed partition 23/106    
Routed partition 24/106    
Routed partition 25/106    
Routed partition 25/106    
Routed partition 25/106    
Routed partition 26/106    
Routed partition 26/106    
Routed partition 26/106    
Routed partition 26/106    
Routed partition 26/106    
Routed partition 26/106    
Routed partition 26/106    
Routed partition 27/106    
Routed partition 28/106    
Routed partition 28/106    
Routed partition 28/106    
Routed partition 29/106    
Routed partition 30/106    
Routed partition 31/106    
Routed partition 32/106    
Routed partition 34/106    
Routed partition 35/106    
Routed partition 35/106    
Routed partition 36/106    
Routed partition 39/106    
Routed partition 39/106    
Routed partition 40/106    
Routed partition 41/106    
Routed partition 41/106    
Routed partition 42/106    
Routed partition 43/106    
Routed partition 44/106    
Routed partition 45/106    
Routed partition 46/106    
Routed partition 51/106    
Routed partition 51/106    
Routed partition 52/106    
Routed partition 52/106    
Routed partition 52/106    
Routed partition 52/106    
Routed partition 53/106    
Routed partition 54/106    
Routed partition 58/106    
Routed partition 61/106    
Routed partition 61/106    
Routed partition 61/106    
Routed partition 62/106    
Routed partition 62/106    
Routed partition 62/106    
Routed partition 62/106    
Routed partition 63/106    
Routed partition 64/106    
Routed partition 65/106    
Routed partition 66/106    
Routed partition 67/106    
Routed partition 68/106    
Routed partition 71/106    
Routed partition 71/106    
Routed partition 71/106    
Routed partition 75/106    
Routed partition 75/106    
Routed partition 75/106    
Routed partition 75/106    
Routed partition 76/106    
Routed partition 77/106    
Routed partition 78/106    
Routed partition 82/106    
Routed partition 83/106    
Routed partition 83/106    
Routed partition 83/106    
Routed partition 83/106    
Routed partition 84/106    
Routed partition 85/106    
Routed partition 86/106    
Routed partition 88/106    
Routed partition 88/106    
Routed partition 92/106    
Routed partition 92/106    
Routed partition 93/106    
Routed partition 96/106    
Routed partition 96/106    
Routed partition 96/106    
Routed partition 96/106    
Routed partition 96/106    
Routed partition 97/106    
Routed partition 98/106    
Routed partition 99/106    
Routed partition 100/106   
Routed partition 101/106   
Routed partition 102/106   
Routed partition 103/106   
Routed partition 104/106   
Routed partition 105/106   
Routed partition 106/106   

Number of wires with overlap after iteration 0 = 45 of 118


[Track Assign: Iteration 0] Elapsed real time: 0:00:01 
[Track Assign: Iteration 0] Elapsed cpu  time: sys=0:00:00 usr=0:00:12 total=0:00:12
[Track Assign: Iteration 0] Stage (MB): Used    7  Alloctr    7  Proc   15 
[Track Assign: Iteration 0] Total (MB): Used  113  Alloctr  117  Proc 2923 

Reroute to fix overlaps

Assign Horizontal partitions, iteration 1
Routed partition 1/106     
Routed partition 3/106     
Routed partition 4/106     
Routed partition 4/106     
Routed partition 5/106     
Routed partition 6/106     
Routed partition 7/106     
Routed partition 9/106     
Routed partition 11/106    
Routed partition 12/106    
Routed partition 12/106    
Routed partition 13/106    
Routed partition 13/106    
Routed partition 14/106    
Routed partition 15/106    
Routed partition 16/106    
Routed partition 21/106    
Routed partition 21/106    
Routed partition 22/106    
Routed partition 24/106    
Routed partition 24/106    
Routed partition 24/106    
Routed partition 25/106    
Routed partition 25/106    
Routed partition 25/106    
Routed partition 26/106    
Routed partition 28/106    
Routed partition 28/106    
Routed partition 33/106    
Routed partition 35/106    
Routed partition 35/106    
Routed partition 35/106    
Routed partition 35/106    
Routed partition 35/106    
Routed partition 38/106    
Routed partition 38/106    
Routed partition 38/106    
Routed partition 38/106    
Routed partition 39/106    
Routed partition 45/106    
Routed partition 45/106    
Routed partition 46/106    
Routed partition 48/106    
Routed partition 48/106    
Routed partition 49/106    
Routed partition 49/106    
Routed partition 49/106    
Routed partition 51/106    
Routed partition 51/106    
Routed partition 51/106    
Routed partition 51/106    
Routed partition 52/106    
Routed partition 53/106    
Routed partition 57/106    
Routed partition 57/106    
Routed partition 59/106    
Routed partition 59/106    
Routed partition 59/106    
Routed partition 60/106    
Routed partition 60/106    
Routed partition 61/106    
Routed partition 62/106    
Routed partition 63/106    
Routed partition 64/106    
Routed partition 65/106    
Routed partition 66/106    
Routed partition 74/106    
Routed partition 74/106    
Routed partition 74/106    
Routed partition 74/106    
Routed partition 74/106    
Routed partition 75/106    
Routed partition 75/106    
Routed partition 75/106    
Routed partition 75/106    
Routed partition 76/106    
Routed partition 77/106    
Routed partition 78/106    
Routed partition 79/106    
Routed partition 84/106    
Routed partition 84/106    
Routed partition 85/106    
Routed partition 85/106    
Routed partition 85/106    
Routed partition 85/106    
Routed partition 88/106    
Routed partition 88/106    
Routed partition 88/106    
Routed partition 92/106    
Routed partition 92/106    
Routed partition 93/106    
Routed partition 93/106    
Routed partition 93/106    
Routed partition 95/106    
Routed partition 95/106    
Routed partition 96/106    
Routed partition 97/106    
Routed partition 100/106   
Routed partition 100/106   
Routed partition 100/106   
Routed partition 101/106   
Routed partition 102/106   
Routed partition 103/106   
Routed partition 104/106   
Routed partition 105/106   
Routed partition 106/106   

Assign Vertical partitions, iteration 1
Routed partition 1/106     
Routed partition 2/106     
Routed partition 12/106    
Routed partition 12/106    
Routed partition 14/106    
Routed partition 14/106    
Routed partition 17/106    
Routed partition 17/106    
Routed partition 19/106    
Routed partition 20/106    
Routed partition 21/106    
Routed partition 21/106    
Routed partition 22/106    
Routed partition 24/106    
Routed partition 25/106    
Routed partition 25/106    
Routed partition 25/106    
Routed partition 25/106    
Routed partition 26/106    
Routed partition 26/106    
Routed partition 26/106    
Routed partition 26/106    
Routed partition 27/106    
Routed partition 27/106    
Routed partition 27/106    
Routed partition 27/106    
Routed partition 28/106    
Routed partition 28/106    
Routed partition 29/106    
Routed partition 30/106    
Routed partition 34/106    
Routed partition 34/106    
Routed partition 34/106    
Routed partition 34/106    
Routed partition 37/106    
Routed partition 37/106    
Routed partition 37/106    
Routed partition 38/106    
Routed partition 42/106    
Routed partition 44/106    
Routed partition 44/106    
Routed partition 44/106    
Routed partition 46/106    
Routed partition 46/106    
Routed partition 46/106    
Routed partition 47/106    
Routed partition 47/106    
Routed partition 48/106    
Routed partition 50/106    
Routed partition 51/106    
Routed partition 51/106    
Routed partition 52/106    
Routed partition 53/106    
Routed partition 55/106    
Routed partition 55/106    
Routed partition 56/106    
Routed partition 57/106    
Routed partition 63/106    
Routed partition 66/106    
Routed partition 66/106    
Routed partition 66/106    
Routed partition 67/106    
Routed partition 67/106    
Routed partition 67/106    
Routed partition 67/106    
Routed partition 67/106    
Routed partition 67/106    
Routed partition 69/106    
Routed partition 71/106    
Routed partition 72/106    
Routed partition 72/106    
Routed partition 78/106    
Routed partition 78/106    
Routed partition 79/106    
Routed partition 79/106    
Routed partition 79/106    
Routed partition 79/106    
Routed partition 80/106    
Routed partition 80/106    
Routed partition 81/106    
Routed partition 81/106    
Routed partition 82/106    
Routed partition 83/106    
Routed partition 84/106    
Routed partition 85/106    
Routed partition 86/106    
Routed partition 87/106    
Routed partition 88/106    
Routed partition 90/106    
Routed partition 90/106    
Routed partition 91/106    
Routed partition 92/106    
Routed partition 93/106    
Routed partition 94/106    
Routed partition 96/106    
Routed partition 101/106   
Routed partition 101/106   
Routed partition 102/106   
Routed partition 102/106   
Routed partition 102/106   
Routed partition 102/106   
Routed partition 102/106   
Routed partition 104/106   
Routed partition 104/106   
Routed partition 105/106   
Routed partition 106/106   

[Track Assign: Iteration 1] Elapsed real time: 0:00:02 
[Track Assign: Iteration 1] Elapsed cpu  time: sys=0:00:00 usr=0:00:23 total=0:00:23
[Track Assign: Iteration 1] Stage (MB): Used    7  Alloctr    7  Proc   30 
[Track Assign: Iteration 1] Total (MB): Used  113  Alloctr  117  Proc 2938 

Number of wires with overlap after iteration 1 = 41 of 110


Wire length and via report:
---------------------------
Number of M1 wires: 42 		  : 0
Number of M2 wires: 32 		 VIA12SQ_C: 52
Number of M3 wires: 33 		 VIA23SQ_C: 35
Number of M4 wires: 3 		 VIA34SQ_C: 4
Number of M5 wires: 0 		 VIA45SQ_C: 0
Number of M6 wires: 0 		 VIA56SQ_C: 0
Number of M7 wires: 0 		 VIA67SQ_C: 0
Number of M8 wires: 0 		 VIA78SQ_C: 0
Number of M9 wires: 0 		 VIA89_C: 0
Number of MRDL wires: 0 		 VIA9RDL: 0
Total number of wires: 110 		 vias: 91

Total M1 wire length: 9.9
Total M2 wire length: 10.2
Total M3 wire length: 30.4
Total M4 wire length: 4.1
Total M5 wire length: 0.0
Total M6 wire length: 0.0
Total M7 wire length: 0.0
Total M8 wire length: 0.0
Total M9 wire length: 0.0
Total MRDL wire length: 0.0
Total wire length: 54.6

Longest M1 wire length: 1.8
Longest M2 wire length: 1.2
Longest M3 wire length: 2.3
Longest M4 wire length: 3.3
Longest M5 wire length: 0.0
Longest M6 wire length: 0.0
Longest M7 wire length: 0.0
Longest M8 wire length: 0.0
Longest M9 wire length: 0.0
Longest MRDL wire length: 0.0


[Track Assign: Done] Elapsed real time: 0:00:02 
[Track Assign: Done] Elapsed cpu  time: sys=0:00:00 usr=0:00:23 total=0:00:23
[Track Assign: Done] Stage (MB): Used    3  Alloctr    2  Proc   30 
[Track Assign: Done] Total (MB): Used  109  Alloctr  113  Proc 2938 
Skip detail route
Updating the database ...
Information: The net parasitics of block zigbee are cleared. (TIM-123)
1
Done with CCD-tns_area prior to Phase III of datapath opto
Begin building search trees for block zigbee_F.dlib:zigbee_F_cts.design
Done building search trees for block zigbee_F.dlib:zigbee_F_cts.design (time 0s)
Information: The stitching and editing of coupling caps is turned OFF for design 'zigbee_F.dlib:zigbee_F_cts.design'. (TIM-125)
Information: Design zigbee_F_cts has 30672 nets, 0 global routed, 1686 detail routed. (NEX-024)
Number of Site types in the design = 1
Setting up Chip Core
Chip Core shape: (100000 100000) (5222400 5216320)
Number of unique PDs = 1
Number of Power Domains = 1
Number of Voltage Areas = 1
Number of supply Nets = 2
Number of used supplies = 2
Information: The RC mode used is CTO for design 'zigbee'. (NEX-022)
Information: Design Average RC for design zigbee_F_cts  (NEX-011)
Information: r = 1.152344 ohm/um, via_r = 0.500000 ohm/cut, c = 0.085844 ff/um, cc = 0.000000 ff/um (X dir) (NEX-017)
Information: r = 1.399614 ohm/um, via_r = 0.500000 ohm/cut, c = 0.082406 ff/um, cc = 0.000000 ff/um (Y dir) (NEX-017)
Information: Update timing completed net estimation for all the timing graph nets (TIM-111)
Information: Net estimation statistics: timing graph nets = 30670, routed nets = 1686, across physical hierarchy nets = 0, parasitics cached nets = 30670, delay annotated nets = 0, parasitics annotated nets = 0, multi-voltage nets = 0. (TIM-112)
Use advanced legalizer engine : 0

Use advanced legalizer engine : 0
npo-clock-opt optimization Phase 8 Iter  1          0.00      0.00         0       0.090           -           0.316
ORB: timingScenario default timingCorner default
INFO: No leakage and power scenarios. Using regular scenarios instead.
INFO: No active leakage scenarios. Leakage will be turned off
ORB: Nominal = 0.014644  Design MT = 3.636620  Target = 0.070124 (4.789 nominal)  MaxRC = 0.047402
ORB: timingScenario default timingCorner default
INFO: No leakage and power scenarios. Using regular scenarios instead.
INFO: No active leakage scenarios. Leakage will be turned off
ORB: Nominal = 0.014644  Design MT = 3.636620  Target = 0.070124 (4.789 nominal)  MaxRC = 0.047402
npo-clock-opt optimization Phase 8 Iter  2          0.00      0.00         0       0.090           -           0.316

CCL: Total Usage Adjustment : 1
route.global.debug_compact_coef 4
Warning: Cell contains tie connections which are not connected to real PG. (ZRT-511)
Turn off antenna since no rule is specified
Cell Min-Routing-Layer = M3
Cell Max-Routing-Layer = M7
Warning: Cannot find a default contact code for layer CO. (ZRT-022)
rule clk_network_NDR_leaf equivalent to default rule
Warning: Ignore 2 top cell ports with no pins. (ZRT-027)
Info: number of net_type_blockage: 0 
Loading parastics information to the router ...
parastics information loaded to the router.
Information: RC layer preference is turned on for this design. (ZRT-613)
Updating congestion ...
Updating congestion ...
route.global.debug_compact_coef 1
INFO: Derive row count 19 from GR congestion map (79/4)
INFO: Derive col count 19 from GR congestion map (79/4)
npo-clock-opt optimization Phase 9 Iter  1          0.00      0.00         0       0.090           -           0.316
npo-clock-opt optimization Phase 9 Iter  2          0.00      0.00         0       0.090           -           0.316
npo-clock-opt optimization Phase 9 Iter  3          0.00      0.00         0       0.090           -           0.316
npo-clock-opt optimization Phase 9 Iter  4          0.00      0.00         0       0.090           -           0.316
npo-clock-opt optimization Phase 9 Iter  5          0.00      0.00         0       0.090           -           0.316
npo-clock-opt optimization Phase 9 Iter  6          0.00      0.00         0       0.090           -           0.316
npo-clock-opt optimization Phase 9 Iter  7          0.00      0.00         0       0.090           -           0.316

npo-clock-opt optimization Phase 10 Iter  1         0.00      0.00         0       0.090           -           0.316

npo-clock-opt optimization Phase 11 Iter  1         0.00      0.00         0       0.090           -           0.316

Use advanced legalizer engine : 0
npo-clock-opt optimization Phase 12 Iter  1         0.00      0.00         0       0.090           -           0.317
npo-clock-opt optimization Phase 12 Iter  2         0.00      0.00         0       0.090           -           0.317

npo-clock-opt optimization Phase 13 Iter  1         0.00      0.00         0       0.090           -           0.317

CCL: Total Usage Adjustment : 1
route.global.debug_compact_coef 4
Warning: Cell contains tie connections which are not connected to real PG. (ZRT-511)
Turn off antenna since no rule is specified
Cell Min-Routing-Layer = M3
Cell Max-Routing-Layer = M7
Warning: Cannot find a default contact code for layer CO. (ZRT-022)
rule clk_network_NDR_leaf equivalent to default rule
Warning: Ignore 2 top cell ports with no pins. (ZRT-027)
Info: number of net_type_blockage: 0 
Loading parastics information to the router ...
parastics information loaded to the router.
Information: RC layer preference is turned on for this design. (ZRT-613)
Updating congestion ...
Updating congestion ...
route.global.debug_compact_coef 1
INFO: Derive row count 19 from GR congestion map (79/4)
INFO: Derive col count 19 from GR congestion map (79/4)
Use advanced legalizer engine : 0
npo-clock-opt optimization Phase 14 Iter  1         0.00      0.00         0       0.090           -           0.317
npo-clock-opt optimization Phase 14 Iter  2         0.00      0.00         0       0.090           -           0.317
npo-clock-opt optimization Phase 14 Iter  3         0.00      0.00         0       0.090           -           0.317
PBO-INFO:  LR disabled
npo-clock-opt optimization Phase 14 Iter  4         0.00      0.00         0       0.090           -           0.317
PBO-INFO:  LR disabled
npo-clock-opt optimization Phase 14 Iter  5         0.00      0.00         0       0.090           -           0.317

npo-clock-opt optimization Phase 15 Iter  1         0.00      0.00         0       0.090           -           0.317

npo-clock-opt optimization Phase 16 Iter  1         0.00      0.00         0       0.090           -           0.317
{LOPT_M6_M7}
{LOPT_M3_M7}
Layer bins has 1 layers:
--------------------------------------------
Layer bin    = 0
Routing rule = { NDR = LOPT_M3_M7  MinLayer = M3(15)  MaxLayer = M7(23)  MaxVoltg = uninit }
Delay per mm = 0.062
Stage delay  = 0.017404 (ns)
Stage length = 280 (um)
Demand cost  = 1.000000
--------------------------------------------
CCL: Total Usage Adjustment : 1
Calling route_global to generate congestion map
Multi-thread GR for layer opto ...
Start Global Route ... 
[Init] Elapsed real time: 0:00:00 
[Init] Elapsed cpu  time: sys=0:00:00 usr=0:00:00 total=0:00:00
[Init] Stage (MB): Used    0  Alloctr    0  Proc    0 
[Init] Total (MB): Used    5  Alloctr    5  Proc 2938 
Printing options for 'route.common.*'
common.allow_pg_as_shield                               :	 true                
common.check_and_update_via_regions_by_design_tech_file :	 false               
common.check_shield                                     :	 true                
common.clock_topology                                   :	 normal              
common.color_based_dpt_flow                             :	 false               
common.comb_distance                                    :	 2                   
common.concurrent_redundant_via_effort_level            :	 low                 
common.concurrent_redundant_via_mode                    :	 off                 
common.connect_floating_shapes                          :	 false               
common.connect_within_pins_by_layer_name                :	                     
common.continue_with_frozen_global_route                :	 false               
common.crosstalk_effort_level                           :	 low                 
common.derive_connect_within_pin_via_region             :	 false               
common.eco_route_concurrent_redundant_via_effort_level  :	 low                 
common.eco_route_concurrent_redundant_via_mode          :	 off                 
common.enable_multi_thread                              :	 true                
common.extra_nonpreferred_direction_wire_cost_multiplier_by_layer_name:	                     
common.extra_preferred_direction_wire_cost_multiplier_by_layer_name:	                     
common.extra_via_cost_multiplier_by_layer_name          :	                     
common.extra_via_off_grid_cost_multiplier_by_layer_name :	                     
common.floorplan_aware_hier_va_gr                       :	 true                
common.forbid_new_metal_by_layer_name                   :	                     
common.forbid_odd_pitch_jog_by_layer_name               :	                     
common.freeze_layer_by_layer_name                       :	                     
common.freeze_via_to_frozen_layer_by_layer_name         :	                     
common.global_max_layer_mode                            :	 soft                
common.global_min_layer_mode                            :	 soft                
common.high_resistance_flow                             :	 true                
common.ignore_var_spacing_to_blockage                   :	 false               
common.ignore_var_spacing_to_pg                         :	 false               
common.ignore_var_spacing_to_shield                     :	 true                
common.mark_clock_nets_minor_change                     :	 true                
common.min_edge_offset_for_macro_pin_connection_by_layer_name:	                     
common.min_edge_offset_for_top_level_pin_connection_by_layer_name:	                     
common.min_max_layer_distance_threshold                 :	 0                   
common.min_shield_length_by_layer_name                  :	                     
common.net_max_layer_mode                               :	 hard                
common.net_max_layer_mode_soft_cost                     :	 medium              
common.net_min_layer_mode                               :	 soft                
common.net_min_layer_mode_soft_cost                     :	 medium              
common.number_of_secondary_pg_pin_connections           :	 0                   
common.number_of_vias_over_global_max_layer             :	 1                   
common.number_of_vias_over_net_max_layer                :	 1                   
common.number_of_vias_under_global_min_layer            :	 1                   
common.number_of_vias_under_net_min_layer               :	 1                   
common.optimize_for_pin_access                          :	 false               
common.pg_shield_distance_threshold                     :	 0                   
common.pin_spacing_control_mode                         :	 true                
common.post_detail_route_fix_soft_violations            :	 false               
common.post_detail_route_redundant_via_insertion        :	 off                 
common.post_eco_route_fix_soft_violations               :	 false               
common.post_group_route_fix_soft_violations             :	 false               
common.post_incremental_detail_route_fix_soft_violations:	 false               
common.rc_driven_setup_effort_level                     :	 medium              
common.redundant_via_exclude_weight_group_by_layer_name :	                     
common.redundant_via_include_weight_group_by_layer_name :	                     
common.reroute_clock_shapes                             :	 false               
common.reroute_user_shapes                              :	 false               
common.reshield_modified_nets                           :	 off                 
common.rotate_default_vias                              :	 true                
common.route_soft_rule_effort_level                     :	 medium              
common.route_top_boundary_mode                          :	 stay_inside         
common.routing_rule_effort_level                        :	                     
common.secondary_pg_pin_effort_level                    :	 hard                
common.separate_tie_off_from_secondary_pg               :	 false               
common.shielding_nets                                   :	                     
common.single_connection_to_pins                        :	 off                 
common.skip_pnet_ignore_shapes                          :	 false               
common.soft_rule_weight_to_effort_level_map             :	 {low low} {medium medium} {high high}
common.threshold_noise_ratio                            :	 0.35                
common.tie_off_mode                                     :	 all                 
common.track_auto_fill                                  :	 true                
common.verbose_level                                    :	 1                   
common.via_array_mode                                   :	 all                 
common.via_ladder_top_layer_overrides_net_min_layer     :	 false               
common.via_on_grid_by_layer_name                        :	                     
common.virtual_flat                                     :	 false               
common.voltage_area_aware                               :	 relaxed             
common.wide_macro_pin_as_fat_wire                       :	 false               
common.wire_on_grid_by_layer_name                       :	                     

Printing options for 'route.global.*'
global.auto_gcell                                       :	 true                
global.coarse_grid_refinement                           :	 true                
global.congestion_consistent_mode                       :	 true                
global.connect_pins_outside_routing_corridor            :	 true                
global.crosstalk_driven                                 :	 false               
global.custom_track_modeling_enhancement                :	 false               
global.debug_compact_coef                               :	 1                   
global.deterministic                                    :	 off                 
global.double_pattern_utilization_by_layer_name         :	                     
global.effort_level                                     :	 medium              
global.exclude_blocked_gcells_from_congestion_report    :	 false               
global.export_soft_congestion_maps                      :	 false               
global.extra_blocked_layer_utilization_reduction        :	 0                   
global.force_full_effort                                :	 false               
global.force_rerun_after_global_route_opt               :	 false               
global.interactive_multithread_mode                     :	 true                
global.macro_boundary_track_utilization                 :	 100                 
global.macro_boundary_width                             :	 5                   
global.macro_corner_track_utilization                   :	 100                 
global.ndr_dr_shape_as_blockage                         :	 true                
global.pin_access_factor                                :	 1                   
global.placement_timing_driven_mode                     :	 false               
global.report_congestion_enable_cell_snapping           :	 false               
global.report_congestion_ignore_buffers                 :	 false               
global.river_routing_extra_effort                       :	 false               
global.routing_corridor_fast_mode                       :	 true                
global.stats_silent_mode                                :	 true                
global.timing_driven                                    :	 false               
global.timing_driven_effort_level                       :	 high                
global.use_partially_blocked_track_on_zero_cap_gcell    :	 false               
global.via_cut_modeling                                 :	 false               
global.via_density                                      :	 0                   
global.via_optimization                                 :	 true                
global.voltage_area_corner_track_utilization            :	 100                 

Begin global routing.
Warning: Cell contains tie connections which are not connected to real PG. (ZRT-511)
Successfully added cut lay CO
Successfully added cut lay VIA1
Successfully added cut lay VIA2
Successfully added cut lay VIA3
Successfully added cut lay VIA4
Successfully added cut lay VIA5
Successfully added cut lay VIA6
Successfully added cut lay VIA7
Successfully added cut lay VIA8
Successfully added cut lay VIARDL
Turn off antenna since no rule is specified
Cell Min-Routing-Layer = M3
Cell Max-Routing-Layer = M7
Warning: Cannot find a default contact code for layer CO. (ZRT-022)
rule clk_network_NDR_leaf equivalent to default rule
track auto-fill added 2 tracks on M1
track auto-fill added 2 tracks on M2
track auto-fill added 2 tracks on M3
track auto-fill added 2 tracks on M4
track auto-fill added 2 tracks on M5
track auto-fill added 2 tracks on M6
track auto-fill added 2 tracks on M7
track auto-fill added 2 tracks on M8
track auto-fill added 2 tracks on M9
track auto-fill added 1 tracks on MRDL
Found 0 pin access route guide groups.
Warning: Ignore 2 top cell ports with no pins. (ZRT-027)
Info: number of net_type_blockage: 0 
auto selected default vias for NDR rule LOPT_M3_M7 layer VIA1:
  VIA12SQ_C
  VIA12SQ_C-R
auto selected default vias for NDR rule LOPT_M3_M7 layer VIA2:
  VIA23SQ_C-R
  VIA23SQ_C
auto selected default vias for NDR rule LOPT_M3_M7 layer VIA3:
  VIA34SQ_C
  VIA34SQ_C-R
auto selected default vias for NDR rule LOPT_M3_M7 layer VIA4:
  VIA45SQ_C
  VIA45SQ_C-R
auto selected default vias for NDR rule LOPT_M3_M7 layer VIA5:
  VIA56SQ_C
  VIA56SQ_C-R
auto selected default vias for NDR rule LOPT_M3_M7 layer VIA6:
  VIA67SQ_C
  VIA67SQ_C-R
auto selected default vias for NDR rule LOPT_M3_M7 layer VIA7:
  VIA78SQ_C
  VIA78SQ_C-R
auto selected default vias for NDR rule LOPT_M3_M7 layer VIA8:
  VIA89_C-R
  VIA89_C
  VIA89
  VIA89-R
auto selected default vias for NDR rule LOPT_M3_M7 layer VIARDL:
  VIA9RDL
auto selected default vias for NDR rule LOPT_M6_M7 layer VIA1:
  VIA12SQ_C
  VIA12SQ_C-R
auto selected default vias for NDR rule LOPT_M6_M7 layer VIA2:
  VIA23SQ_C-R
  VIA23SQ_C
auto selected default vias for NDR rule LOPT_M6_M7 layer VIA3:
  VIA34SQ_C
  VIA34SQ_C-R
auto selected default vias for NDR rule LOPT_M6_M7 layer VIA4:
  VIA45SQ_C
  VIA45SQ_C-R
auto selected default vias for NDR rule LOPT_M6_M7 layer VIA5:
  VIA56SQ_C
  VIA56SQ_C-R
auto selected default vias for NDR rule LOPT_M6_M7 layer VIA6:
  VIA67SQ_C
  VIA67SQ_C-R
auto selected default vias for NDR rule LOPT_M6_M7 layer VIA7:
  VIA78SQ_C
  VIA78SQ_C-R
auto selected default vias for NDR rule LOPT_M6_M7 layer VIA8:
  VIA89_C-R
  VIA89_C
  VIA89
  VIA89-R
auto selected default vias for NDR rule LOPT_M6_M7 layer VIARDL:
  VIA9RDL
auto selected default vias for NDR rule clk_network_NDR_internal layer VIA1:
  VIA12SQ_C
  VIA12SQ_C-R
auto selected default vias for NDR rule clk_network_NDR_internal layer VIA2:
  VIA23SQ_C-R
  VIA23SQ_C
auto selected default vias for NDR rule clk_network_NDR_internal layer VIA3:
  VIA34SQ_C
  VIA34SQ_C-R
auto selected default vias for NDR rule clk_network_NDR_internal layer VIA4:
  VIA45SQ_C
  VIA45SQ_C-R
auto selected default vias for NDR rule clk_network_NDR_internal layer VIA5:
  VIA56SQ_C
  VIA56SQ_C-R
auto selected default vias for NDR rule clk_network_NDR_internal layer VIA6:
  VIA67SQ_C
  VIA67SQ_C-R
auto selected default vias for NDR rule clk_network_NDR_internal layer VIA7:
  VIA78SQ_C
  VIA78SQ_C-R
auto selected default vias for NDR rule clk_network_NDR_internal layer VIA8:
  VIA89_C-R
  VIA89_C
  VIA89
  VIA89-R
auto selected default vias for NDR rule clk_network_NDR_internal layer VIARDL:
  VIA9RDL
auto selected default vias for NDR rule clk_network_NDR_internal_ext_spacing layer VIA1:
  VIA12SQ_C
  VIA12SQ_C-R
auto selected default vias for NDR rule clk_network_NDR_internal_ext_spacing layer VIA2:
  VIA23SQ_C-R
  VIA23SQ_C
auto selected default vias for NDR rule clk_network_NDR_internal_ext_spacing layer VIA3:
  VIA34SQ_C
  VIA34SQ_C-R
auto selected default vias for NDR rule clk_network_NDR_internal_ext_spacing layer VIA4:
  VIA45SQ_C
  VIA45SQ_C-R
auto selected default vias for NDR rule clk_network_NDR_internal_ext_spacing layer VIA5:
  VIA56SQ_C
  VIA56SQ_C-R
auto selected default vias for NDR rule clk_network_NDR_internal_ext_spacing layer VIA6:
  VIA67SQ_C
  VIA67SQ_C-R
auto selected default vias for NDR rule clk_network_NDR_internal_ext_spacing layer VIA7:
  VIA78SQ_C
  VIA78SQ_C-R
auto selected default vias for NDR rule clk_network_NDR_internal_ext_spacing layer VIA8:
  VIA89_C-R
  VIA89_C
  VIA89
  VIA89-R
auto selected default vias for NDR rule clk_network_NDR_internal_ext_spacing layer VIARDL:
  VIA9RDL
auto selected default vias for NDR rule clk_network_NDR_leaf layer VIA1:
  VIA12SQ_C
  VIA12SQ_C-R
auto selected default vias for NDR rule clk_network_NDR_leaf layer VIA2:
  VIA23SQ_C-R
  VIA23SQ_C
auto selected default vias for NDR rule clk_network_NDR_leaf layer VIA3:
  VIA34SQ_C
  VIA34SQ_C-R
auto selected default vias for NDR rule clk_network_NDR_leaf layer VIA4:
  VIA45SQ_C
  VIA45SQ_C-R
auto selected default vias for NDR rule clk_network_NDR_leaf layer VIA5:
  VIA56SQ_C
  VIA56SQ_C-R
auto selected default vias for NDR rule clk_network_NDR_leaf layer VIA6:
  VIA67SQ_C
  VIA67SQ_C-R
auto selected default vias for NDR rule clk_network_NDR_leaf layer VIA7:
  VIA78SQ_C
  VIA78SQ_C-R
auto selected default vias for NDR rule clk_network_NDR_leaf layer VIA8:
  VIA89_C-R
  VIA89_C
  VIA89
  VIA89-R
auto selected default vias for NDR rule clk_network_NDR_leaf layer VIARDL:
  VIA9RDL
auto selected default vias for NDR rule clk_network_NDR_root layer VIA1:
  VIA12SQ_C
  VIA12SQ_C-R
auto selected default vias for NDR rule clk_network_NDR_root layer VIA2:
  VIA23SQ_C-R
  VIA23SQ_C
auto selected default vias for NDR rule clk_network_NDR_root layer VIA3:
  VIA34SQ_C
  VIA34SQ_C-R
auto selected default vias for NDR rule clk_network_NDR_root layer VIA4:
  VIA45SQ_C
  VIA45SQ_C-R
auto selected default vias for NDR rule clk_network_NDR_root layer VIA5:
  VIA56SQ_C
  VIA56SQ_C-R
auto selected default vias for NDR rule clk_network_NDR_root layer VIA6:
  VIA67SQ_C
  VIA67SQ_C-R
auto selected default vias for NDR rule clk_network_NDR_root layer VIA7:
  VIA78SQ_C
  VIA78SQ_C-R
auto selected default vias for NDR rule clk_network_NDR_root layer VIA8:
  VIA89_C-R
  VIA89_C
  VIA89
  VIA89-R
auto selected default vias for NDR rule clk_network_NDR_root layer VIARDL:
  VIA9RDL
auto selected default vias for NDR rule clk_network_NDR_root_ext_spacing layer VIA1:
  VIA12SQ_C
  VIA12SQ_C-R
auto selected default vias for NDR rule clk_network_NDR_root_ext_spacing layer VIA2:
  VIA23SQ_C-R
  VIA23SQ_C
auto selected default vias for NDR rule clk_network_NDR_root_ext_spacing layer VIA3:
  VIA34SQ_C
  VIA34SQ_C-R
auto selected default vias for NDR rule clk_network_NDR_root_ext_spacing layer VIA4:
  VIA45SQ_C
  VIA45SQ_C-R
auto selected default vias for NDR rule clk_network_NDR_root_ext_spacing layer VIA5:
  VIA56SQ_C
  VIA56SQ_C-R
auto selected default vias for NDR rule clk_network_NDR_root_ext_spacing layer VIA6:
  VIA67SQ_C
  VIA67SQ_C-R
auto selected default vias for NDR rule clk_network_NDR_root_ext_spacing layer VIA7:
  VIA78SQ_C
  VIA78SQ_C-R
auto selected default vias for NDR rule clk_network_NDR_root_ext_spacing layer VIA8:
  VIA89_C-R
  VIA89_C
  VIA89
  VIA89-R
auto selected default vias for NDR rule clk_network_NDR_root_ext_spacing layer VIARDL:
  VIA9RDL
auto selected default vias for NDR rule default_rule_equivalent_ndr_double_spacing layer VIA1:
  VIA12SQ_C
  VIA12SQ_C-R
auto selected default vias for NDR rule default_rule_equivalent_ndr_double_spacing layer VIA2:
  VIA23SQ_C-R
  VIA23SQ_C
auto selected default vias for NDR rule default_rule_equivalent_ndr_double_spacing layer VIA3:
  VIA34SQ_C
  VIA34SQ_C-R
auto selected default vias for NDR rule default_rule_equivalent_ndr_double_spacing layer VIA4:
  VIA45SQ_C
  VIA45SQ_C-R
auto selected default vias for NDR rule default_rule_equivalent_ndr_double_spacing layer VIA5:
  VIA56SQ_C
  VIA56SQ_C-R
auto selected default vias for NDR rule default_rule_equivalent_ndr_double_spacing layer VIA6:
  VIA67SQ_C
  VIA67SQ_C-R
auto selected default vias for NDR rule default_rule_equivalent_ndr_double_spacing layer VIA7:
  VIA78SQ_C
  VIA78SQ_C-R
auto selected default vias for NDR rule default_rule_equivalent_ndr_double_spacing layer VIA8:
  VIA89_C-R
  VIA89_C
  VIA89
  VIA89-R
auto selected default vias for NDR rule default_rule_equivalent_ndr_double_spacing layer VIARDL:
  VIA9RDL
Total number of nets = 30672, of which 0 are not extracted
Total number of open nets = 28984, of which 0 are frozen
soft rule LOPT_M3_M7_3_8_wire is redundant
soft rule LOPT_M6_M7_3_8_wire is redundant
[DBIn Done] Elapsed real time: 0:00:00 
[DBIn Done] Elapsed cpu  time: sys=0:00:00 usr=0:00:03 total=0:00:03
[DBIn Done] Stage (MB): Used  105  Alloctr  110  Proc    0 
[DBIn Done] Total (MB): Used  111  Alloctr  116  Proc 2938 
Current Stage stats:
[End of Read DB] Elapsed real time: 0:00:00 
[End of Read DB] Elapsed cpu  time: sys=0:00:00 usr=0:00:03 total=0:00:03
[End of Read DB] Stage (MB): Used  104  Alloctr  109  Proc    0 
[End of Read DB] Total (MB): Used  110  Alloctr  115  Proc 2938 
Loading parastics information to the router ...
parastics information loaded to the router.
Constructing data structure ...
Design statistics:
Design Bounding Box (0.00,0.00,532.24,531.63)
Number of routing layers = 10
layer M1, dir Hor, min width = 0.05, min space = 0.05 pitch = 0.15
layer M2, dir Ver, min width = 0.06, min space = 0.06 pitch = 0.15
layer M3, dir Hor, min width = 0.06, min space = 0.06 pitch = 0.30
layer M4, dir Ver, min width = 0.06, min space = 0.06 pitch = 0.30
layer M5, dir Hor, min width = 0.06, min space = 0.06 pitch = 0.61
layer M6, dir Ver, min width = 0.06, min space = 0.06 pitch = 0.61
layer M7, dir Hor, min width = 0.06, min space = 0.06 pitch = 1.22
layer M8, dir Ver, min width = 0.06, min space = 0.06 pitch = 1.22
layer M9, dir Hor, min width = 0.16, min space = 0.16 pitch = 2.43
layer MRDL, dir Ver, min width = 2.00, min space = 2.00 pitch = 4.86
Current Stage stats:
[End of Build Tech Data] Elapsed real time: 0:00:00 
[End of Build Tech Data] Elapsed cpu  time: sys=0:00:00 usr=0:00:00 total=0:00:00
[End of Build Tech Data] Stage (MB): Used    3  Alloctr    3  Proc    0 
[End of Build Tech Data] Total (MB): Used  113  Alloctr  118  Proc 2938 
Net statistics:
Total number of nets     = 30672
Number of nets to route  = 28984
Number of nets with min-layer-mode soft = 1235
Number of nets with min-layer-mode soft-cost-medium = 1235
Number of nets with max-layer-mode hard = 1682
1688 nets are fully connected,
 of which 1688 are detail routed and 0 are global routed.
313 nets have non-default rule clk_network_NDR_internal
138 nets have non-default rule clk_network_NDR_internal_ext_spacing
3 nets have non-default rule clk_network_NDR_root
1 nets have non-default rule clk_network_NDR_root_ext_spacing
608 nets have non-default rule default_rule_equivalent_ndr_double_spacing
Current Stage stats:
[End of Build All Nets] Elapsed real time: 0:00:00 
[End of Build All Nets] Elapsed cpu  time: sys=0:00:00 usr=0:00:00 total=0:00:00
[End of Build All Nets] Stage (MB): Used    9  Alloctr    9  Proc    0 
[End of Build All Nets] Total (MB): Used  123  Alloctr  128  Proc 2938 
Average gCell capacity  5.85	 on layer (1)	 M1
Average gCell capacity  9.76	 on layer (2)	 M2
Average gCell capacity  5.23	 on layer (3)	 M3
Average gCell capacity  4.98	 on layer (4)	 M4
Average gCell capacity  2.64	 on layer (5)	 M5
Average gCell capacity  2.51	 on layer (6)	 M6
Average gCell capacity  1.34	 on layer (7)	 M7
Average gCell capacity  0.75	 on layer (8)	 M8
Average gCell capacity  0.00	 on layer (9)	 M9
Average gCell capacity  0.00	 on layer (10)	 MRDL
Average number of tracks per gCell 11.00	 on layer (1)	 M1
Average number of tracks per gCell 11.01	 on layer (2)	 M2
Average number of tracks per gCell 5.50	 on layer (3)	 M3
Average number of tracks per gCell 5.51	 on layer (4)	 M4
Average number of tracks per gCell 2.75	 on layer (5)	 M5
Average number of tracks per gCell 2.76	 on layer (6)	 M6
Average number of tracks per gCell 1.38	 on layer (7)	 M7
Average number of tracks per gCell 1.38	 on layer (8)	 M8
Average number of tracks per gCell 0.69	 on layer (9)	 M9
Average number of tracks per gCell 0.35	 on layer (10)	 MRDL
Number of gCells = 1011240
Current Stage stats:
[End of Build Congestion map] Elapsed real time: 0:00:00 
[End of Build Congestion map] Elapsed cpu  time: sys=0:00:00 usr=0:00:00 total=0:00:00
[End of Build Congestion map] Stage (MB): Used   14  Alloctr   14  Proc    0 
[End of Build Congestion map] Total (MB): Used  137  Alloctr  143  Proc 2938 
Information: RC layer preference is turned on for this design. (ZRT-613)
Total stats:
[End of Build Data] Elapsed real time: 0:00:00 
[End of Build Data] Elapsed cpu  time: sys=0:00:00 usr=0:00:00 total=0:00:01
[End of Build Data] Stage (MB): Used   27  Alloctr   28  Proc    0 
[End of Build Data] Total (MB): Used  137  Alloctr  143  Proc 2938 
Current Stage stats:
[End of Blocked Pin Detection] Elapsed real time: 0:00:00 
[End of Blocked Pin Detection] Elapsed cpu  time: sys=0:00:00 usr=0:00:00 total=0:00:00
[End of Blocked Pin Detection] Stage (MB): Used    0  Alloctr    0  Proc    0 
[End of Blocked Pin Detection] Total (MB): Used  137  Alloctr  143  Proc 2938 
Information: Using 12 threads for routing. (ZRT-444)
placement fast mode ON
multi gcell levels ON

Start GR phase 0
10% of nets complete Elapsed cpu time: 0:00:00 Elapsed real time: 0:00:00
13.45 % of the nets are routed.
20% of nets complete Elapsed cpu time: 0:00:00 Elapsed real time: 0:00:00
26.90 % of the nets are routed.
30% of nets complete Elapsed cpu time: 0:00:00 Elapsed real time: 0:00:00
40% of nets complete Elapsed cpu time: 0:00:00 Elapsed real time: 0:00:00
40.35 % of the nets are routed.
50% of nets complete Elapsed cpu time: 0:00:00 Elapsed real time: 0:00:00
53.80 % of the nets are routed.
60% of nets complete Elapsed cpu time: 0:00:00 Elapsed real time: 0:00:00
67.24 % of the nets are routed.
70% of nets complete Elapsed cpu time: 0:00:00 Elapsed real time: 0:00:00
80% of nets complete Elapsed cpu time: 0:00:00 Elapsed real time: 0:00:00
80.69 % of the nets are routed.
90% of nets complete Elapsed cpu time: 0:00:00 Elapsed real time: 0:00:00
94.14 % of the nets are routed.
Current Stage stats:
[End of Initial Routing] Elapsed real time: 0:00:01 
[End of Initial Routing] Elapsed cpu  time: sys=0:00:00 usr=0:00:01 total=0:00:01
[End of Initial Routing] Stage (MB): Used   13  Alloctr   13  Proc    0 
[End of Initial Routing] Total (MB): Used  151  Alloctr  156  Proc 2938 
Initial. Routing result:
Initial. Both Dirs: Overflow =  4794 Max = 6 GRCs =  9324 (4.61%)
Initial. H routing: Overflow =  3861 Max = 6 (GRCs =  1) GRCs =  6854 (6.78%)
Initial. V routing: Overflow =   932 Max = 5 (GRCs =  1) GRCs =  2470 (2.44%)
Initial. M1         Overflow =     0 Max = 0 (GRCs =  0) GRCs =     0 (0.00%)
Initial. M2         Overflow =   331 Max = 5 (GRCs =  1) GRCs =   387 (0.38%)
Initial. M3         Overflow =  3843 Max = 6 (GRCs =  1) GRCs =  6836 (6.76%)
Initial. M4         Overflow =   597 Max = 3 (GRCs =  4) GRCs =  2079 (2.06%)
Initial. M5         Overflow =    18 Max = 1 (GRCs = 18) GRCs =    18 (0.02%)
Initial. M6         Overflow =     4 Max = 1 (GRCs =  4) GRCs =     4 (0.00%)
Initial. M7         Overflow =     0 Max = 0 (GRCs =  0) GRCs =     0 (0.00%)
Initial. M8         Overflow =     0 Max = 0 (GRCs =  0) GRCs =     0 (0.00%)
Initial. M9         Overflow =     0 Max = 0 (GRCs =  0) GRCs =     0 (0.00%)
Initial. MRDL       Overflow =     0 Max = 0 (GRCs =  0) GRCs =     0 (0.00%)

Initial. Total Wire Length = 541743.85
Initial. Layer M1 wire length = 0.00
Initial. Layer M2 wire length = 20.76
Initial. Layer M3 wire length = 223664.03
Initial. Layer M4 wire length = 242307.90
Initial. Layer M5 wire length = 44225.75
Initial. Layer M6 wire length = 31514.59
Initial. Layer M7 wire length = 10.82
Initial. Layer M8 wire length = 0.00
Initial. Layer M9 wire length = 0.00
Initial. Layer MRDL wire length = 0.00
Initial. Total Number of Contacts = 275226
Initial. Via VIA12SQ_C count = 90926
Initial. Via VIA23SQ_C count = 90949
Initial. Via VIA34SQ_C count = 86721
Initial. Via VIA45SQ_C count = 5104
Initial. Via VIA56SQ_C count = 1520
Initial. Via VIA67SQ_C count = 6
Initial. Via VIA78SQ_C count = 0
Initial. Via VIA89_C count = 0
Initial. Via VIA9RDL count = 0
Initial. completed.

Start GR phase 1
10% of nets complete Elapsed cpu time: 0:00:00 Elapsed real time: 0:00:00
20% of nets complete Elapsed cpu time: 0:00:01 Elapsed real time: 0:00:00
30% of nets complete Elapsed cpu time: 0:00:01 Elapsed real time: 0:00:00
40% of nets complete Elapsed cpu time: 0:00:01 Elapsed real time: 0:00:00
50% of nets complete Elapsed cpu time: 0:00:01 Elapsed real time: 0:00:00
60% of nets complete Elapsed cpu time: 0:00:01 Elapsed real time: 0:00:01
70% of nets complete Elapsed cpu time: 0:00:01 Elapsed real time: 0:00:01
80% of nets complete Elapsed cpu time: 0:00:01 Elapsed real time: 0:00:01
90% of nets complete Elapsed cpu time: 0:00:01 Elapsed real time: 0:00:01
Current Stage stats:
[End of Phase1 Routing] Elapsed real time: 0:00:01 
[End of Phase1 Routing] Elapsed cpu  time: sys=0:00:00 usr=0:00:01 total=0:00:01
[End of Phase1 Routing] Stage (MB): Used    1  Alloctr    1  Proc    0 
[End of Phase1 Routing] Total (MB): Used  152  Alloctr  157  Proc 2938 
phase1. Routing result:
phase1. Both Dirs: Overflow =  1496 Max = 6 GRCs =  3916 (1.94%)
phase1. H routing: Overflow =  1149 Max = 6 (GRCs =  1) GRCs =  3146 (3.11%)
phase1. V routing: Overflow =   347 Max = 5 (GRCs =  1) GRCs =   770 (0.76%)
phase1. M1         Overflow =     0 Max = 0 (GRCs =  0) GRCs =     0 (0.00%)
phase1. M2         Overflow =   331 Max = 5 (GRCs =  1) GRCs =   390 (0.39%)
phase1. M3         Overflow =  1148 Max = 6 (GRCs =  1) GRCs =  3144 (3.11%)
phase1. M4         Overflow =    15 Max = 2 (GRCs =  1) GRCs =   380 (0.38%)
phase1. M5         Overflow =     1 Max = 1 (GRCs =  2) GRCs =     2 (0.00%)
phase1. M6         Overflow =     0 Max = 0 (GRCs =  0) GRCs =     0 (0.00%)
phase1. M7         Overflow =     0 Max = 0 (GRCs =  0) GRCs =     0 (0.00%)
phase1. M8         Overflow =     0 Max = 0 (GRCs =  0) GRCs =     0 (0.00%)
phase1. M9         Overflow =     0 Max = 0 (GRCs =  0) GRCs =     0 (0.00%)
phase1. MRDL       Overflow =     0 Max = 0 (GRCs =  0) GRCs =     0 (0.00%)

phase1. Total Wire Length = 547808.72
phase1. Layer M1 wire length = 0.00
phase1. Layer M2 wire length = 1505.98
phase1. Layer M3 wire length = 204453.42
phase1. Layer M4 wire length = 233577.45
phase1. Layer M5 wire length = 65667.35
phase1. Layer M6 wire length = 41666.91
phase1. Layer M7 wire length = 937.61
phase1. Layer M8 wire length = 0.00
phase1. Layer M9 wire length = 0.00
phase1. Layer MRDL wire length = 0.00
phase1. Total Number of Contacts = 281228
phase1. Via VIA12SQ_C count = 90705
phase1. Via VIA23SQ_C count = 90395
phase1. Via VIA34SQ_C count = 88631
phase1. Via VIA45SQ_C count = 8933
phase1. Via VIA56SQ_C count = 2498
phase1. Via VIA67SQ_C count = 66
phase1. Via VIA78SQ_C count = 0
phase1. Via VIA89_C count = 0
phase1. Via VIA9RDL count = 0
phase1. completed.

Start GR phase 2
10% of nets complete Elapsed cpu time: 0:00:00 Elapsed real time: 0:00:00
20% of nets complete Elapsed cpu time: 0:00:00 Elapsed real time: 0:00:00
30% of nets complete Elapsed cpu time: 0:00:00 Elapsed real time: 0:00:00
40% of nets complete Elapsed cpu time: 0:00:00 Elapsed real time: 0:00:00
50% of nets complete Elapsed cpu time: 0:00:00 Elapsed real time: 0:00:00
60% of nets complete Elapsed cpu time: 0:00:00 Elapsed real time: 0:00:00
70% of nets complete Elapsed cpu time: 0:00:00 Elapsed real time: 0:00:00
80% of nets complete Elapsed cpu time: 0:00:00 Elapsed real time: 0:00:00
90% of nets complete Elapsed cpu time: 0:00:00 Elapsed real time: 0:00:00
Current Stage stats:
[End of Phase2 Routing] Elapsed real time: 0:00:00 
[End of Phase2 Routing] Elapsed cpu  time: sys=0:00:00 usr=0:00:00 total=0:00:00
[End of Phase2 Routing] Stage (MB): Used    0  Alloctr    0  Proc    0 
[End of Phase2 Routing] Total (MB): Used  152  Alloctr  157  Proc 2938 
phase2. Routing result:
phase2. Both Dirs: Overflow =   593 Max = 5 GRCs =   547 (0.27%)
phase2. H routing: Overflow =   519 Max = 5 (GRCs =  1) GRCs =   448 (0.44%)
phase2. V routing: Overflow =    73 Max = 3 (GRCs =  1) GRCs =    99 (0.10%)
phase2. M1         Overflow =     0 Max = 0 (GRCs =  0) GRCs =     0 (0.00%)
phase2. M2         Overflow =    73 Max = 3 (GRCs =  1) GRCs =    99 (0.10%)
phase2. M3         Overflow =   519 Max = 5 (GRCs =  1) GRCs =   448 (0.44%)
phase2. M4         Overflow =     0 Max = 0 (GRCs =  0) GRCs =     0 (0.00%)
phase2. M5         Overflow =     0 Max = 0 (GRCs =  0) GRCs =     0 (0.00%)
phase2. M6         Overflow =     0 Max = 0 (GRCs =  0) GRCs =     0 (0.00%)
phase2. M7         Overflow =     0 Max = 0 (GRCs =  0) GRCs =     0 (0.00%)
phase2. M8         Overflow =     0 Max = 0 (GRCs =  0) GRCs =     0 (0.00%)
phase2. M9         Overflow =     0 Max = 0 (GRCs =  0) GRCs =     0 (0.00%)
phase2. MRDL       Overflow =     0 Max = 0 (GRCs =  0) GRCs =     0 (0.00%)

phase2. Total Wire Length = 547750.82
phase2. Layer M1 wire length = 0.00
phase2. Layer M2 wire length = 1641.03
phase2. Layer M3 wire length = 204000.70
phase2. Layer M4 wire length = 233590.98
phase2. Layer M5 wire length = 65920.39
phase2. Layer M6 wire length = 41606.69
phase2. Layer M7 wire length = 991.04
phase2. Layer M8 wire length = 0.00
phase2. Layer M9 wire length = 0.00
phase2. Layer MRDL wire length = 0.00
phase2. Total Number of Contacts = 281328
phase2. Via VIA12SQ_C count = 90707
phase2. Via VIA23SQ_C count = 90377
phase2. Via VIA34SQ_C count = 88654
phase2. Via VIA45SQ_C count = 9027
phase2. Via VIA56SQ_C count = 2493
phase2. Via VIA67SQ_C count = 70
phase2. Via VIA78SQ_C count = 0
phase2. Via VIA89_C count = 0
phase2. Via VIA9RDL count = 0
phase2. completed.
Number of multi gcell level routed nets = 1
[End of Whole Chip Routing] Elapsed real time: 0:00:04 
[End of Whole Chip Routing] Elapsed cpu  time: sys=0:00:00 usr=0:00:04 total=0:00:05
[End of Whole Chip Routing] Stage (MB): Used   42  Alloctr   42  Proc    0 
[End of Whole Chip Routing] Total (MB): Used  152  Alloctr  157  Proc 2938 

Information: Global Routing terminated early: false (ZRT-103)

Congestion utilization per direction:
Average vertical track utilization   = 16.62 %
Peak    vertical track utilization   = 120.00 %
Average horizontal track utilization = 17.09 %
Peak    horizontal track utilization = 175.00 %

Current Stage stats:
[GR: Done] Elapsed real time: 0:00:00 
[GR: Done] Elapsed cpu  time: sys=0:00:00 usr=0:00:00 total=0:00:00
[GR: Done] Stage (MB): Used  -12  Alloctr  -12  Proc    0 
[GR: Done] Total (MB): Used  140  Alloctr  146  Proc 2938 
GR Total stats:
[GR: Done] Elapsed real time: 0:00:04 
[GR: Done] Elapsed cpu  time: sys=0:00:01 usr=0:00:08 total=0:00:10
[GR: Done] Stage (MB): Used  135  Alloctr  140  Proc    0 
[GR: Done] Total (MB): Used  140  Alloctr  146  Proc 2938 
Writing out congestion map...
Updating congestion ...
Updating congestion ...
[DBOUT] Elapsed real time: 0:00:00 
[DBOUT] Elapsed cpu  time: sys=0:00:00 usr=0:00:00 total=0:00:00
[DBOUT] Stage (MB): Used -123  Alloctr -128  Proc    0 
[DBOUT] Total (MB): Used    4  Alloctr    5  Proc 2938 
Final total stats:
[End of Global Routing] Elapsed real time: 0:00:05 
[End of Global Routing] Elapsed cpu  time: sys=0:00:01 usr=0:00:08 total=0:00:10
[End of Global Routing] Stage (MB): Used    0  Alloctr    0  Proc    0 
[End of Global Routing] Total (MB): Used    4  Alloctr    5  Proc 2938 
INFO: Derive row count 79 from GR congestion map (318/4)
INFO: Derive col count 79 from GR congestion map (318/4)
Convert timing mode ...
APS-LP[ 1 ]: Congestion map has been initialized.
{ICC2_GENERATED_DEFAULT_SPACING_RULE}
Total number of nets with NDR annotated: 0

npo-clock-opt optimization Phase 17 Iter  1         0.00      0.00         0       0.090           -           0.319

npo-clock-opt optimization Phase 18 Iter  1         0.00      0.00         0       0.090           -           0.319

Use advanced legalizer engine : 0
npo-clock-opt optimization Phase 19 Iter  1         0.00      0.00         0       0.090           -           0.319

Use advanced legalizer engine : 0
npo-clock-opt optimization Phase 20 Iter  1         0.00      0.00         0       0.090           -           0.319
npo-clock-opt optimization Phase 20 Iter  2         0.00      0.00         0       0.090           -           0.319

npo-clock-opt optimization Phase 21 Iter  1         0.00   3009.84         0       0.090           -           0.319
npo-clock-opt optimization Phase 21 Iter  2         0.00   3009.84         0       0.090           -           0.319
Begin building search trees for block zigbee_F.dlib:SCRATCH_DESIGN_2147483648.design
Begin building search trees for block zigbee_F.dlib:SCRATCH_DESIGN_2147483649.design
Begin building search trees for block zigbee_F.dlib:SCRATCH_DESIGN_2147483650.design
Begin building search trees for block zigbee_F.dlib:SCRATCH_DESIGN_2147483651.design
Begin building search trees for block zigbee_F.dlib:SCRATCH_DESIGN_2147483652.design
Begin building search trees for block zigbee_F.dlib:SCRATCH_DESIGN_2147483653.design
Begin building search trees for block zigbee_F.dlib:SCRATCH_DESIGN_2147483654.design
Begin building search trees for block zigbee_F.dlib:SCRATCH_DESIGN_2147483655.design
Done building search trees for block zigbee_F.dlib:SCRATCH_DESIGN_2147483648.design (time 0s)
Begin building search trees for block zigbee_F.dlib:SCRATCH_DESIGN_2147483656.design
Begin building search trees for block zigbee_F.dlib:SCRATCH_DESIGN_2147483657.design
Begin building search trees for block zigbee_F.dlib:SCRATCH_DESIGN_2147483658.design
Begin building search trees for block zigbee_F.dlib:SCRATCH_DESIGN_2147483659.design
Done building search trees for block zigbee_F.dlib:SCRATCH_DESIGN_2147483649.design (time 0s)
Done building search trees for block zigbee_F.dlib:SCRATCH_DESIGN_2147483650.design (time 0s)
Done building search trees for block zigbee_F.dlib:SCRATCH_DESIGN_2147483651.design (time 0s)
Done building search trees for block zigbee_F.dlib:SCRATCH_DESIGN_2147483652.design (time 0s)
Done building search trees for block zigbee_F.dlib:SCRATCH_DESIGN_2147483653.design (time 0s)
Done building search trees for block zigbee_F.dlib:SCRATCH_DESIGN_2147483654.design (time 0s)
Done building search trees for block zigbee_F.dlib:SCRATCH_DESIGN_2147483655.design (time 0s)
Done building search trees for block zigbee_F.dlib:SCRATCH_DESIGN_2147483656.design (time 0s)
Done building search trees for block zigbee_F.dlib:SCRATCH_DESIGN_2147483658.design (time 0s)
Done building search trees for block zigbee_F.dlib:SCRATCH_DESIGN_2147483659.design (time 0s)
Done building search trees for block zigbee_F.dlib:SCRATCH_DESIGN_2147483657.design (time 0s)
Information: The RC mode used is CTO for design 'zigbee'. (NEX-022)
Information: Update timing completed net estimation for all the timing graph nets (TIM-111)
Information: Net estimation statistics: timing graph nets = 39525, routed nets = 1686, across physical hierarchy nets = 0, parasitics cached nets = 39525, delay annotated nets = 0, parasitics annotated nets = 0, multi-voltage nets = 0. (TIM-112)
npo-clock-opt optimization Phase 21 Iter  3         0.00      1.91         0       0.226           -           0.324
npo-clock-opt optimization Phase 21 Iter  4         0.00      1.79         0       0.226           -           0.324

npo-clock-opt optimization Phase 22 Iter  1         0.00      0.00         0       0.226           -           0.324

npo-clock-opt optimization Phase 23 Iter  1         0.00      0.00         0       0.226           -           0.324

npo-clock-opt optimization Phase 24 Iter  1         0.00      0.00         0       0.226           -           0.324
----------------------------------------------------------------
running legalize_placement
Information: The net parasitics of block zigbee are cleared. (TIM-123)
nplDplc2Placer::setParam(effort,1)
nplDplc2Placer::setParam(debug,0)
nplDplc2Placer::setParam(site_check,2)
nplDplc2Placer::setParam(app_firm_wgt,0)

Running Advanced Legalizer....
INFO: Setting bounds and VA...
INFO: Setting up voltage area DEFAULT_VA
INFO: Setting up cell instances...
INFO: All fillers in the reference libraries will be considered during legalization/check legality
Information: Initializing site map 'unit' at {10 10} {522.24 521.632}.
INFO: Init siteMap unit with 3370 sites x 306 rows
Adding rule engine Basic Rules version 1.0.0...
Adding rule engine VT Implant Rules version 1.0.0...
Adding rule engine OD Rules version 1.0.0...
Adding rule engine TPO Rules version 1.0.0...
Adding rule engine Pin Access Rules version 1.0.0...
Adding rule engine Span Rules version 1.0.0...
Adding rule engine Index Rules version 1.0.0...
Adding rule engine Color Rules version 1.0.0...
Adding rule engine Inbound (PPNN) Rules version 1.0.0...
Adding rule engine PG DRC/VINS Rules version 1.0.0...
Adding rule engine Exp Rules version 1.0.0...
Adding rule engine N5 Soft Rules version 1.0.0...
2D rule auto detection will enable the following rules:
spacing_rule
pg_drc
INFO: Initializing CTS constraints...
WARNING: No via0 alignment grid is specified, via0 alignment rule will be ignored
WARNING: Please check place.legalize.via0_alignment_grid_name
Constructing pin color alignment legality info...
Initializing PG drc check engine...
Expand check halo by 0.1520 x 0.1520
Scanning PG objects...
PG hash cached 2 nets; 11 viaBoxes; 0 viaMatrices.
PG scanned 280 objects; 79325 vias; 0 staples.
PG scan complete.  Hash key = eb822d0a7a433e8c
Reading PG structure for 'zigbee_F.dlib:zigbee_F_cts.design'
Layer M1: read 0 secDefs  0 sectors
Layer M2: read 6 secDefs  31776 sectors
Layer M3: read 6 secDefs  31776 sectors
Layer M4: read 6 secDefs  31776 sectors
Layer M5: read 6 secDefs  31776 sectors
Layer M6: read 6 secDefs  31776 sectors
Layer M7: read 6 secDefs  31776 sectors
Layer M8: read 12 secDefs  21253 sectors
Layer M9: read 23 secDefs  4969 sectors
Layer MRDL: read 0 secDefs  0 sectors

Sector Array Stats:
Num Sectors: 216878
Num SecDefs:    71
Shared: 63 count; 3442.4 ave; 5390 max
SecDef Shapes: 51 Below-aligned, 0 Above-aligned, 12 Horizontal, 8 Vertical
Referenced Patterns: 4 count; 2.0 ave; 2 max

Place Cache read: 25723 elements -- 2 drcFail 25721 drcOk
Place Cache read: 69 libcells referenced from 2 libs
Place Cache read: used 6 of 71 total secDefs
Access Cache read: 26385 elements -- 2830 drcFail 23555 drcOk
Access Cache read: 82 libcells referenced from 3 libs
Access Cache read: used 6 of 71 total secDefs
Connection checks for layer M2: blocked_pin pin_access_default track_drc pin_extend0
Connection checks for layer M3: blocked_pin pin_access_default track_drc pin_extend1
Connection checks for layer M4: blocked_pin pin_access_default track_drc pin_extend1
Connection checks for layer M5: blocked_pin pin_access_default track_drc pin_extend1
INFO: Extracting M1 PG straps
INFO: Constructing BlkInst pin extension data for fast PG check
INFO: Constructing PG-Via/VIB/VINS layer info (VIA1/M2)...
INFO: PG-Via Abut check extension is 0
INFO: VIB check extension is 0
INFO: VINS check extension is 0
INFO: PG-Via(pg_via_abut) design rule for layer VIA1 and VIA1 not found
INFO: VIB(vib_abut) design rule for layer M2 and VIA1 not found
INFO: VINS(vins_abut) design rule for layer M2 and VIA1 not found
INFO: Enabling hard placement rule spacing_rule...
INFO: Enabling hard placement rule pg_drc...
INFO: Timing cost factor is 0
Information: Legalizing 47507 moveable cells.
..
Legalization progress 5%...
Legalization progress 10%...
Legalization progress 15%...
Legalization progress 20%...
Legalization progress 25%...
Legalization progress 30%...
Legalization progress 35%...
Legalization progress 40%...
Legalization progress 45%...
Legalization progress 50%...
Legalization progress 55%...
Legalization progress 60%...
Legalization progress 65%...
Legalization progress 70%...
Legalization progress 75%...
Legalization progress 80%...
Legalization progress 85%...
Legalization progress 90%...
Legalization progress 95%...
Legalization progress 100%.
10 references with the lowest legality passing rate:
AOI22X1_HVT: 20.7% (917 / 4440)
AO21X1_HVT: 37.8% (2095 / 5543)
OAI22X1_HVT: 39.1% (1907 / 4875)
AO221X1_HVT: 41.0% (100367 / 244792)
AO222X1_HVT: 41.7% (4761 / 11420)
AO22X1_HVT: 45.3% (336118 / 742543)
AO22X2_HVT: 57.7% (2383 / 4127)
AO222X2_HVT: 64.8% (2073 / 3201)
XNOR3X1_HVT: 65.3% (32 / 49)
OA221X1_HVT: 66.8% (3077 / 4607)
================ Displacement Report =================
Area: placed=875498, unplaced=0, fixed=11845, blocked=0, total=1031220
Density = 887343/1031220 sites = 86.05%
Inbound cells: 0; 2-row cells: 0; >2-row cells: 0
    Total cell instance count: 49192 (47507 placed, 0 unplaced, 1685 fixed)
        Number of cells moved: 43440 (88.31%)
    Average cell displacement: 2.9341 um (AW: 2.0717 um = 1.2391 rh)
        RMS cell displacement: 6.7986 um (AW: 4.0947 um = 2.4490 rh)
        Max cell displacement: 111.2843 um = 66.5576 rh
           Max displaced cell: payload_ram/PLACE_HFSINV_3826_4818 (501.112 252.44)
Number of large displacements: 5728
 Large displacement threshold: 3.0000 rh
 Largest displacement cells:
   Cell: payload_ram/PLACE_HFSINV_3826_4818 (INVX1_RVT)
     Input location: (501.112 252.44)
     Legal location: (436.056 162.152)
     Displacement: 111.2843 um, 66.5576 rh.
   Cell: payload_ram/PLACE_HFSINV_68_175 (INVX1_RVT)
     Input location: (505.672 262.472)
     Legal location: (469.496 359.448)
     Displacement: 101.9390 um, 60.9683 rh.
   Cell: payload_ram/PLACE_HFSINV_58_169 (INVX1_RVT)
     Input location: (503.24 265.816)
     Legal location: (468.736 359.448)
     Displacement: 98.2200 um, 58.7440 rh.
   Cell: payload_ram/PLACE_HFSINV_96_172 (INVX1_RVT)
     Input location: (501.72 265.816)
     Legal location: (464.48 356.104)
     Displacement: 97.6665 um, 58.4130 rh.
   Cell: DQPSK_CSK/Imag_Sync_FIFO/U469 (INVX1_HVT)
     Input location: (174.16 519.96)
     Legal location: (156.832 426.328)
     Displacement: 96.8665 um, 57.9345 rh.
   Cell: payload_ram/PLACE_HFSINV_68_178 (INVX1_RVT)
     Input location: (496.704 259.128)
     Legal location: (433.624 188.904)
     Displacement: 94.3954 um, 56.4566 rh.
   Cell: payload_ram/PLACE_HFSINV_5550_5068 (INVX1_RVT)
     Input location: (484.392 239.064)
     Legal location: (449.736 155.464)
     Displacement: 92.0454 um, 55.0511 rh.
   Cell: DQPSK_CSK/Imag_Sync_FIFO/U467 (INVX1_HVT)
     Input location: (177.504 513.272)
     Legal location: (227.816 436.36)
     Displacement: 91.9062 um, 54.9678 rh.
   Cell: payload_ram/PLACE_HFSINV_6336_4865 (INVX1_RVT)
     Input location: (440.92 265.816)
     Legal location: (456.728 356.104)
     Displacement: 91.6614 um, 54.8214 rh.
   Cell: payload_ram/PLACE_HFSINV_67_171 (INVX1_RVT)
     Input location: (486.216 262.472)
     Legal location: (432.864 188.904)
     Displacement: 90.8773 um, 54.3525 rh.
======================================================
Place Cache save: 46758 elements -- 8 drcFail 46750 drcOk
Place Cache save: 94 libcells referenced from 2 libs
Place Cache save: used 6 of 71 total secDefs
Access Cache save: 48636 elements -- 3490 drcFail 45146 drcOk
Access Cache save: 117 libcells referenced from 3 libs
Access Cache save: used 6 of 71 total secDefs
NPLDRC Place Cache: unique cache elements 46758
NPLDRC Place Cache: read cache elements 25723
NPLDRC Place Cache: hit rate  99.2%  (21035 / 2663310)
NPLDRC Access Cache: unique cache elements 48636
NPLDRC Access Cache: read cache elements 26385
NPLDRC Access Cache: hit rate  99.2%  (22251 / 2671367)
NPLDRC Pin Status Cache: no calls
NPLDRC Multi Cell Cache: no calls
NPLDRC ViaLadder Cache: no calls
Legalization succeeded.
Total Legalizer CPU: 49.709
----------------------------------------------------------------
Information: The stitching and editing of coupling caps is turned OFF for design 'zigbee_F.dlib:zigbee_F_cts.design'. (TIM-125)
Information: Design zigbee_F_cts has 49408 nets, 0 global routed, 1686 detail routed. (NEX-024)
Information: The RC mode used is CTO for design 'zigbee'. (NEX-022)
Information: Design Average RC for design zigbee_F_cts  (NEX-011)
Information: r = 1.152344 ohm/um, via_r = 0.500000 ohm/cut, c = 0.089080 ff/um, cc = 0.000000 ff/um (X dir) (NEX-017)
Information: r = 1.399614 ohm/um, via_r = 0.500000 ohm/cut, c = 0.086967 ff/um, cc = 0.000000 ff/um (Y dir) (NEX-017)
Information: Update timing completed net estimation for all the timing graph nets (TIM-111)
Information: Net estimation statistics: timing graph nets = 49406, routed nets = 1686, across physical hierarchy nets = 0, parasitics cached nets = 49406, delay annotated nets = 0, parasitics annotated nets = 0, multi-voltage nets = 0. (TIM-112)
Use advanced legalizer engine : 0

Use advanced legalizer engine : 0
npo-clock-opt optimization Phase 25 Iter  1         0.00      0.00         0       0.226           -           0.338
npo-clock-opt optimization Phase 25 Iter  2         0.00      0.00         0       0.226           -           0.338
npo-clock-opt optimization Phase 25 Iter  3         0.00      0.00         0       0.226           -           0.338
PBO-INFO:  LR disabled
npo-clock-opt optimization Phase 25 Iter  4         0.00      0.00         0       0.226           -           0.339
PBO-INFO:  LR disabled
npo-clock-opt optimization Phase 25 Iter  5         0.00      0.00         0       0.226           -           0.339
npo-clock-opt optimization Phase 25 Iter  6         0.00      0.00         0       0.226           -           0.339

npo-clock-opt optimization Phase 26 Iter  1         0.00      0.00         0       0.226           -           0.339
Running CCD-wnsh_area
xform.liba_use_cache 0
Information: CTS will work on the following scenarios. (CTS-101)
   default	(Mode: default; Corner: default)
Information: CTS will work on all clocks in active scenarios, including 1 master clocks and 0 generated clocks. (CTS-107)
Information: Clock derating is enabled

CTS related app options set by user:
   cts.common.max_fanout = 5
   cts.common.max_net_length = 100
   cts.common.user_instance_name_prefix = CTS_
   cts.compile.enable_global_route = true
   cts.compile.remove_existing_clock_trees = true

Buffer/Inverter reference list for clock tree synthesis:
   saed32_hvt|saed32_hvt_std/NBUFFX16_HVT
   saed32_hvt|saed32_hvt_std/NBUFFX2_HVT
   saed32_hvt|saed32_hvt_std/NBUFFX4_HVT
   saed32_hvt|saed32_hvt_std/NBUFFX8_HVT
   saed32_lvt|saed32_lvt_std/NBUFFX16_LVT
   saed32_lvt|saed32_lvt_std/NBUFFX2_LVT
   saed32_lvt|saed32_lvt_std/NBUFFX4_LVT
   saed32_lvt|saed32_lvt_std/NBUFFX8_LVT
   saed32_rvt|saed32_rvt_std/NBUFFX16_RVT
   saed32_rvt|saed32_rvt_std/NBUFFX2_RVT
   saed32_rvt|saed32_rvt_std/NBUFFX4_RVT
   saed32_rvt|saed32_rvt_std/NBUFFX8_RVT
   saed32_hvt|saed32_hvt_std/IBUFFX16_HVT
   saed32_hvt|saed32_hvt_std/IBUFFX2_HVT
   saed32_hvt|saed32_hvt_std/IBUFFX4_HVT
   saed32_hvt|saed32_hvt_std/IBUFFX8_HVT
   saed32_hvt|saed32_hvt_std/INVX16_HVT
   saed32_hvt|saed32_hvt_std/INVX2_HVT
   saed32_hvt|saed32_hvt_std/INVX4_HVT
   saed32_hvt|saed32_hvt_std/INVX8_HVT
   saed32_lvt|saed32_lvt_std/IBUFFX16_LVT
   saed32_lvt|saed32_lvt_std/IBUFFX2_LVT
   saed32_lvt|saed32_lvt_std/IBUFFX4_LVT
   saed32_lvt|saed32_lvt_std/IBUFFX8_LVT
   saed32_lvt|saed32_lvt_std/INVX16_LVT
   saed32_lvt|saed32_lvt_std/INVX2_LVT
   saed32_lvt|saed32_lvt_std/INVX4_LVT
   saed32_lvt|saed32_lvt_std/INVX8_LVT
   saed32_rvt|saed32_rvt_std/IBUFFX16_RVT
   saed32_rvt|saed32_rvt_std/IBUFFX2_RVT
   saed32_rvt|saed32_rvt_std/IBUFFX4_RVT
   saed32_rvt|saed32_rvt_std/IBUFFX8_RVT
   saed32_rvt|saed32_rvt_std/INVX16_RVT
   saed32_rvt|saed32_rvt_std/INVX2_RVT
   saed32_rvt|saed32_rvt_std/INVX4_RVT
   saed32_rvt|saed32_rvt_std/INVX8_RVT
There is no CTS reference for ICG cells
There is no CTS reference for register cells
Information: 'default' is identified as primary corner for initial clock tree building. (CTS-103)
Number of Site types in the design = 1
Setting up Chip Core
Chip Core shape: (100000 100000) (5222400 5216320)
Number of unique PDs = 1
Number of Power Domains = 1
Number of Voltage Areas = 1
Number of supply Nets = 2
Number of used supplies = 2
CTS NDR rule list:
   Clock: clk (mode default); Net Type: sink;     Rule: clk_network_NDR_leaf; Min Layer: M1; Max Layer: M3
   Clock: clk (mode default); Net Type: internal; Rule: clk_network_NDR_internal; Min Layer: M3; Max Layer: M6
   Clock: clk (mode default); Net Type: root;     Rule: clk_network_NDR_root; Min Layer: M6; Max Layer: M7

Clock cell spacing rule list:
   No clock cell spacing rule is found.
Scenario default::default : setup = true, hold = true
Use advanced legalizer engine : 0
Warning: Routing direction of metal layer PO is neither "horizontal" nor "vertical".  PDC checks will not be performed on this layer. (PDC-003)
PDC app_options settings =========
	place.legalize.enable_prerouted_net_check: 1

Expand check halo by 0.1520 x 0.1520
Scanning PG objects...
PG hash cached 2 nets; 11 viaBoxes; 0 viaMatrices.
PG scanned 280 objects; 79325 vias; 0 staples.
PG scan complete.  Hash key = eb822d0a7a433e8c
Reading PG structure for 'zigbee_F.dlib:zigbee_F_cts.design'
Layer M1: read 0 secDefs  0 sectors
Layer M2: read 6 secDefs  31776 sectors
Layer M3: read 6 secDefs  31776 sectors
Layer M4: read 6 secDefs  31776 sectors
Layer M5: read 6 secDefs  31776 sectors
Layer M6: read 6 secDefs  31776 sectors
Layer M7: read 6 secDefs  31776 sectors
Layer M8: read 12 secDefs  21253 sectors
Layer M9: read 23 secDefs  4969 sectors
Layer MRDL: read 0 secDefs  0 sectors

Sector Array Stats:
Num Sectors: 216878
Num SecDefs:    71
Shared: 63 count; 3442.4 ave; 5390 max
SecDef Shapes: 51 Below-aligned, 0 Above-aligned, 12 Horizontal, 8 Vertical
Referenced Patterns: 4 count; 2.0 ave; 2 max

Place Cache read: 46758 elements -- 8 drcFail 46750 drcOk
Place Cache read: 94 libcells referenced from 2 libs
Place Cache read: used 6 of 71 total secDefs
Access Cache read: 48636 elements -- 3490 drcFail 45146 drcOk
Access Cache read: 117 libcells referenced from 3 libs
Access Cache read: used 6 of 71 total secDefs
Connection checks for layer M2: blocked_pin pin_access_default track_drc pin_extend0
Connection checks for layer M3: blocked_pin pin_access_default track_drc pin_extend1
Connection checks for layer M4: blocked_pin pin_access_default track_drc pin_extend1
Connection checks for layer M5: blocked_pin pin_access_default track_drc pin_extend1
Information: Legalizer's PDC rule check is enabled
Information: Legalizer's advanced rule check is enabled
CCD initialization runtime: cpu 2.332557, elapsed 1.349670, speed up 1.728242.

CCD app options set by user:
   ccd.hold_control_effort = high
   clock_opt.flow.enable_ccd = true
   clock_opt.flow.enable_clock_power_recovery = area
   clock_opt.flow.optimize_ndr = true
   clock_opt.hold.effort = high
Information: The netlist and extraction change observers are disabled for further incremental timing updates during on-route optimization. (TIM-119)
Information: The timing has been updated before disabling netlist and extraction change observers. (TIM-121)
CCD: using 12 threads
CTSSC route status detected: clock (VR 0, GR 0, DR 28633), data (VR 47737, GR 0, DR 0); stage = preroute, isPostRoute = FALSE
Total power = 0.000000, Leakage = 0.000000, Internal = 0.000000, Switching = 0.000000

CCD: Initial QOR:
    Scenario default  WNS = 0.000000, WEIGHTED_GROUP_SLACK = 0.000000, TNS = 0.000000, NVP = 0
    Scenario default  WNHS = 0.228539, TNHS = 1.713162, NHVP = 40
RepeaterCount 1685, RepeaterArea 3010.335680, CellCount 1685, CellArea 3010.335680, FlopCount 6154, FlopArea 40768.763904, LatchCount 0, LatchArea 0.000000
Total power = 0.000000, Leakage = 0.000000, Internal = 0.000000, Switching = 0.000000

    Optimization Summary 		

-------------------------------------------------

	# Drivers Attempted               =          0
	# Skipped during isValid and estimate          =          0
	# Failed subgraph evaluation           =          0
	# Failed main graph committ          =          0
	# Successful main graph commit      =          0
	# NumCTCells changed               =          0


	# Flow total CPU                  =     0.0689
	# Flow total elapsed                  =     0.0688
	# Flow total speed up                =     1.0004

-------------------------------------------------


CCD: After CG based optimization:
    Scenario default  WNS = 0.000000, WEIGHTED_GROUP_SLACK = 0.000000, TNS = 0.000000, NVP = 0
    Scenario default  WNHS = 0.228539, TNHS = 1.713162, NHVP = 40
RepeaterCount 1685, RepeaterArea 3010.335680, CellCount 1685, CellArea 3010.335680, FlopCount 6154, FlopArea 40768.763904, LatchCount 0, LatchArea 0.000000
Total power = 0.000000, Leakage = 0.000000, Internal = 0.000000, Switching = 0.000000
Begin building search trees for block zigbee_F.dlib:SCRATCH_DESIGN_2147483648.design
Done building search trees for block zigbee_F.dlib:SCRATCH_DESIGN_2147483648.design (time 0s)

    Optimization Summary 		

-------------------------------------------------

	# Drivers Attempted               =          1
	# Skipped during isValid and estimate          =          0
	# Failed subgraph evaluation           =          0
	# Failed main graph committ          =          0
	# Successful main graph commit      =          1
	# Subgraph evaluation success rate in percent =     1.0000
	# Sg2Main acceptance ratio in percent      =     1.0000
	# NumCTCells changed               =          0


	# Flow total CPU                  =     0.2868
	# Flow total elapsed                  =     0.2128
	# Flow total speed up                =     1.3479
	# Commit CPU                      =     0.0673
	# Commit elapsed                  =     0.0146
	# Commit speed up                     =     4.6162
	# Sg CPU                      =     0.0372
	# Sg elapsed                  =     0.0159
	# Sg speed up                     =     2.3353
	# The rest of flow speed up          =     1.1074

-------------------------------------------------


CCD: After SC THS sizedown optimization:
    Scenario default  WNS = 0.000000, WEIGHTED_GROUP_SLACK = 0.000000, TNS = 0.000000, NVP = 0
    Scenario default  WNHS = 0.228539, TNHS = 1.713162, NHVP = 40
RepeaterCount 1685, RepeaterArea 3011.860544, CellCount 1685, CellArea 3011.860544, FlopCount 6154, FlopArea 40768.763904, LatchCount 0, LatchArea 0.000000

    Optimization Summary 		

-------------------------------------------------

	# Drivers Attempted               =          0
	# Skipped during isValid and estimate          =          0
	# Failed subgraph evaluation           =          0
	# Failed main graph committ          =          0
	# Successful main graph commit      =          0
	# NumCTCells changed               =          0


	# Flow total CPU                  =     0.1759
	# Flow total elapsed                  =     0.1759
	# Flow total speed up                =     1.0001

-------------------------------------------------


CCD: After SC THS sizeup optimization:
    Scenario default  WNS = 0.000000, WEIGHTED_GROUP_SLACK = 0.000000, TNS = 0.000000, NVP = 0
    Scenario default  WNHS = 0.228539, TNHS = 1.713162, NHVP = 40
RepeaterCount 1685, RepeaterArea 3011.860544, CellCount 1685, CellArea 3011.860544, FlopCount 6154, FlopArea 40768.763904, LatchCount 0, LatchArea 0.000000

    Optimization Summary 		

-------------------------------------------------

	# Drivers Attempted               =          0
	# Skipped during isValid and estimate          =          0
	# Failed subgraph evaluation           =          0
	# Failed main graph committ          =          0
	# Successful main graph commit      =          0
	# NumCTCells changed               =          0


	# Flow total CPU                  =     0.1702
	# Flow total elapsed                  =     0.1702
	# Flow total speed up                =     1.0001

-------------------------------------------------


CCD: After SC THS cluster-buffer optimization:
    Scenario default  WNS = 0.000000, WEIGHTED_GROUP_SLACK = 0.000000, TNS = 0.000000, NVP = 0
    Scenario default  WNHS = 0.228539, TNHS = 1.713162, NHVP = 40
RepeaterCount 1685, RepeaterArea 3011.860544, CellCount 1685, CellArea 3011.860544, FlopCount 6154, FlopArea 40768.763904, LatchCount 0, LatchArea 0.000000

    Optimization Summary 		

-------------------------------------------------

	# Drivers Attempted               =          0
	# Skipped during isValid and estimate          =          0
	# Failed subgraph evaluation           =          0
	# Failed main graph committ          =          0
	# Successful main graph commit      =          0
	# NumCTCells changed               =          0


	# Flow total CPU                  =     0.1609
	# Flow total elapsed                  =     0.1608
	# Flow total speed up                =     1.0001

-------------------------------------------------


CCD: After SC THS partial-buffer optimization:
    Scenario default  WNS = 0.000000, WEIGHTED_GROUP_SLACK = 0.000000, TNS = 0.000000, NVP = 0
    Scenario default  WNHS = 0.228539, TNHS = 1.713162, NHVP = 40
RepeaterCount 1685, RepeaterArea 3011.860544, CellCount 1685, CellArea 3011.860544, FlopCount 6154, FlopArea 40768.763904, LatchCount 0, LatchArea 0.000000
Begin building search trees for block zigbee_F.dlib:SCRATCH_DESIGN_2147483648.design
Begin building search trees for block zigbee_F.dlib:SCRATCH_DESIGN_2147483649.design
Begin building search trees for block zigbee_F.dlib:SCRATCH_DESIGN_2147483650.design
Begin building search trees for block zigbee_F.dlib:SCRATCH_DESIGN_2147483651.design
Begin building search trees for block zigbee_F.dlib:SCRATCH_DESIGN_2147483652.design
Begin building search trees for block zigbee_F.dlib:SCRATCH_DESIGN_2147483653.design
Begin building search trees for block zigbee_F.dlib:SCRATCH_DESIGN_2147483654.design
Begin building search trees for block zigbee_F.dlib:SCRATCH_DESIGN_2147483655.design
Begin building search trees for block zigbee_F.dlib:SCRATCH_DESIGN_2147483656.design
Begin building search trees for block zigbee_F.dlib:SCRATCH_DESIGN_2147483658.design
Begin building search trees for block zigbee_F.dlib:SCRATCH_DESIGN_2147483657.design
Begin building search trees for block zigbee_F.dlib:SCRATCH_DESIGN_2147483659.design
Done building search trees for block zigbee_F.dlib:SCRATCH_DESIGN_2147483648.design (time 0s)
Done building search trees for block zigbee_F.dlib:SCRATCH_DESIGN_2147483649.design (time 0s)
Done building search trees for block zigbee_F.dlib:SCRATCH_DESIGN_2147483650.design (time 0s)
Done building search trees for block zigbee_F.dlib:SCRATCH_DESIGN_2147483651.design (time 0s)
Done building search trees for block zigbee_F.dlib:SCRATCH_DESIGN_2147483652.design (time 0s)
Done building search trees for block zigbee_F.dlib:SCRATCH_DESIGN_2147483653.design (time 0s)
Done building search trees for block zigbee_F.dlib:SCRATCH_DESIGN_2147483654.design (time 0s)
Done building search trees for block zigbee_F.dlib:SCRATCH_DESIGN_2147483655.design (time 0s)
Done building search trees for block zigbee_F.dlib:SCRATCH_DESIGN_2147483656.design (time 0s)
Done building search trees for block zigbee_F.dlib:SCRATCH_DESIGN_2147483658.design (time 0s)
Done building search trees for block zigbee_F.dlib:SCRATCH_DESIGN_2147483657.design (time 0s)
Done building search trees for block zigbee_F.dlib:SCRATCH_DESIGN_2147483659.design (time 0s)
Begin building search trees for block zigbee_F.dlib:SCRATCH_DESIGN_2147483660.design
Begin building search trees for block zigbee_F.dlib:SCRATCH_DESIGN_2147483662.design
Begin building search trees for block zigbee_F.dlib:SCRATCH_DESIGN_2147483661.design
Begin building search trees for block zigbee_F.dlib:SCRATCH_DESIGN_2147483671.design
Done building search trees for block zigbee_F.dlib:SCRATCH_DESIGN_2147483660.design (time 0s)
Begin building search trees for block zigbee_F.dlib:SCRATCH_DESIGN_2147483664.design
Begin building search trees for block zigbee_F.dlib:SCRATCH_DESIGN_2147483666.design
Begin building search trees for block zigbee_F.dlib:SCRATCH_DESIGN_2147483665.design
Begin building search trees for block zigbee_F.dlib:SCRATCH_DESIGN_2147483668.design
Begin building search trees for block zigbee_F.dlib:SCRATCH_DESIGN_2147483670.design
Begin building search trees for block zigbee_F.dlib:SCRATCH_DESIGN_2147483667.design
Begin building search trees for block zigbee_F.dlib:SCRATCH_DESIGN_2147483669.design
Done building search trees for block zigbee_F.dlib:SCRATCH_DESIGN_2147483662.design (time 0s)
Begin building search trees for block zigbee_F.dlib:SCRATCH_DESIGN_2147483663.design
Done building search trees for block zigbee_F.dlib:SCRATCH_DESIGN_2147483661.design (time 0s)
Done building search trees for block zigbee_F.dlib:SCRATCH_DESIGN_2147483671.design (time 0s)
Done building search trees for block zigbee_F.dlib:SCRATCH_DESIGN_2147483664.design (time 0s)
Done building search trees for block zigbee_F.dlib:SCRATCH_DESIGN_2147483666.design (time 0s)
Done building search trees for block zigbee_F.dlib:SCRATCH_DESIGN_2147483665.design (time 0s)
Done building search trees for block zigbee_F.dlib:SCRATCH_DESIGN_2147483668.design (time 0s)
Done building search trees for block zigbee_F.dlib:SCRATCH_DESIGN_2147483670.design (time 0s)
Done building search trees for block zigbee_F.dlib:SCRATCH_DESIGN_2147483667.design (time 0s)
Done building search trees for block zigbee_F.dlib:SCRATCH_DESIGN_2147483669.design (time 0s)
Done building search trees for block zigbee_F.dlib:SCRATCH_DESIGN_2147483663.design (time 0s)
50,2,52|19,1,20|12,12|8,2,10|5,2,7|2,2,4|2,3,5|2,2|0,3|0,1|0,1|
    Optimization Summary 		

-------------------------------------------------

	# Drivers Attempted               =        117
	# Skipped during isValid and estimate          =          0
	# Failed subgraph evaluation           =          0
	# Failed main graph committ          =         17
	# Successful main graph commit      =        100
	# Subgraph evaluation success rate in percent =     1.0000
	# Sg2Main acceptance ratio in percent      =     0.8547
	# NumCTCells changed               =          0


	# Flow total CPU                  =     8.1599
	# Flow total elapsed                  =     1.2232
	# Flow total speed up                =     6.6709
	# Commit CPU                      =     6.9042
	# Commit elapsed                  =     0.7529
	# Commit speed up                     =     9.1696
	# Generator CPU                      =     0.1555
	# Generator elapsed                  =     0.1554
	# Generator speed up                     =     1.0003
	# Filter CPU                      =     0.7508
	# Filter elapsed                  =     0.1756
	# Filter speed up                     =     4.2753
	# Sg CPU                      =     0.2727
	# Sg elapsed                  =     0.0629
	# Sg speed up                     =     4.3374
	# The rest of flow speed up          =     2.6702

-------------------------------------------------


CCD: After area optimization:
    Scenario default  WNS = 0.000000, WEIGHTED_GROUP_SLACK = 0.000000, TNS = 0.000000, NVP = 0
    Scenario default  WNHS = 0.228546, TNHS = 1.709106, NHVP = 41
RepeaterCount 1685, RepeaterArea 2881.992960, CellCount 1685, CellArea 2881.992960, FlopCount 6154, FlopArea 40768.763904, LatchCount 0, LatchArea 0.000000
Total power = 0.000000, Leakage = 0.000000, Internal = 0.000000, Switching = 0.000000
Information: The netlist and extraction change observers are enabled for further incremental timing updates. (TIM-120)
 CCD flow runtime: cpu 9.569152, elapsed 2.618947, speed up 3.653816.
Place Cache save: 46769 elements -- 8 drcFail 46761 drcOk
Place Cache save: 94 libcells referenced from 2 libs
Place Cache save: used 6 of 71 total secDefs
Access Cache save: 48665 elements -- 3490 drcFail 45175 drcOk
Access Cache save: 118 libcells referenced from 3 libs
Access Cache save: used 6 of 71 total secDefs
NPLDRC Place Cache: unique cache elements 46769
NPLDRC Place Cache: read cache elements 46758
NPLDRC Place Cache: hit rate 100.0%  (11 / 37848)
NPLDRC Access Cache: unique cache elements 48665
NPLDRC Access Cache: read cache elements 48636
NPLDRC Access Cache: hit rate  99.9%  (29 / 40597)
NPLDRC Pin Status Cache: no calls
NPLDRC Multi Cell Cache: no calls
NPLDRC ViaLadder Cache: no calls
Mark clock trees...
Marking clock synthesized attributes

nplDplc2Placer::setParam(effort,1)
nplDplc2Placer::setParam(debug,0)
nplDplc2Placer::setParam(site_check,2)
nplDplc2Placer::setParam(app_firm_wgt,0)

Running Advanced Legalizer....
INFO: Setting bounds and VA...
INFO: Setting up voltage area DEFAULT_VA
INFO: Setting up cell instances...
INFO: All fillers in the reference libraries will be considered during legalization/check legality
Information: Initializing site map 'unit' at {10 10} {522.24 521.632}.
INFO: Init siteMap unit with 3370 sites x 306 rows
Adding rule engine Basic Rules version 1.0.0...
Adding rule engine VT Implant Rules version 1.0.0...
Adding rule engine OD Rules version 1.0.0...
Adding rule engine TPO Rules version 1.0.0...
Adding rule engine Pin Access Rules version 1.0.0...
Adding rule engine Span Rules version 1.0.0...
Adding rule engine Index Rules version 1.0.0...
Adding rule engine Color Rules version 1.0.0...
Adding rule engine Inbound (PPNN) Rules version 1.0.0...
Adding rule engine PG DRC/VINS Rules version 1.0.0...
Adding rule engine Exp Rules version 1.0.0...
Adding rule engine N5 Soft Rules version 1.0.0...
2D rule auto detection will enable the following rules:
spacing_rule
pg_drc
INFO: Initializing CTS constraints...
WARNING: No via0 alignment grid is specified, via0 alignment rule will be ignored
WARNING: Please check place.legalize.via0_alignment_grid_name
Constructing pin color alignment legality info...
Initializing PG drc check engine...
Expand check halo by 0.1520 x 0.1520
Scanning PG objects...
PG hash cached 2 nets; 11 viaBoxes; 0 viaMatrices.
PG scanned 280 objects; 79325 vias; 0 staples.
PG scan complete.  Hash key = eb822d0a7a433e8c
Reading PG structure for 'zigbee_F.dlib:zigbee_F_cts.design'
Layer M1: read 0 secDefs  0 sectors
Layer M2: read 6 secDefs  31776 sectors
Layer M3: read 6 secDefs  31776 sectors
Layer M4: read 6 secDefs  31776 sectors
Layer M5: read 6 secDefs  31776 sectors
Layer M6: read 6 secDefs  31776 sectors
Layer M7: read 6 secDefs  31776 sectors
Layer M8: read 12 secDefs  21253 sectors
Layer M9: read 23 secDefs  4969 sectors
Layer MRDL: read 0 secDefs  0 sectors

Sector Array Stats:
Num Sectors: 216878
Num SecDefs:    71
Shared: 63 count; 3442.4 ave; 5390 max
SecDef Shapes: 51 Below-aligned, 0 Above-aligned, 12 Horizontal, 8 Vertical
Referenced Patterns: 4 count; 2.0 ave; 2 max

Place Cache read: 46769 elements -- 8 drcFail 46761 drcOk
Place Cache read: 94 libcells referenced from 2 libs
Place Cache read: used 6 of 71 total secDefs
Access Cache read: 48665 elements -- 3490 drcFail 45175 drcOk
Access Cache read: 118 libcells referenced from 3 libs
Access Cache read: used 6 of 71 total secDefs
Connection checks for layer M2: blocked_pin pin_access_default track_drc pin_extend0
Connection checks for layer M3: blocked_pin pin_access_default track_drc pin_extend1
Connection checks for layer M4: blocked_pin pin_access_default track_drc pin_extend1
Connection checks for layer M5: blocked_pin pin_access_default track_drc pin_extend1
INFO: Extracting M1 PG straps
INFO: Constructing BlkInst pin extension data for fast PG check
INFO: Constructing PG-Via/VIB/VINS layer info (VIA1/M2)...
INFO: PG-Via Abut check extension is 0
INFO: VIB check extension is 0
INFO: VINS check extension is 0
INFO: PG-Via(pg_via_abut) design rule for layer VIA1 and VIA1 not found
INFO: VIB(vib_abut) design rule for layer M2 and VIA1 not found
INFO: VINS(vins_abut) design rule for layer M2 and VIA1 not found
INFO: Enabling hard placement rule spacing_rule...
INFO: Enabling hard placement rule pg_drc...
INFO: Timing cost factor is 0
Information: Legalizing 47507 moveable cells.
..
Legalization progress 5%...
Legalization progress 10%...
Legalization progress 15%...
Legalization progress 20%...
Legalization progress 25%...
Legalization progress 30%...
Legalization progress 35%...
Legalization progress 40%...
Legalization progress 45%...
Legalization progress 50%...
Legalization progress 55%...
Legalization progress 60%...
Legalization progress 65%...
Legalization progress 70%...
Legalization progress 75%...
Legalization progress 80%...
Legalization progress 85%...
Legalization progress 90%...
Legalization progress 95%...
Legalization progress 100%.
10 references with the lowest legality passing rate:
AND2X1_HVT: 100.0% (532 / 532)
AND2X2_HVT: 100.0% (16 / 16)
AND2X2_LVT: 100.0% (1 / 1)
AND2X4_LVT: 100.0% (1 / 1)
AND3X1_HVT: 100.0% (108 / 108)
AND3X1_LVT: 100.0% (1 / 1)
AND3X1_RVT: 100.0% (2 / 2)
AND3X4_LVT: 100.0% (1 / 1)
AND3X4_RVT: 100.0% (2 / 2)
AND4X1_HVT: 100.0% (38 / 38)
================ Displacement Report =================
Area: placed=875498, unplaced=0, fixed=11340, blocked=0, total=1031220
Density = 886838/1031220 sites = 86.00%
Inbound cells: 0; 2-row cells: 0; >2-row cells: 0
    Total cell instance count: 49192 (47507 placed, 0 unplaced, 1685 fixed)
No cells moved
======================================================
NPLDRC Place Cache: unique cache elements 46769
NPLDRC Place Cache: read cache elements 46769
NPLDRC Place Cache: hit rate 100.0%  (0 / 30729)
NPLDRC Access Cache: unique cache elements 48665
NPLDRC Access Cache: read cache elements 48665
NPLDRC Access Cache: hit rate 100.0%  (0 / 30922)
NPLDRC Pin Status Cache: no calls
NPLDRC Multi Cell Cache: no calls
NPLDRC ViaLadder Cache: no calls
 CCD using TA only patch routing
Warning: Cell contains tie connections which are not connected to real PG. (ZRT-511)
Turn off antenna since no rule is specified
Cell Min-Routing-Layer = M3
Cell Max-Routing-Layer = M7
Warning: Cannot find a default contact code for layer CO. (ZRT-022)
rule clk_network_NDR_leaf equivalent to default rule
Warning: Ignore 2 top cell ports with no pins. (ZRT-027)
Info: number of net_type_blockage: 0 
soft rule ICC2_GENERATED_DEFAULT_SPACING_RULE_3_8_wire is redundant
soft rule LOPT_M3_M7_3_8_wire is redundant
soft rule LOPT_M6_M7_3_8_wire is redundant
Start Global Route ... 
[Init] Elapsed real time: 0:00:00 
[Init] Elapsed cpu  time: sys=0:00:00 usr=0:00:00 total=0:00:00
[Init] Stage (MB): Used    0  Alloctr    0  Proc    0 
[Init] Total (MB): Used  121  Alloctr  128  Proc 2938 
Printing options for 'route.common.*'

Printing options for 'route.global.*'
global.crosstalk_driven                                 :	 false               
global.debug_compact_coef                               :	 1                   
global.deterministic                                    :	 off                 
global.placement_timing_driven_mode                     :	 false               
global.timing_driven                                    :	 false               

Begin global routing.
Loading parastics information to the router ...
parastics information loaded to the router.
Constructing data structure ...
Design statistics:
Design Bounding Box (0.00,0.00,532.24,531.63)
Number of routing layers = 10
layer M1, dir Hor, min width = 0.05, min space = 0.05 pitch = 0.15
layer M2, dir Ver, min width = 0.06, min space = 0.06 pitch = 0.15
layer M3, dir Hor, min width = 0.06, min space = 0.06 pitch = 0.30
layer M4, dir Ver, min width = 0.06, min space = 0.06 pitch = 0.30
layer M5, dir Hor, min width = 0.06, min space = 0.06 pitch = 0.61
layer M6, dir Ver, min width = 0.06, min space = 0.06 pitch = 0.61
layer M7, dir Hor, min width = 0.06, min space = 0.06 pitch = 1.22
layer M8, dir Ver, min width = 0.06, min space = 0.06 pitch = 1.22
layer M9, dir Hor, min width = 0.16, min space = 0.16 pitch = 2.43
layer MRDL, dir Ver, min width = 2.00, min space = 2.00 pitch = 4.86
Current Stage stats:
[End of Build Tech Data] Elapsed real time: 0:00:00 
[End of Build Tech Data] Elapsed cpu  time: sys=0:00:00 usr=0:00:00 total=0:00:00
[End of Build Tech Data] Stage (MB): Used    3  Alloctr    3  Proc    0 
[End of Build Tech Data] Total (MB): Used  125  Alloctr  132  Proc 2938 
Warning: No existing global route is available for reuse in incremental global routing. (ZRT-586)
Net statistics:
Total number of nets     = 49408
Number of nets to route  = 1686
Number of nets with min-layer-mode soft = 1235
Number of nets with min-layer-mode soft-cost-medium = 1235
Number of nets with max-layer-mode hard = 1682
1274 nets are partially connected,
 of which 1274 are detail routed and 0 are global routed.
414 nets are fully connected,
 of which 414 are detail routed and 0 are global routed.
313 nets have non-default rule clk_network_NDR_internal
138 nets have non-default rule clk_network_NDR_internal_ext_spacing
3 nets have non-default rule clk_network_NDR_root
1 nets have non-default rule clk_network_NDR_root_ext_spacing
608 nets have non-default rule default_rule_equivalent_ndr_double_spacing
Current Stage stats:
[End of Build All Nets] Elapsed real time: 0:00:00 
[End of Build All Nets] Elapsed cpu  time: sys=0:00:00 usr=0:00:01 total=0:00:01
[End of Build All Nets] Stage (MB): Used   14  Alloctr   14  Proc    0 
[End of Build All Nets] Total (MB): Used  140  Alloctr  146  Proc 2938 
Average gCell capacity  1.83	 on layer (1)	 M1
Average gCell capacity  9.76	 on layer (2)	 M2
Average gCell capacity  5.23	 on layer (3)	 M3
Average gCell capacity  4.98	 on layer (4)	 M4
Average gCell capacity  2.64	 on layer (5)	 M5
Average gCell capacity  2.51	 on layer (6)	 M6
Average gCell capacity  1.34	 on layer (7)	 M7
Average gCell capacity  0.75	 on layer (8)	 M8
Average gCell capacity  0.00	 on layer (9)	 M9
Average gCell capacity  0.00	 on layer (10)	 MRDL
Average number of tracks per gCell 11.00	 on layer (1)	 M1
Average number of tracks per gCell 11.01	 on layer (2)	 M2
Average number of tracks per gCell 5.50	 on layer (3)	 M3
Average number of tracks per gCell 5.51	 on layer (4)	 M4
Average number of tracks per gCell 2.75	 on layer (5)	 M5
Average number of tracks per gCell 2.76	 on layer (6)	 M6
Average number of tracks per gCell 1.38	 on layer (7)	 M7
Average number of tracks per gCell 1.38	 on layer (8)	 M8
Average number of tracks per gCell 0.69	 on layer (9)	 M9
Average number of tracks per gCell 0.35	 on layer (10)	 MRDL
Number of gCells = 1011240
Current Stage stats:
[End of Build Congestion map] Elapsed real time: 0:00:00 
[End of Build Congestion map] Elapsed cpu  time: sys=0:00:00 usr=0:00:00 total=0:00:00
[End of Build Congestion map] Stage (MB): Used   13  Alloctr   14  Proc    0 
[End of Build Congestion map] Total (MB): Used  154  Alloctr  161  Proc 2938 
Information: RC layer preference is turned on for this design. (ZRT-613)
Total stats:
[End of Build Data] Elapsed real time: 0:00:00 
[End of Build Data] Elapsed cpu  time: sys=0:00:00 usr=0:00:01 total=0:00:01
[End of Build Data] Stage (MB): Used   32  Alloctr   32  Proc    0 
[End of Build Data] Total (MB): Used  154  Alloctr  161  Proc 2938 
Current Stage stats:
[End of Blocked Pin Detection] Elapsed real time: 0:00:00 
[End of Blocked Pin Detection] Elapsed cpu  time: sys=0:00:00 usr=0:00:00 total=0:00:00
[End of Blocked Pin Detection] Stage (MB): Used    0  Alloctr    0  Proc    0 
[End of Blocked Pin Detection] Total (MB): Used  154  Alloctr  161  Proc 2938 
Information: Using 12 threads for routing. (ZRT-444)
multi gcell levels ON

Start GR phase 0
Current Stage stats:
[End of Initial Routing] Elapsed real time: 0:00:00 
[End of Initial Routing] Elapsed cpu  time: sys=0:00:00 usr=0:00:00 total=0:00:00
[End of Initial Routing] Stage (MB): Used    0  Alloctr    1  Proc    0 
[End of Initial Routing] Total (MB): Used  155  Alloctr  162  Proc 2938 
Initial. Routing result:
Initial. Both Dirs: Overflow =     8 Max = 2 GRCs =    33 (0.02%)
Initial. H routing: Overflow =     3 Max = 1 (GRCs =  7) GRCs =     7 (0.01%)
Initial. V routing: Overflow =     4 Max = 2 (GRCs =  1) GRCs =    26 (0.03%)
Initial. M1         Overflow =     3 Max = 1 (GRCs =  6) GRCs =     6 (0.01%)
Initial. M2         Overflow =     3 Max = 1 (GRCs = 25) GRCs =    25 (0.02%)
Initial. M3         Overflow =     0 Max = 1 (GRCs =  1) GRCs =     1 (0.00%)
Initial. M4         Overflow =     1 Max = 2 (GRCs =  1) GRCs =     1 (0.00%)
Initial. M5         Overflow =     0 Max = 0 (GRCs =  0) GRCs =     0 (0.00%)
Initial. M6         Overflow =     0 Max = 0 (GRCs =  0) GRCs =     0 (0.00%)
Initial. M7         Overflow =     0 Max = 0 (GRCs =  0) GRCs =     0 (0.00%)
Initial. M8         Overflow =     0 Max = 0 (GRCs =  0) GRCs =     0 (0.00%)
Initial. M9         Overflow =     0 Max = 0 (GRCs =  0) GRCs =     0 (0.00%)
Initial. MRDL       Overflow =     0 Max = 0 (GRCs =  0) GRCs =     0 (0.00%)

Initial. Total Wire Length = 8626.46
Initial. Layer M1 wire length = 27.00
Initial. Layer M2 wire length = 5331.12
Initial. Layer M3 wire length = 3266.92
Initial. Layer M4 wire length = 1.42
Initial. Layer M5 wire length = 0.00
Initial. Layer M6 wire length = 0.00
Initial. Layer M7 wire length = 0.00
Initial. Layer M8 wire length = 0.00
Initial. Layer M9 wire length = 0.00
Initial. Layer MRDL wire length = 0.00
Initial. Total Number of Contacts = 7890
Initial. Via VIA12SQ_C count = 4432
Initial. Via VIA23SQ_C count = 3456
Initial. Via VIA34SQ_C count = 2
Initial. Via VIA45SQ_C count = 0
Initial. Via VIA56SQ_C count = 0
Initial. Via VIA67SQ_C count = 0
Initial. Via VIA78SQ_C count = 0
Initial. Via VIA89_C count = 0
Initial. Via VIA9RDL count = 0
Initial. completed.

Start GR phase 1
Current Stage stats:
[End of Phase1 Routing] Elapsed real time: 0:00:00 
[End of Phase1 Routing] Elapsed cpu  time: sys=0:00:00 usr=0:00:00 total=0:00:00
[End of Phase1 Routing] Stage (MB): Used    0  Alloctr    0  Proc    0 
[End of Phase1 Routing] Total (MB): Used  155  Alloctr  162  Proc 2938 
phase1. Routing result:
phase1. Both Dirs: Overflow =     8 Max = 2 GRCs =    33 (0.02%)
phase1. H routing: Overflow =     3 Max = 1 (GRCs =  7) GRCs =     7 (0.01%)
phase1. V routing: Overflow =     4 Max = 2 (GRCs =  1) GRCs =    26 (0.03%)
phase1. M1         Overflow =     3 Max = 1 (GRCs =  6) GRCs =     6 (0.01%)
phase1. M2         Overflow =     3 Max = 1 (GRCs = 25) GRCs =    25 (0.02%)
phase1. M3         Overflow =     0 Max = 1 (GRCs =  1) GRCs =     1 (0.00%)
phase1. M4         Overflow =     1 Max = 2 (GRCs =  1) GRCs =     1 (0.00%)
phase1. M5         Overflow =     0 Max = 0 (GRCs =  0) GRCs =     0 (0.00%)
phase1. M6         Overflow =     0 Max = 0 (GRCs =  0) GRCs =     0 (0.00%)
phase1. M7         Overflow =     0 Max = 0 (GRCs =  0) GRCs =     0 (0.00%)
phase1. M8         Overflow =     0 Max = 0 (GRCs =  0) GRCs =     0 (0.00%)
phase1. M9         Overflow =     0 Max = 0 (GRCs =  0) GRCs =     0 (0.00%)
phase1. MRDL       Overflow =     0 Max = 0 (GRCs =  0) GRCs =     0 (0.00%)

phase1. Total Wire Length = 8626.46
phase1. Layer M1 wire length = 27.00
phase1. Layer M2 wire length = 5331.12
phase1. Layer M3 wire length = 3266.92
phase1. Layer M4 wire length = 1.42
phase1. Layer M5 wire length = 0.00
phase1. Layer M6 wire length = 0.00
phase1. Layer M7 wire length = 0.00
phase1. Layer M8 wire length = 0.00
phase1. Layer M9 wire length = 0.00
phase1. Layer MRDL wire length = 0.00
phase1. Total Number of Contacts = 7890
phase1. Via VIA12SQ_C count = 4432
phase1. Via VIA23SQ_C count = 3456
phase1. Via VIA34SQ_C count = 2
phase1. Via VIA45SQ_C count = 0
phase1. Via VIA56SQ_C count = 0
phase1. Via VIA67SQ_C count = 0
phase1. Via VIA78SQ_C count = 0
phase1. Via VIA89_C count = 0
phase1. Via VIA9RDL count = 0
phase1. completed.

Start GR phase 2
Current Stage stats:
[End of Phase2 Routing] Elapsed real time: 0:00:00 
[End of Phase2 Routing] Elapsed cpu  time: sys=0:00:00 usr=0:00:00 total=0:00:00
[End of Phase2 Routing] Stage (MB): Used    0  Alloctr    0  Proc    0 
[End of Phase2 Routing] Total (MB): Used  155  Alloctr  162  Proc 2938 
phase2. Routing result:
phase2. Both Dirs: Overflow =     6 Max = 2 GRCs =    17 (0.01%)
phase2. H routing: Overflow =     3 Max = 1 (GRCs =  8) GRCs =     8 (0.01%)
phase2. V routing: Overflow =     3 Max = 2 (GRCs =  1) GRCs =     9 (0.01%)
phase2. M1         Overflow =     3 Max = 1 (GRCs =  6) GRCs =     6 (0.01%)
phase2. M2         Overflow =     1 Max = 1 (GRCs =  8) GRCs =     8 (0.01%)
phase2. M3         Overflow =     0 Max = 1 (GRCs =  2) GRCs =     2 (0.00%)
phase2. M4         Overflow =     1 Max = 2 (GRCs =  1) GRCs =     1 (0.00%)
phase2. M5         Overflow =     0 Max = 0 (GRCs =  0) GRCs =     0 (0.00%)
phase2. M6         Overflow =     0 Max = 0 (GRCs =  0) GRCs =     0 (0.00%)
phase2. M7         Overflow =     0 Max = 0 (GRCs =  0) GRCs =     0 (0.00%)
phase2. M8         Overflow =     0 Max = 0 (GRCs =  0) GRCs =     0 (0.00%)
phase2. M9         Overflow =     0 Max = 0 (GRCs =  0) GRCs =     0 (0.00%)
phase2. MRDL       Overflow =     0 Max = 0 (GRCs =  0) GRCs =     0 (0.00%)

phase2. Total Wire Length = 8626.46
phase2. Layer M1 wire length = 27.00
phase2. Layer M2 wire length = 5331.12
phase2. Layer M3 wire length = 3266.92
phase2. Layer M4 wire length = 1.42
phase2. Layer M5 wire length = 0.00
phase2. Layer M6 wire length = 0.00
phase2. Layer M7 wire length = 0.00
phase2. Layer M8 wire length = 0.00
phase2. Layer M9 wire length = 0.00
phase2. Layer MRDL wire length = 0.00
phase2. Total Number of Contacts = 7890
phase2. Via VIA12SQ_C count = 4432
phase2. Via VIA23SQ_C count = 3456
phase2. Via VIA34SQ_C count = 2
phase2. Via VIA45SQ_C count = 0
phase2. Via VIA56SQ_C count = 0
phase2. Via VIA67SQ_C count = 0
phase2. Via VIA78SQ_C count = 0
phase2. Via VIA89_C count = 0
phase2. Via VIA9RDL count = 0
phase2. completed.

Start GR phase 3
Current Stage stats:
[End of Phase3 Routing] Elapsed real time: 0:00:00 
[End of Phase3 Routing] Elapsed cpu  time: sys=0:00:00 usr=0:00:00 total=0:00:00
[End of Phase3 Routing] Stage (MB): Used    0  Alloctr    0  Proc    0 
[End of Phase3 Routing] Total (MB): Used  155  Alloctr  162  Proc 2938 
phase3. Routing result:
phase3. Both Dirs: Overflow =     6 Max = 2 GRCs =    17 (0.01%)
phase3. H routing: Overflow =     3 Max = 1 (GRCs =  8) GRCs =     8 (0.01%)
phase3. V routing: Overflow =     3 Max = 2 (GRCs =  1) GRCs =     9 (0.01%)
phase3. M1         Overflow =     3 Max = 1 (GRCs =  6) GRCs =     6 (0.01%)
phase3. M2         Overflow =     1 Max = 1 (GRCs =  8) GRCs =     8 (0.01%)
phase3. M3         Overflow =     0 Max = 1 (GRCs =  2) GRCs =     2 (0.00%)
phase3. M4         Overflow =     1 Max = 2 (GRCs =  1) GRCs =     1 (0.00%)
phase3. M5         Overflow =     0 Max = 0 (GRCs =  0) GRCs =     0 (0.00%)
phase3. M6         Overflow =     0 Max = 0 (GRCs =  0) GRCs =     0 (0.00%)
phase3. M7         Overflow =     0 Max = 0 (GRCs =  0) GRCs =     0 (0.00%)
phase3. M8         Overflow =     0 Max = 0 (GRCs =  0) GRCs =     0 (0.00%)
phase3. M9         Overflow =     0 Max = 0 (GRCs =  0) GRCs =     0 (0.00%)
phase3. MRDL       Overflow =     0 Max = 0 (GRCs =  0) GRCs =     0 (0.00%)

phase3. Total Wire Length = 8626.46
phase3. Layer M1 wire length = 27.00
phase3. Layer M2 wire length = 5331.12
phase3. Layer M3 wire length = 3266.92
phase3. Layer M4 wire length = 1.42
phase3. Layer M5 wire length = 0.00
phase3. Layer M6 wire length = 0.00
phase3. Layer M7 wire length = 0.00
phase3. Layer M8 wire length = 0.00
phase3. Layer M9 wire length = 0.00
phase3. Layer MRDL wire length = 0.00
phase3. Total Number of Contacts = 7890
phase3. Via VIA12SQ_C count = 4432
phase3. Via VIA23SQ_C count = 3456
phase3. Via VIA34SQ_C count = 2
phase3. Via VIA45SQ_C count = 0
phase3. Via VIA56SQ_C count = 0
phase3. Via VIA67SQ_C count = 0
phase3. Via VIA78SQ_C count = 0
phase3. Via VIA89_C count = 0
phase3. Via VIA9RDL count = 0
phase3. completed.
[End of Whole Chip Routing] Elapsed real time: 0:00:01 
[End of Whole Chip Routing] Elapsed cpu  time: sys=0:00:00 usr=0:00:02 total=0:00:02
[End of Whole Chip Routing] Stage (MB): Used   33  Alloctr   33  Proc    0 
[End of Whole Chip Routing] Total (MB): Used  155  Alloctr  162  Proc 2938 

Information: Global Routing terminated early: false (ZRT-103)

Congestion utilization per direction:
Average vertical track utilization   =  0.94 %
Peak    vertical track utilization   = 120.00 %
Average horizontal track utilization =  1.39 %
Peak    horizontal track utilization = 60.00 %

Current Stage stats:
[GR: Done] Elapsed real time: 0:00:00 
[GR: Done] Elapsed cpu  time: sys=0:00:00 usr=0:00:00 total=0:00:00
[GR: Done] Stage (MB): Used  -12  Alloctr  -12  Proc    0 
[GR: Done] Total (MB): Used  144  Alloctr  151  Proc 2938 
GR Total stats:
[GR: Done] Elapsed real time: 0:00:01 
[GR: Done] Elapsed cpu  time: sys=0:00:00 usr=0:00:02 total=0:00:02
[GR: Done] Stage (MB): Used   22  Alloctr   22  Proc    0 
[GR: Done] Total (MB): Used  144  Alloctr  151  Proc 2938 
Updating congestion ...
Updating congestion ...
Final total stats:
[End of Global Routing] Elapsed real time: 0:00:01 
[End of Global Routing] Elapsed cpu  time: sys=0:00:00 usr=0:00:02 total=0:00:02
[End of Global Routing] Stage (MB): Used    0  Alloctr    0  Proc    0 
[End of Global Routing] Total (MB): Used  122  Alloctr  128  Proc 2938 

Start track assignment

Printing options for 'route.common.*'

Printing options for 'route.track.*'
track.crosstalk_driven                                  :	 false               
track.timing_driven                                     :	 false               

Information: Using 12 threads for routing. (ZRT-444)
Information: RC layer preference is turned on for this design. (ZRT-613)

[Track Assign: Read routes] Elapsed real time: 0:00:00 
[Track Assign: Read routes] Elapsed cpu  time: sys=0:00:00 usr=0:00:00 total=0:00:00
[Track Assign: Read routes] Stage (MB): Used    9  Alloctr    8  Proc    0 
[Track Assign: Read routes] Total (MB): Used  127  Alloctr  132  Proc 2938 

Start initial assignment

Assign Horizontal partitions, iteration 0
Routed partition 1/106     
Routed partition 2/106     
Routed partition 3/106     
Routed partition 4/106     
Routed partition 5/106     
Routed partition 6/106     
Routed partition 7/106     
Routed partition 8/106     
Routed partition 9/106     
Routed partition 10/106    
Routed partition 11/106    
Routed partition 12/106    
Routed partition 13/106    
Routed partition 14/106    
Routed partition 15/106    
Routed partition 16/106    
Routed partition 17/106    
Routed partition 18/106    
Routed partition 19/106    
Routed partition 20/106    
Routed partition 21/106    
Routed partition 22/106    
Routed partition 23/106    
Routed partition 24/106    
Routed partition 25/106    
Routed partition 26/106    
Routed partition 27/106    
Routed partition 28/106    
Routed partition 29/106    
Routed partition 30/106    
Routed partition 31/106    
Routed partition 32/106    
Routed partition 33/106    
Routed partition 34/106    
Routed partition 35/106    
Routed partition 37/106    
Routed partition 37/106    
Routed partition 38/106    
Routed partition 41/106    
Routed partition 41/106    
Routed partition 41/106    
Routed partition 42/106    
Routed partition 43/106    
Routed partition 45/106    
Routed partition 46/106    
Routed partition 46/106    
Routed partition 47/106    
Routed partition 48/106    
Routed partition 49/106    
Routed partition 50/106    
Routed partition 53/106    
Routed partition 53/106    
Routed partition 53/106    
Routed partition 54/106    
Routed partition 57/106    
Routed partition 57/106    
Routed partition 57/106    
Routed partition 58/106    
Routed partition 59/106    
Routed partition 60/106    
Routed partition 61/106    
Routed partition 62/106    
Routed partition 63/106    
Routed partition 64/106    
Routed partition 65/106    
Routed partition 66/106    
Routed partition 67/106    
Routed partition 68/106    
Routed partition 69/106    
Routed partition 71/106    
Routed partition 71/106    
Routed partition 72/106    
Routed partition 73/106    
Routed partition 74/106    
Routed partition 75/106    
Routed partition 76/106    
Routed partition 77/106    
Routed partition 78/106    
Routed partition 79/106    
Routed partition 80/106    
Routed partition 81/106    
Routed partition 82/106    
Routed partition 83/106    
Routed partition 84/106    
Routed partition 85/106    
Routed partition 87/106    
Routed partition 87/106    
Routed partition 88/106    
Routed partition 89/106    
Routed partition 90/106    
Routed partition 92/106    
Routed partition 92/106    
Routed partition 93/106    
Routed partition 94/106    
Routed partition 95/106    
Routed partition 96/106    
Routed partition 97/106    
Routed partition 98/106    
Routed partition 99/106    
Routed partition 100/106   
Routed partition 101/106   
Routed partition 102/106   
Routed partition 103/106   
Routed partition 104/106   
Routed partition 105/106   
Routed partition 106/106   

Assign Vertical partitions, iteration 0
Routed partition 1/106     
Routed partition 2/106     
Routed partition 3/106     
Routed partition 4/106     
Routed partition 5/106     
Routed partition 6/106     
Routed partition 7/106     
Routed partition 8/106     
Routed partition 9/106     
Routed partition 10/106    
Routed partition 11/106    
Routed partition 12/106    
Routed partition 13/106    
Routed partition 14/106    
Routed partition 15/106    
Routed partition 16/106    
Routed partition 17/106    
Routed partition 18/106    
Routed partition 19/106    
Routed partition 20/106    
Routed partition 21/106    
Routed partition 22/106    
Routed partition 23/106    
Routed partition 24/106    
Routed partition 25/106    
Routed partition 26/106    
Routed partition 27/106    
Routed partition 28/106    
Routed partition 29/106    
Routed partition 30/106    
Routed partition 31/106    
Routed partition 32/106    
Routed partition 33/106    
Routed partition 34/106    
Routed partition 35/106    
Routed partition 36/106    
Routed partition 37/106    
Routed partition 38/106    
Routed partition 39/106    
Routed partition 40/106    
Routed partition 41/106    
Routed partition 42/106    
Routed partition 43/106    
Routed partition 44/106    
Routed partition 45/106    
Routed partition 46/106    
Routed partition 47/106    
Routed partition 48/106    
Routed partition 49/106    
Routed partition 50/106    
Routed partition 51/106    
Routed partition 52/106    
Routed partition 53/106    
Routed partition 54/106    
Routed partition 55/106    
Routed partition 56/106    
Routed partition 57/106    
Routed partition 58/106    
Routed partition 59/106    
Routed partition 61/106    
Routed partition 62/106    
Routed partition 62/106    
Routed partition 63/106    
Routed partition 64/106    
Routed partition 65/106    
Routed partition 66/106    
Routed partition 67/106    
Routed partition 68/106    
Routed partition 69/106    
Routed partition 70/106    
Routed partition 71/106    
Routed partition 72/106    
Routed partition 73/106    
Routed partition 74/106    
Routed partition 75/106    
Routed partition 76/106    
Routed partition 77/106    
Routed partition 78/106    
Routed partition 79/106    
Routed partition 80/106    
Routed partition 81/106    
Routed partition 83/106    
Routed partition 83/106    
Routed partition 84/106    
Routed partition 85/106    
Routed partition 86/106    
Routed partition 87/106    
Routed partition 88/106    
Routed partition 89/106    
Routed partition 90/106    
Routed partition 91/106    
Routed partition 92/106    
Routed partition 93/106    
Routed partition 94/106    
Routed partition 95/106    
Routed partition 96/106    
Routed partition 97/106    
Routed partition 98/106    
Routed partition 99/106    
Routed partition 100/106   
Routed partition 101/106   
Routed partition 102/106   
Routed partition 103/106   
Routed partition 104/106   
Routed partition 105/106   
Routed partition 106/106   

Number of wires with overlap after iteration 0 = 4729 of 15499


[Track Assign: Iteration 0] Elapsed real time: 0:00:05 
[Track Assign: Iteration 0] Elapsed cpu  time: sys=0:00:00 usr=0:00:52 total=0:00:52
[Track Assign: Iteration 0] Stage (MB): Used   10  Alloctr   10  Proc    0 
[Track Assign: Iteration 0] Total (MB): Used  128  Alloctr  134  Proc 2938 

Reroute to fix overlaps

Assign Horizontal partitions, iteration 1
Routed partition 1/106     
Routed partition 2/106     
Routed partition 3/106     
Routed partition 4/106     
Routed partition 8/106     
Routed partition 8/106     
Routed partition 8/106     
Routed partition 8/106     
Routed partition 9/106     
Routed partition 11/106    
Routed partition 11/106    
Routed partition 14/106    
Routed partition 15/106    
Routed partition 15/106    
Routed partition 15/106    
Routed partition 16/106    
Routed partition 17/106    
Routed partition 18/106    
Routed partition 19/106    
Routed partition 20/106    
Routed partition 21/106    
Routed partition 22/106    
Routed partition 23/106    
Routed partition 24/106    
Routed partition 25/106    
Routed partition 26/106    
Routed partition 27/106    
Routed partition 28/106    
Routed partition 29/106    
Routed partition 30/106    
Routed partition 31/106    
Routed partition 32/106    
Routed partition 33/106    
Routed partition 34/106    
Routed partition 35/106    
Routed partition 36/106    
Routed partition 37/106    
Routed partition 38/106    
Routed partition 39/106    
Routed partition 40/106    
Routed partition 41/106    
Routed partition 42/106    
Routed partition 43/106    
Routed partition 44/106    
Routed partition 45/106    
Routed partition 47/106    
Routed partition 47/106    
Routed partition 48/106    
Routed partition 49/106    
Routed partition 50/106    
Routed partition 51/106    
Routed partition 52/106    
Routed partition 53/106    
Routed partition 54/106    
Routed partition 55/106    
Routed partition 56/106    
Routed partition 57/106    
Routed partition 58/106    
Routed partition 59/106    
Routed partition 60/106    
Routed partition 62/106    
Routed partition 62/106    
Routed partition 63/106    
Routed partition 64/106    
Routed partition 65/106    
Routed partition 66/106    
Routed partition 67/106    
Routed partition 68/106    
Routed partition 69/106    
Routed partition 70/106    
Routed partition 73/106    
Routed partition 73/106    
Routed partition 73/106    
Routed partition 74/106    
Routed partition 82/106    
Routed partition 82/106    
Routed partition 82/106    
Routed partition 82/106    
Routed partition 82/106    
Routed partition 82/106    
Routed partition 84/106    
Routed partition 84/106    
Routed partition 84/106    
Routed partition 84/106    
Routed partition 85/106    
Routed partition 86/106    
Routed partition 87/106    
Routed partition 88/106    
Routed partition 89/106    
Routed partition 90/106    
Routed partition 91/106    
Routed partition 92/106    
Routed partition 93/106    
Routed partition 94/106    
Routed partition 95/106    
Routed partition 96/106    
Routed partition 97/106    
Routed partition 98/106    
Routed partition 99/106    
Routed partition 100/106   
Routed partition 101/106   
Routed partition 102/106   
Routed partition 103/106   
Routed partition 104/106   
Routed partition 106/106   
Routed partition 106/106   

Assign Vertical partitions, iteration 1
Routed partition 1/106     
Routed partition 2/106     
Routed partition 3/106     
Routed partition 4/106     
Routed partition 5/106     
Routed partition 6/106     
Routed partition 7/106     
Routed partition 8/106     
Routed partition 9/106     
Routed partition 10/106    
Routed partition 11/106    
Routed partition 13/106    
Routed partition 13/106    
Routed partition 14/106    
Routed partition 16/106    
Routed partition 16/106    
Routed partition 17/106    
Routed partition 18/106    
Routed partition 19/106    
Routed partition 21/106    
Routed partition 21/106    
Routed partition 22/106    
Routed partition 23/106    
Routed partition 24/106    
Routed partition 25/106    
Routed partition 26/106    
Routed partition 27/106    
Routed partition 28/106    
Routed partition 29/106    
Routed partition 30/106    
Routed partition 31/106    
Routed partition 32/106    
Routed partition 33/106    
Routed partition 34/106    
Routed partition 35/106    
Routed partition 36/106    
Routed partition 37/106    
Routed partition 38/106    
Routed partition 39/106    
Routed partition 40/106    
Routed partition 41/106    
Routed partition 42/106    
Routed partition 43/106    
Routed partition 44/106    
Routed partition 45/106    
Routed partition 46/106    
Routed partition 47/106    
Routed partition 48/106    
Routed partition 49/106    
Routed partition 50/106    
Routed partition 51/106    
Routed partition 52/106    
Routed partition 54/106    
Routed partition 54/106    
Routed partition 55/106    
Routed partition 57/106    
Routed partition 57/106    
Routed partition 58/106    
Routed partition 59/106    
Routed partition 60/106    
Routed partition 61/106    
Routed partition 62/106    
Routed partition 63/106    
Routed partition 64/106    
Routed partition 65/106    
Routed partition 66/106    
Routed partition 67/106    
Routed partition 68/106    
Routed partition 69/106    
Routed partition 70/106    
Routed partition 71/106    
Routed partition 72/106    
Routed partition 73/106    
Routed partition 74/106    
Routed partition 75/106    
Routed partition 76/106    
Routed partition 77/106    
Routed partition 78/106    
Routed partition 79/106    
Routed partition 80/106    
Routed partition 81/106    
Routed partition 82/106    
Routed partition 84/106    
Routed partition 85/106    
Routed partition 85/106    
Routed partition 86/106    
Routed partition 87/106    
Routed partition 88/106    
Routed partition 89/106    
Routed partition 90/106    
Routed partition 91/106    
Routed partition 92/106    
Routed partition 93/106    
Routed partition 94/106    
Routed partition 95/106    
Routed partition 96/106    
Routed partition 97/106    
Routed partition 98/106    
Routed partition 99/106    
Routed partition 100/106   
Routed partition 101/106   
Routed partition 102/106   
Routed partition 103/106   
Routed partition 104/106   
Routed partition 105/106   
Routed partition 106/106   

[Track Assign: Iteration 1] Elapsed real time: 0:00:09 
[Track Assign: Iteration 1] Elapsed cpu  time: sys=0:00:00 usr=0:01:40 total=0:01:40
[Track Assign: Iteration 1] Stage (MB): Used   10  Alloctr   10  Proc  150 
[Track Assign: Iteration 1] Total (MB): Used  128  Alloctr  134  Proc 3088 

Number of wires with overlap after iteration 1 = 3825 of 13749


Wire length and via report:
---------------------------
Number of M1 wires: 1667 		  : 0
Number of M2 wires: 7856 		 VIA12SQ_C: 6008
Number of M3 wires: 4225 		 VIA23SQ_C: 6332
Number of M4 wires: 1 		 VIA34SQ_C: 2
Number of M5 wires: 0 		 VIA45SQ_C: 0
Number of M6 wires: 0 		 VIA56SQ_C: 0
Number of M7 wires: 0 		 VIA67SQ_C: 0
Number of M8 wires: 0 		 VIA78SQ_C: 0
Number of M9 wires: 0 		 VIA89_C: 0
Number of MRDL wires: 0 		 VIA9RDL: 0
Total number of wires: 13749 		 vias: 12342

Total M1 wire length: 236.1
Total M2 wire length: 6798.1
Total M3 wire length: 4581.5
Total M4 wire length: 1.5
Total M5 wire length: 0.0
Total M6 wire length: 0.0
Total M7 wire length: 0.0
Total M8 wire length: 0.0
Total M9 wire length: 0.0
Total MRDL wire length: 0.0
Total wire length: 11617.1

Longest M1 wire length: 3.0
Longest M2 wire length: 12.9
Longest M3 wire length: 14.0
Longest M4 wire length: 1.5
Longest M5 wire length: 0.0
Longest M6 wire length: 0.0
Longest M7 wire length: 0.0
Longest M8 wire length: 0.0
Longest M9 wire length: 0.0
Longest MRDL wire length: 0.0


[Track Assign: Done] Elapsed real time: 0:00:09 
[Track Assign: Done] Elapsed cpu  time: sys=0:00:00 usr=0:01:41 total=0:01:41
[Track Assign: Done] Stage (MB): Used    4  Alloctr    4  Proc  150 
[Track Assign: Done] Total (MB): Used  122  Alloctr  128  Proc 3088 
Skip detail route
Updating the database ...
Information: The net parasitics of block zigbee are cleared. (TIM-123)
1
Done with CCD-wnsh_area
Begin building search trees for block zigbee_F.dlib:zigbee_F_cts.design
Done building search trees for block zigbee_F.dlib:zigbee_F_cts.design (time 0s)
Information: The stitching and editing of coupling caps is turned OFF for design 'zigbee_F.dlib:zigbee_F_cts.design'. (TIM-125)
Information: Design zigbee_F_cts has 49408 nets, 0 global routed, 1686 detail routed. (NEX-024)
Number of Site types in the design = 1
Setting up Chip Core
Chip Core shape: (100000 100000) (5222400 5216320)
Number of unique PDs = 1
Number of Power Domains = 1
Number of Voltage Areas = 1
Number of supply Nets = 2
Number of used supplies = 2
Information: The RC mode used is CTO for design 'zigbee'. (NEX-022)
Information: Design Average RC for design zigbee_F_cts  (NEX-011)
Information: r = 1.152344 ohm/um, via_r = 0.500000 ohm/cut, c = 0.089080 ff/um, cc = 0.000000 ff/um (X dir) (NEX-017)
Information: r = 1.399614 ohm/um, via_r = 0.500000 ohm/cut, c = 0.086967 ff/um, cc = 0.000000 ff/um (Y dir) (NEX-017)
Information: Update timing completed net estimation for all the timing graph nets (TIM-111)
Information: Net estimation statistics: timing graph nets = 49406, routed nets = 1686, across physical hierarchy nets = 0, parasitics cached nets = 49406, delay annotated nets = 0, parasitics annotated nets = 0, multi-voltage nets = 0. (TIM-112)

Use advanced legalizer engine : 0
Use advanced legalizer engine : 0
npo-clock-opt optimization Phase 27 Iter  1         0.00      0.00         0       0.225           -           0.344
npo-clock-opt optimization Phase 27 Iter  2         0.00      0.00         0       0.225           -           0.344
npo-clock-opt optimization Phase 27 Iter  3         0.00      0.00         0       0.225           -           0.344
PBO-INFO:  LR disabled
npo-clock-opt optimization Phase 27 Iter  4         0.00      0.00         0       0.225           -           0.344
PBO-INFO:  LR disabled
npo-clock-opt optimization Phase 27 Iter  5         0.00      0.00         0       0.225           -           0.344
npo-clock-opt optimization Phase 27 Iter  6         0.00      0.00         0       0.225           -           0.345

npo-clock-opt optimization Phase 28 Iter  1         0.00      0.00         0       0.225           -           0.345
npo-clock-opt optimization Phase 28 Iter  2         0.00      0.00         0       0.225           -           0.345

npo-clock-opt optimization Phase 29 Iter  1         0.00      0.00         0       0.225           -           0.345
ORB: timingScenario default timingCorner default
INFO: No leakage and power scenarios. Using regular scenarios instead.
INFO: No active leakage scenarios. Leakage will be turned off
ORB: Nominal = 0.014644  Design MT = 3.636620  Target = 0.070124 (4.789 nominal)  MaxRC = 0.047402
ORB: timingScenario default timingCorner default
INFO: No leakage and power scenarios. Using regular scenarios instead.
INFO: No active leakage scenarios. Leakage will be turned off
ORB: Nominal = 0.014644  Design MT = 3.636620  Target = 0.070124 (4.789 nominal)  MaxRC = 0.047402
npo-clock-opt optimization Phase 29 Iter  2         0.00      0.00         0       0.225           -           0.345

npo-clock-opt optimization Phase 30 Iter  1         0.00      0.00         0       0.225           -           0.345
Begin building search trees for block zigbee_F.dlib:SCRATCH_DESIGN_2147483648.design
Begin building search trees for block zigbee_F.dlib:SCRATCH_DESIGN_2147483649.design
Begin building search trees for block zigbee_F.dlib:SCRATCH_DESIGN_2147483650.design
Begin building search trees for block zigbee_F.dlib:SCRATCH_DESIGN_2147483656.design
Begin building search trees for block zigbee_F.dlib:SCRATCH_DESIGN_2147483652.design
Begin building search trees for block zigbee_F.dlib:SCRATCH_DESIGN_2147483653.design
Done building search trees for block zigbee_F.dlib:SCRATCH_DESIGN_2147483648.design (time 0s)
Begin building search trees for block zigbee_F.dlib:SCRATCH_DESIGN_2147483655.design
Done building search trees for block zigbee_F.dlib:SCRATCH_DESIGN_2147483655.design (time 0s)
Begin building search trees for block zigbee_F.dlib:SCRATCH_DESIGN_2147483651.design
Begin building search trees for block zigbee_F.dlib:SCRATCH_DESIGN_2147483657.design
Begin building search trees for block zigbee_F.dlib:SCRATCH_DESIGN_2147483658.design
Done building search trees for block zigbee_F.dlib:SCRATCH_DESIGN_2147483656.design (time 0s)
Done building search trees for block zigbee_F.dlib:SCRATCH_DESIGN_2147483652.design (time 0s)
Begin building search trees for block zigbee_F.dlib:SCRATCH_DESIGN_2147483659.design
Done building search trees for block zigbee_F.dlib:SCRATCH_DESIGN_2147483653.design (time 0s)
Done building search trees for block zigbee_F.dlib:SCRATCH_DESIGN_2147483649.design (time 0s)
Done building search trees for block zigbee_F.dlib:SCRATCH_DESIGN_2147483650.design (time 0s)
Done building search trees for block zigbee_F.dlib:SCRATCH_DESIGN_2147483651.design (time 0s)
Done building search trees for block zigbee_F.dlib:SCRATCH_DESIGN_2147483657.design (time 0s)
Done building search trees for block zigbee_F.dlib:SCRATCH_DESIGN_2147483658.design (time 0s)
Done building search trees for block zigbee_F.dlib:SCRATCH_DESIGN_2147483659.design (time 0s)

npo-clock-opt optimization Phase 31 Iter  1         0.00      1.71         0       0.221           -           0.347
npo-clock-opt optimization Phase 31 Iter  2         0.00      1.71         0       0.221           -           0.347
Begin building search trees for block zigbee_F.dlib:SCRATCH_DESIGN_2147483648.design
Begin building search trees for block zigbee_F.dlib:SCRATCH_DESIGN_2147483649.design
Begin building search trees for block zigbee_F.dlib:SCRATCH_DESIGN_2147483650.design
Done building search trees for block zigbee_F.dlib:SCRATCH_DESIGN_2147483650.design (time 0s)
Begin building search trees for block zigbee_F.dlib:SCRATCH_DESIGN_2147483653.design
Begin building search trees for block zigbee_F.dlib:SCRATCH_DESIGN_2147483652.design
Done building search trees for block zigbee_F.dlib:SCRATCH_DESIGN_2147483648.design (time 0s)
Begin building search trees for block zigbee_F.dlib:SCRATCH_DESIGN_2147483654.design
Begin building search trees for block zigbee_F.dlib:SCRATCH_DESIGN_2147483655.design
Begin building search trees for block zigbee_F.dlib:SCRATCH_DESIGN_2147483657.design
Begin building search trees for block zigbee_F.dlib:SCRATCH_DESIGN_2147483656.design
Done building search trees for block zigbee_F.dlib:SCRATCH_DESIGN_2147483649.design (time 0s)
Begin building search trees for block zigbee_F.dlib:SCRATCH_DESIGN_2147483658.design
Begin building search trees for block zigbee_F.dlib:SCRATCH_DESIGN_2147483659.design
Begin building search trees for block zigbee_F.dlib:SCRATCH_DESIGN_2147483651.design
Done building search trees for block zigbee_F.dlib:SCRATCH_DESIGN_2147483651.design (time 0s)
Done building search trees for block zigbee_F.dlib:SCRATCH_DESIGN_2147483652.design (time 0s)
Done building search trees for block zigbee_F.dlib:SCRATCH_DESIGN_2147483654.design (time 0s)
Done building search trees for block zigbee_F.dlib:SCRATCH_DESIGN_2147483658.design (time 0s)
Done building search trees for block zigbee_F.dlib:SCRATCH_DESIGN_2147483659.design (time 0s)
Done building search trees for block zigbee_F.dlib:SCRATCH_DESIGN_2147483653.design (time 0s)
Done building search trees for block zigbee_F.dlib:SCRATCH_DESIGN_2147483657.design (time 0s)
Done building search trees for block zigbee_F.dlib:SCRATCH_DESIGN_2147483655.design (time 0s)
Done building search trees for block zigbee_F.dlib:SCRATCH_DESIGN_2147483656.design (time 0s)
npo-clock-opt optimization Phase 31 Iter  3         0.00      1.29         0       0.221           -           0.347
npo-clock-opt optimization Phase 31 Iter  4         0.00      1.29         0       0.221           -           0.347

npo-clock-opt optimization Phase 32 Iter  1         0.00      0.00         0       0.221           -           0.347
----------------------------------------------------------------
running legalize_placement
Information: The net parasitics of block zigbee are cleared. (TIM-123)
nplDplc2Placer::setParam(effort,1)
nplDplc2Placer::setParam(debug,0)
nplDplc2Placer::setParam(site_check,2)
nplDplc2Placer::setParam(app_firm_wgt,0)

Running Advanced Legalizer....
INFO: Setting bounds and VA...
INFO: Setting up voltage area DEFAULT_VA
INFO: Setting up cell instances...
INFO: All fillers in the reference libraries will be considered during legalization/check legality
Information: Initializing site map 'unit' at {10 10} {522.24 521.632}.
INFO: Init siteMap unit with 3370 sites x 306 rows
Adding rule engine Basic Rules version 1.0.0...
Adding rule engine VT Implant Rules version 1.0.0...
Adding rule engine OD Rules version 1.0.0...
Adding rule engine TPO Rules version 1.0.0...
Adding rule engine Pin Access Rules version 1.0.0...
Adding rule engine Span Rules version 1.0.0...
Adding rule engine Index Rules version 1.0.0...
Adding rule engine Color Rules version 1.0.0...
Adding rule engine Inbound (PPNN) Rules version 1.0.0...
Adding rule engine PG DRC/VINS Rules version 1.0.0...
Adding rule engine Exp Rules version 1.0.0...
Adding rule engine N5 Soft Rules version 1.0.0...
2D rule auto detection will enable the following rules:
spacing_rule
pg_drc
INFO: Initializing CTS constraints...
WARNING: No via0 alignment grid is specified, via0 alignment rule will be ignored
WARNING: Please check place.legalize.via0_alignment_grid_name
Constructing pin color alignment legality info...
Initializing PG drc check engine...
Expand check halo by 0.1520 x 0.1520
Scanning PG objects...
PG hash cached 2 nets; 11 viaBoxes; 0 viaMatrices.
PG scanned 280 objects; 79325 vias; 0 staples.
PG scan complete.  Hash key = eb822d0a7a433e8c
Reading PG structure for 'zigbee_F.dlib:zigbee_F_cts.design'
Layer M1: read 0 secDefs  0 sectors
Layer M2: read 6 secDefs  31776 sectors
Layer M3: read 6 secDefs  31776 sectors
Layer M4: read 6 secDefs  31776 sectors
Layer M5: read 6 secDefs  31776 sectors
Layer M6: read 6 secDefs  31776 sectors
Layer M7: read 6 secDefs  31776 sectors
Layer M8: read 12 secDefs  21253 sectors
Layer M9: read 23 secDefs  4969 sectors
Layer MRDL: read 0 secDefs  0 sectors

Sector Array Stats:
Num Sectors: 216878
Num SecDefs:    71
Shared: 63 count; 3442.4 ave; 5390 max
SecDef Shapes: 51 Below-aligned, 0 Above-aligned, 12 Horizontal, 8 Vertical
Referenced Patterns: 4 count; 2.0 ave; 2 max

Place Cache read: 46769 elements -- 8 drcFail 46761 drcOk
Place Cache read: 94 libcells referenced from 2 libs
Place Cache read: used 6 of 71 total secDefs
Access Cache read: 48665 elements -- 3490 drcFail 45175 drcOk
Access Cache read: 118 libcells referenced from 3 libs
Access Cache read: used 6 of 71 total secDefs
Connection checks for layer M2: blocked_pin pin_access_default track_drc pin_extend0
Connection checks for layer M3: blocked_pin pin_access_default track_drc pin_extend1
Connection checks for layer M4: blocked_pin pin_access_default track_drc pin_extend1
Connection checks for layer M5: blocked_pin pin_access_default track_drc pin_extend1
INFO: Extracting M1 PG straps
INFO: Constructing BlkInst pin extension data for fast PG check
INFO: Constructing PG-Via/VIB/VINS layer info (VIA1/M2)...
INFO: PG-Via Abut check extension is 0
INFO: VIB check extension is 0
INFO: VINS check extension is 0
INFO: PG-Via(pg_via_abut) design rule for layer VIA1 and VIA1 not found
INFO: VIB(vib_abut) design rule for layer M2 and VIA1 not found
INFO: VINS(vins_abut) design rule for layer M2 and VIA1 not found
INFO: Enabling hard placement rule spacing_rule...
INFO: Enabling hard placement rule pg_drc...
INFO: Timing cost factor is 0
Information: Legalizing 45869 moveable cells.
..
Legalization progress 5%...
Legalization progress 10%...
Legalization progress 15%...
Legalization progress 20%...
Legalization progress 25%...
Legalization progress 30%...
Legalization progress 35%...
Legalization progress 40%...
Legalization progress 45%...
Legalization progress 50%...
Legalization progress 55%...
Legalization progress 60%...
Legalization progress 65%...
Legalization progress 70%...
Legalization progress 75%...
Legalization progress 80%...
Legalization progress 85%...
Legalization progress 90%...
Legalization progress 95%...
Legalization progress 100%.
10 references with the lowest legality passing rate:
AO221X1_HVT: 98.8% (1429 / 1446)
AND2X1_HVT: 100.0% (533 / 533)
AND2X2_HVT: 100.0% (16 / 16)
AND2X2_LVT: 100.0% (1 / 1)
AND2X4_LVT: 100.0% (1 / 1)
AND3X1_HVT: 100.0% (108 / 108)
AND3X1_LVT: 100.0% (1 / 1)
AND3X1_RVT: 100.0% (2 / 2)
AND3X4_LVT: 100.0% (1 / 1)
AND3X4_RVT: 100.0% (2 / 2)
================ Displacement Report =================
Area: placed=858700, unplaced=0, fixed=11340, blocked=0, total=1031220
Density = 870040/1031220 sites = 84.37%
Inbound cells: 0; 2-row cells: 0; >2-row cells: 0
    Total cell instance count: 47554 (45869 placed, 0 unplaced, 1685 fixed)
        Number of cells moved: 162 (0.34%)
    Average cell displacement: 0.0045 um (AW: 0.0034 um = 0.0020 rh)
        RMS cell displacement: 0.1346 um (AW: 0.1033 um = 0.0618 rh)
        Max cell displacement: 10.1465 um = 6.0685 rh
           Max displaced cell: PayLoad_Counter/PLACE_HFSINV_34_348 (415.384 292.568)
Number of large displacements: 12
 Large displacement threshold: 3.0000 rh
 Largest displacement cells:
   Cell: PayLoad_Counter/PLACE_HFSINV_34_348 (INVX1_RVT)
     Input location: (415.384 292.568)
     Legal location: (416.904 302.6)
     Displacement: 10.1465 um, 6.0685 rh.
   Cell: PayLoad_Counter/PLACE_HFSINV_183_470 (INVX1_RVT)
     Input location: (415.384 289.224)
     Legal location: (420.248 279.192)
     Displacement: 9.6720 um, 5.7847 rh.
   Cell: payload_ram/PLACE_HFSINV_2386_900 (INVX1_RVT)
     Input location: (503.24 135.4)
     Legal location: (509.016 128.712)
     Displacement: 8.8369 um, 5.2853 rh.
   Cell: payload_ram/PLACE_HFSINV_76_279 (INVX1_RVT)
     Input location: (502.328 125.368)
     Legal location: (498.224 118.68)
     Displacement: 7.8468 um, 4.6931 rh.
   Cell: PayLoad_Counter/OPT_copt_h_inst_46457 (NBUFFX2_RVT)
     Input location: (422.072 289.224)
     Legal location: (414.928 289.224)
     Displacement: 7.3371 um, 4.3882 rh.
   Cell: payload_ram/U1760 (MUX21X1_HVT)
     Input location: (503.848 132.056)
     Legal location: (507.04 128.712)
     Displacement: 5.9455 um, 3.5559 rh.
   Cell: symbol_mapper_to_ppdu/u_sync_fifo_odd/OPT_copt_h_inst_51133 (NBUFFX2_RVT)
     Input location: (494.076 398.772)
     Legal location: (493.816 406.264)
     Displacement: 5.8258 um, 3.4843 rh.
   Cell: payload_ram/PLACE_HFSINV_131_158 (INVX1_RVT)
     Input location: (420.248 279.192)
     Legal location: (422.528 275.848)
     Displacement: 5.5099 um, 3.2954 rh.
   Cell: payload_ram/dout_reg[3] (DFFX1_HVT)
     Input location: (444.112 289.224)
     Legal location: (442.288 292.568)
     Displacement: 5.3373 um, 3.1922 rh.
   Cell: payload_ram/U224 (AO22X1_HVT)
     Input location: (434.384 289.224)
     Legal location: (427.848 285.88)
     Displacement: 5.2873 um, 3.1623 rh.
======================================================
Place Cache save: 46783 elements -- 8 drcFail 46775 drcOk
Place Cache save: 94 libcells referenced from 2 libs
Place Cache save: used 6 of 71 total secDefs
Access Cache save: 48680 elements -- 3490 drcFail 45190 drcOk
Access Cache save: 118 libcells referenced from 3 libs
Access Cache save: used 6 of 71 total secDefs
NPLDRC Place Cache: unique cache elements 46783
NPLDRC Place Cache: read cache elements 46769
NPLDRC Place Cache: hit rate 100.0%  (14 / 30036)
NPLDRC Access Cache: unique cache elements 48680
NPLDRC Access Cache: read cache elements 48665
NPLDRC Access Cache: hit rate 100.0%  (15 / 30210)
NPLDRC Pin Status Cache: no calls
NPLDRC Multi Cell Cache: no calls
NPLDRC ViaLadder Cache: no calls
Legalization succeeded.
Total Legalizer CPU: 1.565
----------------------------------------------------------------
Information: The stitching and editing of coupling caps is turned OFF for design 'zigbee_F.dlib:zigbee_F_cts.design'. (TIM-125)
Information: Design zigbee_F_cts has 47770 nets, 0 global routed, 1686 detail routed. (NEX-024)
Information: The RC mode used is CTO for design 'zigbee'. (NEX-022)
Information: Design Average RC for design zigbee_F_cts  (NEX-011)
Information: r = 1.152344 ohm/um, via_r = 0.500000 ohm/cut, c = 0.088782 ff/um, cc = 0.000000 ff/um (X dir) (NEX-017)
Information: r = 1.399614 ohm/um, via_r = 0.500000 ohm/cut, c = 0.086549 ff/um, cc = 0.000000 ff/um (Y dir) (NEX-017)
Information: Update timing completed net estimation for all the timing graph nets (TIM-111)
Information: Net estimation statistics: timing graph nets = 47768, routed nets = 1686, across physical hierarchy nets = 0, parasitics cached nets = 47768, delay annotated nets = 0, parasitics annotated nets = 0, multi-voltage nets = 0. (TIM-112)

npo-clock-opt optimization Phase 33 Iter  1         0.00      0.00         0       0.221           -           0.348

npo-clock-opt optimization Phase 34 Iter  1         0.00      0.00         0       0.221           -           0.348
route_group -all_clock_nets
Warning: Cell contains tie connections which are not connected to real PG. (ZRT-511)
Turn off antenna since no rule is specified
Cell Min-Routing-Layer = M3
Cell Max-Routing-Layer = M7
Warning: Cannot find a default contact code for layer CO. (ZRT-022)
rule clk_network_NDR_leaf equivalent to default rule
Warning: Ignore 2 top cell ports with no pins. (ZRT-027)
Info: number of net_type_blockage: 0 
soft rule ICC2_GENERATED_DEFAULT_SPACING_RULE_3_8_wire is redundant
soft rule LOPT_M3_M7_3_8_wire is redundant
soft rule LOPT_M6_M7_3_8_wire is redundant
Start Global Route ... 
[Init] Elapsed real time: 0:00:00 
[Init] Elapsed cpu  time: sys=0:00:00 usr=0:00:00 total=0:00:00
[Init] Stage (MB): Used    0  Alloctr    0  Proc    0 
[Init] Total (MB): Used  120  Alloctr  127  Proc 2992 
Printing options for 'route.common.*'

Printing options for 'route.global.*'
global.crosstalk_driven                                 :	 false               
global.debug_compact_coef                               :	 1                   
global.deterministic                                    :	 off                 
global.placement_timing_driven_mode                     :	 false               
global.timing_driven                                    :	 false               

Begin global routing.
Loading parastics information to the router ...
parastics information loaded to the router.
Constructing data structure ...
Design statistics:
Design Bounding Box (0.00,0.00,532.24,531.63)
Number of routing layers = 10
layer M1, dir Hor, min width = 0.05, min space = 0.05 pitch = 0.15
layer M2, dir Ver, min width = 0.06, min space = 0.06 pitch = 0.15
layer M3, dir Hor, min width = 0.06, min space = 0.06 pitch = 0.30
layer M4, dir Ver, min width = 0.06, min space = 0.06 pitch = 0.30
layer M5, dir Hor, min width = 0.06, min space = 0.06 pitch = 0.61
layer M6, dir Ver, min width = 0.06, min space = 0.06 pitch = 0.61
layer M7, dir Hor, min width = 0.06, min space = 0.06 pitch = 1.22
layer M8, dir Ver, min width = 0.06, min space = 0.06 pitch = 1.22
layer M9, dir Hor, min width = 0.16, min space = 0.16 pitch = 2.43
layer MRDL, dir Ver, min width = 2.00, min space = 2.00 pitch = 4.86
Current Stage stats:
[End of Build Tech Data] Elapsed real time: 0:00:00 
[End of Build Tech Data] Elapsed cpu  time: sys=0:00:00 usr=0:00:00 total=0:00:00
[End of Build Tech Data] Stage (MB): Used    3  Alloctr    3  Proc    0 
[End of Build Tech Data] Total (MB): Used  124  Alloctr  131  Proc 2992 
Net statistics:
Total number of nets     = 47770
Number of nets to route  = 1686
Number of nets with min-layer-mode soft = 1235
Number of nets with min-layer-mode soft-cost-medium = 1235
Number of nets with max-layer-mode hard = 1682
13 nets are partially connected,
 of which 13 are detail routed and 0 are global routed.
1675 nets are fully connected,
 of which 1675 are detail routed and 0 are global routed.
313 nets have non-default rule clk_network_NDR_internal
138 nets have non-default rule clk_network_NDR_internal_ext_spacing
3 nets have non-default rule clk_network_NDR_root
1 nets have non-default rule clk_network_NDR_root_ext_spacing
608 nets have non-default rule default_rule_equivalent_ndr_double_spacing
Current Stage stats:
[End of Build All Nets] Elapsed real time: 0:00:00 
[End of Build All Nets] Elapsed cpu  time: sys=0:00:00 usr=0:00:00 total=0:00:00
[End of Build All Nets] Stage (MB): Used   14  Alloctr   14  Proc    0 
[End of Build All Nets] Total (MB): Used  139  Alloctr  145  Proc 2992 
Average gCell capacity  1.94	 on layer (1)	 M1
Average gCell capacity  9.74	 on layer (2)	 M2
Average gCell capacity  5.22	 on layer (3)	 M3
Average gCell capacity  4.98	 on layer (4)	 M4
Average gCell capacity  2.64	 on layer (5)	 M5
Average gCell capacity  2.51	 on layer (6)	 M6
Average gCell capacity  1.34	 on layer (7)	 M7
Average gCell capacity  0.75	 on layer (8)	 M8
Average gCell capacity  0.00	 on layer (9)	 M9
Average gCell capacity  0.00	 on layer (10)	 MRDL
Average number of tracks per gCell 11.00	 on layer (1)	 M1
Average number of tracks per gCell 11.01	 on layer (2)	 M2
Average number of tracks per gCell 5.50	 on layer (3)	 M3
Average number of tracks per gCell 5.51	 on layer (4)	 M4
Average number of tracks per gCell 2.75	 on layer (5)	 M5
Average number of tracks per gCell 2.76	 on layer (6)	 M6
Average number of tracks per gCell 1.38	 on layer (7)	 M7
Average number of tracks per gCell 1.38	 on layer (8)	 M8
Average number of tracks per gCell 0.69	 on layer (9)	 M9
Average number of tracks per gCell 0.35	 on layer (10)	 MRDL
Number of gCells = 1011240
Current Stage stats:
[End of Build Congestion map] Elapsed real time: 0:00:00 
[End of Build Congestion map] Elapsed cpu  time: sys=0:00:00 usr=0:00:00 total=0:00:00
[End of Build Congestion map] Stage (MB): Used   13  Alloctr   14  Proc    0 
[End of Build Congestion map] Total (MB): Used  152  Alloctr  159  Proc 2992 
Information: RC layer preference is turned on for this design. (ZRT-613)
Total stats:
[End of Build Data] Elapsed real time: 0:00:00 
[End of Build Data] Elapsed cpu  time: sys=0:00:00 usr=0:00:01 total=0:00:01
[End of Build Data] Stage (MB): Used   32  Alloctr   32  Proc    0 
[End of Build Data] Total (MB): Used  153  Alloctr  160  Proc 2992 
Current Stage stats:
[End of Blocked Pin Detection] Elapsed real time: 0:00:00 
[End of Blocked Pin Detection] Elapsed cpu  time: sys=0:00:00 usr=0:00:00 total=0:00:00
[End of Blocked Pin Detection] Stage (MB): Used    0  Alloctr    0  Proc    0 
[End of Blocked Pin Detection] Total (MB): Used  153  Alloctr  160  Proc 2992 
Information: Using 12 threads for routing. (ZRT-444)
multi gcell levels ON

Start GR phase 0
Current Stage stats:
[End of Initial Routing] Elapsed real time: 0:00:00 
[End of Initial Routing] Elapsed cpu  time: sys=0:00:00 usr=0:00:00 total=0:00:00
[End of Initial Routing] Stage (MB): Used    0  Alloctr    0  Proc    0 
[End of Initial Routing] Total (MB): Used  153  Alloctr  160  Proc 2992 
Initial. Routing result:
Initial. Both Dirs: Overflow =     6 Max = 2 GRCs =    20 (0.01%)
Initial. H routing: Overflow =     0 Max = 1 (GRCs =  2) GRCs =     2 (0.00%)
Initial. V routing: Overflow =     6 Max = 2 (GRCs =  2) GRCs =    18 (0.02%)
Initial. M1         Overflow =     0 Max = 0 (GRCs =  0) GRCs =     0 (0.00%)
Initial. M2         Overflow =     6 Max = 2 (GRCs =  2) GRCs =    18 (0.02%)
Initial. M3         Overflow =     0 Max = 1 (GRCs =  2) GRCs =     2 (0.00%)
Initial. M4         Overflow =     0 Max = 0 (GRCs =  0) GRCs =     0 (0.00%)
Initial. M5         Overflow =     0 Max = 0 (GRCs =  0) GRCs =     0 (0.00%)
Initial. M6         Overflow =     0 Max = 0 (GRCs =  0) GRCs =     0 (0.00%)
Initial. M7         Overflow =     0 Max = 0 (GRCs =  0) GRCs =     0 (0.00%)
Initial. M8         Overflow =     0 Max = 0 (GRCs =  0) GRCs =     0 (0.00%)
Initial. M9         Overflow =     0 Max = 0 (GRCs =  0) GRCs =     0 (0.00%)
Initial. MRDL       Overflow =     0 Max = 0 (GRCs =  0) GRCs =     0 (0.00%)

Initial. Total Wire Length = 15.79
Initial. Layer M1 wire length = 0.00
Initial. Layer M2 wire length = 8.81
Initial. Layer M3 wire length = 6.99
Initial. Layer M4 wire length = 0.00
Initial. Layer M5 wire length = 0.00
Initial. Layer M6 wire length = 0.00
Initial. Layer M7 wire length = 0.00
Initial. Layer M8 wire length = 0.00
Initial. Layer M9 wire length = 0.00
Initial. Layer MRDL wire length = 0.00
Initial. Total Number of Contacts = 14
Initial. Via VIA12SQ_C count = 8
Initial. Via VIA23SQ_C count = 6
Initial. Via VIA34SQ_C count = 0
Initial. Via VIA45SQ_C count = 0
Initial. Via VIA56SQ_C count = 0
Initial. Via VIA67SQ_C count = 0
Initial. Via VIA78SQ_C count = 0
Initial. Via VIA89_C count = 0
Initial. Via VIA9RDL count = 0
Initial. completed.

Start GR phase 1
Current Stage stats:
[End of Phase1 Routing] Elapsed real time: 0:00:00 
[End of Phase1 Routing] Elapsed cpu  time: sys=0:00:00 usr=0:00:00 total=0:00:00
[End of Phase1 Routing] Stage (MB): Used    0  Alloctr    0  Proc    0 
[End of Phase1 Routing] Total (MB): Used  153  Alloctr  160  Proc 2992 
phase1. Routing result:
phase1. Both Dirs: Overflow =     6 Max = 2 GRCs =    20 (0.01%)
phase1. H routing: Overflow =     0 Max = 1 (GRCs =  2) GRCs =     2 (0.00%)
phase1. V routing: Overflow =     6 Max = 2 (GRCs =  2) GRCs =    18 (0.02%)
phase1. M1         Overflow =     0 Max = 0 (GRCs =  0) GRCs =     0 (0.00%)
phase1. M2         Overflow =     6 Max = 2 (GRCs =  2) GRCs =    18 (0.02%)
phase1. M3         Overflow =     0 Max = 1 (GRCs =  2) GRCs =     2 (0.00%)
phase1. M4         Overflow =     0 Max = 0 (GRCs =  0) GRCs =     0 (0.00%)
phase1. M5         Overflow =     0 Max = 0 (GRCs =  0) GRCs =     0 (0.00%)
phase1. M6         Overflow =     0 Max = 0 (GRCs =  0) GRCs =     0 (0.00%)
phase1. M7         Overflow =     0 Max = 0 (GRCs =  0) GRCs =     0 (0.00%)
phase1. M8         Overflow =     0 Max = 0 (GRCs =  0) GRCs =     0 (0.00%)
phase1. M9         Overflow =     0 Max = 0 (GRCs =  0) GRCs =     0 (0.00%)
phase1. MRDL       Overflow =     0 Max = 0 (GRCs =  0) GRCs =     0 (0.00%)

phase1. Total Wire Length = 15.79
phase1. Layer M1 wire length = 0.00
phase1. Layer M2 wire length = 8.81
phase1. Layer M3 wire length = 6.98
phase1. Layer M4 wire length = 0.00
phase1. Layer M5 wire length = 0.00
phase1. Layer M6 wire length = 0.00
phase1. Layer M7 wire length = 0.00
phase1. Layer M8 wire length = 0.00
phase1. Layer M9 wire length = 0.00
phase1. Layer MRDL wire length = 0.00
phase1. Total Number of Contacts = 14
phase1. Via VIA12SQ_C count = 8
phase1. Via VIA23SQ_C count = 6
phase1. Via VIA34SQ_C count = 0
phase1. Via VIA45SQ_C count = 0
phase1. Via VIA56SQ_C count = 0
phase1. Via VIA67SQ_C count = 0
phase1. Via VIA78SQ_C count = 0
phase1. Via VIA89_C count = 0
phase1. Via VIA9RDL count = 0
phase1. completed.

Start GR phase 2
Current Stage stats:
[End of Phase2 Routing] Elapsed real time: 0:00:00 
[End of Phase2 Routing] Elapsed cpu  time: sys=0:00:00 usr=0:00:00 total=0:00:00
[End of Phase2 Routing] Stage (MB): Used    0  Alloctr    0  Proc    0 
[End of Phase2 Routing] Total (MB): Used  153  Alloctr  160  Proc 2992 
phase2. Routing result:
phase2. Both Dirs: Overflow =     6 Max = 2 GRCs =    20 (0.01%)
phase2. H routing: Overflow =     0 Max = 1 (GRCs =  2) GRCs =     2 (0.00%)
phase2. V routing: Overflow =     6 Max = 2 (GRCs =  2) GRCs =    18 (0.02%)
phase2. M1         Overflow =     0 Max = 0 (GRCs =  0) GRCs =     0 (0.00%)
phase2. M2         Overflow =     6 Max = 2 (GRCs =  2) GRCs =    18 (0.02%)
phase2. M3         Overflow =     0 Max = 1 (GRCs =  2) GRCs =     2 (0.00%)
phase2. M4         Overflow =     0 Max = 0 (GRCs =  0) GRCs =     0 (0.00%)
phase2. M5         Overflow =     0 Max = 0 (GRCs =  0) GRCs =     0 (0.00%)
phase2. M6         Overflow =     0 Max = 0 (GRCs =  0) GRCs =     0 (0.00%)
phase2. M7         Overflow =     0 Max = 0 (GRCs =  0) GRCs =     0 (0.00%)
phase2. M8         Overflow =     0 Max = 0 (GRCs =  0) GRCs =     0 (0.00%)
phase2. M9         Overflow =     0 Max = 0 (GRCs =  0) GRCs =     0 (0.00%)
phase2. MRDL       Overflow =     0 Max = 0 (GRCs =  0) GRCs =     0 (0.00%)

phase2. Total Wire Length = 15.79
phase2. Layer M1 wire length = 0.00
phase2. Layer M2 wire length = 8.81
phase2. Layer M3 wire length = 6.98
phase2. Layer M4 wire length = 0.00
phase2. Layer M5 wire length = 0.00
phase2. Layer M6 wire length = 0.00
phase2. Layer M7 wire length = 0.00
phase2. Layer M8 wire length = 0.00
phase2. Layer M9 wire length = 0.00
phase2. Layer MRDL wire length = 0.00
phase2. Total Number of Contacts = 14
phase2. Via VIA12SQ_C count = 8
phase2. Via VIA23SQ_C count = 6
phase2. Via VIA34SQ_C count = 0
phase2. Via VIA45SQ_C count = 0
phase2. Via VIA56SQ_C count = 0
phase2. Via VIA67SQ_C count = 0
phase2. Via VIA78SQ_C count = 0
phase2. Via VIA89_C count = 0
phase2. Via VIA9RDL count = 0
phase2. completed.
[End of Whole Chip Routing] Elapsed real time: 0:00:00 
[End of Whole Chip Routing] Elapsed cpu  time: sys=0:00:00 usr=0:00:01 total=0:00:01
[End of Whole Chip Routing] Stage (MB): Used   32  Alloctr   32  Proc    0 
[End of Whole Chip Routing] Total (MB): Used  153  Alloctr  160  Proc 2992 

Information: Global Routing terminated early: true (ZRT-103)

Congestion utilization per direction:
Average vertical track utilization   =  0.78 %
Peak    vertical track utilization   = 66.67 %
Average horizontal track utilization =  1.26 %
Peak    horizontal track utilization = 60.00 %

Current Stage stats:
[GR: Done] Elapsed real time: 0:00:00 
[GR: Done] Elapsed cpu  time: sys=0:00:00 usr=0:00:00 total=0:00:00
[GR: Done] Stage (MB): Used  -12  Alloctr  -12  Proc    0 
[GR: Done] Total (MB): Used  142  Alloctr  148  Proc 2992 
GR Total stats:
[GR: Done] Elapsed real time: 0:00:00 
[GR: Done] Elapsed cpu  time: sys=0:00:00 usr=0:00:02 total=0:00:02
[GR: Done] Stage (MB): Used   21  Alloctr   21  Proc    0 
[GR: Done] Total (MB): Used  142  Alloctr  148  Proc 2992 
Updating congestion ...
Updating congestion ...
Final total stats:
[End of Global Routing] Elapsed real time: 0:00:00 
[End of Global Routing] Elapsed cpu  time: sys=0:00:00 usr=0:00:02 total=0:00:02
[End of Global Routing] Stage (MB): Used    0  Alloctr    0  Proc    0 
[End of Global Routing] Total (MB): Used  120  Alloctr  127  Proc 2992 

Start track assignment

Printing options for 'route.common.*'

Printing options for 'route.track.*'
track.crosstalk_driven                                  :	 false               
track.timing_driven                                     :	 false               

Information: Using 12 threads for routing. (ZRT-444)
Information: RC layer preference is turned on for this design. (ZRT-613)

[Track Assign: Read routes] Elapsed real time: 0:00:00 
[Track Assign: Read routes] Elapsed cpu  time: sys=0:00:00 usr=0:00:00 total=0:00:00
[Track Assign: Read routes] Stage (MB): Used    9  Alloctr    7  Proc    0 
[Track Assign: Read routes] Total (MB): Used  125  Alloctr  131  Proc 2992 

Start initial assignment

Assign Horizontal partitions, iteration 0
Routed partition 1/106     
Routed partition 2/106     
Routed partition 12/106    
Routed partition 12/106    
Routed partition 12/106    
Routed partition 15/106    
Routed partition 15/106    
Routed partition 15/106    
Routed partition 18/106    
Routed partition 19/106    
Routed partition 20/106    
Routed partition 21/106    
Routed partition 22/106    
Routed partition 22/106    
Routed partition 22/106    
Routed partition 23/106    
Routed partition 23/106    
Routed partition 23/106    
Routed partition 23/106    
Routed partition 25/106    
Routed partition 27/106    
Routed partition 27/106    
Routed partition 28/106    
Routed partition 31/106    
Routed partition 31/106    
Routed partition 32/106    
Routed partition 33/106    
Routed partition 33/106    
Routed partition 33/106    
Routed partition 33/106    
Routed partition 33/106    
Routed partition 37/106    
Routed partition 38/106    
Routed partition 40/106    
Routed partition 40/106    
Routed partition 40/106    
Routed partition 45/106    
Routed partition 47/106    
Routed partition 47/106    
Routed partition 47/106    
Routed partition 49/106    
Routed partition 49/106    
Routed partition 49/106    
Routed partition 50/106    
Routed partition 50/106    
Routed partition 50/106    
Routed partition 50/106    
Routed partition 51/106    
Routed partition 53/106    
Routed partition 53/106    
Routed partition 53/106    
Routed partition 57/106    
Routed partition 57/106    
Routed partition 57/106    
Routed partition 57/106    
Routed partition 58/106    
Routed partition 66/106    
Routed partition 66/106    
Routed partition 66/106    
Routed partition 66/106    
Routed partition 66/106    
Routed partition 66/106    
Routed partition 66/106    
Routed partition 69/106    
Routed partition 70/106    
Routed partition 71/106    
Routed partition 72/106    
Routed partition 75/106    
Routed partition 76/106    
Routed partition 78/106    
Routed partition 78/106    
Routed partition 80/106    
Routed partition 82/106    
Routed partition 84/106    
Routed partition 84/106    
Routed partition 85/106    
Routed partition 85/106    
Routed partition 85/106    
Routed partition 85/106    
Routed partition 86/106    
Routed partition 87/106    
Routed partition 87/106    
Routed partition 88/106    
Routed partition 92/106    
Routed partition 92/106    
Routed partition 92/106    
Routed partition 92/106    
Routed partition 96/106    
Routed partition 96/106    
Routed partition 96/106    
Routed partition 98/106    
Routed partition 99/106    
Routed partition 100/106   
Routed partition 101/106   
Routed partition 101/106   
Routed partition 101/106   
Routed partition 101/106   
Routed partition 102/106   
Routed partition 102/106   
Routed partition 102/106   
Routed partition 102/106   
Routed partition 102/106   
Routed partition 103/106   
Routed partition 104/106   
Routed partition 105/106   
Routed partition 106/106   

Assign Vertical partitions, iteration 0
Routed partition 1/106     
Routed partition 2/106     
Routed partition 3/106     
Routed partition 14/106    
Routed partition 14/106    
Routed partition 16/106    
Routed partition 17/106    
Routed partition 17/106    
Routed partition 19/106    
Routed partition 19/106    
Routed partition 21/106    
Routed partition 21/106    
Routed partition 23/106    
Routed partition 24/106    
Routed partition 24/106    
Routed partition 25/106    
Routed partition 25/106    
Routed partition 28/106    
Routed partition 28/106    
Routed partition 28/106    
Routed partition 28/106    
Routed partition 32/106    
Routed partition 33/106    
Routed partition 33/106    
Routed partition 33/106    
Routed partition 33/106    
Routed partition 34/106    
Routed partition 36/106    
Routed partition 36/106    
Routed partition 40/106    
Routed partition 41/106    
Routed partition 41/106    
Routed partition 43/106    
Routed partition 44/106    
Routed partition 44/106    
Routed partition 45/106    
Routed partition 47/106    
Routed partition 47/106    
Routed partition 49/106    
Routed partition 50/106    
Routed partition 50/106    
Routed partition 52/106    
Routed partition 52/106    
Routed partition 52/106    
Routed partition 53/106    
Routed partition 54/106    
Routed partition 54/106    
Routed partition 58/106    
Routed partition 58/106    
Routed partition 58/106    
Routed partition 58/106    
Routed partition 62/106    
Routed partition 62/106    
Routed partition 62/106    
Routed partition 65/106    
Routed partition 65/106    
Routed partition 67/106    
Routed partition 67/106    
Routed partition 67/106    
Routed partition 70/106    
Routed partition 71/106    
Routed partition 71/106    
Routed partition 71/106    
Routed partition 72/106    
Routed partition 73/106    
Routed partition 73/106    
Routed partition 73/106    
Routed partition 73/106    
Routed partition 73/106    
Routed partition 73/106    
Routed partition 73/106    
Routed partition 73/106    
Routed partition 73/106    
Routed partition 74/106    
Routed partition 75/106    
Routed partition 77/106    
Routed partition 77/106    
Routed partition 79/106    
Routed partition 79/106    
Routed partition 80/106    
Routed partition 81/106    
Routed partition 82/106    
Routed partition 83/106    
Routed partition 84/106    
Routed partition 85/106    
Routed partition 86/106    
Routed partition 87/106    
Routed partition 88/106    
Routed partition 89/106    
Routed partition 91/106    
Routed partition 91/106    
Routed partition 92/106    
Routed partition 93/106    
Routed partition 94/106    
Routed partition 95/106    
Routed partition 96/106    
Routed partition 97/106    
Routed partition 98/106    
Routed partition 99/106    
Routed partition 100/106   
Routed partition 101/106   
Routed partition 102/106   
Routed partition 103/106   
Routed partition 104/106   
Routed partition 105/106   
Routed partition 106/106   

Number of wires with overlap after iteration 0 = 18 of 49


[Track Assign: Iteration 0] Elapsed real time: 0:00:01 
[Track Assign: Iteration 0] Elapsed cpu  time: sys=0:00:00 usr=0:00:16 total=0:00:16
[Track Assign: Iteration 0] Stage (MB): Used   10  Alloctr    9  Proc    0 
[Track Assign: Iteration 0] Total (MB): Used  127  Alloctr  132  Proc 2992 

Reroute to fix overlaps

Assign Horizontal partitions, iteration 1
Routed partition 1/106     
Routed partition 12/106    
Routed partition 13/106    
Routed partition 14/106    
Routed partition 15/106    
Routed partition 16/106    
Routed partition 16/106    
Routed partition 18/106    
Routed partition 19/106    
Routed partition 20/106    
Routed partition 20/106    
Routed partition 20/106    
Routed partition 23/106    
Routed partition 23/106    
Routed partition 23/106    
Routed partition 24/106    
Routed partition 24/106    
Routed partition 24/106    
Routed partition 24/106    
Routed partition 24/106    
Routed partition 26/106    
Routed partition 26/106    
Routed partition 28/106    
Routed partition 28/106    
Routed partition 31/106    
Routed partition 33/106    
Routed partition 33/106    
Routed partition 33/106    
Routed partition 34/106    
Routed partition 35/106    
Routed partition 35/106    
Routed partition 35/106    
Routed partition 35/106    
Routed partition 42/106    
Routed partition 42/106    
Routed partition 42/106    
Routed partition 44/106    
Routed partition 45/106    
Routed partition 45/106    
Routed partition 47/106    
Routed partition 47/106    
Routed partition 48/106    
Routed partition 48/106    
Routed partition 48/106    
Routed partition 48/106    
Routed partition 48/106    
Routed partition 48/106    
Routed partition 48/106    
Routed partition 51/106    
Routed partition 51/106    
Routed partition 51/106    
Routed partition 52/106    
Routed partition 55/106    
Routed partition 55/106    
Routed partition 55/106    
Routed partition 57/106    
Routed partition 57/106    
Routed partition 58/106    
Routed partition 66/106    
Routed partition 66/106    
Routed partition 66/106    
Routed partition 66/106    
Routed partition 68/106    
Routed partition 70/106    
Routed partition 70/106    
Routed partition 70/106    
Routed partition 70/106    
Routed partition 73/106    
Routed partition 73/106    
Routed partition 73/106    
Routed partition 75/106    
Routed partition 75/106    
Routed partition 75/106    
Routed partition 76/106    
Routed partition 76/106    
Routed partition 76/106    
Routed partition 77/106    
Routed partition 83/106    
Routed partition 83/106    
Routed partition 83/106    
Routed partition 83/106    
Routed partition 87/106    
Routed partition 87/106    
Routed partition 87/106    
Routed partition 92/106    
Routed partition 93/106    
Routed partition 94/106    
Routed partition 94/106    
Routed partition 94/106    
Routed partition 95/106    
Routed partition 95/106    
Routed partition 95/106    
Routed partition 95/106    
Routed partition 97/106    
Routed partition 97/106    
Routed partition 99/106    
Routed partition 101/106   
Routed partition 103/106   
Routed partition 103/106   
Routed partition 103/106   
Routed partition 103/106   
Routed partition 103/106   
Routed partition 103/106   
Routed partition 104/106   
Routed partition 105/106   
Routed partition 106/106   

Assign Vertical partitions, iteration 1
Routed partition 1/106     
Routed partition 2/106     
Routed partition 12/106    
Routed partition 13/106    
Routed partition 14/106    
Routed partition 15/106    
Routed partition 16/106    
Routed partition 18/106    
Routed partition 19/106    
Routed partition 19/106    
Routed partition 19/106    
Routed partition 22/106    
Routed partition 22/106    
Routed partition 22/106    
Routed partition 25/106    
Routed partition 25/106    
Routed partition 25/106    
Routed partition 26/106    
Routed partition 26/106    
Routed partition 30/106    
Routed partition 31/106    
Routed partition 32/106    
Routed partition 32/106    
Routed partition 34/106    
Routed partition 35/106    
Routed partition 35/106    
Routed partition 35/106    
Routed partition 38/106    
Routed partition 39/106    
Routed partition 39/106    
Routed partition 41/106    
Routed partition 41/106    
Routed partition 41/106    
Routed partition 41/106    
Routed partition 45/106    
Routed partition 45/106    
Routed partition 46/106    
Routed partition 48/106    
Routed partition 49/106    
Routed partition 49/106    
Routed partition 51/106    
Routed partition 51/106    
Routed partition 53/106    
Routed partition 53/106    
Routed partition 53/106    
Routed partition 53/106    
Routed partition 57/106    
Routed partition 58/106    
Routed partition 58/106    
Routed partition 58/106    
Routed partition 61/106    
Routed partition 61/106    
Routed partition 62/106    
Routed partition 64/106    
Routed partition 65/106    
Routed partition 66/106    
Routed partition 66/106    
Routed partition 68/106    
Routed partition 69/106    
Routed partition 70/106    
Routed partition 70/106    
Routed partition 72/106    
Routed partition 72/106    
Routed partition 73/106    
Routed partition 73/106    
Routed partition 73/106    
Routed partition 73/106    
Routed partition 73/106    
Routed partition 73/106    
Routed partition 73/106    
Routed partition 73/106    
Routed partition 73/106    
Routed partition 73/106    
Routed partition 74/106    
Routed partition 75/106    
Routed partition 77/106    
Routed partition 83/106    
Routed partition 84/106    
Routed partition 84/106    
Routed partition 84/106    
Routed partition 84/106    
Routed partition 84/106    
Routed partition 84/106    
Routed partition 84/106    
Routed partition 85/106    
Routed partition 86/106    
Routed partition 88/106    
Routed partition 89/106    
Routed partition 89/106    
Routed partition 90/106    
Routed partition 91/106    
Routed partition 93/106    
Routed partition 93/106    
Routed partition 94/106    
Routed partition 95/106    
Routed partition 96/106    
Routed partition 97/106    
Routed partition 98/106    
Routed partition 99/106    
Routed partition 100/106   
Routed partition 101/106   
Routed partition 102/106   
Routed partition 103/106   
Routed partition 104/106   
Routed partition 105/106   
Routed partition 106/106   

[Track Assign: Iteration 1] Elapsed real time: 0:00:02 
[Track Assign: Iteration 1] Elapsed cpu  time: sys=0:00:00 usr=0:00:28 total=0:00:28
[Track Assign: Iteration 1] Stage (MB): Used   10  Alloctr    9  Proc    0 
[Track Assign: Iteration 1] Total (MB): Used  127  Alloctr  132  Proc 2992 

Number of wires with overlap after iteration 1 = 17 of 47


Wire length and via report:
---------------------------
Number of M1 wires: 11 		  : 0
Number of M2 wires: 19 		 VIA12SQ_C: 26
Number of M3 wires: 17 		 VIA23SQ_C: 24
Number of M4 wires: 0 		 VIA34SQ_C: 0
Number of M5 wires: 0 		 VIA45SQ_C: 0
Number of M6 wires: 0 		 VIA56SQ_C: 0
Number of M7 wires: 0 		 VIA67SQ_C: 0
Number of M8 wires: 0 		 VIA78SQ_C: 0
Number of M9 wires: 0 		 VIA89_C: 0
Number of MRDL wires: 0 		 VIA9RDL: 0
Total number of wires: 47 		 vias: 50

Total M1 wire length: 2.0
Total M2 wire length: 11.9
Total M3 wire length: 11.8
Total M4 wire length: 0.0
Total M5 wire length: 0.0
Total M6 wire length: 0.0
Total M7 wire length: 0.0
Total M8 wire length: 0.0
Total M9 wire length: 0.0
Total MRDL wire length: 0.0
Total wire length: 25.7

Longest M1 wire length: 1.0
Longest M2 wire length: 4.6
Longest M3 wire length: 4.0
Longest M4 wire length: 0.0
Longest M5 wire length: 0.0
Longest M6 wire length: 0.0
Longest M7 wire length: 0.0
Longest M8 wire length: 0.0
Longest M9 wire length: 0.0
Longest MRDL wire length: 0.0


[Track Assign: Done] Elapsed real time: 0:00:02 
[Track Assign: Done] Elapsed cpu  time: sys=0:00:00 usr=0:00:28 total=0:00:28
[Track Assign: Done] Stage (MB): Used    4  Alloctr    3  Proc    0 
[Track Assign: Done] Total (MB): Used  121  Alloctr  126  Proc 2992 
Printing options for 'route.common.*'

Printing options for 'route.detail.*'
detail.force_end_on_preferred_grid                      :	 true                
detail.timing_driven                                    :	 false               

Printing options for 'route.auto_via_ladder.*'

Information: RC layer preference is turned on for this design. (ZRT-613)
[Dr init] Elapsed real time: 0:00:00 
[Dr init] Elapsed cpu  time: sys=0:00:00 usr=0:00:00 total=0:00:00
[Dr init] Stage (MB): Used    8  Alloctr    8  Proc    0 
[Dr init] Total (MB): Used  129  Alloctr  134  Proc 2992 
Total number of nets = 47770, of which 0 are not extracted
Total number of open nets = 46082, of which 0 are frozen
Information: Using 12 threads for routing. (ZRT-444)
Start DR iteration 0: uniform partition
Routed	12/1024 Partitions, Violations =	0
Routed	21/1024 Partitions, Violations =	0
Routed	22/1024 Partitions, Violations =	0
Routed	25/1024 Partitions, Violations =	0
Routed	26/1024 Partitions, Violations =	3
Routed	27/1024 Partitions, Violations =	3
Routed	30/1024 Partitions, Violations =	0
Routed	35/1024 Partitions, Violations =	0
Routed	40/1024 Partitions, Violations =	0
Routed	45/1024 Partitions, Violations =	0
Routed	50/1024 Partitions, Violations =	0
Routed	55/1024 Partitions, Violations =	1
Routed	60/1024 Partitions, Violations =	0
Routed	65/1024 Partitions, Violations =	0
Routed	70/1024 Partitions, Violations =	5
Routed	75/1024 Partitions, Violations =	0
Routed	80/1024 Partitions, Violations =	0
Routed	85/1024 Partitions, Violations =	19
Routed	90/1024 Partitions, Violations =	41
Routed	95/1024 Partitions, Violations =	39
Routed	100/1024 Partitions, Violations =	39
Routed	105/1024 Partitions, Violations =	40
Routed	110/1024 Partitions, Violations =	36
Routed	115/1024 Partitions, Violations =	29
Routed	120/1024 Partitions, Violations =	28
Routed	125/1024 Partitions, Violations =	27
Routed	130/1024 Partitions, Violations =	27
Routed	135/1024 Partitions, Violations =	27
Routed	140/1024 Partitions, Violations =	27
Routed	145/1024 Partitions, Violations =	31
Routed	150/1024 Partitions, Violations =	30
Routed	155/1024 Partitions, Violations =	12
Routed	160/1024 Partitions, Violations =	18
Routed	165/1024 Partitions, Violations =	18
Routed	170/1024 Partitions, Violations =	20
Routed	175/1024 Partitions, Violations =	29
Routed	180/1024 Partitions, Violations =	29
Routed	185/1024 Partitions, Violations =	27
Routed	190/1024 Partitions, Violations =	32
Routed	195/1024 Partitions, Violations =	28
Routed	200/1024 Partitions, Violations =	28
Routed	205/1024 Partitions, Violations =	30
Routed	210/1024 Partitions, Violations =	30
Routed	215/1024 Partitions, Violations =	30
Routed	220/1024 Partitions, Violations =	32
Routed	225/1024 Partitions, Violations =	30
Routed	230/1024 Partitions, Violations =	28
Routed	235/1024 Partitions, Violations =	45
Routed	240/1024 Partitions, Violations =	44
Routed	245/1024 Partitions, Violations =	39
Routed	250/1024 Partitions, Violations =	39
Routed	255/1024 Partitions, Violations =	37
Routed	260/1024 Partitions, Violations =	38
Routed	265/1024 Partitions, Violations =	37
Routed	270/1024 Partitions, Violations =	37
Routed	275/1024 Partitions, Violations =	35
Routed	280/1024 Partitions, Violations =	42
Routed	285/1024 Partitions, Violations =	41
Routed	290/1024 Partitions, Violations =	45
Routed	295/1024 Partitions, Violations =	48
Routed	300/1024 Partitions, Violations =	51
Routed	305/1024 Partitions, Violations =	52
Routed	310/1024 Partitions, Violations =	61
Routed	315/1024 Partitions, Violations =	57
Routed	320/1024 Partitions, Violations =	64
Routed	325/1024 Partitions, Violations =	64
Routed	330/1024 Partitions, Violations =	57
Routed	335/1024 Partitions, Violations =	76
Routed	340/1024 Partitions, Violations =	79
Routed	345/1024 Partitions, Violations =	57
Routed	350/1024 Partitions, Violations =	57
Routed	355/1024 Partitions, Violations =	44
Routed	360/1024 Partitions, Violations =	46
Routed	365/1024 Partitions, Violations =	47
Routed	370/1024 Partitions, Violations =	53
Routed	375/1024 Partitions, Violations =	51
Routed	380/1024 Partitions, Violations =	49
Routed	385/1024 Partitions, Violations =	49
Routed	390/1024 Partitions, Violations =	49
Routed	395/1024 Partitions, Violations =	37
Routed	400/1024 Partitions, Violations =	31
Routed	405/1024 Partitions, Violations =	31
Routed	410/1024 Partitions, Violations =	31
Routed	415/1024 Partitions, Violations =	33
Routed	420/1024 Partitions, Violations =	33
Routed	425/1024 Partitions, Violations =	33
Routed	430/1024 Partitions, Violations =	33
Routed	435/1024 Partitions, Violations =	33
Routed	440/1024 Partitions, Violations =	31
Routed	445/1024 Partitions, Violations =	31
Routed	450/1024 Partitions, Violations =	30
Routed	455/1024 Partitions, Violations =	30
Routed	460/1024 Partitions, Violations =	30
Routed	465/1024 Partitions, Violations =	31
Routed	470/1024 Partitions, Violations =	38
Routed	475/1024 Partitions, Violations =	41
Routed	480/1024 Partitions, Violations =	53
Routed	485/1024 Partitions, Violations =	51
Routed	490/1024 Partitions, Violations =	51
Routed	495/1024 Partitions, Violations =	50
Routed	500/1024 Partitions, Violations =	47
Routed	505/1024 Partitions, Violations =	34
Routed	510/1024 Partitions, Violations =	27
Routed	515/1024 Partitions, Violations =	27
Routed	520/1024 Partitions, Violations =	27
Routed	525/1024 Partitions, Violations =	27
Routed	530/1024 Partitions, Violations =	39
Routed	535/1024 Partitions, Violations =	43
Routed	540/1024 Partitions, Violations =	43
Routed	545/1024 Partitions, Violations =	28
Routed	550/1024 Partitions, Violations =	28
Routed	555/1024 Partitions, Violations =	36
Routed	560/1024 Partitions, Violations =	36
Routed	565/1024 Partitions, Violations =	51
Routed	570/1024 Partitions, Violations =	48
Routed	575/1024 Partitions, Violations =	48
Routed	580/1024 Partitions, Violations =	56
Routed	585/1024 Partitions, Violations =	63
Routed	590/1024 Partitions, Violations =	55
Routed	595/1024 Partitions, Violations =	53
Routed	600/1024 Partitions, Violations =	49
Routed	605/1024 Partitions, Violations =	49
Routed	610/1024 Partitions, Violations =	58
Routed	615/1024 Partitions, Violations =	49
Routed	620/1024 Partitions, Violations =	52
Routed	625/1024 Partitions, Violations =	53
Routed	630/1024 Partitions, Violations =	51
Routed	635/1024 Partitions, Violations =	61
Routed	640/1024 Partitions, Violations =	61
Routed	645/1024 Partitions, Violations =	48
Routed	650/1024 Partitions, Violations =	48
Routed	655/1024 Partitions, Violations =	49
Routed	660/1024 Partitions, Violations =	53
Routed	665/1024 Partitions, Violations =	53
Routed	670/1024 Partitions, Violations =	55
Routed	675/1024 Partitions, Violations =	52
Routed	680/1024 Partitions, Violations =	84
Routed	685/1024 Partitions, Violations =	77
Routed	690/1024 Partitions, Violations =	77
Routed	695/1024 Partitions, Violations =	46
Routed	700/1024 Partitions, Violations =	63
Routed	705/1024 Partitions, Violations =	63
Routed	710/1024 Partitions, Violations =	62
Routed	715/1024 Partitions, Violations =	48
Routed	720/1024 Partitions, Violations =	47
Routed	725/1024 Partitions, Violations =	50
Routed	730/1024 Partitions, Violations =	50
Routed	735/1024 Partitions, Violations =	79
Routed	740/1024 Partitions, Violations =	79
Routed	745/1024 Partitions, Violations =	81
Routed	750/1024 Partitions, Violations =	82
Routed	755/1024 Partitions, Violations =	102
Routed	760/1024 Partitions, Violations =	109
Routed	765/1024 Partitions, Violations =	109
Routed	770/1024 Partitions, Violations =	107
Routed	775/1024 Partitions, Violations =	107
Routed	780/1024 Partitions, Violations =	107
Routed	785/1024 Partitions, Violations =	109
Routed	790/1024 Partitions, Violations =	118
Routed	795/1024 Partitions, Violations =	118
Routed	800/1024 Partitions, Violations =	132
Routed	805/1024 Partitions, Violations =	132
Routed	810/1024 Partitions, Violations =	115
Routed	815/1024 Partitions, Violations =	118
Routed	820/1024 Partitions, Violations =	122
Routed	825/1024 Partitions, Violations =	132
Routed	830/1024 Partitions, Violations =	132
Routed	835/1024 Partitions, Violations =	89
Routed	840/1024 Partitions, Violations =	93
Routed	845/1024 Partitions, Violations =	86
Routed	850/1024 Partitions, Violations =	86
Routed	856/1024 Partitions, Violations =	86
Routed	860/1024 Partitions, Violations =	77
Routed	865/1024 Partitions, Violations =	107
Routed	870/1024 Partitions, Violations =	107
Routed	875/1024 Partitions, Violations =	102
Routed	880/1024 Partitions, Violations =	95
Routed	885/1024 Partitions, Violations =	107
Routed	890/1024 Partitions, Violations =	107
Routed	895/1024 Partitions, Violations =	107
Routed	900/1024 Partitions, Violations =	89
Routed	905/1024 Partitions, Violations =	92
Routed	910/1024 Partitions, Violations =	94
Routed	915/1024 Partitions, Violations =	94
Routed	920/1024 Partitions, Violations =	90
Routed	925/1024 Partitions, Violations =	90
Routed	930/1024 Partitions, Violations =	84
Routed	935/1024 Partitions, Violations =	72
Routed	940/1024 Partitions, Violations =	81
Routed	946/1024 Partitions, Violations =	63
Routed	950/1024 Partitions, Violations =	63
Routed	955/1024 Partitions, Violations =	63
Routed	960/1024 Partitions, Violations =	63
Routed	965/1024 Partitions, Violations =	63
Routed	970/1024 Partitions, Violations =	54
Routed	975/1024 Partitions, Violations =	53
Routed	980/1024 Partitions, Violations =	47
Routed	985/1024 Partitions, Violations =	48
Routed	990/1024 Partitions, Violations =	50
Routed	995/1024 Partitions, Violations =	50
Routed	1000/1024 Partitions, Violations =	48
Routed	1005/1024 Partitions, Violations =	50
Routed	1010/1024 Partitions, Violations =	33
Routed	1015/1024 Partitions, Violations =	30
Routed	1020/1024 Partitions, Violations =	28

DRC-SUMMARY:
	@@@@@@@ TOTAL VIOLATIONS =	28
	Diff net var rule spacing : 8
	Less than minimum area : 6
	Same net spacing : 14

[Iter 0] Elapsed real time: 0:00:04 
[Iter 0] Elapsed cpu  time: sys=0:00:00 usr=0:00:36 total=0:00:36
[Iter 0] Stage (MB): Used   17  Alloctr   17  Proc  124 
[Iter 0] Total (MB): Used  138  Alloctr  143  Proc 3116 

End DR iteration 0 with 1024 parts

Start DR iteration 1: non-uniform partition
Routed	1/16 Partitions, Violations =	21
Routed	2/16 Partitions, Violations =	21
Routed	3/16 Partitions, Violations =	15
Routed	4/16 Partitions, Violations =	6
Routed	10/16 Partitions, Violations =	4
Routed	12/16 Partitions, Violations =	3
Routed	12/16 Partitions, Violations =	3
Routed	13/16 Partitions, Violations =	3
Routed	14/16 Partitions, Violations =	1
Routed	14/16 Partitions, Violations =	1
Routed	14/16 Partitions, Violations =	1
Routed	15/16 Partitions, Violations =	0
Routed	15/16 Partitions, Violations =	0
Routed	15/16 Partitions, Violations =	0
Routed	16/16 Partitions, Violations =	0
Routed	16/16 Partitions, Violations =	0

DRC-SUMMARY:
	@@@@@@@ TOTAL VIOLATIONS =	0

[Iter 1] Elapsed real time: 0:00:04 
[Iter 1] Elapsed cpu  time: sys=0:00:00 usr=0:00:38 total=0:00:38
[Iter 1] Stage (MB): Used   17  Alloctr   17  Proc  124 
[Iter 1] Total (MB): Used  138  Alloctr  143  Proc 3116 

End DR iteration 1 with 16 parts

Finish DR since reached 0 DRC

Information: Detail Routing terminated early because DRCs were not converging: false (ZRT-312)
[DR] Elapsed real time: 0:00:04 
[DR] Elapsed cpu  time: sys=0:00:00 usr=0:00:38 total=0:00:38
[DR] Stage (MB): Used    1  Alloctr    1  Proc  124 
[DR] Total (MB): Used  122  Alloctr  128  Proc 3116 
[DR: Done] Elapsed real time: 0:00:04 
[DR: Done] Elapsed cpu  time: sys=0:00:00 usr=0:00:38 total=0:00:38
[DR: Done] Stage (MB): Used    1  Alloctr    1  Proc  124 
[DR: Done] Total (MB): Used  122  Alloctr  128  Proc 3116 

DR finished with 0 open nets, of which 0 are frozen

DR finished with 0 violations

DRC-SUMMARY:
	@@@@@@@ TOTAL VIOLATIONS =	0



Total Wire Length =                    93078 micron
Total Number of Contacts =             28684
Total Number of Wires =                29558
Total Number of PtConns =              6324
Total Number of Routed Wires =       29558
Total Routed Wire Length =           92270 micron
Total Number of Routed Contacts =       28684
	Layer             M1 :        277 micron
	Layer             M2 :      36161 micron
	Layer             M3 :      36831 micron
	Layer             M4 :       3796 micron
	Layer             M5 :       7465 micron
	Layer             M6 :       8383 micron
	Layer             M7 :        165 micron
	Layer             M8 :          0 micron
	Layer             M9 :          0 micron
	Layer           MRDL :          0 micron
	Via        VIA67SQ_C :          8
	Via        VIA56SQ_C :        711
	Via        VIA45SQ_C :        873
	Via   VIA45SQ_C(rot) :          2
	Via        VIA34SQ_C :       1832
	Via   VIA34SQ_C(rot) :          3
	Via        VIA23SQ_C :          9
	Via   VIA23SQ_C(rot) :      15660
	Via        VIA12SQ_C :       9419
	Via   VIA12SQ_C(rot) :        167

 
Redundant via conversion report:
--------------------------------

  Total optimized via conversion rate =  0.00% (0 / 28684 vias)
 
    Layer VIA1       =  0.00% (0      / 9586    vias)
        Un-optimized =  0.00% (0       vias)
        Un-mapped    = 100.00% (9586    vias)
    Layer VIA2       =  0.00% (0      / 15669   vias)
        Un-optimized =  0.00% (0       vias)
        Un-mapped    = 100.00% (15669   vias)
    Layer VIA3       =  0.00% (0      / 1835    vias)
        Un-optimized =  0.00% (0       vias)
        Un-mapped    = 100.00% (1835    vias)
    Layer VIA4       =  0.00% (0      / 875     vias)
        Un-optimized =  0.00% (0       vias)
        Un-mapped    = 100.00% (875     vias)
    Layer VIA5       =  0.00% (0      / 711     vias)
        Un-optimized =  0.00% (0       vias)
        Un-mapped    = 100.00% (711     vias)
    Layer VIA6       =  0.00% (0      / 8       vias)
        Un-optimized =  0.00% (0       vias)
        Un-mapped    = 100.00% (8       vias)
 
  Total double via conversion rate    =  0.00% (0 / 28684 vias)
 
    Layer VIA1       =  0.00% (0      / 9586    vias)
    Layer VIA2       =  0.00% (0      / 15669   vias)
    Layer VIA3       =  0.00% (0      / 1835    vias)
    Layer VIA4       =  0.00% (0      / 875     vias)
    Layer VIA5       =  0.00% (0      / 711     vias)
    Layer VIA6       =  0.00% (0      / 8       vias)
 
  The optimized via conversion rate based on total routed via count =  0.00% (0 / 28684 vias)
 
    Layer VIA1       =  0.00% (0      / 9586    vias)
        Un-optimized =  0.00% (0       vias)
        Un-mapped    = 100.00% (9586    vias)
    Layer VIA2       =  0.00% (0      / 15669   vias)
        Un-optimized =  0.00% (0       vias)
        Un-mapped    = 100.00% (15669   vias)
    Layer VIA3       =  0.00% (0      / 1835    vias)
        Un-optimized =  0.00% (0       vias)
        Un-mapped    = 100.00% (1835    vias)
    Layer VIA4       =  0.00% (0      / 875     vias)
        Un-optimized =  0.00% (0       vias)
        Un-mapped    = 100.00% (875     vias)
    Layer VIA5       =  0.00% (0      / 711     vias)
        Un-optimized =  0.00% (0       vias)
        Un-mapped    = 100.00% (711     vias)
    Layer VIA6       =  0.00% (0      / 8       vias)
        Un-optimized =  0.00% (0       vias)
        Un-mapped    = 100.00% (8       vias)
 

Total number of nets = 47770
0 open nets, of which 0 are frozen
Total number of excluded ports = 0 ports of 0 unplaced cells connected to 0 nets
                                 0 ports without pins of 0 cells connected to 0 nets
                                 0 ports of 0 cover cells connected to 0 non-pg nets
Total number of DRCs = 0
Total number of antenna violations = antenna checking not active
Information: Routes in non-preferred voltage areas = 0 (ZRT-559)

Topology ECO not run, no qualifying violations or in frozen nets.
Updating the database ...
Information: The net parasitics of block zigbee are cleared. (TIM-123)
Begin building search trees for block zigbee_F.dlib:zigbee_F_cts.design
Done building search trees for block zigbee_F.dlib:zigbee_F_cts.design (time 0s)
Information: The stitching and editing of coupling caps is turned OFF for design 'zigbee_F.dlib:zigbee_F_cts.design'. (TIM-125)
Information: Design zigbee_F_cts has 47770 nets, 0 global routed, 1686 detail routed. (NEX-024)
Information: The RC mode used is CTO for design 'zigbee'. (NEX-022)
Information: Design Average RC for design zigbee_F_cts  (NEX-011)
Information: r = 1.152344 ohm/um, via_r = 0.500000 ohm/cut, c = 0.088782 ff/um, cc = 0.000000 ff/um (X dir) (NEX-017)
Information: r = 1.399614 ohm/um, via_r = 0.500000 ohm/cut, c = 0.086549 ff/um, cc = 0.000000 ff/um (Y dir) (NEX-017)
Information: Update timing completed net estimation for all the timing graph nets (TIM-111)
Information: Net estimation statistics: timing graph nets = 47768, routed nets = 1686, across physical hierarchy nets = 0, parasitics cached nets = 47768, delay annotated nets = 0, parasitics annotated nets = 0, multi-voltage nets = 0. (TIM-112)

npo-clock-opt optimization Phase 35 Iter  1         0.00      1.29         0       0.221           -           0.351
Enable dominated scenarios

npo-clock-opt optimization complete                 0.00      1.29         0       0.221           -           0.351
Co-efficient Ratio Summary:
4.193421605155  6.578038173730  2.479639287277  7.744187597728  0.485351306252  3.179184433784  -5.567214854587  -2.894454487461  -6.565921317863  -9.017937605874  3.103687388114  9.866474109851  6.078184564085  2.745236141123
8.318115604907  9.699225026083  2.464623950064  1.382370278543  9.387485325518  3.142048006669  -0.968752889964  -6.613180823294  -4.146578893224  -7.876358018112  2.190142681877  0.966779741094  2.700109043881  3.841488864440
3.750206053169  7.663458842299  6.212201167950  7.759678473967  7.862243056717  0.402387977150  -0.032845195897  -0.596111612371  -4.701287496892  -7.205135612169  8.277368876449  1.186760790997  3.334497008244  5.868637531622
7.173894385364  9.669819999761  7.591487347087  7.632106340473  7.679379382476  9.831933888630  -1.878805917928  -3.230072443539  -1.226270137326  -7.050450594780  2.402935651812  6.132897144054  4.100271666110  1.275746389655
4.570746653063  5.624878808820  7.826857253678  4.759133418263  5.409027926377  2.609823652834  -0.626142638674  -6.381676752919  -9.187474122495  -0.513656896621  5.026587196743  6.112858046103  6.181433912107  1.582603165776
7.486041822107  9.584562469756  2.041727387119  3.921160867338  0.650488682345  9.472458902409  -3.368484494994  -4.897111649020  -6.860149344452  -2.000104151691  9.094352485860  2.190086309512  0.915961667443  5.467020108426
8.142690055883  4.607193265224  8.244463794567  3.504870705451  1.682716012888  7.173433718510  -9.939562808373  -3.617852872683  -8.946772737652  -1.169969632707  4.528953134443  3.093914009795  5.580787736993  1.132325563510
0.721709625254  7.515947417690  0.649322209371  1.017031043513  5.811519666269  5.826730883342  -4.349383392435  -0.216216018317  -9.612142522527  -7.311156882104  0.822526629809  0.359106886693  8.022070169284  2.604160385844
5.024802551363  1.359359521353  5.407563451201  2.804123477518  1.265300052200  0.417760313533  -1.833872565081  -6.448557837188  -4.848373212548  -2.936801155033  8.670401602406  4.215340916610  9.007688870112  3.309135978452
5.607471109985  8.514743640423  2.764676979434  9.324216938770  1.551199989997  2.300508202625  -0.754685130179  -1.961421511696  -2.781303441418  -3.355375255650  9.436911146727  9.139747242545  9.020260808464  9.979409295117
7.467457734047  3.171274721421  9.815920740044  4.331414637138  0.413524984361  3.309910198619  -7.452798306103  -1.902827024529  -5.623407359547  -7.269363108696  3.366415456809  7.096686115702  7.411397756476  6.945274776650
5.239565921087  4.802189647382  3.894401463832  4.531610419342  1.605155657803  8.173730247963  -9.287277874418  -7.540401148505  -0.000353417956  -5.833784656721  4.753599532560  4.380406256592  1.217824501793  7.506802110467
0.800933986343  9.509851607812  3.964085274420  8.341123831811  5.604907969922  5.026083246462  -3.950064238237  -0.221226038718  -4.029619414242  -9.406669196875  2.788976914433  0.726239014657  8.793285387635  8.919140019113
5.103696096373  4.141094270014  8.443881384045  0.064440375020  6.053169766345  8.842299621220  -1.167950875967  -8.473967886224  -3.056717140238  -7.977150103284  5.094807243142  1.515316070128  7.396853320513  5.513197627835
1.398268118372  5.190997333443  6.408244586760  9.731622717389  4.385364966981  9.999761759148  -7.347087863210  -6.393266867907  -8.063326083131  -4.288630287880  5.816938517538  2.346574722627  0.037387305045  0.495718040392
8.173631613985  2.544054410021  0.066110127471  8.589655457074  6.653063562487  8.808820782685  -7.253678575913  -3.418263640902  -7.926377360982  -3.652834162614  2.537684822698  6.655954518747  4.022456651365  6.797659302757
0.618562611981  3.446103618147  2.312107158167  5.365776748604  1.822107958456  2.469756204172  -7.387119492116  -0.867338165048  -8.682345047245  -8.902409436848  4.393904673242  1.542065286014  9.244413800010  4.052629709534
5.907689219704  1.709512091590  0.067443546609  2.308426814269  0.055883460719  3.265224824446  -3.794567450487  -0.705451268271  -6.012888817343  -3.718510093956  2.707383555216  2.775628494677  2.637613716996  9.533735252994
6.656262309097  9.409795558072  6.136993113139  7.763510072170  9.625254751594  7.417690064932  -2.209371201703  -1.043513681151  -9.666269682673  -0.883342534938  3.291445215152  6.911352561214  2.422588331115  6.783132882351
9.141628035616  1.286693802201  9.569284260313  2.585844502480  2.551363135935  9.521353540756  -3.451201380412  -3.477518226530  -0.052200141776  -0.313533283387  2.464091838386  7.730123084837  3.112509893680  1.056061667149
4.124225421230  5.316610900762  7.270112330810  7.178452560747  1.109985851474  3.640423276467  -6.979434032421  -6.938770255119  -9.989997330050  -8.202625175468  5.039189380673  1.414631878130  3.341479935537  5.156688743790
9.893602913670  2.642545902020  9.208464997847  1.495117746745  7.734047317127  4.721421981592  -0.740044533141  -4.637138141352  -4.984361430991  -0.198619845279  8.205113384713  7.927564162340  7.259508326936  3.009624136740
3.103784709364  1.515702741133  6.156476694424  6.976650523956  5.921087480218  9.647382389440  -1.463832553161  -0.419342260515  -5.657803917373  -0.247963028727  7.773428948571  1.041540600035  3.317917183378  4.557759275458
7.289445438746  1.656592121786  3.901793750587  4.310467037201  3.986643834104  1.607431996408  -5.274420934112  -3.831811660490  -7.969922602608  -3.246462495006  4.137247216653  6.931753002961  9.314203540666  9.097803078996
4.661318072329  4.414657879322  4.787635891811  2.219113533761  6.096373582828  4.270018944388  -1.384045106444  -0.375020705316  -9.766345984229  -9.621220216795  0.797418037911  7.780133505671  7.041163997715  0.004212309589
7.059611151237  1.470128739689  2.720513551216  9.827835139826  8.118372519099  7.333443640824  -4.586760073162  -2.717389538536  -4.966981099976  -1.759148834708  7.785761829941  6.761816006332  6.984066628863  0.188818381792
8.323007234353  9.122627003732  6.705045049478  0.240392817363  1.613985254405  4.410021006611  -0.127471958965  -5.457074765306  -3.562487980882  -0.782685825367  8.497464531441  3.544811992637  7.261817565283  4.063642053867
4.638167665291  9.918747402249  5.051365679662  1.502757061856  2.611981344610  3.618147231210  -7.158167636577  -6.748604282210  -7.958456346975  -6.204172838711  9.314667276358  8.069957068234  5.948170090240  9.337876239499
4.489711154902  0.686014924445  2.200010405169  1.909534590768  9.219704170951  2.091590006744  -3.546609330842  -6.814269105588  -3.460719426522  -4.824446479456  7.372938260160  1.162180801288  8.718278571851  0.994984070837
3.361785277268  3.894677263765  2.116996953270  7.452994687451  2.309097010753  5.558076713699  -3.113139876351  -0.072170062525  -4.751594841769  -0.064932320937  1.123231550501  3.585060166626  9.583508288334  2.435966129243
5.021621691831  7.961214242252  7.731115678210  4.082351914162  8.035616128669  3.802201956928  -4.260313358584  -4.502480355136  -3.135935052135  -3.540756445120  1.202940793901  8.120449205220  0.042601231353  3.184315046508
1.644855773718  8.484837311254  8.293680105503  3.867149412422  5.421230531661  0.900762727011  -2.330810817845  -2.560747210998  -5.851474464042  -3.276467797943  4.954959049027  0.159028198999  7.231985020262  5.076496303017
9.196142141169  6.278130334141  8.335537515565  0.943790989360  2.913670264254  5.902020920846  -4.997847249511  -7.746745873404  -7.317127572142  -1.981592174004  4.455679819963  8.045261698436  1.331826219861  9.746207620610
3.190282792452  9.562340725954  7.726936300869  6.336740332103  4.709364221491  2.741138615647  -6.694424797665  -0.523956692108  -7.480218064738  -2.389440246383  2.475267248747  2.164268465780  3.818032924796  3.929755577441
8.754040104850  5.000035331795  6.583378455672  1.475458740779  5.438746235570  2.121781390179  -3.750587531046  -7.080093498634  -3.950985260781  -2.396408627442  0.856218580994  1.564143696992  2.503367224646  2.396034213823
7.022122693871  8.402961931424  2.940666909687  5.278996488966  8.072329569061  7.879324678763  -5.891811321911  -3.510369709637  -3.414109527001  -4.844388238404  5.028555572815  0.609061376634  5.885990362122  0.117723877596
7.847396778622  4.305671704023  8.797715000328  4.509589705961  1.151237147012  8.739689272051  -3.551216082783  -5.139826911837  -2.519099833344  -3.640824558676  0.995273716041  9.432281896698  1.990647575914  8.735736576321
0.639326676790  7.806332698313  1.428863018788  0.581792832300  7.234353912262  7.003732670504  -5.049478124039  -2.817363261398  -5.254405541002  -1.006611112747  1.870076080010  4.669051756248  7.881553478268  5.726395647591
3.341826354090  2.792637726098  2.365283406261  4.253867485650  7.665291019554  7.402241205136  -5.679662250275  -7.061856361198  -1.344610461814  -7.231210815816  7.558688119173  4.186965195845  6.247646020417  2.739749739211
6.086733806504  8.868234594724  5.890240933684  8.439499460715  1.154902186381  4.924447920001  -0.405169290953  -4.590768021970  -4.170951309159  -0.006744454660  9.252953126739  9.009233746071  9.327293882444  6.370484535048

npo-clock-opt final QoR
_______________________
Scenario Mapping Table
1: default

Pathgroup Mapping Table
1: **default**
2: **async_default**
3: **clock_gating_default**
4: **in2reg_default**
5: **reg2out_default**
6: **in2out_default**
7: clk

-----------------------------------------------------------------------------------------------------------
Scene  PG      WNS        TNS    NSV      WHV        THV    NHV
    1   1   0.0000     0.0000      0   0.0000     0.0000      0
    1   2   0.0000     0.0000      0   0.0000     0.0000      0
    1   3   0.0000     0.0000      0   0.0000     0.0000      0
    1   4   0.0000     0.0000      0   0.0000     0.0000      0
    1   5   0.0000     0.0000      0   0.0000     0.0000      0
    1   6   0.0000     0.0000      0   0.0000     0.0000      0
    1   7   0.0000     0.0000      0   0.2284     1.2878     27
--------------------------------------------------------------------------------------------------------------------
Scene  PG      WNS        TNS    NSV      WHV        THV    NHV  MaxTrnV   MaxTranC  MaxCapV    Leakage
    1   *   0.0000     0.0000      0   0.2284     1.2878     27        -          -        -          -
--------------------------------------------------------------------------------------------------------------------
Scene  PG      WNS        TNS    NSV      WHV        THV    NHV  MaxTrnV   MaxTranC  MaxCapV    Leakage         Area    InstCnt     BufCnt     InvCnt
    *   *   0.0000     0.0000      0   0.2284     1.2878     27        -          -        -          -    221115.45      47554      17714      10388
--------------------------------------------------------------------------------------------------------------------

npo-clock-opt final QoR Summary         WNS        TNS    NSV      WHV        THV    NHV  MaxTrnV  MaxCapV    Leakage         Area    InstCnt
npo-clock-opt final QoR Summary      0.0000     0.0000      0   0.2284     1.2878     27        -        -          -    221115.45      47554

npo-clock-opt command complete                CPU:  1519 s (  0.42 hr )  ELAPSE:  1262 s (  0.35 hr )  MEM-PEAK:  1746 MB
npo-clock-opt command statistics  CPU=565 sec (0.16 hr) ELAPSED=173 sec (0.05 hr) MEM-PEAK=1.705 GB
Information: The net parasitics of block zigbee are cleared. (TIM-123)
Information: The stitching and editing of coupling caps is turned ON for design 'zigbee_F.dlib:zigbee_F_cts.design'. (TIM-125)
Information: Design zigbee_F_cts has 47770 nets, 0 global routed, 1686 detail routed. (NEX-024)
Information: The RC mode used is CTO for design 'zigbee'. (NEX-022)
Information: Crosstalk analysis has been disabled. (TIM-114)
Information: Design Average RC for design zigbee_F_cts  (NEX-011)
Information: r = 1.152344 ohm/um, via_r = 0.500000 ohm/cut, c = 0.088782 ff/um, cc = 0.000000 ff/um (X dir) (NEX-017)
Information: r = 1.399614 ohm/um, via_r = 0.500000 ohm/cut, c = 0.086549 ff/um, cc = 0.000000 ff/um (Y dir) (NEX-017)
Information: Update timing completed net estimation for all the timing graph nets (TIM-111)
Information: Net estimation statistics: timing graph nets = 47768, routed nets = 1686, across physical hierarchy nets = 0, parasitics cached nets = 47768, delay annotated nets = 0, parasitics annotated nets = 0, multi-voltage nets = 0. (TIM-112)
Information: Running auto PG connection. (NDM-099)
1
#Check Number Of Cells Inserted
sizeof_collection [get_cells "CTS_*"]
1685
sizeof_collection [get_cells "OPT_*"]
257
###################################################################################
#########################################################
#### Section 12 : Connect ####
#########################################################
####################################################################################
connect_pg_net -net "VDD" [get_pins -hierarchical */VDD]
connect_pg_net -net "VSS" [get_pins -hierarchical */VSS]
###################################################################################
#########################################################
#### Section 13 : Checks ####
#########################################################
####################################################################################
check_pg_connectivity
Loading cell instances...
Number of Standard Cells: 47554
Number of Macro Cells: 0
Number of IO Pad Cells: 0
Number of Blocks: 0
Loading P/G wires and vias...
Number of VDD Wires: 227
Number of VDD Vias: 40532
Number of VDD Terminals: 138
Number of VSS Wires: 225
Number of VSS Vias: 39006
Number of VSS Terminals: 136
**************Verify net VDD connectivity*****************
  Number of floating wires: 0
  Number of floating vias: 0
  Number of floating std cells: 0
  Number of floating hard macros: 0
  Number of floating I/O pads: 0
  Number of floating terminals: 0
  Number of floating hierarchical blocks: 0
************************************************************
**************Verify net VSS connectivity*****************
  Number of floating wires: 0
  Number of floating vias: 0
  Number of floating std cells: 0
  Number of floating hard macros: 0
  Number of floating I/O pads: 0
  Number of floating terminals: 0
  Number of floating hierarchical blocks: 0
************************************************************
Overall runtime: 1 seconds.
check_pg_drc
Command check_pg_drc started  at Mon Sep 21 04:46:12 2026
Command check_pg_drc finished at Mon Sep 21 04:46:17 2026
CPU usage for check_pg_drc: 39.45 seconds ( 0.01 hours)
Elapsed time for check_pg_drc: 4.41 seconds ( 0.00 hours)
No errors found.
check_pg_missing_vias
Check net VDD vias...
Number of missing vias: 0
Checking net VDD vias took 0 seconds.
Check net VSS vias...
Number of missing vias: 0
Checking net VSS vias took 0 seconds.
Overall runtime: 0 seconds.
check_routes -drc true
Warning: Cell contains tie connections which are not connected to real PG. (ZRT-511)
Turn off antenna since no rule is specified
Cell Min-Routing-Layer = M3
Cell Max-Routing-Layer = M7
Warning: Cannot find a default contact code for layer CO. (ZRT-022)
rule clk_network_NDR_leaf equivalent to default rule
Warning: Ignore 2 top cell ports with no pins. (ZRT-027)
Info: number of net_type_blockage: 0 
soft rule ICC2_GENERATED_DEFAULT_SPACING_RULE_3_8_wire is redundant
soft rule LOPT_M3_M7_3_8_wire is redundant
soft rule LOPT_M6_M7_3_8_wire is redundant


Start checking for open nets ... 

net(symbol_mapper_to_ppdu/u_form_ppdu/net_aps_42) has floating ports (dbId = 2 idx_ = 2 numNodes = 6 numEdges = 0 numCmps = 6)
net(payload[7]) has floating ports (dbId = 3 idx_ = 3 numNodes = 2 numEdges = 0 numCmps = 2)
net(payload[6]) has floating ports (dbId = 4 idx_ = 4 numNodes = 2 numEdges = 0 numCmps = 2)
net(payload[5]) has floating ports (dbId = 5 idx_ = 5 numNodes = 2 numEdges = 0 numCmps = 2)
net(payload[4]) has floating ports (dbId = 6 idx_ = 6 numNodes = 2 numEdges = 0 numCmps = 2)
net(payload[3]) has floating ports (dbId = 7 idx_ = 7 numNodes = 2 numEdges = 0 numCmps = 2)
net(payload[2]) has floating ports (dbId = 8 idx_ = 8 numNodes = 2 numEdges = 0 numCmps = 2)
net(payload[1]) has floating ports (dbId = 9 idx_ = 9 numNodes = 2 numEdges = 0 numCmps = 2)
net(payload[0]) has floating ports (dbId = 10 idx_ = 10 numNodes = 2 numEdges = 0 numCmps = 2)
net(payload_length[6]) has floating ports (dbId = 11 idx_ = 11 numNodes = 4 numEdges = 0 numCmps = 4)
net(payload_length[5]) has floating ports (dbId = 12 idx_ = 12 numNodes = 4 numEdges = 0 numCmps = 4)
net(payload_length[4]) has floating ports (dbId = 13 idx_ = 13 numNodes = 4 numEdges = 0 numCmps = 4)
net(payload_length[3]) has floating ports (dbId = 14 idx_ = 14 numNodes = 4 numEdges = 0 numCmps = 4)
net(payload_length[2]) has floating ports (dbId = 15 idx_ = 15 numNodes = 4 numEdges = 0 numCmps = 4)
net(payload_length[1]) has floating ports (dbId = 16 idx_ = 16 numNodes = 5 numEdges = 0 numCmps = 5)
net(payload_length[0]) has floating ports (dbId = 17 idx_ = 17 numNodes = 5 numEdges = 0 numCmps = 5)
net(start_tx) has floating ports (dbId = 18 idx_ = 18 numNodes = 5 numEdges = 0 numCmps = 5)
net(tx_real[7]) has floating ports (dbId = 19 idx_ = 19 numNodes = 2 numEdges = 0 numCmps = 2)
net(tx_real[6]) has floating ports (dbId = 20 idx_ = 20 numNodes = 2 numEdges = 0 numCmps = 2)
net(tx_real[5]) has floating ports (dbId = 21 idx_ = 21 numNodes = 2 numEdges = 0 numCmps = 2)
net(tx_real[4]) has floating ports (dbId = 22 idx_ = 22 numNodes = 2 numEdges = 0 numCmps = 2)
net(tx_real[3]) has floating ports (dbId = 23 idx_ = 23 numNodes = 2 numEdges = 0 numCmps = 2)
net(tx_real[2]) has floating ports (dbId = 24 idx_ = 24 numNodes = 2 numEdges = 0 numCmps = 2)
net(tx_real[1]) has floating ports (dbId = 25 idx_ = 25 numNodes = 2 numEdges = 0 numCmps = 2)
net(tx_real[0]) has floating ports (dbId = 26 idx_ = 26 numNodes = 2 numEdges = 0 numCmps = 2)
net(tx_imag[7]) has floating ports (dbId = 27 idx_ = 27 numNodes = 2 numEdges = 0 numCmps = 2)
net(tx_imag[6]) has floating ports (dbId = 28 idx_ = 28 numNodes = 2 numEdges = 0 numCmps = 2)
net(tx_imag[5]) has floating ports (dbId = 29 idx_ = 29 numNodes = 2 numEdges = 0 numCmps = 2)
net(tx_imag[4]) has floating ports (dbId = 30 idx_ = 30 numNodes = 2 numEdges = 0 numCmps = 2)
net(tx_imag[3]) has floating ports (dbId = 31 idx_ = 31 numNodes = 2 numEdges = 0 numCmps = 2)
net(tx_imag[2]) has floating ports (dbId = 32 idx_ = 32 numNodes = 2 numEdges = 0 numCmps = 2)
net(tx_imag[1]) has floating ports (dbId = 33 idx_ = 33 numNodes = 2 numEdges = 0 numCmps = 2)
net(tx_imag[0]) has floating ports (dbId = 34 idx_ = 34 numNodes = 2 numEdges = 0 numCmps = 2)
net(PLACE_HFSNET_5273) has floating ports (dbId = 35 idx_ = 35 numNodes = 4 numEdges = 0 numCmps = 4)
net(n3) has floating ports (dbId = 36 idx_ = 36 numNodes = 2 numEdges = 0 numCmps = 2)
net(DEMUX/PLACE_HFSNET_0) has floating ports (dbId = 37 idx_ = 37 numNodes = 4 numEdges = 0 numCmps = 4)
net(DEMUX/PLACE_HFSNET_1) has floating ports (dbId = 38 idx_ = 38 numNodes = 2 numEdges = 0 numCmps = 2)
net(DQPSK_CSK/CSK_GEN_DUT/PLACE_HFSNET_1) has floating ports (dbId = 39 idx_ = 39 numNodes = 4 numEdges = 0 numCmps = 4)
net(counter_wren) has floating ports (dbId = 40 idx_ = 40 numNodes = 3 numEdges = 0 numCmps = 3)
net(zeropadding_nextitem) has floating ports (dbId = 41 idx_ = 41 numNodes = 3 numEdges = 0 numCmps = 3)
net(payload_fifo_full) has floating ports (dbId = 42 idx_ = 42 numNodes = 2 numEdges = 0 numCmps = 2)
net(payload_fifo_empty) has floating ports (dbId = 43 idx_ = 43 numNodes = 3 numEdges = 0 numCmps = 3)
net(zeropadding_en) has floating ports (dbId = 44 idx_ = 44 numNodes = 4 numEdges = 0 numCmps = 4)
net(zeropadding_valid) has floating ports (dbId = 45 idx_ = 45 numNodes = 6 numEdges = 0 numCmps = 6)
net(zeropadding_out) has floating ports (dbId = 46 idx_ = 46 numNodes = 4 numEdges = 0 numCmps = 4)
net(demux_valid) has floating ports (dbId = 47 idx_ = 47 numNodes = 2 numEdges = 0 numCmps = 2)
net(ppdu_i) has floating ports (dbId = 48 idx_ = 48 numNodes = 2 numEdges = 0 numCmps = 2)
net(ppdu_q) has floating ports (dbId = 49 idx_ = 49 numNodes = 3 numEdges = 0 numCmps = 3)
net(ppdu_valid) has floating ports (dbId = 50 idx_ = 50 numNodes = 2 numEdges = 0 numCmps = 2)
net(qpsk_valid) has floating ports (dbId = 51 idx_ = 51 numNodes = 2 numEdges = 0 numCmps = 2)
net(tx_done) has floating ports (dbId = 52 idx_ = 52 numNodes = 4 numEdges = 0 numCmps = 4)
net(symbol_mapper_to_ppdu/u_form_ppdu/net_aps_43) has floating ports (dbId = 53 idx_ = 53 numNodes = 6 numEdges = 0 numCmps = 6)
net(symbol_mapper_to_ppdu/u_form_ppdu/net_aps_44) has floating ports (dbId = 54 idx_ = 54 numNodes = 6 numEdges = 0 numCmps = 6)
net(symbol_mapper_to_ppdu/u_form_ppdu/net_aps_45) has floating ports (dbId = 55 idx_ = 55 numNodes = 4 numEdges = 0 numCmps = 4)
net(symbol_mapper_to_ppdu/u_form_ppdu/net_aps_46) has floating ports (dbId = 56 idx_ = 56 numNodes = 6 numEdges = 0 numCmps = 6)
net(symbol_mapper_to_ppdu/u_form_ppdu/net_aps_47) has floating ports (dbId = 57 idx_ = 57 numNodes = 4 numEdges = 0 numCmps = 4)
net(symbol_mapper_to_ppdu/u_form_ppdu/net_aps_48) has floating ports (dbId = 58 idx_ = 58 numNodes = 6 numEdges = 0 numCmps = 6)
net(symbol_mapper_to_ppdu/u_form_ppdu/net_aps_49) has floating ports (dbId = 59 idx_ = 59 numNodes = 5 numEdges = 0 numCmps = 5)
net(symbol_mapper_to_ppdu/u_form_ppdu/net_aps_50) has floating ports (dbId = 60 idx_ = 60 numNodes = 4 numEdges = 0 numCmps = 4)
net(payload_fifo_out[7]) has floating ports (dbId = 61 idx_ = 61 numNodes = 3 numEdges = 0 numCmps = 3)
net(payload_fifo_out[6]) has floating ports (dbId = 62 idx_ = 62 numNodes = 3 numEdges = 0 numCmps = 3)
net(payload_fifo_out[5]) has floating ports (dbId = 63 idx_ = 63 numNodes = 3 numEdges = 0 numCmps = 3)
net(payload_fifo_out[4]) has floating ports (dbId = 64 idx_ = 64 numNodes = 3 numEdges = 0 numCmps = 3)
net(payload_fifo_out[3]) has floating ports (dbId = 65 idx_ = 65 numNodes = 3 numEdges = 0 numCmps = 3)
net(payload_fifo_out[2]) has floating ports (dbId = 66 idx_ = 66 numNodes = 3 numEdges = 0 numCmps = 3)
net(payload_fifo_out[1]) has floating ports (dbId = 67 idx_ = 67 numNodes = 3 numEdges = 0 numCmps = 3)
net(payload_fifo_out[0]) has floating ports (dbId = 68 idx_ = 68 numNodes = 3 numEdges = 0 numCmps = 3)
net(e_demux_branch[2]) has floating ports (dbId = 69 idx_ = 69 numNodes = 2 numEdges = 0 numCmps = 2)
net(e_demux_branch[1]) has floating ports (dbId = 70 idx_ = 70 numNodes = 2 numEdges = 0 numCmps = 2)
net(e_demux_branch[0]) has floating ports (dbId = 71 idx_ = 71 numNodes = 2 numEdges = 0 numCmps = 2)
net(o_demux_branch[2]) has floating ports (dbId = 72 idx_ = 72 numNodes = 2 numEdges = 0 numCmps = 2)
net(o_demux_branch[1]) has floating ports (dbId = 73 idx_ = 73 numNodes = 2 numEdges = 0 numCmps = 2)
net(o_demux_branch[0]) has floating ports (dbId = 74 idx_ = 74 numNodes = 2 numEdges = 0 numCmps = 2)
net(qpsk_real_o[1]) has floating ports (dbId = 75 idx_ = 75 numNodes = 4 numEdges = 0 numCmps = 4)
net(qpsk_real_o[0]) has floating ports (dbId = 76 idx_ = 76 numNodes = 6 numEdges = 0 numCmps = 6)
net(qpsk_imag_o[1]) has floating ports (dbId = 77 idx_ = 77 numNodes = 4 numEdges = 0 numCmps = 4)
net(qpsk_imag_o[0]) has floating ports (dbId = 78 idx_ = 78 numNodes = 3 numEdges = 0 numCmps = 3)
net(PLACE_HFSNET_5275) has floating ports (dbId = 80 idx_ = 79 numNodes = 2 numEdges = 0 numCmps = 2)
net(ZeroPadding/PLACE_HFSNET_957) has floating ports (dbId = 83 idx_ = 80 numNodes = 5 numEdges = 0 numCmps = 5)
net(payload_ram/PLACE_HFSNET_906) has floating ports (dbId = 84 idx_ = 81 numNodes = 4 numEdges = 0 numCmps = 4)
net(payload_ram/PLACE_HFSNET_853) has floating ports (dbId = 85 idx_ = 82 numNodes = 4 numEdges = 0 numCmps = 4)
net(payload_ram/PLACE_HFSNET_800) has floating ports (dbId = 86 idx_ = 83 numNodes = 5 numEdges = 0 numCmps = 5)
net(payload_ram/PLACE_HFSNET_748) has floating ports (dbId = 87 idx_ = 84 numNodes = 5 numEdges = 0 numCmps = 5)
net(payload_ram/PLACE_HFSNET_694) has floating ports (dbId = 88 idx_ = 85 numNodes = 5 numEdges = 0 numCmps = 5)
net(payload_ram/PLACE_HFSNET_645) has floating ports (dbId = 89 idx_ = 86 numNodes = 5 numEdges = 0 numCmps = 5)
net(payload_ram/PLACE_HFSNET_593) has floating ports (dbId = 90 idx_ = 87 numNodes = 5 numEdges = 0 numCmps = 5)
net(payload_ram/aps_rename_1_) has floating ports (dbId = 91 idx_ = 88 numNodes = 2 numEdges = 0 numCmps = 2)
net(payload_ram/aps_rename_2_) has floating ports (dbId = 94 idx_ = 89 numNodes = 2 numEdges = 0 numCmps = 2)
net(payload_ram/aps_rename_3_) has floating ports (dbId = 96 idx_ = 90 numNodes = 2 numEdges = 0 numCmps = 2)
net(payload_ram/aps_rename_4_) has floating ports (dbId = 97 idx_ = 91 numNodes = 2 numEdges = 0 numCmps = 2)
net(payload_ram/aps_rename_5_) has floating ports (dbId = 98 idx_ = 92 numNodes = 2 numEdges = 0 numCmps = 2)
net(payload_ram/aps_rename_6_) has floating ports (dbId = 100 idx_ = 93 numNodes = 2 numEdges = 0 numCmps = 2)
net(symbol_mapper_to_ppdu/u_form_ppdu/net_aps_51) has floating ports (dbId = 101 idx_ = 94 numNodes = 4 numEdges = 0 numCmps = 4)
net(payload_ram/N16) has floating ports (dbId = 102 idx_ = 95 numNodes = 6 numEdges = 0 numCmps = 6)
net(payload_ram/N17) has floating ports (dbId = 103 idx_ = 96 numNodes = 6 numEdges = 0 numCmps = 6)
net(payload_ram/N18) has floating ports (dbId = 104 idx_ = 97 numNodes = 4 numEdges = 0 numCmps = 4)
net(payload_ram/N19) has floating ports (dbId = 105 idx_ = 98 numNodes = 2 numEdges = 0 numCmps = 2)
net(payload_ram/N20) has floating ports (dbId = 106 idx_ = 99 numNodes = 2 numEdges = 0 numCmps = 2)
net(payload_ram/N21) has floating ports (dbId = 107 idx_ = 100 numNodes = 4 numEdges = 0 numCmps = 4)
net(payload_ram/rd_from_addr[7]) has floating ports (dbId = 108 idx_ = 101 numNodes = 2 numEdges = 0 numCmps = 2)
net(payload_ram/PLACE_HFSNET_5281) has floating ports (dbId = 109 idx_ = 102 numNodes = 2 numEdges = 0 numCmps = 2)
net(payload_ram/N159) has floating ports (dbId = 110 idx_ = 103 numNodes = 2 numEdges = 0 numCmps = 2)
net(payload_ram/N160) has floating ports (dbId = 111 idx_ = 104 numNodes = 2 numEdges = 0 numCmps = 2)
net(payload_ram/N161) has floating ports (dbId = 112 idx_ = 105 numNodes = 2 numEdges = 0 numCmps = 2)
net(payload_ram/N162) has floating ports (dbId = 113 idx_ = 106 numNodes = 2 numEdges = 0 numCmps = 2)
net(payload_ram/N163) has floating ports (dbId = 114 idx_ = 107 numNodes = 2 numEdges = 0 numCmps = 2)
net(payload_ram/N164) has floating ports (dbId = 115 idx_ = 108 numNodes = 2 numEdges = 0 numCmps = 2)
net(payload_ram/N165) has floating ports (dbId = 116 idx_ = 109 numNodes = 2 numEdges = 0 numCmps = 2)
net(payload_ram/mem[0][7]) has floating ports (dbId = 117 idx_ = 110 numNodes = 2 numEdges = 0 numCmps = 2)
net(payload_ram/mem[0][6]) has floating ports (dbId = 118 idx_ = 111 numNodes = 2 numEdges = 0 numCmps = 2)
net(payload_ram/mem[0][5]) has floating ports (dbId = 119 idx_ = 112 numNodes = 3 numEdges = 0 numCmps = 3)
net(payload_ram/mem[0][4]) has floating ports (dbId = 120 idx_ = 113 numNodes = 2 numEdges = 0 numCmps = 2)
net(payload_ram/mem[0][3]) has floating ports (dbId = 121 idx_ = 114 numNodes = 2 numEdges = 0 numCmps = 2)
net(payload_ram/mem[0][2]) has floating ports (dbId = 122 idx_ = 115 numNodes = 2 numEdges = 0 numCmps = 2)
net(payload_ram/mem[0][1]) has floating ports (dbId = 123 idx_ = 116 numNodes = 2 numEdges = 0 numCmps = 2)
net(payload_ram/mem[0][0]) has floating ports (dbId = 124 idx_ = 117 numNodes = 3 numEdges = 0 numCmps = 3)
net(payload_ram/mem[1][7]) has floating ports (dbId = 125 idx_ = 118 numNodes = 2 numEdges = 0 numCmps = 2)
net(payload_ram/mem[1][6]) has floating ports (dbId = 126 idx_ = 119 numNodes = 2 numEdges = 0 numCmps = 2)
net(payload_ram/mem[1][5]) has floating ports (dbId = 127 idx_ = 120 numNodes = 2 numEdges = 0 numCmps = 2)
net(payload_ram/mem[1][4]) has floating ports (dbId = 128 idx_ = 121 numNodes = 2 numEdges = 0 numCmps = 2)
net(payload_ram/mem[1][3]) has floating ports (dbId = 129 idx_ = 122 numNodes = 2 numEdges = 0 numCmps = 2)
net(payload_ram/mem[1][2]) has floating ports (dbId = 130 idx_ = 123 numNodes = 2 numEdges = 0 numCmps = 2)
net(payload_ram/mem[1][1]) has floating ports (dbId = 131 idx_ = 124 numNodes = 2 numEdges = 0 numCmps = 2)
net(payload_ram/mem[1][0]) has floating ports (dbId = 132 idx_ = 125 numNodes = 2 numEdges = 0 numCmps = 2)
net(payload_ram/mem[2][7]) has floating ports (dbId = 133 idx_ = 126 numNodes = 2 numEdges = 0 numCmps = 2)
net(payload_ram/mem[2][6]) has floating ports (dbId = 134 idx_ = 127 numNodes = 3 numEdges = 0 numCmps = 3)
net(payload_ram/mem[2][5]) has floating ports (dbId = 135 idx_ = 128 numNodes = 2 numEdges = 0 numCmps = 2)
net(payload_ram/mem[2][4]) has floating ports (dbId = 136 idx_ = 129 numNodes = 3 numEdges = 0 numCmps = 3)
net(payload_ram/mem[2][3]) has floating ports (dbId = 137 idx_ = 130 numNodes = 2 numEdges = 0 numCmps = 2)
net(payload_ram/mem[2][2]) has floating ports (dbId = 138 idx_ = 131 numNodes = 2 numEdges = 0 numCmps = 2)
net(payload_ram/mem[2][1]) has floating ports (dbId = 139 idx_ = 132 numNodes = 2 numEdges = 0 numCmps = 2)
net(payload_ram/mem[2][0]) has floating ports (dbId = 140 idx_ = 133 numNodes = 3 numEdges = 0 numCmps = 3)
net(payload_ram/mem[3][7]) has floating ports (dbId = 141 idx_ = 134 numNodes = 2 numEdges = 0 numCmps = 2)
net(payload_ram/mem[3][6]) has floating ports (dbId = 142 idx_ = 135 numNodes = 2 numEdges = 0 numCmps = 2)
net(payload_ram/mem[3][5]) has floating ports (dbId = 143 idx_ = 136 numNodes = 2 numEdges = 0 numCmps = 2)
net(payload_ram/mem[3][4]) has floating ports (dbId = 144 idx_ = 137 numNodes = 2 numEdges = 0 numCmps = 2)
net(payload_ram/mem[3][3]) has floating ports (dbId = 145 idx_ = 138 numNodes = 2 numEdges = 0 numCmps = 2)
net(payload_ram/mem[3][2]) has floating ports (dbId = 146 idx_ = 139 numNodes = 2 numEdges = 0 numCmps = 2)
net(payload_ram/mem[3][1]) has floating ports (dbId = 147 idx_ = 140 numNodes = 2 numEdges = 0 numCmps = 2)
net(payload_ram/mem[3][0]) has floating ports (dbId = 148 idx_ = 141 numNodes = 2 numEdges = 0 numCmps = 2)
net(payload_ram/mem[4][7]) has floating ports (dbId = 149 idx_ = 142 numNodes = 3 numEdges = 0 numCmps = 3)
net(payload_ram/mem[4][6]) has floating ports (dbId = 150 idx_ = 143 numNodes = 2 numEdges = 0 numCmps = 2)
net(payload_ram/mem[4][5]) has floating ports (dbId = 151 idx_ = 144 numNodes = 2 numEdges = 0 numCmps = 2)
net(payload_ram/mem[4][4]) has floating ports (dbId = 152 idx_ = 145 numNodes = 2 numEdges = 0 numCmps = 2)
net(payload_ram/mem[4][3]) has floating ports (dbId = 153 idx_ = 146 numNodes = 3 numEdges = 0 numCmps = 3)
net(payload_ram/mem[4][2]) has floating ports (dbId = 154 idx_ = 147 numNodes = 3 numEdges = 0 numCmps = 3)
net(payload_ram/mem[4][1]) has floating ports (dbId = 155 idx_ = 148 numNodes = 2 numEdges = 0 numCmps = 2)
net(payload_ram/mem[4][0]) has floating ports (dbId = 156 idx_ = 149 numNodes = 2 numEdges = 0 numCmps = 2)
net(payload_ram/mem[5][7]) has floating ports (dbId = 157 idx_ = 150 numNodes = 2 numEdges = 0 numCmps = 2)
net(payload_ram/mem[5][6]) has floating ports (dbId = 158 idx_ = 151 numNodes = 2 numEdges = 0 numCmps = 2)
net(payload_ram/mem[5][5]) has floating ports (dbId = 159 idx_ = 152 numNodes = 2 numEdges = 0 numCmps = 2)
net(payload_ram/mem[5][4]) has floating ports (dbId = 160 idx_ = 153 numNodes = 2 numEdges = 0 numCmps = 2)
net(payload_ram/mem[5][3]) has floating ports (dbId = 161 idx_ = 154 numNodes = 2 numEdges = 0 numCmps = 2)
net(payload_ram/mem[5][2]) has floating ports (dbId = 162 idx_ = 155 numNodes = 2 numEdges = 0 numCmps = 2)
net(payload_ram/mem[5][1]) has floating ports (dbId = 163 idx_ = 156 numNodes = 2 numEdges = 0 numCmps = 2)
net(payload_ram/mem[5][0]) has floating ports (dbId = 164 idx_ = 157 numNodes = 3 numEdges = 0 numCmps = 3)
net(payload_ram/mem[6][7]) has floating ports (dbId = 165 idx_ = 158 numNodes = 2 numEdges = 0 numCmps = 2)
net(payload_ram/mem[6][6]) has floating ports (dbId = 166 idx_ = 159 numNodes = 3 numEdges = 0 numCmps = 3)
net(payload_ram/mem[6][5]) has floating ports (dbId = 167 idx_ = 160 numNodes = 2 numEdges = 0 numCmps = 2)
net(payload_ram/mem[6][4]) has floating ports (dbId = 168 idx_ = 161 numNodes = 3 numEdges = 0 numCmps = 3)
net(payload_ram/mem[6][3]) has floating ports (dbId = 169 idx_ = 162 numNodes = 2 numEdges = 0 numCmps = 2)
net(payload_ram/mem[6][2]) has floating ports (dbId = 170 idx_ = 163 numNodes = 2 numEdges = 0 numCmps = 2)
net(payload_ram/mem[6][1]) has floating ports (dbId = 171 idx_ = 164 numNodes = 2 numEdges = 0 numCmps = 2)
net(payload_ram/mem[6][0]) has floating ports (dbId = 172 idx_ = 165 numNodes = 2 numEdges = 0 numCmps = 2)
net(payload_ram/mem[7][7]) has floating ports (dbId = 173 idx_ = 166 numNodes = 2 numEdges = 0 numCmps = 2)
net(payload_ram/mem[7][6]) has floating ports (dbId = 174 idx_ = 167 numNodes = 2 numEdges = 0 numCmps = 2)
net(payload_ram/mem[7][5]) has floating ports (dbId = 175 idx_ = 168 numNodes = 2 numEdges = 0 numCmps = 2)
net(payload_ram/mem[7][4]) has floating ports (dbId = 176 idx_ = 169 numNodes = 2 numEdges = 0 numCmps = 2)
net(payload_ram/mem[7][3]) has floating ports (dbId = 177 idx_ = 170 numNodes = 2 numEdges = 0 numCmps = 2)
net(payload_ram/mem[7][2]) has floating ports (dbId = 178 idx_ = 171 numNodes = 2 numEdges = 0 numCmps = 2)
net(payload_ram/mem[7][1]) has floating ports (dbId = 179 idx_ = 172 numNodes = 2 numEdges = 0 numCmps = 2)
net(payload_ram/mem[7][0]) has floating ports (dbId = 180 idx_ = 173 numNodes = 2 numEdges = 0 numCmps = 2)
net(payload_ram/mem[8][7]) has floating ports (dbId = 181 idx_ = 174 numNodes = 2 numEdges = 0 numCmps = 2)
net(payload_ram/mem[8][6]) has floating ports (dbId = 182 idx_ = 175 numNodes = 2 numEdges = 0 numCmps = 2)
net(payload_ram/mem[8][5]) has floating ports (dbId = 183 idx_ = 176 numNodes = 3 numEdges = 0 numCmps = 3)
net(payload_ram/mem[8][4]) has floating ports (dbId = 184 idx_ = 177 numNodes = 2 numEdges = 0 numCmps = 2)
net(payload_ram/mem[8][3]) has floating ports (dbId = 185 idx_ = 178 numNodes = 3 numEdges = 0 numCmps = 3)
net(payload_ram/mem[8][2]) has floating ports (dbId = 186 idx_ = 179 numNodes = 2 numEdges = 0 numCmps = 2)
net(payload_ram/mem[8][1]) has floating ports (dbId = 187 idx_ = 180 numNodes = 2 numEdges = 0 numCmps = 2)
net(payload_ram/mem[8][0]) has floating ports (dbId = 188 idx_ = 181 numNodes = 2 numEdges = 0 numCmps = 2)
net(payload_ram/mem[9][7]) has floating ports (dbId = 189 idx_ = 182 numNodes = 2 numEdges = 0 numCmps = 2)
net(payload_ram/mem[9][6]) has floating ports (dbId = 190 idx_ = 183 numNodes = 2 numEdges = 0 numCmps = 2)
net(payload_ram/mem[9][5]) has floating ports (dbId = 191 idx_ = 184 numNodes = 2 numEdges = 0 numCmps = 2)
net(payload_ram/mem[9][4]) has floating ports (dbId = 192 idx_ = 185 numNodes = 2 numEdges = 0 numCmps = 2)
net(payload_ram/mem[9][3]) has floating ports (dbId = 193 idx_ = 186 numNodes = 2 numEdges = 0 numCmps = 2)
net(payload_ram/mem[9][2]) has floating ports (dbId = 194 idx_ = 187 numNodes = 2 numEdges = 0 numCmps = 2)
net(payload_ram/mem[9][1]) has floating ports (dbId = 195 idx_ = 188 numNodes = 2 numEdges = 0 numCmps = 2)
net(payload_ram/mem[9][0]) has floating ports (dbId = 196 idx_ = 189 numNodes = 2 numEdges = 0 numCmps = 2)
net(payload_ram/mem[10][7]) has floating ports (dbId = 197 idx_ = 190 numNodes = 2 numEdges = 0 numCmps = 2)
net(payload_ram/mem[10][6]) has floating ports (dbId = 198 idx_ = 191 numNodes = 3 numEdges = 0 numCmps = 3)
net(payload_ram/mem[10][5]) has floating ports (dbId = 199 idx_ = 192 numNodes = 2 numEdges = 0 numCmps = 2)
net(payload_ram/mem[10][4]) has floating ports (dbId = 200 idx_ = 193 numNodes = 2 numEdges = 0 numCmps = 2)
net(payload_ram/mem[10][3]) has floating ports (dbId = 201 idx_ = 194 numNodes = 2 numEdges = 0 numCmps = 2)
net(payload_ram/mem[10][2]) has floating ports (dbId = 202 idx_ = 195 numNodes = 2 numEdges = 0 numCmps = 2)
net(payload_ram/mem[10][1]) has floating ports (dbId = 203 idx_ = 196 numNodes = 2 numEdges = 0 numCmps = 2)
net(payload_ram/mem[10][0]) has floating ports (dbId = 204 idx_ = 197 numNodes = 2 numEdges = 0 numCmps = 2)
net(payload_ram/mem[11][7]) has floating ports (dbId = 205 idx_ = 198 numNodes = 3 numEdges = 0 numCmps = 3)
net(payload_ram/mem[11][6]) has floating ports (dbId = 206 idx_ = 199 numNodes = 2 numEdges = 0 numCmps = 2)
net(payload_ram/mem[11][5]) has floating ports (dbId = 207 idx_ = 200 numNodes = 2 numEdges = 0 numCmps = 2)
net(payload_ram/mem[11][4]) has floating ports (dbId = 208 idx_ = 201 numNodes = 2 numEdges = 0 numCmps = 2)

... and 45882 more nets has floating ports 

Total number of nets = 47770, of which 0 are not extracted
Total number of open nets = 46082, of which 0 are frozen

Check 47770 nets, 46082 have Errors

[CHECK OPEN NETS] Elapsed real time: 0:00:00 
[CHECK OPEN NETS] Elapsed cpu  time: sys=0:00:00 usr=0:00:00 total=0:00:00
[CHECK OPEN NETS] Stage (MB): Used    0  Alloctr    0  Proc    0 
[CHECK OPEN NETS] Total (MB): Used  117  Alloctr  123  Proc 3513 
Printing options for 'route.common.*'

Printing options for 'route.detail.*'
detail.force_end_on_preferred_grid                      :	 true                

Printing options for 'route.auto_via_ladder.*'


Begin full DRC check ...

Information: Using 12 threads for routing. (ZRT-444)
Checked	1/64 Partitions, Violations =	0
Checked	2/64 Partitions, Violations =	0
Checked	4/64 Partitions, Violations =	0
Checked	6/64 Partitions, Violations =	0
Checked	8/64 Partitions, Violations =	0
Checked	10/64 Partitions, Violations =	0
Checked	12/64 Partitions, Violations =	0
Checked	14/64 Partitions, Violations =	0
Checked	16/64 Partitions, Violations =	0
Checked	18/64 Partitions, Violations =	0
Checked	20/64 Partitions, Violations =	0
Checked	22/64 Partitions, Violations =	0
Checked	24/64 Partitions, Violations =	0
Checked	26/64 Partitions, Violations =	0
Checked	28/64 Partitions, Violations =	0
Checked	30/64 Partitions, Violations =	0
Checked	32/64 Partitions, Violations =	0
Checked	34/64 Partitions, Violations =	0
Checked	36/64 Partitions, Violations =	0
Checked	38/64 Partitions, Violations =	0
Checked	40/64 Partitions, Violations =	0
Checked	42/64 Partitions, Violations =	0
Checked	44/64 Partitions, Violations =	0
Checked	46/64 Partitions, Violations =	0
Checked	48/64 Partitions, Violations =	0
Checked	50/64 Partitions, Violations =	0
Checked	52/64 Partitions, Violations =	0
Checked	54/64 Partitions, Violations =	0
Checked	56/64 Partitions, Violations =	0
Checked	58/64 Partitions, Violations =	0
Checked	60/64 Partitions, Violations =	0
Checked	62/64 Partitions, Violations =	0
Checked	64/64 Partitions, Violations =	0
[DRC CHECK] Elapsed real time: 0:00:02 
[DRC CHECK] Elapsed cpu  time: sys=0:00:00 usr=0:00:14 total=0:00:14
[DRC CHECK] Stage (MB): Used    0  Alloctr    0  Proc  360 
[DRC CHECK] Total (MB): Used  138  Alloctr  143  Proc 3873 
Warning: No antenna rules defined, Skip antenna analysis. (ZRT-309)

DRC-SUMMARY:
	@@@@@@@ TOTAL VIOLATIONS =	0


Total Wire Length =                    93078 micron
Total Number of Contacts =             28684
Total Number of Wires =                32024
Total Number of PtConns =              6324
Total Number of Routed Wires =       32024
Total Routed Wire Length =           92270 micron
Total Number of Routed Contacts =       28684
	Layer             M1 :        277 micron
	Layer             M2 :      36161 micron
	Layer             M3 :      36831 micron
	Layer             M4 :       3796 micron
	Layer             M5 :       7465 micron
	Layer             M6 :       8383 micron
	Layer             M7 :        165 micron
	Layer             M8 :          0 micron
	Layer             M9 :          0 micron
	Layer           MRDL :          0 micron
	Via        VIA67SQ_C :          8
	Via        VIA56SQ_C :        711
	Via        VIA45SQ_C :        873
	Via   VIA45SQ_C(rot) :          2
	Via        VIA34SQ_C :       1832
	Via   VIA34SQ_C(rot) :          3
	Via        VIA23SQ_C :          9
	Via   VIA23SQ_C(rot) :      15660
	Via        VIA12SQ_C :       9419
	Via   VIA12SQ_C(rot) :        167

 
Redundant via conversion report:
--------------------------------

  Total optimized via conversion rate =  0.00% (0 / 28684 vias)
 
    Layer VIA1       =  0.00% (0      / 9586    vias)
        Un-optimized =  0.00% (0       vias)
        Un-mapped    = 100.00% (9586    vias)
    Layer VIA2       =  0.00% (0      / 15669   vias)
        Un-optimized =  0.00% (0       vias)
        Un-mapped    = 100.00% (15669   vias)
    Layer VIA3       =  0.00% (0      / 1835    vias)
        Un-optimized =  0.00% (0       vias)
        Un-mapped    = 100.00% (1835    vias)
    Layer VIA4       =  0.00% (0      / 875     vias)
        Un-optimized =  0.00% (0       vias)
        Un-mapped    = 100.00% (875     vias)
    Layer VIA5       =  0.00% (0      / 711     vias)
        Un-optimized =  0.00% (0       vias)
        Un-mapped    = 100.00% (711     vias)
    Layer VIA6       =  0.00% (0      / 8       vias)
        Un-optimized =  0.00% (0       vias)
        Un-mapped    = 100.00% (8       vias)
 
  Total double via conversion rate    =  0.00% (0 / 28684 vias)
 
    Layer VIA1       =  0.00% (0      / 9586    vias)
    Layer VIA2       =  0.00% (0      / 15669   vias)
    Layer VIA3       =  0.00% (0      / 1835    vias)
    Layer VIA4       =  0.00% (0      / 875     vias)
    Layer VIA5       =  0.00% (0      / 711     vias)
    Layer VIA6       =  0.00% (0      / 8       vias)
 
  The optimized via conversion rate based on total routed via count =  0.00% (0 / 28684 vias)
 
    Layer VIA1       =  0.00% (0      / 9586    vias)
        Un-optimized =  0.00% (0       vias)
        Un-mapped    = 100.00% (9586    vias)
    Layer VIA2       =  0.00% (0      / 15669   vias)
        Un-optimized =  0.00% (0       vias)
        Un-mapped    = 100.00% (15669   vias)
    Layer VIA3       =  0.00% (0      / 1835    vias)
        Un-optimized =  0.00% (0       vias)
        Un-mapped    = 100.00% (1835    vias)
    Layer VIA4       =  0.00% (0      / 875     vias)
        Un-optimized =  0.00% (0       vias)
        Un-mapped    = 100.00% (875     vias)
    Layer VIA5       =  0.00% (0      / 711     vias)
        Un-optimized =  0.00% (0       vias)
        Un-mapped    = 100.00% (711     vias)
    Layer VIA6       =  0.00% (0      / 8       vias)
        Un-optimized =  0.00% (0       vias)
        Un-mapped    = 100.00% (8       vias)
 


Verify Summary:

Total number of nets = 47770, of which 0 are not extracted
Total number of open nets = 46082, of which 0 are frozen
Total number of excluded ports = 0 ports of 0 unplaced cells connected to 0 nets
                                 0 ports without pins of 0 cells connected to 0 nets
                                 0 ports of 0 cover cells connected to 0 non-pg nets
Total number of DRCs = 0
Total number of antenna violations = no antenna rules defined
Total number of tie to rail violations = not checked
Total number of tie to rail directly violations = not checked


###################################################################################
#########################################################
#### Section 13 : Reporting  ####
#########################################################
####################################################################################
report_cell                               > ../reports/${rate}/cells.rpt
report_nets                               > ../reports/${rate}/nets.rpt
report_qor                                > ../reports/${rate}/post_qor.rpt
report_timing                             > ../reports/${rate}/timing.rpt
report_timing -delay max -max_paths 10    > ../reports/${rate}/crit_paths.rpt
report_utilization                        > ../reports/${rate}/utilization.rpt
get_placement_blockage                    > ../reports/${rate}/blockage.rpt
check_pg_drc                              > ../reports/${rate}/drc.rpt
check_pg_connectivity                     > ../reports/${rate}/connectivity.rpt
check_pg_missing_vias                     > ../reports/${rate}/missing_vias.rpt
###################################################################################
#########################################################
#### Section 15 : Saving The Block  ####
#########################################################
####################################################################################
write_def                          ../outputs/${rate}/${top_module}.write_def
****************************************
Report : Data Mismatches
Version: O-2018.06-SP1
Date   : Mon Sep 21 04:46:27 2026
****************************************
No mismatches exist on the design.
---------------------------------------
Number of Written DEF Constructs
---------------------------------------
VERSION                        : 1
DIVIDERCHAR                    : 1
BUSBITCHARS                    : 1
DESIGN                         : 1
UNITS                          : 1
PROPERTYDEFINITIONS            : 1
DIEAREA                        : 1
ROW                            : 306
TRACKS                         : 20
VIAS                           : 11
NONDEFAULTRULES                : 9
COMPONENTS                     : 47554
PINS                           : 39
PINPROPERTIES                  : 35
BLOCKAGES                      : 3
SPECIALNETS                    : 1667
NETS                           : 47768
1
write_verilog -include {all}       ../outputs/${rate}/${top_module}.v
1
write_sdc     -output              ../outputs/${rate}/${top_module}.sdc
1
save_block
Information: Saving block 'zigbee_F.dlib:zigbee_F_cts.design'
1
1
icc2_shell> gui_start
icc2_shell> exit
Maximum memory usage for this session: 2106.92 MB
CPU usage for this session:   1636 seconds (  0.45 hours)
Elapsed time for this session:   1627 seconds (  0.45 hours)
Thank you for using IC Compiler II.
