 
****************************************
Report : constraint
        -all_violators
Design : zigbee
Version: O-2018.06-SP1
Date   : Sun Sep 20 00:44:22 2026
****************************************


   max_transition

                             Required        Actual
   Net                      Transition     Transition        Slack
   -----------------------------------------------------------------
   DQPSK_CSK/Imag_Sync_FIFO/n1
                                1.02           1.20          -0.17  (VIOLATED)
       PIN :   DQPSK_CSK/Imag_Sync_FIFO/U4314/A
                                1.02           1.20          -0.17  (VIOLATED)
       PIN :   DQPSK_CSK/Imag_Sync_FIFO/U4315/A
                                1.02           1.20          -0.17  (VIOLATED)
       PIN :   DQPSK_CSK/Imag_Sync_FIFO/U4319/A
                                1.02           1.20          -0.17  (VIOLATED)
       PIN :   DQPSK_CSK/Imag_Sync_FIFO/U4344/A
                                1.02           1.20          -0.17  (VIOLATED)
       PIN :   DQPSK_CSK/Imag_Sync_FIFO/U4347/A
                                1.02           1.20          -0.17  (VIOLATED)
       PIN :   DQPSK_CSK/Imag_Sync_FIFO/U4298/A
                                1.02           1.20          -0.17  (VIOLATED)
       PIN :   DQPSK_CSK/Imag_Sync_FIFO/U4342/A
                                1.02           1.20          -0.17  (VIOLATED)
       PIN :   DQPSK_CSK/Imag_Sync_FIFO/U4429/A
                                1.02           1.20          -0.17  (VIOLATED)
       PIN :   DQPSK_CSK/Imag_Sync_FIFO/U4310/A
                                1.02           1.20          -0.17  (VIOLATED)
       PIN :   DQPSK_CSK/Imag_Sync_FIFO/U4311/A
                                1.02           1.20          -0.17  (VIOLATED)
       PIN :   DQPSK_CSK/Imag_Sync_FIFO/U4390/A
                                1.02           1.20          -0.17  (VIOLATED)
   DQPSK_CSK/Imag_Sync_FIFO/n2
                                1.02           1.20          -0.17  (VIOLATED)
       PIN :   DQPSK_CSK/Imag_Sync_FIFO/U4307/A
                                1.02           1.20          -0.17  (VIOLATED)
       PIN :   DQPSK_CSK/Imag_Sync_FIFO/U4316/A
                                1.02           1.20          -0.17  (VIOLATED)
       PIN :   DQPSK_CSK/Imag_Sync_FIFO/U4396/A
                                1.02           1.20          -0.17  (VIOLATED)
       PIN :   DQPSK_CSK/Imag_Sync_FIFO/U4348/A
                                1.02           1.20          -0.17  (VIOLATED)
       PIN :   DQPSK_CSK/Imag_Sync_FIFO/U4295/A
                                1.02           1.20          -0.17  (VIOLATED)
       PIN :   DQPSK_CSK/Imag_Sync_FIFO/U4343/A
                                1.02           1.20          -0.17  (VIOLATED)
       PIN :   DQPSK_CSK/Imag_Sync_FIFO/U4430/A
                                1.02           1.20          -0.17  (VIOLATED)
       PIN :   DQPSK_CSK/Imag_Sync_FIFO/U4345/A
                                1.02           1.20          -0.17  (VIOLATED)
       PIN :   DQPSK_CSK/Imag_Sync_FIFO/U4305/A
                                1.02           1.20          -0.17  (VIOLATED)
       PIN :   DQPSK_CSK/Imag_Sync_FIFO/U4312/A
                                1.02           1.20          -0.17  (VIOLATED)
       PIN :   DQPSK_CSK/Imag_Sync_FIFO/U4391/A
                                1.02           1.20          -0.17  (VIOLATED)
   DQPSK_CSK/Imag_Sync_FIFO/n4
                                1.02           1.20          -0.17  (VIOLATED)
       PIN :   DQPSK_CSK/Imag_Sync_FIFO/U4308/A
                                1.02           1.20          -0.17  (VIOLATED)
       PIN :   DQPSK_CSK/Imag_Sync_FIFO/U4317/A
                                1.02           1.20          -0.17  (VIOLATED)
       PIN :   DQPSK_CSK/Imag_Sync_FIFO/U4397/A
                                1.02           1.20          -0.17  (VIOLATED)
       PIN :   DQPSK_CSK/Imag_Sync_FIFO/U4448/A
                                1.02           1.20          -0.17  (VIOLATED)
       PIN :   DQPSK_CSK/Imag_Sync_FIFO/U4296/A
                                1.02           1.20          -0.17  (VIOLATED)
       PIN :   DQPSK_CSK/Imag_Sync_FIFO/U4426/A
                                1.02           1.20          -0.17  (VIOLATED)
       PIN :   DQPSK_CSK/Imag_Sync_FIFO/U4431/A
                                1.02           1.20          -0.17  (VIOLATED)
       PIN :   DQPSK_CSK/Imag_Sync_FIFO/U4346/A
                                1.02           1.20          -0.17  (VIOLATED)
       PIN :   DQPSK_CSK/Imag_Sync_FIFO/U4306/A
                                1.02           1.20          -0.17  (VIOLATED)
       PIN :   DQPSK_CSK/Imag_Sync_FIFO/U4313/A
                                1.02           1.20          -0.17  (VIOLATED)
       PIN :   DQPSK_CSK/Imag_Sync_FIFO/U4392/A
                                1.02           1.20          -0.17  (VIOLATED)
   DQPSK_CSK/Real_Sync_FIFO/n1
                                1.02           1.20          -0.17  (VIOLATED)
       PIN :   DQPSK_CSK/Real_Sync_FIFO/U4314/A
                                1.02           1.20          -0.17  (VIOLATED)
       PIN :   DQPSK_CSK/Real_Sync_FIFO/U4315/A
                                1.02           1.20          -0.17  (VIOLATED)
       PIN :   DQPSK_CSK/Real_Sync_FIFO/U4319/A
                                1.02           1.20          -0.17  (VIOLATED)
       PIN :   DQPSK_CSK/Real_Sync_FIFO/U4344/A
                                1.02           1.20          -0.17  (VIOLATED)
       PIN :   DQPSK_CSK/Real_Sync_FIFO/U4347/A
                                1.02           1.20          -0.17  (VIOLATED)
       PIN :   DQPSK_CSK/Real_Sync_FIFO/U4298/A
                                1.02           1.20          -0.17  (VIOLATED)
       PIN :   DQPSK_CSK/Real_Sync_FIFO/U4342/A
                                1.02           1.20          -0.17  (VIOLATED)
       PIN :   DQPSK_CSK/Real_Sync_FIFO/U4429/A
                                1.02           1.20          -0.17  (VIOLATED)
       PIN :   DQPSK_CSK/Real_Sync_FIFO/U4310/A
                                1.02           1.20          -0.17  (VIOLATED)
       PIN :   DQPSK_CSK/Real_Sync_FIFO/U4311/A
                                1.02           1.20          -0.17  (VIOLATED)
       PIN :   DQPSK_CSK/Real_Sync_FIFO/U4390/A
                                1.02           1.20          -0.17  (VIOLATED)
   DQPSK_CSK/Real_Sync_FIFO/n2
                                1.02           1.20          -0.17  (VIOLATED)
       PIN :   DQPSK_CSK/Real_Sync_FIFO/U4307/A
                                1.02           1.20          -0.17  (VIOLATED)
       PIN :   DQPSK_CSK/Real_Sync_FIFO/U4316/A
                                1.02           1.20          -0.17  (VIOLATED)
       PIN :   DQPSK_CSK/Real_Sync_FIFO/U4396/A
                                1.02           1.20          -0.17  (VIOLATED)
       PIN :   DQPSK_CSK/Real_Sync_FIFO/U4348/A
                                1.02           1.20          -0.17  (VIOLATED)
       PIN :   DQPSK_CSK/Real_Sync_FIFO/U4295/A
                                1.02           1.20          -0.17  (VIOLATED)
       PIN :   DQPSK_CSK/Real_Sync_FIFO/U4343/A
                                1.02           1.20          -0.17  (VIOLATED)
       PIN :   DQPSK_CSK/Real_Sync_FIFO/U4430/A
                                1.02           1.20          -0.17  (VIOLATED)
       PIN :   DQPSK_CSK/Real_Sync_FIFO/U4345/A
                                1.02           1.20          -0.17  (VIOLATED)
       PIN :   DQPSK_CSK/Real_Sync_FIFO/U4305/A
                                1.02           1.20          -0.17  (VIOLATED)
       PIN :   DQPSK_CSK/Real_Sync_FIFO/U4312/A
                                1.02           1.20          -0.17  (VIOLATED)
       PIN :   DQPSK_CSK/Real_Sync_FIFO/U4391/A
                                1.02           1.20          -0.17  (VIOLATED)
   DQPSK_CSK/Real_Sync_FIFO/n4
                                1.02           1.20          -0.17  (VIOLATED)
       PIN :   DQPSK_CSK/Real_Sync_FIFO/U4308/A
                                1.02           1.20          -0.17  (VIOLATED)
       PIN :   DQPSK_CSK/Real_Sync_FIFO/U4317/A
                                1.02           1.20          -0.17  (VIOLATED)
       PIN :   DQPSK_CSK/Real_Sync_FIFO/U4397/A
                                1.02           1.20          -0.17  (VIOLATED)
       PIN :   DQPSK_CSK/Real_Sync_FIFO/U4448/A
                                1.02           1.20          -0.17  (VIOLATED)
       PIN :   DQPSK_CSK/Real_Sync_FIFO/U4296/A
                                1.02           1.20          -0.17  (VIOLATED)
       PIN :   DQPSK_CSK/Real_Sync_FIFO/U4426/A
                                1.02           1.20          -0.17  (VIOLATED)
       PIN :   DQPSK_CSK/Real_Sync_FIFO/U4431/A
                                1.02           1.20          -0.17  (VIOLATED)
       PIN :   DQPSK_CSK/Real_Sync_FIFO/U4346/A
                                1.02           1.20          -0.17  (VIOLATED)
       PIN :   DQPSK_CSK/Real_Sync_FIFO/U4306/A
                                1.02           1.20          -0.17  (VIOLATED)
       PIN :   DQPSK_CSK/Real_Sync_FIFO/U4313/A
                                1.02           1.20          -0.17  (VIOLATED)
       PIN :   DQPSK_CSK/Real_Sync_FIFO/U4392/A
                                1.02           1.20          -0.17  (VIOLATED)
   DQPSK_CSK/Imag_Sync_FIFO/n7
                                1.02           1.20          -0.17  (VIOLATED)
       PIN :   DQPSK_CSK/Imag_Sync_FIFO/U4303/A
                                1.02           1.20          -0.17  (VIOLATED)
       PIN :   DQPSK_CSK/Imag_Sync_FIFO/U4432/A
                                1.02           1.20          -0.17  (VIOLATED)
       PIN :   DQPSK_CSK/Imag_Sync_FIFO/U4367/A
                                1.02           1.20          -0.17  (VIOLATED)
       PIN :   DQPSK_CSK/Imag_Sync_FIFO/U4368/A
                                1.02           1.20          -0.17  (VIOLATED)
       PIN :   DQPSK_CSK/Imag_Sync_FIFO/U4370/A
                                1.02           1.20          -0.17  (VIOLATED)
       PIN :   DQPSK_CSK/Imag_Sync_FIFO/U4369/A
                                1.02           1.20          -0.17  (VIOLATED)
       PIN :   DQPSK_CSK/Imag_Sync_FIFO/U4371/A
                                1.02           1.20          -0.17  (VIOLATED)
       PIN :   DQPSK_CSK/Imag_Sync_FIFO/U4433/A
                                1.02           1.20          -0.17  (VIOLATED)
       PIN :   DQPSK_CSK/Imag_Sync_FIFO/U4290/A
                                1.02           1.20          -0.17  (VIOLATED)
       PIN :   DQPSK_CSK/Imag_Sync_FIFO/U4418/A
                                1.02           1.20          -0.17  (VIOLATED)
       PIN :   DQPSK_CSK/Imag_Sync_FIFO/U4419/A
                                1.02           1.20          -0.17  (VIOLATED)
   DQPSK_CSK/Imag_Sync_FIFO/n8
                                1.02           1.20          -0.17  (VIOLATED)
       PIN :   DQPSK_CSK/Imag_Sync_FIFO/U4320/A
                                1.02           1.20          -0.17  (VIOLATED)
       PIN :   DQPSK_CSK/Imag_Sync_FIFO/U4354/A
                                1.02           1.20          -0.17  (VIOLATED)
       PIN :   DQPSK_CSK/Imag_Sync_FIFO/U4398/A
                                1.02           1.20          -0.17  (VIOLATED)
       PIN :   DQPSK_CSK/Imag_Sync_FIFO/U4401/A
                                1.02           1.20          -0.17  (VIOLATED)
       PIN :   DQPSK_CSK/Imag_Sync_FIFO/U4404/A
                                1.02           1.20          -0.17  (VIOLATED)
       PIN :   DQPSK_CSK/Imag_Sync_FIFO/U4322/A
                                1.02           1.20          -0.17  (VIOLATED)
       PIN :   DQPSK_CSK/Imag_Sync_FIFO/U4407/A
                                1.02           1.20          -0.17  (VIOLATED)
       PIN :   DQPSK_CSK/Imag_Sync_FIFO/U4454/A
                                1.02           1.20          -0.17  (VIOLATED)
       PIN :   DQPSK_CSK/Imag_Sync_FIFO/U4293/A
                                1.02           1.20          -0.17  (VIOLATED)
       PIN :   DQPSK_CSK/Imag_Sync_FIFO/U4440/A
                                1.02           1.20          -0.17  (VIOLATED)
       PIN :   DQPSK_CSK/Imag_Sync_FIFO/U4443/A
                                1.02           1.20          -0.17  (VIOLATED)
   DQPSK_CSK/Imag_Sync_FIFO/n9
                                1.02           1.20          -0.17  (VIOLATED)
       PIN :   DQPSK_CSK/Imag_Sync_FIFO/U4321/A
                                1.02           1.20          -0.17  (VIOLATED)
       PIN :   DQPSK_CSK/Imag_Sync_FIFO/U4452/A
                                1.02           1.20          -0.17  (VIOLATED)
       PIN :   DQPSK_CSK/Imag_Sync_FIFO/U4399/A
                                1.02           1.20          -0.17  (VIOLATED)
       PIN :   DQPSK_CSK/Imag_Sync_FIFO/U4402/A
                                1.02           1.20          -0.17  (VIOLATED)
       PIN :   DQPSK_CSK/Imag_Sync_FIFO/U4405/A
                                1.02           1.20          -0.17  (VIOLATED)
       PIN :   DQPSK_CSK/Imag_Sync_FIFO/U4408/A
                                1.02           1.20          -0.17  (VIOLATED)
       PIN :   DQPSK_CSK/Imag_Sync_FIFO/U4411/A
                                1.02           1.20          -0.17  (VIOLATED)
       PIN :   DQPSK_CSK/Imag_Sync_FIFO/U4455/A
                                1.02           1.20          -0.17  (VIOLATED)
       PIN :   DQPSK_CSK/Imag_Sync_FIFO/U4294/A
                                1.02           1.20          -0.17  (VIOLATED)
       PIN :   DQPSK_CSK/Imag_Sync_FIFO/U4441/A
                                1.02           1.20          -0.17  (VIOLATED)
       PIN :   DQPSK_CSK/Imag_Sync_FIFO/U4444/A
                                1.02           1.20          -0.17  (VIOLATED)
   DQPSK_CSK/Imag_Sync_FIFO/n12
                                1.02           1.20          -0.17  (VIOLATED)
       PIN :   DQPSK_CSK/Imag_Sync_FIFO/U4282/A
                                1.02           1.20          -0.17  (VIOLATED)
       PIN :   DQPSK_CSK/Imag_Sync_FIFO/U4284/A
                                1.02           1.20          -0.17  (VIOLATED)
       PIN :   DQPSK_CSK/Imag_Sync_FIFO/U4279/A
                                1.02           1.20          -0.17  (VIOLATED)
       PIN :   DQPSK_CSK/Imag_Sync_FIFO/U4281/A
                                1.02           1.20          -0.17  (VIOLATED)
       PIN :   DQPSK_CSK/Imag_Sync_FIFO/U4286/A
                                1.02           1.20          -0.17  (VIOLATED)
       PIN :   DQPSK_CSK/Imag_Sync_FIFO/U4280/A
                                1.02           1.20          -0.17  (VIOLATED)
       PIN :   DQPSK_CSK/Imag_Sync_FIFO/U4287/A
                                1.02           1.20          -0.17  (VIOLATED)
       PIN :   DQPSK_CSK/Imag_Sync_FIFO/U4285/A
                                1.02           1.20          -0.17  (VIOLATED)
       PIN :   DQPSK_CSK/Imag_Sync_FIFO/U4278/A
                                1.02           1.20          -0.17  (VIOLATED)
       PIN :   DQPSK_CSK/Imag_Sync_FIFO/U4283/A
                                1.02           1.20          -0.17  (VIOLATED)
       PIN :   DQPSK_CSK/Imag_Sync_FIFO/U4288/A
                                1.02           1.20          -0.17  (VIOLATED)
   DQPSK_CSK/Imag_Sync_FIFO/n13
                                1.02           1.20          -0.17  (VIOLATED)
       PIN :   DQPSK_CSK/Imag_Sync_FIFO/U4304/A
                                1.02           1.20          -0.17  (VIOLATED)
       PIN :   DQPSK_CSK/Imag_Sync_FIFO/U4434/A
                                1.02           1.20          -0.17  (VIOLATED)
       PIN :   DQPSK_CSK/Imag_Sync_FIFO/U4372/A
                                1.02           1.20          -0.17  (VIOLATED)
       PIN :   DQPSK_CSK/Imag_Sync_FIFO/U4375/A
                                1.02           1.20          -0.17  (VIOLATED)
       PIN :   DQPSK_CSK/Imag_Sync_FIFO/U4378/A
                                1.02           1.20          -0.17  (VIOLATED)
       PIN :   DQPSK_CSK/Imag_Sync_FIFO/U4381/A
                                1.02           1.20          -0.17  (VIOLATED)
       PIN :   DQPSK_CSK/Imag_Sync_FIFO/U4386/A
                                1.02           1.20          -0.17  (VIOLATED)
       PIN :   DQPSK_CSK/Imag_Sync_FIFO/U4437/A
                                1.02           1.20          -0.17  (VIOLATED)
       PIN :   DQPSK_CSK/Imag_Sync_FIFO/U4291/A
                                1.02           1.20          -0.17  (VIOLATED)
       PIN :   DQPSK_CSK/Imag_Sync_FIFO/U4420/A
                                1.02           1.20          -0.17  (VIOLATED)
       PIN :   DQPSK_CSK/Imag_Sync_FIFO/U4423/A
                                1.02           1.20          -0.17  (VIOLATED)
   DQPSK_CSK/Imag_Sync_FIFO/n14
                                1.02           1.20          -0.17  (VIOLATED)
       PIN :   DQPSK_CSK/Imag_Sync_FIFO/U4384/A
                                1.02           1.20          -0.17  (VIOLATED)
       PIN :   DQPSK_CSK/Imag_Sync_FIFO/U4435/A
                                1.02           1.20          -0.17  (VIOLATED)
       PIN :   DQPSK_CSK/Imag_Sync_FIFO/U4373/A
                                1.02           1.20          -0.17  (VIOLATED)
       PIN :   DQPSK_CSK/Imag_Sync_FIFO/U4376/A
                                1.02           1.20          -0.17  (VIOLATED)
       PIN :   DQPSK_CSK/Imag_Sync_FIFO/U4379/A
                                1.02           1.20          -0.17  (VIOLATED)
       PIN :   DQPSK_CSK/Imag_Sync_FIFO/U4382/A
                                1.02           1.20          -0.17  (VIOLATED)
       PIN :   DQPSK_CSK/Imag_Sync_FIFO/U4387/A
                                1.02           1.20          -0.17  (VIOLATED)
       PIN :   DQPSK_CSK/Imag_Sync_FIFO/U4438/A
                                1.02           1.20          -0.17  (VIOLATED)
       PIN :   DQPSK_CSK/Imag_Sync_FIFO/U4292/A
                                1.02           1.20          -0.17  (VIOLATED)
       PIN :   DQPSK_CSK/Imag_Sync_FIFO/U4421/A
                                1.02           1.20          -0.17  (VIOLATED)
       PIN :   DQPSK_CSK/Imag_Sync_FIFO/U4424/A
                                1.02           1.20          -0.17  (VIOLATED)
   DQPSK_CSK/Real_Sync_FIFO/n7
                                1.02           1.20          -0.17  (VIOLATED)
       PIN :   DQPSK_CSK/Real_Sync_FIFO/U4303/A
                                1.02           1.20          -0.17  (VIOLATED)
       PIN :   DQPSK_CSK/Real_Sync_FIFO/U4432/A
                                1.02           1.20          -0.17  (VIOLATED)
       PIN :   DQPSK_CSK/Real_Sync_FIFO/U4367/A
                                1.02           1.20          -0.17  (VIOLATED)
       PIN :   DQPSK_CSK/Real_Sync_FIFO/U4368/A
                                1.02           1.20          -0.17  (VIOLATED)
       PIN :   DQPSK_CSK/Real_Sync_FIFO/U4370/A
                                1.02           1.20          -0.17  (VIOLATED)
       PIN :   DQPSK_CSK/Real_Sync_FIFO/U4369/A
                                1.02           1.20          -0.17  (VIOLATED)
       PIN :   DQPSK_CSK/Real_Sync_FIFO/U4371/A
                                1.02           1.20          -0.17  (VIOLATED)
       PIN :   DQPSK_CSK/Real_Sync_FIFO/U4433/A
                                1.02           1.20          -0.17  (VIOLATED)
       PIN :   DQPSK_CSK/Real_Sync_FIFO/U4290/A
                                1.02           1.20          -0.17  (VIOLATED)
       PIN :   DQPSK_CSK/Real_Sync_FIFO/U4418/A
                                1.02           1.20          -0.17  (VIOLATED)
       PIN :   DQPSK_CSK/Real_Sync_FIFO/U4419/A
                                1.02           1.20          -0.17  (VIOLATED)
   DQPSK_CSK/Real_Sync_FIFO/n8
                                1.02           1.20          -0.17  (VIOLATED)
       PIN :   DQPSK_CSK/Real_Sync_FIFO/U4320/A
                                1.02           1.20          -0.17  (VIOLATED)
       PIN :   DQPSK_CSK/Real_Sync_FIFO/U4354/A
                                1.02           1.20          -0.17  (VIOLATED)
       PIN :   DQPSK_CSK/Real_Sync_FIFO/U4398/A
                                1.02           1.20          -0.17  (VIOLATED)
       PIN :   DQPSK_CSK/Real_Sync_FIFO/U4401/A
                                1.02           1.20          -0.17  (VIOLATED)
       PIN :   DQPSK_CSK/Real_Sync_FIFO/U4404/A
                                1.02           1.20          -0.17  (VIOLATED)
       PIN :   DQPSK_CSK/Real_Sync_FIFO/U4322/A
                                1.02           1.20          -0.17  (VIOLATED)
       PIN :   DQPSK_CSK/Real_Sync_FIFO/U4407/A
                                1.02           1.20          -0.17  (VIOLATED)
       PIN :   DQPSK_CSK/Real_Sync_FIFO/U4454/A
                                1.02           1.20          -0.17  (VIOLATED)
       PIN :   DQPSK_CSK/Real_Sync_FIFO/U4293/A
                                1.02           1.20          -0.17  (VIOLATED)
       PIN :   DQPSK_CSK/Real_Sync_FIFO/U4440/A
                                1.02           1.20          -0.17  (VIOLATED)
       PIN :   DQPSK_CSK/Real_Sync_FIFO/U4443/A
                                1.02           1.20          -0.17  (VIOLATED)
   DQPSK_CSK/Real_Sync_FIFO/n9
                                1.02           1.20          -0.17  (VIOLATED)
       PIN :   DQPSK_CSK/Real_Sync_FIFO/U4321/A
                                1.02           1.20          -0.17  (VIOLATED)
       PIN :   DQPSK_CSK/Real_Sync_FIFO/U4452/A
                                1.02           1.20          -0.17  (VIOLATED)
       PIN :   DQPSK_CSK/Real_Sync_FIFO/U4399/A
                                1.02           1.20          -0.17  (VIOLATED)
       PIN :   DQPSK_CSK/Real_Sync_FIFO/U4402/A
                                1.02           1.20          -0.17  (VIOLATED)
       PIN :   DQPSK_CSK/Real_Sync_FIFO/U4405/A
                                1.02           1.20          -0.17  (VIOLATED)
       PIN :   DQPSK_CSK/Real_Sync_FIFO/U4408/A
                                1.02           1.20          -0.17  (VIOLATED)
       PIN :   DQPSK_CSK/Real_Sync_FIFO/U4411/A
                                1.02           1.20          -0.17  (VIOLATED)
       PIN :   DQPSK_CSK/Real_Sync_FIFO/U4455/A
                                1.02           1.20          -0.17  (VIOLATED)
       PIN :   DQPSK_CSK/Real_Sync_FIFO/U4294/A
                                1.02           1.20          -0.17  (VIOLATED)
       PIN :   DQPSK_CSK/Real_Sync_FIFO/U4441/A
                                1.02           1.20          -0.17  (VIOLATED)
       PIN :   DQPSK_CSK/Real_Sync_FIFO/U4444/A
                                1.02           1.20          -0.17  (VIOLATED)
   DQPSK_CSK/Real_Sync_FIFO/n12
                                1.02           1.20          -0.17  (VIOLATED)
       PIN :   DQPSK_CSK/Real_Sync_FIFO/U4282/A
                                1.02           1.20          -0.17  (VIOLATED)
       PIN :   DQPSK_CSK/Real_Sync_FIFO/U4284/A
                                1.02           1.20          -0.17  (VIOLATED)
       PIN :   DQPSK_CSK/Real_Sync_FIFO/U4279/A
                                1.02           1.20          -0.17  (VIOLATED)
       PIN :   DQPSK_CSK/Real_Sync_FIFO/U4281/A
                                1.02           1.20          -0.17  (VIOLATED)
       PIN :   DQPSK_CSK/Real_Sync_FIFO/U4286/A
                                1.02           1.20          -0.17  (VIOLATED)
       PIN :   DQPSK_CSK/Real_Sync_FIFO/U4280/A
                                1.02           1.20          -0.17  (VIOLATED)
       PIN :   DQPSK_CSK/Real_Sync_FIFO/U4287/A
                                1.02           1.20          -0.17  (VIOLATED)
       PIN :   DQPSK_CSK/Real_Sync_FIFO/U4285/A
                                1.02           1.20          -0.17  (VIOLATED)
       PIN :   DQPSK_CSK/Real_Sync_FIFO/U4278/A
                                1.02           1.20          -0.17  (VIOLATED)
       PIN :   DQPSK_CSK/Real_Sync_FIFO/U4283/A
                                1.02           1.20          -0.17  (VIOLATED)
       PIN :   DQPSK_CSK/Real_Sync_FIFO/U4288/A
                                1.02           1.20          -0.17  (VIOLATED)
   DQPSK_CSK/Real_Sync_FIFO/n13
                                1.02           1.20          -0.17  (VIOLATED)
       PIN :   DQPSK_CSK/Real_Sync_FIFO/U4304/A
                                1.02           1.20          -0.17  (VIOLATED)
       PIN :   DQPSK_CSK/Real_Sync_FIFO/U4434/A
                                1.02           1.20          -0.17  (VIOLATED)
       PIN :   DQPSK_CSK/Real_Sync_FIFO/U4372/A
                                1.02           1.20          -0.17  (VIOLATED)
       PIN :   DQPSK_CSK/Real_Sync_FIFO/U4375/A
                                1.02           1.20          -0.17  (VIOLATED)
       PIN :   DQPSK_CSK/Real_Sync_FIFO/U4378/A
                                1.02           1.20          -0.17  (VIOLATED)
       PIN :   DQPSK_CSK/Real_Sync_FIFO/U4381/A
                                1.02           1.20          -0.17  (VIOLATED)
       PIN :   DQPSK_CSK/Real_Sync_FIFO/U4386/A
                                1.02           1.20          -0.17  (VIOLATED)
       PIN :   DQPSK_CSK/Real_Sync_FIFO/U4437/A
                                1.02           1.20          -0.17  (VIOLATED)
       PIN :   DQPSK_CSK/Real_Sync_FIFO/U4291/A
                                1.02           1.20          -0.17  (VIOLATED)
       PIN :   DQPSK_CSK/Real_Sync_FIFO/U4420/A
                                1.02           1.20          -0.17  (VIOLATED)
       PIN :   DQPSK_CSK/Real_Sync_FIFO/U4423/A
                                1.02           1.20          -0.17  (VIOLATED)
   DQPSK_CSK/Real_Sync_FIFO/n14
                                1.02           1.20          -0.17  (VIOLATED)
       PIN :   DQPSK_CSK/Real_Sync_FIFO/U4384/A
                                1.02           1.20          -0.17  (VIOLATED)
       PIN :   DQPSK_CSK/Real_Sync_FIFO/U4435/A
                                1.02           1.20          -0.17  (VIOLATED)
       PIN :   DQPSK_CSK/Real_Sync_FIFO/U4373/A
                                1.02           1.20          -0.17  (VIOLATED)
       PIN :   DQPSK_CSK/Real_Sync_FIFO/U4376/A
                                1.02           1.20          -0.17  (VIOLATED)
       PIN :   DQPSK_CSK/Real_Sync_FIFO/U4379/A
                                1.02           1.20          -0.17  (VIOLATED)
       PIN :   DQPSK_CSK/Real_Sync_FIFO/U4382/A
                                1.02           1.20          -0.17  (VIOLATED)
       PIN :   DQPSK_CSK/Real_Sync_FIFO/U4387/A
                                1.02           1.20          -0.17  (VIOLATED)
       PIN :   DQPSK_CSK/Real_Sync_FIFO/U4438/A
                                1.02           1.20          -0.17  (VIOLATED)
       PIN :   DQPSK_CSK/Real_Sync_FIFO/U4292/A
                                1.02           1.20          -0.17  (VIOLATED)
       PIN :   DQPSK_CSK/Real_Sync_FIFO/U4421/A
                                1.02           1.20          -0.17  (VIOLATED)
       PIN :   DQPSK_CSK/Real_Sync_FIFO/U4424/A
                                1.02           1.20          -0.17  (VIOLATED)
   DQPSK_CSK/Imag_Sync_FIFO/n11
                                1.02           1.20          -0.17  (VIOLATED)
       PIN :   DQPSK_CSK/Imag_Sync_FIFO/U4309/A
                                1.02           1.20          -0.17  (VIOLATED)
       PIN :   DQPSK_CSK/Imag_Sync_FIFO/U4395/A
                                1.02           1.20          -0.17  (VIOLATED)
       PIN :   DQPSK_CSK/Imag_Sync_FIFO/U4447/A
                                1.02           1.20          -0.17  (VIOLATED)
       PIN :   DQPSK_CSK/Imag_Sync_FIFO/U4297/A
                                1.02           1.20          -0.17  (VIOLATED)
       PIN :   DQPSK_CSK/Imag_Sync_FIFO/U4427/A
                                1.02           1.20          -0.17  (VIOLATED)
       PIN :   DQPSK_CSK/Imag_Sync_FIFO/U4428/A
                                1.02           1.20          -0.17  (VIOLATED)
       PIN :   DQPSK_CSK/Imag_Sync_FIFO/U4318/A
                                1.02           1.20          -0.17  (VIOLATED)
       PIN :   DQPSK_CSK/Imag_Sync_FIFO/U4446/A
                                1.02           1.20          -0.17  (VIOLATED)
       PIN :   DQPSK_CSK/Imag_Sync_FIFO/U4389/A
                                1.02           1.20          -0.17  (VIOLATED)
       PIN :   DQPSK_CSK/Imag_Sync_FIFO/U4393/A
                                1.02           1.20          -0.17  (VIOLATED)
       PIN :   DQPSK_CSK/Imag_Sync_FIFO/U4394/A
                                1.02           1.20          -0.17  (VIOLATED)
   DQPSK_CSK/Imag_Sync_FIFO/n15
                                1.02           1.20          -0.17  (VIOLATED)
       PIN :   DQPSK_CSK/Imag_Sync_FIFO/U4385/A
                                1.02           1.20          -0.17  (VIOLATED)
       PIN :   DQPSK_CSK/Imag_Sync_FIFO/U4436/A
                                1.02           1.20          -0.17  (VIOLATED)
       PIN :   DQPSK_CSK/Imag_Sync_FIFO/U4374/A
                                1.02           1.20          -0.17  (VIOLATED)
       PIN :   DQPSK_CSK/Imag_Sync_FIFO/U4377/A
                                1.02           1.20          -0.17  (VIOLATED)
       PIN :   DQPSK_CSK/Imag_Sync_FIFO/U4380/A
                                1.02           1.20          -0.17  (VIOLATED)
       PIN :   DQPSK_CSK/Imag_Sync_FIFO/U4383/A
                                1.02           1.20          -0.17  (VIOLATED)
       PIN :   DQPSK_CSK/Imag_Sync_FIFO/U4388/A
                                1.02           1.20          -0.17  (VIOLATED)
       PIN :   DQPSK_CSK/Imag_Sync_FIFO/U4439/A
                                1.02           1.20          -0.17  (VIOLATED)
       PIN :   DQPSK_CSK/Imag_Sync_FIFO/U4365/A
                                1.02           1.20          -0.17  (VIOLATED)
       PIN :   DQPSK_CSK/Imag_Sync_FIFO/U4422/A
                                1.02           1.20          -0.17  (VIOLATED)
       PIN :   DQPSK_CSK/Imag_Sync_FIFO/U4425/A
                                1.02           1.20          -0.17  (VIOLATED)
   DQPSK_CSK/Imag_Sync_FIFO/n16
                                1.02           1.20          -0.17  (VIOLATED)
       PIN :   DQPSK_CSK/Imag_Sync_FIFO/U4410/A
                                1.02           1.20          -0.17  (VIOLATED)
       PIN :   DQPSK_CSK/Imag_Sync_FIFO/U4453/A
                                1.02           1.20          -0.17  (VIOLATED)
       PIN :   DQPSK_CSK/Imag_Sync_FIFO/U4400/A
                                1.02           1.20          -0.17  (VIOLATED)
       PIN :   DQPSK_CSK/Imag_Sync_FIFO/U4403/A
                                1.02           1.20          -0.17  (VIOLATED)
       PIN :   DQPSK_CSK/Imag_Sync_FIFO/U4406/A
                                1.02           1.20          -0.17  (VIOLATED)
       PIN :   DQPSK_CSK/Imag_Sync_FIFO/U4409/A
                                1.02           1.20          -0.17  (VIOLATED)
       PIN :   DQPSK_CSK/Imag_Sync_FIFO/U4412/A
                                1.02           1.20          -0.17  (VIOLATED)
       PIN :   DQPSK_CSK/Imag_Sync_FIFO/U4456/A
                                1.02           1.20          -0.17  (VIOLATED)
       PIN :   DQPSK_CSK/Imag_Sync_FIFO/U4366/A
                                1.02           1.20          -0.17  (VIOLATED)
       PIN :   DQPSK_CSK/Imag_Sync_FIFO/U4442/A
                                1.02           1.20          -0.17  (VIOLATED)
       PIN :   DQPSK_CSK/Imag_Sync_FIFO/U4445/A
                                1.02           1.20          -0.17  (VIOLATED)
   DQPSK_CSK/Real_Sync_FIFO/n11
                                1.02           1.20          -0.17  (VIOLATED)
       PIN :   DQPSK_CSK/Real_Sync_FIFO/U4309/A
                                1.02           1.20          -0.17  (VIOLATED)
       PIN :   DQPSK_CSK/Real_Sync_FIFO/U4395/A
                                1.02           1.20          -0.17  (VIOLATED)
       PIN :   DQPSK_CSK/Real_Sync_FIFO/U4447/A
                                1.02           1.20          -0.17  (VIOLATED)
       PIN :   DQPSK_CSK/Real_Sync_FIFO/U4297/A
                                1.02           1.20          -0.17  (VIOLATED)
       PIN :   DQPSK_CSK/Real_Sync_FIFO/U4427/A
                                1.02           1.20          -0.17  (VIOLATED)
       PIN :   DQPSK_CSK/Real_Sync_FIFO/U4428/A
                                1.02           1.20          -0.17  (VIOLATED)
       PIN :   DQPSK_CSK/Real_Sync_FIFO/U4318/A
                                1.02           1.20          -0.17  (VIOLATED)
       PIN :   DQPSK_CSK/Real_Sync_FIFO/U4446/A
                                1.02           1.20          -0.17  (VIOLATED)
       PIN :   DQPSK_CSK/Real_Sync_FIFO/U4389/A
                                1.02           1.20          -0.17  (VIOLATED)
       PIN :   DQPSK_CSK/Real_Sync_FIFO/U4393/A
                                1.02           1.20          -0.17  (VIOLATED)
       PIN :   DQPSK_CSK/Real_Sync_FIFO/U4394/A
                                1.02           1.20          -0.17  (VIOLATED)
   DQPSK_CSK/Real_Sync_FIFO/n15
                                1.02           1.20          -0.17  (VIOLATED)
       PIN :   DQPSK_CSK/Real_Sync_FIFO/U4385/A
                                1.02           1.20          -0.17  (VIOLATED)
       PIN :   DQPSK_CSK/Real_Sync_FIFO/U4436/A
                                1.02           1.20          -0.17  (VIOLATED)
       PIN :   DQPSK_CSK/Real_Sync_FIFO/U4374/A
                                1.02           1.20          -0.17  (VIOLATED)
       PIN :   DQPSK_CSK/Real_Sync_FIFO/U4377/A
                                1.02           1.20          -0.17  (VIOLATED)
       PIN :   DQPSK_CSK/Real_Sync_FIFO/U4380/A
                                1.02           1.20          -0.17  (VIOLATED)
       PIN :   DQPSK_CSK/Real_Sync_FIFO/U4383/A
                                1.02           1.20          -0.17  (VIOLATED)
       PIN :   DQPSK_CSK/Real_Sync_FIFO/U4388/A
                                1.02           1.20          -0.17  (VIOLATED)
       PIN :   DQPSK_CSK/Real_Sync_FIFO/U4439/A
                                1.02           1.20          -0.17  (VIOLATED)
       PIN :   DQPSK_CSK/Real_Sync_FIFO/U4365/A
                                1.02           1.20          -0.17  (VIOLATED)
       PIN :   DQPSK_CSK/Real_Sync_FIFO/U4422/A
                                1.02           1.20          -0.17  (VIOLATED)
       PIN :   DQPSK_CSK/Real_Sync_FIFO/U4425/A
                                1.02           1.20          -0.17  (VIOLATED)
   DQPSK_CSK/Real_Sync_FIFO/n16
                                1.02           1.20          -0.17  (VIOLATED)
       PIN :   DQPSK_CSK/Real_Sync_FIFO/U4410/A
                                1.02           1.20          -0.17  (VIOLATED)
       PIN :   DQPSK_CSK/Real_Sync_FIFO/U4453/A
                                1.02           1.20          -0.17  (VIOLATED)
       PIN :   DQPSK_CSK/Real_Sync_FIFO/U4400/A
                                1.02           1.20          -0.17  (VIOLATED)
       PIN :   DQPSK_CSK/Real_Sync_FIFO/U4403/A
                                1.02           1.20          -0.17  (VIOLATED)
       PIN :   DQPSK_CSK/Real_Sync_FIFO/U4406/A
                                1.02           1.20          -0.17  (VIOLATED)
       PIN :   DQPSK_CSK/Real_Sync_FIFO/U4409/A
                                1.02           1.20          -0.17  (VIOLATED)
       PIN :   DQPSK_CSK/Real_Sync_FIFO/U4412/A
                                1.02           1.20          -0.17  (VIOLATED)
       PIN :   DQPSK_CSK/Real_Sync_FIFO/U4456/A
                                1.02           1.20          -0.17  (VIOLATED)
       PIN :   DQPSK_CSK/Real_Sync_FIFO/U4366/A
                                1.02           1.20          -0.17  (VIOLATED)
       PIN :   DQPSK_CSK/Real_Sync_FIFO/U4442/A
                                1.02           1.20          -0.17  (VIOLATED)
       PIN :   DQPSK_CSK/Real_Sync_FIFO/U4445/A
                                1.02           1.20          -0.17  (VIOLATED)
   DQPSK_CSK/Imag_Sync_FIFO/n3
                                1.02           1.20          -0.17  (VIOLATED)
       PIN :   DQPSK_CSK/Imag_Sync_FIFO/U4328/A
                                1.02           1.20          -0.17  (VIOLATED)
       PIN :   DQPSK_CSK/Imag_Sync_FIFO/U4337/A
                                1.02           1.20          -0.17  (VIOLATED)
       PIN :   DQPSK_CSK/Imag_Sync_FIFO/U4341/A
                                1.02           1.20          -0.17  (VIOLATED)
       PIN :   DQPSK_CSK/Imag_Sync_FIFO/U4361/A
                                1.02           1.20          -0.17  (VIOLATED)
       PIN :   DQPSK_CSK/Imag_Sync_FIFO/U4299/A
                                1.02           1.20          -0.17  (VIOLATED)
       PIN :   DQPSK_CSK/Imag_Sync_FIFO/U4350/A
                                1.02           1.20          -0.17  (VIOLATED)
       PIN :   DQPSK_CSK/Imag_Sync_FIFO/U4353/A
                                1.02           1.20          -0.17  (VIOLATED)
       PIN :   DQPSK_CSK/Imag_Sync_FIFO/U4358/A
                                1.02           1.20          -0.17  (VIOLATED)
       PIN :   DQPSK_CSK/Imag_Sync_FIFO/U4323/A
                                1.02           1.20          -0.17  (VIOLATED)
       PIN :   DQPSK_CSK/Imag_Sync_FIFO/U4326/A
                                1.02           1.20          -0.17  (VIOLATED)
       PIN :   DQPSK_CSK/Imag_Sync_FIFO/U4333/A
                                1.02           1.20          -0.17  (VIOLATED)
   DQPSK_CSK/Imag_Sync_FIFO/n5
                                1.02           1.20          -0.17  (VIOLATED)
       PIN :   DQPSK_CSK/Imag_Sync_FIFO/U4329/A
                                1.02           1.20          -0.17  (VIOLATED)
       PIN :   DQPSK_CSK/Imag_Sync_FIFO/U4417/A
                                1.02           1.20          -0.17  (VIOLATED)
       PIN :   DQPSK_CSK/Imag_Sync_FIFO/U4362/A
                                1.02           1.20          -0.17  (VIOLATED)
       PIN :   DQPSK_CSK/Imag_Sync_FIFO/U4300/A
                                1.02           1.20          -0.17  (VIOLATED)
       PIN :   DQPSK_CSK/Imag_Sync_FIFO/U4351/A
                                1.02           1.20          -0.17  (VIOLATED)
       PIN :   DQPSK_CSK/Imag_Sync_FIFO/U4451/A
                                1.02           1.20          -0.17  (VIOLATED)
       PIN :   DQPSK_CSK/Imag_Sync_FIFO/U4338/A
                                1.02           1.20          -0.17  (VIOLATED)
       PIN :   DQPSK_CSK/Imag_Sync_FIFO/U4359/A
                                1.02           1.20          -0.17  (VIOLATED)
       PIN :   DQPSK_CSK/Imag_Sync_FIFO/U4324/A
                                1.02           1.20          -0.17  (VIOLATED)
       PIN :   DQPSK_CSK/Imag_Sync_FIFO/U4327/A
                                1.02           1.20          -0.17  (VIOLATED)
       PIN :   DQPSK_CSK/Imag_Sync_FIFO/U4334/A
                                1.02           1.20          -0.17  (VIOLATED)
   DQPSK_CSK/Imag_Sync_FIFO/n6
                                1.02           1.20          -0.17  (VIOLATED)
       PIN :   DQPSK_CSK/Imag_Sync_FIFO/U4336/A
                                1.02           1.20          -0.17  (VIOLATED)
       PIN :   DQPSK_CSK/Imag_Sync_FIFO/U4357/A
                                1.02           1.20          -0.17  (VIOLATED)
       PIN :   DQPSK_CSK/Imag_Sync_FIFO/U4325/A
                                1.02           1.20          -0.17  (VIOLATED)
       PIN :   DQPSK_CSK/Imag_Sync_FIFO/U4331/A
                                1.02           1.20          -0.17  (VIOLATED)
       PIN :   DQPSK_CSK/Imag_Sync_FIFO/U4332/A
                                1.02           1.20          -0.17  (VIOLATED)
       PIN :   DQPSK_CSK/Imag_Sync_FIFO/U4335/A
                                1.02           1.20          -0.17  (VIOLATED)
       PIN :   DQPSK_CSK/Imag_Sync_FIFO/U4340/A
                                1.02           1.20          -0.17  (VIOLATED)
       PIN :   DQPSK_CSK/Imag_Sync_FIFO/U4360/A
                                1.02           1.20          -0.17  (VIOLATED)
       PIN :   DQPSK_CSK/Imag_Sync_FIFO/U4302/A
                                1.02           1.20          -0.17  (VIOLATED)
       PIN :   DQPSK_CSK/Imag_Sync_FIFO/U4349/A
                                1.02           1.20          -0.17  (VIOLATED)
       PIN :   DQPSK_CSK/Imag_Sync_FIFO/U4352/A
                                1.02           1.20          -0.17  (VIOLATED)
   DQPSK_CSK/Imag_Sync_FIFO/n10
                                1.02           1.20          -0.17  (VIOLATED)
       PIN :   DQPSK_CSK/Imag_Sync_FIFO/U4339/A
                                1.02           1.20          -0.17  (VIOLATED)
       PIN :   DQPSK_CSK/Imag_Sync_FIFO/U4457/A
                                1.02           1.20          -0.17  (VIOLATED)
       PIN :   DQPSK_CSK/Imag_Sync_FIFO/U4413/A
                                1.02           1.20          -0.17  (VIOLATED)
       PIN :   DQPSK_CSK/Imag_Sync_FIFO/U4414/A
                                1.02           1.20          -0.17  (VIOLATED)
       PIN :   DQPSK_CSK/Imag_Sync_FIFO/U4415/A
                                1.02           1.20          -0.17  (VIOLATED)
       PIN :   DQPSK_CSK/Imag_Sync_FIFO/U4330/A
                                1.02           1.20          -0.17  (VIOLATED)
       PIN :   DQPSK_CSK/Imag_Sync_FIFO/U4416/A
                                1.02           1.20          -0.17  (VIOLATED)
       PIN :   DQPSK_CSK/Imag_Sync_FIFO/U4458/A
                                1.02           1.20          -0.17  (VIOLATED)
       PIN :   DQPSK_CSK/Imag_Sync_FIFO/U4301/A
                                1.02           1.20          -0.17  (VIOLATED)
       PIN :   DQPSK_CSK/Imag_Sync_FIFO/U4449/A
                                1.02           1.20          -0.17  (VIOLATED)
       PIN :   DQPSK_CSK/Imag_Sync_FIFO/U4450/A
                                1.02           1.20          -0.17  (VIOLATED)
   DQPSK_CSK/Real_Sync_FIFO/n3
                                1.02           1.20          -0.17  (VIOLATED)
       PIN :   DQPSK_CSK/Real_Sync_FIFO/U4328/A
                                1.02           1.20          -0.17  (VIOLATED)
       PIN :   DQPSK_CSK/Real_Sync_FIFO/U4337/A
                                1.02           1.20          -0.17  (VIOLATED)
       PIN :   DQPSK_CSK/Real_Sync_FIFO/U4341/A
                                1.02           1.20          -0.17  (VIOLATED)
       PIN :   DQPSK_CSK/Real_Sync_FIFO/U4361/A
                                1.02           1.20          -0.17  (VIOLATED)
       PIN :   DQPSK_CSK/Real_Sync_FIFO/U4299/A
                                1.02           1.20          -0.17  (VIOLATED)
       PIN :   DQPSK_CSK/Real_Sync_FIFO/U4350/A
                                1.02           1.20          -0.17  (VIOLATED)
       PIN :   DQPSK_CSK/Real_Sync_FIFO/U4353/A
                                1.02           1.20          -0.17  (VIOLATED)
       PIN :   DQPSK_CSK/Real_Sync_FIFO/U4358/A
                                1.02           1.20          -0.17  (VIOLATED)
       PIN :   DQPSK_CSK/Real_Sync_FIFO/U4323/A
                                1.02           1.20          -0.17  (VIOLATED)
       PIN :   DQPSK_CSK/Real_Sync_FIFO/U4326/A
                                1.02           1.20          -0.17  (VIOLATED)
       PIN :   DQPSK_CSK/Real_Sync_FIFO/U4333/A
                                1.02           1.20          -0.17  (VIOLATED)
   DQPSK_CSK/Real_Sync_FIFO/n5
                                1.02           1.20          -0.17  (VIOLATED)
       PIN :   DQPSK_CSK/Real_Sync_FIFO/U4329/A
                                1.02           1.20          -0.17  (VIOLATED)
       PIN :   DQPSK_CSK/Real_Sync_FIFO/U4417/A
                                1.02           1.20          -0.17  (VIOLATED)
       PIN :   DQPSK_CSK/Real_Sync_FIFO/U4362/A
                                1.02           1.20          -0.17  (VIOLATED)
       PIN :   DQPSK_CSK/Real_Sync_FIFO/U4300/A
                                1.02           1.20          -0.17  (VIOLATED)
       PIN :   DQPSK_CSK/Real_Sync_FIFO/U4351/A
                                1.02           1.20          -0.17  (VIOLATED)
       PIN :   DQPSK_CSK/Real_Sync_FIFO/U4451/A
                                1.02           1.20          -0.17  (VIOLATED)
       PIN :   DQPSK_CSK/Real_Sync_FIFO/U4338/A
                                1.02           1.20          -0.17  (VIOLATED)
       PIN :   DQPSK_CSK/Real_Sync_FIFO/U4359/A
                                1.02           1.20          -0.17  (VIOLATED)
       PIN :   DQPSK_CSK/Real_Sync_FIFO/U4324/A
                                1.02           1.20          -0.17  (VIOLATED)
       PIN :   DQPSK_CSK/Real_Sync_FIFO/U4327/A
                                1.02           1.20          -0.17  (VIOLATED)
       PIN :   DQPSK_CSK/Real_Sync_FIFO/U4334/A
                                1.02           1.20          -0.17  (VIOLATED)
   DQPSK_CSK/Real_Sync_FIFO/n6
                                1.02           1.20          -0.17  (VIOLATED)
       PIN :   DQPSK_CSK/Real_Sync_FIFO/U4336/A
                                1.02           1.20          -0.17  (VIOLATED)
       PIN :   DQPSK_CSK/Real_Sync_FIFO/U4357/A
                                1.02           1.20          -0.17  (VIOLATED)
       PIN :   DQPSK_CSK/Real_Sync_FIFO/U4325/A
                                1.02           1.20          -0.17  (VIOLATED)
       PIN :   DQPSK_CSK/Real_Sync_FIFO/U4331/A
                                1.02           1.20          -0.17  (VIOLATED)
       PIN :   DQPSK_CSK/Real_Sync_FIFO/U4332/A
                                1.02           1.20          -0.17  (VIOLATED)
       PIN :   DQPSK_CSK/Real_Sync_FIFO/U4335/A
                                1.02           1.20          -0.17  (VIOLATED)
       PIN :   DQPSK_CSK/Real_Sync_FIFO/U4340/A
                                1.02           1.20          -0.17  (VIOLATED)
       PIN :   DQPSK_CSK/Real_Sync_FIFO/U4360/A
                                1.02           1.20          -0.17  (VIOLATED)
       PIN :   DQPSK_CSK/Real_Sync_FIFO/U4302/A
                                1.02           1.20          -0.17  (VIOLATED)
       PIN :   DQPSK_CSK/Real_Sync_FIFO/U4349/A
                                1.02           1.20          -0.17  (VIOLATED)
       PIN :   DQPSK_CSK/Real_Sync_FIFO/U4352/A
                                1.02           1.20          -0.17  (VIOLATED)
   DQPSK_CSK/Real_Sync_FIFO/n10
                                1.02           1.20          -0.17  (VIOLATED)
       PIN :   DQPSK_CSK/Real_Sync_FIFO/U4339/A
                                1.02           1.20          -0.17  (VIOLATED)
       PIN :   DQPSK_CSK/Real_Sync_FIFO/U4457/A
                                1.02           1.20          -0.17  (VIOLATED)
       PIN :   DQPSK_CSK/Real_Sync_FIFO/U4413/A
                                1.02           1.20          -0.17  (VIOLATED)
       PIN :   DQPSK_CSK/Real_Sync_FIFO/U4414/A
                                1.02           1.20          -0.17  (VIOLATED)
       PIN :   DQPSK_CSK/Real_Sync_FIFO/U4415/A
                                1.02           1.20          -0.17  (VIOLATED)
       PIN :   DQPSK_CSK/Real_Sync_FIFO/U4330/A
                                1.02           1.20          -0.17  (VIOLATED)
       PIN :   DQPSK_CSK/Real_Sync_FIFO/U4416/A
                                1.02           1.20          -0.17  (VIOLATED)
       PIN :   DQPSK_CSK/Real_Sync_FIFO/U4458/A
                                1.02           1.20          -0.17  (VIOLATED)
       PIN :   DQPSK_CSK/Real_Sync_FIFO/U4301/A
                                1.02           1.20          -0.17  (VIOLATED)
       PIN :   DQPSK_CSK/Real_Sync_FIFO/U4449/A
                                1.02           1.20          -0.17  (VIOLATED)
       PIN :   DQPSK_CSK/Real_Sync_FIFO/U4450/A
                                1.02           1.20          -0.17  (VIOLATED)
   DQPSK_CSK/Imag_Sync_FIFO/n4509
                                0.62           0.63          -0.01  (VIOLATED)
       PIN :   DQPSK_CSK/Imag_Sync_FIFO/U4418/Y
                                0.62           0.63          -0.01  (VIOLATED)
   DQPSK_CSK/Imag_Sync_FIFO/n4510
                                0.62           0.63          -0.01  (VIOLATED)
       PIN :   DQPSK_CSK/Imag_Sync_FIFO/U4369/Y
                                0.62           0.63          -0.01  (VIOLATED)
   DQPSK_CSK/Imag_Sync_FIFO/n4511
                                0.62           0.63          -0.01  (VIOLATED)
       PIN :   DQPSK_CSK/Imag_Sync_FIFO/U4303/Y
                                0.62           0.63          -0.01  (VIOLATED)
   DQPSK_CSK/Imag_Sync_FIFO/n4513
                                0.62           0.63          -0.01  (VIOLATED)
       PIN :   DQPSK_CSK/Imag_Sync_FIFO/U4368/Y
                                0.62           0.63          -0.01  (VIOLATED)
   DQPSK_CSK/Imag_Sync_FIFO/n4514
                                0.62           0.63          -0.01  (VIOLATED)
       PIN :   DQPSK_CSK/Imag_Sync_FIFO/U4367/Y
                                0.62           0.63          -0.01  (VIOLATED)
   DQPSK_CSK/Imag_Sync_FIFO/n4515
                                0.62           0.63          -0.01  (VIOLATED)
       PIN :   DQPSK_CSK/Imag_Sync_FIFO/U4370/Y
                                0.62           0.63          -0.01  (VIOLATED)
   DQPSK_CSK/Imag_Sync_FIFO/n4517
                                0.62           0.63          -0.01  (VIOLATED)
       PIN :   DQPSK_CSK/Imag_Sync_FIFO/U4432/Y
                                0.62           0.63          -0.01  (VIOLATED)
   DQPSK_CSK/Imag_Sync_FIFO/n4553
                                0.62           0.63          -0.01  (VIOLATED)
       PIN :   DQPSK_CSK/Imag_Sync_FIFO/U4423/Y
                                0.62           0.63          -0.01  (VIOLATED)
   DQPSK_CSK/Imag_Sync_FIFO/n4554
                                0.62           0.63          -0.01  (VIOLATED)
       PIN :   DQPSK_CSK/Imag_Sync_FIFO/U4386/Y
                                0.62           0.63          -0.01  (VIOLATED)
   DQPSK_CSK/Imag_Sync_FIFO/n4555
                                0.62           0.63          -0.01  (VIOLATED)
       PIN :   DQPSK_CSK/Imag_Sync_FIFO/U4304/Y
                                0.62           0.63          -0.01  (VIOLATED)
   DQPSK_CSK/Imag_Sync_FIFO/n4557
                                0.62           0.63          -0.01  (VIOLATED)
       PIN :   DQPSK_CSK/Imag_Sync_FIFO/U4378/Y
                                0.62           0.63          -0.01  (VIOLATED)
   DQPSK_CSK/Imag_Sync_FIFO/n4558
                                0.62           0.63          -0.01  (VIOLATED)
       PIN :   DQPSK_CSK/Imag_Sync_FIFO/U4375/Y
                                0.62           0.63          -0.01  (VIOLATED)
   DQPSK_CSK/Imag_Sync_FIFO/n4559
                                0.62           0.63          -0.01  (VIOLATED)
       PIN :   DQPSK_CSK/Imag_Sync_FIFO/U4372/Y
                                0.62           0.63          -0.01  (VIOLATED)
   DQPSK_CSK/Imag_Sync_FIFO/n4561
                                0.62           0.63          -0.01  (VIOLATED)
       PIN :   DQPSK_CSK/Imag_Sync_FIFO/U4434/Y
                                0.62           0.63          -0.01  (VIOLATED)
   DQPSK_CSK/Imag_Sync_FIFO/n4597
                                0.62           0.63          -0.01  (VIOLATED)
       PIN :   DQPSK_CSK/Imag_Sync_FIFO/U4424/Y
                                0.62           0.63          -0.01  (VIOLATED)
   DQPSK_CSK/Imag_Sync_FIFO/n4598
                                0.62           0.63          -0.01  (VIOLATED)
       PIN :   DQPSK_CSK/Imag_Sync_FIFO/U4387/Y
                                0.62           0.63          -0.01  (VIOLATED)
   DQPSK_CSK/Imag_Sync_FIFO/n4599
                                0.62           0.63          -0.01  (VIOLATED)
       PIN :   DQPSK_CSK/Imag_Sync_FIFO/U4384/Y
                                0.62           0.63          -0.01  (VIOLATED)
   DQPSK_CSK/Imag_Sync_FIFO/n4601
                                0.62           0.63          -0.01  (VIOLATED)
       PIN :   DQPSK_CSK/Imag_Sync_FIFO/U4379/Y
                                0.62           0.63          -0.01  (VIOLATED)
   DQPSK_CSK/Imag_Sync_FIFO/n4602
                                0.62           0.63          -0.01  (VIOLATED)
       PIN :   DQPSK_CSK/Imag_Sync_FIFO/U4376/Y
                                0.62           0.63          -0.01  (VIOLATED)
   DQPSK_CSK/Imag_Sync_FIFO/n4603
                                0.62           0.63          -0.01  (VIOLATED)
       PIN :   DQPSK_CSK/Imag_Sync_FIFO/U4373/Y
                                0.62           0.63          -0.01  (VIOLATED)
   DQPSK_CSK/Imag_Sync_FIFO/n4605
                                0.62           0.63          -0.01  (VIOLATED)
       PIN :   DQPSK_CSK/Imag_Sync_FIFO/U4435/Y
                                0.62           0.63          -0.01  (VIOLATED)
   DQPSK_CSK/Real_Sync_FIFO/n4511
                                0.62           0.63          -0.01  (VIOLATED)
       PIN :   DQPSK_CSK/Real_Sync_FIFO/U4418/Y
                                0.62           0.63          -0.01  (VIOLATED)
   DQPSK_CSK/Real_Sync_FIFO/n4512
                                0.62           0.63          -0.01  (VIOLATED)
       PIN :   DQPSK_CSK/Real_Sync_FIFO/U4369/Y
                                0.62           0.63          -0.01  (VIOLATED)
   DQPSK_CSK/Real_Sync_FIFO/n4513
                                0.62           0.63          -0.01  (VIOLATED)
       PIN :   DQPSK_CSK/Real_Sync_FIFO/U4303/Y
                                0.62           0.63          -0.01  (VIOLATED)
   DQPSK_CSK/Real_Sync_FIFO/n4515
                                0.62           0.63          -0.01  (VIOLATED)
       PIN :   DQPSK_CSK/Real_Sync_FIFO/U4368/Y
                                0.62           0.63          -0.01  (VIOLATED)
   DQPSK_CSK/Real_Sync_FIFO/n4516
                                0.62           0.63          -0.01  (VIOLATED)
       PIN :   DQPSK_CSK/Real_Sync_FIFO/U4367/Y
                                0.62           0.63          -0.01  (VIOLATED)
   DQPSK_CSK/Real_Sync_FIFO/n4517
                                0.62           0.63          -0.01  (VIOLATED)
       PIN :   DQPSK_CSK/Real_Sync_FIFO/U4370/Y
                                0.62           0.63          -0.01  (VIOLATED)
   DQPSK_CSK/Real_Sync_FIFO/n4519
                                0.62           0.63          -0.01  (VIOLATED)
       PIN :   DQPSK_CSK/Real_Sync_FIFO/U4432/Y
                                0.62           0.63          -0.01  (VIOLATED)
   DQPSK_CSK/Real_Sync_FIFO/n4555
                                0.62           0.63          -0.01  (VIOLATED)
       PIN :   DQPSK_CSK/Real_Sync_FIFO/U4423/Y
                                0.62           0.63          -0.01  (VIOLATED)
   DQPSK_CSK/Real_Sync_FIFO/n4556
                                0.62           0.63          -0.01  (VIOLATED)
       PIN :   DQPSK_CSK/Real_Sync_FIFO/U4386/Y
                                0.62           0.63          -0.01  (VIOLATED)
   DQPSK_CSK/Real_Sync_FIFO/n4557
                                0.62           0.63          -0.01  (VIOLATED)
       PIN :   DQPSK_CSK/Real_Sync_FIFO/U4304/Y
                                0.62           0.63          -0.01  (VIOLATED)
   DQPSK_CSK/Real_Sync_FIFO/n4559
                                0.62           0.63          -0.01  (VIOLATED)
       PIN :   DQPSK_CSK/Real_Sync_FIFO/U4378/Y
                                0.62           0.63          -0.01  (VIOLATED)
   DQPSK_CSK/Real_Sync_FIFO/n4560
                                0.62           0.63          -0.01  (VIOLATED)
       PIN :   DQPSK_CSK/Real_Sync_FIFO/U4375/Y
                                0.62           0.63          -0.01  (VIOLATED)
   DQPSK_CSK/Real_Sync_FIFO/n4561
                                0.62           0.63          -0.01  (VIOLATED)
       PIN :   DQPSK_CSK/Real_Sync_FIFO/U4372/Y
                                0.62           0.63          -0.01  (VIOLATED)
   DQPSK_CSK/Real_Sync_FIFO/n4563
                                0.62           0.63          -0.01  (VIOLATED)
       PIN :   DQPSK_CSK/Real_Sync_FIFO/U4434/Y
                                0.62           0.63          -0.01  (VIOLATED)
   DQPSK_CSK/Real_Sync_FIFO/n4599
                                0.62           0.63          -0.01  (VIOLATED)
       PIN :   DQPSK_CSK/Real_Sync_FIFO/U4424/Y
                                0.62           0.63          -0.01  (VIOLATED)
   DQPSK_CSK/Real_Sync_FIFO/n4600
                                0.62           0.63          -0.01  (VIOLATED)
       PIN :   DQPSK_CSK/Real_Sync_FIFO/U4387/Y
                                0.62           0.63          -0.01  (VIOLATED)
   DQPSK_CSK/Real_Sync_FIFO/n4601
                                0.62           0.63          -0.01  (VIOLATED)
       PIN :   DQPSK_CSK/Real_Sync_FIFO/U4384/Y
                                0.62           0.63          -0.01  (VIOLATED)
   DQPSK_CSK/Real_Sync_FIFO/n4603
                                0.62           0.63          -0.01  (VIOLATED)
       PIN :   DQPSK_CSK/Real_Sync_FIFO/U4379/Y
                                0.62           0.63          -0.01  (VIOLATED)
   DQPSK_CSK/Real_Sync_FIFO/n4604
                                0.62           0.63          -0.01  (VIOLATED)
       PIN :   DQPSK_CSK/Real_Sync_FIFO/U4376/Y
                                0.62           0.63          -0.01  (VIOLATED)
   DQPSK_CSK/Real_Sync_FIFO/n4605
                                0.62           0.63          -0.01  (VIOLATED)
       PIN :   DQPSK_CSK/Real_Sync_FIFO/U4373/Y
                                0.62           0.63          -0.01  (VIOLATED)
   DQPSK_CSK/Real_Sync_FIFO/n4607
                                0.62           0.63          -0.01  (VIOLATED)
       PIN :   DQPSK_CSK/Real_Sync_FIFO/U4435/Y
                                0.62           0.63          -0.01  (VIOLATED)
   DQPSK_CSK/Imag_Sync_FIFO/n4641
                                0.62           0.63          -0.01  (VIOLATED)
       PIN :   DQPSK_CSK/Imag_Sync_FIFO/U4425/Y
                                0.62           0.63          -0.01  (VIOLATED)
   DQPSK_CSK/Imag_Sync_FIFO/n4642
                                0.62           0.63          -0.01  (VIOLATED)
       PIN :   DQPSK_CSK/Imag_Sync_FIFO/U4388/Y
                                0.62           0.63          -0.01  (VIOLATED)
   DQPSK_CSK/Imag_Sync_FIFO/n4643
                                0.62           0.63          -0.01  (VIOLATED)
       PIN :   DQPSK_CSK/Imag_Sync_FIFO/U4385/Y
                                0.62           0.63          -0.01  (VIOLATED)
   DQPSK_CSK/Imag_Sync_FIFO/n4644
                                0.62           0.63          -0.01  (VIOLATED)
       PIN :   DQPSK_CSK/Imag_Sync_FIFO/U4383/Y
                                0.62           0.63          -0.01  (VIOLATED)
   DQPSK_CSK/Imag_Sync_FIFO/n4646
                                0.62           0.63          -0.01  (VIOLATED)
       PIN :   DQPSK_CSK/Imag_Sync_FIFO/U4377/Y
                                0.62           0.63          -0.01  (VIOLATED)
   DQPSK_CSK/Imag_Sync_FIFO/n4647
                                0.62           0.63          -0.01  (VIOLATED)
       PIN :   DQPSK_CSK/Imag_Sync_FIFO/U4374/Y
                                0.62           0.63          -0.01  (VIOLATED)
   DQPSK_CSK/Imag_Sync_FIFO/n4649
                                0.62           0.63          -0.01  (VIOLATED)
       PIN :   DQPSK_CSK/Imag_Sync_FIFO/U4436/Y
                                0.62           0.63          -0.01  (VIOLATED)
   DQPSK_CSK/Real_Sync_FIFO/n4643
                                0.62           0.63          -0.01  (VIOLATED)
       PIN :   DQPSK_CSK/Real_Sync_FIFO/U4425/Y
                                0.62           0.63          -0.01  (VIOLATED)
   DQPSK_CSK/Real_Sync_FIFO/n4644
                                0.62           0.63          -0.01  (VIOLATED)
       PIN :   DQPSK_CSK/Real_Sync_FIFO/U4388/Y
                                0.62           0.63          -0.01  (VIOLATED)
   DQPSK_CSK/Real_Sync_FIFO/n4645
                                0.62           0.63          -0.01  (VIOLATED)
       PIN :   DQPSK_CSK/Real_Sync_FIFO/U4385/Y
                                0.62           0.63          -0.01  (VIOLATED)
   DQPSK_CSK/Real_Sync_FIFO/n4646
                                0.62           0.63          -0.01  (VIOLATED)
       PIN :   DQPSK_CSK/Real_Sync_FIFO/U4383/Y
                                0.62           0.63          -0.01  (VIOLATED)
   DQPSK_CSK/Real_Sync_FIFO/n4648
                                0.62           0.63          -0.01  (VIOLATED)
       PIN :   DQPSK_CSK/Real_Sync_FIFO/U4377/Y
                                0.62           0.63          -0.01  (VIOLATED)
   DQPSK_CSK/Real_Sync_FIFO/n4649
                                0.62           0.63          -0.01  (VIOLATED)
       PIN :   DQPSK_CSK/Real_Sync_FIFO/U4374/Y
                                0.62           0.63          -0.01  (VIOLATED)
   DQPSK_CSK/Real_Sync_FIFO/n4651
                                0.62           0.63          -0.01  (VIOLATED)
       PIN :   DQPSK_CSK/Real_Sync_FIFO/U4436/Y
                                0.62           0.63          -0.01  (VIOLATED)
   DQPSK_CSK/Imag_Sync_FIFO/n4487
                                0.62           0.62          -0.01  (VIOLATED)
       PIN :   DQPSK_CSK/Imag_Sync_FIFO/U4342/Y
                                0.62           0.62          -0.01  (VIOLATED)
   DQPSK_CSK/Imag_Sync_FIFO/n4488
                                0.62           0.62          -0.01  (VIOLATED)
       PIN :   DQPSK_CSK/Imag_Sync_FIFO/U4314/Y
                                0.62           0.62          -0.01  (VIOLATED)
   DQPSK_CSK/Imag_Sync_FIFO/n4489
                                0.62           0.62          -0.01  (VIOLATED)
       PIN :   DQPSK_CSK/Imag_Sync_FIFO/U4315/Y
                                0.62           0.62          -0.01  (VIOLATED)
   DQPSK_CSK/Imag_Sync_FIFO/n4490
                                0.62           0.62          -0.01  (VIOLATED)
       PIN :   DQPSK_CSK/Imag_Sync_FIFO/U4319/Y
                                0.62           0.62          -0.01  (VIOLATED)
   DQPSK_CSK/Imag_Sync_FIFO/n4492
                                0.62           0.62          -0.01  (VIOLATED)
       PIN :   DQPSK_CSK/Imag_Sync_FIFO/U4310/Y
                                0.62           0.62          -0.01  (VIOLATED)
   DQPSK_CSK/Imag_Sync_FIFO/n4493
                                0.62           0.62          -0.01  (VIOLATED)
       PIN :   DQPSK_CSK/Imag_Sync_FIFO/U4311/Y
                                0.62           0.62          -0.01  (VIOLATED)
   DQPSK_CSK/Imag_Sync_FIFO/n4495
                                0.62           0.62          -0.01  (VIOLATED)
       PIN :   DQPSK_CSK/Imag_Sync_FIFO/U4344/Y
                                0.62           0.62          -0.01  (VIOLATED)
   DQPSK_CSK/Imag_Sync_FIFO/n4531
                                0.62           0.62          -0.01  (VIOLATED)
       PIN :   DQPSK_CSK/Imag_Sync_FIFO/U4343/Y
                                0.62           0.62          -0.01  (VIOLATED)
   DQPSK_CSK/Imag_Sync_FIFO/n4532
                                0.62           0.62          -0.01  (VIOLATED)
       PIN :   DQPSK_CSK/Imag_Sync_FIFO/U4307/Y
                                0.62           0.62          -0.01  (VIOLATED)
   DQPSK_CSK/Imag_Sync_FIFO/n4533
                                0.62           0.62          -0.01  (VIOLATED)
       PIN :   DQPSK_CSK/Imag_Sync_FIFO/U4316/Y
                                0.62           0.62          -0.01  (VIOLATED)
   DQPSK_CSK/Imag_Sync_FIFO/n4536
                                0.62           0.62          -0.01  (VIOLATED)
       PIN :   DQPSK_CSK/Imag_Sync_FIFO/U4305/Y
                                0.62           0.62          -0.01  (VIOLATED)
   DQPSK_CSK/Imag_Sync_FIFO/n4537
                                0.62           0.62          -0.01  (VIOLATED)
       PIN :   DQPSK_CSK/Imag_Sync_FIFO/U4312/Y
                                0.62           0.62          -0.01  (VIOLATED)
   DQPSK_CSK/Imag_Sync_FIFO/n4538
                                0.62           0.62          -0.01  (VIOLATED)
       PIN :   DQPSK_CSK/Imag_Sync_FIFO/U4348/Y
                                0.62           0.62          -0.01  (VIOLATED)
   DQPSK_CSK/Imag_Sync_FIFO/n4539
                                0.62           0.62          -0.01  (VIOLATED)
       PIN :   DQPSK_CSK/Imag_Sync_FIFO/U4345/Y
                                0.62           0.62          -0.01  (VIOLATED)
   DQPSK_CSK/Imag_Sync_FIFO/n4575
                                0.62           0.62          -0.01  (VIOLATED)
       PIN :   DQPSK_CSK/Imag_Sync_FIFO/U4426/Y
                                0.62           0.62          -0.01  (VIOLATED)
   DQPSK_CSK/Imag_Sync_FIFO/n4576
                                0.62           0.62          -0.01  (VIOLATED)
       PIN :   DQPSK_CSK/Imag_Sync_FIFO/U4308/Y
                                0.62           0.62          -0.01  (VIOLATED)
   DQPSK_CSK/Imag_Sync_FIFO/n4577
                                0.62           0.62          -0.01  (VIOLATED)
       PIN :   DQPSK_CSK/Imag_Sync_FIFO/U4317/Y
                                0.62           0.62          -0.01  (VIOLATED)
   DQPSK_CSK/Imag_Sync_FIFO/n4578
                                0.62           0.62          -0.01  (VIOLATED)
       PIN :   DQPSK_CSK/Imag_Sync_FIFO/U4397/Y
                                0.62           0.62          -0.01  (VIOLATED)
   DQPSK_CSK/Imag_Sync_FIFO/n4580
                                0.62           0.62          -0.01  (VIOLATED)
       PIN :   DQPSK_CSK/Imag_Sync_FIFO/U4306/Y
                                0.62           0.62          -0.01  (VIOLATED)
   DQPSK_CSK/Imag_Sync_FIFO/n4581
                                0.62           0.62          -0.01  (VIOLATED)
       PIN :   DQPSK_CSK/Imag_Sync_FIFO/U4313/Y
                                0.62           0.62          -0.01  (VIOLATED)
   DQPSK_CSK/Imag_Sync_FIFO/n4583
                                0.62           0.62          -0.01  (VIOLATED)
       PIN :   DQPSK_CSK/Imag_Sync_FIFO/U4346/Y
                                0.62           0.62          -0.01  (VIOLATED)
   DQPSK_CSK/Real_Sync_FIFO/n4489
                                0.62           0.62          -0.01  (VIOLATED)
       PIN :   DQPSK_CSK/Real_Sync_FIFO/U4342/Y
                                0.62           0.62          -0.01  (VIOLATED)
   DQPSK_CSK/Real_Sync_FIFO/n4490
                                0.62           0.62          -0.01  (VIOLATED)
       PIN :   DQPSK_CSK/Real_Sync_FIFO/U4314/Y
                                0.62           0.62          -0.01  (VIOLATED)
   DQPSK_CSK/Real_Sync_FIFO/n4491
                                0.62           0.62          -0.01  (VIOLATED)
       PIN :   DQPSK_CSK/Real_Sync_FIFO/U4315/Y
                                0.62           0.62          -0.01  (VIOLATED)
   DQPSK_CSK/Real_Sync_FIFO/n4492
                                0.62           0.62          -0.01  (VIOLATED)
       PIN :   DQPSK_CSK/Real_Sync_FIFO/U4319/Y
                                0.62           0.62          -0.01  (VIOLATED)
   DQPSK_CSK/Real_Sync_FIFO/n4494
                                0.62           0.62          -0.01  (VIOLATED)
       PIN :   DQPSK_CSK/Real_Sync_FIFO/U4310/Y
                                0.62           0.62          -0.01  (VIOLATED)
   DQPSK_CSK/Real_Sync_FIFO/n4495
                                0.62           0.62          -0.01  (VIOLATED)
       PIN :   DQPSK_CSK/Real_Sync_FIFO/U4311/Y
                                0.62           0.62          -0.01  (VIOLATED)
   DQPSK_CSK/Real_Sync_FIFO/n4497
                                0.62           0.62          -0.01  (VIOLATED)
       PIN :   DQPSK_CSK/Real_Sync_FIFO/U4344/Y
                                0.62           0.62          -0.01  (VIOLATED)
   DQPSK_CSK/Real_Sync_FIFO/n4533
                                0.62           0.62          -0.01  (VIOLATED)
       PIN :   DQPSK_CSK/Real_Sync_FIFO/U4343/Y
                                0.62           0.62          -0.01  (VIOLATED)
   DQPSK_CSK/Real_Sync_FIFO/n4534
                                0.62           0.62          -0.01  (VIOLATED)
       PIN :   DQPSK_CSK/Real_Sync_FIFO/U4307/Y
                                0.62           0.62          -0.01  (VIOLATED)
   DQPSK_CSK/Real_Sync_FIFO/n4535
                                0.62           0.62          -0.01  (VIOLATED)
       PIN :   DQPSK_CSK/Real_Sync_FIFO/U4316/Y
                                0.62           0.62          -0.01  (VIOLATED)
   DQPSK_CSK/Real_Sync_FIFO/n4538
                                0.62           0.62          -0.01  (VIOLATED)
       PIN :   DQPSK_CSK/Real_Sync_FIFO/U4305/Y
                                0.62           0.62          -0.01  (VIOLATED)
   DQPSK_CSK/Real_Sync_FIFO/n4539
                                0.62           0.62          -0.01  (VIOLATED)
       PIN :   DQPSK_CSK/Real_Sync_FIFO/U4312/Y
                                0.62           0.62          -0.01  (VIOLATED)
   DQPSK_CSK/Real_Sync_FIFO/n4540
                                0.62           0.62          -0.01  (VIOLATED)
       PIN :   DQPSK_CSK/Real_Sync_FIFO/U4348/Y
                                0.62           0.62          -0.01  (VIOLATED)
   DQPSK_CSK/Real_Sync_FIFO/n4541
                                0.62           0.62          -0.01  (VIOLATED)
       PIN :   DQPSK_CSK/Real_Sync_FIFO/U4345/Y
                                0.62           0.62          -0.01  (VIOLATED)
   DQPSK_CSK/Real_Sync_FIFO/n4577
                                0.62           0.62          -0.01  (VIOLATED)
       PIN :   DQPSK_CSK/Real_Sync_FIFO/U4426/Y
                                0.62           0.62          -0.01  (VIOLATED)
   DQPSK_CSK/Real_Sync_FIFO/n4578
                                0.62           0.62          -0.01  (VIOLATED)
       PIN :   DQPSK_CSK/Real_Sync_FIFO/U4308/Y
                                0.62           0.62          -0.01  (VIOLATED)
   DQPSK_CSK/Real_Sync_FIFO/n4579
                                0.62           0.62          -0.01  (VIOLATED)
       PIN :   DQPSK_CSK/Real_Sync_FIFO/U4317/Y
                                0.62           0.62          -0.01  (VIOLATED)
   DQPSK_CSK/Real_Sync_FIFO/n4580
                                0.62           0.62          -0.01  (VIOLATED)
       PIN :   DQPSK_CSK/Real_Sync_FIFO/U4397/Y
                                0.62           0.62          -0.01  (VIOLATED)
   DQPSK_CSK/Real_Sync_FIFO/n4582
                                0.62           0.62          -0.01  (VIOLATED)
       PIN :   DQPSK_CSK/Real_Sync_FIFO/U4306/Y
                                0.62           0.62          -0.01  (VIOLATED)
   DQPSK_CSK/Real_Sync_FIFO/n4583
                                0.62           0.62          -0.01  (VIOLATED)
       PIN :   DQPSK_CSK/Real_Sync_FIFO/U4313/Y
                                0.62           0.62          -0.01  (VIOLATED)
   DQPSK_CSK/Real_Sync_FIFO/n4585
                                0.62           0.62          -0.01  (VIOLATED)
       PIN :   DQPSK_CSK/Real_Sync_FIFO/U4346/Y
                                0.62           0.62          -0.01  (VIOLATED)
   DQPSK_CSK/Imag_Sync_FIFO/n4619
                                0.62           0.62          -0.01  (VIOLATED)
       PIN :   DQPSK_CSK/Imag_Sync_FIFO/U4427/Y
                                0.62           0.62          -0.01  (VIOLATED)
   DQPSK_CSK/Imag_Sync_FIFO/n4620
                                0.62           0.62          -0.01  (VIOLATED)
       PIN :   DQPSK_CSK/Imag_Sync_FIFO/U4309/Y
                                0.62           0.62          -0.01  (VIOLATED)
   DQPSK_CSK/Imag_Sync_FIFO/n4621
                                0.62           0.62          -0.01  (VIOLATED)
       PIN :   DQPSK_CSK/Imag_Sync_FIFO/U4318/Y
                                0.62           0.62          -0.01  (VIOLATED)
   DQPSK_CSK/Imag_Sync_FIFO/n4622
                                0.62           0.62          -0.01  (VIOLATED)
       PIN :   DQPSK_CSK/Imag_Sync_FIFO/U4395/Y
                                0.62           0.62          -0.01  (VIOLATED)
   DQPSK_CSK/Imag_Sync_FIFO/n4624
                                0.62           0.62          -0.01  (VIOLATED)
       PIN :   DQPSK_CSK/Imag_Sync_FIFO/U4389/Y
                                0.62           0.62          -0.01  (VIOLATED)
   DQPSK_CSK/Imag_Sync_FIFO/n4625
                                0.62           0.62          -0.01  (VIOLATED)
       PIN :   DQPSK_CSK/Imag_Sync_FIFO/U4394/Y
                                0.62           0.62          -0.01  (VIOLATED)
   DQPSK_CSK/Imag_Sync_FIFO/n4627
                                0.62           0.62          -0.01  (VIOLATED)
       PIN :   DQPSK_CSK/Imag_Sync_FIFO/U4446/Y
                                0.62           0.62          -0.01  (VIOLATED)
   DQPSK_CSK/Real_Sync_FIFO/n4621
                                0.62           0.62          -0.01  (VIOLATED)
       PIN :   DQPSK_CSK/Real_Sync_FIFO/U4427/Y
                                0.62           0.62          -0.01  (VIOLATED)
   DQPSK_CSK/Real_Sync_FIFO/n4622
                                0.62           0.62          -0.01  (VIOLATED)
       PIN :   DQPSK_CSK/Real_Sync_FIFO/U4309/Y
                                0.62           0.62          -0.01  (VIOLATED)
   DQPSK_CSK/Real_Sync_FIFO/n4623
                                0.62           0.62          -0.01  (VIOLATED)
       PIN :   DQPSK_CSK/Real_Sync_FIFO/U4318/Y
                                0.62           0.62          -0.01  (VIOLATED)
   DQPSK_CSK/Real_Sync_FIFO/n4624
                                0.62           0.62          -0.01  (VIOLATED)
       PIN :   DQPSK_CSK/Real_Sync_FIFO/U4395/Y
                                0.62           0.62          -0.01  (VIOLATED)
   DQPSK_CSK/Real_Sync_FIFO/n4626
                                0.62           0.62          -0.01  (VIOLATED)
       PIN :   DQPSK_CSK/Real_Sync_FIFO/U4389/Y
                                0.62           0.62          -0.01  (VIOLATED)
   DQPSK_CSK/Real_Sync_FIFO/n4627
                                0.62           0.62          -0.01  (VIOLATED)
       PIN :   DQPSK_CSK/Real_Sync_FIFO/U4394/Y
                                0.62           0.62          -0.01  (VIOLATED)
   DQPSK_CSK/Real_Sync_FIFO/n4629
                                0.62           0.62          -0.01  (VIOLATED)
       PIN :   DQPSK_CSK/Real_Sync_FIFO/U4446/Y
                                0.62           0.62          -0.01  (VIOLATED)
   DQPSK_CSK/Imag_Sync_FIFO/n4520
                                0.62           0.62          -0.01  (VIOLATED)
       PIN :   DQPSK_CSK/Imag_Sync_FIFO/U4283/Y
                                0.62           0.62          -0.01  (VIOLATED)
   DQPSK_CSK/Imag_Sync_FIFO/n4521
                                0.62           0.62          -0.01  (VIOLATED)
       PIN :   DQPSK_CSK/Imag_Sync_FIFO/U4280/Y
                                0.62           0.62          -0.01  (VIOLATED)
   DQPSK_CSK/Imag_Sync_FIFO/n4522
                                0.62           0.62          -0.01  (VIOLATED)
       PIN :   DQPSK_CSK/Imag_Sync_FIFO/U4282/Y
                                0.62           0.62          -0.01  (VIOLATED)
   DQPSK_CSK/Imag_Sync_FIFO/n4525
                                0.62           0.62          -0.01  (VIOLATED)
       PIN :   DQPSK_CSK/Imag_Sync_FIFO/U4279/Y
                                0.62           0.62          -0.01  (VIOLATED)
   DQPSK_CSK/Imag_Sync_FIFO/n4526
                                0.62           0.62          -0.01  (VIOLATED)
       PIN :   DQPSK_CSK/Imag_Sync_FIFO/U4281/Y
                                0.62           0.62          -0.01  (VIOLATED)
   DQPSK_CSK/Imag_Sync_FIFO/n4527
                                0.62           0.62          -0.01  (VIOLATED)
       PIN :   DQPSK_CSK/Imag_Sync_FIFO/U4285/Y
                                0.62           0.62          -0.01  (VIOLATED)
   DQPSK_CSK/Imag_Sync_FIFO/n4528
                                0.62           0.62          -0.01  (VIOLATED)
       PIN :   DQPSK_CSK/Imag_Sync_FIFO/U4284/Y
                                0.62           0.62          -0.01  (VIOLATED)
   DQPSK_CSK/Imag_Sync_FIFO/n4564
                                0.62           0.62          -0.01  (VIOLATED)
       PIN :   DQPSK_CSK/Imag_Sync_FIFO/U4443/Y
                                0.62           0.62          -0.01  (VIOLATED)
   DQPSK_CSK/Imag_Sync_FIFO/n4565
                                0.62           0.62          -0.01  (VIOLATED)
       PIN :   DQPSK_CSK/Imag_Sync_FIFO/U4322/Y
                                0.62           0.62          -0.01  (VIOLATED)
   DQPSK_CSK/Imag_Sync_FIFO/n4566
                                0.62           0.62          -0.01  (VIOLATED)
       PIN :   DQPSK_CSK/Imag_Sync_FIFO/U4320/Y
                                0.62           0.62          -0.01  (VIOLATED)
   DQPSK_CSK/Imag_Sync_FIFO/n4568
                                0.62           0.62          -0.01  (VIOLATED)
       PIN :   DQPSK_CSK/Imag_Sync_FIFO/U4404/Y
                                0.62           0.62          -0.01  (VIOLATED)
   DQPSK_CSK/Imag_Sync_FIFO/n4569
                                0.62           0.62          -0.01  (VIOLATED)
       PIN :   DQPSK_CSK/Imag_Sync_FIFO/U4401/Y
                                0.62           0.62          -0.01  (VIOLATED)
   DQPSK_CSK/Imag_Sync_FIFO/n4570
                                0.62           0.62          -0.01  (VIOLATED)
       PIN :   DQPSK_CSK/Imag_Sync_FIFO/U4398/Y
                                0.62           0.62          -0.01  (VIOLATED)
   DQPSK_CSK/Imag_Sync_FIFO/n4572
                                0.62           0.62          -0.01  (VIOLATED)
       PIN :   DQPSK_CSK/Imag_Sync_FIFO/U4354/Y
                                0.62           0.62          -0.01  (VIOLATED)
   DQPSK_CSK/Imag_Sync_FIFO/n4608
                                0.62           0.62          -0.01  (VIOLATED)
       PIN :   DQPSK_CSK/Imag_Sync_FIFO/U4444/Y
                                0.62           0.62          -0.01  (VIOLATED)
   DQPSK_CSK/Imag_Sync_FIFO/n4609
                                0.62           0.62          -0.01  (VIOLATED)
       PIN :   DQPSK_CSK/Imag_Sync_FIFO/U4411/Y
                                0.62           0.62          -0.01  (VIOLATED)
   DQPSK_CSK/Imag_Sync_FIFO/n4610
                                0.62           0.62          -0.01  (VIOLATED)
       PIN :   DQPSK_CSK/Imag_Sync_FIFO/U4321/Y
                                0.62           0.62          -0.01  (VIOLATED)
   DQPSK_CSK/Imag_Sync_FIFO/n4612
                                0.62           0.62          -0.01  (VIOLATED)
       PIN :   DQPSK_CSK/Imag_Sync_FIFO/U4405/Y
                                0.62           0.62          -0.01  (VIOLATED)
   DQPSK_CSK/Imag_Sync_FIFO/n4613
                                0.62           0.62          -0.01  (VIOLATED)
       PIN :   DQPSK_CSK/Imag_Sync_FIFO/U4402/Y
                                0.62           0.62          -0.01  (VIOLATED)
   DQPSK_CSK/Imag_Sync_FIFO/n4614
                                0.62           0.62          -0.01  (VIOLATED)
       PIN :   DQPSK_CSK/Imag_Sync_FIFO/U4399/Y
                                0.62           0.62          -0.01  (VIOLATED)
   DQPSK_CSK/Imag_Sync_FIFO/n4616
                                0.62           0.62          -0.01  (VIOLATED)
       PIN :   DQPSK_CSK/Imag_Sync_FIFO/U4452/Y
                                0.62           0.62          -0.01  (VIOLATED)
   DQPSK_CSK/Real_Sync_FIFO/n4522
                                0.62           0.62          -0.01  (VIOLATED)
       PIN :   DQPSK_CSK/Real_Sync_FIFO/U4283/Y
                                0.62           0.62          -0.01  (VIOLATED)
   DQPSK_CSK/Real_Sync_FIFO/n4523
                                0.62           0.62          -0.01  (VIOLATED)
       PIN :   DQPSK_CSK/Real_Sync_FIFO/U4280/Y
                                0.62           0.62          -0.01  (VIOLATED)
   DQPSK_CSK/Real_Sync_FIFO/n4524
                                0.62           0.62          -0.01  (VIOLATED)
       PIN :   DQPSK_CSK/Real_Sync_FIFO/U4282/Y
                                0.62           0.62          -0.01  (VIOLATED)
   DQPSK_CSK/Real_Sync_FIFO/n4527
                                0.62           0.62          -0.01  (VIOLATED)
       PIN :   DQPSK_CSK/Real_Sync_FIFO/U4279/Y
                                0.62           0.62          -0.01  (VIOLATED)
   DQPSK_CSK/Real_Sync_FIFO/n4528
                                0.62           0.62          -0.01  (VIOLATED)
       PIN :   DQPSK_CSK/Real_Sync_FIFO/U4281/Y
                                0.62           0.62          -0.01  (VIOLATED)
   DQPSK_CSK/Real_Sync_FIFO/n4529
                                0.62           0.62          -0.01  (VIOLATED)
       PIN :   DQPSK_CSK/Real_Sync_FIFO/U4285/Y
                                0.62           0.62          -0.01  (VIOLATED)
   DQPSK_CSK/Real_Sync_FIFO/n4530
                                0.62           0.62          -0.01  (VIOLATED)
       PIN :   DQPSK_CSK/Real_Sync_FIFO/U4284/Y
                                0.62           0.62          -0.01  (VIOLATED)
   DQPSK_CSK/Real_Sync_FIFO/n4566
                                0.62           0.62          -0.01  (VIOLATED)
       PIN :   DQPSK_CSK/Real_Sync_FIFO/U4443/Y
                                0.62           0.62          -0.01  (VIOLATED)
   DQPSK_CSK/Real_Sync_FIFO/n4567
                                0.62           0.62          -0.01  (VIOLATED)
       PIN :   DQPSK_CSK/Real_Sync_FIFO/U4322/Y
                                0.62           0.62          -0.01  (VIOLATED)
   DQPSK_CSK/Real_Sync_FIFO/n4568
                                0.62           0.62          -0.01  (VIOLATED)
       PIN :   DQPSK_CSK/Real_Sync_FIFO/U4320/Y
                                0.62           0.62          -0.01  (VIOLATED)
   DQPSK_CSK/Real_Sync_FIFO/n4570
                                0.62           0.62          -0.01  (VIOLATED)
       PIN :   DQPSK_CSK/Real_Sync_FIFO/U4404/Y
                                0.62           0.62          -0.01  (VIOLATED)
   DQPSK_CSK/Real_Sync_FIFO/n4571
                                0.62           0.62          -0.01  (VIOLATED)
       PIN :   DQPSK_CSK/Real_Sync_FIFO/U4401/Y
                                0.62           0.62          -0.01  (VIOLATED)
   DQPSK_CSK/Real_Sync_FIFO/n4572
                                0.62           0.62          -0.01  (VIOLATED)
       PIN :   DQPSK_CSK/Real_Sync_FIFO/U4398/Y
                                0.62           0.62          -0.01  (VIOLATED)
   DQPSK_CSK/Real_Sync_FIFO/n4574
                                0.62           0.62          -0.01  (VIOLATED)
       PIN :   DQPSK_CSK/Real_Sync_FIFO/U4354/Y
                                0.62           0.62          -0.01  (VIOLATED)
   DQPSK_CSK/Real_Sync_FIFO/n4610
                                0.62           0.62          -0.01  (VIOLATED)
       PIN :   DQPSK_CSK/Real_Sync_FIFO/U4444/Y
                                0.62           0.62          -0.01  (VIOLATED)
   DQPSK_CSK/Real_Sync_FIFO/n4611
                                0.62           0.62          -0.01  (VIOLATED)
       PIN :   DQPSK_CSK/Real_Sync_FIFO/U4411/Y
                                0.62           0.62          -0.01  (VIOLATED)
   DQPSK_CSK/Real_Sync_FIFO/n4612
                                0.62           0.62          -0.01  (VIOLATED)
       PIN :   DQPSK_CSK/Real_Sync_FIFO/U4321/Y
                                0.62           0.62          -0.01  (VIOLATED)
   DQPSK_CSK/Real_Sync_FIFO/n4614
                                0.62           0.62          -0.01  (VIOLATED)
       PIN :   DQPSK_CSK/Real_Sync_FIFO/U4405/Y
                                0.62           0.62          -0.01  (VIOLATED)
   DQPSK_CSK/Real_Sync_FIFO/n4615
                                0.62           0.62          -0.01  (VIOLATED)
       PIN :   DQPSK_CSK/Real_Sync_FIFO/U4402/Y
                                0.62           0.62          -0.01  (VIOLATED)
   DQPSK_CSK/Real_Sync_FIFO/n4616
                                0.62           0.62          -0.01  (VIOLATED)
       PIN :   DQPSK_CSK/Real_Sync_FIFO/U4399/Y
                                0.62           0.62          -0.01  (VIOLATED)
   DQPSK_CSK/Real_Sync_FIFO/n4618
                                0.62           0.62          -0.01  (VIOLATED)
       PIN :   DQPSK_CSK/Real_Sync_FIFO/U4452/Y
                                0.62           0.62          -0.01  (VIOLATED)
   DQPSK_CSK/Imag_Sync_FIFO/n4652
                                0.62           0.62          -0.01  (VIOLATED)
       PIN :   DQPSK_CSK/Imag_Sync_FIFO/U4445/Y
                                0.62           0.62          -0.01  (VIOLATED)
   DQPSK_CSK/Imag_Sync_FIFO/n4653
                                0.62           0.62          -0.01  (VIOLATED)
       PIN :   DQPSK_CSK/Imag_Sync_FIFO/U4412/Y
                                0.62           0.62          -0.01  (VIOLATED)
   DQPSK_CSK/Imag_Sync_FIFO/n4654
                                0.62           0.62          -0.01  (VIOLATED)
       PIN :   DQPSK_CSK/Imag_Sync_FIFO/U4410/Y
                                0.62           0.62          -0.01  (VIOLATED)
   DQPSK_CSK/Imag_Sync_FIFO/n4656
                                0.62           0.62          -0.01  (VIOLATED)
       PIN :   DQPSK_CSK/Imag_Sync_FIFO/U4406/Y
                                0.62           0.62          -0.01  (VIOLATED)
   DQPSK_CSK/Imag_Sync_FIFO/n4657
                                0.62           0.62          -0.01  (VIOLATED)
       PIN :   DQPSK_CSK/Imag_Sync_FIFO/U4403/Y
                                0.62           0.62          -0.01  (VIOLATED)
   DQPSK_CSK/Imag_Sync_FIFO/n4658
                                0.62           0.62          -0.01  (VIOLATED)
       PIN :   DQPSK_CSK/Imag_Sync_FIFO/U4400/Y
                                0.62           0.62          -0.01  (VIOLATED)
   DQPSK_CSK/Imag_Sync_FIFO/n4660
                                0.62           0.62          -0.01  (VIOLATED)
       PIN :   DQPSK_CSK/Imag_Sync_FIFO/U4453/Y
                                0.62           0.62          -0.01  (VIOLATED)
   DQPSK_CSK/Real_Sync_FIFO/n4654
                                0.62           0.62          -0.01  (VIOLATED)
       PIN :   DQPSK_CSK/Real_Sync_FIFO/U4445/Y
                                0.62           0.62          -0.01  (VIOLATED)
   DQPSK_CSK/Real_Sync_FIFO/n4655
                                0.62           0.62          -0.01  (VIOLATED)
       PIN :   DQPSK_CSK/Real_Sync_FIFO/U4412/Y
                                0.62           0.62          -0.01  (VIOLATED)
   DQPSK_CSK/Real_Sync_FIFO/n4656
                                0.62           0.62          -0.01  (VIOLATED)
       PIN :   DQPSK_CSK/Real_Sync_FIFO/U4410/Y
                                0.62           0.62          -0.01  (VIOLATED)
   DQPSK_CSK/Real_Sync_FIFO/n4658
                                0.62           0.62          -0.01  (VIOLATED)
       PIN :   DQPSK_CSK/Real_Sync_FIFO/U4406/Y
                                0.62           0.62          -0.01  (VIOLATED)
   DQPSK_CSK/Real_Sync_FIFO/n4659
                                0.62           0.62          -0.01  (VIOLATED)
       PIN :   DQPSK_CSK/Real_Sync_FIFO/U4403/Y
                                0.62           0.62          -0.01  (VIOLATED)
   DQPSK_CSK/Real_Sync_FIFO/n4660
                                0.62           0.62          -0.01  (VIOLATED)
       PIN :   DQPSK_CSK/Real_Sync_FIFO/U4400/Y
                                0.62           0.62          -0.01  (VIOLATED)
   DQPSK_CSK/Real_Sync_FIFO/n4662
                                0.62           0.62          -0.01  (VIOLATED)
       PIN :   DQPSK_CSK/Real_Sync_FIFO/U4453/Y
                                0.62           0.62          -0.01  (VIOLATED)
   DQPSK_CSK/Imag_Sync_FIFO/n4507
                                0.62           0.62           0.00  (VIOLATED: increase significant digits)
   DQPSK_CSK/Imag_Sync_FIFO/n4508
                                0.62           0.62           0.00  (VIOLATED: increase significant digits)
   DQPSK_CSK/Imag_Sync_FIFO/n4512
                                0.62           0.62           0.00  (VIOLATED: increase significant digits)
   DQPSK_CSK/Imag_Sync_FIFO/n4516
                                0.62           0.62           0.00  (VIOLATED: increase significant digits)
   DQPSK_CSK/Imag_Sync_FIFO/n4551
                                0.62           0.62           0.00  (VIOLATED: increase significant digits)
   DQPSK_CSK/Imag_Sync_FIFO/n4552
                                0.62           0.62           0.00  (VIOLATED: increase significant digits)
   DQPSK_CSK/Imag_Sync_FIFO/n4556
                                0.62           0.62           0.00  (VIOLATED: increase significant digits)
   DQPSK_CSK/Imag_Sync_FIFO/n4560
                                0.62           0.62           0.00  (VIOLATED: increase significant digits)
   DQPSK_CSK/Imag_Sync_FIFO/n4595
                                0.62           0.62           0.00  (VIOLATED: increase significant digits)
   DQPSK_CSK/Imag_Sync_FIFO/n4596
                                0.62           0.62           0.00  (VIOLATED: increase significant digits)
   DQPSK_CSK/Imag_Sync_FIFO/n4600
                                0.62           0.62           0.00  (VIOLATED: increase significant digits)
   DQPSK_CSK/Imag_Sync_FIFO/n4604
                                0.62           0.62           0.00  (VIOLATED: increase significant digits)
   DQPSK_CSK/Real_Sync_FIFO/n4509
                                0.62           0.62           0.00  (VIOLATED: increase significant digits)
   DQPSK_CSK/Real_Sync_FIFO/n4510
                                0.62           0.62           0.00  (VIOLATED: increase significant digits)
   DQPSK_CSK/Real_Sync_FIFO/n4514
                                0.62           0.62           0.00  (VIOLATED: increase significant digits)
   DQPSK_CSK/Real_Sync_FIFO/n4518
                                0.62           0.62           0.00  (VIOLATED: increase significant digits)
   DQPSK_CSK/Real_Sync_FIFO/n4553
                                0.62           0.62           0.00  (VIOLATED: increase significant digits)
   DQPSK_CSK/Real_Sync_FIFO/n4554
                                0.62           0.62           0.00  (VIOLATED: increase significant digits)
   DQPSK_CSK/Real_Sync_FIFO/n4558
                                0.62           0.62           0.00  (VIOLATED: increase significant digits)
   DQPSK_CSK/Real_Sync_FIFO/n4562
                                0.62           0.62           0.00  (VIOLATED: increase significant digits)
   DQPSK_CSK/Real_Sync_FIFO/n4597
                                0.62           0.62           0.00  (VIOLATED: increase significant digits)
   DQPSK_CSK/Real_Sync_FIFO/n4598
                                0.62           0.62           0.00  (VIOLATED: increase significant digits)
   DQPSK_CSK/Real_Sync_FIFO/n4602
                                0.62           0.62           0.00  (VIOLATED: increase significant digits)
   DQPSK_CSK/Real_Sync_FIFO/n4606
                                0.62           0.62           0.00  (VIOLATED: increase significant digits)
   DQPSK_CSK/Imag_Sync_FIFO/n4639
                                0.62           0.62           0.00  (VIOLATED: increase significant digits)
   DQPSK_CSK/Imag_Sync_FIFO/n4640
                                0.62           0.62           0.00  (VIOLATED: increase significant digits)
   DQPSK_CSK/Imag_Sync_FIFO/n4645
                                0.62           0.62           0.00  (VIOLATED: increase significant digits)
   DQPSK_CSK/Imag_Sync_FIFO/n4648
                                0.62           0.62           0.00  (VIOLATED: increase significant digits)
   DQPSK_CSK/Real_Sync_FIFO/n4641
                                0.62           0.62           0.00  (VIOLATED: increase significant digits)
   DQPSK_CSK/Real_Sync_FIFO/n4642
                                0.62           0.62           0.00  (VIOLATED: increase significant digits)
   DQPSK_CSK/Real_Sync_FIFO/n4647
                                0.62           0.62           0.00  (VIOLATED: increase significant digits)
   DQPSK_CSK/Real_Sync_FIFO/n4650
                                0.62           0.62           0.00  (VIOLATED: increase significant digits)
   DQPSK_CSK/Imag_Sync_FIFO/n4498
                                0.62           0.62           0.00  (VIOLATED: increase significant digits)
   DQPSK_CSK/Imag_Sync_FIFO/n4499
                                0.62           0.62           0.00  (VIOLATED: increase significant digits)
   DQPSK_CSK/Imag_Sync_FIFO/n4500
                                0.62           0.62           0.00  (VIOLATED: increase significant digits)
   DQPSK_CSK/Imag_Sync_FIFO/n4502
                                0.62           0.62           0.00  (VIOLATED: increase significant digits)
   DQPSK_CSK/Imag_Sync_FIFO/n4503
                                0.62           0.62           0.00  (VIOLATED: increase significant digits)
   DQPSK_CSK/Imag_Sync_FIFO/n4504
                                0.62           0.62           0.00  (VIOLATED: increase significant digits)
   DQPSK_CSK/Imag_Sync_FIFO/n4506
                                0.62           0.62           0.00  (VIOLATED: increase significant digits)
   DQPSK_CSK/Imag_Sync_FIFO/n4542
                                0.62           0.62           0.00  (VIOLATED: increase significant digits)
   DQPSK_CSK/Imag_Sync_FIFO/n4543
                                0.62           0.62           0.00  (VIOLATED: increase significant digits)
   DQPSK_CSK/Imag_Sync_FIFO/n4544
                                0.62           0.62           0.00  (VIOLATED: increase significant digits)
   DQPSK_CSK/Imag_Sync_FIFO/n4546
                                0.62           0.62           0.00  (VIOLATED: increase significant digits)
   DQPSK_CSK/Imag_Sync_FIFO/n4547
                                0.62           0.62           0.00  (VIOLATED: increase significant digits)
   DQPSK_CSK/Imag_Sync_FIFO/n4548
                                0.62           0.62           0.00  (VIOLATED: increase significant digits)
   DQPSK_CSK/Imag_Sync_FIFO/n4550
                                0.62           0.62           0.00  (VIOLATED: increase significant digits)
   DQPSK_CSK/Imag_Sync_FIFO/n4586
                                0.62           0.62           0.00  (VIOLATED: increase significant digits)
   DQPSK_CSK/Imag_Sync_FIFO/n4587
                                0.62           0.62           0.00  (VIOLATED: increase significant digits)
   DQPSK_CSK/Imag_Sync_FIFO/n4588
                                0.62           0.62           0.00  (VIOLATED: increase significant digits)
   DQPSK_CSK/Imag_Sync_FIFO/n4590
                                0.62           0.62           0.00  (VIOLATED: increase significant digits)
   DQPSK_CSK/Imag_Sync_FIFO/n4591
                                0.62           0.62           0.00  (VIOLATED: increase significant digits)
   DQPSK_CSK/Imag_Sync_FIFO/n4592
                                0.62           0.62           0.00  (VIOLATED: increase significant digits)
   DQPSK_CSK/Imag_Sync_FIFO/n4594
                                0.62           0.62           0.00  (VIOLATED: increase significant digits)
   DQPSK_CSK/Imag_Sync_FIFO/n4630
                                0.62           0.62           0.00  (VIOLATED: increase significant digits)
   DQPSK_CSK/Imag_Sync_FIFO/n4631
                                0.62           0.62           0.00  (VIOLATED: increase significant digits)
   DQPSK_CSK/Imag_Sync_FIFO/n4632
                                0.62           0.62           0.00  (VIOLATED: increase significant digits)
   DQPSK_CSK/Imag_Sync_FIFO/n4633
                                0.62           0.62           0.00  (VIOLATED: increase significant digits)
   DQPSK_CSK/Imag_Sync_FIFO/n4635
                                0.62           0.62           0.00  (VIOLATED: increase significant digits)
   DQPSK_CSK/Imag_Sync_FIFO/n4636
                                0.62           0.62           0.00  (VIOLATED: increase significant digits)
   DQPSK_CSK/Imag_Sync_FIFO/n4638
                                0.62           0.62           0.00  (VIOLATED: increase significant digits)
   DQPSK_CSK/Real_Sync_FIFO/n4500
                                0.62           0.62           0.00  (VIOLATED: increase significant digits)
   DQPSK_CSK/Real_Sync_FIFO/n4501
                                0.62           0.62           0.00  (VIOLATED: increase significant digits)
   DQPSK_CSK/Real_Sync_FIFO/n4502
                                0.62           0.62           0.00  (VIOLATED: increase significant digits)
   DQPSK_CSK/Real_Sync_FIFO/n4504
                                0.62           0.62           0.00  (VIOLATED: increase significant digits)
   DQPSK_CSK/Real_Sync_FIFO/n4505
                                0.62           0.62           0.00  (VIOLATED: increase significant digits)
   DQPSK_CSK/Real_Sync_FIFO/n4506
                                0.62           0.62           0.00  (VIOLATED: increase significant digits)
   DQPSK_CSK/Real_Sync_FIFO/n4508
                                0.62           0.62           0.00  (VIOLATED: increase significant digits)
   DQPSK_CSK/Real_Sync_FIFO/n4544
                                0.62           0.62           0.00  (VIOLATED: increase significant digits)
   DQPSK_CSK/Real_Sync_FIFO/n4545
                                0.62           0.62           0.00  (VIOLATED: increase significant digits)
   DQPSK_CSK/Real_Sync_FIFO/n4546
                                0.62           0.62           0.00  (VIOLATED: increase significant digits)
   DQPSK_CSK/Real_Sync_FIFO/n4548
                                0.62           0.62           0.00  (VIOLATED: increase significant digits)
   DQPSK_CSK/Real_Sync_FIFO/n4549
                                0.62           0.62           0.00  (VIOLATED: increase significant digits)
   DQPSK_CSK/Real_Sync_FIFO/n4550
                                0.62           0.62           0.00  (VIOLATED: increase significant digits)
   DQPSK_CSK/Real_Sync_FIFO/n4552
                                0.62           0.62           0.00  (VIOLATED: increase significant digits)
   DQPSK_CSK/Real_Sync_FIFO/n4588
                                0.62           0.62           0.00  (VIOLATED: increase significant digits)
   DQPSK_CSK/Real_Sync_FIFO/n4589
                                0.62           0.62           0.00  (VIOLATED: increase significant digits)
   DQPSK_CSK/Real_Sync_FIFO/n4590
                                0.62           0.62           0.00  (VIOLATED: increase significant digits)
   DQPSK_CSK/Real_Sync_FIFO/n4592
                                0.62           0.62           0.00  (VIOLATED: increase significant digits)
   DQPSK_CSK/Real_Sync_FIFO/n4593
                                0.62           0.62           0.00  (VIOLATED: increase significant digits)
   DQPSK_CSK/Real_Sync_FIFO/n4594
                                0.62           0.62           0.00  (VIOLATED: increase significant digits)
   DQPSK_CSK/Real_Sync_FIFO/n4596
                                0.62           0.62           0.00  (VIOLATED: increase significant digits)
   DQPSK_CSK/Real_Sync_FIFO/n4632
                                0.62           0.62           0.00  (VIOLATED: increase significant digits)
   DQPSK_CSK/Real_Sync_FIFO/n4633
                                0.62           0.62           0.00  (VIOLATED: increase significant digits)
   DQPSK_CSK/Real_Sync_FIFO/n4634
                                0.62           0.62           0.00  (VIOLATED: increase significant digits)
   DQPSK_CSK/Real_Sync_FIFO/n4635
                                0.62           0.62           0.00  (VIOLATED: increase significant digits)
   DQPSK_CSK/Real_Sync_FIFO/n4637
                                0.62           0.62           0.00  (VIOLATED: increase significant digits)
   DQPSK_CSK/Real_Sync_FIFO/n4638
                                0.62           0.62           0.00  (VIOLATED: increase significant digits)
   DQPSK_CSK/Real_Sync_FIFO/n4640
                                0.62           0.62           0.00  (VIOLATED: increase significant digits)
   DQPSK_CSK/Imag_Sync_FIFO/n4485
                                0.62           0.62           0.00  (VIOLATED: increase significant digits)
   DQPSK_CSK/Imag_Sync_FIFO/n4486
                                0.62           0.62           0.00  (VIOLATED: increase significant digits)
   DQPSK_CSK/Imag_Sync_FIFO/n4491
                                0.62           0.62           0.00  (VIOLATED: increase significant digits)
   DQPSK_CSK/Imag_Sync_FIFO/n4494
                                0.62           0.62           0.00  (VIOLATED: increase significant digits)
   DQPSK_CSK/Imag_Sync_FIFO/n4529
                                0.62           0.62           0.00  (VIOLATED: increase significant digits)
   DQPSK_CSK/Imag_Sync_FIFO/n4530
                                0.62           0.62           0.00  (VIOLATED: increase significant digits)
   DQPSK_CSK/Imag_Sync_FIFO/n4534
                                0.62           0.62           0.00  (VIOLATED: increase significant digits)
   DQPSK_CSK/Imag_Sync_FIFO/n4535
                                0.62           0.62           0.00  (VIOLATED: increase significant digits)
   DQPSK_CSK/Imag_Sync_FIFO/n4573
                                0.62           0.62           0.00  (VIOLATED: increase significant digits)
   DQPSK_CSK/Imag_Sync_FIFO/n4574
                                0.62           0.62           0.00  (VIOLATED: increase significant digits)
   DQPSK_CSK/Imag_Sync_FIFO/n4579
                                0.62           0.62           0.00  (VIOLATED: increase significant digits)
   DQPSK_CSK/Imag_Sync_FIFO/n4582
                                0.62           0.62           0.00  (VIOLATED: increase significant digits)
   DQPSK_CSK/Real_Sync_FIFO/n4487
                                0.62           0.62           0.00  (VIOLATED: increase significant digits)
   DQPSK_CSK/Real_Sync_FIFO/n4488
                                0.62           0.62           0.00  (VIOLATED: increase significant digits)
   DQPSK_CSK/Real_Sync_FIFO/n4493
                                0.62           0.62           0.00  (VIOLATED: increase significant digits)
   DQPSK_CSK/Real_Sync_FIFO/n4496
                                0.62           0.62           0.00  (VIOLATED: increase significant digits)
   DQPSK_CSK/Real_Sync_FIFO/n4531
                                0.62           0.62           0.00  (VIOLATED: increase significant digits)
   DQPSK_CSK/Real_Sync_FIFO/n4532
                                0.62           0.62           0.00  (VIOLATED: increase significant digits)
   DQPSK_CSK/Real_Sync_FIFO/n4536
                                0.62           0.62           0.00  (VIOLATED: increase significant digits)
   DQPSK_CSK/Real_Sync_FIFO/n4537
                                0.62           0.62           0.00  (VIOLATED: increase significant digits)
   DQPSK_CSK/Real_Sync_FIFO/n4575
                                0.62           0.62           0.00  (VIOLATED: increase significant digits)
   DQPSK_CSK/Real_Sync_FIFO/n4576
                                0.62           0.62           0.00  (VIOLATED: increase significant digits)
   DQPSK_CSK/Real_Sync_FIFO/n4581
                                0.62           0.62           0.00  (VIOLATED: increase significant digits)
   DQPSK_CSK/Real_Sync_FIFO/n4584
                                0.62           0.62           0.00  (VIOLATED: increase significant digits)
   DQPSK_CSK/Imag_Sync_FIFO/n4617
                                0.62           0.62           0.00  (VIOLATED: increase significant digits)
   DQPSK_CSK/Imag_Sync_FIFO/n4618
                                0.62           0.62           0.00  (VIOLATED: increase significant digits)
   DQPSK_CSK/Imag_Sync_FIFO/n4623
                                0.62           0.62           0.00  (VIOLATED: increase significant digits)
   DQPSK_CSK/Imag_Sync_FIFO/n4626
                                0.62           0.62           0.00  (VIOLATED: increase significant digits)
   DQPSK_CSK/Real_Sync_FIFO/n4619
                                0.62           0.62           0.00  (VIOLATED: increase significant digits)
   DQPSK_CSK/Real_Sync_FIFO/n4620
                                0.62           0.62           0.00  (VIOLATED: increase significant digits)
   DQPSK_CSK/Real_Sync_FIFO/n4625
                                0.62           0.62           0.00  (VIOLATED: increase significant digits)
   DQPSK_CSK/Real_Sync_FIFO/n4628
                                0.62           0.62           0.00  (VIOLATED: increase significant digits)

   -----------------------------------------------------------------
   Total                      320                -7.32  

   max_capacitance

                             Required        Actual
   Net                      Capacitance    Capacitance       Slack
   -----------------------------------------------------------------
   tx_done                    100.00         100.00           0.00  (VIOLATED: increase significant digits)
   tx_imag[0]                 100.00         100.00           0.00  (VIOLATED: increase significant digits)
   tx_imag[1]                 100.00         100.00           0.00  (VIOLATED: increase significant digits)
   tx_imag[2]                 100.00         100.00           0.00  (VIOLATED: increase significant digits)
   tx_imag[3]                 100.00         100.00           0.00  (VIOLATED: increase significant digits)
   tx_imag[4]                 100.00         100.00           0.00  (VIOLATED: increase significant digits)
   tx_imag[5]                 100.00         100.00           0.00  (VIOLATED: increase significant digits)
   tx_imag[6]                 100.00         100.00           0.00  (VIOLATED: increase significant digits)
   tx_imag[7]                 100.00         100.00           0.00  (VIOLATED: increase significant digits)
   tx_real[0]                 100.00         100.00           0.00  (VIOLATED: increase significant digits)
   tx_real[1]                 100.00         100.00           0.00  (VIOLATED: increase significant digits)
   tx_real[2]                 100.00         100.00           0.00  (VIOLATED: increase significant digits)
   tx_real[3]                 100.00         100.00           0.00  (VIOLATED: increase significant digits)
   tx_real[4]                 100.00         100.00           0.00  (VIOLATED: increase significant digits)
   tx_real[5]                 100.00         100.00           0.00  (VIOLATED: increase significant digits)
   tx_real[6]                 100.00         100.00           0.00  (VIOLATED: increase significant digits)
   tx_real[7]                 100.00         100.00           0.00  (VIOLATED: increase significant digits)

   -----------------------------------------------------------------
   Total                      17                 -0.05  

1
