Warning: Worst timing paths might not be returned. (TIM-104)
 
****************************************
Report : timing
        -path full
        -delay max
        -slack_greater_than 0.00
        -max_paths 100
        -transition_time
        -capacitance
Design : zigbee
Version: O-2018.06-SP1
Date   : Sun Sep 20 00:44:21 2026
****************************************

 # A fanout number of 1000 was used for high fanout net computations.

Operating Conditions: ss0p75vn40c   Library: saed32hvt_ss0p75vn40c
Wire Load Model Mode: enclosed

  Startpoint: DQPSK_CSK/CSK_GEN_DUT/csk_out_i_reg[0]
              (rising edge-triggered flip-flop clocked by clk)
  Endpoint: DQPSK_CSK/tx_real_reg[7]
            (rising edge-triggered flip-flop clocked by clk)
  Path Group: clk
  Path Type: max

  Des/Clust/Port     Wire Load Model       Library
  ------------------------------------------------
  zigbee             140000                saed32hvt_ss0p75vn40c
  dqpsk_csk_top_46_1024_2_6
                     70000                 saed32hvt_ss0p75vn40c
  dqpsk_csk_top_46_1024_2_6_DW02_mult_2
                     8000                  saed32hvt_ss0p75vn40c
  dqpsk_csk_top_46_1024_2_6_DW01_add_3
                     ForQA                 saed32hvt_ss0p75vn40c
  dqpsk_csk_top_46_1024_2_6_DW01_sub_0
                     ForQA                 saed32hvt_ss0p75vn40c

  Point                                          Cap     Trans      Incr       Path
  ------------------------------------------------------------------------------------
  clock clk (rise edge)                                             0.00       0.00
  clock network delay (ideal)                                       0.00       0.00
  DQPSK_CSK/CSK_GEN_DUT/csk_out_i_reg[0]/CLK (DFFSSRX1_HVT)
                                                          0.00      0.00 #     0.00 r
  DQPSK_CSK/CSK_GEN_DUT/csk_out_i_reg[0]/Q (DFFSSRX1_HVT)
                                                2.49      0.24      1.17       1.17 f
  DQPSK_CSK/CSK_GEN_DUT/csk_out_i[0] (CSK_GEN_WL6)                  0.00       1.17 f
  DQPSK_CSK/mult_137_2/B[0] (dqpsk_csk_top_46_1024_2_6_DW02_mult_2)
                                                                    0.00       1.17 f
  DQPSK_CSK/mult_137_2/U10/Y (INVX0_HVT)        1.35      0.17      0.26       1.43 r
  DQPSK_CSK/mult_137_2/U23/Y (AND2X1_HVT)       1.70      0.18      0.46       1.89 r
  DQPSK_CSK/mult_137_2/U22/Y (XOR2X1_HVT)       0.38      0.25      0.98       2.87 f
  DQPSK_CSK/mult_137_2/U6/Y (MUX21X1_HVT)       0.88      0.33      0.80       3.67 f
  DQPSK_CSK/mult_137_2/U48/Y (AND2X1_HVT)       0.91      0.15      0.51       4.18 f
  DQPSK_CSK/mult_137_2/FS_2/A[1] (dqpsk_csk_top_46_1024_2_6_DW01_add_3)
                                                                    0.00       4.18 f
  DQPSK_CSK/mult_137_2/FS_2/U26/Y (OR2X1_HVT)
                                                1.56      0.17      0.43       4.61 f
  DQPSK_CSK/mult_137_2/FS_2/U13/Y (NAND2X0_HVT)
                                                1.15      0.29      0.27       4.88 r
  DQPSK_CSK/mult_137_2/FS_2/U12/Y (XOR2X1_HVT)
                                                0.87      0.27      1.09       5.97 f
  DQPSK_CSK/mult_137_2/FS_2/SUM[1] (dqpsk_csk_top_46_1024_2_6_DW01_add_3)
                                                                    0.00       5.97 f
  DQPSK_CSK/mult_137_2/U55/Y (INVX0_HVT)        1.72      0.20      0.29       6.26 r
  DQPSK_CSK/mult_137_2/U27/Y (XOR2X1_HVT)       0.38      0.25      0.93       7.19 f
  DQPSK_CSK/mult_137_2/U62/Y (MUX21X1_HVT)      0.63      0.32      0.78       7.98 f
  DQPSK_CSK/mult_137_2/PRODUCT[2] (dqpsk_csk_top_46_1024_2_6_DW02_mult_2)
                                                                    0.00       7.98 f
  DQPSK_CSK/sub_137/B[2] (dqpsk_csk_top_46_1024_2_6_DW01_sub_0)     0.00       7.98 f
  DQPSK_CSK/sub_137/U8/Y (INVX1_HVT)            1.96      0.19      0.30       8.28 r
  DQPSK_CSK/sub_137/U2_2/CO (FADDX1_HVT)        1.53      0.33      0.75       9.03 r
  DQPSK_CSK/sub_137/U2_3/CO (FADDX1_HVT)        1.53      0.33      0.80       9.84 r
  DQPSK_CSK/sub_137/U2_4/CO (FADDX1_HVT)        1.53      0.33      0.80      10.64 r
  DQPSK_CSK/sub_137/U2_5/CO (FADDX1_HVT)        1.53      0.33      0.80      11.44 r
  DQPSK_CSK/sub_137/U2_6/CO (FADDX1_HVT)        1.53      0.33      0.80      12.25 r
  DQPSK_CSK/sub_137/U2_7/S (FADDX1_HVT)         0.41      0.24      1.17      13.42 f
  DQPSK_CSK/sub_137/DIFF[7] (dqpsk_csk_top_46_1024_2_6_DW01_sub_0)
                                                                    0.00      13.42 f
  DQPSK_CSK/tx_real_reg[7]/D (DFFSSRX1_HVT)               0.24      0.00      13.42 f
  data arrival time                                                           13.42

  clock clk (rise edge)                                            31.25      31.25
  clock network delay (ideal)                                       0.00      31.25
  clock uncertainty                                                -0.94      30.31
  DQPSK_CSK/tx_real_reg[7]/CLK (DFFSSRX1_HVT)                       0.00      30.31 r
  library setup time                                               -1.19      29.13
  data required time                                                          29.13
  ------------------------------------------------------------------------------------
  data required time                                                          29.13
  data arrival time                                                          -13.42
  ------------------------------------------------------------------------------------
  slack (MET)                                                                 15.71


  Startpoint: DQPSK_CSK/CSK_GEN_DUT/csk_out_i_reg[0]
              (rising edge-triggered flip-flop clocked by clk)
  Endpoint: DQPSK_CSK/tx_imag_reg[7]
            (rising edge-triggered flip-flop clocked by clk)
  Path Group: clk
  Path Type: max

  Des/Clust/Port     Wire Load Model       Library
  ------------------------------------------------
  zigbee             140000                saed32hvt_ss0p75vn40c
  dqpsk_csk_top_46_1024_2_6
                     70000                 saed32hvt_ss0p75vn40c
  dqpsk_csk_top_46_1024_2_6_DW02_mult_1
                     8000                  saed32hvt_ss0p75vn40c
  dqpsk_csk_top_46_1024_2_6_DW01_add_2
                     ForQA                 saed32hvt_ss0p75vn40c
  dqpsk_csk_top_46_1024_2_6_DW01_add_0
                     ForQA                 saed32hvt_ss0p75vn40c

  Point                                          Cap     Trans      Incr       Path
  ------------------------------------------------------------------------------------
  clock clk (rise edge)                                             0.00       0.00
  clock network delay (ideal)                                       0.00       0.00
  DQPSK_CSK/CSK_GEN_DUT/csk_out_i_reg[0]/CLK (DFFSSRX1_HVT)
                                                          0.00      0.00 #     0.00 r
  DQPSK_CSK/CSK_GEN_DUT/csk_out_i_reg[0]/Q (DFFSSRX1_HVT)
                                                2.49      0.24      1.17       1.17 f
  DQPSK_CSK/CSK_GEN_DUT/csk_out_i[0] (CSK_GEN_WL6)                  0.00       1.17 f
  DQPSK_CSK/mult_138/B[0] (dqpsk_csk_top_46_1024_2_6_DW02_mult_1)
                                                                    0.00       1.17 f
  DQPSK_CSK/mult_138/U10/Y (INVX0_HVT)          1.35      0.17      0.26       1.43 r
  DQPSK_CSK/mult_138/U23/Y (AND2X1_HVT)         1.70      0.18      0.46       1.89 r
  DQPSK_CSK/mult_138/U22/Y (XOR2X1_HVT)         0.38      0.25      0.98       2.87 f
  DQPSK_CSK/mult_138/U6/Y (MUX21X1_HVT)         0.88      0.33      0.80       3.67 f
  DQPSK_CSK/mult_138/U48/Y (AND2X1_HVT)         0.91      0.15      0.51       4.18 f
  DQPSK_CSK/mult_138/FS_2/A[1] (dqpsk_csk_top_46_1024_2_6_DW01_add_2)
                                                                    0.00       4.18 f
  DQPSK_CSK/mult_138/FS_2/U26/Y (OR2X1_HVT)     1.56      0.17      0.43       4.61 f
  DQPSK_CSK/mult_138/FS_2/U13/Y (NAND2X0_HVT)
                                                1.15      0.29      0.27       4.88 r
  DQPSK_CSK/mult_138/FS_2/U12/Y (XOR2X1_HVT)
                                                0.87      0.27      1.09       5.97 f
  DQPSK_CSK/mult_138/FS_2/SUM[1] (dqpsk_csk_top_46_1024_2_6_DW01_add_2)
                                                                    0.00       5.97 f
  DQPSK_CSK/mult_138/U55/Y (INVX0_HVT)          1.72      0.20      0.29       6.26 r
  DQPSK_CSK/mult_138/U27/Y (XOR2X1_HVT)         0.38      0.25      0.93       7.19 f
  DQPSK_CSK/mult_138/U62/Y (MUX21X1_HVT)        1.74      0.38      0.85       8.05 f
  DQPSK_CSK/mult_138/PRODUCT[2] (dqpsk_csk_top_46_1024_2_6_DW02_mult_1)
                                                                    0.00       8.05 f
  DQPSK_CSK/add_138/A[2] (dqpsk_csk_top_46_1024_2_6_DW01_add_0)     0.00       8.05 f
  DQPSK_CSK/add_138/U1_2/CO (FADDX1_HVT)        1.52      0.26      0.87       8.92 f
  DQPSK_CSK/add_138/U1_3/CO (FADDX1_HVT)        1.52      0.26      0.74       9.66 f
  DQPSK_CSK/add_138/U1_4/CO (FADDX1_HVT)        1.52      0.26      0.74      10.40 f
  DQPSK_CSK/add_138/U1_5/CO (FADDX1_HVT)        1.52      0.26      0.74      11.14 f
  DQPSK_CSK/add_138/U1_6/CO (FADDX1_HVT)        1.52      0.26      0.74      11.88 f
  DQPSK_CSK/add_138/U1_7/S (FADDX1_HVT)         0.55      0.25      1.17      13.05 r
  DQPSK_CSK/add_138/SUM[7] (dqpsk_csk_top_46_1024_2_6_DW01_add_0)
                                                                    0.00      13.05 r
  DQPSK_CSK/tx_imag_reg[7]/D (DFFSSRX1_HVT)               0.25      0.00      13.05 r
  data arrival time                                                           13.05

  clock clk (rise edge)                                            31.25      31.25
  clock network delay (ideal)                                       0.00      31.25
  clock uncertainty                                                -0.94      30.31
  DQPSK_CSK/tx_imag_reg[7]/CLK (DFFSSRX1_HVT)                       0.00      30.31 r
  library setup time                                               -1.11      29.20
  data required time                                                          29.20
  ------------------------------------------------------------------------------------
  data required time                                                          29.20
  data arrival time                                                          -13.05
  ------------------------------------------------------------------------------------
  slack (MET)                                                                 16.15


  Startpoint: DQPSK_CSK/CSK_GEN_DUT/csk_out_i_reg[0]
              (rising edge-triggered flip-flop clocked by clk)
  Endpoint: DQPSK_CSK/tx_real_reg[6]
            (rising edge-triggered flip-flop clocked by clk)
  Path Group: clk
  Path Type: max

  Des/Clust/Port     Wire Load Model       Library
  ------------------------------------------------
  zigbee             140000                saed32hvt_ss0p75vn40c
  dqpsk_csk_top_46_1024_2_6
                     70000                 saed32hvt_ss0p75vn40c
  dqpsk_csk_top_46_1024_2_6_DW02_mult_2
                     8000                  saed32hvt_ss0p75vn40c
  dqpsk_csk_top_46_1024_2_6_DW01_add_3
                     ForQA                 saed32hvt_ss0p75vn40c
  dqpsk_csk_top_46_1024_2_6_DW01_sub_0
                     ForQA                 saed32hvt_ss0p75vn40c

  Point                                          Cap     Trans      Incr       Path
  ------------------------------------------------------------------------------------
  clock clk (rise edge)                                             0.00       0.00
  clock network delay (ideal)                                       0.00       0.00
  DQPSK_CSK/CSK_GEN_DUT/csk_out_i_reg[0]/CLK (DFFSSRX1_HVT)
                                                          0.00      0.00 #     0.00 r
  DQPSK_CSK/CSK_GEN_DUT/csk_out_i_reg[0]/Q (DFFSSRX1_HVT)
                                                2.49      0.24      1.17       1.17 f
  DQPSK_CSK/CSK_GEN_DUT/csk_out_i[0] (CSK_GEN_WL6)                  0.00       1.17 f
  DQPSK_CSK/mult_137_2/B[0] (dqpsk_csk_top_46_1024_2_6_DW02_mult_2)
                                                                    0.00       1.17 f
  DQPSK_CSK/mult_137_2/U10/Y (INVX0_HVT)        1.35      0.17      0.26       1.43 r
  DQPSK_CSK/mult_137_2/U23/Y (AND2X1_HVT)       1.70      0.18      0.46       1.89 r
  DQPSK_CSK/mult_137_2/U22/Y (XOR2X1_HVT)       0.38      0.25      0.98       2.87 f
  DQPSK_CSK/mult_137_2/U6/Y (MUX21X1_HVT)       0.88      0.33      0.80       3.67 f
  DQPSK_CSK/mult_137_2/U48/Y (AND2X1_HVT)       0.91      0.15      0.51       4.18 f
  DQPSK_CSK/mult_137_2/FS_2/A[1] (dqpsk_csk_top_46_1024_2_6_DW01_add_3)
                                                                    0.00       4.18 f
  DQPSK_CSK/mult_137_2/FS_2/U26/Y (OR2X1_HVT)
                                                1.56      0.17      0.43       4.61 f
  DQPSK_CSK/mult_137_2/FS_2/U13/Y (NAND2X0_HVT)
                                                1.15      0.29      0.27       4.88 r
  DQPSK_CSK/mult_137_2/FS_2/U12/Y (XOR2X1_HVT)
                                                0.87      0.27      1.09       5.97 f
  DQPSK_CSK/mult_137_2/FS_2/SUM[1] (dqpsk_csk_top_46_1024_2_6_DW01_add_3)
                                                                    0.00       5.97 f
  DQPSK_CSK/mult_137_2/U55/Y (INVX0_HVT)        1.72      0.20      0.29       6.26 r
  DQPSK_CSK/mult_137_2/U27/Y (XOR2X1_HVT)       0.38      0.25      0.93       7.19 f
  DQPSK_CSK/mult_137_2/U62/Y (MUX21X1_HVT)      0.63      0.32      0.78       7.98 f
  DQPSK_CSK/mult_137_2/PRODUCT[2] (dqpsk_csk_top_46_1024_2_6_DW02_mult_2)
                                                                    0.00       7.98 f
  DQPSK_CSK/sub_137/B[2] (dqpsk_csk_top_46_1024_2_6_DW01_sub_0)     0.00       7.98 f
  DQPSK_CSK/sub_137/U8/Y (INVX1_HVT)            1.96      0.19      0.30       8.28 r
  DQPSK_CSK/sub_137/U2_2/CO (FADDX1_HVT)        1.53      0.33      0.75       9.03 r
  DQPSK_CSK/sub_137/U2_3/CO (FADDX1_HVT)        1.53      0.33      0.80       9.84 r
  DQPSK_CSK/sub_137/U2_4/CO (FADDX1_HVT)        1.53      0.33      0.80      10.64 r
  DQPSK_CSK/sub_137/U2_5/CO (FADDX1_HVT)        1.53      0.33      0.80      11.44 r
  DQPSK_CSK/sub_137/U2_6/S (FADDX1_HVT)         0.41      0.24      1.17      12.61 f
  DQPSK_CSK/sub_137/DIFF[6] (dqpsk_csk_top_46_1024_2_6_DW01_sub_0)
                                                                    0.00      12.61 f
  DQPSK_CSK/tx_real_reg[6]/D (DFFSSRX1_HVT)               0.24      0.00      12.61 f
  data arrival time                                                           12.61

  clock clk (rise edge)                                            31.25      31.25
  clock network delay (ideal)                                       0.00      31.25
  clock uncertainty                                                -0.94      30.31
  DQPSK_CSK/tx_real_reg[6]/CLK (DFFSSRX1_HVT)                       0.00      30.31 r
  library setup time                                               -1.19      29.13
  data required time                                                          29.13
  ------------------------------------------------------------------------------------
  data required time                                                          29.13
  data arrival time                                                          -12.61
  ------------------------------------------------------------------------------------
  slack (MET)                                                                 16.52


  Startpoint: DQPSK_CSK/CSK_GEN_DUT/csk_out_i_reg[0]
              (rising edge-triggered flip-flop clocked by clk)
  Endpoint: DQPSK_CSK/tx_imag_reg[6]
            (rising edge-triggered flip-flop clocked by clk)
  Path Group: clk
  Path Type: max

  Des/Clust/Port     Wire Load Model       Library
  ------------------------------------------------
  zigbee             140000                saed32hvt_ss0p75vn40c
  dqpsk_csk_top_46_1024_2_6
                     70000                 saed32hvt_ss0p75vn40c
  dqpsk_csk_top_46_1024_2_6_DW02_mult_1
                     8000                  saed32hvt_ss0p75vn40c
  dqpsk_csk_top_46_1024_2_6_DW01_add_2
                     ForQA                 saed32hvt_ss0p75vn40c
  dqpsk_csk_top_46_1024_2_6_DW01_add_0
                     ForQA                 saed32hvt_ss0p75vn40c

  Point                                          Cap     Trans      Incr       Path
  ------------------------------------------------------------------------------------
  clock clk (rise edge)                                             0.00       0.00
  clock network delay (ideal)                                       0.00       0.00
  DQPSK_CSK/CSK_GEN_DUT/csk_out_i_reg[0]/CLK (DFFSSRX1_HVT)
                                                          0.00      0.00 #     0.00 r
  DQPSK_CSK/CSK_GEN_DUT/csk_out_i_reg[0]/Q (DFFSSRX1_HVT)
                                                2.49      0.24      1.17       1.17 f
  DQPSK_CSK/CSK_GEN_DUT/csk_out_i[0] (CSK_GEN_WL6)                  0.00       1.17 f
  DQPSK_CSK/mult_138/B[0] (dqpsk_csk_top_46_1024_2_6_DW02_mult_1)
                                                                    0.00       1.17 f
  DQPSK_CSK/mult_138/U10/Y (INVX0_HVT)          1.35      0.17      0.26       1.43 r
  DQPSK_CSK/mult_138/U23/Y (AND2X1_HVT)         1.70      0.18      0.46       1.89 r
  DQPSK_CSK/mult_138/U22/Y (XOR2X1_HVT)         0.38      0.25      0.98       2.87 f
  DQPSK_CSK/mult_138/U6/Y (MUX21X1_HVT)         0.88      0.33      0.80       3.67 f
  DQPSK_CSK/mult_138/U48/Y (AND2X1_HVT)         0.91      0.15      0.51       4.18 f
  DQPSK_CSK/mult_138/FS_2/A[1] (dqpsk_csk_top_46_1024_2_6_DW01_add_2)
                                                                    0.00       4.18 f
  DQPSK_CSK/mult_138/FS_2/U26/Y (OR2X1_HVT)     1.56      0.17      0.43       4.61 f
  DQPSK_CSK/mult_138/FS_2/U13/Y (NAND2X0_HVT)
                                                1.15      0.29      0.27       4.88 r
  DQPSK_CSK/mult_138/FS_2/U12/Y (XOR2X1_HVT)
                                                0.87      0.27      1.09       5.97 f
  DQPSK_CSK/mult_138/FS_2/SUM[1] (dqpsk_csk_top_46_1024_2_6_DW01_add_2)
                                                                    0.00       5.97 f
  DQPSK_CSK/mult_138/U55/Y (INVX0_HVT)          1.72      0.20      0.29       6.26 r
  DQPSK_CSK/mult_138/U27/Y (XOR2X1_HVT)         0.38      0.25      0.93       7.19 f
  DQPSK_CSK/mult_138/U62/Y (MUX21X1_HVT)        1.74      0.38      0.85       8.05 f
  DQPSK_CSK/mult_138/PRODUCT[2] (dqpsk_csk_top_46_1024_2_6_DW02_mult_1)
                                                                    0.00       8.05 f
  DQPSK_CSK/add_138/A[2] (dqpsk_csk_top_46_1024_2_6_DW01_add_0)     0.00       8.05 f
  DQPSK_CSK/add_138/U1_2/CO (FADDX1_HVT)        1.52      0.26      0.87       8.92 f
  DQPSK_CSK/add_138/U1_3/CO (FADDX1_HVT)        1.52      0.26      0.74       9.66 f
  DQPSK_CSK/add_138/U1_4/CO (FADDX1_HVT)        1.52      0.26      0.74      10.40 f
  DQPSK_CSK/add_138/U1_5/CO (FADDX1_HVT)        1.52      0.26      0.74      11.14 f
  DQPSK_CSK/add_138/U1_6/S (FADDX1_HVT)         0.55      0.25      1.17      12.31 r
  DQPSK_CSK/add_138/SUM[6] (dqpsk_csk_top_46_1024_2_6_DW01_add_0)
                                                                    0.00      12.31 r
  DQPSK_CSK/tx_imag_reg[6]/D (DFFSSRX1_HVT)               0.25      0.00      12.31 r
  data arrival time                                                           12.31

  clock clk (rise edge)                                            31.25      31.25
  clock network delay (ideal)                                       0.00      31.25
  clock uncertainty                                                -0.94      30.31
  DQPSK_CSK/tx_imag_reg[6]/CLK (DFFSSRX1_HVT)                       0.00      30.31 r
  library setup time                                               -1.11      29.20
  data required time                                                          29.20
  ------------------------------------------------------------------------------------
  data required time                                                          29.20
  data arrival time                                                          -12.31
  ------------------------------------------------------------------------------------
  slack (MET)                                                                 16.89


  Startpoint: DQPSK_CSK/CSK_GEN_DUT/csk_out_i_reg[0]
              (rising edge-triggered flip-flop clocked by clk)
  Endpoint: DQPSK_CSK/tx_real_reg[5]
            (rising edge-triggered flip-flop clocked by clk)
  Path Group: clk
  Path Type: max

  Des/Clust/Port     Wire Load Model       Library
  ------------------------------------------------
  zigbee             140000                saed32hvt_ss0p75vn40c
  dqpsk_csk_top_46_1024_2_6
                     70000                 saed32hvt_ss0p75vn40c
  dqpsk_csk_top_46_1024_2_6_DW02_mult_2
                     8000                  saed32hvt_ss0p75vn40c
  dqpsk_csk_top_46_1024_2_6_DW01_add_3
                     ForQA                 saed32hvt_ss0p75vn40c
  dqpsk_csk_top_46_1024_2_6_DW01_sub_0
                     ForQA                 saed32hvt_ss0p75vn40c

  Point                                          Cap     Trans      Incr       Path
  ------------------------------------------------------------------------------------
  clock clk (rise edge)                                             0.00       0.00
  clock network delay (ideal)                                       0.00       0.00
  DQPSK_CSK/CSK_GEN_DUT/csk_out_i_reg[0]/CLK (DFFSSRX1_HVT)
                                                          0.00      0.00 #     0.00 r
  DQPSK_CSK/CSK_GEN_DUT/csk_out_i_reg[0]/Q (DFFSSRX1_HVT)
                                                2.49      0.24      1.17       1.17 f
  DQPSK_CSK/CSK_GEN_DUT/csk_out_i[0] (CSK_GEN_WL6)                  0.00       1.17 f
  DQPSK_CSK/mult_137_2/B[0] (dqpsk_csk_top_46_1024_2_6_DW02_mult_2)
                                                                    0.00       1.17 f
  DQPSK_CSK/mult_137_2/U10/Y (INVX0_HVT)        1.35      0.17      0.26       1.43 r
  DQPSK_CSK/mult_137_2/U23/Y (AND2X1_HVT)       1.70      0.18      0.46       1.89 r
  DQPSK_CSK/mult_137_2/U22/Y (XOR2X1_HVT)       0.38      0.25      0.98       2.87 f
  DQPSK_CSK/mult_137_2/U6/Y (MUX21X1_HVT)       0.88      0.33      0.80       3.67 f
  DQPSK_CSK/mult_137_2/U48/Y (AND2X1_HVT)       0.91      0.15      0.51       4.18 f
  DQPSK_CSK/mult_137_2/FS_2/A[1] (dqpsk_csk_top_46_1024_2_6_DW01_add_3)
                                                                    0.00       4.18 f
  DQPSK_CSK/mult_137_2/FS_2/U26/Y (OR2X1_HVT)
                                                1.56      0.17      0.43       4.61 f
  DQPSK_CSK/mult_137_2/FS_2/U13/Y (NAND2X0_HVT)
                                                1.15      0.29      0.27       4.88 r
  DQPSK_CSK/mult_137_2/FS_2/U12/Y (XOR2X1_HVT)
                                                0.87      0.27      1.09       5.97 f
  DQPSK_CSK/mult_137_2/FS_2/SUM[1] (dqpsk_csk_top_46_1024_2_6_DW01_add_3)
                                                                    0.00       5.97 f
  DQPSK_CSK/mult_137_2/U55/Y (INVX0_HVT)        1.72      0.20      0.29       6.26 r
  DQPSK_CSK/mult_137_2/U27/Y (XOR2X1_HVT)       0.38      0.25      0.93       7.19 f
  DQPSK_CSK/mult_137_2/U62/Y (MUX21X1_HVT)      0.63      0.32      0.78       7.98 f
  DQPSK_CSK/mult_137_2/PRODUCT[2] (dqpsk_csk_top_46_1024_2_6_DW02_mult_2)
                                                                    0.00       7.98 f
  DQPSK_CSK/sub_137/B[2] (dqpsk_csk_top_46_1024_2_6_DW01_sub_0)     0.00       7.98 f
  DQPSK_CSK/sub_137/U8/Y (INVX1_HVT)            1.96      0.19      0.30       8.28 r
  DQPSK_CSK/sub_137/U2_2/CO (FADDX1_HVT)        1.53      0.33      0.75       9.03 r
  DQPSK_CSK/sub_137/U2_3/CO (FADDX1_HVT)        1.53      0.33      0.80       9.84 r
  DQPSK_CSK/sub_137/U2_4/CO (FADDX1_HVT)        1.53      0.33      0.80      10.64 r
  DQPSK_CSK/sub_137/U2_5/S (FADDX1_HVT)         0.41      0.24      1.17      11.81 f
  DQPSK_CSK/sub_137/DIFF[5] (dqpsk_csk_top_46_1024_2_6_DW01_sub_0)
                                                                    0.00      11.81 f
  DQPSK_CSK/tx_real_reg[5]/D (DFFSSRX1_HVT)               0.24      0.00      11.81 f
  data arrival time                                                           11.81

  clock clk (rise edge)                                            31.25      31.25
  clock network delay (ideal)                                       0.00      31.25
  clock uncertainty                                                -0.94      30.31
  DQPSK_CSK/tx_real_reg[5]/CLK (DFFSSRX1_HVT)                       0.00      30.31 r
  library setup time                                               -1.19      29.13
  data required time                                                          29.13
  ------------------------------------------------------------------------------------
  data required time                                                          29.13
  data arrival time                                                          -11.81
  ------------------------------------------------------------------------------------
  slack (MET)                                                                 17.32


  Startpoint: DQPSK_CSK/CSK_GEN_DUT/csk_out_i_reg[0]
              (rising edge-triggered flip-flop clocked by clk)
  Endpoint: DQPSK_CSK/tx_imag_reg[5]
            (rising edge-triggered flip-flop clocked by clk)
  Path Group: clk
  Path Type: max

  Des/Clust/Port     Wire Load Model       Library
  ------------------------------------------------
  zigbee             140000                saed32hvt_ss0p75vn40c
  dqpsk_csk_top_46_1024_2_6
                     70000                 saed32hvt_ss0p75vn40c
  dqpsk_csk_top_46_1024_2_6_DW02_mult_1
                     8000                  saed32hvt_ss0p75vn40c
  dqpsk_csk_top_46_1024_2_6_DW01_add_2
                     ForQA                 saed32hvt_ss0p75vn40c
  dqpsk_csk_top_46_1024_2_6_DW01_add_0
                     ForQA                 saed32hvt_ss0p75vn40c

  Point                                          Cap     Trans      Incr       Path
  ------------------------------------------------------------------------------------
  clock clk (rise edge)                                             0.00       0.00
  clock network delay (ideal)                                       0.00       0.00
  DQPSK_CSK/CSK_GEN_DUT/csk_out_i_reg[0]/CLK (DFFSSRX1_HVT)
                                                          0.00      0.00 #     0.00 r
  DQPSK_CSK/CSK_GEN_DUT/csk_out_i_reg[0]/Q (DFFSSRX1_HVT)
                                                2.49      0.24      1.17       1.17 f
  DQPSK_CSK/CSK_GEN_DUT/csk_out_i[0] (CSK_GEN_WL6)                  0.00       1.17 f
  DQPSK_CSK/mult_138/B[0] (dqpsk_csk_top_46_1024_2_6_DW02_mult_1)
                                                                    0.00       1.17 f
  DQPSK_CSK/mult_138/U10/Y (INVX0_HVT)          1.35      0.17      0.26       1.43 r
  DQPSK_CSK/mult_138/U23/Y (AND2X1_HVT)         1.70      0.18      0.46       1.89 r
  DQPSK_CSK/mult_138/U22/Y (XOR2X1_HVT)         0.38      0.25      0.98       2.87 f
  DQPSK_CSK/mult_138/U6/Y (MUX21X1_HVT)         0.88      0.33      0.80       3.67 f
  DQPSK_CSK/mult_138/U48/Y (AND2X1_HVT)         0.91      0.15      0.51       4.18 f
  DQPSK_CSK/mult_138/FS_2/A[1] (dqpsk_csk_top_46_1024_2_6_DW01_add_2)
                                                                    0.00       4.18 f
  DQPSK_CSK/mult_138/FS_2/U26/Y (OR2X1_HVT)     1.56      0.17      0.43       4.61 f
  DQPSK_CSK/mult_138/FS_2/U13/Y (NAND2X0_HVT)
                                                1.15      0.29      0.27       4.88 r
  DQPSK_CSK/mult_138/FS_2/U12/Y (XOR2X1_HVT)
                                                0.87      0.27      1.09       5.97 f
  DQPSK_CSK/mult_138/FS_2/SUM[1] (dqpsk_csk_top_46_1024_2_6_DW01_add_2)
                                                                    0.00       5.97 f
  DQPSK_CSK/mult_138/U55/Y (INVX0_HVT)          1.72      0.20      0.29       6.26 r
  DQPSK_CSK/mult_138/U27/Y (XOR2X1_HVT)         0.38      0.25      0.93       7.19 f
  DQPSK_CSK/mult_138/U62/Y (MUX21X1_HVT)        1.74      0.38      0.85       8.05 f
  DQPSK_CSK/mult_138/PRODUCT[2] (dqpsk_csk_top_46_1024_2_6_DW02_mult_1)
                                                                    0.00       8.05 f
  DQPSK_CSK/add_138/A[2] (dqpsk_csk_top_46_1024_2_6_DW01_add_0)     0.00       8.05 f
  DQPSK_CSK/add_138/U1_2/CO (FADDX1_HVT)        1.52      0.26      0.87       8.92 f
  DQPSK_CSK/add_138/U1_3/CO (FADDX1_HVT)        1.52      0.26      0.74       9.66 f
  DQPSK_CSK/add_138/U1_4/CO (FADDX1_HVT)        1.52      0.26      0.74      10.40 f
  DQPSK_CSK/add_138/U1_5/S (FADDX1_HVT)         0.55      0.25      1.17      11.57 r
  DQPSK_CSK/add_138/SUM[5] (dqpsk_csk_top_46_1024_2_6_DW01_add_0)
                                                                    0.00      11.57 r
  DQPSK_CSK/tx_imag_reg[5]/D (DFFSSRX1_HVT)               0.25      0.00      11.57 r
  data arrival time                                                           11.57

  clock clk (rise edge)                                            31.25      31.25
  clock network delay (ideal)                                       0.00      31.25
  clock uncertainty                                                -0.94      30.31
  DQPSK_CSK/tx_imag_reg[5]/CLK (DFFSSRX1_HVT)                       0.00      30.31 r
  library setup time                                               -1.11      29.20
  data required time                                                          29.20
  ------------------------------------------------------------------------------------
  data required time                                                          29.20
  data arrival time                                                          -11.57
  ------------------------------------------------------------------------------------
  slack (MET)                                                                 17.63


  Startpoint: payload_length[3]
              (input port clocked by clk)
  Endpoint: ZeroPadding/header_reg_reg[4]
            (rising edge-triggered flip-flop clocked by clk)
  Path Group: clk
  Path Type: max

  Des/Clust/Port     Wire Load Model       Library
  ------------------------------------------------
  zigbee             140000                saed32hvt_ss0p75vn40c
  zeropadding_8_46_127_12
                     8000                  saed32hvt_ss0p75vn40c

  Point                                          Cap     Trans      Incr       Path
  ------------------------------------------------------------------------------------
  clock clk (rise edge)                                             0.00       0.00
  clock network delay (ideal)                                       0.00       0.00
  input external delay                                              6.25       6.25 f
  payload_length[3] (in)                        1.65      0.00      0.00       6.25 f
  ZeroPadding/payload_length[3] (zeropadding_8_46_127_12)           0.00       6.25 f
  ZeroPadding/U19/Y (OR4X1_HVT)                 0.48      0.09      1.11       7.36 f
  ZeroPadding/U18/Y (OR4X1_HVT)                 1.28      0.12      0.97       8.33 f
  ZeroPadding/U111/Y (AOI21X1_HVT)              0.93      0.13      0.70       9.03 r
  ZeroPadding/U109/Y (NAND2X0_HVT)              2.85      0.55      0.45       9.48 f
  ZeroPadding/U108/Y (NAND2X0_HVT)              1.97      0.43      0.63      10.11 r
  ZeroPadding/U59/Y (AND3X1_HVT)                4.28      0.33      0.78      10.89 r
  ZeroPadding/U53/Y (AO222X1_HVT)               0.47      0.27      0.97      11.86 r
  ZeroPadding/header_reg_reg[4]/D (DFFX1_HVT)             0.27      0.00      11.86 r
  data arrival time                                                           11.86

  clock clk (rise edge)                                            31.25      31.25
  clock network delay (ideal)                                       0.00      31.25
  clock uncertainty                                                -0.94      30.31
  ZeroPadding/header_reg_reg[4]/CLK (DFFX1_HVT)                     0.00      30.31 r
  library setup time                                               -0.68      29.63
  data required time                                                          29.63
  ------------------------------------------------------------------------------------
  data required time                                                          29.63
  data arrival time                                                          -11.86
  ------------------------------------------------------------------------------------
  slack (MET)                                                                 17.77


  Startpoint: payload_length[3]
              (input port clocked by clk)
  Endpoint: ZeroPadding/header_reg_reg[3]
            (rising edge-triggered flip-flop clocked by clk)
  Path Group: clk
  Path Type: max

  Des/Clust/Port     Wire Load Model       Library
  ------------------------------------------------
  zigbee             140000                saed32hvt_ss0p75vn40c
  zeropadding_8_46_127_12
                     8000                  saed32hvt_ss0p75vn40c

  Point                                          Cap     Trans      Incr       Path
  ------------------------------------------------------------------------------------
  clock clk (rise edge)                                             0.00       0.00
  clock network delay (ideal)                                       0.00       0.00
  input external delay                                              6.25       6.25 f
  payload_length[3] (in)                        1.65      0.00      0.00       6.25 f
  ZeroPadding/payload_length[3] (zeropadding_8_46_127_12)           0.00       6.25 f
  ZeroPadding/U19/Y (OR4X1_HVT)                 0.48      0.09      1.11       7.36 f
  ZeroPadding/U18/Y (OR4X1_HVT)                 1.28      0.12      0.97       8.33 f
  ZeroPadding/U111/Y (AOI21X1_HVT)              0.93      0.13      0.70       9.03 r
  ZeroPadding/U109/Y (NAND2X0_HVT)              2.85      0.55      0.45       9.48 f
  ZeroPadding/U108/Y (NAND2X0_HVT)              1.97      0.43      0.63      10.11 r
  ZeroPadding/U59/Y (AND3X1_HVT)                4.28      0.33      0.78      10.89 r
  ZeroPadding/U54/Y (AO222X1_HVT)               0.47      0.27      0.97      11.86 r
  ZeroPadding/header_reg_reg[3]/D (DFFX1_HVT)             0.27      0.00      11.86 r
  data arrival time                                                           11.86

  clock clk (rise edge)                                            31.25      31.25
  clock network delay (ideal)                                       0.00      31.25
  clock uncertainty                                                -0.94      30.31
  ZeroPadding/header_reg_reg[3]/CLK (DFFX1_HVT)                     0.00      30.31 r
  library setup time                                               -0.68      29.63
  data required time                                                          29.63
  ------------------------------------------------------------------------------------
  data required time                                                          29.63
  data arrival time                                                          -11.86
  ------------------------------------------------------------------------------------
  slack (MET)                                                                 17.77


  Startpoint: payload_length[3]
              (input port clocked by clk)
  Endpoint: ZeroPadding/header_reg_reg[2]
            (rising edge-triggered flip-flop clocked by clk)
  Path Group: clk
  Path Type: max

  Des/Clust/Port     Wire Load Model       Library
  ------------------------------------------------
  zigbee             140000                saed32hvt_ss0p75vn40c
  zeropadding_8_46_127_12
                     8000                  saed32hvt_ss0p75vn40c

  Point                                          Cap     Trans      Incr       Path
  ------------------------------------------------------------------------------------
  clock clk (rise edge)                                             0.00       0.00
  clock network delay (ideal)                                       0.00       0.00
  input external delay                                              6.25       6.25 f
  payload_length[3] (in)                        1.65      0.00      0.00       6.25 f
  ZeroPadding/payload_length[3] (zeropadding_8_46_127_12)           0.00       6.25 f
  ZeroPadding/U19/Y (OR4X1_HVT)                 0.48      0.09      1.11       7.36 f
  ZeroPadding/U18/Y (OR4X1_HVT)                 1.28      0.12      0.97       8.33 f
  ZeroPadding/U111/Y (AOI21X1_HVT)              0.93      0.13      0.70       9.03 r
  ZeroPadding/U109/Y (NAND2X0_HVT)              2.85      0.55      0.45       9.48 f
  ZeroPadding/U108/Y (NAND2X0_HVT)              1.97      0.43      0.63      10.11 r
  ZeroPadding/U59/Y (AND3X1_HVT)                4.28      0.33      0.78      10.89 r
  ZeroPadding/U55/Y (AO222X1_HVT)               0.47      0.27      0.97      11.86 r
  ZeroPadding/header_reg_reg[2]/D (DFFX1_HVT)             0.27      0.00      11.86 r
  data arrival time                                                           11.86

  clock clk (rise edge)                                            31.25      31.25
  clock network delay (ideal)                                       0.00      31.25
  clock uncertainty                                                -0.94      30.31
  ZeroPadding/header_reg_reg[2]/CLK (DFFX1_HVT)                     0.00      30.31 r
  library setup time                                               -0.68      29.63
  data required time                                                          29.63
  ------------------------------------------------------------------------------------
  data required time                                                          29.63
  data arrival time                                                          -11.86
  ------------------------------------------------------------------------------------
  slack (MET)                                                                 17.77


  Startpoint: payload_length[3]
              (input port clocked by clk)
  Endpoint: ZeroPadding/header_reg_reg[1]
            (rising edge-triggered flip-flop clocked by clk)
  Path Group: clk
  Path Type: max

  Des/Clust/Port     Wire Load Model       Library
  ------------------------------------------------
  zigbee             140000                saed32hvt_ss0p75vn40c
  zeropadding_8_46_127_12
                     8000                  saed32hvt_ss0p75vn40c

  Point                                          Cap     Trans      Incr       Path
  ------------------------------------------------------------------------------------
  clock clk (rise edge)                                             0.00       0.00
  clock network delay (ideal)                                       0.00       0.00
  input external delay                                              6.25       6.25 f
  payload_length[3] (in)                        1.65      0.00      0.00       6.25 f
  ZeroPadding/payload_length[3] (zeropadding_8_46_127_12)           0.00       6.25 f
  ZeroPadding/U19/Y (OR4X1_HVT)                 0.48      0.09      1.11       7.36 f
  ZeroPadding/U18/Y (OR4X1_HVT)                 1.28      0.12      0.97       8.33 f
  ZeroPadding/U111/Y (AOI21X1_HVT)              0.93      0.13      0.70       9.03 r
  ZeroPadding/U109/Y (NAND2X0_HVT)              2.85      0.55      0.45       9.48 f
  ZeroPadding/U108/Y (NAND2X0_HVT)              1.97      0.43      0.63      10.11 r
  ZeroPadding/U59/Y (AND3X1_HVT)                4.28      0.33      0.78      10.89 r
  ZeroPadding/U56/Y (AO222X1_HVT)               0.47      0.27      0.97      11.86 r
  ZeroPadding/header_reg_reg[1]/D (DFFX1_HVT)             0.27      0.00      11.86 r
  data arrival time                                                           11.86

  clock clk (rise edge)                                            31.25      31.25
  clock network delay (ideal)                                       0.00      31.25
  clock uncertainty                                                -0.94      30.31
  ZeroPadding/header_reg_reg[1]/CLK (DFFX1_HVT)                     0.00      30.31 r
  library setup time                                               -0.68      29.63
  data required time                                                          29.63
  ------------------------------------------------------------------------------------
  data required time                                                          29.63
  data arrival time                                                          -11.86
  ------------------------------------------------------------------------------------
  slack (MET)                                                                 17.77


  Startpoint: payload_length[3]
              (input port clocked by clk)
  Endpoint: ZeroPadding/header_reg_reg[0]
            (rising edge-triggered flip-flop clocked by clk)
  Path Group: clk
  Path Type: max

  Des/Clust/Port     Wire Load Model       Library
  ------------------------------------------------
  zigbee             140000                saed32hvt_ss0p75vn40c
  zeropadding_8_46_127_12
                     8000                  saed32hvt_ss0p75vn40c

  Point                                          Cap     Trans      Incr       Path
  ------------------------------------------------------------------------------------
  clock clk (rise edge)                                             0.00       0.00
  clock network delay (ideal)                                       0.00       0.00
  input external delay                                              6.25       6.25 f
  payload_length[3] (in)                        1.65      0.00      0.00       6.25 f
  ZeroPadding/payload_length[3] (zeropadding_8_46_127_12)           0.00       6.25 f
  ZeroPadding/U19/Y (OR4X1_HVT)                 0.48      0.09      1.11       7.36 f
  ZeroPadding/U18/Y (OR4X1_HVT)                 1.28      0.12      0.97       8.33 f
  ZeroPadding/U111/Y (AOI21X1_HVT)              0.93      0.13      0.70       9.03 r
  ZeroPadding/U109/Y (NAND2X0_HVT)              2.85      0.55      0.45       9.48 f
  ZeroPadding/U108/Y (NAND2X0_HVT)              1.97      0.43      0.63      10.11 r
  ZeroPadding/U59/Y (AND3X1_HVT)                4.28      0.33      0.78      10.89 r
  ZeroPadding/U57/Y (AO222X1_HVT)               0.47      0.27      0.97      11.86 r
  ZeroPadding/header_reg_reg[0]/D (DFFX1_HVT)             0.27      0.00      11.86 r
  data arrival time                                                           11.86

  clock clk (rise edge)                                            31.25      31.25
  clock network delay (ideal)                                       0.00      31.25
  clock uncertainty                                                -0.94      30.31
  ZeroPadding/header_reg_reg[0]/CLK (DFFX1_HVT)                     0.00      30.31 r
  library setup time                                               -0.68      29.63
  data required time                                                          29.63
  ------------------------------------------------------------------------------------
  data required time                                                          29.63
  data arrival time                                                          -11.86
  ------------------------------------------------------------------------------------
  slack (MET)                                                                 17.77


  Startpoint: payload_length[3]
              (input port clocked by clk)
  Endpoint: ZeroPadding/header_reg_reg[5]
            (rising edge-triggered flip-flop clocked by clk)
  Path Group: clk
  Path Type: max

  Des/Clust/Port     Wire Load Model       Library
  ------------------------------------------------
  zigbee             140000                saed32hvt_ss0p75vn40c
  zeropadding_8_46_127_12
                     8000                  saed32hvt_ss0p75vn40c

  Point                                          Cap     Trans      Incr       Path
  ------------------------------------------------------------------------------------
  clock clk (rise edge)                                             0.00       0.00
  clock network delay (ideal)                                       0.00       0.00
  input external delay                                              6.25       6.25 f
  payload_length[3] (in)                        1.65      0.00      0.00       6.25 f
  ZeroPadding/payload_length[3] (zeropadding_8_46_127_12)           0.00       6.25 f
  ZeroPadding/U19/Y (OR4X1_HVT)                 0.48      0.09      1.11       7.36 f
  ZeroPadding/U18/Y (OR4X1_HVT)                 1.28      0.12      0.97       8.33 f
  ZeroPadding/U111/Y (AOI21X1_HVT)              0.93      0.13      0.70       9.03 r
  ZeroPadding/U109/Y (NAND2X0_HVT)              2.85      0.55      0.45       9.48 f
  ZeroPadding/U108/Y (NAND2X0_HVT)              1.97      0.43      0.63      10.11 r
  ZeroPadding/U59/Y (AND3X1_HVT)                4.28      0.33      0.78      10.89 r
  ZeroPadding/U52/Y (AO222X1_HVT)               0.47      0.27      0.97      11.86 r
  ZeroPadding/header_reg_reg[5]/D (DFFX1_HVT)             0.27      0.00      11.86 r
  data arrival time                                                           11.86

  clock clk (rise edge)                                            31.25      31.25
  clock network delay (ideal)                                       0.00      31.25
  clock uncertainty                                                -0.94      30.31
  ZeroPadding/header_reg_reg[5]/CLK (DFFX1_HVT)                     0.00      30.31 r
  library setup time                                               -0.68      29.63
  data required time                                                          29.63
  ------------------------------------------------------------------------------------
  data required time                                                          29.63
  data arrival time                                                          -11.86
  ------------------------------------------------------------------------------------
  slack (MET)                                                                 17.77


  Startpoint: payload_length[3]
              (input port clocked by clk)
  Endpoint: ZeroPadding/done_bytes_reg
            (rising edge-triggered flip-flop clocked by clk)
  Path Group: clk
  Path Type: max

  Des/Clust/Port     Wire Load Model       Library
  ------------------------------------------------
  zigbee             140000                saed32hvt_ss0p75vn40c
  zeropadding_8_46_127_12
                     8000                  saed32hvt_ss0p75vn40c

  Point                                          Cap     Trans      Incr       Path
  ------------------------------------------------------------------------------------
  clock clk (rise edge)                                             0.00       0.00
  clock network delay (ideal)                                       0.00       0.00
  input external delay                                              6.25       6.25 f
  payload_length[3] (in)                        1.65      0.00      0.00       6.25 f
  ZeroPadding/payload_length[3] (zeropadding_8_46_127_12)           0.00       6.25 f
  ZeroPadding/U19/Y (OR4X1_HVT)                 0.48      0.09      1.11       7.36 f
  ZeroPadding/U18/Y (OR4X1_HVT)                 1.28      0.12      0.97       8.33 f
  ZeroPadding/U111/Y (AOI21X1_HVT)              0.93      0.13      0.70       9.03 r
  ZeroPadding/U109/Y (NAND2X0_HVT)              2.85      0.55      0.45       9.48 f
  ZeroPadding/U108/Y (NAND2X0_HVT)              1.97      0.43      0.63      10.11 r
  ZeroPadding/U6/Y (INVX1_HVT)                  5.85      0.34      0.46      10.57 f
  ZeroPadding/U91/Y (NAND2X0_HVT)               1.11      0.29      0.41      10.98 r
  ZeroPadding/U17/Y (INVX1_HVT)                 0.39      0.14      0.21      11.19 f
  ZeroPadding/U89/Y (AO22X1_HVT)                0.44      0.16      0.57      11.75 f
  ZeroPadding/done_bytes_reg/D (DFFX1_HVT)                0.16      0.00      11.75 f
  data arrival time                                                           11.75

  clock clk (rise edge)                                            31.25      31.25
  clock network delay (ideal)                                       0.00      31.25
  clock uncertainty                                                -0.94      30.31
  ZeroPadding/done_bytes_reg/CLK (DFFX1_HVT)                        0.00      30.31 r
  library setup time                                               -0.61      29.71
  data required time                                                          29.71
  ------------------------------------------------------------------------------------
  data required time                                                          29.71
  data arrival time                                                          -11.75
  ------------------------------------------------------------------------------------
  slack (MET)                                                                 17.95


  Startpoint: payload_length[3]
              (input port clocked by clk)
  Endpoint: ZeroPadding/counter_reg[1]
            (rising edge-triggered flip-flop clocked by clk)
  Path Group: clk
  Path Type: max

  Des/Clust/Port     Wire Load Model       Library
  ------------------------------------------------
  zigbee             140000                saed32hvt_ss0p75vn40c
  zeropadding_8_46_127_12
                     8000                  saed32hvt_ss0p75vn40c

  Point                                          Cap     Trans      Incr       Path
  ------------------------------------------------------------------------------------
  clock clk (rise edge)                                             0.00       0.00
  clock network delay (ideal)                                       0.00       0.00
  input external delay                                              6.25       6.25 f
  payload_length[3] (in)                        1.65      0.00      0.00       6.25 f
  ZeroPadding/payload_length[3] (zeropadding_8_46_127_12)           0.00       6.25 f
  ZeroPadding/U19/Y (OR4X1_HVT)                 0.48      0.09      1.11       7.36 f
  ZeroPadding/U18/Y (OR4X1_HVT)                 1.28      0.12      0.97       8.33 f
  ZeroPadding/U111/Y (AOI21X1_HVT)              0.93      0.13      0.70       9.03 r
  ZeroPadding/U109/Y (NAND2X0_HVT)              2.85      0.55      0.45       9.48 f
  ZeroPadding/U108/Y (NAND2X0_HVT)              1.97      0.43      0.63      10.11 r
  ZeroPadding/U103/Y (AOI21X1_HVT)              1.67      0.15      0.69      10.80 f
  ZeroPadding/U62/Y (AO21X1_HVT)                0.41      0.17      0.35      11.15 f
  ZeroPadding/U60/Y (AO22X1_HVT)                0.44      0.16      0.60      11.75 f
  ZeroPadding/counter_reg[1]/D (DFFX1_HVT)                0.16      0.00      11.75 f
  data arrival time                                                           11.75

  clock clk (rise edge)                                            31.25      31.25
  clock network delay (ideal)                                       0.00      31.25
  clock uncertainty                                                -0.94      30.31
  ZeroPadding/counter_reg[1]/CLK (DFFX1_HVT)                        0.00      30.31 r
  library setup time                                               -0.61      29.71
  data required time                                                          29.71
  ------------------------------------------------------------------------------------
  data required time                                                          29.71
  data arrival time                                                          -11.75
  ------------------------------------------------------------------------------------
  slack (MET)                                                                 17.95


  Startpoint: payload_length[3]
              (input port clocked by clk)
  Endpoint: ZeroPadding/counter_reg[2]
            (rising edge-triggered flip-flop clocked by clk)
  Path Group: clk
  Path Type: max

  Des/Clust/Port     Wire Load Model       Library
  ------------------------------------------------
  zigbee             140000                saed32hvt_ss0p75vn40c
  zeropadding_8_46_127_12
                     8000                  saed32hvt_ss0p75vn40c

  Point                                          Cap     Trans      Incr       Path
  ------------------------------------------------------------------------------------
  clock clk (rise edge)                                             0.00       0.00
  clock network delay (ideal)                                       0.00       0.00
  input external delay                                              6.25       6.25 f
  payload_length[3] (in)                        1.65      0.00      0.00       6.25 f
  ZeroPadding/payload_length[3] (zeropadding_8_46_127_12)           0.00       6.25 f
  ZeroPadding/U19/Y (OR4X1_HVT)                 0.48      0.09      1.11       7.36 f
  ZeroPadding/U18/Y (OR4X1_HVT)                 1.28      0.12      0.97       8.33 f
  ZeroPadding/U111/Y (AOI21X1_HVT)              0.93      0.13      0.70       9.03 r
  ZeroPadding/U109/Y (NAND2X0_HVT)              2.85      0.55      0.45       9.48 f
  ZeroPadding/U108/Y (NAND2X0_HVT)              1.97      0.43      0.63      10.11 r
  ZeroPadding/U103/Y (AOI21X1_HVT)              1.67      0.15      0.69      10.80 f
  ZeroPadding/U65/Y (AO21X1_HVT)                0.41      0.17      0.35      11.15 f
  ZeroPadding/U63/Y (AO22X1_HVT)                0.44      0.16      0.60      11.75 f
  ZeroPadding/counter_reg[2]/D (DFFX1_HVT)                0.16      0.00      11.75 f
  data arrival time                                                           11.75

  clock clk (rise edge)                                            31.25      31.25
  clock network delay (ideal)                                       0.00      31.25
  clock uncertainty                                                -0.94      30.31
  ZeroPadding/counter_reg[2]/CLK (DFFX1_HVT)                        0.00      30.31 r
  library setup time                                               -0.61      29.71
  data required time                                                          29.71
  ------------------------------------------------------------------------------------
  data required time                                                          29.71
  data arrival time                                                          -11.75
  ------------------------------------------------------------------------------------
  slack (MET)                                                                 17.95


  Startpoint: payload_length[3]
              (input port clocked by clk)
  Endpoint: ZeroPadding/next_item_reg
            (rising edge-triggered flip-flop clocked by clk)
  Path Group: clk
  Path Type: max

  Des/Clust/Port     Wire Load Model       Library
  ------------------------------------------------
  zigbee             140000                saed32hvt_ss0p75vn40c
  zeropadding_8_46_127_12
                     8000                  saed32hvt_ss0p75vn40c

  Point                                          Cap     Trans      Incr       Path
  ------------------------------------------------------------------------------------
  clock clk (rise edge)                                             0.00       0.00
  clock network delay (ideal)                                       0.00       0.00
  input external delay                                              6.25       6.25 f
  payload_length[3] (in)                        1.65      0.00      0.00       6.25 f
  ZeroPadding/payload_length[3] (zeropadding_8_46_127_12)           0.00       6.25 f
  ZeroPadding/U19/Y (OR4X1_HVT)                 0.48      0.09      1.11       7.36 f
  ZeroPadding/U18/Y (OR4X1_HVT)                 1.28      0.12      0.97       8.33 f
  ZeroPadding/U111/Y (AOI21X1_HVT)              0.93      0.13      0.70       9.03 r
  ZeroPadding/U109/Y (NAND2X0_HVT)              2.85      0.55      0.45       9.48 f
  ZeroPadding/U3/Y (INVX1_HVT)                  1.33      0.27      0.43       9.91 r
  ZeroPadding/U32/Y (NAND4X0_HVT)               0.47      0.45      0.64      10.55 f
  ZeroPadding/U31/Y (NAND3X0_HVT)               1.11      0.26      0.44      10.99 r
  ZeroPadding/U15/Y (INVX1_HVT)                 0.41      0.12      0.20      11.18 f
  ZeroPadding/U29/Y (AO22X1_HVT)                0.44      0.16      0.57      11.75 f
  ZeroPadding/next_item_reg/D (DFFX1_HVT)                 0.16      0.00      11.75 f
  data arrival time                                                           11.75

  clock clk (rise edge)                                            31.25      31.25
  clock network delay (ideal)                                       0.00      31.25
  clock uncertainty                                                -0.94      30.31
  ZeroPadding/next_item_reg/CLK (DFFX1_HVT)                         0.00      30.31 r
  library setup time                                               -0.61      29.71
  data required time                                                          29.71
  ------------------------------------------------------------------------------------
  data required time                                                          29.71
  data arrival time                                                          -11.75
  ------------------------------------------------------------------------------------
  slack (MET)                                                                 17.96


  Startpoint: payload_length[3]
              (input port clocked by clk)
  Endpoint: ZeroPadding/valid_reg
            (rising edge-triggered flip-flop clocked by clk)
  Path Group: clk
  Path Type: max

  Des/Clust/Port     Wire Load Model       Library
  ------------------------------------------------
  zigbee             140000                saed32hvt_ss0p75vn40c
  zeropadding_8_46_127_12
                     8000                  saed32hvt_ss0p75vn40c

  Point                                          Cap     Trans      Incr       Path
  ------------------------------------------------------------------------------------
  clock clk (rise edge)                                             0.00       0.00
  clock network delay (ideal)                                       0.00       0.00
  input external delay                                              6.25       6.25 f
  payload_length[3] (in)                        1.65      0.00      0.00       6.25 f
  ZeroPadding/payload_length[3] (zeropadding_8_46_127_12)           0.00       6.25 f
  ZeroPadding/U19/Y (OR4X1_HVT)                 0.48      0.09      1.11       7.36 f
  ZeroPadding/U18/Y (OR4X1_HVT)                 1.28      0.12      0.97       8.33 f
  ZeroPadding/U111/Y (AOI21X1_HVT)              0.93      0.13      0.70       9.03 r
  ZeroPadding/U109/Y (NAND2X0_HVT)              2.85      0.55      0.45       9.48 f
  ZeroPadding/U108/Y (NAND2X0_HVT)              1.97      0.43      0.63      10.11 r
  ZeroPadding/U6/Y (INVX1_HVT)                  5.85      0.34      0.46      10.57 f
  ZeroPadding/U69/Y (NAND4X0_HVT)               0.51      0.23      0.37      10.94 r
  ZeroPadding/U66/Y (NAND4X0_HVT)               0.44      0.44      0.44      11.37 f
  ZeroPadding/valid_reg/D (DFFX1_HVT)                     0.44      0.00      11.37 f
  data arrival time                                                           11.37

  clock clk (rise edge)                                            31.25      31.25
  clock network delay (ideal)                                       0.00      31.25
  clock uncertainty                                                -0.94      30.31
  ZeroPadding/valid_reg/CLK (DFFX1_HVT)                             0.00      30.31 r
  library setup time                                               -0.82      29.49
  data required time                                                          29.49
  ------------------------------------------------------------------------------------
  data required time                                                          29.49
  data arrival time                                                          -11.37
  ------------------------------------------------------------------------------------
  slack (MET)                                                                 18.12


  Startpoint: DQPSK_CSK/CSK_GEN_DUT/csk_out_i_reg[0]
              (rising edge-triggered flip-flop clocked by clk)
  Endpoint: DQPSK_CSK/tx_real_reg[4]
            (rising edge-triggered flip-flop clocked by clk)
  Path Group: clk
  Path Type: max

  Des/Clust/Port     Wire Load Model       Library
  ------------------------------------------------
  zigbee             140000                saed32hvt_ss0p75vn40c
  dqpsk_csk_top_46_1024_2_6
                     70000                 saed32hvt_ss0p75vn40c
  dqpsk_csk_top_46_1024_2_6_DW02_mult_2
                     8000                  saed32hvt_ss0p75vn40c
  dqpsk_csk_top_46_1024_2_6_DW01_add_3
                     ForQA                 saed32hvt_ss0p75vn40c
  dqpsk_csk_top_46_1024_2_6_DW01_sub_0
                     ForQA                 saed32hvt_ss0p75vn40c

  Point                                          Cap     Trans      Incr       Path
  ------------------------------------------------------------------------------------
  clock clk (rise edge)                                             0.00       0.00
  clock network delay (ideal)                                       0.00       0.00
  DQPSK_CSK/CSK_GEN_DUT/csk_out_i_reg[0]/CLK (DFFSSRX1_HVT)
                                                          0.00      0.00 #     0.00 r
  DQPSK_CSK/CSK_GEN_DUT/csk_out_i_reg[0]/Q (DFFSSRX1_HVT)
                                                2.49      0.24      1.17       1.17 f
  DQPSK_CSK/CSK_GEN_DUT/csk_out_i[0] (CSK_GEN_WL6)                  0.00       1.17 f
  DQPSK_CSK/mult_137_2/B[0] (dqpsk_csk_top_46_1024_2_6_DW02_mult_2)
                                                                    0.00       1.17 f
  DQPSK_CSK/mult_137_2/U10/Y (INVX0_HVT)        1.35      0.17      0.26       1.43 r
  DQPSK_CSK/mult_137_2/U23/Y (AND2X1_HVT)       1.70      0.18      0.46       1.89 r
  DQPSK_CSK/mult_137_2/U22/Y (XOR2X1_HVT)       0.38      0.25      0.98       2.87 f
  DQPSK_CSK/mult_137_2/U6/Y (MUX21X1_HVT)       0.88      0.33      0.80       3.67 f
  DQPSK_CSK/mult_137_2/U48/Y (AND2X1_HVT)       0.91      0.15      0.51       4.18 f
  DQPSK_CSK/mult_137_2/FS_2/A[1] (dqpsk_csk_top_46_1024_2_6_DW01_add_3)
                                                                    0.00       4.18 f
  DQPSK_CSK/mult_137_2/FS_2/U26/Y (OR2X1_HVT)
                                                1.56      0.17      0.43       4.61 f
  DQPSK_CSK/mult_137_2/FS_2/U13/Y (NAND2X0_HVT)
                                                1.15      0.29      0.27       4.88 r
  DQPSK_CSK/mult_137_2/FS_2/U12/Y (XOR2X1_HVT)
                                                0.87      0.27      1.09       5.97 f
  DQPSK_CSK/mult_137_2/FS_2/SUM[1] (dqpsk_csk_top_46_1024_2_6_DW01_add_3)
                                                                    0.00       5.97 f
  DQPSK_CSK/mult_137_2/U55/Y (INVX0_HVT)        1.72      0.20      0.29       6.26 r
  DQPSK_CSK/mult_137_2/U27/Y (XOR2X1_HVT)       0.38      0.25      0.93       7.19 f
  DQPSK_CSK/mult_137_2/U62/Y (MUX21X1_HVT)      0.63      0.32      0.78       7.98 f
  DQPSK_CSK/mult_137_2/PRODUCT[2] (dqpsk_csk_top_46_1024_2_6_DW02_mult_2)
                                                                    0.00       7.98 f
  DQPSK_CSK/sub_137/B[2] (dqpsk_csk_top_46_1024_2_6_DW01_sub_0)     0.00       7.98 f
  DQPSK_CSK/sub_137/U8/Y (INVX1_HVT)            1.96      0.19      0.30       8.28 r
  DQPSK_CSK/sub_137/U2_2/CO (FADDX1_HVT)        1.53      0.33      0.75       9.03 r
  DQPSK_CSK/sub_137/U2_3/CO (FADDX1_HVT)        1.53      0.33      0.80       9.84 r
  DQPSK_CSK/sub_137/U2_4/S (FADDX1_HVT)         0.41      0.24      1.17      11.00 f
  DQPSK_CSK/sub_137/DIFF[4] (dqpsk_csk_top_46_1024_2_6_DW01_sub_0)
                                                                    0.00      11.00 f
  DQPSK_CSK/tx_real_reg[4]/D (DFFSSRX1_HVT)               0.24      0.00      11.00 f
  data arrival time                                                           11.00

  clock clk (rise edge)                                            31.25      31.25
  clock network delay (ideal)                                       0.00      31.25
  clock uncertainty                                                -0.94      30.31
  DQPSK_CSK/tx_real_reg[4]/CLK (DFFSSRX1_HVT)                       0.00      30.31 r
  library setup time                                               -1.19      29.13
  data required time                                                          29.13
  ------------------------------------------------------------------------------------
  data required time                                                          29.13
  data arrival time                                                          -11.00
  ------------------------------------------------------------------------------------
  slack (MET)                                                                 18.12


  Startpoint: payload_length[3]
              (input port clocked by clk)
  Endpoint: ZeroPadding/header_reg_reg[9]
            (rising edge-triggered flip-flop clocked by clk)
  Path Group: clk
  Path Type: max

  Des/Clust/Port     Wire Load Model       Library
  ------------------------------------------------
  zigbee             140000                saed32hvt_ss0p75vn40c
  zeropadding_8_46_127_12
                     8000                  saed32hvt_ss0p75vn40c

  Point                                          Cap     Trans      Incr       Path
  ------------------------------------------------------------------------------------
  clock clk (rise edge)                                             0.00       0.00
  clock network delay (ideal)                                       0.00       0.00
  input external delay                                              6.25       6.25 f
  payload_length[3] (in)                        1.65      0.00      0.00       6.25 f
  ZeroPadding/payload_length[3] (zeropadding_8_46_127_12)           0.00       6.25 f
  ZeroPadding/U19/Y (OR4X1_HVT)                 0.48      0.09      1.11       7.36 f
  ZeroPadding/U18/Y (OR4X1_HVT)                 1.28      0.12      0.97       8.33 f
  ZeroPadding/U111/Y (AOI21X1_HVT)              0.93      0.13      0.70       9.03 r
  ZeroPadding/U109/Y (NAND2X0_HVT)              2.85      0.55      0.45       9.48 f
  ZeroPadding/U108/Y (NAND2X0_HVT)              1.97      0.43      0.63      10.11 r
  ZeroPadding/U59/Y (AND3X1_HVT)                4.28      0.33      0.78      10.89 r
  ZeroPadding/U48/Y (AO22X1_HVT)                0.47      0.19      0.64      11.53 r
  ZeroPadding/header_reg_reg[9]/D (DFFX1_HVT)             0.19      0.00      11.53 r
  data arrival time                                                           11.53

  clock clk (rise edge)                                            31.25      31.25
  clock network delay (ideal)                                       0.00      31.25
  clock uncertainty                                                -0.94      30.31
  ZeroPadding/header_reg_reg[9]/CLK (DFFX1_HVT)                     0.00      30.31 r
  library setup time                                               -0.62      29.69
  data required time                                                          29.69
  ------------------------------------------------------------------------------------
  data required time                                                          29.69
  data arrival time                                                          -11.53
  ------------------------------------------------------------------------------------
  slack (MET)                                                                 18.16


  Startpoint: payload_length[3]
              (input port clocked by clk)
  Endpoint: ZeroPadding/header_reg_reg[8]
            (rising edge-triggered flip-flop clocked by clk)
  Path Group: clk
  Path Type: max

  Des/Clust/Port     Wire Load Model       Library
  ------------------------------------------------
  zigbee             140000                saed32hvt_ss0p75vn40c
  zeropadding_8_46_127_12
                     8000                  saed32hvt_ss0p75vn40c

  Point                                          Cap     Trans      Incr       Path
  ------------------------------------------------------------------------------------
  clock clk (rise edge)                                             0.00       0.00
  clock network delay (ideal)                                       0.00       0.00
  input external delay                                              6.25       6.25 f
  payload_length[3] (in)                        1.65      0.00      0.00       6.25 f
  ZeroPadding/payload_length[3] (zeropadding_8_46_127_12)           0.00       6.25 f
  ZeroPadding/U19/Y (OR4X1_HVT)                 0.48      0.09      1.11       7.36 f
  ZeroPadding/U18/Y (OR4X1_HVT)                 1.28      0.12      0.97       8.33 f
  ZeroPadding/U111/Y (AOI21X1_HVT)              0.93      0.13      0.70       9.03 r
  ZeroPadding/U109/Y (NAND2X0_HVT)              2.85      0.55      0.45       9.48 f
  ZeroPadding/U108/Y (NAND2X0_HVT)              1.97      0.43      0.63      10.11 r
  ZeroPadding/U59/Y (AND3X1_HVT)                4.28      0.33      0.78      10.89 r
  ZeroPadding/U49/Y (AO22X1_HVT)                0.47      0.19      0.64      11.53 r
  ZeroPadding/header_reg_reg[8]/D (DFFX1_HVT)             0.19      0.00      11.53 r
  data arrival time                                                           11.53

  clock clk (rise edge)                                            31.25      31.25
  clock network delay (ideal)                                       0.00      31.25
  clock uncertainty                                                -0.94      30.31
  ZeroPadding/header_reg_reg[8]/CLK (DFFX1_HVT)                     0.00      30.31 r
  library setup time                                               -0.62      29.69
  data required time                                                          29.69
  ------------------------------------------------------------------------------------
  data required time                                                          29.69
  data arrival time                                                          -11.53
  ------------------------------------------------------------------------------------
  slack (MET)                                                                 18.16


  Startpoint: payload_length[3]
              (input port clocked by clk)
  Endpoint: ZeroPadding/header_reg_reg[7]
            (rising edge-triggered flip-flop clocked by clk)
  Path Group: clk
  Path Type: max

  Des/Clust/Port     Wire Load Model       Library
  ------------------------------------------------
  zigbee             140000                saed32hvt_ss0p75vn40c
  zeropadding_8_46_127_12
                     8000                  saed32hvt_ss0p75vn40c

  Point                                          Cap     Trans      Incr       Path
  ------------------------------------------------------------------------------------
  clock clk (rise edge)                                             0.00       0.00
  clock network delay (ideal)                                       0.00       0.00
  input external delay                                              6.25       6.25 f
  payload_length[3] (in)                        1.65      0.00      0.00       6.25 f
  ZeroPadding/payload_length[3] (zeropadding_8_46_127_12)           0.00       6.25 f
  ZeroPadding/U19/Y (OR4X1_HVT)                 0.48      0.09      1.11       7.36 f
  ZeroPadding/U18/Y (OR4X1_HVT)                 1.28      0.12      0.97       8.33 f
  ZeroPadding/U111/Y (AOI21X1_HVT)              0.93      0.13      0.70       9.03 r
  ZeroPadding/U109/Y (NAND2X0_HVT)              2.85      0.55      0.45       9.48 f
  ZeroPadding/U108/Y (NAND2X0_HVT)              1.97      0.43      0.63      10.11 r
  ZeroPadding/U59/Y (AND3X1_HVT)                4.28      0.33      0.78      10.89 r
  ZeroPadding/U50/Y (AO22X1_HVT)                0.47      0.19      0.64      11.53 r
  ZeroPadding/header_reg_reg[7]/D (DFFX1_HVT)             0.19      0.00      11.53 r
  data arrival time                                                           11.53

  clock clk (rise edge)                                            31.25      31.25
  clock network delay (ideal)                                       0.00      31.25
  clock uncertainty                                                -0.94      30.31
  ZeroPadding/header_reg_reg[7]/CLK (DFFX1_HVT)                     0.00      30.31 r
  library setup time                                               -0.62      29.69
  data required time                                                          29.69
  ------------------------------------------------------------------------------------
  data required time                                                          29.69
  data arrival time                                                          -11.53
  ------------------------------------------------------------------------------------
  slack (MET)                                                                 18.16


  Startpoint: payload_length[3]
              (input port clocked by clk)
  Endpoint: ZeroPadding/header_reg_reg[6]
            (rising edge-triggered flip-flop clocked by clk)
  Path Group: clk
  Path Type: max

  Des/Clust/Port     Wire Load Model       Library
  ------------------------------------------------
  zigbee             140000                saed32hvt_ss0p75vn40c
  zeropadding_8_46_127_12
                     8000                  saed32hvt_ss0p75vn40c

  Point                                          Cap     Trans      Incr       Path
  ------------------------------------------------------------------------------------
  clock clk (rise edge)                                             0.00       0.00
  clock network delay (ideal)                                       0.00       0.00
  input external delay                                              6.25       6.25 f
  payload_length[3] (in)                        1.65      0.00      0.00       6.25 f
  ZeroPadding/payload_length[3] (zeropadding_8_46_127_12)           0.00       6.25 f
  ZeroPadding/U19/Y (OR4X1_HVT)                 0.48      0.09      1.11       7.36 f
  ZeroPadding/U18/Y (OR4X1_HVT)                 1.28      0.12      0.97       8.33 f
  ZeroPadding/U111/Y (AOI21X1_HVT)              0.93      0.13      0.70       9.03 r
  ZeroPadding/U109/Y (NAND2X0_HVT)              2.85      0.55      0.45       9.48 f
  ZeroPadding/U108/Y (NAND2X0_HVT)              1.97      0.43      0.63      10.11 r
  ZeroPadding/U59/Y (AND3X1_HVT)                4.28      0.33      0.78      10.89 r
  ZeroPadding/U51/Y (AO22X1_HVT)                0.47      0.19      0.64      11.53 r
  ZeroPadding/header_reg_reg[6]/D (DFFX1_HVT)             0.19      0.00      11.53 r
  data arrival time                                                           11.53

  clock clk (rise edge)                                            31.25      31.25
  clock network delay (ideal)                                       0.00      31.25
  clock uncertainty                                                -0.94      30.31
  ZeroPadding/header_reg_reg[6]/CLK (DFFX1_HVT)                     0.00      30.31 r
  library setup time                                               -0.62      29.69
  data required time                                                          29.69
  ------------------------------------------------------------------------------------
  data required time                                                          29.69
  data arrival time                                                          -11.53
  ------------------------------------------------------------------------------------
  slack (MET)                                                                 18.16


  Startpoint: DQPSK_CSK/CSK_GEN_DUT/addr_ptr_reg[5]
              (rising edge-triggered flip-flop clocked by clk)
  Endpoint: DQPSK_CSK/CSK_GEN_DUT/csk_out_r_reg[4]
            (rising edge-triggered flip-flop clocked by clk)
  Path Group: clk
  Path Type: max

  Des/Clust/Port     Wire Load Model       Library
  ------------------------------------------------
  zigbee             140000                saed32hvt_ss0p75vn40c
  CSK_GEN_WL6        8000                  saed32hvt_ss0p75vn40c

  Point                                          Cap     Trans      Incr       Path
  ------------------------------------------------------------------------------------
  clock clk (rise edge)                                             0.00       0.00
  clock network delay (ideal)                                       0.00       0.00
  DQPSK_CSK/CSK_GEN_DUT/addr_ptr_reg[5]/CLK (DFFX1_HVT)
                                                          0.00      0.00 #     0.00 r
  DQPSK_CSK/CSK_GEN_DUT/addr_ptr_reg[5]/Q (DFFX1_HVT)
                                                2.52      0.21      1.09       1.09 f
  DQPSK_CSK/CSK_GEN_DUT/U318/Y (AND3X1_HVT)     0.81      0.20      0.50       1.59 f
  DQPSK_CSK/CSK_GEN_DUT/U268/Y (NAND2X0_HVT)
                                                2.97      0.53      0.41       2.00 r
  DQPSK_CSK/CSK_GEN_DUT/U5/Y (INVX1_HVT)        3.40      0.31      0.46       2.47 f
  DQPSK_CSK/CSK_GEN_DUT/U262/Y (NAND2X0_HVT)
                                                0.82      0.25      0.36       2.83 r
  DQPSK_CSK/CSK_GEN_DUT/U148/Y (AND4X1_HVT)     1.20      0.29      0.98       3.81 r
  DQPSK_CSK/CSK_GEN_DUT/U145/Y (AND4X1_HVT)     0.38      0.26      0.88       4.68 r
  DQPSK_CSK/CSK_GEN_DUT/U144/Y (AND4X1_HVT)     0.79      0.28      0.97       5.65 r
  DQPSK_CSK/CSK_GEN_DUT/U134/Y (AND3X1_HVT)     0.79      0.21      0.69       6.34 r
  DQPSK_CSK/CSK_GEN_DUT/U133/Y (OA21X1_HVT)     0.38      0.17      0.46       6.80 r
  DQPSK_CSK/CSK_GEN_DUT/U131/Y (AND4X1_HVT)     0.47      0.27      0.86       7.66 r
  DQPSK_CSK/CSK_GEN_DUT/U130/Y (NAND4X0_HVT)
                                                0.98      0.58      0.76       8.43 f
  DQPSK_CSK/CSK_GEN_DUT/U129/Y (INVX0_HVT)      0.44      0.26      0.43       8.85 r
  DQPSK_CSK/CSK_GEN_DUT/U126/Y (NAND3X0_HVT)
                                                0.49      0.33      0.46       9.32 f
  DQPSK_CSK/CSK_GEN_DUT/U104/Y (OR3X1_HVT)      1.21      0.21      0.81      10.13 f
  DQPSK_CSK/CSK_GEN_DUT/U32/Y (INVX0_HVT)       0.44      0.11      0.20      10.33 r
  DQPSK_CSK/CSK_GEN_DUT/U31/Y (AND2X1_HVT)      0.47      0.14      0.38      10.71 r
  DQPSK_CSK/CSK_GEN_DUT/csk_out_r_reg[4]/SETB (DFFSSRX1_HVT)
                                                          0.14      0.00      10.71 r
  data arrival time                                                           10.71

  clock clk (rise edge)                                            31.25      31.25
  clock network delay (ideal)                                       0.00      31.25
  clock uncertainty                                                -0.94      30.31
  DQPSK_CSK/CSK_GEN_DUT/csk_out_r_reg[4]/CLK (DFFSSRX1_HVT)         0.00      30.31 r
  library setup time                                               -1.41      28.90
  data required time                                                          28.90
  ------------------------------------------------------------------------------------
  data required time                                                          28.90
  data arrival time                                                          -10.71
  ------------------------------------------------------------------------------------
  slack (MET)                                                                 18.19


  Startpoint: payload_length[3]
              (input port clocked by clk)
  Endpoint: ZeroPadding/counter_reg[3]
            (rising edge-triggered flip-flop clocked by clk)
  Path Group: clk
  Path Type: max

  Des/Clust/Port     Wire Load Model       Library
  ------------------------------------------------
  zigbee             140000                saed32hvt_ss0p75vn40c
  zeropadding_8_46_127_12
                     8000                  saed32hvt_ss0p75vn40c

  Point                                          Cap     Trans      Incr       Path
  ------------------------------------------------------------------------------------
  clock clk (rise edge)                                             0.00       0.00
  clock network delay (ideal)                                       0.00       0.00
  input external delay                                              6.25       6.25 f
  payload_length[3] (in)                        1.65      0.00      0.00       6.25 f
  ZeroPadding/payload_length[3] (zeropadding_8_46_127_12)           0.00       6.25 f
  ZeroPadding/U19/Y (OR4X1_HVT)                 0.48      0.09      1.11       7.36 f
  ZeroPadding/U18/Y (OR4X1_HVT)                 1.28      0.12      0.97       8.33 f
  ZeroPadding/U111/Y (AOI21X1_HVT)              0.93      0.13      0.70       9.03 r
  ZeroPadding/U109/Y (NAND2X0_HVT)              2.85      0.55      0.45       9.48 f
  ZeroPadding/U108/Y (NAND2X0_HVT)              1.97      0.43      0.63      10.11 r
  ZeroPadding/U103/Y (AOI21X1_HVT)              1.67      0.15      0.69      10.80 f
  ZeroPadding/U94/Y (AO22X1_HVT)                0.44      0.16      0.58      11.38 f
  ZeroPadding/counter_reg[3]/D (DFFX1_HVT)                0.16      0.00      11.38 f
  data arrival time                                                           11.38

  clock clk (rise edge)                                            31.25      31.25
  clock network delay (ideal)                                       0.00      31.25
  clock uncertainty                                                -0.94      30.31
  ZeroPadding/counter_reg[3]/CLK (DFFX1_HVT)                        0.00      30.31 r
  library setup time                                               -0.61      29.71
  data required time                                                          29.71
  ------------------------------------------------------------------------------------
  data required time                                                          29.71
  data arrival time                                                          -11.38
  ------------------------------------------------------------------------------------
  slack (MET)                                                                 18.32


  Startpoint: payload_length[3]
              (input port clocked by clk)
  Endpoint: ZeroPadding/counter_reg[0]
            (rising edge-triggered flip-flop clocked by clk)
  Path Group: clk
  Path Type: max

  Des/Clust/Port     Wire Load Model       Library
  ------------------------------------------------
  zigbee             140000                saed32hvt_ss0p75vn40c
  zeropadding_8_46_127_12
                     8000                  saed32hvt_ss0p75vn40c

  Point                                          Cap     Trans      Incr       Path
  ------------------------------------------------------------------------------------
  clock clk (rise edge)                                             0.00       0.00
  clock network delay (ideal)                                       0.00       0.00
  input external delay                                              6.25       6.25 f
  payload_length[3] (in)                        1.65      0.00      0.00       6.25 f
  ZeroPadding/payload_length[3] (zeropadding_8_46_127_12)           0.00       6.25 f
  ZeroPadding/U19/Y (OR4X1_HVT)                 0.48      0.09      1.11       7.36 f
  ZeroPadding/U18/Y (OR4X1_HVT)                 1.28      0.12      0.97       8.33 f
  ZeroPadding/U111/Y (AOI21X1_HVT)              0.93      0.13      0.70       9.03 r
  ZeroPadding/U109/Y (NAND2X0_HVT)              2.85      0.55      0.45       9.48 f
  ZeroPadding/U108/Y (NAND2X0_HVT)              1.97      0.43      0.63      10.11 r
  ZeroPadding/U103/Y (AOI21X1_HVT)              1.67      0.15      0.69      10.80 f
  ZeroPadding/U96/Y (AO22X1_HVT)                0.44      0.16      0.58      11.38 f
  ZeroPadding/counter_reg[0]/D (DFFX1_HVT)                0.16      0.00      11.38 f
  data arrival time                                                           11.38

  clock clk (rise edge)                                            31.25      31.25
  clock network delay (ideal)                                       0.00      31.25
  clock uncertainty                                                -0.94      30.31
  ZeroPadding/counter_reg[0]/CLK (DFFX1_HVT)                        0.00      30.31 r
  library setup time                                               -0.61      29.71
  data required time                                                          29.71
  ------------------------------------------------------------------------------------
  data required time                                                          29.71
  data arrival time                                                          -11.38
  ------------------------------------------------------------------------------------
  slack (MET)                                                                 18.32


  Startpoint: DQPSK_CSK/CSK_GEN_DUT/csk_out_i_reg[0]
              (rising edge-triggered flip-flop clocked by clk)
  Endpoint: DQPSK_CSK/tx_imag_reg[4]
            (rising edge-triggered flip-flop clocked by clk)
  Path Group: clk
  Path Type: max

  Des/Clust/Port     Wire Load Model       Library
  ------------------------------------------------
  zigbee             140000                saed32hvt_ss0p75vn40c
  dqpsk_csk_top_46_1024_2_6
                     70000                 saed32hvt_ss0p75vn40c
  dqpsk_csk_top_46_1024_2_6_DW02_mult_1
                     8000                  saed32hvt_ss0p75vn40c
  dqpsk_csk_top_46_1024_2_6_DW01_add_2
                     ForQA                 saed32hvt_ss0p75vn40c
  dqpsk_csk_top_46_1024_2_6_DW01_add_0
                     ForQA                 saed32hvt_ss0p75vn40c

  Point                                          Cap     Trans      Incr       Path
  ------------------------------------------------------------------------------------
  clock clk (rise edge)                                             0.00       0.00
  clock network delay (ideal)                                       0.00       0.00
  DQPSK_CSK/CSK_GEN_DUT/csk_out_i_reg[0]/CLK (DFFSSRX1_HVT)
                                                          0.00      0.00 #     0.00 r
  DQPSK_CSK/CSK_GEN_DUT/csk_out_i_reg[0]/Q (DFFSSRX1_HVT)
                                                2.49      0.24      1.17       1.17 f
  DQPSK_CSK/CSK_GEN_DUT/csk_out_i[0] (CSK_GEN_WL6)                  0.00       1.17 f
  DQPSK_CSK/mult_138/B[0] (dqpsk_csk_top_46_1024_2_6_DW02_mult_1)
                                                                    0.00       1.17 f
  DQPSK_CSK/mult_138/U10/Y (INVX0_HVT)          1.35      0.17      0.26       1.43 r
  DQPSK_CSK/mult_138/U23/Y (AND2X1_HVT)         1.70      0.18      0.46       1.89 r
  DQPSK_CSK/mult_138/U22/Y (XOR2X1_HVT)         0.38      0.25      0.98       2.87 f
  DQPSK_CSK/mult_138/U6/Y (MUX21X1_HVT)         0.88      0.33      0.80       3.67 f
  DQPSK_CSK/mult_138/U48/Y (AND2X1_HVT)         0.91      0.15      0.51       4.18 f
  DQPSK_CSK/mult_138/FS_2/A[1] (dqpsk_csk_top_46_1024_2_6_DW01_add_2)
                                                                    0.00       4.18 f
  DQPSK_CSK/mult_138/FS_2/U26/Y (OR2X1_HVT)     1.56      0.17      0.43       4.61 f
  DQPSK_CSK/mult_138/FS_2/U13/Y (NAND2X0_HVT)
                                                1.15      0.29      0.27       4.88 r
  DQPSK_CSK/mult_138/FS_2/U12/Y (XOR2X1_HVT)
                                                0.87      0.27      1.09       5.97 f
  DQPSK_CSK/mult_138/FS_2/SUM[1] (dqpsk_csk_top_46_1024_2_6_DW01_add_2)
                                                                    0.00       5.97 f
  DQPSK_CSK/mult_138/U55/Y (INVX0_HVT)          1.72      0.20      0.29       6.26 r
  DQPSK_CSK/mult_138/U27/Y (XOR2X1_HVT)         0.38      0.25      0.93       7.19 f
  DQPSK_CSK/mult_138/U62/Y (MUX21X1_HVT)        1.74      0.38      0.85       8.05 f
  DQPSK_CSK/mult_138/PRODUCT[2] (dqpsk_csk_top_46_1024_2_6_DW02_mult_1)
                                                                    0.00       8.05 f
  DQPSK_CSK/add_138/A[2] (dqpsk_csk_top_46_1024_2_6_DW01_add_0)     0.00       8.05 f
  DQPSK_CSK/add_138/U1_2/CO (FADDX1_HVT)        1.52      0.26      0.87       8.92 f
  DQPSK_CSK/add_138/U1_3/CO (FADDX1_HVT)        1.52      0.26      0.74       9.66 f
  DQPSK_CSK/add_138/U1_4/S (FADDX1_HVT)         0.55      0.25      1.17      10.83 r
  DQPSK_CSK/add_138/SUM[4] (dqpsk_csk_top_46_1024_2_6_DW01_add_0)
                                                                    0.00      10.83 r
  DQPSK_CSK/tx_imag_reg[4]/D (DFFSSRX1_HVT)               0.25      0.00      10.83 r
  data arrival time                                                           10.83

  clock clk (rise edge)                                            31.25      31.25
  clock network delay (ideal)                                       0.00      31.25
  clock uncertainty                                                -0.94      30.31
  DQPSK_CSK/tx_imag_reg[4]/CLK (DFFSSRX1_HVT)                       0.00      30.31 r
  library setup time                                               -1.11      29.20
  data required time                                                          29.20
  ------------------------------------------------------------------------------------
  data required time                                                          29.20
  data arrival time                                                          -10.83
  ------------------------------------------------------------------------------------
  slack (MET)                                                                 18.37


  Startpoint: payload_length[3]
              (input port clocked by clk)
  Endpoint: ZeroPadding/header_done_reg
            (rising edge-triggered flip-flop clocked by clk)
  Path Group: clk
  Path Type: max

  Des/Clust/Port     Wire Load Model       Library
  ------------------------------------------------
  zigbee             140000                saed32hvt_ss0p75vn40c
  zeropadding_8_46_127_12
                     8000                  saed32hvt_ss0p75vn40c

  Point                                          Cap     Trans      Incr       Path
  ------------------------------------------------------------------------------------
  clock clk (rise edge)                                             0.00       0.00
  clock network delay (ideal)                                       0.00       0.00
  input external delay                                              6.25       6.25 f
  payload_length[3] (in)                        1.65      0.00      0.00       6.25 f
  ZeroPadding/payload_length[3] (zeropadding_8_46_127_12)           0.00       6.25 f
  ZeroPadding/U19/Y (OR4X1_HVT)                 0.48      0.09      1.11       7.36 f
  ZeroPadding/U18/Y (OR4X1_HVT)                 1.28      0.12      0.97       8.33 f
  ZeroPadding/U111/Y (AOI21X1_HVT)              0.93      0.13      0.70       9.03 r
  ZeroPadding/U109/Y (NAND2X0_HVT)              2.85      0.55      0.45       9.48 f
  ZeroPadding/U90/Y (OR2X1_HVT)                 0.85      0.15      0.66      10.14 f
  ZeroPadding/U83/Y (NAND3X0_HVT)               1.11      0.22      0.22      10.36 r
  ZeroPadding/U20/Y (INVX1_HVT)                 0.39      0.11      0.18      10.53 f
  ZeroPadding/U82/Y (AO22X1_HVT)                0.44      0.16      0.54      11.08 f
  ZeroPadding/header_done_reg/D (DFFX1_HVT)               0.16      0.00      11.08 f
  data arrival time                                                           11.08

  clock clk (rise edge)                                            31.25      31.25
  clock network delay (ideal)                                       0.00      31.25
  clock uncertainty                                                -0.94      30.31
  ZeroPadding/header_done_reg/CLK (DFFX1_HVT)                       0.00      30.31 r
  library setup time                                               -0.61      29.71
  data required time                                                          29.71
  ------------------------------------------------------------------------------------
  data required time                                                          29.71
  data arrival time                                                          -11.08
  ------------------------------------------------------------------------------------
  slack (MET)                                                                 18.63


  Startpoint: payload_length[3]
              (input port clocked by clk)
  Endpoint: ZeroPadding/header_reg_reg[10]
            (rising edge-triggered flip-flop clocked by clk)
  Path Group: clk
  Path Type: max

  Des/Clust/Port     Wire Load Model       Library
  ------------------------------------------------
  zigbee             140000                saed32hvt_ss0p75vn40c
  zeropadding_8_46_127_12
                     8000                  saed32hvt_ss0p75vn40c

  Point                                          Cap     Trans      Incr       Path
  ------------------------------------------------------------------------------------
  clock clk (rise edge)                                             0.00       0.00
  clock network delay (ideal)                                       0.00       0.00
  input external delay                                              6.25       6.25 f
  payload_length[3] (in)                        1.65      0.00      0.00       6.25 f
  ZeroPadding/payload_length[3] (zeropadding_8_46_127_12)           0.00       6.25 f
  ZeroPadding/U19/Y (OR4X1_HVT)                 0.48      0.09      1.11       7.36 f
  ZeroPadding/U18/Y (OR4X1_HVT)                 1.28      0.12      0.97       8.33 f
  ZeroPadding/U111/Y (AOI21X1_HVT)              0.93      0.13      0.70       9.03 r
  ZeroPadding/U109/Y (NAND2X0_HVT)              2.85      0.55      0.45       9.48 f
  ZeroPadding/U108/Y (NAND2X0_HVT)              1.97      0.43      0.63      10.11 r
  ZeroPadding/U6/Y (INVX1_HVT)                  5.85      0.34      0.46      10.57 f
  ZeroPadding/U47/Y (AND2X1_HVT)                0.44      0.14      0.50      11.07 f
  ZeroPadding/header_reg_reg[10]/D (DFFX1_HVT)            0.14      0.00      11.07 f
  data arrival time                                                           11.07

  clock clk (rise edge)                                            31.25      31.25
  clock network delay (ideal)                                       0.00      31.25
  clock uncertainty                                                -0.94      30.31
  ZeroPadding/header_reg_reg[10]/CLK (DFFX1_HVT)                    0.00      30.31 r
  library setup time                                               -0.59      29.72
  data required time                                                          29.72
  ------------------------------------------------------------------------------------
  data required time                                                          29.72
  data arrival time                                                          -11.07
  ------------------------------------------------------------------------------------
  slack (MET)                                                                 18.65


  Startpoint: payload_length[0]
              (input port clocked by clk)
  Endpoint: PayLoad_Counter/counter_reg[0]
            (rising edge-triggered flip-flop clocked by clk)
  Path Group: clk
  Path Type: max

  Des/Clust/Port     Wire Load Model       Library
  ------------------------------------------------
  zigbee             140000                saed32hvt_ss0p75vn40c
  payload_counter_payload_w8_max_payload_length127
                     8000                  saed32hvt_ss0p75vn40c

  Point                                          Cap     Trans      Incr       Path
  ------------------------------------------------------------------------------------
  clock clk (rise edge)                                             0.00       0.00
  clock network delay (ideal)                                       0.00       0.00
  input external delay                                              6.25       6.25 r
  payload_length[0] (in)                        1.94      0.00      0.00       6.25 r
  PayLoad_Counter/payload_length[0] (payload_counter_payload_w8_max_payload_length127)
                                                                    0.00       6.25 r
  PayLoad_Counter/U36/Y (NOR2X0_HVT)            0.81      0.13      0.34       6.59 f
  PayLoad_Counter/U37/Y (OA22X1_HVT)            0.46      0.21      0.66       7.25 f
  PayLoad_Counter/U42/Y (NOR4X0_HVT)            0.47      0.13      1.19       8.44 r
  PayLoad_Counter/U43/Y (NAND4X0_HVT)           1.03      0.60      0.67       9.11 f
  PayLoad_Counter/U10/Y (INVX1_HVT)             0.42      0.27      0.41       9.52 r
  PayLoad_Counter/U27/Y (AO22X1_HVT)            2.90      0.29      0.67      10.19 r
  PayLoad_Counter/U25/Y (AO22X1_HVT)            0.47      0.19      0.68      10.87 r
  PayLoad_Counter/counter_reg[0]/D (DFFX1_HVT)            0.19      0.00      10.87 r
  data arrival time                                                           10.87

  clock clk (rise edge)                                            31.25      31.25
  clock network delay (ideal)                                       0.00      31.25
  clock uncertainty                                                -0.94      30.31
  PayLoad_Counter/counter_reg[0]/CLK (DFFX1_HVT)                    0.00      30.31 r
  library setup time                                               -0.62      29.69
  data required time                                                          29.69
  ------------------------------------------------------------------------------------
  data required time                                                          29.69
  data arrival time                                                          -10.87
  ------------------------------------------------------------------------------------
  slack (MET)                                                                 18.82


  Startpoint: payload_length[0]
              (input port clocked by clk)
  Endpoint: PayLoad_Counter/counter_reg[6]
            (rising edge-triggered flip-flop clocked by clk)
  Path Group: clk
  Path Type: max

  Des/Clust/Port     Wire Load Model       Library
  ------------------------------------------------
  zigbee             140000                saed32hvt_ss0p75vn40c
  payload_counter_payload_w8_max_payload_length127
                     8000                  saed32hvt_ss0p75vn40c

  Point                                          Cap     Trans      Incr       Path
  ------------------------------------------------------------------------------------
  clock clk (rise edge)                                             0.00       0.00
  clock network delay (ideal)                                       0.00       0.00
  input external delay                                              6.25       6.25 r
  payload_length[0] (in)                        1.94      0.00      0.00       6.25 r
  PayLoad_Counter/payload_length[0] (payload_counter_payload_w8_max_payload_length127)
                                                                    0.00       6.25 r
  PayLoad_Counter/U36/Y (NOR2X0_HVT)            0.81      0.13      0.34       6.59 f
  PayLoad_Counter/U37/Y (OA22X1_HVT)            0.46      0.21      0.66       7.25 f
  PayLoad_Counter/U42/Y (NOR4X0_HVT)            0.47      0.13      1.19       8.44 r
  PayLoad_Counter/U43/Y (NAND4X0_HVT)           1.03      0.60      0.67       9.11 f
  PayLoad_Counter/U10/Y (INVX1_HVT)             0.42      0.27      0.41       9.52 r
  PayLoad_Counter/U27/Y (AO22X1_HVT)            2.90      0.29      0.67      10.19 r
  PayLoad_Counter/U19/Y (AO22X1_HVT)            0.47      0.19      0.68      10.87 r
  PayLoad_Counter/counter_reg[6]/D (DFFX1_HVT)            0.19      0.00      10.87 r
  data arrival time                                                           10.87

  clock clk (rise edge)                                            31.25      31.25
  clock network delay (ideal)                                       0.00      31.25
  clock uncertainty                                                -0.94      30.31
  PayLoad_Counter/counter_reg[6]/CLK (DFFX1_HVT)                    0.00      30.31 r
  library setup time                                               -0.62      29.69
  data required time                                                          29.69
  ------------------------------------------------------------------------------------
  data required time                                                          29.69
  data arrival time                                                          -10.87
  ------------------------------------------------------------------------------------
  slack (MET)                                                                 18.82


  Startpoint: payload_length[0]
              (input port clocked by clk)
  Endpoint: PayLoad_Counter/counter_reg[5]
            (rising edge-triggered flip-flop clocked by clk)
  Path Group: clk
  Path Type: max

  Des/Clust/Port     Wire Load Model       Library
  ------------------------------------------------
  zigbee             140000                saed32hvt_ss0p75vn40c
  payload_counter_payload_w8_max_payload_length127
                     8000                  saed32hvt_ss0p75vn40c

  Point                                          Cap     Trans      Incr       Path
  ------------------------------------------------------------------------------------
  clock clk (rise edge)                                             0.00       0.00
  clock network delay (ideal)                                       0.00       0.00
  input external delay                                              6.25       6.25 r
  payload_length[0] (in)                        1.94      0.00      0.00       6.25 r
  PayLoad_Counter/payload_length[0] (payload_counter_payload_w8_max_payload_length127)
                                                                    0.00       6.25 r
  PayLoad_Counter/U36/Y (NOR2X0_HVT)            0.81      0.13      0.34       6.59 f
  PayLoad_Counter/U37/Y (OA22X1_HVT)            0.46      0.21      0.66       7.25 f
  PayLoad_Counter/U42/Y (NOR4X0_HVT)            0.47      0.13      1.19       8.44 r
  PayLoad_Counter/U43/Y (NAND4X0_HVT)           1.03      0.60      0.67       9.11 f
  PayLoad_Counter/U10/Y (INVX1_HVT)             0.42      0.27      0.41       9.52 r
  PayLoad_Counter/U27/Y (AO22X1_HVT)            2.90      0.29      0.67      10.19 r
  PayLoad_Counter/U20/Y (AO22X1_HVT)            0.47      0.19      0.68      10.87 r
  PayLoad_Counter/counter_reg[5]/D (DFFX1_HVT)            0.19      0.00      10.87 r
  data arrival time                                                           10.87

  clock clk (rise edge)                                            31.25      31.25
  clock network delay (ideal)                                       0.00      31.25
  clock uncertainty                                                -0.94      30.31
  PayLoad_Counter/counter_reg[5]/CLK (DFFX1_HVT)                    0.00      30.31 r
  library setup time                                               -0.62      29.69
  data required time                                                          29.69
  ------------------------------------------------------------------------------------
  data required time                                                          29.69
  data arrival time                                                          -10.87
  ------------------------------------------------------------------------------------
  slack (MET)                                                                 18.82


  Startpoint: payload_length[0]
              (input port clocked by clk)
  Endpoint: PayLoad_Counter/counter_reg[4]
            (rising edge-triggered flip-flop clocked by clk)
  Path Group: clk
  Path Type: max

  Des/Clust/Port     Wire Load Model       Library
  ------------------------------------------------
  zigbee             140000                saed32hvt_ss0p75vn40c
  payload_counter_payload_w8_max_payload_length127
                     8000                  saed32hvt_ss0p75vn40c

  Point                                          Cap     Trans      Incr       Path
  ------------------------------------------------------------------------------------
  clock clk (rise edge)                                             0.00       0.00
  clock network delay (ideal)                                       0.00       0.00
  input external delay                                              6.25       6.25 r
  payload_length[0] (in)                        1.94      0.00      0.00       6.25 r
  PayLoad_Counter/payload_length[0] (payload_counter_payload_w8_max_payload_length127)
                                                                    0.00       6.25 r
  PayLoad_Counter/U36/Y (NOR2X0_HVT)            0.81      0.13      0.34       6.59 f
  PayLoad_Counter/U37/Y (OA22X1_HVT)            0.46      0.21      0.66       7.25 f
  PayLoad_Counter/U42/Y (NOR4X0_HVT)            0.47      0.13      1.19       8.44 r
  PayLoad_Counter/U43/Y (NAND4X0_HVT)           1.03      0.60      0.67       9.11 f
  PayLoad_Counter/U10/Y (INVX1_HVT)             0.42      0.27      0.41       9.52 r
  PayLoad_Counter/U27/Y (AO22X1_HVT)            2.90      0.29      0.67      10.19 r
  PayLoad_Counter/U21/Y (AO22X1_HVT)            0.47      0.19      0.68      10.87 r
  PayLoad_Counter/counter_reg[4]/D (DFFX1_HVT)            0.19      0.00      10.87 r
  data arrival time                                                           10.87

  clock clk (rise edge)                                            31.25      31.25
  clock network delay (ideal)                                       0.00      31.25
  clock uncertainty                                                -0.94      30.31
  PayLoad_Counter/counter_reg[4]/CLK (DFFX1_HVT)                    0.00      30.31 r
  library setup time                                               -0.62      29.69
  data required time                                                          29.69
  ------------------------------------------------------------------------------------
  data required time                                                          29.69
  data arrival time                                                          -10.87
  ------------------------------------------------------------------------------------
  slack (MET)                                                                 18.82


  Startpoint: payload_length[0]
              (input port clocked by clk)
  Endpoint: PayLoad_Counter/counter_reg[3]
            (rising edge-triggered flip-flop clocked by clk)
  Path Group: clk
  Path Type: max

  Des/Clust/Port     Wire Load Model       Library
  ------------------------------------------------
  zigbee             140000                saed32hvt_ss0p75vn40c
  payload_counter_payload_w8_max_payload_length127
                     8000                  saed32hvt_ss0p75vn40c

  Point                                          Cap     Trans      Incr       Path
  ------------------------------------------------------------------------------------
  clock clk (rise edge)                                             0.00       0.00
  clock network delay (ideal)                                       0.00       0.00
  input external delay                                              6.25       6.25 r
  payload_length[0] (in)                        1.94      0.00      0.00       6.25 r
  PayLoad_Counter/payload_length[0] (payload_counter_payload_w8_max_payload_length127)
                                                                    0.00       6.25 r
  PayLoad_Counter/U36/Y (NOR2X0_HVT)            0.81      0.13      0.34       6.59 f
  PayLoad_Counter/U37/Y (OA22X1_HVT)            0.46      0.21      0.66       7.25 f
  PayLoad_Counter/U42/Y (NOR4X0_HVT)            0.47      0.13      1.19       8.44 r
  PayLoad_Counter/U43/Y (NAND4X0_HVT)           1.03      0.60      0.67       9.11 f
  PayLoad_Counter/U10/Y (INVX1_HVT)             0.42      0.27      0.41       9.52 r
  PayLoad_Counter/U27/Y (AO22X1_HVT)            2.90      0.29      0.67      10.19 r
  PayLoad_Counter/U22/Y (AO22X1_HVT)            0.47      0.19      0.68      10.87 r
  PayLoad_Counter/counter_reg[3]/D (DFFX1_HVT)            0.19      0.00      10.87 r
  data arrival time                                                           10.87

  clock clk (rise edge)                                            31.25      31.25
  clock network delay (ideal)                                       0.00      31.25
  clock uncertainty                                                -0.94      30.31
  PayLoad_Counter/counter_reg[3]/CLK (DFFX1_HVT)                    0.00      30.31 r
  library setup time                                               -0.62      29.69
  data required time                                                          29.69
  ------------------------------------------------------------------------------------
  data required time                                                          29.69
  data arrival time                                                          -10.87
  ------------------------------------------------------------------------------------
  slack (MET)                                                                 18.82


  Startpoint: payload_length[0]
              (input port clocked by clk)
  Endpoint: PayLoad_Counter/counter_reg[2]
            (rising edge-triggered flip-flop clocked by clk)
  Path Group: clk
  Path Type: max

  Des/Clust/Port     Wire Load Model       Library
  ------------------------------------------------
  zigbee             140000                saed32hvt_ss0p75vn40c
  payload_counter_payload_w8_max_payload_length127
                     8000                  saed32hvt_ss0p75vn40c

  Point                                          Cap     Trans      Incr       Path
  ------------------------------------------------------------------------------------
  clock clk (rise edge)                                             0.00       0.00
  clock network delay (ideal)                                       0.00       0.00
  input external delay                                              6.25       6.25 r
  payload_length[0] (in)                        1.94      0.00      0.00       6.25 r
  PayLoad_Counter/payload_length[0] (payload_counter_payload_w8_max_payload_length127)
                                                                    0.00       6.25 r
  PayLoad_Counter/U36/Y (NOR2X0_HVT)            0.81      0.13      0.34       6.59 f
  PayLoad_Counter/U37/Y (OA22X1_HVT)            0.46      0.21      0.66       7.25 f
  PayLoad_Counter/U42/Y (NOR4X0_HVT)            0.47      0.13      1.19       8.44 r
  PayLoad_Counter/U43/Y (NAND4X0_HVT)           1.03      0.60      0.67       9.11 f
  PayLoad_Counter/U10/Y (INVX1_HVT)             0.42      0.27      0.41       9.52 r
  PayLoad_Counter/U27/Y (AO22X1_HVT)            2.90      0.29      0.67      10.19 r
  PayLoad_Counter/U23/Y (AO22X1_HVT)            0.47      0.19      0.68      10.87 r
  PayLoad_Counter/counter_reg[2]/D (DFFX1_HVT)            0.19      0.00      10.87 r
  data arrival time                                                           10.87

  clock clk (rise edge)                                            31.25      31.25
  clock network delay (ideal)                                       0.00      31.25
  clock uncertainty                                                -0.94      30.31
  PayLoad_Counter/counter_reg[2]/CLK (DFFX1_HVT)                    0.00      30.31 r
  library setup time                                               -0.62      29.69
  data required time                                                          29.69
  ------------------------------------------------------------------------------------
  data required time                                                          29.69
  data arrival time                                                          -10.87
  ------------------------------------------------------------------------------------
  slack (MET)                                                                 18.82


  Startpoint: payload_length[0]
              (input port clocked by clk)
  Endpoint: PayLoad_Counter/counter_reg[1]
            (rising edge-triggered flip-flop clocked by clk)
  Path Group: clk
  Path Type: max

  Des/Clust/Port     Wire Load Model       Library
  ------------------------------------------------
  zigbee             140000                saed32hvt_ss0p75vn40c
  payload_counter_payload_w8_max_payload_length127
                     8000                  saed32hvt_ss0p75vn40c

  Point                                          Cap     Trans      Incr       Path
  ------------------------------------------------------------------------------------
  clock clk (rise edge)                                             0.00       0.00
  clock network delay (ideal)                                       0.00       0.00
  input external delay                                              6.25       6.25 r
  payload_length[0] (in)                        1.94      0.00      0.00       6.25 r
  PayLoad_Counter/payload_length[0] (payload_counter_payload_w8_max_payload_length127)
                                                                    0.00       6.25 r
  PayLoad_Counter/U36/Y (NOR2X0_HVT)            0.81      0.13      0.34       6.59 f
  PayLoad_Counter/U37/Y (OA22X1_HVT)            0.46      0.21      0.66       7.25 f
  PayLoad_Counter/U42/Y (NOR4X0_HVT)            0.47      0.13      1.19       8.44 r
  PayLoad_Counter/U43/Y (NAND4X0_HVT)           1.03      0.60      0.67       9.11 f
  PayLoad_Counter/U10/Y (INVX1_HVT)             0.42      0.27      0.41       9.52 r
  PayLoad_Counter/U27/Y (AO22X1_HVT)            2.90      0.29      0.67      10.19 r
  PayLoad_Counter/U24/Y (AO22X1_HVT)            0.47      0.19      0.68      10.87 r
  PayLoad_Counter/counter_reg[1]/D (DFFX1_HVT)            0.19      0.00      10.87 r
  data arrival time                                                           10.87

  clock clk (rise edge)                                            31.25      31.25
  clock network delay (ideal)                                       0.00      31.25
  clock uncertainty                                                -0.94      30.31
  PayLoad_Counter/counter_reg[1]/CLK (DFFX1_HVT)                    0.00      30.31 r
  library setup time                                               -0.62      29.69
  data required time                                                          29.69
  ------------------------------------------------------------------------------------
  data required time                                                          29.69
  data arrival time                                                          -10.87
  ------------------------------------------------------------------------------------
  slack (MET)                                                                 18.82


  Startpoint: DQPSK_CSK/CSK_GEN_DUT/addr_ptr_reg[5]
              (rising edge-triggered flip-flop clocked by clk)
  Endpoint: DQPSK_CSK/CSK_GEN_DUT/csk_out_r_reg[5]
            (rising edge-triggered flip-flop clocked by clk)
  Path Group: clk
  Path Type: max

  Des/Clust/Port     Wire Load Model       Library
  ------------------------------------------------
  zigbee             140000                saed32hvt_ss0p75vn40c
  CSK_GEN_WL6        8000                  saed32hvt_ss0p75vn40c

  Point                                          Cap     Trans      Incr       Path
  ------------------------------------------------------------------------------------
  clock clk (rise edge)                                             0.00       0.00
  clock network delay (ideal)                                       0.00       0.00
  DQPSK_CSK/CSK_GEN_DUT/addr_ptr_reg[5]/CLK (DFFX1_HVT)
                                                          0.00      0.00 #     0.00 r
  DQPSK_CSK/CSK_GEN_DUT/addr_ptr_reg[5]/Q (DFFX1_HVT)
                                                2.52      0.21      1.09       1.09 f
  DQPSK_CSK/CSK_GEN_DUT/U318/Y (AND3X1_HVT)     0.81      0.20      0.50       1.59 f
  DQPSK_CSK/CSK_GEN_DUT/U268/Y (NAND2X0_HVT)
                                                2.97      0.53      0.41       2.00 r
  DQPSK_CSK/CSK_GEN_DUT/U5/Y (INVX1_HVT)        3.40      0.31      0.46       2.47 f
  DQPSK_CSK/CSK_GEN_DUT/U262/Y (NAND2X0_HVT)
                                                0.82      0.25      0.36       2.83 r
  DQPSK_CSK/CSK_GEN_DUT/U148/Y (AND4X1_HVT)     1.20      0.29      0.98       3.81 r
  DQPSK_CSK/CSK_GEN_DUT/U145/Y (AND4X1_HVT)     0.38      0.26      0.88       4.68 r
  DQPSK_CSK/CSK_GEN_DUT/U144/Y (AND4X1_HVT)     0.79      0.28      0.97       5.65 r
  DQPSK_CSK/CSK_GEN_DUT/U134/Y (AND3X1_HVT)     0.79      0.21      0.69       6.34 r
  DQPSK_CSK/CSK_GEN_DUT/U133/Y (OA21X1_HVT)     0.38      0.17      0.46       6.80 r
  DQPSK_CSK/CSK_GEN_DUT/U131/Y (AND4X1_HVT)     0.47      0.27      0.86       7.66 r
  DQPSK_CSK/CSK_GEN_DUT/U130/Y (NAND4X0_HVT)
                                                0.98      0.58      0.76       8.43 f
  DQPSK_CSK/CSK_GEN_DUT/U129/Y (INVX0_HVT)      0.44      0.26      0.43       8.85 r
  DQPSK_CSK/CSK_GEN_DUT/U126/Y (NAND3X0_HVT)
                                                0.49      0.33      0.46       9.32 f
  DQPSK_CSK/CSK_GEN_DUT/U104/Y (OR3X1_HVT)      1.21      0.21      0.81      10.13 f
  DQPSK_CSK/CSK_GEN_DUT/csk_out_r_reg[5]/RSTB (DFFSSRX2_HVT)
                                                          0.21      0.00      10.13 f
  data arrival time                                                           10.13

  clock clk (rise edge)                                            31.25      31.25
  clock network delay (ideal)                                       0.00      31.25
  clock uncertainty                                                -0.94      30.31
  DQPSK_CSK/CSK_GEN_DUT/csk_out_r_reg[5]/CLK (DFFSSRX2_HVT)         0.00      30.31 r
  library setup time                                               -1.28      29.03
  data required time                                                          29.03
  ------------------------------------------------------------------------------------
  data required time                                                          29.03
  data arrival time                                                          -10.13
  ------------------------------------------------------------------------------------
  slack (MET)                                                                 18.90


  Startpoint: DQPSK_CSK/CSK_GEN_DUT/csk_out_i_reg[0]
              (rising edge-triggered flip-flop clocked by clk)
  Endpoint: DQPSK_CSK/tx_real_reg[3]
            (rising edge-triggered flip-flop clocked by clk)
  Path Group: clk
  Path Type: max

  Des/Clust/Port     Wire Load Model       Library
  ------------------------------------------------
  zigbee             140000                saed32hvt_ss0p75vn40c
  dqpsk_csk_top_46_1024_2_6
                     70000                 saed32hvt_ss0p75vn40c
  dqpsk_csk_top_46_1024_2_6_DW02_mult_2
                     8000                  saed32hvt_ss0p75vn40c
  dqpsk_csk_top_46_1024_2_6_DW01_add_3
                     ForQA                 saed32hvt_ss0p75vn40c
  dqpsk_csk_top_46_1024_2_6_DW01_sub_0
                     ForQA                 saed32hvt_ss0p75vn40c

  Point                                          Cap     Trans      Incr       Path
  ------------------------------------------------------------------------------------
  clock clk (rise edge)                                             0.00       0.00
  clock network delay (ideal)                                       0.00       0.00
  DQPSK_CSK/CSK_GEN_DUT/csk_out_i_reg[0]/CLK (DFFSSRX1_HVT)
                                                          0.00      0.00 #     0.00 r
  DQPSK_CSK/CSK_GEN_DUT/csk_out_i_reg[0]/Q (DFFSSRX1_HVT)
                                                2.49      0.24      1.17       1.17 f
  DQPSK_CSK/CSK_GEN_DUT/csk_out_i[0] (CSK_GEN_WL6)                  0.00       1.17 f
  DQPSK_CSK/mult_137_2/B[0] (dqpsk_csk_top_46_1024_2_6_DW02_mult_2)
                                                                    0.00       1.17 f
  DQPSK_CSK/mult_137_2/U10/Y (INVX0_HVT)        1.35      0.17      0.26       1.43 r
  DQPSK_CSK/mult_137_2/U23/Y (AND2X1_HVT)       1.70      0.18      0.46       1.89 r
  DQPSK_CSK/mult_137_2/U22/Y (XOR2X1_HVT)       0.38      0.25      0.98       2.87 f
  DQPSK_CSK/mult_137_2/U6/Y (MUX21X1_HVT)       0.88      0.33      0.80       3.67 f
  DQPSK_CSK/mult_137_2/U48/Y (AND2X1_HVT)       0.91      0.15      0.51       4.18 f
  DQPSK_CSK/mult_137_2/FS_2/A[1] (dqpsk_csk_top_46_1024_2_6_DW01_add_3)
                                                                    0.00       4.18 f
  DQPSK_CSK/mult_137_2/FS_2/U26/Y (OR2X1_HVT)
                                                1.56      0.17      0.43       4.61 f
  DQPSK_CSK/mult_137_2/FS_2/U13/Y (NAND2X0_HVT)
                                                1.15      0.29      0.27       4.88 r
  DQPSK_CSK/mult_137_2/FS_2/U12/Y (XOR2X1_HVT)
                                                0.87      0.27      1.09       5.97 f
  DQPSK_CSK/mult_137_2/FS_2/SUM[1] (dqpsk_csk_top_46_1024_2_6_DW01_add_3)
                                                                    0.00       5.97 f
  DQPSK_CSK/mult_137_2/U55/Y (INVX0_HVT)        1.72      0.20      0.29       6.26 r
  DQPSK_CSK/mult_137_2/U27/Y (XOR2X1_HVT)       0.38      0.25      0.93       7.19 f
  DQPSK_CSK/mult_137_2/U62/Y (MUX21X1_HVT)      0.63      0.32      0.78       7.98 f
  DQPSK_CSK/mult_137_2/PRODUCT[2] (dqpsk_csk_top_46_1024_2_6_DW02_mult_2)
                                                                    0.00       7.98 f
  DQPSK_CSK/sub_137/B[2] (dqpsk_csk_top_46_1024_2_6_DW01_sub_0)     0.00       7.98 f
  DQPSK_CSK/sub_137/U8/Y (INVX1_HVT)            1.96      0.19      0.30       8.28 r
  DQPSK_CSK/sub_137/U2_2/CO (FADDX1_HVT)        1.53      0.33      0.75       9.03 r
  DQPSK_CSK/sub_137/U2_3/S (FADDX1_HVT)         0.41      0.24      1.17      10.20 f
  DQPSK_CSK/sub_137/DIFF[3] (dqpsk_csk_top_46_1024_2_6_DW01_sub_0)
                                                                    0.00      10.20 f
  DQPSK_CSK/tx_real_reg[3]/D (DFFSSRX1_HVT)               0.24      0.00      10.20 f
  data arrival time                                                           10.20

  clock clk (rise edge)                                            31.25      31.25
  clock network delay (ideal)                                       0.00      31.25
  clock uncertainty                                                -0.94      30.31
  DQPSK_CSK/tx_real_reg[3]/CLK (DFFSSRX1_HVT)                       0.00      30.31 r
  library setup time                                               -1.19      29.13
  data required time                                                          29.13
  ------------------------------------------------------------------------------------
  data required time                                                          29.13
  data arrival time                                                          -10.20
  ------------------------------------------------------------------------------------
  slack (MET)                                                                 18.93


  Startpoint: payload_length[3]
              (input port clocked by clk)
  Endpoint: ZeroPadding/data_o_reg
            (rising edge-triggered flip-flop clocked by clk)
  Path Group: clk
  Path Type: max

  Des/Clust/Port     Wire Load Model       Library
  ------------------------------------------------
  zigbee             140000                saed32hvt_ss0p75vn40c
  zeropadding_8_46_127_12
                     8000                  saed32hvt_ss0p75vn40c

  Point                                          Cap     Trans      Incr       Path
  ------------------------------------------------------------------------------------
  clock clk (rise edge)                                             0.00       0.00
  clock network delay (ideal)                                       0.00       0.00
  input external delay                                              6.25       6.25 f
  payload_length[3] (in)                        1.65      0.00      0.00       6.25 f
  ZeroPadding/payload_length[3] (zeropadding_8_46_127_12)           0.00       6.25 f
  ZeroPadding/U19/Y (OR4X1_HVT)                 0.48      0.09      1.11       7.36 f
  ZeroPadding/U18/Y (OR4X1_HVT)                 1.28      0.12      0.97       8.33 f
  ZeroPadding/U111/Y (AOI21X1_HVT)              0.93      0.13      0.70       9.03 r
  ZeroPadding/U109/Y (NAND2X0_HVT)              2.85      0.55      0.45       9.48 f
  ZeroPadding/U33/Y (NAND3X0_HVT)               0.41      0.26      0.48       9.96 r
  ZeroPadding/U22/Y (OAI221X1_HVT)              0.44      0.14      0.81      10.77 f
  ZeroPadding/data_o_reg/D (DFFX1_HVT)                    0.14      0.00      10.77 f
  data arrival time                                                           10.77

  clock clk (rise edge)                                            31.25      31.25
  clock network delay (ideal)                                       0.00      31.25
  clock uncertainty                                                -0.94      30.31
  ZeroPadding/data_o_reg/CLK (DFFX1_HVT)                            0.00      30.31 r
  library setup time                                               -0.59      29.72
  data required time                                                          29.72
  ------------------------------------------------------------------------------------
  data required time                                                          29.72
  data arrival time                                                          -10.77
  ------------------------------------------------------------------------------------
  slack (MET)                                                                 18.96


  Startpoint: payload_length[0]
              (input port clocked by clk)
  Endpoint: PayLoad_Counter/wr_data_reg[0]
            (rising edge-triggered flip-flop clocked by clk)
  Path Group: clk
  Path Type: max

  Des/Clust/Port     Wire Load Model       Library
  ------------------------------------------------
  zigbee             140000                saed32hvt_ss0p75vn40c
  payload_counter_payload_w8_max_payload_length127
                     8000                  saed32hvt_ss0p75vn40c

  Point                                          Cap     Trans      Incr       Path
  ------------------------------------------------------------------------------------
  clock clk (rise edge)                                             0.00       0.00
  clock network delay (ideal)                                       0.00       0.00
  input external delay                                              6.25       6.25 r
  payload_length[0] (in)                        1.94      0.00      0.00       6.25 r
  PayLoad_Counter/payload_length[0] (payload_counter_payload_w8_max_payload_length127)
                                                                    0.00       6.25 r
  PayLoad_Counter/U36/Y (NOR2X0_HVT)            0.81      0.13      0.34       6.59 f
  PayLoad_Counter/U37/Y (OA22X1_HVT)            0.46      0.21      0.66       7.25 f
  PayLoad_Counter/U42/Y (NOR4X0_HVT)            0.47      0.13      1.19       8.44 r
  PayLoad_Counter/U43/Y (NAND4X0_HVT)           1.03      0.60      0.67       9.11 f
  PayLoad_Counter/U26/Y (NAND2X0_HVT)           1.07      0.33      0.60       9.72 r
  PayLoad_Counter/U8/Y (INVX1_HVT)              6.68      0.35      0.41      10.12 f
  PayLoad_Counter/U18/Y (AO22X1_HVT)            0.44      0.16      0.53      10.66 f
  PayLoad_Counter/wr_data_reg[0]/D (DFFX1_HVT)            0.16      0.00      10.66 f
  data arrival time                                                           10.66

  clock clk (rise edge)                                            31.25      31.25
  clock network delay (ideal)                                       0.00      31.25
  clock uncertainty                                                -0.94      30.31
  PayLoad_Counter/wr_data_reg[0]/CLK (DFFX1_HVT)                    0.00      30.31 r
  library setup time                                               -0.61      29.71
  data required time                                                          29.71
  ------------------------------------------------------------------------------------
  data required time                                                          29.71
  data arrival time                                                          -10.66
  ------------------------------------------------------------------------------------
  slack (MET)                                                                 19.05


  Startpoint: payload_length[0]
              (input port clocked by clk)
  Endpoint: PayLoad_Counter/wr_data_reg[1]
            (rising edge-triggered flip-flop clocked by clk)
  Path Group: clk
  Path Type: max

  Des/Clust/Port     Wire Load Model       Library
  ------------------------------------------------
  zigbee             140000                saed32hvt_ss0p75vn40c
  payload_counter_payload_w8_max_payload_length127
                     8000                  saed32hvt_ss0p75vn40c

  Point                                          Cap     Trans      Incr       Path
  ------------------------------------------------------------------------------------
  clock clk (rise edge)                                             0.00       0.00
  clock network delay (ideal)                                       0.00       0.00
  input external delay                                              6.25       6.25 r
  payload_length[0] (in)                        1.94      0.00      0.00       6.25 r
  PayLoad_Counter/payload_length[0] (payload_counter_payload_w8_max_payload_length127)
                                                                    0.00       6.25 r
  PayLoad_Counter/U36/Y (NOR2X0_HVT)            0.81      0.13      0.34       6.59 f
  PayLoad_Counter/U37/Y (OA22X1_HVT)            0.46      0.21      0.66       7.25 f
  PayLoad_Counter/U42/Y (NOR4X0_HVT)            0.47      0.13      1.19       8.44 r
  PayLoad_Counter/U43/Y (NAND4X0_HVT)           1.03      0.60      0.67       9.11 f
  PayLoad_Counter/U26/Y (NAND2X0_HVT)           1.07      0.33      0.60       9.72 r
  PayLoad_Counter/U8/Y (INVX1_HVT)              6.68      0.35      0.41      10.12 f
  PayLoad_Counter/U17/Y (AO22X1_HVT)            0.44      0.16      0.53      10.66 f
  PayLoad_Counter/wr_data_reg[1]/D (DFFX1_HVT)            0.16      0.00      10.66 f
  data arrival time                                                           10.66

  clock clk (rise edge)                                            31.25      31.25
  clock network delay (ideal)                                       0.00      31.25
  clock uncertainty                                                -0.94      30.31
  PayLoad_Counter/wr_data_reg[1]/CLK (DFFX1_HVT)                    0.00      30.31 r
  library setup time                                               -0.61      29.71
  data required time                                                          29.71
  ------------------------------------------------------------------------------------
  data required time                                                          29.71
  data arrival time                                                          -10.66
  ------------------------------------------------------------------------------------
  slack (MET)                                                                 19.05


  Startpoint: payload_length[0]
              (input port clocked by clk)
  Endpoint: PayLoad_Counter/wr_data_reg[2]
            (rising edge-triggered flip-flop clocked by clk)
  Path Group: clk
  Path Type: max

  Des/Clust/Port     Wire Load Model       Library
  ------------------------------------------------
  zigbee             140000                saed32hvt_ss0p75vn40c
  payload_counter_payload_w8_max_payload_length127
                     8000                  saed32hvt_ss0p75vn40c

  Point                                          Cap     Trans      Incr       Path
  ------------------------------------------------------------------------------------
  clock clk (rise edge)                                             0.00       0.00
  clock network delay (ideal)                                       0.00       0.00
  input external delay                                              6.25       6.25 r
  payload_length[0] (in)                        1.94      0.00      0.00       6.25 r
  PayLoad_Counter/payload_length[0] (payload_counter_payload_w8_max_payload_length127)
                                                                    0.00       6.25 r
  PayLoad_Counter/U36/Y (NOR2X0_HVT)            0.81      0.13      0.34       6.59 f
  PayLoad_Counter/U37/Y (OA22X1_HVT)            0.46      0.21      0.66       7.25 f
  PayLoad_Counter/U42/Y (NOR4X0_HVT)            0.47      0.13      1.19       8.44 r
  PayLoad_Counter/U43/Y (NAND4X0_HVT)           1.03      0.60      0.67       9.11 f
  PayLoad_Counter/U26/Y (NAND2X0_HVT)           1.07      0.33      0.60       9.72 r
  PayLoad_Counter/U8/Y (INVX1_HVT)              6.68      0.35      0.41      10.12 f
  PayLoad_Counter/U16/Y (AO22X1_HVT)            0.44      0.16      0.53      10.66 f
  PayLoad_Counter/wr_data_reg[2]/D (DFFX1_HVT)            0.16      0.00      10.66 f
  data arrival time                                                           10.66

  clock clk (rise edge)                                            31.25      31.25
  clock network delay (ideal)                                       0.00      31.25
  clock uncertainty                                                -0.94      30.31
  PayLoad_Counter/wr_data_reg[2]/CLK (DFFX1_HVT)                    0.00      30.31 r
  library setup time                                               -0.61      29.71
  data required time                                                          29.71
  ------------------------------------------------------------------------------------
  data required time                                                          29.71
  data arrival time                                                          -10.66
  ------------------------------------------------------------------------------------
  slack (MET)                                                                 19.05


  Startpoint: payload_length[0]
              (input port clocked by clk)
  Endpoint: PayLoad_Counter/wr_data_reg[3]
            (rising edge-triggered flip-flop clocked by clk)
  Path Group: clk
  Path Type: max

  Des/Clust/Port     Wire Load Model       Library
  ------------------------------------------------
  zigbee             140000                saed32hvt_ss0p75vn40c
  payload_counter_payload_w8_max_payload_length127
                     8000                  saed32hvt_ss0p75vn40c

  Point                                          Cap     Trans      Incr       Path
  ------------------------------------------------------------------------------------
  clock clk (rise edge)                                             0.00       0.00
  clock network delay (ideal)                                       0.00       0.00
  input external delay                                              6.25       6.25 r
  payload_length[0] (in)                        1.94      0.00      0.00       6.25 r
  PayLoad_Counter/payload_length[0] (payload_counter_payload_w8_max_payload_length127)
                                                                    0.00       6.25 r
  PayLoad_Counter/U36/Y (NOR2X0_HVT)            0.81      0.13      0.34       6.59 f
  PayLoad_Counter/U37/Y (OA22X1_HVT)            0.46      0.21      0.66       7.25 f
  PayLoad_Counter/U42/Y (NOR4X0_HVT)            0.47      0.13      1.19       8.44 r
  PayLoad_Counter/U43/Y (NAND4X0_HVT)           1.03      0.60      0.67       9.11 f
  PayLoad_Counter/U26/Y (NAND2X0_HVT)           1.07      0.33      0.60       9.72 r
  PayLoad_Counter/U8/Y (INVX1_HVT)              6.68      0.35      0.41      10.12 f
  PayLoad_Counter/U15/Y (AO22X1_HVT)            0.44      0.16      0.53      10.66 f
  PayLoad_Counter/wr_data_reg[3]/D (DFFX1_HVT)            0.16      0.00      10.66 f
  data arrival time                                                           10.66

  clock clk (rise edge)                                            31.25      31.25
  clock network delay (ideal)                                       0.00      31.25
  clock uncertainty                                                -0.94      30.31
  PayLoad_Counter/wr_data_reg[3]/CLK (DFFX1_HVT)                    0.00      30.31 r
  library setup time                                               -0.61      29.71
  data required time                                                          29.71
  ------------------------------------------------------------------------------------
  data required time                                                          29.71
  data arrival time                                                          -10.66
  ------------------------------------------------------------------------------------
  slack (MET)                                                                 19.05


  Startpoint: payload_length[0]
              (input port clocked by clk)
  Endpoint: PayLoad_Counter/wr_data_reg[4]
            (rising edge-triggered flip-flop clocked by clk)
  Path Group: clk
  Path Type: max

  Des/Clust/Port     Wire Load Model       Library
  ------------------------------------------------
  zigbee             140000                saed32hvt_ss0p75vn40c
  payload_counter_payload_w8_max_payload_length127
                     8000                  saed32hvt_ss0p75vn40c

  Point                                          Cap     Trans      Incr       Path
  ------------------------------------------------------------------------------------
  clock clk (rise edge)                                             0.00       0.00
  clock network delay (ideal)                                       0.00       0.00
  input external delay                                              6.25       6.25 r
  payload_length[0] (in)                        1.94      0.00      0.00       6.25 r
  PayLoad_Counter/payload_length[0] (payload_counter_payload_w8_max_payload_length127)
                                                                    0.00       6.25 r
  PayLoad_Counter/U36/Y (NOR2X0_HVT)            0.81      0.13      0.34       6.59 f
  PayLoad_Counter/U37/Y (OA22X1_HVT)            0.46      0.21      0.66       7.25 f
  PayLoad_Counter/U42/Y (NOR4X0_HVT)            0.47      0.13      1.19       8.44 r
  PayLoad_Counter/U43/Y (NAND4X0_HVT)           1.03      0.60      0.67       9.11 f
  PayLoad_Counter/U26/Y (NAND2X0_HVT)           1.07      0.33      0.60       9.72 r
  PayLoad_Counter/U8/Y (INVX1_HVT)              6.68      0.35      0.41      10.12 f
  PayLoad_Counter/U14/Y (AO22X1_HVT)            0.44      0.16      0.53      10.66 f
  PayLoad_Counter/wr_data_reg[4]/D (DFFX1_HVT)            0.16      0.00      10.66 f
  data arrival time                                                           10.66

  clock clk (rise edge)                                            31.25      31.25
  clock network delay (ideal)                                       0.00      31.25
  clock uncertainty                                                -0.94      30.31
  PayLoad_Counter/wr_data_reg[4]/CLK (DFFX1_HVT)                    0.00      30.31 r
  library setup time                                               -0.61      29.71
  data required time                                                          29.71
  ------------------------------------------------------------------------------------
  data required time                                                          29.71
  data arrival time                                                          -10.66
  ------------------------------------------------------------------------------------
  slack (MET)                                                                 19.05


  Startpoint: payload_length[0]
              (input port clocked by clk)
  Endpoint: PayLoad_Counter/wr_data_reg[5]
            (rising edge-triggered flip-flop clocked by clk)
  Path Group: clk
  Path Type: max

  Des/Clust/Port     Wire Load Model       Library
  ------------------------------------------------
  zigbee             140000                saed32hvt_ss0p75vn40c
  payload_counter_payload_w8_max_payload_length127
                     8000                  saed32hvt_ss0p75vn40c

  Point                                          Cap     Trans      Incr       Path
  ------------------------------------------------------------------------------------
  clock clk (rise edge)                                             0.00       0.00
  clock network delay (ideal)                                       0.00       0.00
  input external delay                                              6.25       6.25 r
  payload_length[0] (in)                        1.94      0.00      0.00       6.25 r
  PayLoad_Counter/payload_length[0] (payload_counter_payload_w8_max_payload_length127)
                                                                    0.00       6.25 r
  PayLoad_Counter/U36/Y (NOR2X0_HVT)            0.81      0.13      0.34       6.59 f
  PayLoad_Counter/U37/Y (OA22X1_HVT)            0.46      0.21      0.66       7.25 f
  PayLoad_Counter/U42/Y (NOR4X0_HVT)            0.47      0.13      1.19       8.44 r
  PayLoad_Counter/U43/Y (NAND4X0_HVT)           1.03      0.60      0.67       9.11 f
  PayLoad_Counter/U26/Y (NAND2X0_HVT)           1.07      0.33      0.60       9.72 r
  PayLoad_Counter/U8/Y (INVX1_HVT)              6.68      0.35      0.41      10.12 f
  PayLoad_Counter/U13/Y (AO22X1_HVT)            0.44      0.16      0.53      10.66 f
  PayLoad_Counter/wr_data_reg[5]/D (DFFX1_HVT)            0.16      0.00      10.66 f
  data arrival time                                                           10.66

  clock clk (rise edge)                                            31.25      31.25
  clock network delay (ideal)                                       0.00      31.25
  clock uncertainty                                                -0.94      30.31
  PayLoad_Counter/wr_data_reg[5]/CLK (DFFX1_HVT)                    0.00      30.31 r
  library setup time                                               -0.61      29.71
  data required time                                                          29.71
  ------------------------------------------------------------------------------------
  data required time                                                          29.71
  data arrival time                                                          -10.66
  ------------------------------------------------------------------------------------
  slack (MET)                                                                 19.05


  Startpoint: payload_length[0]
              (input port clocked by clk)
  Endpoint: PayLoad_Counter/wr_data_reg[6]
            (rising edge-triggered flip-flop clocked by clk)
  Path Group: clk
  Path Type: max

  Des/Clust/Port     Wire Load Model       Library
  ------------------------------------------------
  zigbee             140000                saed32hvt_ss0p75vn40c
  payload_counter_payload_w8_max_payload_length127
                     8000                  saed32hvt_ss0p75vn40c

  Point                                          Cap     Trans      Incr       Path
  ------------------------------------------------------------------------------------
  clock clk (rise edge)                                             0.00       0.00
  clock network delay (ideal)                                       0.00       0.00
  input external delay                                              6.25       6.25 r
  payload_length[0] (in)                        1.94      0.00      0.00       6.25 r
  PayLoad_Counter/payload_length[0] (payload_counter_payload_w8_max_payload_length127)
                                                                    0.00       6.25 r
  PayLoad_Counter/U36/Y (NOR2X0_HVT)            0.81      0.13      0.34       6.59 f
  PayLoad_Counter/U37/Y (OA22X1_HVT)            0.46      0.21      0.66       7.25 f
  PayLoad_Counter/U42/Y (NOR4X0_HVT)            0.47      0.13      1.19       8.44 r
  PayLoad_Counter/U43/Y (NAND4X0_HVT)           1.03      0.60      0.67       9.11 f
  PayLoad_Counter/U26/Y (NAND2X0_HVT)           1.07      0.33      0.60       9.72 r
  PayLoad_Counter/U8/Y (INVX1_HVT)              6.68      0.35      0.41      10.12 f
  PayLoad_Counter/U12/Y (AO22X1_HVT)            0.44      0.16      0.53      10.66 f
  PayLoad_Counter/wr_data_reg[6]/D (DFFX1_HVT)            0.16      0.00      10.66 f
  data arrival time                                                           10.66

  clock clk (rise edge)                                            31.25      31.25
  clock network delay (ideal)                                       0.00      31.25
  clock uncertainty                                                -0.94      30.31
  PayLoad_Counter/wr_data_reg[6]/CLK (DFFX1_HVT)                    0.00      30.31 r
  library setup time                                               -0.61      29.71
  data required time                                                          29.71
  ------------------------------------------------------------------------------------
  data required time                                                          29.71
  data arrival time                                                          -10.66
  ------------------------------------------------------------------------------------
  slack (MET)                                                                 19.05


  Startpoint: payload_length[0]
              (input port clocked by clk)
  Endpoint: PayLoad_Counter/wr_data_reg[7]
            (rising edge-triggered flip-flop clocked by clk)
  Path Group: clk
  Path Type: max

  Des/Clust/Port     Wire Load Model       Library
  ------------------------------------------------
  zigbee             140000                saed32hvt_ss0p75vn40c
  payload_counter_payload_w8_max_payload_length127
                     8000                  saed32hvt_ss0p75vn40c

  Point                                          Cap     Trans      Incr       Path
  ------------------------------------------------------------------------------------
  clock clk (rise edge)                                             0.00       0.00
  clock network delay (ideal)                                       0.00       0.00
  input external delay                                              6.25       6.25 r
  payload_length[0] (in)                        1.94      0.00      0.00       6.25 r
  PayLoad_Counter/payload_length[0] (payload_counter_payload_w8_max_payload_length127)
                                                                    0.00       6.25 r
  PayLoad_Counter/U36/Y (NOR2X0_HVT)            0.81      0.13      0.34       6.59 f
  PayLoad_Counter/U37/Y (OA22X1_HVT)            0.46      0.21      0.66       7.25 f
  PayLoad_Counter/U42/Y (NOR4X0_HVT)            0.47      0.13      1.19       8.44 r
  PayLoad_Counter/U43/Y (NAND4X0_HVT)           1.03      0.60      0.67       9.11 f
  PayLoad_Counter/U26/Y (NAND2X0_HVT)           1.07      0.33      0.60       9.72 r
  PayLoad_Counter/U8/Y (INVX1_HVT)              6.68      0.35      0.41      10.12 f
  PayLoad_Counter/U11/Y (AO22X1_HVT)            0.44      0.16      0.53      10.66 f
  PayLoad_Counter/wr_data_reg[7]/D (DFFX1_HVT)            0.16      0.00      10.66 f
  data arrival time                                                           10.66

  clock clk (rise edge)                                            31.25      31.25
  clock network delay (ideal)                                       0.00      31.25
  clock uncertainty                                                -0.94      30.31
  PayLoad_Counter/wr_data_reg[7]/CLK (DFFX1_HVT)                    0.00      30.31 r
  library setup time                                               -0.61      29.71
  data required time                                                          29.71
  ------------------------------------------------------------------------------------
  data required time                                                          29.71
  data arrival time                                                          -10.66
  ------------------------------------------------------------------------------------
  slack (MET)                                                                 19.05


  Startpoint: DQPSK_CSK/CSK_GEN_DUT/csk_out_i_reg[0]
              (rising edge-triggered flip-flop clocked by clk)
  Endpoint: DQPSK_CSK/tx_imag_reg[3]
            (rising edge-triggered flip-flop clocked by clk)
  Path Group: clk
  Path Type: max

  Des/Clust/Port     Wire Load Model       Library
  ------------------------------------------------
  zigbee             140000                saed32hvt_ss0p75vn40c
  dqpsk_csk_top_46_1024_2_6
                     70000                 saed32hvt_ss0p75vn40c
  dqpsk_csk_top_46_1024_2_6_DW02_mult_1
                     8000                  saed32hvt_ss0p75vn40c
  dqpsk_csk_top_46_1024_2_6_DW01_add_2
                     ForQA                 saed32hvt_ss0p75vn40c
  dqpsk_csk_top_46_1024_2_6_DW01_add_0
                     ForQA                 saed32hvt_ss0p75vn40c

  Point                                          Cap     Trans      Incr       Path
  ------------------------------------------------------------------------------------
  clock clk (rise edge)                                             0.00       0.00
  clock network delay (ideal)                                       0.00       0.00
  DQPSK_CSK/CSK_GEN_DUT/csk_out_i_reg[0]/CLK (DFFSSRX1_HVT)
                                                          0.00      0.00 #     0.00 r
  DQPSK_CSK/CSK_GEN_DUT/csk_out_i_reg[0]/Q (DFFSSRX1_HVT)
                                                2.49      0.24      1.17       1.17 f
  DQPSK_CSK/CSK_GEN_DUT/csk_out_i[0] (CSK_GEN_WL6)                  0.00       1.17 f
  DQPSK_CSK/mult_138/B[0] (dqpsk_csk_top_46_1024_2_6_DW02_mult_1)
                                                                    0.00       1.17 f
  DQPSK_CSK/mult_138/U10/Y (INVX0_HVT)          1.35      0.17      0.26       1.43 r
  DQPSK_CSK/mult_138/U23/Y (AND2X1_HVT)         1.70      0.18      0.46       1.89 r
  DQPSK_CSK/mult_138/U22/Y (XOR2X1_HVT)         0.38      0.25      0.98       2.87 f
  DQPSK_CSK/mult_138/U6/Y (MUX21X1_HVT)         0.88      0.33      0.80       3.67 f
  DQPSK_CSK/mult_138/U48/Y (AND2X1_HVT)         0.91      0.15      0.51       4.18 f
  DQPSK_CSK/mult_138/FS_2/A[1] (dqpsk_csk_top_46_1024_2_6_DW01_add_2)
                                                                    0.00       4.18 f
  DQPSK_CSK/mult_138/FS_2/U26/Y (OR2X1_HVT)     1.56      0.17      0.43       4.61 f
  DQPSK_CSK/mult_138/FS_2/U13/Y (NAND2X0_HVT)
                                                1.15      0.29      0.27       4.88 r
  DQPSK_CSK/mult_138/FS_2/U12/Y (XOR2X1_HVT)
                                                0.87      0.27      1.09       5.97 f
  DQPSK_CSK/mult_138/FS_2/SUM[1] (dqpsk_csk_top_46_1024_2_6_DW01_add_2)
                                                                    0.00       5.97 f
  DQPSK_CSK/mult_138/U55/Y (INVX0_HVT)          1.72      0.20      0.29       6.26 r
  DQPSK_CSK/mult_138/U27/Y (XOR2X1_HVT)         0.38      0.25      0.93       7.19 f
  DQPSK_CSK/mult_138/U62/Y (MUX21X1_HVT)        1.74      0.38      0.85       8.05 f
  DQPSK_CSK/mult_138/PRODUCT[2] (dqpsk_csk_top_46_1024_2_6_DW02_mult_1)
                                                                    0.00       8.05 f
  DQPSK_CSK/add_138/A[2] (dqpsk_csk_top_46_1024_2_6_DW01_add_0)     0.00       8.05 f
  DQPSK_CSK/add_138/U1_2/CO (FADDX1_HVT)        1.52      0.26      0.87       8.92 f
  DQPSK_CSK/add_138/U1_3/S (FADDX1_HVT)         0.55      0.25      1.17      10.09 r
  DQPSK_CSK/add_138/SUM[3] (dqpsk_csk_top_46_1024_2_6_DW01_add_0)
                                                                    0.00      10.09 r
  DQPSK_CSK/tx_imag_reg[3]/D (DFFSSRX1_HVT)               0.25      0.00      10.09 r
  data arrival time                                                           10.09

  clock clk (rise edge)                                            31.25      31.25
  clock network delay (ideal)                                       0.00      31.25
  clock uncertainty                                                -0.94      30.31
  DQPSK_CSK/tx_imag_reg[3]/CLK (DFFSSRX1_HVT)                       0.00      30.31 r
  library setup time                                               -1.11      29.20
  data required time                                                          29.20
  ------------------------------------------------------------------------------------
  data required time                                                          29.20
  data arrival time                                                          -10.09
  ------------------------------------------------------------------------------------
  slack (MET)                                                                 19.11


  Startpoint: DQPSK_CSK/CSK_GEN_DUT/addr_ptr_reg[5]
              (rising edge-triggered flip-flop clocked by clk)
  Endpoint: DQPSK_CSK/CSK_GEN_DUT/csk_out_r_reg[0]
            (rising edge-triggered flip-flop clocked by clk)
  Path Group: clk
  Path Type: max

  Des/Clust/Port     Wire Load Model       Library
  ------------------------------------------------
  zigbee             140000                saed32hvt_ss0p75vn40c
  CSK_GEN_WL6        8000                  saed32hvt_ss0p75vn40c

  Point                                          Cap     Trans      Incr       Path
  ------------------------------------------------------------------------------------
  clock clk (rise edge)                                             0.00       0.00
  clock network delay (ideal)                                       0.00       0.00
  DQPSK_CSK/CSK_GEN_DUT/addr_ptr_reg[5]/CLK (DFFX1_HVT)
                                                          0.00      0.00 #     0.00 r
  DQPSK_CSK/CSK_GEN_DUT/addr_ptr_reg[5]/Q (DFFX1_HVT)
                                                2.52      0.21      1.09       1.09 f
  DQPSK_CSK/CSK_GEN_DUT/U318/Y (AND3X1_HVT)     0.81      0.20      0.50       1.59 f
  DQPSK_CSK/CSK_GEN_DUT/U268/Y (NAND2X0_HVT)
                                                2.97      0.53      0.41       2.00 r
  DQPSK_CSK/CSK_GEN_DUT/U5/Y (INVX1_HVT)        3.40      0.31      0.46       2.47 f
  DQPSK_CSK/CSK_GEN_DUT/U262/Y (NAND2X0_HVT)
                                                0.82      0.25      0.36       2.83 r
  DQPSK_CSK/CSK_GEN_DUT/U148/Y (AND4X1_HVT)     1.20      0.29      0.98       3.81 r
  DQPSK_CSK/CSK_GEN_DUT/U145/Y (AND4X1_HVT)     0.38      0.26      0.88       4.68 r
  DQPSK_CSK/CSK_GEN_DUT/U144/Y (AND4X1_HVT)     0.79      0.28      0.97       5.65 r
  DQPSK_CSK/CSK_GEN_DUT/U134/Y (AND3X1_HVT)     0.79      0.21      0.69       6.34 r
  DQPSK_CSK/CSK_GEN_DUT/U133/Y (OA21X1_HVT)     0.38      0.17      0.46       6.80 r
  DQPSK_CSK/CSK_GEN_DUT/U131/Y (AND4X1_HVT)     0.47      0.27      0.86       7.66 r
  DQPSK_CSK/CSK_GEN_DUT/U130/Y (NAND4X0_HVT)
                                                0.98      0.58      0.76       8.43 f
  DQPSK_CSK/CSK_GEN_DUT/U10/Y (NOR4X0_HVT)      0.47      0.13      1.28       9.70 r
  DQPSK_CSK/CSK_GEN_DUT/csk_out_r_reg[0]/SETB (DFFSSRX1_HVT)
                                                          0.13      0.00       9.70 r
  data arrival time                                                            9.70

  clock clk (rise edge)                                            31.25      31.25
  clock network delay (ideal)                                       0.00      31.25
  clock uncertainty                                                -0.94      30.31
  DQPSK_CSK/CSK_GEN_DUT/csk_out_r_reg[0]/CLK (DFFSSRX1_HVT)         0.00      30.31 r
  library setup time                                               -1.41      28.91
  data required time                                                          28.91
  ------------------------------------------------------------------------------------
  data required time                                                          28.91
  data arrival time                                                           -9.70
  ------------------------------------------------------------------------------------
  slack (MET)                                                                 19.20


  Startpoint: payload_length[0]
              (input port clocked by clk)
  Endpoint: PayLoad_Counter/wr_en_reg
            (rising edge-triggered flip-flop clocked by clk)
  Path Group: clk
  Path Type: max

  Des/Clust/Port     Wire Load Model       Library
  ------------------------------------------------
  zigbee             140000                saed32hvt_ss0p75vn40c
  payload_counter_payload_w8_max_payload_length127
                     8000                  saed32hvt_ss0p75vn40c

  Point                                          Cap     Trans      Incr       Path
  ------------------------------------------------------------------------------------
  clock clk (rise edge)                                             0.00       0.00
  clock network delay (ideal)                                       0.00       0.00
  input external delay                                              6.25       6.25 r
  payload_length[0] (in)                        1.94      0.00      0.00       6.25 r
  PayLoad_Counter/payload_length[0] (payload_counter_payload_w8_max_payload_length127)
                                                                    0.00       6.25 r
  PayLoad_Counter/U36/Y (NOR2X0_HVT)            0.81      0.13      0.34       6.59 f
  PayLoad_Counter/U37/Y (OA22X1_HVT)            0.46      0.21      0.66       7.25 f
  PayLoad_Counter/U42/Y (NOR4X0_HVT)            0.47      0.13      1.19       8.44 r
  PayLoad_Counter/U43/Y (NAND4X0_HVT)           1.03      0.60      0.67       9.11 f
  PayLoad_Counter/U26/Y (NAND2X0_HVT)           1.07      0.33      0.60       9.72 r
  PayLoad_Counter/U9/Y (NAND2X0_HVT)            0.44      0.19      0.39      10.11 f
  PayLoad_Counter/wr_en_reg/D (DFFX1_HVT)                 0.19      0.00      10.11 f
  data arrival time                                                           10.11

  clock clk (rise edge)                                            31.25      31.25
  clock network delay (ideal)                                       0.00      31.25
  clock uncertainty                                                -0.94      30.31
  PayLoad_Counter/wr_en_reg/CLK (DFFX1_HVT)                         0.00      30.31 r
  library setup time                                               -0.63      29.68
  data required time                                                          29.68
  ------------------------------------------------------------------------------------
  data required time                                                          29.68
  data arrival time                                                          -10.11
  ------------------------------------------------------------------------------------
  slack (MET)                                                                 19.57


  Startpoint: DQPSK_CSK/Real_Sync_FIFO/wr_in_addr_reg[5]
              (rising edge-triggered flip-flop clocked by clk)
  Endpoint: DQPSK_CSK/CSK_GEN_DUT/samble_cnt_reg[0]
            (rising edge-triggered flip-flop clocked by clk)
  Path Group: clk
  Path Type: max

  Des/Clust/Port     Wire Load Model       Library
  ------------------------------------------------
  zigbee             140000                saed32hvt_ss0p75vn40c
  FIFO_mem_FIFO_WIDTH2_FIFO_DEPTH1024_0
                     35000                 saed32hvt_ss0p75vn40c
  dqpsk_csk_top_46_1024_2_6
                     70000                 saed32hvt_ss0p75vn40c
  CSK_GEN_WL6        8000                  saed32hvt_ss0p75vn40c

  Point                                          Cap     Trans      Incr       Path
  ------------------------------------------------------------------------------------
  clock clk (rise edge)                                             0.00       0.00
  clock network delay (ideal)                                       0.00       0.00
  DQPSK_CSK/Real_Sync_FIFO/wr_in_addr_reg[5]/CLK (DFFX1_HVT)
                                                          0.00      0.00 #     0.00 r
  DQPSK_CSK/Real_Sync_FIFO/wr_in_addr_reg[5]/Q (DFFX1_HVT)
                                                4.57      0.28      1.14       1.14 f
  DQPSK_CSK/Real_Sync_FIFO/U6115/Y (XNOR2X1_HVT)
                                                0.43      0.22      0.90       2.04 r
  DQPSK_CSK/Real_Sync_FIFO/U6116/Y (NAND3X0_HVT)
                                                0.46      0.32      0.46       2.50 f
  DQPSK_CSK/Real_Sync_FIFO/U6122/Y (NOR4X0_HVT)
                                                0.38      0.13      1.28       3.78 r
  DQPSK_CSK/Real_Sync_FIFO/U6123/Y (AND4X1_HVT)
                                                0.93      0.28      0.88       4.66 r
  DQPSK_CSK/Real_Sync_FIFO/empty_flag (FIFO_mem_FIFO_WIDTH2_FIFO_DEPTH1024_0)
                                                                    0.00       4.66 r
  DQPSK_CSK/U26/Y (NOR2X0_HVT)                  0.90      0.13      0.58       5.24 f
  DQPSK_CSK/CSK_GEN_DUT/en (CSK_GEN_WL6)                            0.00       5.24 f
  DQPSK_CSK/CSK_GEN_DUT/U327/Y (NOR4X0_HVT)     0.41      0.13      0.85       6.09 r
  DQPSK_CSK/CSK_GEN_DUT/U326/Y (AO21X1_HVT)     1.00      0.21      0.55       6.64 r
  DQPSK_CSK/CSK_GEN_DUT/U325/Y (INVX0_HVT)      0.37      0.10      0.17       6.81 f
  DQPSK_CSK/CSK_GEN_DUT/U324/Y (NAND2X0_HVT)
                                                1.48      0.32      0.24       7.05 r
  DQPSK_CSK/CSK_GEN_DUT/U323/Y (INVX0_HVT)      1.70      0.20      0.30       7.36 f
  DQPSK_CSK/CSK_GEN_DUT/U322/Y (AND2X1_HVT)     6.20      0.34      0.53       7.89 f
  DQPSK_CSK/CSK_GEN_DUT/U75/Y (NAND3X0_HVT)     0.38      0.21      0.33       8.22 r
  DQPSK_CSK/CSK_GEN_DUT/U74/Y (NAND2X0_HVT)     5.08      0.90      0.77       8.99 f
  DQPSK_CSK/CSK_GEN_DUT/samble_cnt_reg[0]/RSTB (DFFSSRX1_HVT)
                                                          0.90      0.00       8.99 f
  data arrival time                                                            8.99

  clock clk (rise edge)                                            31.25      31.25
  clock network delay (ideal)                                       0.00      31.25
  clock uncertainty                                                -0.94      30.31
  DQPSK_CSK/CSK_GEN_DUT/samble_cnt_reg[0]/CLK (DFFSSRX1_HVT)        0.00      30.31 r
  library setup time                                               -1.65      28.66
  data required time                                                          28.66
  ------------------------------------------------------------------------------------
  data required time                                                          28.66
  data arrival time                                                           -8.99
  ------------------------------------------------------------------------------------
  slack (MET)                                                                 19.67


  Startpoint: DQPSK_CSK/Real_Sync_FIFO/wr_in_addr_reg[5]
              (rising edge-triggered flip-flop clocked by clk)
  Endpoint: DQPSK_CSK/CSK_GEN_DUT/samble_cnt_reg[1]
            (rising edge-triggered flip-flop clocked by clk)
  Path Group: clk
  Path Type: max

  Des/Clust/Port     Wire Load Model       Library
  ------------------------------------------------
  zigbee             140000                saed32hvt_ss0p75vn40c
  FIFO_mem_FIFO_WIDTH2_FIFO_DEPTH1024_0
                     35000                 saed32hvt_ss0p75vn40c
  dqpsk_csk_top_46_1024_2_6
                     70000                 saed32hvt_ss0p75vn40c
  CSK_GEN_WL6        8000                  saed32hvt_ss0p75vn40c

  Point                                          Cap     Trans      Incr       Path
  ------------------------------------------------------------------------------------
  clock clk (rise edge)                                             0.00       0.00
  clock network delay (ideal)                                       0.00       0.00
  DQPSK_CSK/Real_Sync_FIFO/wr_in_addr_reg[5]/CLK (DFFX1_HVT)
                                                          0.00      0.00 #     0.00 r
  DQPSK_CSK/Real_Sync_FIFO/wr_in_addr_reg[5]/Q (DFFX1_HVT)
                                                4.57      0.28      1.14       1.14 f
  DQPSK_CSK/Real_Sync_FIFO/U6115/Y (XNOR2X1_HVT)
                                                0.43      0.22      0.90       2.04 r
  DQPSK_CSK/Real_Sync_FIFO/U6116/Y (NAND3X0_HVT)
                                                0.46      0.32      0.46       2.50 f
  DQPSK_CSK/Real_Sync_FIFO/U6122/Y (NOR4X0_HVT)
                                                0.38      0.13      1.28       3.78 r
  DQPSK_CSK/Real_Sync_FIFO/U6123/Y (AND4X1_HVT)
                                                0.93      0.28      0.88       4.66 r
  DQPSK_CSK/Real_Sync_FIFO/empty_flag (FIFO_mem_FIFO_WIDTH2_FIFO_DEPTH1024_0)
                                                                    0.00       4.66 r
  DQPSK_CSK/U26/Y (NOR2X0_HVT)                  0.90      0.13      0.58       5.24 f
  DQPSK_CSK/CSK_GEN_DUT/en (CSK_GEN_WL6)                            0.00       5.24 f
  DQPSK_CSK/CSK_GEN_DUT/U327/Y (NOR4X0_HVT)     0.41      0.13      0.85       6.09 r
  DQPSK_CSK/CSK_GEN_DUT/U326/Y (AO21X1_HVT)     1.00      0.21      0.55       6.64 r
  DQPSK_CSK/CSK_GEN_DUT/U325/Y (INVX0_HVT)      0.37      0.10      0.17       6.81 f
  DQPSK_CSK/CSK_GEN_DUT/U324/Y (NAND2X0_HVT)
                                                1.48      0.32      0.24       7.05 r
  DQPSK_CSK/CSK_GEN_DUT/U323/Y (INVX0_HVT)      1.70      0.20      0.30       7.36 f
  DQPSK_CSK/CSK_GEN_DUT/U322/Y (AND2X1_HVT)     6.20      0.34      0.53       7.89 f
  DQPSK_CSK/CSK_GEN_DUT/U75/Y (NAND3X0_HVT)     0.38      0.21      0.33       8.22 r
  DQPSK_CSK/CSK_GEN_DUT/U74/Y (NAND2X0_HVT)     5.08      0.90      0.77       8.99 f
  DQPSK_CSK/CSK_GEN_DUT/samble_cnt_reg[1]/RSTB (DFFSSRX1_HVT)
                                                          0.90      0.00       8.99 f
  data arrival time                                                            8.99

  clock clk (rise edge)                                            31.25      31.25
  clock network delay (ideal)                                       0.00      31.25
  clock uncertainty                                                -0.94      30.31
  DQPSK_CSK/CSK_GEN_DUT/samble_cnt_reg[1]/CLK (DFFSSRX1_HVT)        0.00      30.31 r
  library setup time                                               -1.65      28.66
  data required time                                                          28.66
  ------------------------------------------------------------------------------------
  data required time                                                          28.66
  data arrival time                                                           -8.99
  ------------------------------------------------------------------------------------
  slack (MET)                                                                 19.67


  Startpoint: DQPSK_CSK/Real_Sync_FIFO/wr_in_addr_reg[5]
              (rising edge-triggered flip-flop clocked by clk)
  Endpoint: DQPSK_CSK/CSK_GEN_DUT/samble_cnt_reg[2]
            (rising edge-triggered flip-flop clocked by clk)
  Path Group: clk
  Path Type: max

  Des/Clust/Port     Wire Load Model       Library
  ------------------------------------------------
  zigbee             140000                saed32hvt_ss0p75vn40c
  FIFO_mem_FIFO_WIDTH2_FIFO_DEPTH1024_0
                     35000                 saed32hvt_ss0p75vn40c
  dqpsk_csk_top_46_1024_2_6
                     70000                 saed32hvt_ss0p75vn40c
  CSK_GEN_WL6        8000                  saed32hvt_ss0p75vn40c

  Point                                          Cap     Trans      Incr       Path
  ------------------------------------------------------------------------------------
  clock clk (rise edge)                                             0.00       0.00
  clock network delay (ideal)                                       0.00       0.00
  DQPSK_CSK/Real_Sync_FIFO/wr_in_addr_reg[5]/CLK (DFFX1_HVT)
                                                          0.00      0.00 #     0.00 r
  DQPSK_CSK/Real_Sync_FIFO/wr_in_addr_reg[5]/Q (DFFX1_HVT)
                                                4.57      0.28      1.14       1.14 f
  DQPSK_CSK/Real_Sync_FIFO/U6115/Y (XNOR2X1_HVT)
                                                0.43      0.22      0.90       2.04 r
  DQPSK_CSK/Real_Sync_FIFO/U6116/Y (NAND3X0_HVT)
                                                0.46      0.32      0.46       2.50 f
  DQPSK_CSK/Real_Sync_FIFO/U6122/Y (NOR4X0_HVT)
                                                0.38      0.13      1.28       3.78 r
  DQPSK_CSK/Real_Sync_FIFO/U6123/Y (AND4X1_HVT)
                                                0.93      0.28      0.88       4.66 r
  DQPSK_CSK/Real_Sync_FIFO/empty_flag (FIFO_mem_FIFO_WIDTH2_FIFO_DEPTH1024_0)
                                                                    0.00       4.66 r
  DQPSK_CSK/U26/Y (NOR2X0_HVT)                  0.90      0.13      0.58       5.24 f
  DQPSK_CSK/CSK_GEN_DUT/en (CSK_GEN_WL6)                            0.00       5.24 f
  DQPSK_CSK/CSK_GEN_DUT/U327/Y (NOR4X0_HVT)     0.41      0.13      0.85       6.09 r
  DQPSK_CSK/CSK_GEN_DUT/U326/Y (AO21X1_HVT)     1.00      0.21      0.55       6.64 r
  DQPSK_CSK/CSK_GEN_DUT/U325/Y (INVX0_HVT)      0.37      0.10      0.17       6.81 f
  DQPSK_CSK/CSK_GEN_DUT/U324/Y (NAND2X0_HVT)
                                                1.48      0.32      0.24       7.05 r
  DQPSK_CSK/CSK_GEN_DUT/U323/Y (INVX0_HVT)      1.70      0.20      0.30       7.36 f
  DQPSK_CSK/CSK_GEN_DUT/U322/Y (AND2X1_HVT)     6.20      0.34      0.53       7.89 f
  DQPSK_CSK/CSK_GEN_DUT/U75/Y (NAND3X0_HVT)     0.38      0.21      0.33       8.22 r
  DQPSK_CSK/CSK_GEN_DUT/U74/Y (NAND2X0_HVT)     5.08      0.90      0.77       8.99 f
  DQPSK_CSK/CSK_GEN_DUT/samble_cnt_reg[2]/RSTB (DFFSSRX1_HVT)
                                                          0.90      0.00       8.99 f
  data arrival time                                                            8.99

  clock clk (rise edge)                                            31.25      31.25
  clock network delay (ideal)                                       0.00      31.25
  clock uncertainty                                                -0.94      30.31
  DQPSK_CSK/CSK_GEN_DUT/samble_cnt_reg[2]/CLK (DFFSSRX1_HVT)        0.00      30.31 r
  library setup time                                               -1.65      28.66
  data required time                                                          28.66
  ------------------------------------------------------------------------------------
  data required time                                                          28.66
  data arrival time                                                           -8.99
  ------------------------------------------------------------------------------------
  slack (MET)                                                                 19.67


  Startpoint: DQPSK_CSK/Real_Sync_FIFO/wr_in_addr_reg[5]
              (rising edge-triggered flip-flop clocked by clk)
  Endpoint: DQPSK_CSK/CSK_GEN_DUT/samble_cnt_reg[3]
            (rising edge-triggered flip-flop clocked by clk)
  Path Group: clk
  Path Type: max

  Des/Clust/Port     Wire Load Model       Library
  ------------------------------------------------
  zigbee             140000                saed32hvt_ss0p75vn40c
  FIFO_mem_FIFO_WIDTH2_FIFO_DEPTH1024_0
                     35000                 saed32hvt_ss0p75vn40c
  dqpsk_csk_top_46_1024_2_6
                     70000                 saed32hvt_ss0p75vn40c
  CSK_GEN_WL6        8000                  saed32hvt_ss0p75vn40c

  Point                                          Cap     Trans      Incr       Path
  ------------------------------------------------------------------------------------
  clock clk (rise edge)                                             0.00       0.00
  clock network delay (ideal)                                       0.00       0.00
  DQPSK_CSK/Real_Sync_FIFO/wr_in_addr_reg[5]/CLK (DFFX1_HVT)
                                                          0.00      0.00 #     0.00 r
  DQPSK_CSK/Real_Sync_FIFO/wr_in_addr_reg[5]/Q (DFFX1_HVT)
                                                4.57      0.28      1.14       1.14 f
  DQPSK_CSK/Real_Sync_FIFO/U6115/Y (XNOR2X1_HVT)
                                                0.43      0.22      0.90       2.04 r
  DQPSK_CSK/Real_Sync_FIFO/U6116/Y (NAND3X0_HVT)
                                                0.46      0.32      0.46       2.50 f
  DQPSK_CSK/Real_Sync_FIFO/U6122/Y (NOR4X0_HVT)
                                                0.38      0.13      1.28       3.78 r
  DQPSK_CSK/Real_Sync_FIFO/U6123/Y (AND4X1_HVT)
                                                0.93      0.28      0.88       4.66 r
  DQPSK_CSK/Real_Sync_FIFO/empty_flag (FIFO_mem_FIFO_WIDTH2_FIFO_DEPTH1024_0)
                                                                    0.00       4.66 r
  DQPSK_CSK/U26/Y (NOR2X0_HVT)                  0.90      0.13      0.58       5.24 f
  DQPSK_CSK/CSK_GEN_DUT/en (CSK_GEN_WL6)                            0.00       5.24 f
  DQPSK_CSK/CSK_GEN_DUT/U327/Y (NOR4X0_HVT)     0.41      0.13      0.85       6.09 r
  DQPSK_CSK/CSK_GEN_DUT/U326/Y (AO21X1_HVT)     1.00      0.21      0.55       6.64 r
  DQPSK_CSK/CSK_GEN_DUT/U325/Y (INVX0_HVT)      0.37      0.10      0.17       6.81 f
  DQPSK_CSK/CSK_GEN_DUT/U324/Y (NAND2X0_HVT)
                                                1.48      0.32      0.24       7.05 r
  DQPSK_CSK/CSK_GEN_DUT/U323/Y (INVX0_HVT)      1.70      0.20      0.30       7.36 f
  DQPSK_CSK/CSK_GEN_DUT/U322/Y (AND2X1_HVT)     6.20      0.34      0.53       7.89 f
  DQPSK_CSK/CSK_GEN_DUT/U75/Y (NAND3X0_HVT)     0.38      0.21      0.33       8.22 r
  DQPSK_CSK/CSK_GEN_DUT/U74/Y (NAND2X0_HVT)     5.08      0.90      0.77       8.99 f
  DQPSK_CSK/CSK_GEN_DUT/samble_cnt_reg[3]/RSTB (DFFSSRX1_HVT)
                                                          0.90      0.00       8.99 f
  data arrival time                                                            8.99

  clock clk (rise edge)                                            31.25      31.25
  clock network delay (ideal)                                       0.00      31.25
  clock uncertainty                                                -0.94      30.31
  DQPSK_CSK/CSK_GEN_DUT/samble_cnt_reg[3]/CLK (DFFSSRX1_HVT)        0.00      30.31 r
  library setup time                                               -1.65      28.66
  data required time                                                          28.66
  ------------------------------------------------------------------------------------
  data required time                                                          28.66
  data arrival time                                                           -8.99
  ------------------------------------------------------------------------------------
  slack (MET)                                                                 19.67


  Startpoint: DQPSK_CSK/Real_Sync_FIFO/wr_in_addr_reg[5]
              (rising edge-triggered flip-flop clocked by clk)
  Endpoint: DQPSK_CSK/CSK_GEN_DUT/samble_cnt_reg[4]
            (rising edge-triggered flip-flop clocked by clk)
  Path Group: clk
  Path Type: max

  Des/Clust/Port     Wire Load Model       Library
  ------------------------------------------------
  zigbee             140000                saed32hvt_ss0p75vn40c
  FIFO_mem_FIFO_WIDTH2_FIFO_DEPTH1024_0
                     35000                 saed32hvt_ss0p75vn40c
  dqpsk_csk_top_46_1024_2_6
                     70000                 saed32hvt_ss0p75vn40c
  CSK_GEN_WL6        8000                  saed32hvt_ss0p75vn40c

  Point                                          Cap     Trans      Incr       Path
  ------------------------------------------------------------------------------------
  clock clk (rise edge)                                             0.00       0.00
  clock network delay (ideal)                                       0.00       0.00
  DQPSK_CSK/Real_Sync_FIFO/wr_in_addr_reg[5]/CLK (DFFX1_HVT)
                                                          0.00      0.00 #     0.00 r
  DQPSK_CSK/Real_Sync_FIFO/wr_in_addr_reg[5]/Q (DFFX1_HVT)
                                                4.57      0.28      1.14       1.14 f
  DQPSK_CSK/Real_Sync_FIFO/U6115/Y (XNOR2X1_HVT)
                                                0.43      0.22      0.90       2.04 r
  DQPSK_CSK/Real_Sync_FIFO/U6116/Y (NAND3X0_HVT)
                                                0.46      0.32      0.46       2.50 f
  DQPSK_CSK/Real_Sync_FIFO/U6122/Y (NOR4X0_HVT)
                                                0.38      0.13      1.28       3.78 r
  DQPSK_CSK/Real_Sync_FIFO/U6123/Y (AND4X1_HVT)
                                                0.93      0.28      0.88       4.66 r
  DQPSK_CSK/Real_Sync_FIFO/empty_flag (FIFO_mem_FIFO_WIDTH2_FIFO_DEPTH1024_0)
                                                                    0.00       4.66 r
  DQPSK_CSK/U26/Y (NOR2X0_HVT)                  0.90      0.13      0.58       5.24 f
  DQPSK_CSK/CSK_GEN_DUT/en (CSK_GEN_WL6)                            0.00       5.24 f
  DQPSK_CSK/CSK_GEN_DUT/U327/Y (NOR4X0_HVT)     0.41      0.13      0.85       6.09 r
  DQPSK_CSK/CSK_GEN_DUT/U326/Y (AO21X1_HVT)     1.00      0.21      0.55       6.64 r
  DQPSK_CSK/CSK_GEN_DUT/U325/Y (INVX0_HVT)      0.37      0.10      0.17       6.81 f
  DQPSK_CSK/CSK_GEN_DUT/U324/Y (NAND2X0_HVT)
                                                1.48      0.32      0.24       7.05 r
  DQPSK_CSK/CSK_GEN_DUT/U323/Y (INVX0_HVT)      1.70      0.20      0.30       7.36 f
  DQPSK_CSK/CSK_GEN_DUT/U322/Y (AND2X1_HVT)     6.20      0.34      0.53       7.89 f
  DQPSK_CSK/CSK_GEN_DUT/U75/Y (NAND3X0_HVT)     0.38      0.21      0.33       8.22 r
  DQPSK_CSK/CSK_GEN_DUT/U74/Y (NAND2X0_HVT)     5.08      0.90      0.77       8.99 f
  DQPSK_CSK/CSK_GEN_DUT/samble_cnt_reg[4]/RSTB (DFFSSRX1_HVT)
                                                          0.90      0.00       8.99 f
  data arrival time                                                            8.99

  clock clk (rise edge)                                            31.25      31.25
  clock network delay (ideal)                                       0.00      31.25
  clock uncertainty                                                -0.94      30.31
  DQPSK_CSK/CSK_GEN_DUT/samble_cnt_reg[4]/CLK (DFFSSRX1_HVT)        0.00      30.31 r
  library setup time                                               -1.65      28.66
  data required time                                                          28.66
  ------------------------------------------------------------------------------------
  data required time                                                          28.66
  data arrival time                                                           -8.99
  ------------------------------------------------------------------------------------
  slack (MET)                                                                 19.67


  Startpoint: DQPSK_CSK/Real_Sync_FIFO/wr_in_addr_reg[5]
              (rising edge-triggered flip-flop clocked by clk)
  Endpoint: DQPSK_CSK/CSK_GEN_DUT/samble_cnt_reg[5]
            (rising edge-triggered flip-flop clocked by clk)
  Path Group: clk
  Path Type: max

  Des/Clust/Port     Wire Load Model       Library
  ------------------------------------------------
  zigbee             140000                saed32hvt_ss0p75vn40c
  FIFO_mem_FIFO_WIDTH2_FIFO_DEPTH1024_0
                     35000                 saed32hvt_ss0p75vn40c
  dqpsk_csk_top_46_1024_2_6
                     70000                 saed32hvt_ss0p75vn40c
  CSK_GEN_WL6        8000                  saed32hvt_ss0p75vn40c

  Point                                          Cap     Trans      Incr       Path
  ------------------------------------------------------------------------------------
  clock clk (rise edge)                                             0.00       0.00
  clock network delay (ideal)                                       0.00       0.00
  DQPSK_CSK/Real_Sync_FIFO/wr_in_addr_reg[5]/CLK (DFFX1_HVT)
                                                          0.00      0.00 #     0.00 r
  DQPSK_CSK/Real_Sync_FIFO/wr_in_addr_reg[5]/Q (DFFX1_HVT)
                                                4.57      0.28      1.14       1.14 f
  DQPSK_CSK/Real_Sync_FIFO/U6115/Y (XNOR2X1_HVT)
                                                0.43      0.22      0.90       2.04 r
  DQPSK_CSK/Real_Sync_FIFO/U6116/Y (NAND3X0_HVT)
                                                0.46      0.32      0.46       2.50 f
  DQPSK_CSK/Real_Sync_FIFO/U6122/Y (NOR4X0_HVT)
                                                0.38      0.13      1.28       3.78 r
  DQPSK_CSK/Real_Sync_FIFO/U6123/Y (AND4X1_HVT)
                                                0.93      0.28      0.88       4.66 r
  DQPSK_CSK/Real_Sync_FIFO/empty_flag (FIFO_mem_FIFO_WIDTH2_FIFO_DEPTH1024_0)
                                                                    0.00       4.66 r
  DQPSK_CSK/U26/Y (NOR2X0_HVT)                  0.90      0.13      0.58       5.24 f
  DQPSK_CSK/CSK_GEN_DUT/en (CSK_GEN_WL6)                            0.00       5.24 f
  DQPSK_CSK/CSK_GEN_DUT/U327/Y (NOR4X0_HVT)     0.41      0.13      0.85       6.09 r
  DQPSK_CSK/CSK_GEN_DUT/U326/Y (AO21X1_HVT)     1.00      0.21      0.55       6.64 r
  DQPSK_CSK/CSK_GEN_DUT/U325/Y (INVX0_HVT)      0.37      0.10      0.17       6.81 f
  DQPSK_CSK/CSK_GEN_DUT/U324/Y (NAND2X0_HVT)
                                                1.48      0.32      0.24       7.05 r
  DQPSK_CSK/CSK_GEN_DUT/U323/Y (INVX0_HVT)      1.70      0.20      0.30       7.36 f
  DQPSK_CSK/CSK_GEN_DUT/U322/Y (AND2X1_HVT)     6.20      0.34      0.53       7.89 f
  DQPSK_CSK/CSK_GEN_DUT/U75/Y (NAND3X0_HVT)     0.38      0.21      0.33       8.22 r
  DQPSK_CSK/CSK_GEN_DUT/U74/Y (NAND2X0_HVT)     5.08      0.90      0.77       8.99 f
  DQPSK_CSK/CSK_GEN_DUT/samble_cnt_reg[5]/RSTB (DFFSSRX1_HVT)
                                                          0.90      0.00       8.99 f
  data arrival time                                                            8.99

  clock clk (rise edge)                                            31.25      31.25
  clock network delay (ideal)                                       0.00      31.25
  clock uncertainty                                                -0.94      30.31
  DQPSK_CSK/CSK_GEN_DUT/samble_cnt_reg[5]/CLK (DFFSSRX1_HVT)        0.00      30.31 r
  library setup time                                               -1.65      28.66
  data required time                                                          28.66
  ------------------------------------------------------------------------------------
  data required time                                                          28.66
  data arrival time                                                           -8.99
  ------------------------------------------------------------------------------------
  slack (MET)                                                                 19.67


  Startpoint: DQPSK_CSK/Real_Sync_FIFO/wr_in_addr_reg[5]
              (rising edge-triggered flip-flop clocked by clk)
  Endpoint: DQPSK_CSK/CSK_GEN_DUT/samble_cnt_reg[6]
            (rising edge-triggered flip-flop clocked by clk)
  Path Group: clk
  Path Type: max

  Des/Clust/Port     Wire Load Model       Library
  ------------------------------------------------
  zigbee             140000                saed32hvt_ss0p75vn40c
  FIFO_mem_FIFO_WIDTH2_FIFO_DEPTH1024_0
                     35000                 saed32hvt_ss0p75vn40c
  dqpsk_csk_top_46_1024_2_6
                     70000                 saed32hvt_ss0p75vn40c
  CSK_GEN_WL6        8000                  saed32hvt_ss0p75vn40c

  Point                                          Cap     Trans      Incr       Path
  ------------------------------------------------------------------------------------
  clock clk (rise edge)                                             0.00       0.00
  clock network delay (ideal)                                       0.00       0.00
  DQPSK_CSK/Real_Sync_FIFO/wr_in_addr_reg[5]/CLK (DFFX1_HVT)
                                                          0.00      0.00 #     0.00 r
  DQPSK_CSK/Real_Sync_FIFO/wr_in_addr_reg[5]/Q (DFFX1_HVT)
                                                4.57      0.28      1.14       1.14 f
  DQPSK_CSK/Real_Sync_FIFO/U6115/Y (XNOR2X1_HVT)
                                                0.43      0.22      0.90       2.04 r
  DQPSK_CSK/Real_Sync_FIFO/U6116/Y (NAND3X0_HVT)
                                                0.46      0.32      0.46       2.50 f
  DQPSK_CSK/Real_Sync_FIFO/U6122/Y (NOR4X0_HVT)
                                                0.38      0.13      1.28       3.78 r
  DQPSK_CSK/Real_Sync_FIFO/U6123/Y (AND4X1_HVT)
                                                0.93      0.28      0.88       4.66 r
  DQPSK_CSK/Real_Sync_FIFO/empty_flag (FIFO_mem_FIFO_WIDTH2_FIFO_DEPTH1024_0)
                                                                    0.00       4.66 r
  DQPSK_CSK/U26/Y (NOR2X0_HVT)                  0.90      0.13      0.58       5.24 f
  DQPSK_CSK/CSK_GEN_DUT/en (CSK_GEN_WL6)                            0.00       5.24 f
  DQPSK_CSK/CSK_GEN_DUT/U327/Y (NOR4X0_HVT)     0.41      0.13      0.85       6.09 r
  DQPSK_CSK/CSK_GEN_DUT/U326/Y (AO21X1_HVT)     1.00      0.21      0.55       6.64 r
  DQPSK_CSK/CSK_GEN_DUT/U325/Y (INVX0_HVT)      0.37      0.10      0.17       6.81 f
  DQPSK_CSK/CSK_GEN_DUT/U324/Y (NAND2X0_HVT)
                                                1.48      0.32      0.24       7.05 r
  DQPSK_CSK/CSK_GEN_DUT/U323/Y (INVX0_HVT)      1.70      0.20      0.30       7.36 f
  DQPSK_CSK/CSK_GEN_DUT/U322/Y (AND2X1_HVT)     6.20      0.34      0.53       7.89 f
  DQPSK_CSK/CSK_GEN_DUT/U75/Y (NAND3X0_HVT)     0.38      0.21      0.33       8.22 r
  DQPSK_CSK/CSK_GEN_DUT/U74/Y (NAND2X0_HVT)     5.08      0.90      0.77       8.99 f
  DQPSK_CSK/CSK_GEN_DUT/samble_cnt_reg[6]/RSTB (DFFSSRX1_HVT)
                                                          0.90      0.00       8.99 f
  data arrival time                                                            8.99

  clock clk (rise edge)                                            31.25      31.25
  clock network delay (ideal)                                       0.00      31.25
  clock uncertainty                                                -0.94      30.31
  DQPSK_CSK/CSK_GEN_DUT/samble_cnt_reg[6]/CLK (DFFSSRX1_HVT)        0.00      30.31 r
  library setup time                                               -1.65      28.66
  data required time                                                          28.66
  ------------------------------------------------------------------------------------
  data required time                                                          28.66
  data arrival time                                                           -8.99
  ------------------------------------------------------------------------------------
  slack (MET)                                                                 19.67


  Startpoint: rst_n (input port clocked by clk)
  Endpoint: ZeroPadding/data_i_reg_reg[2]
            (rising edge-triggered flip-flop clocked by clk)
  Path Group: clk
  Path Type: max

  Des/Clust/Port     Wire Load Model       Library
  ------------------------------------------------
  zigbee             140000                saed32hvt_ss0p75vn40c
  zeropadding_8_46_127_12
                     8000                  saed32hvt_ss0p75vn40c

  Point                                          Cap     Trans      Incr       Path
  ------------------------------------------------------------------------------------
  clock clk (rise edge)                                             0.00       0.00
  clock network delay (ideal)                                       0.00       0.00
  input external delay                                              6.25       6.25 r
  rst_n (in)                                    0.00      0.00      0.00       6.25 r
  ZeroPadding/rst_n (zeropadding_8_46_127_12)                       0.00       6.25 r
  ZeroPadding/U110/Y (NAND2X0_HVT)              1.07      0.28      0.20       6.45 f
  ZeroPadding/U8/Y (INVX1_HVT)                  3.03      0.22      0.30       6.75 r
  ZeroPadding/U107/Y (NAND2X0_HVT)              1.87      0.40      0.45       7.20 f
  ZeroPadding/U7/Y (INVX1_HVT)                  2.13      0.23      0.36       7.56 r
  ZeroPadding/U105/Y (AO21X1_HVT)               1.12      0.21      0.57       8.14 r
  ZeroPadding/U46/Y (AND2X1_HVT)                0.99      0.16      0.48       8.61 r
  ZeroPadding/U45/Y (AND2X1_HVT)                2.56      0.22      0.43       9.05 r
  ZeroPadding/U41/Y (AO222X1_HVT)               0.47      0.27      0.89       9.93 r
  ZeroPadding/data_i_reg_reg[2]/D (DFFX1_HVT)             0.27      0.00       9.93 r
  data arrival time                                                            9.93

  clock clk (rise edge)                                            31.25      31.25
  clock network delay (ideal)                                       0.00      31.25
  clock uncertainty                                                -0.94      30.31
  ZeroPadding/data_i_reg_reg[2]/CLK (DFFX1_HVT)                     0.00      30.31 r
  library setup time                                               -0.68      29.63
  data required time                                                          29.63
  ------------------------------------------------------------------------------------
  data required time                                                          29.63
  data arrival time                                                           -9.93
  ------------------------------------------------------------------------------------
  slack (MET)                                                                 19.70


  Startpoint: rst_n (input port clocked by clk)
  Endpoint: ZeroPadding/data_i_reg_reg[3]
            (rising edge-triggered flip-flop clocked by clk)
  Path Group: clk
  Path Type: max

  Des/Clust/Port     Wire Load Model       Library
  ------------------------------------------------
  zigbee             140000                saed32hvt_ss0p75vn40c
  zeropadding_8_46_127_12
                     8000                  saed32hvt_ss0p75vn40c

  Point                                          Cap     Trans      Incr       Path
  ------------------------------------------------------------------------------------
  clock clk (rise edge)                                             0.00       0.00
  clock network delay (ideal)                                       0.00       0.00
  input external delay                                              6.25       6.25 r
  rst_n (in)                                    0.00      0.00      0.00       6.25 r
  ZeroPadding/rst_n (zeropadding_8_46_127_12)                       0.00       6.25 r
  ZeroPadding/U110/Y (NAND2X0_HVT)              1.07      0.28      0.20       6.45 f
  ZeroPadding/U8/Y (INVX1_HVT)                  3.03      0.22      0.30       6.75 r
  ZeroPadding/U107/Y (NAND2X0_HVT)              1.87      0.40      0.45       7.20 f
  ZeroPadding/U7/Y (INVX1_HVT)                  2.13      0.23      0.36       7.56 r
  ZeroPadding/U105/Y (AO21X1_HVT)               1.12      0.21      0.57       8.14 r
  ZeroPadding/U46/Y (AND2X1_HVT)                0.99      0.16      0.48       8.61 r
  ZeroPadding/U45/Y (AND2X1_HVT)                2.56      0.22      0.43       9.05 r
  ZeroPadding/U40/Y (AO222X1_HVT)               0.47      0.27      0.89       9.93 r
  ZeroPadding/data_i_reg_reg[3]/D (DFFX1_HVT)             0.27      0.00       9.93 r
  data arrival time                                                            9.93

  clock clk (rise edge)                                            31.25      31.25
  clock network delay (ideal)                                       0.00      31.25
  clock uncertainty                                                -0.94      30.31
  ZeroPadding/data_i_reg_reg[3]/CLK (DFFX1_HVT)                     0.00      30.31 r
  library setup time                                               -0.68      29.63
  data required time                                                          29.63
  ------------------------------------------------------------------------------------
  data required time                                                          29.63
  data arrival time                                                           -9.93
  ------------------------------------------------------------------------------------
  slack (MET)                                                                 19.70


  Startpoint: rst_n (input port clocked by clk)
  Endpoint: ZeroPadding/data_i_reg_reg[4]
            (rising edge-triggered flip-flop clocked by clk)
  Path Group: clk
  Path Type: max

  Des/Clust/Port     Wire Load Model       Library
  ------------------------------------------------
  zigbee             140000                saed32hvt_ss0p75vn40c
  zeropadding_8_46_127_12
                     8000                  saed32hvt_ss0p75vn40c

  Point                                          Cap     Trans      Incr       Path
  ------------------------------------------------------------------------------------
  clock clk (rise edge)                                             0.00       0.00
  clock network delay (ideal)                                       0.00       0.00
  input external delay                                              6.25       6.25 r
  rst_n (in)                                    0.00      0.00      0.00       6.25 r
  ZeroPadding/rst_n (zeropadding_8_46_127_12)                       0.00       6.25 r
  ZeroPadding/U110/Y (NAND2X0_HVT)              1.07      0.28      0.20       6.45 f
  ZeroPadding/U8/Y (INVX1_HVT)                  3.03      0.22      0.30       6.75 r
  ZeroPadding/U107/Y (NAND2X0_HVT)              1.87      0.40      0.45       7.20 f
  ZeroPadding/U7/Y (INVX1_HVT)                  2.13      0.23      0.36       7.56 r
  ZeroPadding/U105/Y (AO21X1_HVT)               1.12      0.21      0.57       8.14 r
  ZeroPadding/U46/Y (AND2X1_HVT)                0.99      0.16      0.48       8.61 r
  ZeroPadding/U45/Y (AND2X1_HVT)                2.56      0.22      0.43       9.05 r
  ZeroPadding/U39/Y (AO222X1_HVT)               0.47      0.27      0.89       9.93 r
  ZeroPadding/data_i_reg_reg[4]/D (DFFX1_HVT)             0.27      0.00       9.93 r
  data arrival time                                                            9.93

  clock clk (rise edge)                                            31.25      31.25
  clock network delay (ideal)                                       0.00      31.25
  clock uncertainty                                                -0.94      30.31
  ZeroPadding/data_i_reg_reg[4]/CLK (DFFX1_HVT)                     0.00      30.31 r
  library setup time                                               -0.68      29.63
  data required time                                                          29.63
  ------------------------------------------------------------------------------------
  data required time                                                          29.63
  data arrival time                                                           -9.93
  ------------------------------------------------------------------------------------
  slack (MET)                                                                 19.70


  Startpoint: rst_n (input port clocked by clk)
  Endpoint: ZeroPadding/data_i_reg_reg[5]
            (rising edge-triggered flip-flop clocked by clk)
  Path Group: clk
  Path Type: max

  Des/Clust/Port     Wire Load Model       Library
  ------------------------------------------------
  zigbee             140000                saed32hvt_ss0p75vn40c
  zeropadding_8_46_127_12
                     8000                  saed32hvt_ss0p75vn40c

  Point                                          Cap     Trans      Incr       Path
  ------------------------------------------------------------------------------------
  clock clk (rise edge)                                             0.00       0.00
  clock network delay (ideal)                                       0.00       0.00
  input external delay                                              6.25       6.25 r
  rst_n (in)                                    0.00      0.00      0.00       6.25 r
  ZeroPadding/rst_n (zeropadding_8_46_127_12)                       0.00       6.25 r
  ZeroPadding/U110/Y (NAND2X0_HVT)              1.07      0.28      0.20       6.45 f
  ZeroPadding/U8/Y (INVX1_HVT)                  3.03      0.22      0.30       6.75 r
  ZeroPadding/U107/Y (NAND2X0_HVT)              1.87      0.40      0.45       7.20 f
  ZeroPadding/U7/Y (INVX1_HVT)                  2.13      0.23      0.36       7.56 r
  ZeroPadding/U105/Y (AO21X1_HVT)               1.12      0.21      0.57       8.14 r
  ZeroPadding/U46/Y (AND2X1_HVT)                0.99      0.16      0.48       8.61 r
  ZeroPadding/U45/Y (AND2X1_HVT)                2.56      0.22      0.43       9.05 r
  ZeroPadding/U38/Y (AO222X1_HVT)               0.47      0.27      0.89       9.93 r
  ZeroPadding/data_i_reg_reg[5]/D (DFFX1_HVT)             0.27      0.00       9.93 r
  data arrival time                                                            9.93

  clock clk (rise edge)                                            31.25      31.25
  clock network delay (ideal)                                       0.00      31.25
  clock uncertainty                                                -0.94      30.31
  ZeroPadding/data_i_reg_reg[5]/CLK (DFFX1_HVT)                     0.00      30.31 r
  library setup time                                               -0.68      29.63
  data required time                                                          29.63
  ------------------------------------------------------------------------------------
  data required time                                                          29.63
  data arrival time                                                           -9.93
  ------------------------------------------------------------------------------------
  slack (MET)                                                                 19.70


  Startpoint: rst_n (input port clocked by clk)
  Endpoint: ZeroPadding/data_i_reg_reg[6]
            (rising edge-triggered flip-flop clocked by clk)
  Path Group: clk
  Path Type: max

  Des/Clust/Port     Wire Load Model       Library
  ------------------------------------------------
  zigbee             140000                saed32hvt_ss0p75vn40c
  zeropadding_8_46_127_12
                     8000                  saed32hvt_ss0p75vn40c

  Point                                          Cap     Trans      Incr       Path
  ------------------------------------------------------------------------------------
  clock clk (rise edge)                                             0.00       0.00
  clock network delay (ideal)                                       0.00       0.00
  input external delay                                              6.25       6.25 r
  rst_n (in)                                    0.00      0.00      0.00       6.25 r
  ZeroPadding/rst_n (zeropadding_8_46_127_12)                       0.00       6.25 r
  ZeroPadding/U110/Y (NAND2X0_HVT)              1.07      0.28      0.20       6.45 f
  ZeroPadding/U8/Y (INVX1_HVT)                  3.03      0.22      0.30       6.75 r
  ZeroPadding/U107/Y (NAND2X0_HVT)              1.87      0.40      0.45       7.20 f
  ZeroPadding/U7/Y (INVX1_HVT)                  2.13      0.23      0.36       7.56 r
  ZeroPadding/U105/Y (AO21X1_HVT)               1.12      0.21      0.57       8.14 r
  ZeroPadding/U46/Y (AND2X1_HVT)                0.99      0.16      0.48       8.61 r
  ZeroPadding/U45/Y (AND2X1_HVT)                2.56      0.22      0.43       9.05 r
  ZeroPadding/U43/Y (AO222X1_HVT)               0.47      0.27      0.89       9.93 r
  ZeroPadding/data_i_reg_reg[6]/D (DFFX1_HVT)             0.27      0.00       9.93 r
  data arrival time                                                            9.93

  clock clk (rise edge)                                            31.25      31.25
  clock network delay (ideal)                                       0.00      31.25
  clock uncertainty                                                -0.94      30.31
  ZeroPadding/data_i_reg_reg[6]/CLK (DFFX1_HVT)                     0.00      30.31 r
  library setup time                                               -0.68      29.63
  data required time                                                          29.63
  ------------------------------------------------------------------------------------
  data required time                                                          29.63
  data arrival time                                                           -9.93
  ------------------------------------------------------------------------------------
  slack (MET)                                                                 19.70


  Startpoint: rst_n (input port clocked by clk)
  Endpoint: ZeroPadding/data_i_reg_reg[7]
            (rising edge-triggered flip-flop clocked by clk)
  Path Group: clk
  Path Type: max

  Des/Clust/Port     Wire Load Model       Library
  ------------------------------------------------
  zigbee             140000                saed32hvt_ss0p75vn40c
  zeropadding_8_46_127_12
                     8000                  saed32hvt_ss0p75vn40c

  Point                                          Cap     Trans      Incr       Path
  ------------------------------------------------------------------------------------
  clock clk (rise edge)                                             0.00       0.00
  clock network delay (ideal)                                       0.00       0.00
  input external delay                                              6.25       6.25 r
  rst_n (in)                                    0.00      0.00      0.00       6.25 r
  ZeroPadding/rst_n (zeropadding_8_46_127_12)                       0.00       6.25 r
  ZeroPadding/U110/Y (NAND2X0_HVT)              1.07      0.28      0.20       6.45 f
  ZeroPadding/U8/Y (INVX1_HVT)                  3.03      0.22      0.30       6.75 r
  ZeroPadding/U107/Y (NAND2X0_HVT)              1.87      0.40      0.45       7.20 f
  ZeroPadding/U7/Y (INVX1_HVT)                  2.13      0.23      0.36       7.56 r
  ZeroPadding/U105/Y (AO21X1_HVT)               1.12      0.21      0.57       8.14 r
  ZeroPadding/U46/Y (AND2X1_HVT)                0.99      0.16      0.48       8.61 r
  ZeroPadding/U45/Y (AND2X1_HVT)                2.56      0.22      0.43       9.05 r
  ZeroPadding/U37/Y (AO222X1_HVT)               0.47      0.27      0.89       9.93 r
  ZeroPadding/data_i_reg_reg[7]/D (DFFX1_HVT)             0.27      0.00       9.93 r
  data arrival time                                                            9.93

  clock clk (rise edge)                                            31.25      31.25
  clock network delay (ideal)                                       0.00      31.25
  clock uncertainty                                                -0.94      30.31
  ZeroPadding/data_i_reg_reg[7]/CLK (DFFX1_HVT)                     0.00      30.31 r
  library setup time                                               -0.68      29.63
  data required time                                                          29.63
  ------------------------------------------------------------------------------------
  data required time                                                          29.63
  data arrival time                                                           -9.93
  ------------------------------------------------------------------------------------
  slack (MET)                                                                 19.70


  Startpoint: DQPSK_CSK/CSK_GEN_DUT/csk_out_i_reg[0]
              (rising edge-triggered flip-flop clocked by clk)
  Endpoint: DQPSK_CSK/tx_real_reg[2]
            (rising edge-triggered flip-flop clocked by clk)
  Path Group: clk
  Path Type: max

  Des/Clust/Port     Wire Load Model       Library
  ------------------------------------------------
  zigbee             140000                saed32hvt_ss0p75vn40c
  dqpsk_csk_top_46_1024_2_6
                     70000                 saed32hvt_ss0p75vn40c
  dqpsk_csk_top_46_1024_2_6_DW02_mult_2
                     8000                  saed32hvt_ss0p75vn40c
  dqpsk_csk_top_46_1024_2_6_DW01_add_3
                     ForQA                 saed32hvt_ss0p75vn40c
  dqpsk_csk_top_46_1024_2_6_DW01_sub_0
                     ForQA                 saed32hvt_ss0p75vn40c

  Point                                          Cap     Trans      Incr       Path
  ------------------------------------------------------------------------------------
  clock clk (rise edge)                                             0.00       0.00
  clock network delay (ideal)                                       0.00       0.00
  DQPSK_CSK/CSK_GEN_DUT/csk_out_i_reg[0]/CLK (DFFSSRX1_HVT)
                                                          0.00      0.00 #     0.00 r
  DQPSK_CSK/CSK_GEN_DUT/csk_out_i_reg[0]/Q (DFFSSRX1_HVT)
                                                2.49      0.24      1.17       1.17 f
  DQPSK_CSK/CSK_GEN_DUT/csk_out_i[0] (CSK_GEN_WL6)                  0.00       1.17 f
  DQPSK_CSK/mult_137_2/B[0] (dqpsk_csk_top_46_1024_2_6_DW02_mult_2)
                                                                    0.00       1.17 f
  DQPSK_CSK/mult_137_2/U10/Y (INVX0_HVT)        1.35      0.17      0.26       1.43 r
  DQPSK_CSK/mult_137_2/U23/Y (AND2X1_HVT)       1.70      0.18      0.46       1.89 r
  DQPSK_CSK/mult_137_2/U22/Y (XOR2X1_HVT)       0.38      0.25      0.98       2.87 f
  DQPSK_CSK/mult_137_2/U6/Y (MUX21X1_HVT)       0.88      0.33      0.80       3.67 f
  DQPSK_CSK/mult_137_2/U48/Y (AND2X1_HVT)       0.91      0.15      0.51       4.18 f
  DQPSK_CSK/mult_137_2/FS_2/A[1] (dqpsk_csk_top_46_1024_2_6_DW01_add_3)
                                                                    0.00       4.18 f
  DQPSK_CSK/mult_137_2/FS_2/U26/Y (OR2X1_HVT)
                                                1.56      0.17      0.43       4.61 f
  DQPSK_CSK/mult_137_2/FS_2/U13/Y (NAND2X0_HVT)
                                                1.15      0.29      0.27       4.88 r
  DQPSK_CSK/mult_137_2/FS_2/U12/Y (XOR2X1_HVT)
                                                0.87      0.27      1.09       5.97 f
  DQPSK_CSK/mult_137_2/FS_2/SUM[1] (dqpsk_csk_top_46_1024_2_6_DW01_add_3)
                                                                    0.00       5.97 f
  DQPSK_CSK/mult_137_2/U55/Y (INVX0_HVT)        1.72      0.20      0.29       6.26 r
  DQPSK_CSK/mult_137_2/U27/Y (XOR2X1_HVT)       0.38      0.25      0.93       7.19 f
  DQPSK_CSK/mult_137_2/U62/Y (MUX21X1_HVT)      0.63      0.32      0.78       7.98 f
  DQPSK_CSK/mult_137_2/PRODUCT[2] (dqpsk_csk_top_46_1024_2_6_DW02_mult_2)
                                                                    0.00       7.98 f
  DQPSK_CSK/sub_137/B[2] (dqpsk_csk_top_46_1024_2_6_DW01_sub_0)     0.00       7.98 f
  DQPSK_CSK/sub_137/U8/Y (INVX1_HVT)            1.96      0.19      0.30       8.28 r
  DQPSK_CSK/sub_137/U2_2/S (FADDX1_HVT)         0.41      0.24      1.12       9.40 f
  DQPSK_CSK/sub_137/DIFF[2] (dqpsk_csk_top_46_1024_2_6_DW01_sub_0)
                                                                    0.00       9.40 f
  DQPSK_CSK/tx_real_reg[2]/D (DFFSSRX1_HVT)               0.24      0.00       9.40 f
  data arrival time                                                            9.40

  clock clk (rise edge)                                            31.25      31.25
  clock network delay (ideal)                                       0.00      31.25
  clock uncertainty                                                -0.94      30.31
  DQPSK_CSK/tx_real_reg[2]/CLK (DFFSSRX1_HVT)                       0.00      30.31 r
  library setup time                                               -1.19      29.13
  data required time                                                          29.13
  ------------------------------------------------------------------------------------
  data required time                                                          29.13
  data arrival time                                                           -9.40
  ------------------------------------------------------------------------------------
  slack (MET)                                                                 19.72


  Startpoint: rst_n (input port clocked by clk)
  Endpoint: symbol_mapper_to_ppdu/u_form_ppdu/bit_count_reg[0]
            (rising edge-triggered flip-flop clocked by clk)
  Path Group: clk
  Path Type: max

  Des/Clust/Port     Wire Load Model       Library
  ------------------------------------------------
  zigbee             140000                saed32hvt_ss0p75vn40c
  form_ppdu_46       8000                  saed32hvt_ss0p75vn40c

  Point                                          Cap     Trans      Incr       Path
  ------------------------------------------------------------------------------------
  clock clk (rise edge)                                             0.00       0.00
  clock network delay (ideal)                                       0.00       0.00
  input external delay                                              6.25       6.25 r
  rst_n (in)                                    0.00      0.00      0.00       6.25 r
  symbol_mapper_to_ppdu/rst_n (top_sym_to_ppdu_46)                  0.00       6.25 r
  symbol_mapper_to_ppdu/u_form_ppdu/rst_n (form_ppdu_46)            0.00       6.25 r
  symbol_mapper_to_ppdu/u_form_ppdu/U223/Y (NAND3X0_HVT)
                                                2.94      0.88      0.69       6.94 f
  symbol_mapper_to_ppdu/u_form_ppdu/U152/Y (INVX1_HVT)
                                                5.52      0.51      0.79       7.73 r
  symbol_mapper_to_ppdu/u_form_ppdu/U222/Y (NAND2X0_HVT)
                                                1.05      0.34      0.48       8.21 f
  symbol_mapper_to_ppdu/u_form_ppdu/U221/Y (AND2X1_HVT)
                                                0.91      0.15      0.51       8.73 f
  symbol_mapper_to_ppdu/u_form_ppdu/U219/Y (AND2X1_HVT)
                                                2.68      0.21      0.40       9.13 f
  symbol_mapper_to_ppdu/u_form_ppdu/U269/Y (AO221X1_HVT)
                                                0.44      0.21      0.79       9.92 f
  symbol_mapper_to_ppdu/u_form_ppdu/bit_count_reg[0]/D (DFFX1_HVT)
                                                          0.21      0.00       9.92 f
  data arrival time                                                            9.92

  clock clk (rise edge)                                            31.25      31.25
  clock network delay (ideal)                                       0.00      31.25
  clock uncertainty                                                -0.94      30.31
  symbol_mapper_to_ppdu/u_form_ppdu/bit_count_reg[0]/CLK (DFFX1_HVT)
                                                                    0.00      30.31 r
  library setup time                                               -0.65      29.67
  data required time                                                          29.67
  ------------------------------------------------------------------------------------
  data required time                                                          29.67
  data arrival time                                                           -9.92
  ------------------------------------------------------------------------------------
  slack (MET)                                                                 19.75


  Startpoint: rst_n (input port clocked by clk)
  Endpoint: symbol_mapper_to_ppdu/u_form_ppdu/bit_count_reg[1]
            (rising edge-triggered flip-flop clocked by clk)
  Path Group: clk
  Path Type: max

  Des/Clust/Port     Wire Load Model       Library
  ------------------------------------------------
  zigbee             140000                saed32hvt_ss0p75vn40c
  form_ppdu_46       8000                  saed32hvt_ss0p75vn40c

  Point                                          Cap     Trans      Incr       Path
  ------------------------------------------------------------------------------------
  clock clk (rise edge)                                             0.00       0.00
  clock network delay (ideal)                                       0.00       0.00
  input external delay                                              6.25       6.25 r
  rst_n (in)                                    0.00      0.00      0.00       6.25 r
  symbol_mapper_to_ppdu/rst_n (top_sym_to_ppdu_46)                  0.00       6.25 r
  symbol_mapper_to_ppdu/u_form_ppdu/rst_n (form_ppdu_46)            0.00       6.25 r
  symbol_mapper_to_ppdu/u_form_ppdu/U223/Y (NAND3X0_HVT)
                                                2.94      0.88      0.69       6.94 f
  symbol_mapper_to_ppdu/u_form_ppdu/U152/Y (INVX1_HVT)
                                                5.52      0.51      0.79       7.73 r
  symbol_mapper_to_ppdu/u_form_ppdu/U222/Y (NAND2X0_HVT)
                                                1.05      0.34      0.48       8.21 f
  symbol_mapper_to_ppdu/u_form_ppdu/U221/Y (AND2X1_HVT)
                                                0.91      0.15      0.51       8.73 f
  symbol_mapper_to_ppdu/u_form_ppdu/U219/Y (AND2X1_HVT)
                                                2.68      0.21      0.40       9.13 f
  symbol_mapper_to_ppdu/u_form_ppdu/U268/Y (AO221X1_HVT)
                                                0.44      0.21      0.79       9.92 f
  symbol_mapper_to_ppdu/u_form_ppdu/bit_count_reg[1]/D (DFFX1_HVT)
                                                          0.21      0.00       9.92 f
  data arrival time                                                            9.92

  clock clk (rise edge)                                            31.25      31.25
  clock network delay (ideal)                                       0.00      31.25
  clock uncertainty                                                -0.94      30.31
  symbol_mapper_to_ppdu/u_form_ppdu/bit_count_reg[1]/CLK (DFFX1_HVT)
                                                                    0.00      30.31 r
  library setup time                                               -0.65      29.67
  data required time                                                          29.67
  ------------------------------------------------------------------------------------
  data required time                                                          29.67
  data arrival time                                                           -9.92
  ------------------------------------------------------------------------------------
  slack (MET)                                                                 19.75


  Startpoint: rst_n (input port clocked by clk)
  Endpoint: symbol_mapper_to_ppdu/u_form_ppdu/bit_count_reg[2]
            (rising edge-triggered flip-flop clocked by clk)
  Path Group: clk
  Path Type: max

  Des/Clust/Port     Wire Load Model       Library
  ------------------------------------------------
  zigbee             140000                saed32hvt_ss0p75vn40c
  form_ppdu_46       8000                  saed32hvt_ss0p75vn40c

  Point                                          Cap     Trans      Incr       Path
  ------------------------------------------------------------------------------------
  clock clk (rise edge)                                             0.00       0.00
  clock network delay (ideal)                                       0.00       0.00
  input external delay                                              6.25       6.25 r
  rst_n (in)                                    0.00      0.00      0.00       6.25 r
  symbol_mapper_to_ppdu/rst_n (top_sym_to_ppdu_46)                  0.00       6.25 r
  symbol_mapper_to_ppdu/u_form_ppdu/rst_n (form_ppdu_46)            0.00       6.25 r
  symbol_mapper_to_ppdu/u_form_ppdu/U223/Y (NAND3X0_HVT)
                                                2.94      0.88      0.69       6.94 f
  symbol_mapper_to_ppdu/u_form_ppdu/U152/Y (INVX1_HVT)
                                                5.52      0.51      0.79       7.73 r
  symbol_mapper_to_ppdu/u_form_ppdu/U222/Y (NAND2X0_HVT)
                                                1.05      0.34      0.48       8.21 f
  symbol_mapper_to_ppdu/u_form_ppdu/U221/Y (AND2X1_HVT)
                                                0.91      0.15      0.51       8.73 f
  symbol_mapper_to_ppdu/u_form_ppdu/U219/Y (AND2X1_HVT)
                                                2.68      0.21      0.40       9.13 f
  symbol_mapper_to_ppdu/u_form_ppdu/U267/Y (AO221X1_HVT)
                                                0.44      0.21      0.79       9.92 f
  symbol_mapper_to_ppdu/u_form_ppdu/bit_count_reg[2]/D (DFFX1_HVT)
                                                          0.21      0.00       9.92 f
  data arrival time                                                            9.92

  clock clk (rise edge)                                            31.25      31.25
  clock network delay (ideal)                                       0.00      31.25
  clock uncertainty                                                -0.94      30.31
  symbol_mapper_to_ppdu/u_form_ppdu/bit_count_reg[2]/CLK (DFFX1_HVT)
                                                                    0.00      30.31 r
  library setup time                                               -0.65      29.67
  data required time                                                          29.67
  ------------------------------------------------------------------------------------
  data required time                                                          29.67
  data arrival time                                                           -9.92
  ------------------------------------------------------------------------------------
  slack (MET)                                                                 19.75


  Startpoint: rst_n (input port clocked by clk)
  Endpoint: symbol_mapper_to_ppdu/u_form_ppdu/bit_count_reg[3]
            (rising edge-triggered flip-flop clocked by clk)
  Path Group: clk
  Path Type: max

  Des/Clust/Port     Wire Load Model       Library
  ------------------------------------------------
  zigbee             140000                saed32hvt_ss0p75vn40c
  form_ppdu_46       8000                  saed32hvt_ss0p75vn40c

  Point                                          Cap     Trans      Incr       Path
  ------------------------------------------------------------------------------------
  clock clk (rise edge)                                             0.00       0.00
  clock network delay (ideal)                                       0.00       0.00
  input external delay                                              6.25       6.25 r
  rst_n (in)                                    0.00      0.00      0.00       6.25 r
  symbol_mapper_to_ppdu/rst_n (top_sym_to_ppdu_46)                  0.00       6.25 r
  symbol_mapper_to_ppdu/u_form_ppdu/rst_n (form_ppdu_46)            0.00       6.25 r
  symbol_mapper_to_ppdu/u_form_ppdu/U223/Y (NAND3X0_HVT)
                                                2.94      0.88      0.69       6.94 f
  symbol_mapper_to_ppdu/u_form_ppdu/U152/Y (INVX1_HVT)
                                                5.52      0.51      0.79       7.73 r
  symbol_mapper_to_ppdu/u_form_ppdu/U222/Y (NAND2X0_HVT)
                                                1.05      0.34      0.48       8.21 f
  symbol_mapper_to_ppdu/u_form_ppdu/U221/Y (AND2X1_HVT)
                                                0.91      0.15      0.51       8.73 f
  symbol_mapper_to_ppdu/u_form_ppdu/U219/Y (AND2X1_HVT)
                                                2.68      0.21      0.40       9.13 f
  symbol_mapper_to_ppdu/u_form_ppdu/U266/Y (AO221X1_HVT)
                                                0.44      0.21      0.79       9.92 f
  symbol_mapper_to_ppdu/u_form_ppdu/bit_count_reg[3]/D (DFFX1_HVT)
                                                          0.21      0.00       9.92 f
  data arrival time                                                            9.92

  clock clk (rise edge)                                            31.25      31.25
  clock network delay (ideal)                                       0.00      31.25
  clock uncertainty                                                -0.94      30.31
  symbol_mapper_to_ppdu/u_form_ppdu/bit_count_reg[3]/CLK (DFFX1_HVT)
                                                                    0.00      30.31 r
  library setup time                                               -0.65      29.67
  data required time                                                          29.67
  ------------------------------------------------------------------------------------
  data required time                                                          29.67
  data arrival time                                                           -9.92
  ------------------------------------------------------------------------------------
  slack (MET)                                                                 19.75


  Startpoint: rst_n (input port clocked by clk)
  Endpoint: symbol_mapper_to_ppdu/u_form_ppdu/bit_count_reg[5]
            (rising edge-triggered flip-flop clocked by clk)
  Path Group: clk
  Path Type: max

  Des/Clust/Port     Wire Load Model       Library
  ------------------------------------------------
  zigbee             140000                saed32hvt_ss0p75vn40c
  form_ppdu_46       8000                  saed32hvt_ss0p75vn40c

  Point                                          Cap     Trans      Incr       Path
  ------------------------------------------------------------------------------------
  clock clk (rise edge)                                             0.00       0.00
  clock network delay (ideal)                                       0.00       0.00
  input external delay                                              6.25       6.25 r
  rst_n (in)                                    0.00      0.00      0.00       6.25 r
  symbol_mapper_to_ppdu/rst_n (top_sym_to_ppdu_46)                  0.00       6.25 r
  symbol_mapper_to_ppdu/u_form_ppdu/rst_n (form_ppdu_46)            0.00       6.25 r
  symbol_mapper_to_ppdu/u_form_ppdu/U223/Y (NAND3X0_HVT)
                                                2.94      0.88      0.69       6.94 f
  symbol_mapper_to_ppdu/u_form_ppdu/U152/Y (INVX1_HVT)
                                                5.52      0.51      0.79       7.73 r
  symbol_mapper_to_ppdu/u_form_ppdu/U222/Y (NAND2X0_HVT)
                                                1.05      0.34      0.48       8.21 f
  symbol_mapper_to_ppdu/u_form_ppdu/U221/Y (AND2X1_HVT)
                                                0.91      0.15      0.51       8.73 f
  symbol_mapper_to_ppdu/u_form_ppdu/U219/Y (AND2X1_HVT)
                                                2.68      0.21      0.40       9.13 f
  symbol_mapper_to_ppdu/u_form_ppdu/U264/Y (AO221X1_HVT)
                                                0.44      0.21      0.79       9.92 f
  symbol_mapper_to_ppdu/u_form_ppdu/bit_count_reg[5]/D (DFFX1_HVT)
                                                          0.21      0.00       9.92 f
  data arrival time                                                            9.92

  clock clk (rise edge)                                            31.25      31.25
  clock network delay (ideal)                                       0.00      31.25
  clock uncertainty                                                -0.94      30.31
  symbol_mapper_to_ppdu/u_form_ppdu/bit_count_reg[5]/CLK (DFFX1_HVT)
                                                                    0.00      30.31 r
  library setup time                                               -0.65      29.67
  data required time                                                          29.67
  ------------------------------------------------------------------------------------
  data required time                                                          29.67
  data arrival time                                                           -9.92
  ------------------------------------------------------------------------------------
  slack (MET)                                                                 19.75


  Startpoint: DQPSK_CSK/CSK_GEN_DUT/addr_ptr_reg[6]
              (rising edge-triggered flip-flop clocked by clk)
  Endpoint: DQPSK_CSK/CSK_GEN_DUT/csk_out_i_reg[4]
            (rising edge-triggered flip-flop clocked by clk)
  Path Group: clk
  Path Type: max

  Des/Clust/Port     Wire Load Model       Library
  ------------------------------------------------
  zigbee             140000                saed32hvt_ss0p75vn40c
  CSK_GEN_WL6        8000                  saed32hvt_ss0p75vn40c

  Point                                          Cap     Trans      Incr       Path
  ------------------------------------------------------------------------------------
  clock clk (rise edge)                                             0.00       0.00
  clock network delay (ideal)                                       0.00       0.00
  DQPSK_CSK/CSK_GEN_DUT/addr_ptr_reg[6]/CLK (DFFX1_HVT)
                                                          0.00      0.00 #     0.00 r
  DQPSK_CSK/CSK_GEN_DUT/addr_ptr_reg[6]/Q (DFFX1_HVT)
                                                2.09      0.19      1.08       1.08 f
  DQPSK_CSK/CSK_GEN_DUT/U306/Y (AND3X1_HVT)     0.86      0.20      0.49       1.57 f
  DQPSK_CSK/CSK_GEN_DUT/U305/Y (AND2X1_HVT)     2.37      0.20      0.43       2.00 f
  DQPSK_CSK/CSK_GEN_DUT/U251/Y (NAND2X0_HVT)
                                                3.11      0.56      0.42       2.43 r
  DQPSK_CSK/CSK_GEN_DUT/U234/Y (OA22X1_HVT)     1.70      0.24      0.89       3.32 r
  DQPSK_CSK/CSK_GEN_DUT/U233/Y (NAND4X0_HVT)
                                                0.98      0.59      0.74       4.06 f
  DQPSK_CSK/CSK_GEN_DUT/U232/Y (INVX0_HVT)      0.81      0.27      0.46       4.52 r
  DQPSK_CSK/CSK_GEN_DUT/U231/Y (AND3X1_HVT)     0.38      0.19      0.69       5.22 r
  DQPSK_CSK/CSK_GEN_DUT/U222/Y (AND4X1_HVT)     0.85      0.28      0.90       6.11 r
  DQPSK_CSK/CSK_GEN_DUT/U213/Y (AND4X1_HVT)     0.98      0.29      0.97       7.08 r
  DQPSK_CSK/CSK_GEN_DUT/U58/Y (NAND4X0_HVT)     0.49      0.45      0.58       7.66 f
  DQPSK_CSK/CSK_GEN_DUT/U53/Y (OR3X1_HVT)       1.21      0.21      0.91       8.57 f
  DQPSK_CSK/CSK_GEN_DUT/U30/Y (INVX0_HVT)       0.44      0.11      0.20       8.77 r
  DQPSK_CSK/CSK_GEN_DUT/U29/Y (AND2X1_HVT)      0.47      0.14      0.38       9.15 r
  DQPSK_CSK/CSK_GEN_DUT/csk_out_i_reg[4]/SETB (DFFSSRX1_HVT)
                                                          0.14      0.00       9.15 r
  data arrival time                                                            9.15

  clock clk (rise edge)                                            31.25      31.25
  clock network delay (ideal)                                       0.00      31.25
  clock uncertainty                                                -0.94      30.31
  DQPSK_CSK/CSK_GEN_DUT/csk_out_i_reg[4]/CLK (DFFSSRX1_HVT)         0.00      30.31 r
  library setup time                                               -1.41      28.90
  data required time                                                          28.90
  ------------------------------------------------------------------------------------
  data required time                                                          28.90
  data arrival time                                                           -9.15
  ------------------------------------------------------------------------------------
  slack (MET)                                                                 19.75


  Startpoint: DQPSK_CSK/Real_Sync_FIFO/rd_from_addr_reg[0]
              (rising edge-triggered flip-flop clocked by clk)
  Endpoint: DQPSK_CSK/Real_Sync_FIFO/dout_reg[1]
            (rising edge-triggered flip-flop clocked by clk)
  Path Group: clk
  Path Type: max

  Des/Clust/Port     Wire Load Model       Library
  ------------------------------------------------
  zigbee             140000                saed32hvt_ss0p75vn40c
  FIFO_mem_FIFO_WIDTH2_FIFO_DEPTH1024_0
                     35000                 saed32hvt_ss0p75vn40c

  Point                                          Cap     Trans      Incr       Path
  ------------------------------------------------------------------------------------
  clock clk (rise edge)                                             0.00       0.00
  clock network delay (ideal)                                       0.00       0.00
  DQPSK_CSK/Real_Sync_FIFO/rd_from_addr_reg[0]/CLK (DFFX1_HVT)
                                                          0.00      0.00 #     0.00 r
  DQPSK_CSK/Real_Sync_FIFO/rd_from_addr_reg[0]/Q (DFFX1_HVT)
                                                3.88      0.25      1.02       1.02 r
  DQPSK_CSK/Real_Sync_FIFO/U4861/Y (AND2X1_HVT)
                                                1.53      0.18      0.51       1.54 r
  DQPSK_CSK/Real_Sync_FIFO/U8/Y (NAND2X0_HVT)
                                                6.98      1.19      0.93       2.47 f
  DQPSK_CSK/Real_Sync_FIFO/U4336/Y (INVX1_HVT)
                                                5.02      0.61      0.99       3.46 r
  DQPSK_CSK/Real_Sync_FIFO/U5582/Y (AO22X1_HVT)
                                                0.41      0.19      0.92       4.38 r
  DQPSK_CSK/Real_Sync_FIFO/U5583/Y (AO221X1_HVT)
                                                0.43      0.23      0.48       4.86 r
  DQPSK_CSK/Real_Sync_FIFO/U5590/Y (NOR4X0_HVT)
                                                0.39      0.13      0.71       5.58 f
  DQPSK_CSK/Real_Sync_FIFO/U5600/Y (OA22X1_HVT)
                                                0.39      0.21      0.60       6.18 f
  DQPSK_CSK/Real_Sync_FIFO/U5601/Y (OA221X1_HVT)
                                                0.39      0.25      0.49       6.67 f
  DQPSK_CSK/Real_Sync_FIFO/U5640/Y (OA22X1_HVT)
                                                0.39      0.21      0.67       7.34 f
  DQPSK_CSK/Real_Sync_FIFO/U5641/Y (OA221X1_HVT)
                                                0.39      0.25      0.49       7.84 f
  DQPSK_CSK/Real_Sync_FIFO/U5796/Y (OA22X1_HVT)
                                                0.44      0.21      0.77       8.60 f
  DQPSK_CSK/Real_Sync_FIFO/U6106/Y (OAI22X1_HVT)
                                                0.45      0.11      0.81       9.42 r
  DQPSK_CSK/Real_Sync_FIFO/U4222/Y (AO22X1_HVT)
                                                0.47      0.19      0.44       9.85 r
  DQPSK_CSK/Real_Sync_FIFO/dout_reg[1]/D (DFFX1_HVT)      0.19      0.00       9.85 r
  data arrival time                                                            9.85

  clock clk (rise edge)                                            31.25      31.25
  clock network delay (ideal)                                       0.00      31.25
  clock uncertainty                                                -0.94      30.31
  DQPSK_CSK/Real_Sync_FIFO/dout_reg[1]/CLK (DFFX1_HVT)              0.00      30.31 r
  library setup time                                               -0.62      29.69
  data required time                                                          29.69
  ------------------------------------------------------------------------------------
  data required time                                                          29.69
  data arrival time                                                           -9.85
  ------------------------------------------------------------------------------------
  slack (MET)                                                                 19.84


  Startpoint: DQPSK_CSK/Imag_Sync_FIFO/rd_from_addr_reg[0]
              (rising edge-triggered flip-flop clocked by clk)
  Endpoint: DQPSK_CSK/Imag_Sync_FIFO/dout_reg[1]
            (rising edge-triggered flip-flop clocked by clk)
  Path Group: clk
  Path Type: max

  Des/Clust/Port     Wire Load Model       Library
  ------------------------------------------------
  zigbee             140000                saed32hvt_ss0p75vn40c
  FIFO_mem_FIFO_WIDTH2_FIFO_DEPTH1024_1
                     35000                 saed32hvt_ss0p75vn40c

  Point                                          Cap     Trans      Incr       Path
  ------------------------------------------------------------------------------------
  clock clk (rise edge)                                             0.00       0.00
  clock network delay (ideal)                                       0.00       0.00
  DQPSK_CSK/Imag_Sync_FIFO/rd_from_addr_reg[0]/CLK (DFFX1_HVT)
                                                          0.00      0.00 #     0.00 r
  DQPSK_CSK/Imag_Sync_FIFO/rd_from_addr_reg[0]/Q (DFFX1_HVT)
                                                3.88      0.25      1.02       1.02 r
  DQPSK_CSK/Imag_Sync_FIFO/U4861/Y (AND2X1_HVT)
                                                1.53      0.18      0.51       1.54 r
  DQPSK_CSK/Imag_Sync_FIFO/U8/Y (NAND2X0_HVT)
                                                6.98      1.19      0.93       2.47 f
  DQPSK_CSK/Imag_Sync_FIFO/U4336/Y (INVX1_HVT)
                                                5.02      0.61      0.99       3.46 r
  DQPSK_CSK/Imag_Sync_FIFO/U5582/Y (AO22X1_HVT)
                                                0.41      0.19      0.92       4.38 r
  DQPSK_CSK/Imag_Sync_FIFO/U5583/Y (AO221X1_HVT)
                                                0.43      0.23      0.48       4.86 r
  DQPSK_CSK/Imag_Sync_FIFO/U5590/Y (NOR4X0_HVT)
                                                0.39      0.13      0.71       5.58 f
  DQPSK_CSK/Imag_Sync_FIFO/U5600/Y (OA22X1_HVT)
                                                0.39      0.21      0.60       6.18 f
  DQPSK_CSK/Imag_Sync_FIFO/U5601/Y (OA221X1_HVT)
                                                0.39      0.25      0.49       6.67 f
  DQPSK_CSK/Imag_Sync_FIFO/U5640/Y (OA22X1_HVT)
                                                0.39      0.21      0.67       7.34 f
  DQPSK_CSK/Imag_Sync_FIFO/U5641/Y (OA221X1_HVT)
                                                0.39      0.25      0.49       7.84 f
  DQPSK_CSK/Imag_Sync_FIFO/U5796/Y (OA22X1_HVT)
                                                0.44      0.21      0.77       8.60 f
  DQPSK_CSK/Imag_Sync_FIFO/U6106/Y (OAI22X1_HVT)
                                                0.45      0.11      0.81       9.42 r
  DQPSK_CSK/Imag_Sync_FIFO/U4222/Y (AO22X1_HVT)
                                                0.47      0.19      0.44       9.85 r
  DQPSK_CSK/Imag_Sync_FIFO/dout_reg[1]/D (DFFX1_HVT)      0.19      0.00       9.85 r
  data arrival time                                                            9.85

  clock clk (rise edge)                                            31.25      31.25
  clock network delay (ideal)                                       0.00      31.25
  clock uncertainty                                                -0.94      30.31
  DQPSK_CSK/Imag_Sync_FIFO/dout_reg[1]/CLK (DFFX1_HVT)              0.00      30.31 r
  library setup time                                               -0.62      29.69
  data required time                                                          29.69
  ------------------------------------------------------------------------------------
  data required time                                                          29.69
  data arrival time                                                           -9.85
  ------------------------------------------------------------------------------------
  slack (MET)                                                                 19.84


  Startpoint: DQPSK_CSK/CSK_GEN_DUT/csk_out_i_reg[0]
              (rising edge-triggered flip-flop clocked by clk)
  Endpoint: DQPSK_CSK/tx_imag_reg[2]
            (rising edge-triggered flip-flop clocked by clk)
  Path Group: clk
  Path Type: max

  Des/Clust/Port     Wire Load Model       Library
  ------------------------------------------------
  zigbee             140000                saed32hvt_ss0p75vn40c
  dqpsk_csk_top_46_1024_2_6
                     70000                 saed32hvt_ss0p75vn40c
  dqpsk_csk_top_46_1024_2_6_DW02_mult_1
                     8000                  saed32hvt_ss0p75vn40c
  dqpsk_csk_top_46_1024_2_6_DW01_add_2
                     ForQA                 saed32hvt_ss0p75vn40c

  Point                                          Cap     Trans      Incr       Path
  ------------------------------------------------------------------------------------
  clock clk (rise edge)                                             0.00       0.00
  clock network delay (ideal)                                       0.00       0.00
  DQPSK_CSK/CSK_GEN_DUT/csk_out_i_reg[0]/CLK (DFFSSRX1_HVT)
                                                          0.00      0.00 #     0.00 r
  DQPSK_CSK/CSK_GEN_DUT/csk_out_i_reg[0]/Q (DFFSSRX1_HVT)
                                                2.49      0.24      1.17       1.17 f
  DQPSK_CSK/CSK_GEN_DUT/csk_out_i[0] (CSK_GEN_WL6)                  0.00       1.17 f
  DQPSK_CSK/mult_138/B[0] (dqpsk_csk_top_46_1024_2_6_DW02_mult_1)
                                                                    0.00       1.17 f
  DQPSK_CSK/mult_138/U10/Y (INVX0_HVT)          1.35      0.17      0.26       1.43 r
  DQPSK_CSK/mult_138/U23/Y (AND2X1_HVT)         1.70      0.18      0.46       1.89 r
  DQPSK_CSK/mult_138/U22/Y (XOR2X1_HVT)         0.38      0.25      0.98       2.87 f
  DQPSK_CSK/mult_138/U6/Y (MUX21X1_HVT)         0.88      0.33      0.80       3.67 f
  DQPSK_CSK/mult_138/U48/Y (AND2X1_HVT)         0.91      0.15      0.51       4.18 f
  DQPSK_CSK/mult_138/FS_2/A[1] (dqpsk_csk_top_46_1024_2_6_DW01_add_2)
                                                                    0.00       4.18 f
  DQPSK_CSK/mult_138/FS_2/U26/Y (OR2X1_HVT)     1.56      0.17      0.43       4.61 f
  DQPSK_CSK/mult_138/FS_2/U13/Y (NAND2X0_HVT)
                                                1.15      0.29      0.27       4.88 r
  DQPSK_CSK/mult_138/FS_2/U12/Y (XOR2X1_HVT)
                                                0.87      0.27      1.09       5.97 f
  DQPSK_CSK/mult_138/FS_2/SUM[1] (dqpsk_csk_top_46_1024_2_6_DW01_add_2)
                                                                    0.00       5.97 f
  DQPSK_CSK/mult_138/U55/Y (INVX0_HVT)          1.72      0.20      0.29       6.26 r
  DQPSK_CSK/mult_138/U27/Y (XOR2X1_HVT)         0.38      0.25      0.93       7.19 f
  DQPSK_CSK/mult_138/U62/Y (MUX21X1_HVT)        1.74      0.38      0.85       8.05 f
  DQPSK_CSK/mult_138/PRODUCT[2] (dqpsk_csk_top_46_1024_2_6_DW02_mult_1)
                                                                    0.00       8.05 f
  DQPSK_CSK/add_138/A[2] (dqpsk_csk_top_46_1024_2_6_DW01_add_0)     0.00       8.05 f
  DQPSK_CSK/add_138/U1_2/S (FADDX1_HVT)         0.55      0.25      1.29       9.34 r
  DQPSK_CSK/add_138/SUM[2] (dqpsk_csk_top_46_1024_2_6_DW01_add_0)
                                                                    0.00       9.34 r
  DQPSK_CSK/tx_imag_reg[2]/D (DFFSSRX1_HVT)               0.25      0.00       9.34 r
  data arrival time                                                            9.34

  clock clk (rise edge)                                            31.25      31.25
  clock network delay (ideal)                                       0.00      31.25
  clock uncertainty                                                -0.94      30.31
  DQPSK_CSK/tx_imag_reg[2]/CLK (DFFSSRX1_HVT)                       0.00      30.31 r
  library setup time                                               -1.11      29.20
  data required time                                                          29.20
  ------------------------------------------------------------------------------------
  data required time                                                          29.20
  data arrival time                                                           -9.34
  ------------------------------------------------------------------------------------
  slack (MET)                                                                 19.86


  Startpoint: rst_n (input port clocked by clk)
  Endpoint: symbol_mapper_to_ppdu/u_form_ppdu/reg_shr_reg[43]
            (rising edge-triggered flip-flop clocked by clk)
  Path Group: clk
  Path Type: max

  Des/Clust/Port     Wire Load Model       Library
  ------------------------------------------------
  zigbee             140000                saed32hvt_ss0p75vn40c
  form_ppdu_46       8000                  saed32hvt_ss0p75vn40c

  Point                                          Cap     Trans      Incr       Path
  ------------------------------------------------------------------------------------
  clock clk (rise edge)                                             0.00       0.00
  clock network delay (ideal)                                       0.00       0.00
  input external delay                                              6.25       6.25 r
  rst_n (in)                                    0.00      0.00      0.00       6.25 r
  symbol_mapper_to_ppdu/rst_n (top_sym_to_ppdu_46)                  0.00       6.25 r
  symbol_mapper_to_ppdu/u_form_ppdu/rst_n (form_ppdu_46)            0.00       6.25 r
  symbol_mapper_to_ppdu/u_form_ppdu/U223/Y (NAND3X0_HVT)
                                                2.94      0.88      0.69       6.94 f
  symbol_mapper_to_ppdu/u_form_ppdu/U205/Y (AND2X1_HVT)
                                                0.81      0.18      0.95       7.89 f
  symbol_mapper_to_ppdu/u_form_ppdu/U148/Y (NAND2X0_HVT)
                                                2.74      0.50      0.38       8.27 r
  symbol_mapper_to_ppdu/u_form_ppdu/U204/Y (INVX1_HVT)
                                                5.13      0.34      0.49       8.76 f
  symbol_mapper_to_ppdu/u_form_ppdu/U159/Y (AO222X1_HVT)
                                                0.44      0.19      1.02       9.78 f
  symbol_mapper_to_ppdu/u_form_ppdu/reg_shr_reg[43]/D (DFFX1_HVT)
                                                          0.19      0.00       9.78 f
  data arrival time                                                            9.78

  clock clk (rise edge)                                            31.25      31.25
  clock network delay (ideal)                                       0.00      31.25
  clock uncertainty                                                -0.94      30.31
  symbol_mapper_to_ppdu/u_form_ppdu/reg_shr_reg[43]/CLK (DFFX1_HVT)
                                                                    0.00      30.31 r
  library setup time                                               -0.63      29.69
  data required time                                                          29.69
  ------------------------------------------------------------------------------------
  data required time                                                          29.69
  data arrival time                                                           -9.78
  ------------------------------------------------------------------------------------
  slack (MET)                                                                 19.90


  Startpoint: rst_n (input port clocked by clk)
  Endpoint: symbol_mapper_to_ppdu/u_form_ppdu/reg_shr_reg[42]
            (rising edge-triggered flip-flop clocked by clk)
  Path Group: clk
  Path Type: max

  Des/Clust/Port     Wire Load Model       Library
  ------------------------------------------------
  zigbee             140000                saed32hvt_ss0p75vn40c
  form_ppdu_46       8000                  saed32hvt_ss0p75vn40c

  Point                                          Cap     Trans      Incr       Path
  ------------------------------------------------------------------------------------
  clock clk (rise edge)                                             0.00       0.00
  clock network delay (ideal)                                       0.00       0.00
  input external delay                                              6.25       6.25 r
  rst_n (in)                                    0.00      0.00      0.00       6.25 r
  symbol_mapper_to_ppdu/rst_n (top_sym_to_ppdu_46)                  0.00       6.25 r
  symbol_mapper_to_ppdu/u_form_ppdu/rst_n (form_ppdu_46)            0.00       6.25 r
  symbol_mapper_to_ppdu/u_form_ppdu/U223/Y (NAND3X0_HVT)
                                                2.94      0.88      0.69       6.94 f
  symbol_mapper_to_ppdu/u_form_ppdu/U205/Y (AND2X1_HVT)
                                                0.81      0.18      0.95       7.89 f
  symbol_mapper_to_ppdu/u_form_ppdu/U148/Y (NAND2X0_HVT)
                                                2.74      0.50      0.38       8.27 r
  symbol_mapper_to_ppdu/u_form_ppdu/U204/Y (INVX1_HVT)
                                                5.13      0.34      0.49       8.76 f
  symbol_mapper_to_ppdu/u_form_ppdu/U160/Y (AO222X1_HVT)
                                                0.44      0.19      1.02       9.78 f
  symbol_mapper_to_ppdu/u_form_ppdu/reg_shr_reg[42]/D (DFFX1_HVT)
                                                          0.19      0.00       9.78 f
  data arrival time                                                            9.78

  clock clk (rise edge)                                            31.25      31.25
  clock network delay (ideal)                                       0.00      31.25
  clock uncertainty                                                -0.94      30.31
  symbol_mapper_to_ppdu/u_form_ppdu/reg_shr_reg[42]/CLK (DFFX1_HVT)
                                                                    0.00      30.31 r
  library setup time                                               -0.63      29.69
  data required time                                                          29.69
  ------------------------------------------------------------------------------------
  data required time                                                          29.69
  data arrival time                                                           -9.78
  ------------------------------------------------------------------------------------
  slack (MET)                                                                 19.90


  Startpoint: rst_n (input port clocked by clk)
  Endpoint: symbol_mapper_to_ppdu/u_form_ppdu/reg_shr_reg[39]
            (rising edge-triggered flip-flop clocked by clk)
  Path Group: clk
  Path Type: max

  Des/Clust/Port     Wire Load Model       Library
  ------------------------------------------------
  zigbee             140000                saed32hvt_ss0p75vn40c
  form_ppdu_46       8000                  saed32hvt_ss0p75vn40c

  Point                                          Cap     Trans      Incr       Path
  ------------------------------------------------------------------------------------
  clock clk (rise edge)                                             0.00       0.00
  clock network delay (ideal)                                       0.00       0.00
  input external delay                                              6.25       6.25 r
  rst_n (in)                                    0.00      0.00      0.00       6.25 r
  symbol_mapper_to_ppdu/rst_n (top_sym_to_ppdu_46)                  0.00       6.25 r
  symbol_mapper_to_ppdu/u_form_ppdu/rst_n (form_ppdu_46)            0.00       6.25 r
  symbol_mapper_to_ppdu/u_form_ppdu/U223/Y (NAND3X0_HVT)
                                                2.94      0.88      0.69       6.94 f
  symbol_mapper_to_ppdu/u_form_ppdu/U205/Y (AND2X1_HVT)
                                                0.81      0.18      0.95       7.89 f
  symbol_mapper_to_ppdu/u_form_ppdu/U148/Y (NAND2X0_HVT)
                                                2.74      0.50      0.38       8.27 r
  symbol_mapper_to_ppdu/u_form_ppdu/U204/Y (INVX1_HVT)
                                                5.13      0.34      0.49       8.76 f
  symbol_mapper_to_ppdu/u_form_ppdu/U163/Y (AO222X1_HVT)
                                                0.44      0.19      1.02       9.78 f
  symbol_mapper_to_ppdu/u_form_ppdu/reg_shr_reg[39]/D (DFFX1_HVT)
                                                          0.19      0.00       9.78 f
  data arrival time                                                            9.78

  clock clk (rise edge)                                            31.25      31.25
  clock network delay (ideal)                                       0.00      31.25
  clock uncertainty                                                -0.94      30.31
  symbol_mapper_to_ppdu/u_form_ppdu/reg_shr_reg[39]/CLK (DFFX1_HVT)
                                                                    0.00      30.31 r
  library setup time                                               -0.63      29.69
  data required time                                                          29.69
  ------------------------------------------------------------------------------------
  data required time                                                          29.69
  data arrival time                                                           -9.78
  ------------------------------------------------------------------------------------
  slack (MET)                                                                 19.90


  Startpoint: rst_n (input port clocked by clk)
  Endpoint: symbol_mapper_to_ppdu/u_form_ppdu/reg_shr_reg[36]
            (rising edge-triggered flip-flop clocked by clk)
  Path Group: clk
  Path Type: max

  Des/Clust/Port     Wire Load Model       Library
  ------------------------------------------------
  zigbee             140000                saed32hvt_ss0p75vn40c
  form_ppdu_46       8000                  saed32hvt_ss0p75vn40c

  Point                                          Cap     Trans      Incr       Path
  ------------------------------------------------------------------------------------
  clock clk (rise edge)                                             0.00       0.00
  clock network delay (ideal)                                       0.00       0.00
  input external delay                                              6.25       6.25 r
  rst_n (in)                                    0.00      0.00      0.00       6.25 r
  symbol_mapper_to_ppdu/rst_n (top_sym_to_ppdu_46)                  0.00       6.25 r
  symbol_mapper_to_ppdu/u_form_ppdu/rst_n (form_ppdu_46)            0.00       6.25 r
  symbol_mapper_to_ppdu/u_form_ppdu/U223/Y (NAND3X0_HVT)
                                                2.94      0.88      0.69       6.94 f
  symbol_mapper_to_ppdu/u_form_ppdu/U205/Y (AND2X1_HVT)
                                                0.81      0.18      0.95       7.89 f
  symbol_mapper_to_ppdu/u_form_ppdu/U148/Y (NAND2X0_HVT)
                                                2.74      0.50      0.38       8.27 r
  symbol_mapper_to_ppdu/u_form_ppdu/U204/Y (INVX1_HVT)
                                                5.13      0.34      0.49       8.76 f
  symbol_mapper_to_ppdu/u_form_ppdu/U166/Y (AO222X1_HVT)
                                                0.44      0.19      1.02       9.78 f
  symbol_mapper_to_ppdu/u_form_ppdu/reg_shr_reg[36]/D (DFFX1_HVT)
                                                          0.19      0.00       9.78 f
  data arrival time                                                            9.78

  clock clk (rise edge)                                            31.25      31.25
  clock network delay (ideal)                                       0.00      31.25
  clock uncertainty                                                -0.94      30.31
  symbol_mapper_to_ppdu/u_form_ppdu/reg_shr_reg[36]/CLK (DFFX1_HVT)
                                                                    0.00      30.31 r
  library setup time                                               -0.63      29.69
  data required time                                                          29.69
  ------------------------------------------------------------------------------------
  data required time                                                          29.69
  data arrival time                                                           -9.78
  ------------------------------------------------------------------------------------
  slack (MET)                                                                 19.90


  Startpoint: rst_n (input port clocked by clk)
  Endpoint: symbol_mapper_to_ppdu/u_form_ppdu/reg_shr_reg[34]
            (rising edge-triggered flip-flop clocked by clk)
  Path Group: clk
  Path Type: max

  Des/Clust/Port     Wire Load Model       Library
  ------------------------------------------------
  zigbee             140000                saed32hvt_ss0p75vn40c
  form_ppdu_46       8000                  saed32hvt_ss0p75vn40c

  Point                                          Cap     Trans      Incr       Path
  ------------------------------------------------------------------------------------
  clock clk (rise edge)                                             0.00       0.00
  clock network delay (ideal)                                       0.00       0.00
  input external delay                                              6.25       6.25 r
  rst_n (in)                                    0.00      0.00      0.00       6.25 r
  symbol_mapper_to_ppdu/rst_n (top_sym_to_ppdu_46)                  0.00       6.25 r
  symbol_mapper_to_ppdu/u_form_ppdu/rst_n (form_ppdu_46)            0.00       6.25 r
  symbol_mapper_to_ppdu/u_form_ppdu/U223/Y (NAND3X0_HVT)
                                                2.94      0.88      0.69       6.94 f
  symbol_mapper_to_ppdu/u_form_ppdu/U205/Y (AND2X1_HVT)
                                                0.81      0.18      0.95       7.89 f
  symbol_mapper_to_ppdu/u_form_ppdu/U148/Y (NAND2X0_HVT)
                                                2.74      0.50      0.38       8.27 r
  symbol_mapper_to_ppdu/u_form_ppdu/U204/Y (INVX1_HVT)
                                                5.13      0.34      0.49       8.76 f
  symbol_mapper_to_ppdu/u_form_ppdu/U168/Y (AO222X1_HVT)
                                                0.44      0.19      1.02       9.78 f
  symbol_mapper_to_ppdu/u_form_ppdu/reg_shr_reg[34]/D (DFFX1_HVT)
                                                          0.19      0.00       9.78 f
  data arrival time                                                            9.78

  clock clk (rise edge)                                            31.25      31.25
  clock network delay (ideal)                                       0.00      31.25
  clock uncertainty                                                -0.94      30.31
  symbol_mapper_to_ppdu/u_form_ppdu/reg_shr_reg[34]/CLK (DFFX1_HVT)
                                                                    0.00      30.31 r
  library setup time                                               -0.63      29.69
  data required time                                                          29.69
  ------------------------------------------------------------------------------------
  data required time                                                          29.69
  data arrival time                                                           -9.78
  ------------------------------------------------------------------------------------
  slack (MET)                                                                 19.90


  Startpoint: rst_n (input port clocked by clk)
  Endpoint: symbol_mapper_to_ppdu/u_form_ppdu/reg_shr_reg[33]
            (rising edge-triggered flip-flop clocked by clk)
  Path Group: clk
  Path Type: max

  Des/Clust/Port     Wire Load Model       Library
  ------------------------------------------------
  zigbee             140000                saed32hvt_ss0p75vn40c
  form_ppdu_46       8000                  saed32hvt_ss0p75vn40c

  Point                                          Cap     Trans      Incr       Path
  ------------------------------------------------------------------------------------
  clock clk (rise edge)                                             0.00       0.00
  clock network delay (ideal)                                       0.00       0.00
  input external delay                                              6.25       6.25 r
  rst_n (in)                                    0.00      0.00      0.00       6.25 r
  symbol_mapper_to_ppdu/rst_n (top_sym_to_ppdu_46)                  0.00       6.25 r
  symbol_mapper_to_ppdu/u_form_ppdu/rst_n (form_ppdu_46)            0.00       6.25 r
  symbol_mapper_to_ppdu/u_form_ppdu/U223/Y (NAND3X0_HVT)
                                                2.94      0.88      0.69       6.94 f
  symbol_mapper_to_ppdu/u_form_ppdu/U205/Y (AND2X1_HVT)
                                                0.81      0.18      0.95       7.89 f
  symbol_mapper_to_ppdu/u_form_ppdu/U148/Y (NAND2X0_HVT)
                                                2.74      0.50      0.38       8.27 r
  symbol_mapper_to_ppdu/u_form_ppdu/U203/Y (INVX1_HVT)
                                                5.13      0.34      0.49       8.76 f
  symbol_mapper_to_ppdu/u_form_ppdu/U169/Y (AO222X1_HVT)
                                                0.44      0.19      1.02       9.78 f
  symbol_mapper_to_ppdu/u_form_ppdu/reg_shr_reg[33]/D (DFFX1_HVT)
                                                          0.19      0.00       9.78 f
  data arrival time                                                            9.78

  clock clk (rise edge)                                            31.25      31.25
  clock network delay (ideal)                                       0.00      31.25
  clock uncertainty                                                -0.94      30.31
  symbol_mapper_to_ppdu/u_form_ppdu/reg_shr_reg[33]/CLK (DFFX1_HVT)
                                                                    0.00      30.31 r
  library setup time                                               -0.63      29.69
  data required time                                                          29.69
  ------------------------------------------------------------------------------------
  data required time                                                          29.69
  data arrival time                                                           -9.78
  ------------------------------------------------------------------------------------
  slack (MET)                                                                 19.90


  Startpoint: rst_n (input port clocked by clk)
  Endpoint: symbol_mapper_to_ppdu/u_form_ppdu/reg_shr_reg[32]
            (rising edge-triggered flip-flop clocked by clk)
  Path Group: clk
  Path Type: max

  Des/Clust/Port     Wire Load Model       Library
  ------------------------------------------------
  zigbee             140000                saed32hvt_ss0p75vn40c
  form_ppdu_46       8000                  saed32hvt_ss0p75vn40c

  Point                                          Cap     Trans      Incr       Path
  ------------------------------------------------------------------------------------
  clock clk (rise edge)                                             0.00       0.00
  clock network delay (ideal)                                       0.00       0.00
  input external delay                                              6.25       6.25 r
  rst_n (in)                                    0.00      0.00      0.00       6.25 r
  symbol_mapper_to_ppdu/rst_n (top_sym_to_ppdu_46)                  0.00       6.25 r
  symbol_mapper_to_ppdu/u_form_ppdu/rst_n (form_ppdu_46)            0.00       6.25 r
  symbol_mapper_to_ppdu/u_form_ppdu/U223/Y (NAND3X0_HVT)
                                                2.94      0.88      0.69       6.94 f
  symbol_mapper_to_ppdu/u_form_ppdu/U205/Y (AND2X1_HVT)
                                                0.81      0.18      0.95       7.89 f
  symbol_mapper_to_ppdu/u_form_ppdu/U148/Y (NAND2X0_HVT)
                                                2.74      0.50      0.38       8.27 r
  symbol_mapper_to_ppdu/u_form_ppdu/U203/Y (INVX1_HVT)
                                                5.13      0.34      0.49       8.76 f
  symbol_mapper_to_ppdu/u_form_ppdu/U170/Y (AO222X1_HVT)
                                                0.44      0.19      1.02       9.78 f
  symbol_mapper_to_ppdu/u_form_ppdu/reg_shr_reg[32]/D (DFFX1_HVT)
                                                          0.19      0.00       9.78 f
  data arrival time                                                            9.78

  clock clk (rise edge)                                            31.25      31.25
  clock network delay (ideal)                                       0.00      31.25
  clock uncertainty                                                -0.94      30.31
  symbol_mapper_to_ppdu/u_form_ppdu/reg_shr_reg[32]/CLK (DFFX1_HVT)
                                                                    0.00      30.31 r
  library setup time                                               -0.63      29.69
  data required time                                                          29.69
  ------------------------------------------------------------------------------------
  data required time                                                          29.69
  data arrival time                                                           -9.78
  ------------------------------------------------------------------------------------
  slack (MET)                                                                 19.90


  Startpoint: rst_n (input port clocked by clk)
  Endpoint: symbol_mapper_to_ppdu/u_form_ppdu/reg_shr_reg[30]
            (rising edge-triggered flip-flop clocked by clk)
  Path Group: clk
  Path Type: max

  Des/Clust/Port     Wire Load Model       Library
  ------------------------------------------------
  zigbee             140000                saed32hvt_ss0p75vn40c
  form_ppdu_46       8000                  saed32hvt_ss0p75vn40c

  Point                                          Cap     Trans      Incr       Path
  ------------------------------------------------------------------------------------
  clock clk (rise edge)                                             0.00       0.00
  clock network delay (ideal)                                       0.00       0.00
  input external delay                                              6.25       6.25 r
  rst_n (in)                                    0.00      0.00      0.00       6.25 r
  symbol_mapper_to_ppdu/rst_n (top_sym_to_ppdu_46)                  0.00       6.25 r
  symbol_mapper_to_ppdu/u_form_ppdu/rst_n (form_ppdu_46)            0.00       6.25 r
  symbol_mapper_to_ppdu/u_form_ppdu/U223/Y (NAND3X0_HVT)
                                                2.94      0.88      0.69       6.94 f
  symbol_mapper_to_ppdu/u_form_ppdu/U205/Y (AND2X1_HVT)
                                                0.81      0.18      0.95       7.89 f
  symbol_mapper_to_ppdu/u_form_ppdu/U148/Y (NAND2X0_HVT)
                                                2.74      0.50      0.38       8.27 r
  symbol_mapper_to_ppdu/u_form_ppdu/U203/Y (INVX1_HVT)
                                                5.13      0.34      0.49       8.76 f
  symbol_mapper_to_ppdu/u_form_ppdu/U172/Y (AO222X1_HVT)
                                                0.44      0.19      1.02       9.78 f
  symbol_mapper_to_ppdu/u_form_ppdu/reg_shr_reg[30]/D (DFFX1_HVT)
                                                          0.19      0.00       9.78 f
  data arrival time                                                            9.78

  clock clk (rise edge)                                            31.25      31.25
  clock network delay (ideal)                                       0.00      31.25
  clock uncertainty                                                -0.94      30.31
  symbol_mapper_to_ppdu/u_form_ppdu/reg_shr_reg[30]/CLK (DFFX1_HVT)
                                                                    0.00      30.31 r
  library setup time                                               -0.63      29.69
  data required time                                                          29.69
  ------------------------------------------------------------------------------------
  data required time                                                          29.69
  data arrival time                                                           -9.78
  ------------------------------------------------------------------------------------
  slack (MET)                                                                 19.90


  Startpoint: rst_n (input port clocked by clk)
  Endpoint: symbol_mapper_to_ppdu/u_form_ppdu/reg_shr_reg[29]
            (rising edge-triggered flip-flop clocked by clk)
  Path Group: clk
  Path Type: max

  Des/Clust/Port     Wire Load Model       Library
  ------------------------------------------------
  zigbee             140000                saed32hvt_ss0p75vn40c
  form_ppdu_46       8000                  saed32hvt_ss0p75vn40c

  Point                                          Cap     Trans      Incr       Path
  ------------------------------------------------------------------------------------
  clock clk (rise edge)                                             0.00       0.00
  clock network delay (ideal)                                       0.00       0.00
  input external delay                                              6.25       6.25 r
  rst_n (in)                                    0.00      0.00      0.00       6.25 r
  symbol_mapper_to_ppdu/rst_n (top_sym_to_ppdu_46)                  0.00       6.25 r
  symbol_mapper_to_ppdu/u_form_ppdu/rst_n (form_ppdu_46)            0.00       6.25 r
  symbol_mapper_to_ppdu/u_form_ppdu/U223/Y (NAND3X0_HVT)
                                                2.94      0.88      0.69       6.94 f
  symbol_mapper_to_ppdu/u_form_ppdu/U205/Y (AND2X1_HVT)
                                                0.81      0.18      0.95       7.89 f
  symbol_mapper_to_ppdu/u_form_ppdu/U148/Y (NAND2X0_HVT)
                                                2.74      0.50      0.38       8.27 r
  symbol_mapper_to_ppdu/u_form_ppdu/U203/Y (INVX1_HVT)
                                                5.13      0.34      0.49       8.76 f
  symbol_mapper_to_ppdu/u_form_ppdu/U173/Y (AO222X1_HVT)
                                                0.44      0.19      1.02       9.78 f
  symbol_mapper_to_ppdu/u_form_ppdu/reg_shr_reg[29]/D (DFFX1_HVT)
                                                          0.19      0.00       9.78 f
  data arrival time                                                            9.78

  clock clk (rise edge)                                            31.25      31.25
  clock network delay (ideal)                                       0.00      31.25
  clock uncertainty                                                -0.94      30.31
  symbol_mapper_to_ppdu/u_form_ppdu/reg_shr_reg[29]/CLK (DFFX1_HVT)
                                                                    0.00      30.31 r
  library setup time                                               -0.63      29.69
  data required time                                                          29.69
  ------------------------------------------------------------------------------------
  data required time                                                          29.69
  data arrival time                                                           -9.78
  ------------------------------------------------------------------------------------
  slack (MET)                                                                 19.90


  Startpoint: rst_n (input port clocked by clk)
  Endpoint: symbol_mapper_to_ppdu/u_form_ppdu/reg_shr_reg[28]
            (rising edge-triggered flip-flop clocked by clk)
  Path Group: clk
  Path Type: max

  Des/Clust/Port     Wire Load Model       Library
  ------------------------------------------------
  zigbee             140000                saed32hvt_ss0p75vn40c
  form_ppdu_46       8000                  saed32hvt_ss0p75vn40c

  Point                                          Cap     Trans      Incr       Path
  ------------------------------------------------------------------------------------
  clock clk (rise edge)                                             0.00       0.00
  clock network delay (ideal)                                       0.00       0.00
  input external delay                                              6.25       6.25 r
  rst_n (in)                                    0.00      0.00      0.00       6.25 r
  symbol_mapper_to_ppdu/rst_n (top_sym_to_ppdu_46)                  0.00       6.25 r
  symbol_mapper_to_ppdu/u_form_ppdu/rst_n (form_ppdu_46)            0.00       6.25 r
  symbol_mapper_to_ppdu/u_form_ppdu/U223/Y (NAND3X0_HVT)
                                                2.94      0.88      0.69       6.94 f
  symbol_mapper_to_ppdu/u_form_ppdu/U205/Y (AND2X1_HVT)
                                                0.81      0.18      0.95       7.89 f
  symbol_mapper_to_ppdu/u_form_ppdu/U148/Y (NAND2X0_HVT)
                                                2.74      0.50      0.38       8.27 r
  symbol_mapper_to_ppdu/u_form_ppdu/U203/Y (INVX1_HVT)
                                                5.13      0.34      0.49       8.76 f
  symbol_mapper_to_ppdu/u_form_ppdu/U174/Y (AO222X1_HVT)
                                                0.44      0.19      1.02       9.78 f
  symbol_mapper_to_ppdu/u_form_ppdu/reg_shr_reg[28]/D (DFFX1_HVT)
                                                          0.19      0.00       9.78 f
  data arrival time                                                            9.78

  clock clk (rise edge)                                            31.25      31.25
  clock network delay (ideal)                                       0.00      31.25
  clock uncertainty                                                -0.94      30.31
  symbol_mapper_to_ppdu/u_form_ppdu/reg_shr_reg[28]/CLK (DFFX1_HVT)
                                                                    0.00      30.31 r
  library setup time                                               -0.63      29.69
  data required time                                                          29.69
  ------------------------------------------------------------------------------------
  data required time                                                          29.69
  data arrival time                                                           -9.78
  ------------------------------------------------------------------------------------
  slack (MET)                                                                 19.90


  Startpoint: rst_n (input port clocked by clk)
  Endpoint: symbol_mapper_to_ppdu/u_form_ppdu/reg_shr_reg[27]
            (rising edge-triggered flip-flop clocked by clk)
  Path Group: clk
  Path Type: max

  Des/Clust/Port     Wire Load Model       Library
  ------------------------------------------------
  zigbee             140000                saed32hvt_ss0p75vn40c
  form_ppdu_46       8000                  saed32hvt_ss0p75vn40c

  Point                                          Cap     Trans      Incr       Path
  ------------------------------------------------------------------------------------
  clock clk (rise edge)                                             0.00       0.00
  clock network delay (ideal)                                       0.00       0.00
  input external delay                                              6.25       6.25 r
  rst_n (in)                                    0.00      0.00      0.00       6.25 r
  symbol_mapper_to_ppdu/rst_n (top_sym_to_ppdu_46)                  0.00       6.25 r
  symbol_mapper_to_ppdu/u_form_ppdu/rst_n (form_ppdu_46)            0.00       6.25 r
  symbol_mapper_to_ppdu/u_form_ppdu/U223/Y (NAND3X0_HVT)
                                                2.94      0.88      0.69       6.94 f
  symbol_mapper_to_ppdu/u_form_ppdu/U205/Y (AND2X1_HVT)
                                                0.81      0.18      0.95       7.89 f
  symbol_mapper_to_ppdu/u_form_ppdu/U148/Y (NAND2X0_HVT)
                                                2.74      0.50      0.38       8.27 r
  symbol_mapper_to_ppdu/u_form_ppdu/U203/Y (INVX1_HVT)
                                                5.13      0.34      0.49       8.76 f
  symbol_mapper_to_ppdu/u_form_ppdu/U175/Y (AO222X1_HVT)
                                                0.44      0.19      1.02       9.78 f
  symbol_mapper_to_ppdu/u_form_ppdu/reg_shr_reg[27]/D (DFFX1_HVT)
                                                          0.19      0.00       9.78 f
  data arrival time                                                            9.78

  clock clk (rise edge)                                            31.25      31.25
  clock network delay (ideal)                                       0.00      31.25
  clock uncertainty                                                -0.94      30.31
  symbol_mapper_to_ppdu/u_form_ppdu/reg_shr_reg[27]/CLK (DFFX1_HVT)
                                                                    0.00      30.31 r
  library setup time                                               -0.63      29.69
  data required time                                                          29.69
  ------------------------------------------------------------------------------------
  data required time                                                          29.69
  data arrival time                                                           -9.78
  ------------------------------------------------------------------------------------
  slack (MET)                                                                 19.90


  Startpoint: rst_n (input port clocked by clk)
  Endpoint: symbol_mapper_to_ppdu/u_form_ppdu/reg_shr_reg[26]
            (rising edge-triggered flip-flop clocked by clk)
  Path Group: clk
  Path Type: max

  Des/Clust/Port     Wire Load Model       Library
  ------------------------------------------------
  zigbee             140000                saed32hvt_ss0p75vn40c
  form_ppdu_46       8000                  saed32hvt_ss0p75vn40c

  Point                                          Cap     Trans      Incr       Path
  ------------------------------------------------------------------------------------
  clock clk (rise edge)                                             0.00       0.00
  clock network delay (ideal)                                       0.00       0.00
  input external delay                                              6.25       6.25 r
  rst_n (in)                                    0.00      0.00      0.00       6.25 r
  symbol_mapper_to_ppdu/rst_n (top_sym_to_ppdu_46)                  0.00       6.25 r
  symbol_mapper_to_ppdu/u_form_ppdu/rst_n (form_ppdu_46)            0.00       6.25 r
  symbol_mapper_to_ppdu/u_form_ppdu/U223/Y (NAND3X0_HVT)
                                                2.94      0.88      0.69       6.94 f
  symbol_mapper_to_ppdu/u_form_ppdu/U205/Y (AND2X1_HVT)
                                                0.81      0.18      0.95       7.89 f
  symbol_mapper_to_ppdu/u_form_ppdu/U148/Y (NAND2X0_HVT)
                                                2.74      0.50      0.38       8.27 r
  symbol_mapper_to_ppdu/u_form_ppdu/U203/Y (INVX1_HVT)
                                                5.13      0.34      0.49       8.76 f
  symbol_mapper_to_ppdu/u_form_ppdu/U176/Y (AO222X1_HVT)
                                                0.44      0.19      1.02       9.78 f
  symbol_mapper_to_ppdu/u_form_ppdu/reg_shr_reg[26]/D (DFFX1_HVT)
                                                          0.19      0.00       9.78 f
  data arrival time                                                            9.78

  clock clk (rise edge)                                            31.25      31.25
  clock network delay (ideal)                                       0.00      31.25
  clock uncertainty                                                -0.94      30.31
  symbol_mapper_to_ppdu/u_form_ppdu/reg_shr_reg[26]/CLK (DFFX1_HVT)
                                                                    0.00      30.31 r
  library setup time                                               -0.63      29.69
  data required time                                                          29.69
  ------------------------------------------------------------------------------------
  data required time                                                          29.69
  data arrival time                                                           -9.78
  ------------------------------------------------------------------------------------
  slack (MET)                                                                 19.90


  Startpoint: rst_n (input port clocked by clk)
  Endpoint: symbol_mapper_to_ppdu/u_form_ppdu/reg_shr_reg[25]
            (rising edge-triggered flip-flop clocked by clk)
  Path Group: clk
  Path Type: max

  Des/Clust/Port     Wire Load Model       Library
  ------------------------------------------------
  zigbee             140000                saed32hvt_ss0p75vn40c
  form_ppdu_46       8000                  saed32hvt_ss0p75vn40c

  Point                                          Cap     Trans      Incr       Path
  ------------------------------------------------------------------------------------
  clock clk (rise edge)                                             0.00       0.00
  clock network delay (ideal)                                       0.00       0.00
  input external delay                                              6.25       6.25 r
  rst_n (in)                                    0.00      0.00      0.00       6.25 r
  symbol_mapper_to_ppdu/rst_n (top_sym_to_ppdu_46)                  0.00       6.25 r
  symbol_mapper_to_ppdu/u_form_ppdu/rst_n (form_ppdu_46)            0.00       6.25 r
  symbol_mapper_to_ppdu/u_form_ppdu/U223/Y (NAND3X0_HVT)
                                                2.94      0.88      0.69       6.94 f
  symbol_mapper_to_ppdu/u_form_ppdu/U205/Y (AND2X1_HVT)
                                                0.81      0.18      0.95       7.89 f
  symbol_mapper_to_ppdu/u_form_ppdu/U148/Y (NAND2X0_HVT)
                                                2.74      0.50      0.38       8.27 r
  symbol_mapper_to_ppdu/u_form_ppdu/U203/Y (INVX1_HVT)
                                                5.13      0.34      0.49       8.76 f
  symbol_mapper_to_ppdu/u_form_ppdu/U177/Y (AO222X1_HVT)
                                                0.44      0.19      1.02       9.78 f
  symbol_mapper_to_ppdu/u_form_ppdu/reg_shr_reg[25]/D (DFFX1_HVT)
                                                          0.19      0.00       9.78 f
  data arrival time                                                            9.78

  clock clk (rise edge)                                            31.25      31.25
  clock network delay (ideal)                                       0.00      31.25
  clock uncertainty                                                -0.94      30.31
  symbol_mapper_to_ppdu/u_form_ppdu/reg_shr_reg[25]/CLK (DFFX1_HVT)
                                                                    0.00      30.31 r
  library setup time                                               -0.63      29.69
  data required time                                                          29.69
  ------------------------------------------------------------------------------------
  data required time                                                          29.69
  data arrival time                                                           -9.78
  ------------------------------------------------------------------------------------
  slack (MET)                                                                 19.90


  Startpoint: rst_n (input port clocked by clk)
  Endpoint: symbol_mapper_to_ppdu/u_form_ppdu/reg_shr_reg[24]
            (rising edge-triggered flip-flop clocked by clk)
  Path Group: clk
  Path Type: max

  Des/Clust/Port     Wire Load Model       Library
  ------------------------------------------------
  zigbee             140000                saed32hvt_ss0p75vn40c
  form_ppdu_46       8000                  saed32hvt_ss0p75vn40c

  Point                                          Cap     Trans      Incr       Path
  ------------------------------------------------------------------------------------
  clock clk (rise edge)                                             0.00       0.00
  clock network delay (ideal)                                       0.00       0.00
  input external delay                                              6.25       6.25 r
  rst_n (in)                                    0.00      0.00      0.00       6.25 r
  symbol_mapper_to_ppdu/rst_n (top_sym_to_ppdu_46)                  0.00       6.25 r
  symbol_mapper_to_ppdu/u_form_ppdu/rst_n (form_ppdu_46)            0.00       6.25 r
  symbol_mapper_to_ppdu/u_form_ppdu/U223/Y (NAND3X0_HVT)
                                                2.94      0.88      0.69       6.94 f
  symbol_mapper_to_ppdu/u_form_ppdu/U205/Y (AND2X1_HVT)
                                                0.81      0.18      0.95       7.89 f
  symbol_mapper_to_ppdu/u_form_ppdu/U148/Y (NAND2X0_HVT)
                                                2.74      0.50      0.38       8.27 r
  symbol_mapper_to_ppdu/u_form_ppdu/U203/Y (INVX1_HVT)
                                                5.13      0.34      0.49       8.76 f
  symbol_mapper_to_ppdu/u_form_ppdu/U178/Y (AO222X1_HVT)
                                                0.44      0.19      1.02       9.78 f
  symbol_mapper_to_ppdu/u_form_ppdu/reg_shr_reg[24]/D (DFFX1_HVT)
                                                          0.19      0.00       9.78 f
  data arrival time                                                            9.78

  clock clk (rise edge)                                            31.25      31.25
  clock network delay (ideal)                                       0.00      31.25
  clock uncertainty                                                -0.94      30.31
  symbol_mapper_to_ppdu/u_form_ppdu/reg_shr_reg[24]/CLK (DFFX1_HVT)
                                                                    0.00      30.31 r
  library setup time                                               -0.63      29.69
  data required time                                                          29.69
  ------------------------------------------------------------------------------------
  data required time                                                          29.69
  data arrival time                                                           -9.78
  ------------------------------------------------------------------------------------
  slack (MET)                                                                 19.90


  Startpoint: rst_n (input port clocked by clk)
  Endpoint: symbol_mapper_to_ppdu/u_form_ppdu/reg_shr_reg[23]
            (rising edge-triggered flip-flop clocked by clk)
  Path Group: clk
  Path Type: max

  Des/Clust/Port     Wire Load Model       Library
  ------------------------------------------------
  zigbee             140000                saed32hvt_ss0p75vn40c
  form_ppdu_46       8000                  saed32hvt_ss0p75vn40c

  Point                                          Cap     Trans      Incr       Path
  ------------------------------------------------------------------------------------
  clock clk (rise edge)                                             0.00       0.00
  clock network delay (ideal)                                       0.00       0.00
  input external delay                                              6.25       6.25 r
  rst_n (in)                                    0.00      0.00      0.00       6.25 r
  symbol_mapper_to_ppdu/rst_n (top_sym_to_ppdu_46)                  0.00       6.25 r
  symbol_mapper_to_ppdu/u_form_ppdu/rst_n (form_ppdu_46)            0.00       6.25 r
  symbol_mapper_to_ppdu/u_form_ppdu/U223/Y (NAND3X0_HVT)
                                                2.94      0.88      0.69       6.94 f
  symbol_mapper_to_ppdu/u_form_ppdu/U205/Y (AND2X1_HVT)
                                                0.81      0.18      0.95       7.89 f
  symbol_mapper_to_ppdu/u_form_ppdu/U148/Y (NAND2X0_HVT)
                                                2.74      0.50      0.38       8.27 r
  symbol_mapper_to_ppdu/u_form_ppdu/U203/Y (INVX1_HVT)
                                                5.13      0.34      0.49       8.76 f
  symbol_mapper_to_ppdu/u_form_ppdu/U179/Y (AO222X1_HVT)
                                                0.44      0.19      1.02       9.78 f
  symbol_mapper_to_ppdu/u_form_ppdu/reg_shr_reg[23]/D (DFFX1_HVT)
                                                          0.19      0.00       9.78 f
  data arrival time                                                            9.78

  clock clk (rise edge)                                            31.25      31.25
  clock network delay (ideal)                                       0.00      31.25
  clock uncertainty                                                -0.94      30.31
  symbol_mapper_to_ppdu/u_form_ppdu/reg_shr_reg[23]/CLK (DFFX1_HVT)
                                                                    0.00      30.31 r
  library setup time                                               -0.63      29.69
  data required time                                                          29.69
  ------------------------------------------------------------------------------------
  data required time                                                          29.69
  data arrival time                                                           -9.78
  ------------------------------------------------------------------------------------
  slack (MET)                                                                 19.90


  Startpoint: rst_n (input port clocked by clk)
  Endpoint: symbol_mapper_to_ppdu/u_form_ppdu/reg_shr_reg[22]
            (rising edge-triggered flip-flop clocked by clk)
  Path Group: clk
  Path Type: max

  Des/Clust/Port     Wire Load Model       Library
  ------------------------------------------------
  zigbee             140000                saed32hvt_ss0p75vn40c
  form_ppdu_46       8000                  saed32hvt_ss0p75vn40c

  Point                                          Cap     Trans      Incr       Path
  ------------------------------------------------------------------------------------
  clock clk (rise edge)                                             0.00       0.00
  clock network delay (ideal)                                       0.00       0.00
  input external delay                                              6.25       6.25 r
  rst_n (in)                                    0.00      0.00      0.00       6.25 r
  symbol_mapper_to_ppdu/rst_n (top_sym_to_ppdu_46)                  0.00       6.25 r
  symbol_mapper_to_ppdu/u_form_ppdu/rst_n (form_ppdu_46)            0.00       6.25 r
  symbol_mapper_to_ppdu/u_form_ppdu/U223/Y (NAND3X0_HVT)
                                                2.94      0.88      0.69       6.94 f
  symbol_mapper_to_ppdu/u_form_ppdu/U205/Y (AND2X1_HVT)
                                                0.81      0.18      0.95       7.89 f
  symbol_mapper_to_ppdu/u_form_ppdu/U148/Y (NAND2X0_HVT)
                                                2.74      0.50      0.38       8.27 r
  symbol_mapper_to_ppdu/u_form_ppdu/U203/Y (INVX1_HVT)
                                                5.13      0.34      0.49       8.76 f
  symbol_mapper_to_ppdu/u_form_ppdu/U180/Y (AO222X1_HVT)
                                                0.44      0.19      1.02       9.78 f
  symbol_mapper_to_ppdu/u_form_ppdu/reg_shr_reg[22]/D (DFFX1_HVT)
                                                          0.19      0.00       9.78 f
  data arrival time                                                            9.78

  clock clk (rise edge)                                            31.25      31.25
  clock network delay (ideal)                                       0.00      31.25
  clock uncertainty                                                -0.94      30.31
  symbol_mapper_to_ppdu/u_form_ppdu/reg_shr_reg[22]/CLK (DFFX1_HVT)
                                                                    0.00      30.31 r
  library setup time                                               -0.63      29.69
  data required time                                                          29.69
  ------------------------------------------------------------------------------------
  data required time                                                          29.69
  data arrival time                                                           -9.78
  ------------------------------------------------------------------------------------
  slack (MET)                                                                 19.90


  Startpoint: rst_n (input port clocked by clk)
  Endpoint: symbol_mapper_to_ppdu/u_form_ppdu/reg_shr_reg[21]
            (rising edge-triggered flip-flop clocked by clk)
  Path Group: clk
  Path Type: max

  Des/Clust/Port     Wire Load Model       Library
  ------------------------------------------------
  zigbee             140000                saed32hvt_ss0p75vn40c
  form_ppdu_46       8000                  saed32hvt_ss0p75vn40c

  Point                                          Cap     Trans      Incr       Path
  ------------------------------------------------------------------------------------
  clock clk (rise edge)                                             0.00       0.00
  clock network delay (ideal)                                       0.00       0.00
  input external delay                                              6.25       6.25 r
  rst_n (in)                                    0.00      0.00      0.00       6.25 r
  symbol_mapper_to_ppdu/rst_n (top_sym_to_ppdu_46)                  0.00       6.25 r
  symbol_mapper_to_ppdu/u_form_ppdu/rst_n (form_ppdu_46)            0.00       6.25 r
  symbol_mapper_to_ppdu/u_form_ppdu/U223/Y (NAND3X0_HVT)
                                                2.94      0.88      0.69       6.94 f
  symbol_mapper_to_ppdu/u_form_ppdu/U205/Y (AND2X1_HVT)
                                                0.81      0.18      0.95       7.89 f
  symbol_mapper_to_ppdu/u_form_ppdu/U148/Y (NAND2X0_HVT)
                                                2.74      0.50      0.38       8.27 r
  symbol_mapper_to_ppdu/u_form_ppdu/U156/Y (INVX1_HVT)
                                                5.13      0.34      0.49       8.76 f
  symbol_mapper_to_ppdu/u_form_ppdu/U181/Y (AO222X1_HVT)
                                                0.44      0.19      1.02       9.78 f
  symbol_mapper_to_ppdu/u_form_ppdu/reg_shr_reg[21]/D (DFFX1_HVT)
                                                          0.19      0.00       9.78 f
  data arrival time                                                            9.78

  clock clk (rise edge)                                            31.25      31.25
  clock network delay (ideal)                                       0.00      31.25
  clock uncertainty                                                -0.94      30.31
  symbol_mapper_to_ppdu/u_form_ppdu/reg_shr_reg[21]/CLK (DFFX1_HVT)
                                                                    0.00      30.31 r
  library setup time                                               -0.63      29.69
  data required time                                                          29.69
  ------------------------------------------------------------------------------------
  data required time                                                          29.69
  data arrival time                                                           -9.78
  ------------------------------------------------------------------------------------
  slack (MET)                                                                 19.90


  Startpoint: rst_n (input port clocked by clk)
  Endpoint: symbol_mapper_to_ppdu/u_form_ppdu/reg_shr_reg[20]
            (rising edge-triggered flip-flop clocked by clk)
  Path Group: clk
  Path Type: max

  Des/Clust/Port     Wire Load Model       Library
  ------------------------------------------------
  zigbee             140000                saed32hvt_ss0p75vn40c
  form_ppdu_46       8000                  saed32hvt_ss0p75vn40c

  Point                                          Cap     Trans      Incr       Path
  ------------------------------------------------------------------------------------
  clock clk (rise edge)                                             0.00       0.00
  clock network delay (ideal)                                       0.00       0.00
  input external delay                                              6.25       6.25 r
  rst_n (in)                                    0.00      0.00      0.00       6.25 r
  symbol_mapper_to_ppdu/rst_n (top_sym_to_ppdu_46)                  0.00       6.25 r
  symbol_mapper_to_ppdu/u_form_ppdu/rst_n (form_ppdu_46)            0.00       6.25 r
  symbol_mapper_to_ppdu/u_form_ppdu/U223/Y (NAND3X0_HVT)
                                                2.94      0.88      0.69       6.94 f
  symbol_mapper_to_ppdu/u_form_ppdu/U205/Y (AND2X1_HVT)
                                                0.81      0.18      0.95       7.89 f
  symbol_mapper_to_ppdu/u_form_ppdu/U148/Y (NAND2X0_HVT)
                                                2.74      0.50      0.38       8.27 r
  symbol_mapper_to_ppdu/u_form_ppdu/U156/Y (INVX1_HVT)
                                                5.13      0.34      0.49       8.76 f
  symbol_mapper_to_ppdu/u_form_ppdu/U182/Y (AO222X1_HVT)
                                                0.44      0.19      1.02       9.78 f
  symbol_mapper_to_ppdu/u_form_ppdu/reg_shr_reg[20]/D (DFFX1_HVT)
                                                          0.19      0.00       9.78 f
  data arrival time                                                            9.78

  clock clk (rise edge)                                            31.25      31.25
  clock network delay (ideal)                                       0.00      31.25
  clock uncertainty                                                -0.94      30.31
  symbol_mapper_to_ppdu/u_form_ppdu/reg_shr_reg[20]/CLK (DFFX1_HVT)
                                                                    0.00      30.31 r
  library setup time                                               -0.63      29.69
  data required time                                                          29.69
  ------------------------------------------------------------------------------------
  data required time                                                          29.69
  data arrival time                                                           -9.78
  ------------------------------------------------------------------------------------
  slack (MET)                                                                 19.90


  Startpoint: rst_n (input port clocked by clk)
  Endpoint: symbol_mapper_to_ppdu/u_form_ppdu/reg_shr_reg[19]
            (rising edge-triggered flip-flop clocked by clk)
  Path Group: clk
  Path Type: max

  Des/Clust/Port     Wire Load Model       Library
  ------------------------------------------------
  zigbee             140000                saed32hvt_ss0p75vn40c
  form_ppdu_46       8000                  saed32hvt_ss0p75vn40c

  Point                                          Cap     Trans      Incr       Path
  ------------------------------------------------------------------------------------
  clock clk (rise edge)                                             0.00       0.00
  clock network delay (ideal)                                       0.00       0.00
  input external delay                                              6.25       6.25 r
  rst_n (in)                                    0.00      0.00      0.00       6.25 r
  symbol_mapper_to_ppdu/rst_n (top_sym_to_ppdu_46)                  0.00       6.25 r
  symbol_mapper_to_ppdu/u_form_ppdu/rst_n (form_ppdu_46)            0.00       6.25 r
  symbol_mapper_to_ppdu/u_form_ppdu/U223/Y (NAND3X0_HVT)
                                                2.94      0.88      0.69       6.94 f
  symbol_mapper_to_ppdu/u_form_ppdu/U205/Y (AND2X1_HVT)
                                                0.81      0.18      0.95       7.89 f
  symbol_mapper_to_ppdu/u_form_ppdu/U148/Y (NAND2X0_HVT)
                                                2.74      0.50      0.38       8.27 r
  symbol_mapper_to_ppdu/u_form_ppdu/U156/Y (INVX1_HVT)
                                                5.13      0.34      0.49       8.76 f
  symbol_mapper_to_ppdu/u_form_ppdu/U183/Y (AO222X1_HVT)
                                                0.44      0.19      1.02       9.78 f
  symbol_mapper_to_ppdu/u_form_ppdu/reg_shr_reg[19]/D (DFFX1_HVT)
                                                          0.19      0.00       9.78 f
  data arrival time                                                            9.78

  clock clk (rise edge)                                            31.25      31.25
  clock network delay (ideal)                                       0.00      31.25
  clock uncertainty                                                -0.94      30.31
  symbol_mapper_to_ppdu/u_form_ppdu/reg_shr_reg[19]/CLK (DFFX1_HVT)
                                                                    0.00      30.31 r
  library setup time                                               -0.63      29.69
  data required time                                                          29.69
  ------------------------------------------------------------------------------------
  data required time                                                          29.69
  data arrival time                                                           -9.78
  ------------------------------------------------------------------------------------
  slack (MET)                                                                 19.90


  Startpoint: rst_n (input port clocked by clk)
  Endpoint: symbol_mapper_to_ppdu/u_form_ppdu/reg_shr_reg[18]
            (rising edge-triggered flip-flop clocked by clk)
  Path Group: clk
  Path Type: max

  Des/Clust/Port     Wire Load Model       Library
  ------------------------------------------------
  zigbee             140000                saed32hvt_ss0p75vn40c
  form_ppdu_46       8000                  saed32hvt_ss0p75vn40c

  Point                                          Cap     Trans      Incr       Path
  ------------------------------------------------------------------------------------
  clock clk (rise edge)                                             0.00       0.00
  clock network delay (ideal)                                       0.00       0.00
  input external delay                                              6.25       6.25 r
  rst_n (in)                                    0.00      0.00      0.00       6.25 r
  symbol_mapper_to_ppdu/rst_n (top_sym_to_ppdu_46)                  0.00       6.25 r
  symbol_mapper_to_ppdu/u_form_ppdu/rst_n (form_ppdu_46)            0.00       6.25 r
  symbol_mapper_to_ppdu/u_form_ppdu/U223/Y (NAND3X0_HVT)
                                                2.94      0.88      0.69       6.94 f
  symbol_mapper_to_ppdu/u_form_ppdu/U205/Y (AND2X1_HVT)
                                                0.81      0.18      0.95       7.89 f
  symbol_mapper_to_ppdu/u_form_ppdu/U148/Y (NAND2X0_HVT)
                                                2.74      0.50      0.38       8.27 r
  symbol_mapper_to_ppdu/u_form_ppdu/U156/Y (INVX1_HVT)
                                                5.13      0.34      0.49       8.76 f
  symbol_mapper_to_ppdu/u_form_ppdu/U184/Y (AO222X1_HVT)
                                                0.44      0.19      1.02       9.78 f
  symbol_mapper_to_ppdu/u_form_ppdu/reg_shr_reg[18]/D (DFFX1_HVT)
                                                          0.19      0.00       9.78 f
  data arrival time                                                            9.78

  clock clk (rise edge)                                            31.25      31.25
  clock network delay (ideal)                                       0.00      31.25
  clock uncertainty                                                -0.94      30.31
  symbol_mapper_to_ppdu/u_form_ppdu/reg_shr_reg[18]/CLK (DFFX1_HVT)
                                                                    0.00      30.31 r
  library setup time                                               -0.63      29.69
  data required time                                                          29.69
  ------------------------------------------------------------------------------------
  data required time                                                          29.69
  data arrival time                                                           -9.78
  ------------------------------------------------------------------------------------
  slack (MET)                                                                 19.90


  Startpoint: rst_n (input port clocked by clk)
  Endpoint: symbol_mapper_to_ppdu/u_form_ppdu/reg_shr_reg[17]
            (rising edge-triggered flip-flop clocked by clk)
  Path Group: clk
  Path Type: max

  Des/Clust/Port     Wire Load Model       Library
  ------------------------------------------------
  zigbee             140000                saed32hvt_ss0p75vn40c
  form_ppdu_46       8000                  saed32hvt_ss0p75vn40c

  Point                                          Cap     Trans      Incr       Path
  ------------------------------------------------------------------------------------
  clock clk (rise edge)                                             0.00       0.00
  clock network delay (ideal)                                       0.00       0.00
  input external delay                                              6.25       6.25 r
  rst_n (in)                                    0.00      0.00      0.00       6.25 r
  symbol_mapper_to_ppdu/rst_n (top_sym_to_ppdu_46)                  0.00       6.25 r
  symbol_mapper_to_ppdu/u_form_ppdu/rst_n (form_ppdu_46)            0.00       6.25 r
  symbol_mapper_to_ppdu/u_form_ppdu/U223/Y (NAND3X0_HVT)
                                                2.94      0.88      0.69       6.94 f
  symbol_mapper_to_ppdu/u_form_ppdu/U205/Y (AND2X1_HVT)
                                                0.81      0.18      0.95       7.89 f
  symbol_mapper_to_ppdu/u_form_ppdu/U148/Y (NAND2X0_HVT)
                                                2.74      0.50      0.38       8.27 r
  symbol_mapper_to_ppdu/u_form_ppdu/U156/Y (INVX1_HVT)
                                                5.13      0.34      0.49       8.76 f
  symbol_mapper_to_ppdu/u_form_ppdu/U185/Y (AO222X1_HVT)
                                                0.44      0.19      1.02       9.78 f
  symbol_mapper_to_ppdu/u_form_ppdu/reg_shr_reg[17]/D (DFFX1_HVT)
                                                          0.19      0.00       9.78 f
  data arrival time                                                            9.78

  clock clk (rise edge)                                            31.25      31.25
  clock network delay (ideal)                                       0.00      31.25
  clock uncertainty                                                -0.94      30.31
  symbol_mapper_to_ppdu/u_form_ppdu/reg_shr_reg[17]/CLK (DFFX1_HVT)
                                                                    0.00      30.31 r
  library setup time                                               -0.63      29.69
  data required time                                                          29.69
  ------------------------------------------------------------------------------------
  data required time                                                          29.69
  data arrival time                                                           -9.78
  ------------------------------------------------------------------------------------
  slack (MET)                                                                 19.90


  Startpoint: rst_n (input port clocked by clk)
  Endpoint: symbol_mapper_to_ppdu/u_form_ppdu/reg_shr_reg[16]
            (rising edge-triggered flip-flop clocked by clk)
  Path Group: clk
  Path Type: max

  Des/Clust/Port     Wire Load Model       Library
  ------------------------------------------------
  zigbee             140000                saed32hvt_ss0p75vn40c
  form_ppdu_46       8000                  saed32hvt_ss0p75vn40c

  Point                                          Cap     Trans      Incr       Path
  ------------------------------------------------------------------------------------
  clock clk (rise edge)                                             0.00       0.00
  clock network delay (ideal)                                       0.00       0.00
  input external delay                                              6.25       6.25 r
  rst_n (in)                                    0.00      0.00      0.00       6.25 r
  symbol_mapper_to_ppdu/rst_n (top_sym_to_ppdu_46)                  0.00       6.25 r
  symbol_mapper_to_ppdu/u_form_ppdu/rst_n (form_ppdu_46)            0.00       6.25 r
  symbol_mapper_to_ppdu/u_form_ppdu/U223/Y (NAND3X0_HVT)
                                                2.94      0.88      0.69       6.94 f
  symbol_mapper_to_ppdu/u_form_ppdu/U205/Y (AND2X1_HVT)
                                                0.81      0.18      0.95       7.89 f
  symbol_mapper_to_ppdu/u_form_ppdu/U148/Y (NAND2X0_HVT)
                                                2.74      0.50      0.38       8.27 r
  symbol_mapper_to_ppdu/u_form_ppdu/U156/Y (INVX1_HVT)
                                                5.13      0.34      0.49       8.76 f
  symbol_mapper_to_ppdu/u_form_ppdu/U186/Y (AO222X1_HVT)
                                                0.44      0.19      1.02       9.78 f
  symbol_mapper_to_ppdu/u_form_ppdu/reg_shr_reg[16]/D (DFFX1_HVT)
                                                          0.19      0.00       9.78 f
  data arrival time                                                            9.78

  clock clk (rise edge)                                            31.25      31.25
  clock network delay (ideal)                                       0.00      31.25
  clock uncertainty                                                -0.94      30.31
  symbol_mapper_to_ppdu/u_form_ppdu/reg_shr_reg[16]/CLK (DFFX1_HVT)
                                                                    0.00      30.31 r
  library setup time                                               -0.63      29.69
  data required time                                                          29.69
  ------------------------------------------------------------------------------------
  data required time                                                          29.69
  data arrival time                                                           -9.78
  ------------------------------------------------------------------------------------
  slack (MET)                                                                 19.90


  Startpoint: rst_n (input port clocked by clk)
  Endpoint: symbol_mapper_to_ppdu/u_form_ppdu/reg_shr_reg[15]
            (rising edge-triggered flip-flop clocked by clk)
  Path Group: clk
  Path Type: max

  Des/Clust/Port     Wire Load Model       Library
  ------------------------------------------------
  zigbee             140000                saed32hvt_ss0p75vn40c
  form_ppdu_46       8000                  saed32hvt_ss0p75vn40c

  Point                                          Cap     Trans      Incr       Path
  ------------------------------------------------------------------------------------
  clock clk (rise edge)                                             0.00       0.00
  clock network delay (ideal)                                       0.00       0.00
  input external delay                                              6.25       6.25 r
  rst_n (in)                                    0.00      0.00      0.00       6.25 r
  symbol_mapper_to_ppdu/rst_n (top_sym_to_ppdu_46)                  0.00       6.25 r
  symbol_mapper_to_ppdu/u_form_ppdu/rst_n (form_ppdu_46)            0.00       6.25 r
  symbol_mapper_to_ppdu/u_form_ppdu/U223/Y (NAND3X0_HVT)
                                                2.94      0.88      0.69       6.94 f
  symbol_mapper_to_ppdu/u_form_ppdu/U205/Y (AND2X1_HVT)
                                                0.81      0.18      0.95       7.89 f
  symbol_mapper_to_ppdu/u_form_ppdu/U148/Y (NAND2X0_HVT)
                                                2.74      0.50      0.38       8.27 r
  symbol_mapper_to_ppdu/u_form_ppdu/U156/Y (INVX1_HVT)
                                                5.13      0.34      0.49       8.76 f
  symbol_mapper_to_ppdu/u_form_ppdu/U187/Y (AO222X1_HVT)
                                                0.44      0.19      1.02       9.78 f
  symbol_mapper_to_ppdu/u_form_ppdu/reg_shr_reg[15]/D (DFFX1_HVT)
                                                          0.19      0.00       9.78 f
  data arrival time                                                            9.78

  clock clk (rise edge)                                            31.25      31.25
  clock network delay (ideal)                                       0.00      31.25
  clock uncertainty                                                -0.94      30.31
  symbol_mapper_to_ppdu/u_form_ppdu/reg_shr_reg[15]/CLK (DFFX1_HVT)
                                                                    0.00      30.31 r
  library setup time                                               -0.63      29.69
  data required time                                                          29.69
  ------------------------------------------------------------------------------------
  data required time                                                          29.69
  data arrival time                                                           -9.78
  ------------------------------------------------------------------------------------
  slack (MET)                                                                 19.90


  Startpoint: rst_n (input port clocked by clk)
  Endpoint: symbol_mapper_to_ppdu/u_form_ppdu/reg_shr_reg[14]
            (rising edge-triggered flip-flop clocked by clk)
  Path Group: clk
  Path Type: max

  Des/Clust/Port     Wire Load Model       Library
  ------------------------------------------------
  zigbee             140000                saed32hvt_ss0p75vn40c
  form_ppdu_46       8000                  saed32hvt_ss0p75vn40c

  Point                                          Cap     Trans      Incr       Path
  ------------------------------------------------------------------------------------
  clock clk (rise edge)                                             0.00       0.00
  clock network delay (ideal)                                       0.00       0.00
  input external delay                                              6.25       6.25 r
  rst_n (in)                                    0.00      0.00      0.00       6.25 r
  symbol_mapper_to_ppdu/rst_n (top_sym_to_ppdu_46)                  0.00       6.25 r
  symbol_mapper_to_ppdu/u_form_ppdu/rst_n (form_ppdu_46)            0.00       6.25 r
  symbol_mapper_to_ppdu/u_form_ppdu/U223/Y (NAND3X0_HVT)
                                                2.94      0.88      0.69       6.94 f
  symbol_mapper_to_ppdu/u_form_ppdu/U205/Y (AND2X1_HVT)
                                                0.81      0.18      0.95       7.89 f
  symbol_mapper_to_ppdu/u_form_ppdu/U148/Y (NAND2X0_HVT)
                                                2.74      0.50      0.38       8.27 r
  symbol_mapper_to_ppdu/u_form_ppdu/U156/Y (INVX1_HVT)
                                                5.13      0.34      0.49       8.76 f
  symbol_mapper_to_ppdu/u_form_ppdu/U188/Y (AO222X1_HVT)
                                                0.44      0.19      1.02       9.78 f
  symbol_mapper_to_ppdu/u_form_ppdu/reg_shr_reg[14]/D (DFFX1_HVT)
                                                          0.19      0.00       9.78 f
  data arrival time                                                            9.78

  clock clk (rise edge)                                            31.25      31.25
  clock network delay (ideal)                                       0.00      31.25
  clock uncertainty                                                -0.94      30.31
  symbol_mapper_to_ppdu/u_form_ppdu/reg_shr_reg[14]/CLK (DFFX1_HVT)
                                                                    0.00      30.31 r
  library setup time                                               -0.63      29.69
  data required time                                                          29.69
  ------------------------------------------------------------------------------------
  data required time                                                          29.69
  data arrival time                                                           -9.78
  ------------------------------------------------------------------------------------
  slack (MET)                                                                 19.90


  Startpoint: rst_n (input port clocked by clk)
  Endpoint: symbol_mapper_to_ppdu/u_form_ppdu/reg_shr_reg[13]
            (rising edge-triggered flip-flop clocked by clk)
  Path Group: clk
  Path Type: max

  Des/Clust/Port     Wire Load Model       Library
  ------------------------------------------------
  zigbee             140000                saed32hvt_ss0p75vn40c
  form_ppdu_46       8000                  saed32hvt_ss0p75vn40c

  Point                                          Cap     Trans      Incr       Path
  ------------------------------------------------------------------------------------
  clock clk (rise edge)                                             0.00       0.00
  clock network delay (ideal)                                       0.00       0.00
  input external delay                                              6.25       6.25 r
  rst_n (in)                                    0.00      0.00      0.00       6.25 r
  symbol_mapper_to_ppdu/rst_n (top_sym_to_ppdu_46)                  0.00       6.25 r
  symbol_mapper_to_ppdu/u_form_ppdu/rst_n (form_ppdu_46)            0.00       6.25 r
  symbol_mapper_to_ppdu/u_form_ppdu/U223/Y (NAND3X0_HVT)
                                                2.94      0.88      0.69       6.94 f
  symbol_mapper_to_ppdu/u_form_ppdu/U205/Y (AND2X1_HVT)
                                                0.81      0.18      0.95       7.89 f
  symbol_mapper_to_ppdu/u_form_ppdu/U148/Y (NAND2X0_HVT)
                                                2.74      0.50      0.38       8.27 r
  symbol_mapper_to_ppdu/u_form_ppdu/U156/Y (INVX1_HVT)
                                                5.13      0.34      0.49       8.76 f
  symbol_mapper_to_ppdu/u_form_ppdu/U189/Y (AO222X1_HVT)
                                                0.44      0.19      1.02       9.78 f
  symbol_mapper_to_ppdu/u_form_ppdu/reg_shr_reg[13]/D (DFFX1_HVT)
                                                          0.19      0.00       9.78 f
  data arrival time                                                            9.78

  clock clk (rise edge)                                            31.25      31.25
  clock network delay (ideal)                                       0.00      31.25
  clock uncertainty                                                -0.94      30.31
  symbol_mapper_to_ppdu/u_form_ppdu/reg_shr_reg[13]/CLK (DFFX1_HVT)
                                                                    0.00      30.31 r
  library setup time                                               -0.63      29.69
  data required time                                                          29.69
  ------------------------------------------------------------------------------------
  data required time                                                          29.69
  data arrival time                                                           -9.78
  ------------------------------------------------------------------------------------
  slack (MET)                                                                 19.90


  Startpoint: rst_n (input port clocked by clk)
  Endpoint: symbol_mapper_to_ppdu/u_form_ppdu/reg_shr_reg[12]
            (rising edge-triggered flip-flop clocked by clk)
  Path Group: clk
  Path Type: max

  Des/Clust/Port     Wire Load Model       Library
  ------------------------------------------------
  zigbee             140000                saed32hvt_ss0p75vn40c
  form_ppdu_46       8000                  saed32hvt_ss0p75vn40c

  Point                                          Cap     Trans      Incr       Path
  ------------------------------------------------------------------------------------
  clock clk (rise edge)                                             0.00       0.00
  clock network delay (ideal)                                       0.00       0.00
  input external delay                                              6.25       6.25 r
  rst_n (in)                                    0.00      0.00      0.00       6.25 r
  symbol_mapper_to_ppdu/rst_n (top_sym_to_ppdu_46)                  0.00       6.25 r
  symbol_mapper_to_ppdu/u_form_ppdu/rst_n (form_ppdu_46)            0.00       6.25 r
  symbol_mapper_to_ppdu/u_form_ppdu/U223/Y (NAND3X0_HVT)
                                                2.94      0.88      0.69       6.94 f
  symbol_mapper_to_ppdu/u_form_ppdu/U205/Y (AND2X1_HVT)
                                                0.81      0.18      0.95       7.89 f
  symbol_mapper_to_ppdu/u_form_ppdu/U148/Y (NAND2X0_HVT)
                                                2.74      0.50      0.38       8.27 r
  symbol_mapper_to_ppdu/u_form_ppdu/U156/Y (INVX1_HVT)
                                                5.13      0.34      0.49       8.76 f
  symbol_mapper_to_ppdu/u_form_ppdu/U190/Y (AO222X1_HVT)
                                                0.44      0.19      1.02       9.78 f
  symbol_mapper_to_ppdu/u_form_ppdu/reg_shr_reg[12]/D (DFFX1_HVT)
                                                          0.19      0.00       9.78 f
  data arrival time                                                            9.78

  clock clk (rise edge)                                            31.25      31.25
  clock network delay (ideal)                                       0.00      31.25
  clock uncertainty                                                -0.94      30.31
  symbol_mapper_to_ppdu/u_form_ppdu/reg_shr_reg[12]/CLK (DFFX1_HVT)
                                                                    0.00      30.31 r
  library setup time                                               -0.63      29.69
  data required time                                                          29.69
  ------------------------------------------------------------------------------------
  data required time                                                          29.69
  data arrival time                                                           -9.78
  ------------------------------------------------------------------------------------
  slack (MET)                                                                 19.90


  Startpoint: rst_n (input port clocked by clk)
  Endpoint: symbol_mapper_to_ppdu/u_form_ppdu/reg_shr_reg[11]
            (rising edge-triggered flip-flop clocked by clk)
  Path Group: clk
  Path Type: max

  Des/Clust/Port     Wire Load Model       Library
  ------------------------------------------------
  zigbee             140000                saed32hvt_ss0p75vn40c
  form_ppdu_46       8000                  saed32hvt_ss0p75vn40c

  Point                                          Cap     Trans      Incr       Path
  ------------------------------------------------------------------------------------
  clock clk (rise edge)                                             0.00       0.00
  clock network delay (ideal)                                       0.00       0.00
  input external delay                                              6.25       6.25 r
  rst_n (in)                                    0.00      0.00      0.00       6.25 r
  symbol_mapper_to_ppdu/rst_n (top_sym_to_ppdu_46)                  0.00       6.25 r
  symbol_mapper_to_ppdu/u_form_ppdu/rst_n (form_ppdu_46)            0.00       6.25 r
  symbol_mapper_to_ppdu/u_form_ppdu/U223/Y (NAND3X0_HVT)
                                                2.94      0.88      0.69       6.94 f
  symbol_mapper_to_ppdu/u_form_ppdu/U205/Y (AND2X1_HVT)
                                                0.81      0.18      0.95       7.89 f
  symbol_mapper_to_ppdu/u_form_ppdu/U148/Y (NAND2X0_HVT)
                                                2.74      0.50      0.38       8.27 r
  symbol_mapper_to_ppdu/u_form_ppdu/U156/Y (INVX1_HVT)
                                                5.13      0.34      0.49       8.76 f
  symbol_mapper_to_ppdu/u_form_ppdu/U191/Y (AO222X1_HVT)
                                                0.44      0.19      1.02       9.78 f
  symbol_mapper_to_ppdu/u_form_ppdu/reg_shr_reg[11]/D (DFFX1_HVT)
                                                          0.19      0.00       9.78 f
  data arrival time                                                            9.78

  clock clk (rise edge)                                            31.25      31.25
  clock network delay (ideal)                                       0.00      31.25
  clock uncertainty                                                -0.94      30.31
  symbol_mapper_to_ppdu/u_form_ppdu/reg_shr_reg[11]/CLK (DFFX1_HVT)
                                                                    0.00      30.31 r
  library setup time                                               -0.63      29.69
  data required time                                                          29.69
  ------------------------------------------------------------------------------------
  data required time                                                          29.69
  data arrival time                                                           -9.78
  ------------------------------------------------------------------------------------
  slack (MET)                                                                 19.90


  Startpoint: rst_n (input port clocked by clk)
  Endpoint: symbol_mapper_to_ppdu/u_form_ppdu/reg_shr_reg[10]
            (rising edge-triggered flip-flop clocked by clk)
  Path Group: clk
  Path Type: max

  Des/Clust/Port     Wire Load Model       Library
  ------------------------------------------------
  zigbee             140000                saed32hvt_ss0p75vn40c
  form_ppdu_46       8000                  saed32hvt_ss0p75vn40c

  Point                                          Cap     Trans      Incr       Path
  ------------------------------------------------------------------------------------
  clock clk (rise edge)                                             0.00       0.00
  clock network delay (ideal)                                       0.00       0.00
  input external delay                                              6.25       6.25 r
  rst_n (in)                                    0.00      0.00      0.00       6.25 r
  symbol_mapper_to_ppdu/rst_n (top_sym_to_ppdu_46)                  0.00       6.25 r
  symbol_mapper_to_ppdu/u_form_ppdu/rst_n (form_ppdu_46)            0.00       6.25 r
  symbol_mapper_to_ppdu/u_form_ppdu/U223/Y (NAND3X0_HVT)
                                                2.94      0.88      0.69       6.94 f
  symbol_mapper_to_ppdu/u_form_ppdu/U205/Y (AND2X1_HVT)
                                                0.81      0.18      0.95       7.89 f
  symbol_mapper_to_ppdu/u_form_ppdu/U148/Y (NAND2X0_HVT)
                                                2.74      0.50      0.38       8.27 r
  symbol_mapper_to_ppdu/u_form_ppdu/U156/Y (INVX1_HVT)
                                                5.13      0.34      0.49       8.76 f
  symbol_mapper_to_ppdu/u_form_ppdu/U192/Y (AO222X1_HVT)
                                                0.44      0.19      1.02       9.78 f
  symbol_mapper_to_ppdu/u_form_ppdu/reg_shr_reg[10]/D (DFFX1_HVT)
                                                          0.19      0.00       9.78 f
  data arrival time                                                            9.78

  clock clk (rise edge)                                            31.25      31.25
  clock network delay (ideal)                                       0.00      31.25
  clock uncertainty                                                -0.94      30.31
  symbol_mapper_to_ppdu/u_form_ppdu/reg_shr_reg[10]/CLK (DFFX1_HVT)
                                                                    0.00      30.31 r
  library setup time                                               -0.63      29.69
  data required time                                                          29.69
  ------------------------------------------------------------------------------------
  data required time                                                          29.69
  data arrival time                                                           -9.78
  ------------------------------------------------------------------------------------
  slack (MET)                                                                 19.90


1
