 
****************************************
Report : timing
        -path full
        -delay min
        -slack_greater_than 0.00
        -max_paths 100
Design : zigbee
Version: O-2018.06-SP1
Date   : Sun Sep 20 00:44:19 2026
****************************************

 # A fanout number of 1000 was used for high fanout net computations.

Operating Conditions: ss0p75vn40c   Library: saed32hvt_ss0p75vn40c
Wire Load Model Mode: enclosed

  Startpoint: symbol_mapper_to_ppdu/u_interleaver_even/o_data_reg
              (rising edge-triggered flip-flop clocked by clk)
  Endpoint: symbol_mapper_to_ppdu/u_form_ppdu/reg_data_i_reg[0]
            (rising edge-triggered flip-flop clocked by clk)
  Path Group: clk
  Path Type: min

  Des/Clust/Port     Wire Load Model       Library
  ------------------------------------------------
  zigbee             140000                saed32hvt_ss0p75vn40c
  top_sym_to_ppdu_46 16000                 saed32hvt_ss0p75vn40c

  Point                                                   Incr       Path
  --------------------------------------------------------------------------
  clock clk (rise edge)                                   0.00       0.00
  clock network delay (ideal)                             0.00       0.00
  symbol_mapper_to_ppdu/u_interleaver_even/o_data_reg/CLK (DFFX1_HVT)
                                                          0.00 #     0.00 r
  symbol_mapper_to_ppdu/u_interleaver_even/o_data_reg/Q (DFFX1_HVT)
                                                          0.94       0.94 r
  symbol_mapper_to_ppdu/u_interleaver_even/o_data (interleaver_46_0)
                                                          0.00       0.94 r
  symbol_mapper_to_ppdu/u_form_ppdu/i_e (form_ppdu_46)
                                                          0.00       0.94 r
  symbol_mapper_to_ppdu/u_form_ppdu/reg_data_i_reg[0]/D (DFFSSRX1_HVT)
                                                          0.00       0.94 r
  data arrival time                                                  0.94

  clock clk (rise edge)                                   0.00       0.00
  clock network delay (ideal)                             0.00       0.00
  clock uncertainty                                       0.62       0.62
  symbol_mapper_to_ppdu/u_form_ppdu/reg_data_i_reg[0]/CLK (DFFSSRX1_HVT)
                                                          0.00       0.62 r
  library hold time                                      -0.10       0.52
  data required time                                                 0.52
  --------------------------------------------------------------------------
  data required time                                                 0.52
  data arrival time                                                 -0.94
  --------------------------------------------------------------------------
  slack (MET)                                                        0.41


  Startpoint: symbol_mapper_to_ppdu/u_interleaver_odd/o_data_reg
              (rising edge-triggered flip-flop clocked by clk)
  Endpoint: symbol_mapper_to_ppdu/u_form_ppdu/reg_data_q_reg[0]
            (rising edge-triggered flip-flop clocked by clk)
  Path Group: clk
  Path Type: min

  Des/Clust/Port     Wire Load Model       Library
  ------------------------------------------------
  zigbee             140000                saed32hvt_ss0p75vn40c
  top_sym_to_ppdu_46 16000                 saed32hvt_ss0p75vn40c

  Point                                                   Incr       Path
  --------------------------------------------------------------------------
  clock clk (rise edge)                                   0.00       0.00
  clock network delay (ideal)                             0.00       0.00
  symbol_mapper_to_ppdu/u_interleaver_odd/o_data_reg/CLK (DFFX1_HVT)
                                                          0.00 #     0.00 r
  symbol_mapper_to_ppdu/u_interleaver_odd/o_data_reg/Q (DFFX1_HVT)
                                                          0.94       0.94 r
  symbol_mapper_to_ppdu/u_interleaver_odd/o_data (interleaver_46_1)
                                                          0.00       0.94 r
  symbol_mapper_to_ppdu/u_form_ppdu/i_o (form_ppdu_46)
                                                          0.00       0.94 r
  symbol_mapper_to_ppdu/u_form_ppdu/reg_data_q_reg[0]/D (DFFSSRX1_HVT)
                                                          0.00       0.94 r
  data arrival time                                                  0.94

  clock clk (rise edge)                                   0.00       0.00
  clock network delay (ideal)                             0.00       0.00
  clock uncertainty                                       0.62       0.62
  symbol_mapper_to_ppdu/u_form_ppdu/reg_data_q_reg[0]/CLK (DFFSSRX1_HVT)
                                                          0.00       0.62 r
  library hold time                                      -0.10       0.52
  data required time                                                 0.52
  --------------------------------------------------------------------------
  data required time                                                 0.52
  data arrival time                                                 -0.94
  --------------------------------------------------------------------------
  slack (MET)                                                        0.41


  Startpoint: symbol_mapper_to_ppdu/u_form_ppdu/o_valid_reg
              (rising edge-triggered flip-flop clocked by clk)
  Endpoint: QPSK/valid_reg
            (rising edge-triggered flip-flop clocked by clk)
  Path Group: clk
  Path Type: min

  Des/Clust/Port     Wire Load Model       Library
  ------------------------------------------------
  zigbee             140000                saed32hvt_ss0p75vn40c

  Point                                                   Incr       Path
  --------------------------------------------------------------------------
  clock clk (rise edge)                                   0.00       0.00
  clock network delay (ideal)                             0.00       0.00
  symbol_mapper_to_ppdu/u_form_ppdu/o_valid_reg/CLK (DFFX1_HVT)
                                                          0.00 #     0.00 r
  symbol_mapper_to_ppdu/u_form_ppdu/o_valid_reg/Q (DFFX1_HVT)
                                                          0.96       0.96 r
  symbol_mapper_to_ppdu/u_form_ppdu/o_valid (form_ppdu_46)
                                                          0.00       0.96 r
  symbol_mapper_to_ppdu/o_valid (top_sym_to_ppdu_46)      0.00       0.96 r
  QPSK/i_valid (QPSK_mapper)                              0.00       0.96 r
  QPSK/valid_reg/D (DFFSSRX1_HVT)                         0.00       0.96 r
  data arrival time                                                  0.96

  clock clk (rise edge)                                   0.00       0.00
  clock network delay (ideal)                             0.00       0.00
  clock uncertainty                                       0.62       0.62
  QPSK/valid_reg/CLK (DFFSSRX1_HVT)                       0.00       0.62 r
  library hold time                                      -0.11       0.51
  data required time                                                 0.51
  --------------------------------------------------------------------------
  data required time                                                 0.51
  data arrival time                                                 -0.96
  --------------------------------------------------------------------------
  slack (MET)                                                        0.45


  Startpoint: symbol_mapper_to_ppdu/u_interleaver_even/i_valid_reg
              (rising edge-triggered flip-flop clocked by clk)
  Endpoint: symbol_mapper_to_ppdu/u_interleaver_even/o_valid_reg
            (rising edge-triggered flip-flop clocked by clk)
  Path Group: clk
  Path Type: min

  Des/Clust/Port     Wire Load Model       Library
  ------------------------------------------------
  zigbee             140000                saed32hvt_ss0p75vn40c
  interleaver_46_0   ForQA                 saed32hvt_ss0p75vn40c

  Point                                                   Incr       Path
  --------------------------------------------------------------------------
  clock clk (rise edge)                                   0.00       0.00
  clock network delay (ideal)                             0.00       0.00
  symbol_mapper_to_ppdu/u_interleaver_even/i_valid_reg/CLK (DFFSSRX1_HVT)
                                                          0.00 #     0.00 r
  symbol_mapper_to_ppdu/u_interleaver_even/i_valid_reg/QN (DFFSSRX1_HVT)
                                                          0.72       0.72 r
  symbol_mapper_to_ppdu/u_interleaver_even/o_valid_reg/SETB (DFFSSRX1_HVT)
                                                          0.00       0.72 r
  data arrival time                                                  0.72

  clock clk (rise edge)                                   0.00       0.00
  clock network delay (ideal)                             0.00       0.00
  clock uncertainty                                       0.62       0.62
  symbol_mapper_to_ppdu/u_interleaver_even/o_valid_reg/CLK (DFFSSRX1_HVT)
                                                          0.00       0.62 r
  library hold time                                      -0.38       0.25
  data required time                                                 0.25
  --------------------------------------------------------------------------
  data required time                                                 0.25
  data arrival time                                                 -0.72
  --------------------------------------------------------------------------
  slack (MET)                                                        0.47


  Startpoint: symbol_mapper_to_ppdu/u_interleaver_odd/i_valid_reg
              (rising edge-triggered flip-flop clocked by clk)
  Endpoint: symbol_mapper_to_ppdu/u_interleaver_odd/o_valid_reg
            (rising edge-triggered flip-flop clocked by clk)
  Path Group: clk
  Path Type: min

  Des/Clust/Port     Wire Load Model       Library
  ------------------------------------------------
  zigbee             140000                saed32hvt_ss0p75vn40c
  interleaver_46_1   ForQA                 saed32hvt_ss0p75vn40c

  Point                                                   Incr       Path
  --------------------------------------------------------------------------
  clock clk (rise edge)                                   0.00       0.00
  clock network delay (ideal)                             0.00       0.00
  symbol_mapper_to_ppdu/u_interleaver_odd/i_valid_reg/CLK (DFFSSRX1_HVT)
                                                          0.00 #     0.00 r
  symbol_mapper_to_ppdu/u_interleaver_odd/i_valid_reg/QN (DFFSSRX1_HVT)
                                                          0.72       0.72 r
  symbol_mapper_to_ppdu/u_interleaver_odd/o_valid_reg/SETB (DFFSSRX1_HVT)
                                                          0.00       0.72 r
  data arrival time                                                  0.72

  clock clk (rise edge)                                   0.00       0.00
  clock network delay (ideal)                             0.00       0.00
  clock uncertainty                                       0.62       0.62
  symbol_mapper_to_ppdu/u_interleaver_odd/o_valid_reg/CLK (DFFSSRX1_HVT)
                                                          0.00       0.62 r
  library hold time                                      -0.38       0.25
  data required time                                                 0.25
  --------------------------------------------------------------------------
  data required time                                                 0.25
  data arrival time                                                 -0.72
  --------------------------------------------------------------------------
  slack (MET)                                                        0.47


  Startpoint: symbol_mapper_to_ppdu/u_interleaver_even/gen_interleaver_1mbps.busy_reg
              (rising edge-triggered flip-flop clocked by clk)
  Endpoint: symbol_mapper_to_ppdu/u_interleaver_even/o_valid_reg
            (rising edge-triggered flip-flop clocked by clk)
  Path Group: clk
  Path Type: min

  Des/Clust/Port     Wire Load Model       Library
  ------------------------------------------------
  zigbee             140000                saed32hvt_ss0p75vn40c
  interleaver_46_0   ForQA                 saed32hvt_ss0p75vn40c

  Point                                                   Incr       Path
  --------------------------------------------------------------------------
  clock clk (rise edge)                                   0.00       0.00
  clock network delay (ideal)                             0.00       0.00
  symbol_mapper_to_ppdu/u_interleaver_even/gen_interleaver_1mbps.busy_reg/CLK (DFFX1_HVT)
                                                          0.00 #     0.00 r
  symbol_mapper_to_ppdu/u_interleaver_even/gen_interleaver_1mbps.busy_reg/Q (DFFX1_HVT)
                                                          0.98       0.98 r
  symbol_mapper_to_ppdu/u_interleaver_even/o_valid_reg/D (DFFSSRX1_HVT)
                                                          0.00       0.98 r
  data arrival time                                                  0.98

  clock clk (rise edge)                                   0.00       0.00
  clock network delay (ideal)                             0.00       0.00
  clock uncertainty                                       0.62       0.62
  symbol_mapper_to_ppdu/u_interleaver_even/o_valid_reg/CLK (DFFSSRX1_HVT)
                                                          0.00       0.62 r
  library hold time                                      -0.12       0.50
  data required time                                                 0.50
  --------------------------------------------------------------------------
  data required time                                                 0.50
  data arrival time                                                 -0.98
  --------------------------------------------------------------------------
  slack (MET)                                                        0.48


  Startpoint: symbol_mapper_to_ppdu/u_interleaver_odd/gen_interleaver_1mbps.busy_reg
              (rising edge-triggered flip-flop clocked by clk)
  Endpoint: symbol_mapper_to_ppdu/u_interleaver_odd/o_valid_reg
            (rising edge-triggered flip-flop clocked by clk)
  Path Group: clk
  Path Type: min

  Des/Clust/Port     Wire Load Model       Library
  ------------------------------------------------
  zigbee             140000                saed32hvt_ss0p75vn40c
  interleaver_46_1   ForQA                 saed32hvt_ss0p75vn40c

  Point                                                   Incr       Path
  --------------------------------------------------------------------------
  clock clk (rise edge)                                   0.00       0.00
  clock network delay (ideal)                             0.00       0.00
  symbol_mapper_to_ppdu/u_interleaver_odd/gen_interleaver_1mbps.busy_reg/CLK (DFFX1_HVT)
                                                          0.00 #     0.00 r
  symbol_mapper_to_ppdu/u_interleaver_odd/gen_interleaver_1mbps.busy_reg/Q (DFFX1_HVT)
                                                          0.98       0.98 r
  symbol_mapper_to_ppdu/u_interleaver_odd/o_valid_reg/D (DFFSSRX1_HVT)
                                                          0.00       0.98 r
  data arrival time                                                  0.98

  clock clk (rise edge)                                   0.00       0.00
  clock network delay (ideal)                             0.00       0.00
  clock uncertainty                                       0.62       0.62
  symbol_mapper_to_ppdu/u_interleaver_odd/o_valid_reg/CLK (DFFSSRX1_HVT)
                                                          0.00       0.62 r
  library hold time                                      -0.12       0.50
  data required time                                                 0.50
  --------------------------------------------------------------------------
  data required time                                                 0.50
  data arrival time                                                 -0.98
  --------------------------------------------------------------------------
  slack (MET)                                                        0.48


  Startpoint: DEMUX/e_bits_reg_reg[2]
              (rising edge-triggered flip-flop clocked by clk)
  Endpoint: DEMUX/e_bits_reg[2]
            (rising edge-triggered flip-flop clocked by clk)
  Path Group: clk
  Path Type: min

  Des/Clust/Port     Wire Load Model       Library
  ------------------------------------------------
  zigbee             140000                saed32hvt_ss0p75vn40c
  e_o_demux_46       ForQA                 saed32hvt_ss0p75vn40c

  Point                                                   Incr       Path
  --------------------------------------------------------------------------
  clock clk (rise edge)                                   0.00       0.00
  clock network delay (ideal)                             0.00       0.00
  DEMUX/e_bits_reg_reg[2]/CLK (DFFX1_HVT)                 0.00 #     0.00 r
  DEMUX/e_bits_reg_reg[2]/Q (DFFX1_HVT)                   0.97       0.97 r
  DEMUX/e_bits_reg[2]/RSTB (DFFSSRX1_HVT)                 0.00       0.97 r
  data arrival time                                                  0.97

  clock clk (rise edge)                                   0.00       0.00
  clock network delay (ideal)                             0.00       0.00
  clock uncertainty                                       0.62       0.62
  DEMUX/e_bits_reg[2]/CLK (DFFSSRX1_HVT)                  0.00       0.62 r
  library hold time                                      -0.18       0.45
  data required time                                                 0.45
  --------------------------------------------------------------------------
  data required time                                                 0.45
  data arrival time                                                 -0.97
  --------------------------------------------------------------------------
  slack (MET)                                                        0.52


  Startpoint: DEMUX/o_bits_reg_reg[2]
              (rising edge-triggered flip-flop clocked by clk)
  Endpoint: DEMUX/o_bits_reg[2]
            (rising edge-triggered flip-flop clocked by clk)
  Path Group: clk
  Path Type: min

  Des/Clust/Port     Wire Load Model       Library
  ------------------------------------------------
  zigbee             140000                saed32hvt_ss0p75vn40c
  e_o_demux_46       ForQA                 saed32hvt_ss0p75vn40c

  Point                                                   Incr       Path
  --------------------------------------------------------------------------
  clock clk (rise edge)                                   0.00       0.00
  clock network delay (ideal)                             0.00       0.00
  DEMUX/o_bits_reg_reg[2]/CLK (DFFX1_HVT)                 0.00 #     0.00 r
  DEMUX/o_bits_reg_reg[2]/Q (DFFX1_HVT)                   0.97       0.97 r
  DEMUX/o_bits_reg[2]/RSTB (DFFSSRX1_HVT)                 0.00       0.97 r
  data arrival time                                                  0.97

  clock clk (rise edge)                                   0.00       0.00
  clock network delay (ideal)                             0.00       0.00
  clock uncertainty                                       0.62       0.62
  DEMUX/o_bits_reg[2]/CLK (DFFSSRX1_HVT)                  0.00       0.62 r
  library hold time                                      -0.18       0.45
  data required time                                                 0.45
  --------------------------------------------------------------------------
  data required time                                                 0.45
  data arrival time                                                 -0.97
  --------------------------------------------------------------------------
  slack (MET)                                                        0.52


  Startpoint: DEMUX/e_bits_reg_reg[0]
              (rising edge-triggered flip-flop clocked by clk)
  Endpoint: DEMUX/e_bits_reg[0]
            (rising edge-triggered flip-flop clocked by clk)
  Path Group: clk
  Path Type: min

  Des/Clust/Port     Wire Load Model       Library
  ------------------------------------------------
  zigbee             140000                saed32hvt_ss0p75vn40c
  e_o_demux_46       ForQA                 saed32hvt_ss0p75vn40c

  Point                                                   Incr       Path
  --------------------------------------------------------------------------
  clock clk (rise edge)                                   0.00       0.00
  clock network delay (ideal)                             0.00       0.00
  DEMUX/e_bits_reg_reg[0]/CLK (DFFX1_HVT)                 0.00 #     0.00 r
  DEMUX/e_bits_reg_reg[0]/Q (DFFX1_HVT)                   0.99       0.99 r
  DEMUX/e_bits_reg[0]/RSTB (DFFSSRX1_HVT)                 0.00       0.99 r
  data arrival time                                                  0.99

  clock clk (rise edge)                                   0.00       0.00
  clock network delay (ideal)                             0.00       0.00
  clock uncertainty                                       0.62       0.62
  DEMUX/e_bits_reg[0]/CLK (DFFSSRX1_HVT)                  0.00       0.62 r
  library hold time                                      -0.19       0.43
  data required time                                                 0.43
  --------------------------------------------------------------------------
  data required time                                                 0.43
  data arrival time                                                 -0.99
  --------------------------------------------------------------------------
  slack (MET)                                                        0.55


  Startpoint: DEMUX/o_bits_reg_reg[0]
              (rising edge-triggered flip-flop clocked by clk)
  Endpoint: DEMUX/o_bits_reg[0]
            (rising edge-triggered flip-flop clocked by clk)
  Path Group: clk
  Path Type: min

  Des/Clust/Port     Wire Load Model       Library
  ------------------------------------------------
  zigbee             140000                saed32hvt_ss0p75vn40c
  e_o_demux_46       ForQA                 saed32hvt_ss0p75vn40c

  Point                                                   Incr       Path
  --------------------------------------------------------------------------
  clock clk (rise edge)                                   0.00       0.00
  clock network delay (ideal)                             0.00       0.00
  DEMUX/o_bits_reg_reg[0]/CLK (DFFX1_HVT)                 0.00 #     0.00 r
  DEMUX/o_bits_reg_reg[0]/Q (DFFX1_HVT)                   0.99       0.99 r
  DEMUX/o_bits_reg[0]/RSTB (DFFSSRX1_HVT)                 0.00       0.99 r
  data arrival time                                                  0.99

  clock clk (rise edge)                                   0.00       0.00
  clock network delay (ideal)                             0.00       0.00
  clock uncertainty                                       0.62       0.62
  DEMUX/o_bits_reg[0]/CLK (DFFSSRX1_HVT)                  0.00       0.62 r
  library hold time                                      -0.19       0.43
  data required time                                                 0.43
  --------------------------------------------------------------------------
  data required time                                                 0.43
  data arrival time                                                 -0.99
  --------------------------------------------------------------------------
  slack (MET)                                                        0.55


  Startpoint: DEMUX/e_bits_reg_reg[1]
              (rising edge-triggered flip-flop clocked by clk)
  Endpoint: DEMUX/e_bits_reg[1]
            (rising edge-triggered flip-flop clocked by clk)
  Path Group: clk
  Path Type: min

  Des/Clust/Port     Wire Load Model       Library
  ------------------------------------------------
  zigbee             140000                saed32hvt_ss0p75vn40c
  e_o_demux_46       ForQA                 saed32hvt_ss0p75vn40c

  Point                                                   Incr       Path
  --------------------------------------------------------------------------
  clock clk (rise edge)                                   0.00       0.00
  clock network delay (ideal)                             0.00       0.00
  DEMUX/e_bits_reg_reg[1]/CLK (DFFX1_HVT)                 0.00 #     0.00 r
  DEMUX/e_bits_reg_reg[1]/Q (DFFX1_HVT)                   0.99       0.99 r
  DEMUX/e_bits_reg[1]/RSTB (DFFSSRX1_HVT)                 0.00       0.99 r
  data arrival time                                                  0.99

  clock clk (rise edge)                                   0.00       0.00
  clock network delay (ideal)                             0.00       0.00
  clock uncertainty                                       0.62       0.62
  DEMUX/e_bits_reg[1]/CLK (DFFSSRX1_HVT)                  0.00       0.62 r
  library hold time                                      -0.19       0.43
  data required time                                                 0.43
  --------------------------------------------------------------------------
  data required time                                                 0.43
  data arrival time                                                 -0.99
  --------------------------------------------------------------------------
  slack (MET)                                                        0.55


  Startpoint: DEMUX/o_bits_reg_reg[1]
              (rising edge-triggered flip-flop clocked by clk)
  Endpoint: DEMUX/o_bits_reg[1]
            (rising edge-triggered flip-flop clocked by clk)
  Path Group: clk
  Path Type: min

  Des/Clust/Port     Wire Load Model       Library
  ------------------------------------------------
  zigbee             140000                saed32hvt_ss0p75vn40c
  e_o_demux_46       ForQA                 saed32hvt_ss0p75vn40c

  Point                                                   Incr       Path
  --------------------------------------------------------------------------
  clock clk (rise edge)                                   0.00       0.00
  clock network delay (ideal)                             0.00       0.00
  DEMUX/o_bits_reg_reg[1]/CLK (DFFX1_HVT)                 0.00 #     0.00 r
  DEMUX/o_bits_reg_reg[1]/Q (DFFX1_HVT)                   0.99       0.99 r
  DEMUX/o_bits_reg[1]/RSTB (DFFSSRX1_HVT)                 0.00       0.99 r
  data arrival time                                                  0.99

  clock clk (rise edge)                                   0.00       0.00
  clock network delay (ideal)                             0.00       0.00
  clock uncertainty                                       0.62       0.62
  DEMUX/o_bits_reg[1]/CLK (DFFSSRX1_HVT)                  0.00       0.62 r
  library hold time                                      -0.19       0.43
  data required time                                                 0.43
  --------------------------------------------------------------------------
  data required time                                                 0.43
  data arrival time                                                 -0.99
  --------------------------------------------------------------------------
  slack (MET)                                                        0.55


  Startpoint: DEMUX/valid_reg
              (rising edge-triggered flip-flop clocked by clk)
  Endpoint: symbol_mapper_to_ppdu/u_symbol_mapper_even/o_valid_reg
            (rising edge-triggered flip-flop clocked by clk)
  Path Group: clk
  Path Type: min

  Des/Clust/Port     Wire Load Model       Library
  ------------------------------------------------
  zigbee             140000                saed32hvt_ss0p75vn40c

  Point                                                   Incr       Path
  --------------------------------------------------------------------------
  clock clk (rise edge)                                   0.00       0.00
  clock network delay (ideal)                             0.00       0.00
  DEMUX/valid_reg/CLK (DFFX1_HVT)                         0.00 #     0.00 r
  DEMUX/valid_reg/Q (DFFX1_HVT)                           1.00       1.00 r
  DEMUX/valid (e_o_demux_46)                              0.00       1.00 r
  symbol_mapper_to_ppdu/i_valid (top_sym_to_ppdu_46)      0.00       1.00 r
  symbol_mapper_to_ppdu/u_symbol_mapper_even/i_valid (symbol_mapper_46_0)
                                                          0.00       1.00 r
  symbol_mapper_to_ppdu/u_symbol_mapper_even/o_valid_reg/RSTB (DFFSSRX1_HVT)
                                                          0.00       1.00 r
  data arrival time                                                  1.00

  clock clk (rise edge)                                   0.00       0.00
  clock network delay (ideal)                             0.00       0.00
  clock uncertainty                                       0.62       0.62
  symbol_mapper_to_ppdu/u_symbol_mapper_even/o_valid_reg/CLK (DFFSSRX1_HVT)
                                                          0.00       0.62 r
  library hold time                                      -0.21       0.42
  data required time                                                 0.42
  --------------------------------------------------------------------------
  data required time                                                 0.42
  data arrival time                                                 -1.00
  --------------------------------------------------------------------------
  slack (MET)                                                        0.59


  Startpoint: DEMUX/valid_reg
              (rising edge-triggered flip-flop clocked by clk)
  Endpoint: symbol_mapper_to_ppdu/u_symbol_mapper_odd/o_valid_reg
            (rising edge-triggered flip-flop clocked by clk)
  Path Group: clk
  Path Type: min

  Des/Clust/Port     Wire Load Model       Library
  ------------------------------------------------
  zigbee             140000                saed32hvt_ss0p75vn40c

  Point                                                   Incr       Path
  --------------------------------------------------------------------------
  clock clk (rise edge)                                   0.00       0.00
  clock network delay (ideal)                             0.00       0.00
  DEMUX/valid_reg/CLK (DFFX1_HVT)                         0.00 #     0.00 r
  DEMUX/valid_reg/Q (DFFX1_HVT)                           1.00       1.00 r
  DEMUX/valid (e_o_demux_46)                              0.00       1.00 r
  symbol_mapper_to_ppdu/i_valid (top_sym_to_ppdu_46)      0.00       1.00 r
  symbol_mapper_to_ppdu/u_symbol_mapper_odd/i_valid (symbol_mapper_46_1)
                                                          0.00       1.00 r
  symbol_mapper_to_ppdu/u_symbol_mapper_odd/o_valid_reg/RSTB (DFFSSRX1_HVT)
                                                          0.00       1.00 r
  data arrival time                                                  1.00

  clock clk (rise edge)                                   0.00       0.00
  clock network delay (ideal)                             0.00       0.00
  clock uncertainty                                       0.62       0.62
  symbol_mapper_to_ppdu/u_symbol_mapper_odd/o_valid_reg/CLK (DFFSSRX1_HVT)
                                                          0.00       0.62 r
  library hold time                                      -0.21       0.42
  data required time                                                 0.42
  --------------------------------------------------------------------------
  data required time                                                 0.42
  data arrival time                                                 -1.00
  --------------------------------------------------------------------------
  slack (MET)                                                        0.59


  Startpoint: symbol_mapper_to_ppdu/u_interleaver_even/gen_interleaver_1mbps.bit_count_reg[0]
              (rising edge-triggered flip-flop clocked by clk)
  Endpoint: symbol_mapper_to_ppdu/u_interleaver_even/gen_interleaver_1mbps.bit_count_reg[0]
            (rising edge-triggered flip-flop clocked by clk)
  Path Group: clk
  Path Type: min

  Des/Clust/Port     Wire Load Model       Library
  ------------------------------------------------
  zigbee             140000                saed32hvt_ss0p75vn40c
  interleaver_46_0   ForQA                 saed32hvt_ss0p75vn40c

  Point                                                   Incr       Path
  --------------------------------------------------------------------------
  clock clk (rise edge)                                   0.00       0.00
  clock network delay (ideal)                             0.00       0.00
  symbol_mapper_to_ppdu/u_interleaver_even/gen_interleaver_1mbps.bit_count_reg[0]/CLK (DFFX1_HVT)
                                                          0.00 #     0.00 r
  symbol_mapper_to_ppdu/u_interleaver_even/gen_interleaver_1mbps.bit_count_reg[0]/QN (DFFX1_HVT)
                                                          0.68       0.68 f
  symbol_mapper_to_ppdu/u_interleaver_even/U8/Y (AO22X1_HVT)
                                                          0.50       1.17 f
  symbol_mapper_to_ppdu/u_interleaver_even/gen_interleaver_1mbps.bit_count_reg[0]/D (DFFX1_HVT)
                                                          0.00       1.17 f
  data arrival time                                                  1.17

  clock clk (rise edge)                                   0.00       0.00
  clock network delay (ideal)                             0.00       0.00
  clock uncertainty                                       0.62       0.62
  symbol_mapper_to_ppdu/u_interleaver_even/gen_interleaver_1mbps.bit_count_reg[0]/CLK (DFFX1_HVT)
                                                          0.00       0.62 r
  library hold time                                      -0.07       0.56
  data required time                                                 0.56
  --------------------------------------------------------------------------
  data required time                                                 0.56
  data arrival time                                                 -1.17
  --------------------------------------------------------------------------
  slack (MET)                                                        0.62


  Startpoint: symbol_mapper_to_ppdu/u_interleaver_odd/gen_interleaver_1mbps.bit_count_reg[0]
              (rising edge-triggered flip-flop clocked by clk)
  Endpoint: symbol_mapper_to_ppdu/u_interleaver_odd/gen_interleaver_1mbps.bit_count_reg[0]
            (rising edge-triggered flip-flop clocked by clk)
  Path Group: clk
  Path Type: min

  Des/Clust/Port     Wire Load Model       Library
  ------------------------------------------------
  zigbee             140000                saed32hvt_ss0p75vn40c
  interleaver_46_1   ForQA                 saed32hvt_ss0p75vn40c

  Point                                                   Incr       Path
  --------------------------------------------------------------------------
  clock clk (rise edge)                                   0.00       0.00
  clock network delay (ideal)                             0.00       0.00
  symbol_mapper_to_ppdu/u_interleaver_odd/gen_interleaver_1mbps.bit_count_reg[0]/CLK (DFFX1_HVT)
                                                          0.00 #     0.00 r
  symbol_mapper_to_ppdu/u_interleaver_odd/gen_interleaver_1mbps.bit_count_reg[0]/QN (DFFX1_HVT)
                                                          0.68       0.68 f
  symbol_mapper_to_ppdu/u_interleaver_odd/U8/Y (AO22X1_HVT)
                                                          0.50       1.17 f
  symbol_mapper_to_ppdu/u_interleaver_odd/gen_interleaver_1mbps.bit_count_reg[0]/D (DFFX1_HVT)
                                                          0.00       1.17 f
  data arrival time                                                  1.17

  clock clk (rise edge)                                   0.00       0.00
  clock network delay (ideal)                             0.00       0.00
  clock uncertainty                                       0.62       0.62
  symbol_mapper_to_ppdu/u_interleaver_odd/gen_interleaver_1mbps.bit_count_reg[0]/CLK (DFFX1_HVT)
                                                          0.00       0.62 r
  library hold time                                      -0.07       0.56
  data required time                                                 0.56
  --------------------------------------------------------------------------
  data required time                                                 0.56
  data arrival time                                                 -1.17
  --------------------------------------------------------------------------
  slack (MET)                                                        0.62


  Startpoint: DQPSK_CSK/tx_done_dly1_reg
              (rising edge-triggered flip-flop clocked by clk)
  Endpoint: DQPSK_CSK/tx_done_dly2_reg
            (rising edge-triggered flip-flop clocked by clk)
  Path Group: clk
  Path Type: min

  Des/Clust/Port     Wire Load Model       Library
  ------------------------------------------------
  zigbee             140000                saed32hvt_ss0p75vn40c
  dqpsk_csk_top_46_1024_2_6
                     70000                 saed32hvt_ss0p75vn40c

  Point                                                   Incr       Path
  --------------------------------------------------------------------------
  clock clk (rise edge)                                   0.00       0.00
  clock network delay (ideal)                             0.00       0.00
  DQPSK_CSK/tx_done_dly1_reg/CLK (DFFSSRX1_HVT)           0.00 #     0.00 r
  DQPSK_CSK/tx_done_dly1_reg/Q (DFFSSRX1_HVT)             1.08       1.08 f
  DQPSK_CSK/tx_done_dly2_reg/D (DFFSSRX1_HVT)             0.00       1.08 f
  data arrival time                                                  1.08

  clock clk (rise edge)                                   0.00       0.00
  clock network delay (ideal)                             0.00       0.00
  clock uncertainty                                       0.62       0.62
  DQPSK_CSK/tx_done_dly2_reg/CLK (DFFSSRX1_HVT)           0.00       0.62 r
  library hold time                                      -0.17       0.46
  data required time                                                 0.46
  --------------------------------------------------------------------------
  data required time                                                 0.46
  data arrival time                                                 -1.08
  --------------------------------------------------------------------------
  slack (MET)                                                        0.63


  Startpoint: symbol_mapper_to_ppdu/u_form_ppdu/reg_data_i_reg[0]
              (rising edge-triggered flip-flop clocked by clk)
  Endpoint: symbol_mapper_to_ppdu/u_form_ppdu/reg_data_i_reg[1]
            (rising edge-triggered flip-flop clocked by clk)
  Path Group: clk
  Path Type: min

  Des/Clust/Port     Wire Load Model       Library
  ------------------------------------------------
  zigbee             140000                saed32hvt_ss0p75vn40c
  form_ppdu_46       8000                  saed32hvt_ss0p75vn40c

  Point                                                   Incr       Path
  --------------------------------------------------------------------------
  clock clk (rise edge)                                   0.00       0.00
  clock network delay (ideal)                             0.00       0.00
  symbol_mapper_to_ppdu/u_form_ppdu/reg_data_i_reg[0]/CLK (DFFSSRX1_HVT)
                                                          0.00 #     0.00 r
  symbol_mapper_to_ppdu/u_form_ppdu/reg_data_i_reg[0]/Q (DFFSSRX1_HVT)
                                                          1.08       1.08 f
  symbol_mapper_to_ppdu/u_form_ppdu/reg_data_i_reg[1]/D (DFFSSRX1_HVT)
                                                          0.00       1.08 f
  data arrival time                                                  1.08

  clock clk (rise edge)                                   0.00       0.00
  clock network delay (ideal)                             0.00       0.00
  clock uncertainty                                       0.62       0.62
  symbol_mapper_to_ppdu/u_form_ppdu/reg_data_i_reg[1]/CLK (DFFSSRX1_HVT)
                                                          0.00       0.62 r
  library hold time                                      -0.17       0.46
  data required time                                                 0.46
  --------------------------------------------------------------------------
  data required time                                                 0.46
  data arrival time                                                 -1.08
  --------------------------------------------------------------------------
  slack (MET)                                                        0.63


  Startpoint: symbol_mapper_to_ppdu/u_form_ppdu/reg_data_i_reg[1]
              (rising edge-triggered flip-flop clocked by clk)
  Endpoint: symbol_mapper_to_ppdu/u_form_ppdu/reg_data_i_reg[2]
            (rising edge-triggered flip-flop clocked by clk)
  Path Group: clk
  Path Type: min

  Des/Clust/Port     Wire Load Model       Library
  ------------------------------------------------
  zigbee             140000                saed32hvt_ss0p75vn40c
  form_ppdu_46       8000                  saed32hvt_ss0p75vn40c

  Point                                                   Incr       Path
  --------------------------------------------------------------------------
  clock clk (rise edge)                                   0.00       0.00
  clock network delay (ideal)                             0.00       0.00
  symbol_mapper_to_ppdu/u_form_ppdu/reg_data_i_reg[1]/CLK (DFFSSRX1_HVT)
                                                          0.00 #     0.00 r
  symbol_mapper_to_ppdu/u_form_ppdu/reg_data_i_reg[1]/Q (DFFSSRX1_HVT)
                                                          1.08       1.08 f
  symbol_mapper_to_ppdu/u_form_ppdu/reg_data_i_reg[2]/D (DFFSSRX1_HVT)
                                                          0.00       1.08 f
  data arrival time                                                  1.08

  clock clk (rise edge)                                   0.00       0.00
  clock network delay (ideal)                             0.00       0.00
  clock uncertainty                                       0.62       0.62
  symbol_mapper_to_ppdu/u_form_ppdu/reg_data_i_reg[2]/CLK (DFFSSRX1_HVT)
                                                          0.00       0.62 r
  library hold time                                      -0.17       0.46
  data required time                                                 0.46
  --------------------------------------------------------------------------
  data required time                                                 0.46
  data arrival time                                                 -1.08
  --------------------------------------------------------------------------
  slack (MET)                                                        0.63


  Startpoint: symbol_mapper_to_ppdu/u_form_ppdu/reg_data_i_reg[2]
              (rising edge-triggered flip-flop clocked by clk)
  Endpoint: symbol_mapper_to_ppdu/u_form_ppdu/reg_data_i_reg[3]
            (rising edge-triggered flip-flop clocked by clk)
  Path Group: clk
  Path Type: min

  Des/Clust/Port     Wire Load Model       Library
  ------------------------------------------------
  zigbee             140000                saed32hvt_ss0p75vn40c
  form_ppdu_46       8000                  saed32hvt_ss0p75vn40c

  Point                                                   Incr       Path
  --------------------------------------------------------------------------
  clock clk (rise edge)                                   0.00       0.00
  clock network delay (ideal)                             0.00       0.00
  symbol_mapper_to_ppdu/u_form_ppdu/reg_data_i_reg[2]/CLK (DFFSSRX1_HVT)
                                                          0.00 #     0.00 r
  symbol_mapper_to_ppdu/u_form_ppdu/reg_data_i_reg[2]/Q (DFFSSRX1_HVT)
                                                          1.08       1.08 f
  symbol_mapper_to_ppdu/u_form_ppdu/reg_data_i_reg[3]/D (DFFSSRX1_HVT)
                                                          0.00       1.08 f
  data arrival time                                                  1.08

  clock clk (rise edge)                                   0.00       0.00
  clock network delay (ideal)                             0.00       0.00
  clock uncertainty                                       0.62       0.62
  symbol_mapper_to_ppdu/u_form_ppdu/reg_data_i_reg[3]/CLK (DFFSSRX1_HVT)
                                                          0.00       0.62 r
  library hold time                                      -0.17       0.46
  data required time                                                 0.46
  --------------------------------------------------------------------------
  data required time                                                 0.46
  data arrival time                                                 -1.08
  --------------------------------------------------------------------------
  slack (MET)                                                        0.63


  Startpoint: symbol_mapper_to_ppdu/u_form_ppdu/reg_data_i_reg[3]
              (rising edge-triggered flip-flop clocked by clk)
  Endpoint: symbol_mapper_to_ppdu/u_form_ppdu/reg_data_i_reg[4]
            (rising edge-triggered flip-flop clocked by clk)
  Path Group: clk
  Path Type: min

  Des/Clust/Port     Wire Load Model       Library
  ------------------------------------------------
  zigbee             140000                saed32hvt_ss0p75vn40c
  form_ppdu_46       8000                  saed32hvt_ss0p75vn40c

  Point                                                   Incr       Path
  --------------------------------------------------------------------------
  clock clk (rise edge)                                   0.00       0.00
  clock network delay (ideal)                             0.00       0.00
  symbol_mapper_to_ppdu/u_form_ppdu/reg_data_i_reg[3]/CLK (DFFSSRX1_HVT)
                                                          0.00 #     0.00 r
  symbol_mapper_to_ppdu/u_form_ppdu/reg_data_i_reg[3]/Q (DFFSSRX1_HVT)
                                                          1.08       1.08 f
  symbol_mapper_to_ppdu/u_form_ppdu/reg_data_i_reg[4]/D (DFFSSRX1_HVT)
                                                          0.00       1.08 f
  data arrival time                                                  1.08

  clock clk (rise edge)                                   0.00       0.00
  clock network delay (ideal)                             0.00       0.00
  clock uncertainty                                       0.62       0.62
  symbol_mapper_to_ppdu/u_form_ppdu/reg_data_i_reg[4]/CLK (DFFSSRX1_HVT)
                                                          0.00       0.62 r
  library hold time                                      -0.17       0.46
  data required time                                                 0.46
  --------------------------------------------------------------------------
  data required time                                                 0.46
  data arrival time                                                 -1.08
  --------------------------------------------------------------------------
  slack (MET)                                                        0.63


  Startpoint: symbol_mapper_to_ppdu/u_form_ppdu/reg_data_i_reg[4]
              (rising edge-triggered flip-flop clocked by clk)
  Endpoint: symbol_mapper_to_ppdu/u_form_ppdu/reg_data_i_reg[5]
            (rising edge-triggered flip-flop clocked by clk)
  Path Group: clk
  Path Type: min

  Des/Clust/Port     Wire Load Model       Library
  ------------------------------------------------
  zigbee             140000                saed32hvt_ss0p75vn40c
  form_ppdu_46       8000                  saed32hvt_ss0p75vn40c

  Point                                                   Incr       Path
  --------------------------------------------------------------------------
  clock clk (rise edge)                                   0.00       0.00
  clock network delay (ideal)                             0.00       0.00
  symbol_mapper_to_ppdu/u_form_ppdu/reg_data_i_reg[4]/CLK (DFFSSRX1_HVT)
                                                          0.00 #     0.00 r
  symbol_mapper_to_ppdu/u_form_ppdu/reg_data_i_reg[4]/Q (DFFSSRX1_HVT)
                                                          1.08       1.08 f
  symbol_mapper_to_ppdu/u_form_ppdu/reg_data_i_reg[5]/D (DFFSSRX1_HVT)
                                                          0.00       1.08 f
  data arrival time                                                  1.08

  clock clk (rise edge)                                   0.00       0.00
  clock network delay (ideal)                             0.00       0.00
  clock uncertainty                                       0.62       0.62
  symbol_mapper_to_ppdu/u_form_ppdu/reg_data_i_reg[5]/CLK (DFFSSRX1_HVT)
                                                          0.00       0.62 r
  library hold time                                      -0.17       0.46
  data required time                                                 0.46
  --------------------------------------------------------------------------
  data required time                                                 0.46
  data arrival time                                                 -1.08
  --------------------------------------------------------------------------
  slack (MET)                                                        0.63


  Startpoint: symbol_mapper_to_ppdu/u_form_ppdu/reg_data_i_reg[5]
              (rising edge-triggered flip-flop clocked by clk)
  Endpoint: symbol_mapper_to_ppdu/u_form_ppdu/reg_data_i_reg[6]
            (rising edge-triggered flip-flop clocked by clk)
  Path Group: clk
  Path Type: min

  Des/Clust/Port     Wire Load Model       Library
  ------------------------------------------------
  zigbee             140000                saed32hvt_ss0p75vn40c
  form_ppdu_46       8000                  saed32hvt_ss0p75vn40c

  Point                                                   Incr       Path
  --------------------------------------------------------------------------
  clock clk (rise edge)                                   0.00       0.00
  clock network delay (ideal)                             0.00       0.00
  symbol_mapper_to_ppdu/u_form_ppdu/reg_data_i_reg[5]/CLK (DFFSSRX1_HVT)
                                                          0.00 #     0.00 r
  symbol_mapper_to_ppdu/u_form_ppdu/reg_data_i_reg[5]/Q (DFFSSRX1_HVT)
                                                          1.08       1.08 f
  symbol_mapper_to_ppdu/u_form_ppdu/reg_data_i_reg[6]/D (DFFSSRX1_HVT)
                                                          0.00       1.08 f
  data arrival time                                                  1.08

  clock clk (rise edge)                                   0.00       0.00
  clock network delay (ideal)                             0.00       0.00
  clock uncertainty                                       0.62       0.62
  symbol_mapper_to_ppdu/u_form_ppdu/reg_data_i_reg[6]/CLK (DFFSSRX1_HVT)
                                                          0.00       0.62 r
  library hold time                                      -0.17       0.46
  data required time                                                 0.46
  --------------------------------------------------------------------------
  data required time                                                 0.46
  data arrival time                                                 -1.08
  --------------------------------------------------------------------------
  slack (MET)                                                        0.63


  Startpoint: symbol_mapper_to_ppdu/u_form_ppdu/reg_data_i_reg[6]
              (rising edge-triggered flip-flop clocked by clk)
  Endpoint: symbol_mapper_to_ppdu/u_form_ppdu/reg_data_i_reg[7]
            (rising edge-triggered flip-flop clocked by clk)
  Path Group: clk
  Path Type: min

  Des/Clust/Port     Wire Load Model       Library
  ------------------------------------------------
  zigbee             140000                saed32hvt_ss0p75vn40c
  form_ppdu_46       8000                  saed32hvt_ss0p75vn40c

  Point                                                   Incr       Path
  --------------------------------------------------------------------------
  clock clk (rise edge)                                   0.00       0.00
  clock network delay (ideal)                             0.00       0.00
  symbol_mapper_to_ppdu/u_form_ppdu/reg_data_i_reg[6]/CLK (DFFSSRX1_HVT)
                                                          0.00 #     0.00 r
  symbol_mapper_to_ppdu/u_form_ppdu/reg_data_i_reg[6]/Q (DFFSSRX1_HVT)
                                                          1.08       1.08 f
  symbol_mapper_to_ppdu/u_form_ppdu/reg_data_i_reg[7]/D (DFFSSRX1_HVT)
                                                          0.00       1.08 f
  data arrival time                                                  1.08

  clock clk (rise edge)                                   0.00       0.00
  clock network delay (ideal)                             0.00       0.00
  clock uncertainty                                       0.62       0.62
  symbol_mapper_to_ppdu/u_form_ppdu/reg_data_i_reg[7]/CLK (DFFSSRX1_HVT)
                                                          0.00       0.62 r
  library hold time                                      -0.17       0.46
  data required time                                                 0.46
  --------------------------------------------------------------------------
  data required time                                                 0.46
  data arrival time                                                 -1.08
  --------------------------------------------------------------------------
  slack (MET)                                                        0.63


  Startpoint: symbol_mapper_to_ppdu/u_form_ppdu/reg_data_i_reg[7]
              (rising edge-triggered flip-flop clocked by clk)
  Endpoint: symbol_mapper_to_ppdu/u_form_ppdu/reg_data_i_reg[8]
            (rising edge-triggered flip-flop clocked by clk)
  Path Group: clk
  Path Type: min

  Des/Clust/Port     Wire Load Model       Library
  ------------------------------------------------
  zigbee             140000                saed32hvt_ss0p75vn40c
  form_ppdu_46       8000                  saed32hvt_ss0p75vn40c

  Point                                                   Incr       Path
  --------------------------------------------------------------------------
  clock clk (rise edge)                                   0.00       0.00
  clock network delay (ideal)                             0.00       0.00
  symbol_mapper_to_ppdu/u_form_ppdu/reg_data_i_reg[7]/CLK (DFFSSRX1_HVT)
                                                          0.00 #     0.00 r
  symbol_mapper_to_ppdu/u_form_ppdu/reg_data_i_reg[7]/Q (DFFSSRX1_HVT)
                                                          1.08       1.08 f
  symbol_mapper_to_ppdu/u_form_ppdu/reg_data_i_reg[8]/D (DFFSSRX1_HVT)
                                                          0.00       1.08 f
  data arrival time                                                  1.08

  clock clk (rise edge)                                   0.00       0.00
  clock network delay (ideal)                             0.00       0.00
  clock uncertainty                                       0.62       0.62
  symbol_mapper_to_ppdu/u_form_ppdu/reg_data_i_reg[8]/CLK (DFFSSRX1_HVT)
                                                          0.00       0.62 r
  library hold time                                      -0.17       0.46
  data required time                                                 0.46
  --------------------------------------------------------------------------
  data required time                                                 0.46
  data arrival time                                                 -1.08
  --------------------------------------------------------------------------
  slack (MET)                                                        0.63


  Startpoint: symbol_mapper_to_ppdu/u_form_ppdu/reg_data_i_reg[8]
              (rising edge-triggered flip-flop clocked by clk)
  Endpoint: symbol_mapper_to_ppdu/u_form_ppdu/reg_data_i_reg[9]
            (rising edge-triggered flip-flop clocked by clk)
  Path Group: clk
  Path Type: min

  Des/Clust/Port     Wire Load Model       Library
  ------------------------------------------------
  zigbee             140000                saed32hvt_ss0p75vn40c
  form_ppdu_46       8000                  saed32hvt_ss0p75vn40c

  Point                                                   Incr       Path
  --------------------------------------------------------------------------
  clock clk (rise edge)                                   0.00       0.00
  clock network delay (ideal)                             0.00       0.00
  symbol_mapper_to_ppdu/u_form_ppdu/reg_data_i_reg[8]/CLK (DFFSSRX1_HVT)
                                                          0.00 #     0.00 r
  symbol_mapper_to_ppdu/u_form_ppdu/reg_data_i_reg[8]/Q (DFFSSRX1_HVT)
                                                          1.08       1.08 f
  symbol_mapper_to_ppdu/u_form_ppdu/reg_data_i_reg[9]/D (DFFSSRX1_HVT)
                                                          0.00       1.08 f
  data arrival time                                                  1.08

  clock clk (rise edge)                                   0.00       0.00
  clock network delay (ideal)                             0.00       0.00
  clock uncertainty                                       0.62       0.62
  symbol_mapper_to_ppdu/u_form_ppdu/reg_data_i_reg[9]/CLK (DFFSSRX1_HVT)
                                                          0.00       0.62 r
  library hold time                                      -0.17       0.46
  data required time                                                 0.46
  --------------------------------------------------------------------------
  data required time                                                 0.46
  data arrival time                                                 -1.08
  --------------------------------------------------------------------------
  slack (MET)                                                        0.63


  Startpoint: symbol_mapper_to_ppdu/u_form_ppdu/reg_data_i_reg[9]
              (rising edge-triggered flip-flop clocked by clk)
  Endpoint: symbol_mapper_to_ppdu/u_form_ppdu/reg_data_i_reg[10]
            (rising edge-triggered flip-flop clocked by clk)
  Path Group: clk
  Path Type: min

  Des/Clust/Port     Wire Load Model       Library
  ------------------------------------------------
  zigbee             140000                saed32hvt_ss0p75vn40c
  form_ppdu_46       8000                  saed32hvt_ss0p75vn40c

  Point                                                   Incr       Path
  --------------------------------------------------------------------------
  clock clk (rise edge)                                   0.00       0.00
  clock network delay (ideal)                             0.00       0.00
  symbol_mapper_to_ppdu/u_form_ppdu/reg_data_i_reg[9]/CLK (DFFSSRX1_HVT)
                                                          0.00 #     0.00 r
  symbol_mapper_to_ppdu/u_form_ppdu/reg_data_i_reg[9]/Q (DFFSSRX1_HVT)
                                                          1.08       1.08 f
  symbol_mapper_to_ppdu/u_form_ppdu/reg_data_i_reg[10]/D (DFFSSRX1_HVT)
                                                          0.00       1.08 f
  data arrival time                                                  1.08

  clock clk (rise edge)                                   0.00       0.00
  clock network delay (ideal)                             0.00       0.00
  clock uncertainty                                       0.62       0.62
  symbol_mapper_to_ppdu/u_form_ppdu/reg_data_i_reg[10]/CLK (DFFSSRX1_HVT)
                                                          0.00       0.62 r
  library hold time                                      -0.17       0.46
  data required time                                                 0.46
  --------------------------------------------------------------------------
  data required time                                                 0.46
  data arrival time                                                 -1.08
  --------------------------------------------------------------------------
  slack (MET)                                                        0.63


  Startpoint: symbol_mapper_to_ppdu/u_form_ppdu/reg_data_i_reg[10]
              (rising edge-triggered flip-flop clocked by clk)
  Endpoint: symbol_mapper_to_ppdu/u_form_ppdu/reg_data_i_reg[11]
            (rising edge-triggered flip-flop clocked by clk)
  Path Group: clk
  Path Type: min

  Des/Clust/Port     Wire Load Model       Library
  ------------------------------------------------
  zigbee             140000                saed32hvt_ss0p75vn40c
  form_ppdu_46       8000                  saed32hvt_ss0p75vn40c

  Point                                                   Incr       Path
  --------------------------------------------------------------------------
  clock clk (rise edge)                                   0.00       0.00
  clock network delay (ideal)                             0.00       0.00
  symbol_mapper_to_ppdu/u_form_ppdu/reg_data_i_reg[10]/CLK (DFFSSRX1_HVT)
                                                          0.00 #     0.00 r
  symbol_mapper_to_ppdu/u_form_ppdu/reg_data_i_reg[10]/Q (DFFSSRX1_HVT)
                                                          1.08       1.08 f
  symbol_mapper_to_ppdu/u_form_ppdu/reg_data_i_reg[11]/D (DFFSSRX1_HVT)
                                                          0.00       1.08 f
  data arrival time                                                  1.08

  clock clk (rise edge)                                   0.00       0.00
  clock network delay (ideal)                             0.00       0.00
  clock uncertainty                                       0.62       0.62
  symbol_mapper_to_ppdu/u_form_ppdu/reg_data_i_reg[11]/CLK (DFFSSRX1_HVT)
                                                          0.00       0.62 r
  library hold time                                      -0.17       0.46
  data required time                                                 0.46
  --------------------------------------------------------------------------
  data required time                                                 0.46
  data arrival time                                                 -1.08
  --------------------------------------------------------------------------
  slack (MET)                                                        0.63


  Startpoint: symbol_mapper_to_ppdu/u_form_ppdu/reg_data_i_reg[11]
              (rising edge-triggered flip-flop clocked by clk)
  Endpoint: symbol_mapper_to_ppdu/u_form_ppdu/reg_data_i_reg[12]
            (rising edge-triggered flip-flop clocked by clk)
  Path Group: clk
  Path Type: min

  Des/Clust/Port     Wire Load Model       Library
  ------------------------------------------------
  zigbee             140000                saed32hvt_ss0p75vn40c
  form_ppdu_46       8000                  saed32hvt_ss0p75vn40c

  Point                                                   Incr       Path
  --------------------------------------------------------------------------
  clock clk (rise edge)                                   0.00       0.00
  clock network delay (ideal)                             0.00       0.00
  symbol_mapper_to_ppdu/u_form_ppdu/reg_data_i_reg[11]/CLK (DFFSSRX1_HVT)
                                                          0.00 #     0.00 r
  symbol_mapper_to_ppdu/u_form_ppdu/reg_data_i_reg[11]/Q (DFFSSRX1_HVT)
                                                          1.08       1.08 f
  symbol_mapper_to_ppdu/u_form_ppdu/reg_data_i_reg[12]/D (DFFSSRX1_HVT)
                                                          0.00       1.08 f
  data arrival time                                                  1.08

  clock clk (rise edge)                                   0.00       0.00
  clock network delay (ideal)                             0.00       0.00
  clock uncertainty                                       0.62       0.62
  symbol_mapper_to_ppdu/u_form_ppdu/reg_data_i_reg[12]/CLK (DFFSSRX1_HVT)
                                                          0.00       0.62 r
  library hold time                                      -0.17       0.46
  data required time                                                 0.46
  --------------------------------------------------------------------------
  data required time                                                 0.46
  data arrival time                                                 -1.08
  --------------------------------------------------------------------------
  slack (MET)                                                        0.63


  Startpoint: symbol_mapper_to_ppdu/u_form_ppdu/reg_data_i_reg[12]
              (rising edge-triggered flip-flop clocked by clk)
  Endpoint: symbol_mapper_to_ppdu/u_form_ppdu/reg_data_i_reg[13]
            (rising edge-triggered flip-flop clocked by clk)
  Path Group: clk
  Path Type: min

  Des/Clust/Port     Wire Load Model       Library
  ------------------------------------------------
  zigbee             140000                saed32hvt_ss0p75vn40c
  form_ppdu_46       8000                  saed32hvt_ss0p75vn40c

  Point                                                   Incr       Path
  --------------------------------------------------------------------------
  clock clk (rise edge)                                   0.00       0.00
  clock network delay (ideal)                             0.00       0.00
  symbol_mapper_to_ppdu/u_form_ppdu/reg_data_i_reg[12]/CLK (DFFSSRX1_HVT)
                                                          0.00 #     0.00 r
  symbol_mapper_to_ppdu/u_form_ppdu/reg_data_i_reg[12]/Q (DFFSSRX1_HVT)
                                                          1.08       1.08 f
  symbol_mapper_to_ppdu/u_form_ppdu/reg_data_i_reg[13]/D (DFFSSRX1_HVT)
                                                          0.00       1.08 f
  data arrival time                                                  1.08

  clock clk (rise edge)                                   0.00       0.00
  clock network delay (ideal)                             0.00       0.00
  clock uncertainty                                       0.62       0.62
  symbol_mapper_to_ppdu/u_form_ppdu/reg_data_i_reg[13]/CLK (DFFSSRX1_HVT)
                                                          0.00       0.62 r
  library hold time                                      -0.17       0.46
  data required time                                                 0.46
  --------------------------------------------------------------------------
  data required time                                                 0.46
  data arrival time                                                 -1.08
  --------------------------------------------------------------------------
  slack (MET)                                                        0.63


  Startpoint: symbol_mapper_to_ppdu/u_form_ppdu/reg_data_i_reg[13]
              (rising edge-triggered flip-flop clocked by clk)
  Endpoint: symbol_mapper_to_ppdu/u_form_ppdu/reg_data_i_reg[14]
            (rising edge-triggered flip-flop clocked by clk)
  Path Group: clk
  Path Type: min

  Des/Clust/Port     Wire Load Model       Library
  ------------------------------------------------
  zigbee             140000                saed32hvt_ss0p75vn40c
  form_ppdu_46       8000                  saed32hvt_ss0p75vn40c

  Point                                                   Incr       Path
  --------------------------------------------------------------------------
  clock clk (rise edge)                                   0.00       0.00
  clock network delay (ideal)                             0.00       0.00
  symbol_mapper_to_ppdu/u_form_ppdu/reg_data_i_reg[13]/CLK (DFFSSRX1_HVT)
                                                          0.00 #     0.00 r
  symbol_mapper_to_ppdu/u_form_ppdu/reg_data_i_reg[13]/Q (DFFSSRX1_HVT)
                                                          1.08       1.08 f
  symbol_mapper_to_ppdu/u_form_ppdu/reg_data_i_reg[14]/D (DFFSSRX1_HVT)
                                                          0.00       1.08 f
  data arrival time                                                  1.08

  clock clk (rise edge)                                   0.00       0.00
  clock network delay (ideal)                             0.00       0.00
  clock uncertainty                                       0.62       0.62
  symbol_mapper_to_ppdu/u_form_ppdu/reg_data_i_reg[14]/CLK (DFFSSRX1_HVT)
                                                          0.00       0.62 r
  library hold time                                      -0.17       0.46
  data required time                                                 0.46
  --------------------------------------------------------------------------
  data required time                                                 0.46
  data arrival time                                                 -1.08
  --------------------------------------------------------------------------
  slack (MET)                                                        0.63


  Startpoint: symbol_mapper_to_ppdu/u_form_ppdu/reg_data_i_reg[14]
              (rising edge-triggered flip-flop clocked by clk)
  Endpoint: symbol_mapper_to_ppdu/u_form_ppdu/reg_data_i_reg[15]
            (rising edge-triggered flip-flop clocked by clk)
  Path Group: clk
  Path Type: min

  Des/Clust/Port     Wire Load Model       Library
  ------------------------------------------------
  zigbee             140000                saed32hvt_ss0p75vn40c
  form_ppdu_46       8000                  saed32hvt_ss0p75vn40c

  Point                                                   Incr       Path
  --------------------------------------------------------------------------
  clock clk (rise edge)                                   0.00       0.00
  clock network delay (ideal)                             0.00       0.00
  symbol_mapper_to_ppdu/u_form_ppdu/reg_data_i_reg[14]/CLK (DFFSSRX1_HVT)
                                                          0.00 #     0.00 r
  symbol_mapper_to_ppdu/u_form_ppdu/reg_data_i_reg[14]/Q (DFFSSRX1_HVT)
                                                          1.08       1.08 f
  symbol_mapper_to_ppdu/u_form_ppdu/reg_data_i_reg[15]/D (DFFSSRX1_HVT)
                                                          0.00       1.08 f
  data arrival time                                                  1.08

  clock clk (rise edge)                                   0.00       0.00
  clock network delay (ideal)                             0.00       0.00
  clock uncertainty                                       0.62       0.62
  symbol_mapper_to_ppdu/u_form_ppdu/reg_data_i_reg[15]/CLK (DFFSSRX1_HVT)
                                                          0.00       0.62 r
  library hold time                                      -0.17       0.46
  data required time                                                 0.46
  --------------------------------------------------------------------------
  data required time                                                 0.46
  data arrival time                                                 -1.08
  --------------------------------------------------------------------------
  slack (MET)                                                        0.63


  Startpoint: symbol_mapper_to_ppdu/u_form_ppdu/reg_data_i_reg[15]
              (rising edge-triggered flip-flop clocked by clk)
  Endpoint: symbol_mapper_to_ppdu/u_form_ppdu/reg_data_i_reg[16]
            (rising edge-triggered flip-flop clocked by clk)
  Path Group: clk
  Path Type: min

  Des/Clust/Port     Wire Load Model       Library
  ------------------------------------------------
  zigbee             140000                saed32hvt_ss0p75vn40c
  form_ppdu_46       8000                  saed32hvt_ss0p75vn40c

  Point                                                   Incr       Path
  --------------------------------------------------------------------------
  clock clk (rise edge)                                   0.00       0.00
  clock network delay (ideal)                             0.00       0.00
  symbol_mapper_to_ppdu/u_form_ppdu/reg_data_i_reg[15]/CLK (DFFSSRX1_HVT)
                                                          0.00 #     0.00 r
  symbol_mapper_to_ppdu/u_form_ppdu/reg_data_i_reg[15]/Q (DFFSSRX1_HVT)
                                                          1.08       1.08 f
  symbol_mapper_to_ppdu/u_form_ppdu/reg_data_i_reg[16]/D (DFFSSRX1_HVT)
                                                          0.00       1.08 f
  data arrival time                                                  1.08

  clock clk (rise edge)                                   0.00       0.00
  clock network delay (ideal)                             0.00       0.00
  clock uncertainty                                       0.62       0.62
  symbol_mapper_to_ppdu/u_form_ppdu/reg_data_i_reg[16]/CLK (DFFSSRX1_HVT)
                                                          0.00       0.62 r
  library hold time                                      -0.17       0.46
  data required time                                                 0.46
  --------------------------------------------------------------------------
  data required time                                                 0.46
  data arrival time                                                 -1.08
  --------------------------------------------------------------------------
  slack (MET)                                                        0.63


  Startpoint: symbol_mapper_to_ppdu/u_form_ppdu/reg_data_i_reg[16]
              (rising edge-triggered flip-flop clocked by clk)
  Endpoint: symbol_mapper_to_ppdu/u_form_ppdu/reg_data_i_reg[17]
            (rising edge-triggered flip-flop clocked by clk)
  Path Group: clk
  Path Type: min

  Des/Clust/Port     Wire Load Model       Library
  ------------------------------------------------
  zigbee             140000                saed32hvt_ss0p75vn40c
  form_ppdu_46       8000                  saed32hvt_ss0p75vn40c

  Point                                                   Incr       Path
  --------------------------------------------------------------------------
  clock clk (rise edge)                                   0.00       0.00
  clock network delay (ideal)                             0.00       0.00
  symbol_mapper_to_ppdu/u_form_ppdu/reg_data_i_reg[16]/CLK (DFFSSRX1_HVT)
                                                          0.00 #     0.00 r
  symbol_mapper_to_ppdu/u_form_ppdu/reg_data_i_reg[16]/Q (DFFSSRX1_HVT)
                                                          1.08       1.08 f
  symbol_mapper_to_ppdu/u_form_ppdu/reg_data_i_reg[17]/D (DFFSSRX1_HVT)
                                                          0.00       1.08 f
  data arrival time                                                  1.08

  clock clk (rise edge)                                   0.00       0.00
  clock network delay (ideal)                             0.00       0.00
  clock uncertainty                                       0.62       0.62
  symbol_mapper_to_ppdu/u_form_ppdu/reg_data_i_reg[17]/CLK (DFFSSRX1_HVT)
                                                          0.00       0.62 r
  library hold time                                      -0.17       0.46
  data required time                                                 0.46
  --------------------------------------------------------------------------
  data required time                                                 0.46
  data arrival time                                                 -1.08
  --------------------------------------------------------------------------
  slack (MET)                                                        0.63


  Startpoint: symbol_mapper_to_ppdu/u_form_ppdu/reg_data_i_reg[17]
              (rising edge-triggered flip-flop clocked by clk)
  Endpoint: symbol_mapper_to_ppdu/u_form_ppdu/reg_data_i_reg[18]
            (rising edge-triggered flip-flop clocked by clk)
  Path Group: clk
  Path Type: min

  Des/Clust/Port     Wire Load Model       Library
  ------------------------------------------------
  zigbee             140000                saed32hvt_ss0p75vn40c
  form_ppdu_46       8000                  saed32hvt_ss0p75vn40c

  Point                                                   Incr       Path
  --------------------------------------------------------------------------
  clock clk (rise edge)                                   0.00       0.00
  clock network delay (ideal)                             0.00       0.00
  symbol_mapper_to_ppdu/u_form_ppdu/reg_data_i_reg[17]/CLK (DFFSSRX1_HVT)
                                                          0.00 #     0.00 r
  symbol_mapper_to_ppdu/u_form_ppdu/reg_data_i_reg[17]/Q (DFFSSRX1_HVT)
                                                          1.08       1.08 f
  symbol_mapper_to_ppdu/u_form_ppdu/reg_data_i_reg[18]/D (DFFSSRX1_HVT)
                                                          0.00       1.08 f
  data arrival time                                                  1.08

  clock clk (rise edge)                                   0.00       0.00
  clock network delay (ideal)                             0.00       0.00
  clock uncertainty                                       0.62       0.62
  symbol_mapper_to_ppdu/u_form_ppdu/reg_data_i_reg[18]/CLK (DFFSSRX1_HVT)
                                                          0.00       0.62 r
  library hold time                                      -0.17       0.46
  data required time                                                 0.46
  --------------------------------------------------------------------------
  data required time                                                 0.46
  data arrival time                                                 -1.08
  --------------------------------------------------------------------------
  slack (MET)                                                        0.63


  Startpoint: symbol_mapper_to_ppdu/u_form_ppdu/reg_data_i_reg[18]
              (rising edge-triggered flip-flop clocked by clk)
  Endpoint: symbol_mapper_to_ppdu/u_form_ppdu/reg_data_i_reg[19]
            (rising edge-triggered flip-flop clocked by clk)
  Path Group: clk
  Path Type: min

  Des/Clust/Port     Wire Load Model       Library
  ------------------------------------------------
  zigbee             140000                saed32hvt_ss0p75vn40c
  form_ppdu_46       8000                  saed32hvt_ss0p75vn40c

  Point                                                   Incr       Path
  --------------------------------------------------------------------------
  clock clk (rise edge)                                   0.00       0.00
  clock network delay (ideal)                             0.00       0.00
  symbol_mapper_to_ppdu/u_form_ppdu/reg_data_i_reg[18]/CLK (DFFSSRX1_HVT)
                                                          0.00 #     0.00 r
  symbol_mapper_to_ppdu/u_form_ppdu/reg_data_i_reg[18]/Q (DFFSSRX1_HVT)
                                                          1.08       1.08 f
  symbol_mapper_to_ppdu/u_form_ppdu/reg_data_i_reg[19]/D (DFFSSRX1_HVT)
                                                          0.00       1.08 f
  data arrival time                                                  1.08

  clock clk (rise edge)                                   0.00       0.00
  clock network delay (ideal)                             0.00       0.00
  clock uncertainty                                       0.62       0.62
  symbol_mapper_to_ppdu/u_form_ppdu/reg_data_i_reg[19]/CLK (DFFSSRX1_HVT)
                                                          0.00       0.62 r
  library hold time                                      -0.17       0.46
  data required time                                                 0.46
  --------------------------------------------------------------------------
  data required time                                                 0.46
  data arrival time                                                 -1.08
  --------------------------------------------------------------------------
  slack (MET)                                                        0.63


  Startpoint: symbol_mapper_to_ppdu/u_form_ppdu/reg_data_i_reg[19]
              (rising edge-triggered flip-flop clocked by clk)
  Endpoint: symbol_mapper_to_ppdu/u_form_ppdu/reg_data_i_reg[20]
            (rising edge-triggered flip-flop clocked by clk)
  Path Group: clk
  Path Type: min

  Des/Clust/Port     Wire Load Model       Library
  ------------------------------------------------
  zigbee             140000                saed32hvt_ss0p75vn40c
  form_ppdu_46       8000                  saed32hvt_ss0p75vn40c

  Point                                                   Incr       Path
  --------------------------------------------------------------------------
  clock clk (rise edge)                                   0.00       0.00
  clock network delay (ideal)                             0.00       0.00
  symbol_mapper_to_ppdu/u_form_ppdu/reg_data_i_reg[19]/CLK (DFFSSRX1_HVT)
                                                          0.00 #     0.00 r
  symbol_mapper_to_ppdu/u_form_ppdu/reg_data_i_reg[19]/Q (DFFSSRX1_HVT)
                                                          1.08       1.08 f
  symbol_mapper_to_ppdu/u_form_ppdu/reg_data_i_reg[20]/D (DFFSSRX1_HVT)
                                                          0.00       1.08 f
  data arrival time                                                  1.08

  clock clk (rise edge)                                   0.00       0.00
  clock network delay (ideal)                             0.00       0.00
  clock uncertainty                                       0.62       0.62
  symbol_mapper_to_ppdu/u_form_ppdu/reg_data_i_reg[20]/CLK (DFFSSRX1_HVT)
                                                          0.00       0.62 r
  library hold time                                      -0.17       0.46
  data required time                                                 0.46
  --------------------------------------------------------------------------
  data required time                                                 0.46
  data arrival time                                                 -1.08
  --------------------------------------------------------------------------
  slack (MET)                                                        0.63


  Startpoint: symbol_mapper_to_ppdu/u_form_ppdu/reg_data_i_reg[20]
              (rising edge-triggered flip-flop clocked by clk)
  Endpoint: symbol_mapper_to_ppdu/u_form_ppdu/reg_data_i_reg[21]
            (rising edge-triggered flip-flop clocked by clk)
  Path Group: clk
  Path Type: min

  Des/Clust/Port     Wire Load Model       Library
  ------------------------------------------------
  zigbee             140000                saed32hvt_ss0p75vn40c
  form_ppdu_46       8000                  saed32hvt_ss0p75vn40c

  Point                                                   Incr       Path
  --------------------------------------------------------------------------
  clock clk (rise edge)                                   0.00       0.00
  clock network delay (ideal)                             0.00       0.00
  symbol_mapper_to_ppdu/u_form_ppdu/reg_data_i_reg[20]/CLK (DFFSSRX1_HVT)
                                                          0.00 #     0.00 r
  symbol_mapper_to_ppdu/u_form_ppdu/reg_data_i_reg[20]/Q (DFFSSRX1_HVT)
                                                          1.08       1.08 f
  symbol_mapper_to_ppdu/u_form_ppdu/reg_data_i_reg[21]/D (DFFSSRX1_HVT)
                                                          0.00       1.08 f
  data arrival time                                                  1.08

  clock clk (rise edge)                                   0.00       0.00
  clock network delay (ideal)                             0.00       0.00
  clock uncertainty                                       0.62       0.62
  symbol_mapper_to_ppdu/u_form_ppdu/reg_data_i_reg[21]/CLK (DFFSSRX1_HVT)
                                                          0.00       0.62 r
  library hold time                                      -0.17       0.46
  data required time                                                 0.46
  --------------------------------------------------------------------------
  data required time                                                 0.46
  data arrival time                                                 -1.08
  --------------------------------------------------------------------------
  slack (MET)                                                        0.63


  Startpoint: symbol_mapper_to_ppdu/u_form_ppdu/reg_data_i_reg[21]
              (rising edge-triggered flip-flop clocked by clk)
  Endpoint: symbol_mapper_to_ppdu/u_form_ppdu/reg_data_i_reg[22]
            (rising edge-triggered flip-flop clocked by clk)
  Path Group: clk
  Path Type: min

  Des/Clust/Port     Wire Load Model       Library
  ------------------------------------------------
  zigbee             140000                saed32hvt_ss0p75vn40c
  form_ppdu_46       8000                  saed32hvt_ss0p75vn40c

  Point                                                   Incr       Path
  --------------------------------------------------------------------------
  clock clk (rise edge)                                   0.00       0.00
  clock network delay (ideal)                             0.00       0.00
  symbol_mapper_to_ppdu/u_form_ppdu/reg_data_i_reg[21]/CLK (DFFSSRX1_HVT)
                                                          0.00 #     0.00 r
  symbol_mapper_to_ppdu/u_form_ppdu/reg_data_i_reg[21]/Q (DFFSSRX1_HVT)
                                                          1.08       1.08 f
  symbol_mapper_to_ppdu/u_form_ppdu/reg_data_i_reg[22]/D (DFFSSRX1_HVT)
                                                          0.00       1.08 f
  data arrival time                                                  1.08

  clock clk (rise edge)                                   0.00       0.00
  clock network delay (ideal)                             0.00       0.00
  clock uncertainty                                       0.62       0.62
  symbol_mapper_to_ppdu/u_form_ppdu/reg_data_i_reg[22]/CLK (DFFSSRX1_HVT)
                                                          0.00       0.62 r
  library hold time                                      -0.17       0.46
  data required time                                                 0.46
  --------------------------------------------------------------------------
  data required time                                                 0.46
  data arrival time                                                 -1.08
  --------------------------------------------------------------------------
  slack (MET)                                                        0.63


  Startpoint: symbol_mapper_to_ppdu/u_form_ppdu/reg_data_i_reg[22]
              (rising edge-triggered flip-flop clocked by clk)
  Endpoint: symbol_mapper_to_ppdu/u_form_ppdu/reg_data_i_reg[23]
            (rising edge-triggered flip-flop clocked by clk)
  Path Group: clk
  Path Type: min

  Des/Clust/Port     Wire Load Model       Library
  ------------------------------------------------
  zigbee             140000                saed32hvt_ss0p75vn40c
  form_ppdu_46       8000                  saed32hvt_ss0p75vn40c

  Point                                                   Incr       Path
  --------------------------------------------------------------------------
  clock clk (rise edge)                                   0.00       0.00
  clock network delay (ideal)                             0.00       0.00
  symbol_mapper_to_ppdu/u_form_ppdu/reg_data_i_reg[22]/CLK (DFFSSRX1_HVT)
                                                          0.00 #     0.00 r
  symbol_mapper_to_ppdu/u_form_ppdu/reg_data_i_reg[22]/Q (DFFSSRX1_HVT)
                                                          1.08       1.08 f
  symbol_mapper_to_ppdu/u_form_ppdu/reg_data_i_reg[23]/D (DFFSSRX1_HVT)
                                                          0.00       1.08 f
  data arrival time                                                  1.08

  clock clk (rise edge)                                   0.00       0.00
  clock network delay (ideal)                             0.00       0.00
  clock uncertainty                                       0.62       0.62
  symbol_mapper_to_ppdu/u_form_ppdu/reg_data_i_reg[23]/CLK (DFFSSRX1_HVT)
                                                          0.00       0.62 r
  library hold time                                      -0.17       0.46
  data required time                                                 0.46
  --------------------------------------------------------------------------
  data required time                                                 0.46
  data arrival time                                                 -1.08
  --------------------------------------------------------------------------
  slack (MET)                                                        0.63


  Startpoint: symbol_mapper_to_ppdu/u_form_ppdu/reg_data_i_reg[23]
              (rising edge-triggered flip-flop clocked by clk)
  Endpoint: symbol_mapper_to_ppdu/u_form_ppdu/reg_data_i_reg[24]
            (rising edge-triggered flip-flop clocked by clk)
  Path Group: clk
  Path Type: min

  Des/Clust/Port     Wire Load Model       Library
  ------------------------------------------------
  zigbee             140000                saed32hvt_ss0p75vn40c
  form_ppdu_46       8000                  saed32hvt_ss0p75vn40c

  Point                                                   Incr       Path
  --------------------------------------------------------------------------
  clock clk (rise edge)                                   0.00       0.00
  clock network delay (ideal)                             0.00       0.00
  symbol_mapper_to_ppdu/u_form_ppdu/reg_data_i_reg[23]/CLK (DFFSSRX1_HVT)
                                                          0.00 #     0.00 r
  symbol_mapper_to_ppdu/u_form_ppdu/reg_data_i_reg[23]/Q (DFFSSRX1_HVT)
                                                          1.08       1.08 f
  symbol_mapper_to_ppdu/u_form_ppdu/reg_data_i_reg[24]/D (DFFSSRX1_HVT)
                                                          0.00       1.08 f
  data arrival time                                                  1.08

  clock clk (rise edge)                                   0.00       0.00
  clock network delay (ideal)                             0.00       0.00
  clock uncertainty                                       0.62       0.62
  symbol_mapper_to_ppdu/u_form_ppdu/reg_data_i_reg[24]/CLK (DFFSSRX1_HVT)
                                                          0.00       0.62 r
  library hold time                                      -0.17       0.46
  data required time                                                 0.46
  --------------------------------------------------------------------------
  data required time                                                 0.46
  data arrival time                                                 -1.08
  --------------------------------------------------------------------------
  slack (MET)                                                        0.63


  Startpoint: symbol_mapper_to_ppdu/u_form_ppdu/reg_data_i_reg[24]
              (rising edge-triggered flip-flop clocked by clk)
  Endpoint: symbol_mapper_to_ppdu/u_form_ppdu/reg_data_i_reg[25]
            (rising edge-triggered flip-flop clocked by clk)
  Path Group: clk
  Path Type: min

  Des/Clust/Port     Wire Load Model       Library
  ------------------------------------------------
  zigbee             140000                saed32hvt_ss0p75vn40c
  form_ppdu_46       8000                  saed32hvt_ss0p75vn40c

  Point                                                   Incr       Path
  --------------------------------------------------------------------------
  clock clk (rise edge)                                   0.00       0.00
  clock network delay (ideal)                             0.00       0.00
  symbol_mapper_to_ppdu/u_form_ppdu/reg_data_i_reg[24]/CLK (DFFSSRX1_HVT)
                                                          0.00 #     0.00 r
  symbol_mapper_to_ppdu/u_form_ppdu/reg_data_i_reg[24]/Q (DFFSSRX1_HVT)
                                                          1.08       1.08 f
  symbol_mapper_to_ppdu/u_form_ppdu/reg_data_i_reg[25]/D (DFFSSRX1_HVT)
                                                          0.00       1.08 f
  data arrival time                                                  1.08

  clock clk (rise edge)                                   0.00       0.00
  clock network delay (ideal)                             0.00       0.00
  clock uncertainty                                       0.62       0.62
  symbol_mapper_to_ppdu/u_form_ppdu/reg_data_i_reg[25]/CLK (DFFSSRX1_HVT)
                                                          0.00       0.62 r
  library hold time                                      -0.17       0.46
  data required time                                                 0.46
  --------------------------------------------------------------------------
  data required time                                                 0.46
  data arrival time                                                 -1.08
  --------------------------------------------------------------------------
  slack (MET)                                                        0.63


  Startpoint: symbol_mapper_to_ppdu/u_form_ppdu/reg_data_i_reg[25]
              (rising edge-triggered flip-flop clocked by clk)
  Endpoint: symbol_mapper_to_ppdu/u_form_ppdu/reg_data_i_reg[26]
            (rising edge-triggered flip-flop clocked by clk)
  Path Group: clk
  Path Type: min

  Des/Clust/Port     Wire Load Model       Library
  ------------------------------------------------
  zigbee             140000                saed32hvt_ss0p75vn40c
  form_ppdu_46       8000                  saed32hvt_ss0p75vn40c

  Point                                                   Incr       Path
  --------------------------------------------------------------------------
  clock clk (rise edge)                                   0.00       0.00
  clock network delay (ideal)                             0.00       0.00
  symbol_mapper_to_ppdu/u_form_ppdu/reg_data_i_reg[25]/CLK (DFFSSRX1_HVT)
                                                          0.00 #     0.00 r
  symbol_mapper_to_ppdu/u_form_ppdu/reg_data_i_reg[25]/Q (DFFSSRX1_HVT)
                                                          1.08       1.08 f
  symbol_mapper_to_ppdu/u_form_ppdu/reg_data_i_reg[26]/D (DFFSSRX1_HVT)
                                                          0.00       1.08 f
  data arrival time                                                  1.08

  clock clk (rise edge)                                   0.00       0.00
  clock network delay (ideal)                             0.00       0.00
  clock uncertainty                                       0.62       0.62
  symbol_mapper_to_ppdu/u_form_ppdu/reg_data_i_reg[26]/CLK (DFFSSRX1_HVT)
                                                          0.00       0.62 r
  library hold time                                      -0.17       0.46
  data required time                                                 0.46
  --------------------------------------------------------------------------
  data required time                                                 0.46
  data arrival time                                                 -1.08
  --------------------------------------------------------------------------
  slack (MET)                                                        0.63


  Startpoint: symbol_mapper_to_ppdu/u_form_ppdu/reg_data_i_reg[26]
              (rising edge-triggered flip-flop clocked by clk)
  Endpoint: symbol_mapper_to_ppdu/u_form_ppdu/reg_data_i_reg[27]
            (rising edge-triggered flip-flop clocked by clk)
  Path Group: clk
  Path Type: min

  Des/Clust/Port     Wire Load Model       Library
  ------------------------------------------------
  zigbee             140000                saed32hvt_ss0p75vn40c
  form_ppdu_46       8000                  saed32hvt_ss0p75vn40c

  Point                                                   Incr       Path
  --------------------------------------------------------------------------
  clock clk (rise edge)                                   0.00       0.00
  clock network delay (ideal)                             0.00       0.00
  symbol_mapper_to_ppdu/u_form_ppdu/reg_data_i_reg[26]/CLK (DFFSSRX1_HVT)
                                                          0.00 #     0.00 r
  symbol_mapper_to_ppdu/u_form_ppdu/reg_data_i_reg[26]/Q (DFFSSRX1_HVT)
                                                          1.08       1.08 f
  symbol_mapper_to_ppdu/u_form_ppdu/reg_data_i_reg[27]/D (DFFSSRX1_HVT)
                                                          0.00       1.08 f
  data arrival time                                                  1.08

  clock clk (rise edge)                                   0.00       0.00
  clock network delay (ideal)                             0.00       0.00
  clock uncertainty                                       0.62       0.62
  symbol_mapper_to_ppdu/u_form_ppdu/reg_data_i_reg[27]/CLK (DFFSSRX1_HVT)
                                                          0.00       0.62 r
  library hold time                                      -0.17       0.46
  data required time                                                 0.46
  --------------------------------------------------------------------------
  data required time                                                 0.46
  data arrival time                                                 -1.08
  --------------------------------------------------------------------------
  slack (MET)                                                        0.63


  Startpoint: symbol_mapper_to_ppdu/u_form_ppdu/reg_data_i_reg[27]
              (rising edge-triggered flip-flop clocked by clk)
  Endpoint: symbol_mapper_to_ppdu/u_form_ppdu/reg_data_i_reg[28]
            (rising edge-triggered flip-flop clocked by clk)
  Path Group: clk
  Path Type: min

  Des/Clust/Port     Wire Load Model       Library
  ------------------------------------------------
  zigbee             140000                saed32hvt_ss0p75vn40c
  form_ppdu_46       8000                  saed32hvt_ss0p75vn40c

  Point                                                   Incr       Path
  --------------------------------------------------------------------------
  clock clk (rise edge)                                   0.00       0.00
  clock network delay (ideal)                             0.00       0.00
  symbol_mapper_to_ppdu/u_form_ppdu/reg_data_i_reg[27]/CLK (DFFSSRX1_HVT)
                                                          0.00 #     0.00 r
  symbol_mapper_to_ppdu/u_form_ppdu/reg_data_i_reg[27]/Q (DFFSSRX1_HVT)
                                                          1.08       1.08 f
  symbol_mapper_to_ppdu/u_form_ppdu/reg_data_i_reg[28]/D (DFFSSRX1_HVT)
                                                          0.00       1.08 f
  data arrival time                                                  1.08

  clock clk (rise edge)                                   0.00       0.00
  clock network delay (ideal)                             0.00       0.00
  clock uncertainty                                       0.62       0.62
  symbol_mapper_to_ppdu/u_form_ppdu/reg_data_i_reg[28]/CLK (DFFSSRX1_HVT)
                                                          0.00       0.62 r
  library hold time                                      -0.17       0.46
  data required time                                                 0.46
  --------------------------------------------------------------------------
  data required time                                                 0.46
  data arrival time                                                 -1.08
  --------------------------------------------------------------------------
  slack (MET)                                                        0.63


  Startpoint: symbol_mapper_to_ppdu/u_form_ppdu/reg_data_i_reg[28]
              (rising edge-triggered flip-flop clocked by clk)
  Endpoint: symbol_mapper_to_ppdu/u_form_ppdu/reg_data_i_reg[29]
            (rising edge-triggered flip-flop clocked by clk)
  Path Group: clk
  Path Type: min

  Des/Clust/Port     Wire Load Model       Library
  ------------------------------------------------
  zigbee             140000                saed32hvt_ss0p75vn40c
  form_ppdu_46       8000                  saed32hvt_ss0p75vn40c

  Point                                                   Incr       Path
  --------------------------------------------------------------------------
  clock clk (rise edge)                                   0.00       0.00
  clock network delay (ideal)                             0.00       0.00
  symbol_mapper_to_ppdu/u_form_ppdu/reg_data_i_reg[28]/CLK (DFFSSRX1_HVT)
                                                          0.00 #     0.00 r
  symbol_mapper_to_ppdu/u_form_ppdu/reg_data_i_reg[28]/Q (DFFSSRX1_HVT)
                                                          1.08       1.08 f
  symbol_mapper_to_ppdu/u_form_ppdu/reg_data_i_reg[29]/D (DFFSSRX1_HVT)
                                                          0.00       1.08 f
  data arrival time                                                  1.08

  clock clk (rise edge)                                   0.00       0.00
  clock network delay (ideal)                             0.00       0.00
  clock uncertainty                                       0.62       0.62
  symbol_mapper_to_ppdu/u_form_ppdu/reg_data_i_reg[29]/CLK (DFFSSRX1_HVT)
                                                          0.00       0.62 r
  library hold time                                      -0.17       0.46
  data required time                                                 0.46
  --------------------------------------------------------------------------
  data required time                                                 0.46
  data arrival time                                                 -1.08
  --------------------------------------------------------------------------
  slack (MET)                                                        0.63


  Startpoint: symbol_mapper_to_ppdu/u_form_ppdu/reg_data_i_reg[29]
              (rising edge-triggered flip-flop clocked by clk)
  Endpoint: symbol_mapper_to_ppdu/u_form_ppdu/reg_data_i_reg[30]
            (rising edge-triggered flip-flop clocked by clk)
  Path Group: clk
  Path Type: min

  Des/Clust/Port     Wire Load Model       Library
  ------------------------------------------------
  zigbee             140000                saed32hvt_ss0p75vn40c
  form_ppdu_46       8000                  saed32hvt_ss0p75vn40c

  Point                                                   Incr       Path
  --------------------------------------------------------------------------
  clock clk (rise edge)                                   0.00       0.00
  clock network delay (ideal)                             0.00       0.00
  symbol_mapper_to_ppdu/u_form_ppdu/reg_data_i_reg[29]/CLK (DFFSSRX1_HVT)
                                                          0.00 #     0.00 r
  symbol_mapper_to_ppdu/u_form_ppdu/reg_data_i_reg[29]/Q (DFFSSRX1_HVT)
                                                          1.08       1.08 f
  symbol_mapper_to_ppdu/u_form_ppdu/reg_data_i_reg[30]/D (DFFSSRX1_HVT)
                                                          0.00       1.08 f
  data arrival time                                                  1.08

  clock clk (rise edge)                                   0.00       0.00
  clock network delay (ideal)                             0.00       0.00
  clock uncertainty                                       0.62       0.62
  symbol_mapper_to_ppdu/u_form_ppdu/reg_data_i_reg[30]/CLK (DFFSSRX1_HVT)
                                                          0.00       0.62 r
  library hold time                                      -0.17       0.46
  data required time                                                 0.46
  --------------------------------------------------------------------------
  data required time                                                 0.46
  data arrival time                                                 -1.08
  --------------------------------------------------------------------------
  slack (MET)                                                        0.63


  Startpoint: symbol_mapper_to_ppdu/u_form_ppdu/reg_data_i_reg[30]
              (rising edge-triggered flip-flop clocked by clk)
  Endpoint: symbol_mapper_to_ppdu/u_form_ppdu/reg_data_i_reg[31]
            (rising edge-triggered flip-flop clocked by clk)
  Path Group: clk
  Path Type: min

  Des/Clust/Port     Wire Load Model       Library
  ------------------------------------------------
  zigbee             140000                saed32hvt_ss0p75vn40c
  form_ppdu_46       8000                  saed32hvt_ss0p75vn40c

  Point                                                   Incr       Path
  --------------------------------------------------------------------------
  clock clk (rise edge)                                   0.00       0.00
  clock network delay (ideal)                             0.00       0.00
  symbol_mapper_to_ppdu/u_form_ppdu/reg_data_i_reg[30]/CLK (DFFSSRX1_HVT)
                                                          0.00 #     0.00 r
  symbol_mapper_to_ppdu/u_form_ppdu/reg_data_i_reg[30]/Q (DFFSSRX1_HVT)
                                                          1.08       1.08 f
  symbol_mapper_to_ppdu/u_form_ppdu/reg_data_i_reg[31]/D (DFFSSRX1_HVT)
                                                          0.00       1.08 f
  data arrival time                                                  1.08

  clock clk (rise edge)                                   0.00       0.00
  clock network delay (ideal)                             0.00       0.00
  clock uncertainty                                       0.62       0.62
  symbol_mapper_to_ppdu/u_form_ppdu/reg_data_i_reg[31]/CLK (DFFSSRX1_HVT)
                                                          0.00       0.62 r
  library hold time                                      -0.17       0.46
  data required time                                                 0.46
  --------------------------------------------------------------------------
  data required time                                                 0.46
  data arrival time                                                 -1.08
  --------------------------------------------------------------------------
  slack (MET)                                                        0.63


  Startpoint: symbol_mapper_to_ppdu/u_form_ppdu/reg_data_i_reg[31]
              (rising edge-triggered flip-flop clocked by clk)
  Endpoint: symbol_mapper_to_ppdu/u_form_ppdu/reg_data_i_reg[32]
            (rising edge-triggered flip-flop clocked by clk)
  Path Group: clk
  Path Type: min

  Des/Clust/Port     Wire Load Model       Library
  ------------------------------------------------
  zigbee             140000                saed32hvt_ss0p75vn40c
  form_ppdu_46       8000                  saed32hvt_ss0p75vn40c

  Point                                                   Incr       Path
  --------------------------------------------------------------------------
  clock clk (rise edge)                                   0.00       0.00
  clock network delay (ideal)                             0.00       0.00
  symbol_mapper_to_ppdu/u_form_ppdu/reg_data_i_reg[31]/CLK (DFFSSRX1_HVT)
                                                          0.00 #     0.00 r
  symbol_mapper_to_ppdu/u_form_ppdu/reg_data_i_reg[31]/Q (DFFSSRX1_HVT)
                                                          1.08       1.08 f
  symbol_mapper_to_ppdu/u_form_ppdu/reg_data_i_reg[32]/D (DFFSSRX1_HVT)
                                                          0.00       1.08 f
  data arrival time                                                  1.08

  clock clk (rise edge)                                   0.00       0.00
  clock network delay (ideal)                             0.00       0.00
  clock uncertainty                                       0.62       0.62
  symbol_mapper_to_ppdu/u_form_ppdu/reg_data_i_reg[32]/CLK (DFFSSRX1_HVT)
                                                          0.00       0.62 r
  library hold time                                      -0.17       0.46
  data required time                                                 0.46
  --------------------------------------------------------------------------
  data required time                                                 0.46
  data arrival time                                                 -1.08
  --------------------------------------------------------------------------
  slack (MET)                                                        0.63


  Startpoint: symbol_mapper_to_ppdu/u_form_ppdu/reg_data_i_reg[32]
              (rising edge-triggered flip-flop clocked by clk)
  Endpoint: symbol_mapper_to_ppdu/u_form_ppdu/reg_data_i_reg[33]
            (rising edge-triggered flip-flop clocked by clk)
  Path Group: clk
  Path Type: min

  Des/Clust/Port     Wire Load Model       Library
  ------------------------------------------------
  zigbee             140000                saed32hvt_ss0p75vn40c
  form_ppdu_46       8000                  saed32hvt_ss0p75vn40c

  Point                                                   Incr       Path
  --------------------------------------------------------------------------
  clock clk (rise edge)                                   0.00       0.00
  clock network delay (ideal)                             0.00       0.00
  symbol_mapper_to_ppdu/u_form_ppdu/reg_data_i_reg[32]/CLK (DFFSSRX1_HVT)
                                                          0.00 #     0.00 r
  symbol_mapper_to_ppdu/u_form_ppdu/reg_data_i_reg[32]/Q (DFFSSRX1_HVT)
                                                          1.08       1.08 f
  symbol_mapper_to_ppdu/u_form_ppdu/reg_data_i_reg[33]/D (DFFSSRX1_HVT)
                                                          0.00       1.08 f
  data arrival time                                                  1.08

  clock clk (rise edge)                                   0.00       0.00
  clock network delay (ideal)                             0.00       0.00
  clock uncertainty                                       0.62       0.62
  symbol_mapper_to_ppdu/u_form_ppdu/reg_data_i_reg[33]/CLK (DFFSSRX1_HVT)
                                                          0.00       0.62 r
  library hold time                                      -0.17       0.46
  data required time                                                 0.46
  --------------------------------------------------------------------------
  data required time                                                 0.46
  data arrival time                                                 -1.08
  --------------------------------------------------------------------------
  slack (MET)                                                        0.63


  Startpoint: symbol_mapper_to_ppdu/u_form_ppdu/reg_data_i_reg[33]
              (rising edge-triggered flip-flop clocked by clk)
  Endpoint: symbol_mapper_to_ppdu/u_form_ppdu/reg_data_i_reg[34]
            (rising edge-triggered flip-flop clocked by clk)
  Path Group: clk
  Path Type: min

  Des/Clust/Port     Wire Load Model       Library
  ------------------------------------------------
  zigbee             140000                saed32hvt_ss0p75vn40c
  form_ppdu_46       8000                  saed32hvt_ss0p75vn40c

  Point                                                   Incr       Path
  --------------------------------------------------------------------------
  clock clk (rise edge)                                   0.00       0.00
  clock network delay (ideal)                             0.00       0.00
  symbol_mapper_to_ppdu/u_form_ppdu/reg_data_i_reg[33]/CLK (DFFSSRX1_HVT)
                                                          0.00 #     0.00 r
  symbol_mapper_to_ppdu/u_form_ppdu/reg_data_i_reg[33]/Q (DFFSSRX1_HVT)
                                                          1.08       1.08 f
  symbol_mapper_to_ppdu/u_form_ppdu/reg_data_i_reg[34]/D (DFFSSRX1_HVT)
                                                          0.00       1.08 f
  data arrival time                                                  1.08

  clock clk (rise edge)                                   0.00       0.00
  clock network delay (ideal)                             0.00       0.00
  clock uncertainty                                       0.62       0.62
  symbol_mapper_to_ppdu/u_form_ppdu/reg_data_i_reg[34]/CLK (DFFSSRX1_HVT)
                                                          0.00       0.62 r
  library hold time                                      -0.17       0.46
  data required time                                                 0.46
  --------------------------------------------------------------------------
  data required time                                                 0.46
  data arrival time                                                 -1.08
  --------------------------------------------------------------------------
  slack (MET)                                                        0.63


  Startpoint: symbol_mapper_to_ppdu/u_form_ppdu/reg_data_i_reg[34]
              (rising edge-triggered flip-flop clocked by clk)
  Endpoint: symbol_mapper_to_ppdu/u_form_ppdu/reg_data_i_reg[35]
            (rising edge-triggered flip-flop clocked by clk)
  Path Group: clk
  Path Type: min

  Des/Clust/Port     Wire Load Model       Library
  ------------------------------------------------
  zigbee             140000                saed32hvt_ss0p75vn40c
  form_ppdu_46       8000                  saed32hvt_ss0p75vn40c

  Point                                                   Incr       Path
  --------------------------------------------------------------------------
  clock clk (rise edge)                                   0.00       0.00
  clock network delay (ideal)                             0.00       0.00
  symbol_mapper_to_ppdu/u_form_ppdu/reg_data_i_reg[34]/CLK (DFFSSRX1_HVT)
                                                          0.00 #     0.00 r
  symbol_mapper_to_ppdu/u_form_ppdu/reg_data_i_reg[34]/Q (DFFSSRX1_HVT)
                                                          1.08       1.08 f
  symbol_mapper_to_ppdu/u_form_ppdu/reg_data_i_reg[35]/D (DFFSSRX1_HVT)
                                                          0.00       1.08 f
  data arrival time                                                  1.08

  clock clk (rise edge)                                   0.00       0.00
  clock network delay (ideal)                             0.00       0.00
  clock uncertainty                                       0.62       0.62
  symbol_mapper_to_ppdu/u_form_ppdu/reg_data_i_reg[35]/CLK (DFFSSRX1_HVT)
                                                          0.00       0.62 r
  library hold time                                      -0.17       0.46
  data required time                                                 0.46
  --------------------------------------------------------------------------
  data required time                                                 0.46
  data arrival time                                                 -1.08
  --------------------------------------------------------------------------
  slack (MET)                                                        0.63


  Startpoint: symbol_mapper_to_ppdu/u_form_ppdu/reg_data_i_reg[35]
              (rising edge-triggered flip-flop clocked by clk)
  Endpoint: symbol_mapper_to_ppdu/u_form_ppdu/reg_data_i_reg[36]
            (rising edge-triggered flip-flop clocked by clk)
  Path Group: clk
  Path Type: min

  Des/Clust/Port     Wire Load Model       Library
  ------------------------------------------------
  zigbee             140000                saed32hvt_ss0p75vn40c
  form_ppdu_46       8000                  saed32hvt_ss0p75vn40c

  Point                                                   Incr       Path
  --------------------------------------------------------------------------
  clock clk (rise edge)                                   0.00       0.00
  clock network delay (ideal)                             0.00       0.00
  symbol_mapper_to_ppdu/u_form_ppdu/reg_data_i_reg[35]/CLK (DFFSSRX1_HVT)
                                                          0.00 #     0.00 r
  symbol_mapper_to_ppdu/u_form_ppdu/reg_data_i_reg[35]/Q (DFFSSRX1_HVT)
                                                          1.08       1.08 f
  symbol_mapper_to_ppdu/u_form_ppdu/reg_data_i_reg[36]/D (DFFSSRX1_HVT)
                                                          0.00       1.08 f
  data arrival time                                                  1.08

  clock clk (rise edge)                                   0.00       0.00
  clock network delay (ideal)                             0.00       0.00
  clock uncertainty                                       0.62       0.62
  symbol_mapper_to_ppdu/u_form_ppdu/reg_data_i_reg[36]/CLK (DFFSSRX1_HVT)
                                                          0.00       0.62 r
  library hold time                                      -0.17       0.46
  data required time                                                 0.46
  --------------------------------------------------------------------------
  data required time                                                 0.46
  data arrival time                                                 -1.08
  --------------------------------------------------------------------------
  slack (MET)                                                        0.63


  Startpoint: symbol_mapper_to_ppdu/u_form_ppdu/reg_data_i_reg[36]
              (rising edge-triggered flip-flop clocked by clk)
  Endpoint: symbol_mapper_to_ppdu/u_form_ppdu/reg_data_i_reg[37]
            (rising edge-triggered flip-flop clocked by clk)
  Path Group: clk
  Path Type: min

  Des/Clust/Port     Wire Load Model       Library
  ------------------------------------------------
  zigbee             140000                saed32hvt_ss0p75vn40c
  form_ppdu_46       8000                  saed32hvt_ss0p75vn40c

  Point                                                   Incr       Path
  --------------------------------------------------------------------------
  clock clk (rise edge)                                   0.00       0.00
  clock network delay (ideal)                             0.00       0.00
  symbol_mapper_to_ppdu/u_form_ppdu/reg_data_i_reg[36]/CLK (DFFSSRX1_HVT)
                                                          0.00 #     0.00 r
  symbol_mapper_to_ppdu/u_form_ppdu/reg_data_i_reg[36]/Q (DFFSSRX1_HVT)
                                                          1.08       1.08 f
  symbol_mapper_to_ppdu/u_form_ppdu/reg_data_i_reg[37]/D (DFFSSRX1_HVT)
                                                          0.00       1.08 f
  data arrival time                                                  1.08

  clock clk (rise edge)                                   0.00       0.00
  clock network delay (ideal)                             0.00       0.00
  clock uncertainty                                       0.62       0.62
  symbol_mapper_to_ppdu/u_form_ppdu/reg_data_i_reg[37]/CLK (DFFSSRX1_HVT)
                                                          0.00       0.62 r
  library hold time                                      -0.17       0.46
  data required time                                                 0.46
  --------------------------------------------------------------------------
  data required time                                                 0.46
  data arrival time                                                 -1.08
  --------------------------------------------------------------------------
  slack (MET)                                                        0.63


  Startpoint: symbol_mapper_to_ppdu/u_form_ppdu/reg_data_i_reg[37]
              (rising edge-triggered flip-flop clocked by clk)
  Endpoint: symbol_mapper_to_ppdu/u_form_ppdu/reg_data_i_reg[38]
            (rising edge-triggered flip-flop clocked by clk)
  Path Group: clk
  Path Type: min

  Des/Clust/Port     Wire Load Model       Library
  ------------------------------------------------
  zigbee             140000                saed32hvt_ss0p75vn40c
  form_ppdu_46       8000                  saed32hvt_ss0p75vn40c

  Point                                                   Incr       Path
  --------------------------------------------------------------------------
  clock clk (rise edge)                                   0.00       0.00
  clock network delay (ideal)                             0.00       0.00
  symbol_mapper_to_ppdu/u_form_ppdu/reg_data_i_reg[37]/CLK (DFFSSRX1_HVT)
                                                          0.00 #     0.00 r
  symbol_mapper_to_ppdu/u_form_ppdu/reg_data_i_reg[37]/Q (DFFSSRX1_HVT)
                                                          1.08       1.08 f
  symbol_mapper_to_ppdu/u_form_ppdu/reg_data_i_reg[38]/D (DFFSSRX1_HVT)
                                                          0.00       1.08 f
  data arrival time                                                  1.08

  clock clk (rise edge)                                   0.00       0.00
  clock network delay (ideal)                             0.00       0.00
  clock uncertainty                                       0.62       0.62
  symbol_mapper_to_ppdu/u_form_ppdu/reg_data_i_reg[38]/CLK (DFFSSRX1_HVT)
                                                          0.00       0.62 r
  library hold time                                      -0.17       0.46
  data required time                                                 0.46
  --------------------------------------------------------------------------
  data required time                                                 0.46
  data arrival time                                                 -1.08
  --------------------------------------------------------------------------
  slack (MET)                                                        0.63


  Startpoint: symbol_mapper_to_ppdu/u_form_ppdu/reg_data_i_reg[38]
              (rising edge-triggered flip-flop clocked by clk)
  Endpoint: symbol_mapper_to_ppdu/u_form_ppdu/reg_data_i_reg[39]
            (rising edge-triggered flip-flop clocked by clk)
  Path Group: clk
  Path Type: min

  Des/Clust/Port     Wire Load Model       Library
  ------------------------------------------------
  zigbee             140000                saed32hvt_ss0p75vn40c
  form_ppdu_46       8000                  saed32hvt_ss0p75vn40c

  Point                                                   Incr       Path
  --------------------------------------------------------------------------
  clock clk (rise edge)                                   0.00       0.00
  clock network delay (ideal)                             0.00       0.00
  symbol_mapper_to_ppdu/u_form_ppdu/reg_data_i_reg[38]/CLK (DFFSSRX1_HVT)
                                                          0.00 #     0.00 r
  symbol_mapper_to_ppdu/u_form_ppdu/reg_data_i_reg[38]/Q (DFFSSRX1_HVT)
                                                          1.08       1.08 f
  symbol_mapper_to_ppdu/u_form_ppdu/reg_data_i_reg[39]/D (DFFSSRX1_HVT)
                                                          0.00       1.08 f
  data arrival time                                                  1.08

  clock clk (rise edge)                                   0.00       0.00
  clock network delay (ideal)                             0.00       0.00
  clock uncertainty                                       0.62       0.62
  symbol_mapper_to_ppdu/u_form_ppdu/reg_data_i_reg[39]/CLK (DFFSSRX1_HVT)
                                                          0.00       0.62 r
  library hold time                                      -0.17       0.46
  data required time                                                 0.46
  --------------------------------------------------------------------------
  data required time                                                 0.46
  data arrival time                                                 -1.08
  --------------------------------------------------------------------------
  slack (MET)                                                        0.63


  Startpoint: symbol_mapper_to_ppdu/u_form_ppdu/reg_data_i_reg[39]
              (rising edge-triggered flip-flop clocked by clk)
  Endpoint: symbol_mapper_to_ppdu/u_form_ppdu/reg_data_i_reg[40]
            (rising edge-triggered flip-flop clocked by clk)
  Path Group: clk
  Path Type: min

  Des/Clust/Port     Wire Load Model       Library
  ------------------------------------------------
  zigbee             140000                saed32hvt_ss0p75vn40c
  form_ppdu_46       8000                  saed32hvt_ss0p75vn40c

  Point                                                   Incr       Path
  --------------------------------------------------------------------------
  clock clk (rise edge)                                   0.00       0.00
  clock network delay (ideal)                             0.00       0.00
  symbol_mapper_to_ppdu/u_form_ppdu/reg_data_i_reg[39]/CLK (DFFSSRX1_HVT)
                                                          0.00 #     0.00 r
  symbol_mapper_to_ppdu/u_form_ppdu/reg_data_i_reg[39]/Q (DFFSSRX1_HVT)
                                                          1.08       1.08 f
  symbol_mapper_to_ppdu/u_form_ppdu/reg_data_i_reg[40]/D (DFFSSRX1_HVT)
                                                          0.00       1.08 f
  data arrival time                                                  1.08

  clock clk (rise edge)                                   0.00       0.00
  clock network delay (ideal)                             0.00       0.00
  clock uncertainty                                       0.62       0.62
  symbol_mapper_to_ppdu/u_form_ppdu/reg_data_i_reg[40]/CLK (DFFSSRX1_HVT)
                                                          0.00       0.62 r
  library hold time                                      -0.17       0.46
  data required time                                                 0.46
  --------------------------------------------------------------------------
  data required time                                                 0.46
  data arrival time                                                 -1.08
  --------------------------------------------------------------------------
  slack (MET)                                                        0.63


  Startpoint: symbol_mapper_to_ppdu/u_form_ppdu/reg_data_i_reg[40]
              (rising edge-triggered flip-flop clocked by clk)
  Endpoint: symbol_mapper_to_ppdu/u_form_ppdu/reg_data_i_reg[41]
            (rising edge-triggered flip-flop clocked by clk)
  Path Group: clk
  Path Type: min

  Des/Clust/Port     Wire Load Model       Library
  ------------------------------------------------
  zigbee             140000                saed32hvt_ss0p75vn40c
  form_ppdu_46       8000                  saed32hvt_ss0p75vn40c

  Point                                                   Incr       Path
  --------------------------------------------------------------------------
  clock clk (rise edge)                                   0.00       0.00
  clock network delay (ideal)                             0.00       0.00
  symbol_mapper_to_ppdu/u_form_ppdu/reg_data_i_reg[40]/CLK (DFFSSRX1_HVT)
                                                          0.00 #     0.00 r
  symbol_mapper_to_ppdu/u_form_ppdu/reg_data_i_reg[40]/Q (DFFSSRX1_HVT)
                                                          1.08       1.08 f
  symbol_mapper_to_ppdu/u_form_ppdu/reg_data_i_reg[41]/D (DFFSSRX1_HVT)
                                                          0.00       1.08 f
  data arrival time                                                  1.08

  clock clk (rise edge)                                   0.00       0.00
  clock network delay (ideal)                             0.00       0.00
  clock uncertainty                                       0.62       0.62
  symbol_mapper_to_ppdu/u_form_ppdu/reg_data_i_reg[41]/CLK (DFFSSRX1_HVT)
                                                          0.00       0.62 r
  library hold time                                      -0.17       0.46
  data required time                                                 0.46
  --------------------------------------------------------------------------
  data required time                                                 0.46
  data arrival time                                                 -1.08
  --------------------------------------------------------------------------
  slack (MET)                                                        0.63


  Startpoint: symbol_mapper_to_ppdu/u_form_ppdu/reg_data_i_reg[41]
              (rising edge-triggered flip-flop clocked by clk)
  Endpoint: symbol_mapper_to_ppdu/u_form_ppdu/reg_data_i_reg[42]
            (rising edge-triggered flip-flop clocked by clk)
  Path Group: clk
  Path Type: min

  Des/Clust/Port     Wire Load Model       Library
  ------------------------------------------------
  zigbee             140000                saed32hvt_ss0p75vn40c
  form_ppdu_46       8000                  saed32hvt_ss0p75vn40c

  Point                                                   Incr       Path
  --------------------------------------------------------------------------
  clock clk (rise edge)                                   0.00       0.00
  clock network delay (ideal)                             0.00       0.00
  symbol_mapper_to_ppdu/u_form_ppdu/reg_data_i_reg[41]/CLK (DFFSSRX1_HVT)
                                                          0.00 #     0.00 r
  symbol_mapper_to_ppdu/u_form_ppdu/reg_data_i_reg[41]/Q (DFFSSRX1_HVT)
                                                          1.08       1.08 f
  symbol_mapper_to_ppdu/u_form_ppdu/reg_data_i_reg[42]/D (DFFSSRX1_HVT)
                                                          0.00       1.08 f
  data arrival time                                                  1.08

  clock clk (rise edge)                                   0.00       0.00
  clock network delay (ideal)                             0.00       0.00
  clock uncertainty                                       0.62       0.62
  symbol_mapper_to_ppdu/u_form_ppdu/reg_data_i_reg[42]/CLK (DFFSSRX1_HVT)
                                                          0.00       0.62 r
  library hold time                                      -0.17       0.46
  data required time                                                 0.46
  --------------------------------------------------------------------------
  data required time                                                 0.46
  data arrival time                                                 -1.08
  --------------------------------------------------------------------------
  slack (MET)                                                        0.63


  Startpoint: symbol_mapper_to_ppdu/u_form_ppdu/reg_data_i_reg[42]
              (rising edge-triggered flip-flop clocked by clk)
  Endpoint: symbol_mapper_to_ppdu/u_form_ppdu/reg_data_i_reg[43]
            (rising edge-triggered flip-flop clocked by clk)
  Path Group: clk
  Path Type: min

  Des/Clust/Port     Wire Load Model       Library
  ------------------------------------------------
  zigbee             140000                saed32hvt_ss0p75vn40c
  form_ppdu_46       8000                  saed32hvt_ss0p75vn40c

  Point                                                   Incr       Path
  --------------------------------------------------------------------------
  clock clk (rise edge)                                   0.00       0.00
  clock network delay (ideal)                             0.00       0.00
  symbol_mapper_to_ppdu/u_form_ppdu/reg_data_i_reg[42]/CLK (DFFSSRX1_HVT)
                                                          0.00 #     0.00 r
  symbol_mapper_to_ppdu/u_form_ppdu/reg_data_i_reg[42]/Q (DFFSSRX1_HVT)
                                                          1.08       1.08 f
  symbol_mapper_to_ppdu/u_form_ppdu/reg_data_i_reg[43]/D (DFFSSRX1_HVT)
                                                          0.00       1.08 f
  data arrival time                                                  1.08

  clock clk (rise edge)                                   0.00       0.00
  clock network delay (ideal)                             0.00       0.00
  clock uncertainty                                       0.62       0.62
  symbol_mapper_to_ppdu/u_form_ppdu/reg_data_i_reg[43]/CLK (DFFSSRX1_HVT)
                                                          0.00       0.62 r
  library hold time                                      -0.17       0.46
  data required time                                                 0.46
  --------------------------------------------------------------------------
  data required time                                                 0.46
  data arrival time                                                 -1.08
  --------------------------------------------------------------------------
  slack (MET)                                                        0.63


  Startpoint: symbol_mapper_to_ppdu/u_form_ppdu/reg_data_i_reg[43]
              (rising edge-triggered flip-flop clocked by clk)
  Endpoint: symbol_mapper_to_ppdu/u_form_ppdu/reg_data_i_reg[44]
            (rising edge-triggered flip-flop clocked by clk)
  Path Group: clk
  Path Type: min

  Des/Clust/Port     Wire Load Model       Library
  ------------------------------------------------
  zigbee             140000                saed32hvt_ss0p75vn40c
  form_ppdu_46       8000                  saed32hvt_ss0p75vn40c

  Point                                                   Incr       Path
  --------------------------------------------------------------------------
  clock clk (rise edge)                                   0.00       0.00
  clock network delay (ideal)                             0.00       0.00
  symbol_mapper_to_ppdu/u_form_ppdu/reg_data_i_reg[43]/CLK (DFFSSRX1_HVT)
                                                          0.00 #     0.00 r
  symbol_mapper_to_ppdu/u_form_ppdu/reg_data_i_reg[43]/Q (DFFSSRX1_HVT)
                                                          1.08       1.08 f
  symbol_mapper_to_ppdu/u_form_ppdu/reg_data_i_reg[44]/D (DFFSSRX1_HVT)
                                                          0.00       1.08 f
  data arrival time                                                  1.08

  clock clk (rise edge)                                   0.00       0.00
  clock network delay (ideal)                             0.00       0.00
  clock uncertainty                                       0.62       0.62
  symbol_mapper_to_ppdu/u_form_ppdu/reg_data_i_reg[44]/CLK (DFFSSRX1_HVT)
                                                          0.00       0.62 r
  library hold time                                      -0.17       0.46
  data required time                                                 0.46
  --------------------------------------------------------------------------
  data required time                                                 0.46
  data arrival time                                                 -1.08
  --------------------------------------------------------------------------
  slack (MET)                                                        0.63


  Startpoint: symbol_mapper_to_ppdu/u_form_ppdu/reg_data_i_reg[44]
              (rising edge-triggered flip-flop clocked by clk)
  Endpoint: symbol_mapper_to_ppdu/u_form_ppdu/reg_data_i_reg[45]
            (rising edge-triggered flip-flop clocked by clk)
  Path Group: clk
  Path Type: min

  Des/Clust/Port     Wire Load Model       Library
  ------------------------------------------------
  zigbee             140000                saed32hvt_ss0p75vn40c
  form_ppdu_46       8000                  saed32hvt_ss0p75vn40c

  Point                                                   Incr       Path
  --------------------------------------------------------------------------
  clock clk (rise edge)                                   0.00       0.00
  clock network delay (ideal)                             0.00       0.00
  symbol_mapper_to_ppdu/u_form_ppdu/reg_data_i_reg[44]/CLK (DFFSSRX1_HVT)
                                                          0.00 #     0.00 r
  symbol_mapper_to_ppdu/u_form_ppdu/reg_data_i_reg[44]/Q (DFFSSRX1_HVT)
                                                          1.08       1.08 f
  symbol_mapper_to_ppdu/u_form_ppdu/reg_data_i_reg[45]/D (DFFSSRX1_HVT)
                                                          0.00       1.08 f
  data arrival time                                                  1.08

  clock clk (rise edge)                                   0.00       0.00
  clock network delay (ideal)                             0.00       0.00
  clock uncertainty                                       0.62       0.62
  symbol_mapper_to_ppdu/u_form_ppdu/reg_data_i_reg[45]/CLK (DFFSSRX1_HVT)
                                                          0.00       0.62 r
  library hold time                                      -0.17       0.46
  data required time                                                 0.46
  --------------------------------------------------------------------------
  data required time                                                 0.46
  data arrival time                                                 -1.08
  --------------------------------------------------------------------------
  slack (MET)                                                        0.63


  Startpoint: symbol_mapper_to_ppdu/u_form_ppdu/reg_data_i_reg[45]
              (rising edge-triggered flip-flop clocked by clk)
  Endpoint: symbol_mapper_to_ppdu/u_form_ppdu/reg_data_i_reg[46]
            (rising edge-triggered flip-flop clocked by clk)
  Path Group: clk
  Path Type: min

  Des/Clust/Port     Wire Load Model       Library
  ------------------------------------------------
  zigbee             140000                saed32hvt_ss0p75vn40c
  form_ppdu_46       8000                  saed32hvt_ss0p75vn40c

  Point                                                   Incr       Path
  --------------------------------------------------------------------------
  clock clk (rise edge)                                   0.00       0.00
  clock network delay (ideal)                             0.00       0.00
  symbol_mapper_to_ppdu/u_form_ppdu/reg_data_i_reg[45]/CLK (DFFSSRX1_HVT)
                                                          0.00 #     0.00 r
  symbol_mapper_to_ppdu/u_form_ppdu/reg_data_i_reg[45]/Q (DFFSSRX1_HVT)
                                                          1.08       1.08 f
  symbol_mapper_to_ppdu/u_form_ppdu/reg_data_i_reg[46]/D (DFFSSRX1_HVT)
                                                          0.00       1.08 f
  data arrival time                                                  1.08

  clock clk (rise edge)                                   0.00       0.00
  clock network delay (ideal)                             0.00       0.00
  clock uncertainty                                       0.62       0.62
  symbol_mapper_to_ppdu/u_form_ppdu/reg_data_i_reg[46]/CLK (DFFSSRX1_HVT)
                                                          0.00       0.62 r
  library hold time                                      -0.17       0.46
  data required time                                                 0.46
  --------------------------------------------------------------------------
  data required time                                                 0.46
  data arrival time                                                 -1.08
  --------------------------------------------------------------------------
  slack (MET)                                                        0.63


  Startpoint: symbol_mapper_to_ppdu/u_form_ppdu/reg_data_i_reg[46]
              (rising edge-triggered flip-flop clocked by clk)
  Endpoint: symbol_mapper_to_ppdu/u_form_ppdu/reg_data_i_reg[47]
            (rising edge-triggered flip-flop clocked by clk)
  Path Group: clk
  Path Type: min

  Des/Clust/Port     Wire Load Model       Library
  ------------------------------------------------
  zigbee             140000                saed32hvt_ss0p75vn40c
  form_ppdu_46       8000                  saed32hvt_ss0p75vn40c

  Point                                                   Incr       Path
  --------------------------------------------------------------------------
  clock clk (rise edge)                                   0.00       0.00
  clock network delay (ideal)                             0.00       0.00
  symbol_mapper_to_ppdu/u_form_ppdu/reg_data_i_reg[46]/CLK (DFFSSRX1_HVT)
                                                          0.00 #     0.00 r
  symbol_mapper_to_ppdu/u_form_ppdu/reg_data_i_reg[46]/Q (DFFSSRX1_HVT)
                                                          1.08       1.08 f
  symbol_mapper_to_ppdu/u_form_ppdu/reg_data_i_reg[47]/D (DFFSSRX1_HVT)
                                                          0.00       1.08 f
  data arrival time                                                  1.08

  clock clk (rise edge)                                   0.00       0.00
  clock network delay (ideal)                             0.00       0.00
  clock uncertainty                                       0.62       0.62
  symbol_mapper_to_ppdu/u_form_ppdu/reg_data_i_reg[47]/CLK (DFFSSRX1_HVT)
                                                          0.00       0.62 r
  library hold time                                      -0.17       0.46
  data required time                                                 0.46
  --------------------------------------------------------------------------
  data required time                                                 0.46
  data arrival time                                                 -1.08
  --------------------------------------------------------------------------
  slack (MET)                                                        0.63


  Startpoint: symbol_mapper_to_ppdu/u_form_ppdu/reg_data_q_reg[0]
              (rising edge-triggered flip-flop clocked by clk)
  Endpoint: symbol_mapper_to_ppdu/u_form_ppdu/reg_data_q_reg[1]
            (rising edge-triggered flip-flop clocked by clk)
  Path Group: clk
  Path Type: min

  Des/Clust/Port     Wire Load Model       Library
  ------------------------------------------------
  zigbee             140000                saed32hvt_ss0p75vn40c
  form_ppdu_46       8000                  saed32hvt_ss0p75vn40c

  Point                                                   Incr       Path
  --------------------------------------------------------------------------
  clock clk (rise edge)                                   0.00       0.00
  clock network delay (ideal)                             0.00       0.00
  symbol_mapper_to_ppdu/u_form_ppdu/reg_data_q_reg[0]/CLK (DFFSSRX1_HVT)
                                                          0.00 #     0.00 r
  symbol_mapper_to_ppdu/u_form_ppdu/reg_data_q_reg[0]/Q (DFFSSRX1_HVT)
                                                          1.08       1.08 f
  symbol_mapper_to_ppdu/u_form_ppdu/reg_data_q_reg[1]/D (DFFSSRX1_HVT)
                                                          0.00       1.08 f
  data arrival time                                                  1.08

  clock clk (rise edge)                                   0.00       0.00
  clock network delay (ideal)                             0.00       0.00
  clock uncertainty                                       0.62       0.62
  symbol_mapper_to_ppdu/u_form_ppdu/reg_data_q_reg[1]/CLK (DFFSSRX1_HVT)
                                                          0.00       0.62 r
  library hold time                                      -0.17       0.46
  data required time                                                 0.46
  --------------------------------------------------------------------------
  data required time                                                 0.46
  data arrival time                                                 -1.08
  --------------------------------------------------------------------------
  slack (MET)                                                        0.63


  Startpoint: symbol_mapper_to_ppdu/u_form_ppdu/reg_data_q_reg[1]
              (rising edge-triggered flip-flop clocked by clk)
  Endpoint: symbol_mapper_to_ppdu/u_form_ppdu/reg_data_q_reg[2]
            (rising edge-triggered flip-flop clocked by clk)
  Path Group: clk
  Path Type: min

  Des/Clust/Port     Wire Load Model       Library
  ------------------------------------------------
  zigbee             140000                saed32hvt_ss0p75vn40c
  form_ppdu_46       8000                  saed32hvt_ss0p75vn40c

  Point                                                   Incr       Path
  --------------------------------------------------------------------------
  clock clk (rise edge)                                   0.00       0.00
  clock network delay (ideal)                             0.00       0.00
  symbol_mapper_to_ppdu/u_form_ppdu/reg_data_q_reg[1]/CLK (DFFSSRX1_HVT)
                                                          0.00 #     0.00 r
  symbol_mapper_to_ppdu/u_form_ppdu/reg_data_q_reg[1]/Q (DFFSSRX1_HVT)
                                                          1.08       1.08 f
  symbol_mapper_to_ppdu/u_form_ppdu/reg_data_q_reg[2]/D (DFFSSRX1_HVT)
                                                          0.00       1.08 f
  data arrival time                                                  1.08

  clock clk (rise edge)                                   0.00       0.00
  clock network delay (ideal)                             0.00       0.00
  clock uncertainty                                       0.62       0.62
  symbol_mapper_to_ppdu/u_form_ppdu/reg_data_q_reg[2]/CLK (DFFSSRX1_HVT)
                                                          0.00       0.62 r
  library hold time                                      -0.17       0.46
  data required time                                                 0.46
  --------------------------------------------------------------------------
  data required time                                                 0.46
  data arrival time                                                 -1.08
  --------------------------------------------------------------------------
  slack (MET)                                                        0.63


  Startpoint: symbol_mapper_to_ppdu/u_form_ppdu/reg_data_q_reg[2]
              (rising edge-triggered flip-flop clocked by clk)
  Endpoint: symbol_mapper_to_ppdu/u_form_ppdu/reg_data_q_reg[3]
            (rising edge-triggered flip-flop clocked by clk)
  Path Group: clk
  Path Type: min

  Des/Clust/Port     Wire Load Model       Library
  ------------------------------------------------
  zigbee             140000                saed32hvt_ss0p75vn40c
  form_ppdu_46       8000                  saed32hvt_ss0p75vn40c

  Point                                                   Incr       Path
  --------------------------------------------------------------------------
  clock clk (rise edge)                                   0.00       0.00
  clock network delay (ideal)                             0.00       0.00
  symbol_mapper_to_ppdu/u_form_ppdu/reg_data_q_reg[2]/CLK (DFFSSRX1_HVT)
                                                          0.00 #     0.00 r
  symbol_mapper_to_ppdu/u_form_ppdu/reg_data_q_reg[2]/Q (DFFSSRX1_HVT)
                                                          1.08       1.08 f
  symbol_mapper_to_ppdu/u_form_ppdu/reg_data_q_reg[3]/D (DFFSSRX1_HVT)
                                                          0.00       1.08 f
  data arrival time                                                  1.08

  clock clk (rise edge)                                   0.00       0.00
  clock network delay (ideal)                             0.00       0.00
  clock uncertainty                                       0.62       0.62
  symbol_mapper_to_ppdu/u_form_ppdu/reg_data_q_reg[3]/CLK (DFFSSRX1_HVT)
                                                          0.00       0.62 r
  library hold time                                      -0.17       0.46
  data required time                                                 0.46
  --------------------------------------------------------------------------
  data required time                                                 0.46
  data arrival time                                                 -1.08
  --------------------------------------------------------------------------
  slack (MET)                                                        0.63


  Startpoint: symbol_mapper_to_ppdu/u_form_ppdu/reg_data_q_reg[3]
              (rising edge-triggered flip-flop clocked by clk)
  Endpoint: symbol_mapper_to_ppdu/u_form_ppdu/reg_data_q_reg[4]
            (rising edge-triggered flip-flop clocked by clk)
  Path Group: clk
  Path Type: min

  Des/Clust/Port     Wire Load Model       Library
  ------------------------------------------------
  zigbee             140000                saed32hvt_ss0p75vn40c
  form_ppdu_46       8000                  saed32hvt_ss0p75vn40c

  Point                                                   Incr       Path
  --------------------------------------------------------------------------
  clock clk (rise edge)                                   0.00       0.00
  clock network delay (ideal)                             0.00       0.00
  symbol_mapper_to_ppdu/u_form_ppdu/reg_data_q_reg[3]/CLK (DFFSSRX1_HVT)
                                                          0.00 #     0.00 r
  symbol_mapper_to_ppdu/u_form_ppdu/reg_data_q_reg[3]/Q (DFFSSRX1_HVT)
                                                          1.08       1.08 f
  symbol_mapper_to_ppdu/u_form_ppdu/reg_data_q_reg[4]/D (DFFSSRX1_HVT)
                                                          0.00       1.08 f
  data arrival time                                                  1.08

  clock clk (rise edge)                                   0.00       0.00
  clock network delay (ideal)                             0.00       0.00
  clock uncertainty                                       0.62       0.62
  symbol_mapper_to_ppdu/u_form_ppdu/reg_data_q_reg[4]/CLK (DFFSSRX1_HVT)
                                                          0.00       0.62 r
  library hold time                                      -0.17       0.46
  data required time                                                 0.46
  --------------------------------------------------------------------------
  data required time                                                 0.46
  data arrival time                                                 -1.08
  --------------------------------------------------------------------------
  slack (MET)                                                        0.63


  Startpoint: symbol_mapper_to_ppdu/u_form_ppdu/reg_data_q_reg[4]
              (rising edge-triggered flip-flop clocked by clk)
  Endpoint: symbol_mapper_to_ppdu/u_form_ppdu/reg_data_q_reg[5]
            (rising edge-triggered flip-flop clocked by clk)
  Path Group: clk
  Path Type: min

  Des/Clust/Port     Wire Load Model       Library
  ------------------------------------------------
  zigbee             140000                saed32hvt_ss0p75vn40c
  form_ppdu_46       8000                  saed32hvt_ss0p75vn40c

  Point                                                   Incr       Path
  --------------------------------------------------------------------------
  clock clk (rise edge)                                   0.00       0.00
  clock network delay (ideal)                             0.00       0.00
  symbol_mapper_to_ppdu/u_form_ppdu/reg_data_q_reg[4]/CLK (DFFSSRX1_HVT)
                                                          0.00 #     0.00 r
  symbol_mapper_to_ppdu/u_form_ppdu/reg_data_q_reg[4]/Q (DFFSSRX1_HVT)
                                                          1.08       1.08 f
  symbol_mapper_to_ppdu/u_form_ppdu/reg_data_q_reg[5]/D (DFFSSRX1_HVT)
                                                          0.00       1.08 f
  data arrival time                                                  1.08

  clock clk (rise edge)                                   0.00       0.00
  clock network delay (ideal)                             0.00       0.00
  clock uncertainty                                       0.62       0.62
  symbol_mapper_to_ppdu/u_form_ppdu/reg_data_q_reg[5]/CLK (DFFSSRX1_HVT)
                                                          0.00       0.62 r
  library hold time                                      -0.17       0.46
  data required time                                                 0.46
  --------------------------------------------------------------------------
  data required time                                                 0.46
  data arrival time                                                 -1.08
  --------------------------------------------------------------------------
  slack (MET)                                                        0.63


  Startpoint: symbol_mapper_to_ppdu/u_form_ppdu/reg_data_q_reg[5]
              (rising edge-triggered flip-flop clocked by clk)
  Endpoint: symbol_mapper_to_ppdu/u_form_ppdu/reg_data_q_reg[6]
            (rising edge-triggered flip-flop clocked by clk)
  Path Group: clk
  Path Type: min

  Des/Clust/Port     Wire Load Model       Library
  ------------------------------------------------
  zigbee             140000                saed32hvt_ss0p75vn40c
  form_ppdu_46       8000                  saed32hvt_ss0p75vn40c

  Point                                                   Incr       Path
  --------------------------------------------------------------------------
  clock clk (rise edge)                                   0.00       0.00
  clock network delay (ideal)                             0.00       0.00
  symbol_mapper_to_ppdu/u_form_ppdu/reg_data_q_reg[5]/CLK (DFFSSRX1_HVT)
                                                          0.00 #     0.00 r
  symbol_mapper_to_ppdu/u_form_ppdu/reg_data_q_reg[5]/Q (DFFSSRX1_HVT)
                                                          1.08       1.08 f
  symbol_mapper_to_ppdu/u_form_ppdu/reg_data_q_reg[6]/D (DFFSSRX1_HVT)
                                                          0.00       1.08 f
  data arrival time                                                  1.08

  clock clk (rise edge)                                   0.00       0.00
  clock network delay (ideal)                             0.00       0.00
  clock uncertainty                                       0.62       0.62
  symbol_mapper_to_ppdu/u_form_ppdu/reg_data_q_reg[6]/CLK (DFFSSRX1_HVT)
                                                          0.00       0.62 r
  library hold time                                      -0.17       0.46
  data required time                                                 0.46
  --------------------------------------------------------------------------
  data required time                                                 0.46
  data arrival time                                                 -1.08
  --------------------------------------------------------------------------
  slack (MET)                                                        0.63


  Startpoint: symbol_mapper_to_ppdu/u_form_ppdu/reg_data_q_reg[6]
              (rising edge-triggered flip-flop clocked by clk)
  Endpoint: symbol_mapper_to_ppdu/u_form_ppdu/reg_data_q_reg[7]
            (rising edge-triggered flip-flop clocked by clk)
  Path Group: clk
  Path Type: min

  Des/Clust/Port     Wire Load Model       Library
  ------------------------------------------------
  zigbee             140000                saed32hvt_ss0p75vn40c
  form_ppdu_46       8000                  saed32hvt_ss0p75vn40c

  Point                                                   Incr       Path
  --------------------------------------------------------------------------
  clock clk (rise edge)                                   0.00       0.00
  clock network delay (ideal)                             0.00       0.00
  symbol_mapper_to_ppdu/u_form_ppdu/reg_data_q_reg[6]/CLK (DFFSSRX1_HVT)
                                                          0.00 #     0.00 r
  symbol_mapper_to_ppdu/u_form_ppdu/reg_data_q_reg[6]/Q (DFFSSRX1_HVT)
                                                          1.08       1.08 f
  symbol_mapper_to_ppdu/u_form_ppdu/reg_data_q_reg[7]/D (DFFSSRX1_HVT)
                                                          0.00       1.08 f
  data arrival time                                                  1.08

  clock clk (rise edge)                                   0.00       0.00
  clock network delay (ideal)                             0.00       0.00
  clock uncertainty                                       0.62       0.62
  symbol_mapper_to_ppdu/u_form_ppdu/reg_data_q_reg[7]/CLK (DFFSSRX1_HVT)
                                                          0.00       0.62 r
  library hold time                                      -0.17       0.46
  data required time                                                 0.46
  --------------------------------------------------------------------------
  data required time                                                 0.46
  data arrival time                                                 -1.08
  --------------------------------------------------------------------------
  slack (MET)                                                        0.63


  Startpoint: symbol_mapper_to_ppdu/u_form_ppdu/reg_data_q_reg[7]
              (rising edge-triggered flip-flop clocked by clk)
  Endpoint: symbol_mapper_to_ppdu/u_form_ppdu/reg_data_q_reg[8]
            (rising edge-triggered flip-flop clocked by clk)
  Path Group: clk
  Path Type: min

  Des/Clust/Port     Wire Load Model       Library
  ------------------------------------------------
  zigbee             140000                saed32hvt_ss0p75vn40c
  form_ppdu_46       8000                  saed32hvt_ss0p75vn40c

  Point                                                   Incr       Path
  --------------------------------------------------------------------------
  clock clk (rise edge)                                   0.00       0.00
  clock network delay (ideal)                             0.00       0.00
  symbol_mapper_to_ppdu/u_form_ppdu/reg_data_q_reg[7]/CLK (DFFSSRX1_HVT)
                                                          0.00 #     0.00 r
  symbol_mapper_to_ppdu/u_form_ppdu/reg_data_q_reg[7]/Q (DFFSSRX1_HVT)
                                                          1.08       1.08 f
  symbol_mapper_to_ppdu/u_form_ppdu/reg_data_q_reg[8]/D (DFFSSRX1_HVT)
                                                          0.00       1.08 f
  data arrival time                                                  1.08

  clock clk (rise edge)                                   0.00       0.00
  clock network delay (ideal)                             0.00       0.00
  clock uncertainty                                       0.62       0.62
  symbol_mapper_to_ppdu/u_form_ppdu/reg_data_q_reg[8]/CLK (DFFSSRX1_HVT)
                                                          0.00       0.62 r
  library hold time                                      -0.17       0.46
  data required time                                                 0.46
  --------------------------------------------------------------------------
  data required time                                                 0.46
  data arrival time                                                 -1.08
  --------------------------------------------------------------------------
  slack (MET)                                                        0.63


  Startpoint: symbol_mapper_to_ppdu/u_form_ppdu/reg_data_q_reg[8]
              (rising edge-triggered flip-flop clocked by clk)
  Endpoint: symbol_mapper_to_ppdu/u_form_ppdu/reg_data_q_reg[9]
            (rising edge-triggered flip-flop clocked by clk)
  Path Group: clk
  Path Type: min

  Des/Clust/Port     Wire Load Model       Library
  ------------------------------------------------
  zigbee             140000                saed32hvt_ss0p75vn40c
  form_ppdu_46       8000                  saed32hvt_ss0p75vn40c

  Point                                                   Incr       Path
  --------------------------------------------------------------------------
  clock clk (rise edge)                                   0.00       0.00
  clock network delay (ideal)                             0.00       0.00
  symbol_mapper_to_ppdu/u_form_ppdu/reg_data_q_reg[8]/CLK (DFFSSRX1_HVT)
                                                          0.00 #     0.00 r
  symbol_mapper_to_ppdu/u_form_ppdu/reg_data_q_reg[8]/Q (DFFSSRX1_HVT)
                                                          1.08       1.08 f
  symbol_mapper_to_ppdu/u_form_ppdu/reg_data_q_reg[9]/D (DFFSSRX1_HVT)
                                                          0.00       1.08 f
  data arrival time                                                  1.08

  clock clk (rise edge)                                   0.00       0.00
  clock network delay (ideal)                             0.00       0.00
  clock uncertainty                                       0.62       0.62
  symbol_mapper_to_ppdu/u_form_ppdu/reg_data_q_reg[9]/CLK (DFFSSRX1_HVT)
                                                          0.00       0.62 r
  library hold time                                      -0.17       0.46
  data required time                                                 0.46
  --------------------------------------------------------------------------
  data required time                                                 0.46
  data arrival time                                                 -1.08
  --------------------------------------------------------------------------
  slack (MET)                                                        0.63


  Startpoint: symbol_mapper_to_ppdu/u_form_ppdu/reg_data_q_reg[9]
              (rising edge-triggered flip-flop clocked by clk)
  Endpoint: symbol_mapper_to_ppdu/u_form_ppdu/reg_data_q_reg[10]
            (rising edge-triggered flip-flop clocked by clk)
  Path Group: clk
  Path Type: min

  Des/Clust/Port     Wire Load Model       Library
  ------------------------------------------------
  zigbee             140000                saed32hvt_ss0p75vn40c
  form_ppdu_46       8000                  saed32hvt_ss0p75vn40c

  Point                                                   Incr       Path
  --------------------------------------------------------------------------
  clock clk (rise edge)                                   0.00       0.00
  clock network delay (ideal)                             0.00       0.00
  symbol_mapper_to_ppdu/u_form_ppdu/reg_data_q_reg[9]/CLK (DFFSSRX1_HVT)
                                                          0.00 #     0.00 r
  symbol_mapper_to_ppdu/u_form_ppdu/reg_data_q_reg[9]/Q (DFFSSRX1_HVT)
                                                          1.08       1.08 f
  symbol_mapper_to_ppdu/u_form_ppdu/reg_data_q_reg[10]/D (DFFSSRX1_HVT)
                                                          0.00       1.08 f
  data arrival time                                                  1.08

  clock clk (rise edge)                                   0.00       0.00
  clock network delay (ideal)                             0.00       0.00
  clock uncertainty                                       0.62       0.62
  symbol_mapper_to_ppdu/u_form_ppdu/reg_data_q_reg[10]/CLK (DFFSSRX1_HVT)
                                                          0.00       0.62 r
  library hold time                                      -0.17       0.46
  data required time                                                 0.46
  --------------------------------------------------------------------------
  data required time                                                 0.46
  data arrival time                                                 -1.08
  --------------------------------------------------------------------------
  slack (MET)                                                        0.63


  Startpoint: symbol_mapper_to_ppdu/u_form_ppdu/reg_data_q_reg[10]
              (rising edge-triggered flip-flop clocked by clk)
  Endpoint: symbol_mapper_to_ppdu/u_form_ppdu/reg_data_q_reg[11]
            (rising edge-triggered flip-flop clocked by clk)
  Path Group: clk
  Path Type: min

  Des/Clust/Port     Wire Load Model       Library
  ------------------------------------------------
  zigbee             140000                saed32hvt_ss0p75vn40c
  form_ppdu_46       8000                  saed32hvt_ss0p75vn40c

  Point                                                   Incr       Path
  --------------------------------------------------------------------------
  clock clk (rise edge)                                   0.00       0.00
  clock network delay (ideal)                             0.00       0.00
  symbol_mapper_to_ppdu/u_form_ppdu/reg_data_q_reg[10]/CLK (DFFSSRX1_HVT)
                                                          0.00 #     0.00 r
  symbol_mapper_to_ppdu/u_form_ppdu/reg_data_q_reg[10]/Q (DFFSSRX1_HVT)
                                                          1.08       1.08 f
  symbol_mapper_to_ppdu/u_form_ppdu/reg_data_q_reg[11]/D (DFFSSRX1_HVT)
                                                          0.00       1.08 f
  data arrival time                                                  1.08

  clock clk (rise edge)                                   0.00       0.00
  clock network delay (ideal)                             0.00       0.00
  clock uncertainty                                       0.62       0.62
  symbol_mapper_to_ppdu/u_form_ppdu/reg_data_q_reg[11]/CLK (DFFSSRX1_HVT)
                                                          0.00       0.62 r
  library hold time                                      -0.17       0.46
  data required time                                                 0.46
  --------------------------------------------------------------------------
  data required time                                                 0.46
  data arrival time                                                 -1.08
  --------------------------------------------------------------------------
  slack (MET)                                                        0.63


  Startpoint: symbol_mapper_to_ppdu/u_form_ppdu/reg_data_q_reg[11]
              (rising edge-triggered flip-flop clocked by clk)
  Endpoint: symbol_mapper_to_ppdu/u_form_ppdu/reg_data_q_reg[12]
            (rising edge-triggered flip-flop clocked by clk)
  Path Group: clk
  Path Type: min

  Des/Clust/Port     Wire Load Model       Library
  ------------------------------------------------
  zigbee             140000                saed32hvt_ss0p75vn40c
  form_ppdu_46       8000                  saed32hvt_ss0p75vn40c

  Point                                                   Incr       Path
  --------------------------------------------------------------------------
  clock clk (rise edge)                                   0.00       0.00
  clock network delay (ideal)                             0.00       0.00
  symbol_mapper_to_ppdu/u_form_ppdu/reg_data_q_reg[11]/CLK (DFFSSRX1_HVT)
                                                          0.00 #     0.00 r
  symbol_mapper_to_ppdu/u_form_ppdu/reg_data_q_reg[11]/Q (DFFSSRX1_HVT)
                                                          1.08       1.08 f
  symbol_mapper_to_ppdu/u_form_ppdu/reg_data_q_reg[12]/D (DFFSSRX1_HVT)
                                                          0.00       1.08 f
  data arrival time                                                  1.08

  clock clk (rise edge)                                   0.00       0.00
  clock network delay (ideal)                             0.00       0.00
  clock uncertainty                                       0.62       0.62
  symbol_mapper_to_ppdu/u_form_ppdu/reg_data_q_reg[12]/CLK (DFFSSRX1_HVT)
                                                          0.00       0.62 r
  library hold time                                      -0.17       0.46
  data required time                                                 0.46
  --------------------------------------------------------------------------
  data required time                                                 0.46
  data arrival time                                                 -1.08
  --------------------------------------------------------------------------
  slack (MET)                                                        0.63


  Startpoint: symbol_mapper_to_ppdu/u_form_ppdu/reg_data_q_reg[12]
              (rising edge-triggered flip-flop clocked by clk)
  Endpoint: symbol_mapper_to_ppdu/u_form_ppdu/reg_data_q_reg[13]
            (rising edge-triggered flip-flop clocked by clk)
  Path Group: clk
  Path Type: min

  Des/Clust/Port     Wire Load Model       Library
  ------------------------------------------------
  zigbee             140000                saed32hvt_ss0p75vn40c
  form_ppdu_46       8000                  saed32hvt_ss0p75vn40c

  Point                                                   Incr       Path
  --------------------------------------------------------------------------
  clock clk (rise edge)                                   0.00       0.00
  clock network delay (ideal)                             0.00       0.00
  symbol_mapper_to_ppdu/u_form_ppdu/reg_data_q_reg[12]/CLK (DFFSSRX1_HVT)
                                                          0.00 #     0.00 r
  symbol_mapper_to_ppdu/u_form_ppdu/reg_data_q_reg[12]/Q (DFFSSRX1_HVT)
                                                          1.08       1.08 f
  symbol_mapper_to_ppdu/u_form_ppdu/reg_data_q_reg[13]/D (DFFSSRX1_HVT)
                                                          0.00       1.08 f
  data arrival time                                                  1.08

  clock clk (rise edge)                                   0.00       0.00
  clock network delay (ideal)                             0.00       0.00
  clock uncertainty                                       0.62       0.62
  symbol_mapper_to_ppdu/u_form_ppdu/reg_data_q_reg[13]/CLK (DFFSSRX1_HVT)
                                                          0.00       0.62 r
  library hold time                                      -0.17       0.46
  data required time                                                 0.46
  --------------------------------------------------------------------------
  data required time                                                 0.46
  data arrival time                                                 -1.08
  --------------------------------------------------------------------------
  slack (MET)                                                        0.63


  Startpoint: symbol_mapper_to_ppdu/u_form_ppdu/reg_data_q_reg[13]
              (rising edge-triggered flip-flop clocked by clk)
  Endpoint: symbol_mapper_to_ppdu/u_form_ppdu/reg_data_q_reg[14]
            (rising edge-triggered flip-flop clocked by clk)
  Path Group: clk
  Path Type: min

  Des/Clust/Port     Wire Load Model       Library
  ------------------------------------------------
  zigbee             140000                saed32hvt_ss0p75vn40c
  form_ppdu_46       8000                  saed32hvt_ss0p75vn40c

  Point                                                   Incr       Path
  --------------------------------------------------------------------------
  clock clk (rise edge)                                   0.00       0.00
  clock network delay (ideal)                             0.00       0.00
  symbol_mapper_to_ppdu/u_form_ppdu/reg_data_q_reg[13]/CLK (DFFSSRX1_HVT)
                                                          0.00 #     0.00 r
  symbol_mapper_to_ppdu/u_form_ppdu/reg_data_q_reg[13]/Q (DFFSSRX1_HVT)
                                                          1.08       1.08 f
  symbol_mapper_to_ppdu/u_form_ppdu/reg_data_q_reg[14]/D (DFFSSRX1_HVT)
                                                          0.00       1.08 f
  data arrival time                                                  1.08

  clock clk (rise edge)                                   0.00       0.00
  clock network delay (ideal)                             0.00       0.00
  clock uncertainty                                       0.62       0.62
  symbol_mapper_to_ppdu/u_form_ppdu/reg_data_q_reg[14]/CLK (DFFSSRX1_HVT)
                                                          0.00       0.62 r
  library hold time                                      -0.17       0.46
  data required time                                                 0.46
  --------------------------------------------------------------------------
  data required time                                                 0.46
  data arrival time                                                 -1.08
  --------------------------------------------------------------------------
  slack (MET)                                                        0.63


  Startpoint: symbol_mapper_to_ppdu/u_form_ppdu/reg_data_q_reg[14]
              (rising edge-triggered flip-flop clocked by clk)
  Endpoint: symbol_mapper_to_ppdu/u_form_ppdu/reg_data_q_reg[15]
            (rising edge-triggered flip-flop clocked by clk)
  Path Group: clk
  Path Type: min

  Des/Clust/Port     Wire Load Model       Library
  ------------------------------------------------
  zigbee             140000                saed32hvt_ss0p75vn40c
  form_ppdu_46       8000                  saed32hvt_ss0p75vn40c

  Point                                                   Incr       Path
  --------------------------------------------------------------------------
  clock clk (rise edge)                                   0.00       0.00
  clock network delay (ideal)                             0.00       0.00
  symbol_mapper_to_ppdu/u_form_ppdu/reg_data_q_reg[14]/CLK (DFFSSRX1_HVT)
                                                          0.00 #     0.00 r
  symbol_mapper_to_ppdu/u_form_ppdu/reg_data_q_reg[14]/Q (DFFSSRX1_HVT)
                                                          1.08       1.08 f
  symbol_mapper_to_ppdu/u_form_ppdu/reg_data_q_reg[15]/D (DFFSSRX1_HVT)
                                                          0.00       1.08 f
  data arrival time                                                  1.08

  clock clk (rise edge)                                   0.00       0.00
  clock network delay (ideal)                             0.00       0.00
  clock uncertainty                                       0.62       0.62
  symbol_mapper_to_ppdu/u_form_ppdu/reg_data_q_reg[15]/CLK (DFFSSRX1_HVT)
                                                          0.00       0.62 r
  library hold time                                      -0.17       0.46
  data required time                                                 0.46
  --------------------------------------------------------------------------
  data required time                                                 0.46
  data arrival time                                                 -1.08
  --------------------------------------------------------------------------
  slack (MET)                                                        0.63


  Startpoint: symbol_mapper_to_ppdu/u_form_ppdu/reg_data_q_reg[15]
              (rising edge-triggered flip-flop clocked by clk)
  Endpoint: symbol_mapper_to_ppdu/u_form_ppdu/reg_data_q_reg[16]
            (rising edge-triggered flip-flop clocked by clk)
  Path Group: clk
  Path Type: min

  Des/Clust/Port     Wire Load Model       Library
  ------------------------------------------------
  zigbee             140000                saed32hvt_ss0p75vn40c
  form_ppdu_46       8000                  saed32hvt_ss0p75vn40c

  Point                                                   Incr       Path
  --------------------------------------------------------------------------
  clock clk (rise edge)                                   0.00       0.00
  clock network delay (ideal)                             0.00       0.00
  symbol_mapper_to_ppdu/u_form_ppdu/reg_data_q_reg[15]/CLK (DFFSSRX1_HVT)
                                                          0.00 #     0.00 r
  symbol_mapper_to_ppdu/u_form_ppdu/reg_data_q_reg[15]/Q (DFFSSRX1_HVT)
                                                          1.08       1.08 f
  symbol_mapper_to_ppdu/u_form_ppdu/reg_data_q_reg[16]/D (DFFSSRX1_HVT)
                                                          0.00       1.08 f
  data arrival time                                                  1.08

  clock clk (rise edge)                                   0.00       0.00
  clock network delay (ideal)                             0.00       0.00
  clock uncertainty                                       0.62       0.62
  symbol_mapper_to_ppdu/u_form_ppdu/reg_data_q_reg[16]/CLK (DFFSSRX1_HVT)
                                                          0.00       0.62 r
  library hold time                                      -0.17       0.46
  data required time                                                 0.46
  --------------------------------------------------------------------------
  data required time                                                 0.46
  data arrival time                                                 -1.08
  --------------------------------------------------------------------------
  slack (MET)                                                        0.63


  Startpoint: symbol_mapper_to_ppdu/u_form_ppdu/reg_data_q_reg[16]
              (rising edge-triggered flip-flop clocked by clk)
  Endpoint: symbol_mapper_to_ppdu/u_form_ppdu/reg_data_q_reg[17]
            (rising edge-triggered flip-flop clocked by clk)
  Path Group: clk
  Path Type: min

  Des/Clust/Port     Wire Load Model       Library
  ------------------------------------------------
  zigbee             140000                saed32hvt_ss0p75vn40c
  form_ppdu_46       8000                  saed32hvt_ss0p75vn40c

  Point                                                   Incr       Path
  --------------------------------------------------------------------------
  clock clk (rise edge)                                   0.00       0.00
  clock network delay (ideal)                             0.00       0.00
  symbol_mapper_to_ppdu/u_form_ppdu/reg_data_q_reg[16]/CLK (DFFSSRX1_HVT)
                                                          0.00 #     0.00 r
  symbol_mapper_to_ppdu/u_form_ppdu/reg_data_q_reg[16]/Q (DFFSSRX1_HVT)
                                                          1.08       1.08 f
  symbol_mapper_to_ppdu/u_form_ppdu/reg_data_q_reg[17]/D (DFFSSRX1_HVT)
                                                          0.00       1.08 f
  data arrival time                                                  1.08

  clock clk (rise edge)                                   0.00       0.00
  clock network delay (ideal)                             0.00       0.00
  clock uncertainty                                       0.62       0.62
  symbol_mapper_to_ppdu/u_form_ppdu/reg_data_q_reg[17]/CLK (DFFSSRX1_HVT)
                                                          0.00       0.62 r
  library hold time                                      -0.17       0.46
  data required time                                                 0.46
  --------------------------------------------------------------------------
  data required time                                                 0.46
  data arrival time                                                 -1.08
  --------------------------------------------------------------------------
  slack (MET)                                                        0.63


  Startpoint: symbol_mapper_to_ppdu/u_form_ppdu/reg_data_q_reg[17]
              (rising edge-triggered flip-flop clocked by clk)
  Endpoint: symbol_mapper_to_ppdu/u_form_ppdu/reg_data_q_reg[18]
            (rising edge-triggered flip-flop clocked by clk)
  Path Group: clk
  Path Type: min

  Des/Clust/Port     Wire Load Model       Library
  ------------------------------------------------
  zigbee             140000                saed32hvt_ss0p75vn40c
  form_ppdu_46       8000                  saed32hvt_ss0p75vn40c

  Point                                                   Incr       Path
  --------------------------------------------------------------------------
  clock clk (rise edge)                                   0.00       0.00
  clock network delay (ideal)                             0.00       0.00
  symbol_mapper_to_ppdu/u_form_ppdu/reg_data_q_reg[17]/CLK (DFFSSRX1_HVT)
                                                          0.00 #     0.00 r
  symbol_mapper_to_ppdu/u_form_ppdu/reg_data_q_reg[17]/Q (DFFSSRX1_HVT)
                                                          1.08       1.08 f
  symbol_mapper_to_ppdu/u_form_ppdu/reg_data_q_reg[18]/D (DFFSSRX1_HVT)
                                                          0.00       1.08 f
  data arrival time                                                  1.08

  clock clk (rise edge)                                   0.00       0.00
  clock network delay (ideal)                             0.00       0.00
  clock uncertainty                                       0.62       0.62
  symbol_mapper_to_ppdu/u_form_ppdu/reg_data_q_reg[18]/CLK (DFFSSRX1_HVT)
                                                          0.00       0.62 r
  library hold time                                      -0.17       0.46
  data required time                                                 0.46
  --------------------------------------------------------------------------
  data required time                                                 0.46
  data arrival time                                                 -1.08
  --------------------------------------------------------------------------
  slack (MET)                                                        0.63


  Startpoint: symbol_mapper_to_ppdu/u_form_ppdu/reg_data_q_reg[18]
              (rising edge-triggered flip-flop clocked by clk)
  Endpoint: symbol_mapper_to_ppdu/u_form_ppdu/reg_data_q_reg[19]
            (rising edge-triggered flip-flop clocked by clk)
  Path Group: clk
  Path Type: min

  Des/Clust/Port     Wire Load Model       Library
  ------------------------------------------------
  zigbee             140000                saed32hvt_ss0p75vn40c
  form_ppdu_46       8000                  saed32hvt_ss0p75vn40c

  Point                                                   Incr       Path
  --------------------------------------------------------------------------
  clock clk (rise edge)                                   0.00       0.00
  clock network delay (ideal)                             0.00       0.00
  symbol_mapper_to_ppdu/u_form_ppdu/reg_data_q_reg[18]/CLK (DFFSSRX1_HVT)
                                                          0.00 #     0.00 r
  symbol_mapper_to_ppdu/u_form_ppdu/reg_data_q_reg[18]/Q (DFFSSRX1_HVT)
                                                          1.08       1.08 f
  symbol_mapper_to_ppdu/u_form_ppdu/reg_data_q_reg[19]/D (DFFSSRX1_HVT)
                                                          0.00       1.08 f
  data arrival time                                                  1.08

  clock clk (rise edge)                                   0.00       0.00
  clock network delay (ideal)                             0.00       0.00
  clock uncertainty                                       0.62       0.62
  symbol_mapper_to_ppdu/u_form_ppdu/reg_data_q_reg[19]/CLK (DFFSSRX1_HVT)
                                                          0.00       0.62 r
  library hold time                                      -0.17       0.46
  data required time                                                 0.46
  --------------------------------------------------------------------------
  data required time                                                 0.46
  data arrival time                                                 -1.08
  --------------------------------------------------------------------------
  slack (MET)                                                        0.63


  Startpoint: symbol_mapper_to_ppdu/u_form_ppdu/reg_data_q_reg[19]
              (rising edge-triggered flip-flop clocked by clk)
  Endpoint: symbol_mapper_to_ppdu/u_form_ppdu/reg_data_q_reg[20]
            (rising edge-triggered flip-flop clocked by clk)
  Path Group: clk
  Path Type: min

  Des/Clust/Port     Wire Load Model       Library
  ------------------------------------------------
  zigbee             140000                saed32hvt_ss0p75vn40c
  form_ppdu_46       8000                  saed32hvt_ss0p75vn40c

  Point                                                   Incr       Path
  --------------------------------------------------------------------------
  clock clk (rise edge)                                   0.00       0.00
  clock network delay (ideal)                             0.00       0.00
  symbol_mapper_to_ppdu/u_form_ppdu/reg_data_q_reg[19]/CLK (DFFSSRX1_HVT)
                                                          0.00 #     0.00 r
  symbol_mapper_to_ppdu/u_form_ppdu/reg_data_q_reg[19]/Q (DFFSSRX1_HVT)
                                                          1.08       1.08 f
  symbol_mapper_to_ppdu/u_form_ppdu/reg_data_q_reg[20]/D (DFFSSRX1_HVT)
                                                          0.00       1.08 f
  data arrival time                                                  1.08

  clock clk (rise edge)                                   0.00       0.00
  clock network delay (ideal)                             0.00       0.00
  clock uncertainty                                       0.62       0.62
  symbol_mapper_to_ppdu/u_form_ppdu/reg_data_q_reg[20]/CLK (DFFSSRX1_HVT)
                                                          0.00       0.62 r
  library hold time                                      -0.17       0.46
  data required time                                                 0.46
  --------------------------------------------------------------------------
  data required time                                                 0.46
  data arrival time                                                 -1.08
  --------------------------------------------------------------------------
  slack (MET)                                                        0.63


  Startpoint: symbol_mapper_to_ppdu/u_form_ppdu/reg_data_q_reg[20]
              (rising edge-triggered flip-flop clocked by clk)
  Endpoint: symbol_mapper_to_ppdu/u_form_ppdu/reg_data_q_reg[21]
            (rising edge-triggered flip-flop clocked by clk)
  Path Group: clk
  Path Type: min

  Des/Clust/Port     Wire Load Model       Library
  ------------------------------------------------
  zigbee             140000                saed32hvt_ss0p75vn40c
  form_ppdu_46       8000                  saed32hvt_ss0p75vn40c

  Point                                                   Incr       Path
  --------------------------------------------------------------------------
  clock clk (rise edge)                                   0.00       0.00
  clock network delay (ideal)                             0.00       0.00
  symbol_mapper_to_ppdu/u_form_ppdu/reg_data_q_reg[20]/CLK (DFFSSRX1_HVT)
                                                          0.00 #     0.00 r
  symbol_mapper_to_ppdu/u_form_ppdu/reg_data_q_reg[20]/Q (DFFSSRX1_HVT)
                                                          1.08       1.08 f
  symbol_mapper_to_ppdu/u_form_ppdu/reg_data_q_reg[21]/D (DFFSSRX1_HVT)
                                                          0.00       1.08 f
  data arrival time                                                  1.08

  clock clk (rise edge)                                   0.00       0.00
  clock network delay (ideal)                             0.00       0.00
  clock uncertainty                                       0.62       0.62
  symbol_mapper_to_ppdu/u_form_ppdu/reg_data_q_reg[21]/CLK (DFFSSRX1_HVT)
                                                          0.00       0.62 r
  library hold time                                      -0.17       0.46
  data required time                                                 0.46
  --------------------------------------------------------------------------
  data required time                                                 0.46
  data arrival time                                                 -1.08
  --------------------------------------------------------------------------
  slack (MET)                                                        0.63


  Startpoint: symbol_mapper_to_ppdu/u_form_ppdu/reg_data_q_reg[21]
              (rising edge-triggered flip-flop clocked by clk)
  Endpoint: symbol_mapper_to_ppdu/u_form_ppdu/reg_data_q_reg[22]
            (rising edge-triggered flip-flop clocked by clk)
  Path Group: clk
  Path Type: min

  Des/Clust/Port     Wire Load Model       Library
  ------------------------------------------------
  zigbee             140000                saed32hvt_ss0p75vn40c
  form_ppdu_46       8000                  saed32hvt_ss0p75vn40c

  Point                                                   Incr       Path
  --------------------------------------------------------------------------
  clock clk (rise edge)                                   0.00       0.00
  clock network delay (ideal)                             0.00       0.00
  symbol_mapper_to_ppdu/u_form_ppdu/reg_data_q_reg[21]/CLK (DFFSSRX1_HVT)
                                                          0.00 #     0.00 r
  symbol_mapper_to_ppdu/u_form_ppdu/reg_data_q_reg[21]/Q (DFFSSRX1_HVT)
                                                          1.08       1.08 f
  symbol_mapper_to_ppdu/u_form_ppdu/reg_data_q_reg[22]/D (DFFSSRX1_HVT)
                                                          0.00       1.08 f
  data arrival time                                                  1.08

  clock clk (rise edge)                                   0.00       0.00
  clock network delay (ideal)                             0.00       0.00
  clock uncertainty                                       0.62       0.62
  symbol_mapper_to_ppdu/u_form_ppdu/reg_data_q_reg[22]/CLK (DFFSSRX1_HVT)
                                                          0.00       0.62 r
  library hold time                                      -0.17       0.46
  data required time                                                 0.46
  --------------------------------------------------------------------------
  data required time                                                 0.46
  data arrival time                                                 -1.08
  --------------------------------------------------------------------------
  slack (MET)                                                        0.63


  Startpoint: symbol_mapper_to_ppdu/u_form_ppdu/reg_data_q_reg[22]
              (rising edge-triggered flip-flop clocked by clk)
  Endpoint: symbol_mapper_to_ppdu/u_form_ppdu/reg_data_q_reg[23]
            (rising edge-triggered flip-flop clocked by clk)
  Path Group: clk
  Path Type: min

  Des/Clust/Port     Wire Load Model       Library
  ------------------------------------------------
  zigbee             140000                saed32hvt_ss0p75vn40c
  form_ppdu_46       8000                  saed32hvt_ss0p75vn40c

  Point                                                   Incr       Path
  --------------------------------------------------------------------------
  clock clk (rise edge)                                   0.00       0.00
  clock network delay (ideal)                             0.00       0.00
  symbol_mapper_to_ppdu/u_form_ppdu/reg_data_q_reg[22]/CLK (DFFSSRX1_HVT)
                                                          0.00 #     0.00 r
  symbol_mapper_to_ppdu/u_form_ppdu/reg_data_q_reg[22]/Q (DFFSSRX1_HVT)
                                                          1.08       1.08 f
  symbol_mapper_to_ppdu/u_form_ppdu/reg_data_q_reg[23]/D (DFFSSRX1_HVT)
                                                          0.00       1.08 f
  data arrival time                                                  1.08

  clock clk (rise edge)                                   0.00       0.00
  clock network delay (ideal)                             0.00       0.00
  clock uncertainty                                       0.62       0.62
  symbol_mapper_to_ppdu/u_form_ppdu/reg_data_q_reg[23]/CLK (DFFSSRX1_HVT)
                                                          0.00       0.62 r
  library hold time                                      -0.17       0.46
  data required time                                                 0.46
  --------------------------------------------------------------------------
  data required time                                                 0.46
  data arrival time                                                 -1.08
  --------------------------------------------------------------------------
  slack (MET)                                                        0.63


  Startpoint: symbol_mapper_to_ppdu/u_form_ppdu/reg_data_q_reg[23]
              (rising edge-triggered flip-flop clocked by clk)
  Endpoint: symbol_mapper_to_ppdu/u_form_ppdu/reg_data_q_reg[24]
            (rising edge-triggered flip-flop clocked by clk)
  Path Group: clk
  Path Type: min

  Des/Clust/Port     Wire Load Model       Library
  ------------------------------------------------
  zigbee             140000                saed32hvt_ss0p75vn40c
  form_ppdu_46       8000                  saed32hvt_ss0p75vn40c

  Point                                                   Incr       Path
  --------------------------------------------------------------------------
  clock clk (rise edge)                                   0.00       0.00
  clock network delay (ideal)                             0.00       0.00
  symbol_mapper_to_ppdu/u_form_ppdu/reg_data_q_reg[23]/CLK (DFFSSRX1_HVT)
                                                          0.00 #     0.00 r
  symbol_mapper_to_ppdu/u_form_ppdu/reg_data_q_reg[23]/Q (DFFSSRX1_HVT)
                                                          1.08       1.08 f
  symbol_mapper_to_ppdu/u_form_ppdu/reg_data_q_reg[24]/D (DFFSSRX1_HVT)
                                                          0.00       1.08 f
  data arrival time                                                  1.08

  clock clk (rise edge)                                   0.00       0.00
  clock network delay (ideal)                             0.00       0.00
  clock uncertainty                                       0.62       0.62
  symbol_mapper_to_ppdu/u_form_ppdu/reg_data_q_reg[24]/CLK (DFFSSRX1_HVT)
                                                          0.00       0.62 r
  library hold time                                      -0.17       0.46
  data required time                                                 0.46
  --------------------------------------------------------------------------
  data required time                                                 0.46
  data arrival time                                                 -1.08
  --------------------------------------------------------------------------
  slack (MET)                                                        0.63


  Startpoint: symbol_mapper_to_ppdu/u_form_ppdu/reg_data_q_reg[24]
              (rising edge-triggered flip-flop clocked by clk)
  Endpoint: symbol_mapper_to_ppdu/u_form_ppdu/reg_data_q_reg[25]
            (rising edge-triggered flip-flop clocked by clk)
  Path Group: clk
  Path Type: min

  Des/Clust/Port     Wire Load Model       Library
  ------------------------------------------------
  zigbee             140000                saed32hvt_ss0p75vn40c
  form_ppdu_46       8000                  saed32hvt_ss0p75vn40c

  Point                                                   Incr       Path
  --------------------------------------------------------------------------
  clock clk (rise edge)                                   0.00       0.00
  clock network delay (ideal)                             0.00       0.00
  symbol_mapper_to_ppdu/u_form_ppdu/reg_data_q_reg[24]/CLK (DFFSSRX1_HVT)
                                                          0.00 #     0.00 r
  symbol_mapper_to_ppdu/u_form_ppdu/reg_data_q_reg[24]/Q (DFFSSRX1_HVT)
                                                          1.08       1.08 f
  symbol_mapper_to_ppdu/u_form_ppdu/reg_data_q_reg[25]/D (DFFSSRX1_HVT)
                                                          0.00       1.08 f
  data arrival time                                                  1.08

  clock clk (rise edge)                                   0.00       0.00
  clock network delay (ideal)                             0.00       0.00
  clock uncertainty                                       0.62       0.62
  symbol_mapper_to_ppdu/u_form_ppdu/reg_data_q_reg[25]/CLK (DFFSSRX1_HVT)
                                                          0.00       0.62 r
  library hold time                                      -0.17       0.46
  data required time                                                 0.46
  --------------------------------------------------------------------------
  data required time                                                 0.46
  data arrival time                                                 -1.08
  --------------------------------------------------------------------------
  slack (MET)                                                        0.63


  Startpoint: symbol_mapper_to_ppdu/u_form_ppdu/reg_data_q_reg[25]
              (rising edge-triggered flip-flop clocked by clk)
  Endpoint: symbol_mapper_to_ppdu/u_form_ppdu/reg_data_q_reg[26]
            (rising edge-triggered flip-flop clocked by clk)
  Path Group: clk
  Path Type: min

  Des/Clust/Port     Wire Load Model       Library
  ------------------------------------------------
  zigbee             140000                saed32hvt_ss0p75vn40c
  form_ppdu_46       8000                  saed32hvt_ss0p75vn40c

  Point                                                   Incr       Path
  --------------------------------------------------------------------------
  clock clk (rise edge)                                   0.00       0.00
  clock network delay (ideal)                             0.00       0.00
  symbol_mapper_to_ppdu/u_form_ppdu/reg_data_q_reg[25]/CLK (DFFSSRX1_HVT)
                                                          0.00 #     0.00 r
  symbol_mapper_to_ppdu/u_form_ppdu/reg_data_q_reg[25]/Q (DFFSSRX1_HVT)
                                                          1.08       1.08 f
  symbol_mapper_to_ppdu/u_form_ppdu/reg_data_q_reg[26]/D (DFFSSRX1_HVT)
                                                          0.00       1.08 f
  data arrival time                                                  1.08

  clock clk (rise edge)                                   0.00       0.00
  clock network delay (ideal)                             0.00       0.00
  clock uncertainty                                       0.62       0.62
  symbol_mapper_to_ppdu/u_form_ppdu/reg_data_q_reg[26]/CLK (DFFSSRX1_HVT)
                                                          0.00       0.62 r
  library hold time                                      -0.17       0.46
  data required time                                                 0.46
  --------------------------------------------------------------------------
  data required time                                                 0.46
  data arrival time                                                 -1.08
  --------------------------------------------------------------------------
  slack (MET)                                                        0.63


  Startpoint: symbol_mapper_to_ppdu/u_form_ppdu/reg_data_q_reg[26]
              (rising edge-triggered flip-flop clocked by clk)
  Endpoint: symbol_mapper_to_ppdu/u_form_ppdu/reg_data_q_reg[27]
            (rising edge-triggered flip-flop clocked by clk)
  Path Group: clk
  Path Type: min

  Des/Clust/Port     Wire Load Model       Library
  ------------------------------------------------
  zigbee             140000                saed32hvt_ss0p75vn40c
  form_ppdu_46       8000                  saed32hvt_ss0p75vn40c

  Point                                                   Incr       Path
  --------------------------------------------------------------------------
  clock clk (rise edge)                                   0.00       0.00
  clock network delay (ideal)                             0.00       0.00
  symbol_mapper_to_ppdu/u_form_ppdu/reg_data_q_reg[26]/CLK (DFFSSRX1_HVT)
                                                          0.00 #     0.00 r
  symbol_mapper_to_ppdu/u_form_ppdu/reg_data_q_reg[26]/Q (DFFSSRX1_HVT)
                                                          1.08       1.08 f
  symbol_mapper_to_ppdu/u_form_ppdu/reg_data_q_reg[27]/D (DFFSSRX1_HVT)
                                                          0.00       1.08 f
  data arrival time                                                  1.08

  clock clk (rise edge)                                   0.00       0.00
  clock network delay (ideal)                             0.00       0.00
  clock uncertainty                                       0.62       0.62
  symbol_mapper_to_ppdu/u_form_ppdu/reg_data_q_reg[27]/CLK (DFFSSRX1_HVT)
                                                          0.00       0.62 r
  library hold time                                      -0.17       0.46
  data required time                                                 0.46
  --------------------------------------------------------------------------
  data required time                                                 0.46
  data arrival time                                                 -1.08
  --------------------------------------------------------------------------
  slack (MET)                                                        0.63


  Startpoint: symbol_mapper_to_ppdu/u_form_ppdu/reg_data_q_reg[27]
              (rising edge-triggered flip-flop clocked by clk)
  Endpoint: symbol_mapper_to_ppdu/u_form_ppdu/reg_data_q_reg[28]
            (rising edge-triggered flip-flop clocked by clk)
  Path Group: clk
  Path Type: min

  Des/Clust/Port     Wire Load Model       Library
  ------------------------------------------------
  zigbee             140000                saed32hvt_ss0p75vn40c
  form_ppdu_46       8000                  saed32hvt_ss0p75vn40c

  Point                                                   Incr       Path
  --------------------------------------------------------------------------
  clock clk (rise edge)                                   0.00       0.00
  clock network delay (ideal)                             0.00       0.00
  symbol_mapper_to_ppdu/u_form_ppdu/reg_data_q_reg[27]/CLK (DFFSSRX1_HVT)
                                                          0.00 #     0.00 r
  symbol_mapper_to_ppdu/u_form_ppdu/reg_data_q_reg[27]/Q (DFFSSRX1_HVT)
                                                          1.08       1.08 f
  symbol_mapper_to_ppdu/u_form_ppdu/reg_data_q_reg[28]/D (DFFSSRX1_HVT)
                                                          0.00       1.08 f
  data arrival time                                                  1.08

  clock clk (rise edge)                                   0.00       0.00
  clock network delay (ideal)                             0.00       0.00
  clock uncertainty                                       0.62       0.62
  symbol_mapper_to_ppdu/u_form_ppdu/reg_data_q_reg[28]/CLK (DFFSSRX1_HVT)
                                                          0.00       0.62 r
  library hold time                                      -0.17       0.46
  data required time                                                 0.46
  --------------------------------------------------------------------------
  data required time                                                 0.46
  data arrival time                                                 -1.08
  --------------------------------------------------------------------------
  slack (MET)                                                        0.63


  Startpoint: symbol_mapper_to_ppdu/u_form_ppdu/reg_data_q_reg[28]
              (rising edge-triggered flip-flop clocked by clk)
  Endpoint: symbol_mapper_to_ppdu/u_form_ppdu/reg_data_q_reg[29]
            (rising edge-triggered flip-flop clocked by clk)
  Path Group: clk
  Path Type: min

  Des/Clust/Port     Wire Load Model       Library
  ------------------------------------------------
  zigbee             140000                saed32hvt_ss0p75vn40c
  form_ppdu_46       8000                  saed32hvt_ss0p75vn40c

  Point                                                   Incr       Path
  --------------------------------------------------------------------------
  clock clk (rise edge)                                   0.00       0.00
  clock network delay (ideal)                             0.00       0.00
  symbol_mapper_to_ppdu/u_form_ppdu/reg_data_q_reg[28]/CLK (DFFSSRX1_HVT)
                                                          0.00 #     0.00 r
  symbol_mapper_to_ppdu/u_form_ppdu/reg_data_q_reg[28]/Q (DFFSSRX1_HVT)
                                                          1.08       1.08 f
  symbol_mapper_to_ppdu/u_form_ppdu/reg_data_q_reg[29]/D (DFFSSRX1_HVT)
                                                          0.00       1.08 f
  data arrival time                                                  1.08

  clock clk (rise edge)                                   0.00       0.00
  clock network delay (ideal)                             0.00       0.00
  clock uncertainty                                       0.62       0.62
  symbol_mapper_to_ppdu/u_form_ppdu/reg_data_q_reg[29]/CLK (DFFSSRX1_HVT)
                                                          0.00       0.62 r
  library hold time                                      -0.17       0.46
  data required time                                                 0.46
  --------------------------------------------------------------------------
  data required time                                                 0.46
  data arrival time                                                 -1.08
  --------------------------------------------------------------------------
  slack (MET)                                                        0.63


  Startpoint: symbol_mapper_to_ppdu/u_form_ppdu/reg_data_q_reg[29]
              (rising edge-triggered flip-flop clocked by clk)
  Endpoint: symbol_mapper_to_ppdu/u_form_ppdu/reg_data_q_reg[30]
            (rising edge-triggered flip-flop clocked by clk)
  Path Group: clk
  Path Type: min

  Des/Clust/Port     Wire Load Model       Library
  ------------------------------------------------
  zigbee             140000                saed32hvt_ss0p75vn40c
  form_ppdu_46       8000                  saed32hvt_ss0p75vn40c

  Point                                                   Incr       Path
  --------------------------------------------------------------------------
  clock clk (rise edge)                                   0.00       0.00
  clock network delay (ideal)                             0.00       0.00
  symbol_mapper_to_ppdu/u_form_ppdu/reg_data_q_reg[29]/CLK (DFFSSRX1_HVT)
                                                          0.00 #     0.00 r
  symbol_mapper_to_ppdu/u_form_ppdu/reg_data_q_reg[29]/Q (DFFSSRX1_HVT)
                                                          1.08       1.08 f
  symbol_mapper_to_ppdu/u_form_ppdu/reg_data_q_reg[30]/D (DFFSSRX1_HVT)
                                                          0.00       1.08 f
  data arrival time                                                  1.08

  clock clk (rise edge)                                   0.00       0.00
  clock network delay (ideal)                             0.00       0.00
  clock uncertainty                                       0.62       0.62
  symbol_mapper_to_ppdu/u_form_ppdu/reg_data_q_reg[30]/CLK (DFFSSRX1_HVT)
                                                          0.00       0.62 r
  library hold time                                      -0.17       0.46
  data required time                                                 0.46
  --------------------------------------------------------------------------
  data required time                                                 0.46
  data arrival time                                                 -1.08
  --------------------------------------------------------------------------
  slack (MET)                                                        0.63


  Startpoint: symbol_mapper_to_ppdu/u_form_ppdu/reg_data_q_reg[30]
              (rising edge-triggered flip-flop clocked by clk)
  Endpoint: symbol_mapper_to_ppdu/u_form_ppdu/reg_data_q_reg[31]
            (rising edge-triggered flip-flop clocked by clk)
  Path Group: clk
  Path Type: min

  Des/Clust/Port     Wire Load Model       Library
  ------------------------------------------------
  zigbee             140000                saed32hvt_ss0p75vn40c
  form_ppdu_46       8000                  saed32hvt_ss0p75vn40c

  Point                                                   Incr       Path
  --------------------------------------------------------------------------
  clock clk (rise edge)                                   0.00       0.00
  clock network delay (ideal)                             0.00       0.00
  symbol_mapper_to_ppdu/u_form_ppdu/reg_data_q_reg[30]/CLK (DFFSSRX1_HVT)
                                                          0.00 #     0.00 r
  symbol_mapper_to_ppdu/u_form_ppdu/reg_data_q_reg[30]/Q (DFFSSRX1_HVT)
                                                          1.08       1.08 f
  symbol_mapper_to_ppdu/u_form_ppdu/reg_data_q_reg[31]/D (DFFSSRX1_HVT)
                                                          0.00       1.08 f
  data arrival time                                                  1.08

  clock clk (rise edge)                                   0.00       0.00
  clock network delay (ideal)                             0.00       0.00
  clock uncertainty                                       0.62       0.62
  symbol_mapper_to_ppdu/u_form_ppdu/reg_data_q_reg[31]/CLK (DFFSSRX1_HVT)
                                                          0.00       0.62 r
  library hold time                                      -0.17       0.46
  data required time                                                 0.46
  --------------------------------------------------------------------------
  data required time                                                 0.46
  data arrival time                                                 -1.08
  --------------------------------------------------------------------------
  slack (MET)                                                        0.63


  Startpoint: symbol_mapper_to_ppdu/u_form_ppdu/reg_data_q_reg[31]
              (rising edge-triggered flip-flop clocked by clk)
  Endpoint: symbol_mapper_to_ppdu/u_form_ppdu/reg_data_q_reg[32]
            (rising edge-triggered flip-flop clocked by clk)
  Path Group: clk
  Path Type: min

  Des/Clust/Port     Wire Load Model       Library
  ------------------------------------------------
  zigbee             140000                saed32hvt_ss0p75vn40c
  form_ppdu_46       8000                  saed32hvt_ss0p75vn40c

  Point                                                   Incr       Path
  --------------------------------------------------------------------------
  clock clk (rise edge)                                   0.00       0.00
  clock network delay (ideal)                             0.00       0.00
  symbol_mapper_to_ppdu/u_form_ppdu/reg_data_q_reg[31]/CLK (DFFSSRX1_HVT)
                                                          0.00 #     0.00 r
  symbol_mapper_to_ppdu/u_form_ppdu/reg_data_q_reg[31]/Q (DFFSSRX1_HVT)
                                                          1.08       1.08 f
  symbol_mapper_to_ppdu/u_form_ppdu/reg_data_q_reg[32]/D (DFFSSRX1_HVT)
                                                          0.00       1.08 f
  data arrival time                                                  1.08

  clock clk (rise edge)                                   0.00       0.00
  clock network delay (ideal)                             0.00       0.00
  clock uncertainty                                       0.62       0.62
  symbol_mapper_to_ppdu/u_form_ppdu/reg_data_q_reg[32]/CLK (DFFSSRX1_HVT)
                                                          0.00       0.62 r
  library hold time                                      -0.17       0.46
  data required time                                                 0.46
  --------------------------------------------------------------------------
  data required time                                                 0.46
  data arrival time                                                 -1.08
  --------------------------------------------------------------------------
  slack (MET)                                                        0.63


  Startpoint: symbol_mapper_to_ppdu/u_form_ppdu/reg_data_q_reg[32]
              (rising edge-triggered flip-flop clocked by clk)
  Endpoint: symbol_mapper_to_ppdu/u_form_ppdu/reg_data_q_reg[33]
            (rising edge-triggered flip-flop clocked by clk)
  Path Group: clk
  Path Type: min

  Des/Clust/Port     Wire Load Model       Library
  ------------------------------------------------
  zigbee             140000                saed32hvt_ss0p75vn40c
  form_ppdu_46       8000                  saed32hvt_ss0p75vn40c

  Point                                                   Incr       Path
  --------------------------------------------------------------------------
  clock clk (rise edge)                                   0.00       0.00
  clock network delay (ideal)                             0.00       0.00
  symbol_mapper_to_ppdu/u_form_ppdu/reg_data_q_reg[32]/CLK (DFFSSRX1_HVT)
                                                          0.00 #     0.00 r
  symbol_mapper_to_ppdu/u_form_ppdu/reg_data_q_reg[32]/Q (DFFSSRX1_HVT)
                                                          1.08       1.08 f
  symbol_mapper_to_ppdu/u_form_ppdu/reg_data_q_reg[33]/D (DFFSSRX1_HVT)
                                                          0.00       1.08 f
  data arrival time                                                  1.08

  clock clk (rise edge)                                   0.00       0.00
  clock network delay (ideal)                             0.00       0.00
  clock uncertainty                                       0.62       0.62
  symbol_mapper_to_ppdu/u_form_ppdu/reg_data_q_reg[33]/CLK (DFFSSRX1_HVT)
                                                          0.00       0.62 r
  library hold time                                      -0.17       0.46
  data required time                                                 0.46
  --------------------------------------------------------------------------
  data required time                                                 0.46
  data arrival time                                                 -1.08
  --------------------------------------------------------------------------
  slack (MET)                                                        0.63


  Startpoint: symbol_mapper_to_ppdu/u_form_ppdu/reg_data_q_reg[33]
              (rising edge-triggered flip-flop clocked by clk)
  Endpoint: symbol_mapper_to_ppdu/u_form_ppdu/reg_data_q_reg[34]
            (rising edge-triggered flip-flop clocked by clk)
  Path Group: clk
  Path Type: min

  Des/Clust/Port     Wire Load Model       Library
  ------------------------------------------------
  zigbee             140000                saed32hvt_ss0p75vn40c
  form_ppdu_46       8000                  saed32hvt_ss0p75vn40c

  Point                                                   Incr       Path
  --------------------------------------------------------------------------
  clock clk (rise edge)                                   0.00       0.00
  clock network delay (ideal)                             0.00       0.00
  symbol_mapper_to_ppdu/u_form_ppdu/reg_data_q_reg[33]/CLK (DFFSSRX1_HVT)
                                                          0.00 #     0.00 r
  symbol_mapper_to_ppdu/u_form_ppdu/reg_data_q_reg[33]/Q (DFFSSRX1_HVT)
                                                          1.08       1.08 f
  symbol_mapper_to_ppdu/u_form_ppdu/reg_data_q_reg[34]/D (DFFSSRX1_HVT)
                                                          0.00       1.08 f
  data arrival time                                                  1.08

  clock clk (rise edge)                                   0.00       0.00
  clock network delay (ideal)                             0.00       0.00
  clock uncertainty                                       0.62       0.62
  symbol_mapper_to_ppdu/u_form_ppdu/reg_data_q_reg[34]/CLK (DFFSSRX1_HVT)
                                                          0.00       0.62 r
  library hold time                                      -0.17       0.46
  data required time                                                 0.46
  --------------------------------------------------------------------------
  data required time                                                 0.46
  data arrival time                                                 -1.08
  --------------------------------------------------------------------------
  slack (MET)                                                        0.63


  Startpoint: symbol_mapper_to_ppdu/u_form_ppdu/reg_data_q_reg[34]
              (rising edge-triggered flip-flop clocked by clk)
  Endpoint: symbol_mapper_to_ppdu/u_form_ppdu/reg_data_q_reg[35]
            (rising edge-triggered flip-flop clocked by clk)
  Path Group: clk
  Path Type: min

  Des/Clust/Port     Wire Load Model       Library
  ------------------------------------------------
  zigbee             140000                saed32hvt_ss0p75vn40c
  form_ppdu_46       8000                  saed32hvt_ss0p75vn40c

  Point                                                   Incr       Path
  --------------------------------------------------------------------------
  clock clk (rise edge)                                   0.00       0.00
  clock network delay (ideal)                             0.00       0.00
  symbol_mapper_to_ppdu/u_form_ppdu/reg_data_q_reg[34]/CLK (DFFSSRX1_HVT)
                                                          0.00 #     0.00 r
  symbol_mapper_to_ppdu/u_form_ppdu/reg_data_q_reg[34]/Q (DFFSSRX1_HVT)
                                                          1.08       1.08 f
  symbol_mapper_to_ppdu/u_form_ppdu/reg_data_q_reg[35]/D (DFFSSRX1_HVT)
                                                          0.00       1.08 f
  data arrival time                                                  1.08

  clock clk (rise edge)                                   0.00       0.00
  clock network delay (ideal)                             0.00       0.00
  clock uncertainty                                       0.62       0.62
  symbol_mapper_to_ppdu/u_form_ppdu/reg_data_q_reg[35]/CLK (DFFSSRX1_HVT)
                                                          0.00       0.62 r
  library hold time                                      -0.17       0.46
  data required time                                                 0.46
  --------------------------------------------------------------------------
  data required time                                                 0.46
  data arrival time                                                 -1.08
  --------------------------------------------------------------------------
  slack (MET)                                                        0.63


1
